Sample,Raw_RMSE,FCED_RMSE,SRCG_RMSE,AlphaMean
1,1.385533529610526e-14,1.669322306645498e-13,1.531780672450424e-14,0.47281283227785026
2,4.905629764229035e-14,9.875848776211001e-14,3.5038246142447354e-14,0.48725753343605904
3,3.483632352768097e-14,2.7392673907272284e-13,1.8241396041624123e-14,0.4845497775619151
4,1.1716844507661985e-14,1.7599179127086485e-13,3.4450006862161076e-15,0.47205805955454705
5,1.7606356277115095e-13,5.75816813872338e-13,8.135939153846903e-14,0.514399391663028
6,8.786308421817135e-15,1.1210372502103296e-13,6.30402555688649e-15,0.47476734623196537
7,4.498047402008282e-15,2.5861912750932122e-14,2.3508544363370142e-15,0.47935203137167265
8,2.92621962197633e-12,7.48361674306817e-12,2.6347942108488747e-12,0.5006576992484042
9,2.4076132429402476e-13,1.5986599092287054e-12,1.1182640711903685e-13,0.49254815842432437
10,4.225484056158802e-13,5.491550676539252e-12,4.5024476386957924e-13,0.47219360336021055
11,2.318373809088324e-14,9.287555216443549e-14,1.6523969814642745e-14,0.48535232318099586
12,2.4072679810026307e-14,1.5490575975169408e-13,1.8173929833373855e-14,0.4748159372655209
13,6.8394100630865954e-15,5.0926870782529355e-14,6.274250013653914e-15,0.4758913854195271
14,2.6168014888878583e-14,2.2239189700585504e-13,1.768796206146695e-14,0.49068395675858484
15,9.837488666608239e-12,1.6598961534054058e-11,9.760368968714826e-12,0.509887264156714
16,2.0933092059430497e-14,5.5515230907259095e-14,1.172408839771278e-14,0.47576890008931516
17,7.400778303675551e-14,1.055603800407803e-12,4.9800382573702906e-14,0.4744374756803154
18,5.96312477715738e-14,4.582675026842249e-13,7.240224233643513e-14,0.4754732457251521
19,5.494453061517149e-14,2.3622083684843513e-13,5.286244011019491e-14,0.4982149371964624
20,1.1442032329718855e-14,6.003984801404024e-14,8.82616552790699e-15,0.4788311569864163
21,7.556027181756434e-14,3.2123442228177194e-13,3.774677299328485e-14,0.48175926994590557
22,2.6612543465759802e-12,1.015951770366324e-11,1.3641392577616421e-12,0.4890674622060033
23,6.649884002649451e-14,1.6990172249660369e-13,5.884394045448718e-14,0.47999840486154427
24,2.826058319887015e-14,1.9493525045037188e-13,1.8238587688061643e-14,0.4732948492281139
25,1.0119293639209007e-14,7.291147170865639e-14,5.953198675819572e-15,0.4764649842691142
26,4.2545888657874535e-14,7.766027770048895e-14,4.23168204078322e-14,0.47910176856967157
27,1.538845121830718e-13,4.787158683121688e-13,5.710121900835197e-14,0.48893628250807525
28,8.286743215465116e-15,1.1452201993069744e-13,6.922747196502392e-15,0.4800387329276418
29,2.0204323539327082e-14,7.934873383640308e-14,1.5780517832042443e-14,0.4790553906903369
30,2.0269936633986476e-14,1.0042188594956038e-13,1.2869468619390989e-14,0.47657598385121674
31,1.1967699229118248e-14,1.7048929213251166e-13,7.11102023317481e-15,0.48380819482263177
32,5.4880060398878845e-15,3.447486372052334e-14,3.2682685713145227e-15,0.48130035104404667
33,1.1089039833779602e-13,8.246171657978352e-13,6.615995374234117e-14,0.4899790246388875
34,2.7238019021182776e-14,1.884488516989516e-13,2.377624701405522e-14,0.4799715897883289
35,2.863153132087244e-14,2.054495665409023e-13,1.7583791230295816e-14,0.4902529704733752
36,1.2998858525974393e-14,1.3418582558833352e-13,7.405140137906404e-15,0.4758232330408646
37,1.3159043570781852e-14,1.1659880454182114e-13,4.449027379770847e-15,0.47613665168755687
38,2.222665355300556e-14,2.469706309199298e-13,2.0322487536505983e-14,0.4762591179518495
39,2.5939746727019107e-14,4.434375487821554e-14,2.3316882199250237e-14,0.4851559020637069
40,3.1523270109717696e-14,2.1370904079737142e-13,2.2528313681018202e-14,0.4720851669073454
41,3.5662078871489744e-14,1.3885227328722203e-13,1.3325684116437802e-14,0.48205179668439085
42,1.0760887241311197e-14,1.6306591811489323e-13,8.678324349197475e-15,0.47683042580902113
43,1.842632826929494e-14,3.0565556611379457e-13,1.034931557807247e-14,0.48130273403658064
44,2.839344428813299e-14,1.5982804769193763e-13,2.6160819696488313e-14,0.47722678776772226
45,1.5658629918501874e-14,3.310684374022993e-14,1.1050596056720823e-14,0.48106733965687454
46,2.6155052366274726e-13,2.8997662005934396e-12,2.705614448858856e-13,0.48445218658889644
47,1.0029492919620559e-14,9.099051313781377e-14,1.0065668812573858e-14,0.48082377161772455
48,1.571793605078062e-14,9.392545153807781e-14,6.896851309714939e-15,0.4773414974100888
49,4.862496684819859e-13,3.717359855190677e-11,6.669814416145672e-13,0.4705825747398194
50,1.6432711494320833e-14,6.377138373477395e-14,1.5111105291345657e-14,0.47767629419686275
51,1.7640915328286606e-14,7.40324246662391e-14,1.6625276432109434e-14,0.4788975917268544
52,2.0767984211687875e-12,6.2574718584704965e-12,2.0304363998734162e-12,0.5182827813318
53,2.9400177667995644e-14,1.4008145645320537e-13,2.1405471553278187e-14,0.4790210304083303
54,1.3181654750017544e-12,2.05254946161697e-12,1.2849710376913862e-12,0.5291897267161403
55,8.076165312020688e-14,3.6468485292915276e-13,7.561096085504486e-14,0.49330767783976626
56,6.731553519366943e-15,8.369998308046819e-14,6.425838825083337e-15,0.4767964993225178
57,1.3491137667441244e-14,4.417227787797104e-14,1.374878937600483e-14,0.47685385691002014
58,1.1350853434780517e-14,3.6040595377789947e-14,9.092941853258243e-15,0.47865052322740664
59,3.3132767703284935e-13,2.415022534988277e-12,2.1658468293897586e-13,0.4745076077088015
60,1.474787929010242e-13,1.0878152631626564e-13,1.3691121781098606e-13,0.4935035048867576
61,4.849466360791999e-14,1.3333240787345842e-13,4.331815782032081e-14,0.49500156564463393
62,3.405336902925191e-14,4.40315540874598e-13,1.8448073588688352e-14,0.47622185085492674
63,5.744876983224623e-15,4.0444254614957844e-14,2.3569190558764582e-15,0.4813447890424868
64,7.508848488942984e-14,2.2706746943743628e-13,6.377582322639021e-14,0.48009210665768476
65,1.3399125427620664e-14,1.7108592028310227e-13,9.529691203057415e-15,0.47720232799183576
66,1.227231704596472e-13,1.453204817126228e-13,5.68302997587329e-14,0.5002695064118597
67,4.999040818694681e-14,1.5489975087369373e-13,4.3905372890560543e-14,0.48235260135843416
68,7.710374000148228e-14,5.191845271452394e-13,8.909141041050678e-14,0.48360609129595106
69,1.2365085585356509e-14,3.086451668780661e-14,8.977412104130617e-15,0.48087347072723785
70,4.6423660397400145e-14,6.504815535424185e-13,3.4872298994570394e-14,0.47100100229727104
71,1.6213300913258953e-14,7.287536319974997e-14,1.2966616167386408e-14,0.4788887436123332
72,8.395694977124947e-15,1.2592962692673827e-13,1.0035662842648579e-14,0.47199971372028815
73,3.922670437834498e-15,3.706177667825331e-14,2.1559635086798324e-15,0.47902539728383997
74,5.797063255208798e-15,3.277593303755057e-14,4.196322648783735e-15,0.4797995036933571
75,2.64862693037814e-14,1.6608831134245932e-13,1.6595691867348576e-14,0.4821958404907491
76,6.010892883681525e-14,1.9287968286290243e-13,2.619756746680574e-14,0.5105493639945052
77,2.6365527458215435e-14,3.703462765709396e-14,1.8437629737672108e-14,0.4879945975408191
78,1.945624560462114e-14,1.328883416484038e-13,1.7032587510147776e-14,0.47751574928406626
79,2.4028391749444833e-13,1.2143314539612843e-11,2.87052437876271e-13,0.4733194384345552
80,4.675913882650659e-14,7.420841503297822e-13,3.5528634374268595e-14,0.47270538249867966
81,1.1833672773508374e-14,1.348443162245282e-13,1.1964377365022347e-14,0.47610449614876416
82,2.6330403974675e-14,1.0047866747092591e-13,2.3878657675144385e-14,0.4897545158630237
83,2.927118356976369e-14,1.9468099631214333e-13,2.916403316837682e-14,0.47307519128953573
84,7.008200459670586e-14,5.463130146557442e-13,6.990208068384936e-14,0.47614144293183924
85,4.237379565059089e-14,2.0220059577733555e-13,3.244807251450111e-14,0.4875052801973652
86,5.434769067477582e-14,5.172370390705539e-13,4.269007955102635e-14,0.4771867746138014
87,3.238427595680456e-14,9.478504753177934e-13,3.794426948972983e-14,0.47577658476657236
88,1.0352654411008901e-14,5.3582151451698253e-14,5.7699502576625355e-15,0.47180547087045854
89,2.2945165751465442e-14,1.8384925029724654e-13,2.1860050665782024e-14,0.47570179264002943
90,2.9476680609603355e-14,9.167151089153413e-14,2.8706222355849705e-14,0.48846312196110375
91,1.610683452093728e-14,7.37482864730126e-14,1.3782748454433592e-14,0.4814018915232737
92,2.1088736667551082e-14,1.184501189715701e-13,1.576651233222017e-14,0.4776917392911855
93,2.393328852456946e-14,4.270799934806503e-14,1.161819631994679e-14,0.49310432995844167
94,5.69141154061886e-14,2.556211079910325e-13,3.698000847836449e-14,0.4801428814593237
95,1.7436228493428626e-13,2.984899906118446e-13,1.7685325823575615e-13,0.49613666397926864
96,6.521923774867442e-14,5.996933330583091e-13,7.169816590832102e-14,0.4751708044204861
97,1.665765604833897e-13,3.34499879629867e-13,1.4419892027512606e-13,0.49062962663010695
98,6.307789065499003e-14,3.4768777986194043e-13,7.146172264406983e-14,0.47663031936390327
99,1.089556963054978e-14,9.797453356783648e-14,5.706237209359395e-15,0.47296471520676275
100,7.534351021998854e-14,5.787767486232473e-13,6.68382350146146e-14,0.4858176681911573
101,2.927807088723964e-14,1.7154424871054462e-13,3.1809221898917945e-14,0.4781580033042701
102,1.6241237981449223e-14,3.017615788121256e-14,7.11975168502758e-15,0.4823870027670637
103,1.180992178143617e-13,5.236079958221742e-13,1.1284826031669878e-13,0.48472655662626496
104,1.900966630068422e-14,6.039146044790081e-13,1.6084770381260046e-14,0.47750406682607716
105,8.908179499516095e-15,8.398099991349434e-14,6.0838819340988876e-15,0.4789267493149964
106,1.3420437239286282e-13,3.1875156477893527e-13,1.139576125036821e-13,0.5009676024550572
107,1.0803545283406053e-14,6.516488039687514e-14,4.4029172777669145e-15,0.4790677639073692
108,6.480221645452577e-13,7.564056635861152e-13,6.618507455424222e-13,0.4950462572247488
109,4.975237940425098e-14,1.7457543778641282e-12,4.14198036513876e-14,0.47333224926987894
110,8.73272419677542e-13,2.449031260051955e-12,7.441743745021638e-13,0.5126902971940581
111,8.356231339336528e-14,1.3895245091661404e-13,7.521102141586825e-14,0.491569425581838
112,2.196598116645575e-14,7.570711748137909e-14,1.8690619432626147e-14,0.47699597812024874
113,6.9254215594219245e-15,6.78709644236983e-14,6.326777764065085e-15,0.475556663912721
114,3.915330726972112e-14,6.28859069420689e-13,3.1417793657669304e-14,0.472848482884001
115,3.172981714428892e-14,7.25286529456848e-14,2.1124945201032577e-14,0.4744119683309691
116,1.5612843359500896e-13,3.0717007530519076e-13,1.2313401379127028e-13,0.5226483241072856
117,5.848440034383569e-14,2.8336128190878276e-13,3.5932556204542077e-14,0.48791231065406465
118,1.714210953951024e-14,5.799372120402654e-14,9.930125685089654e-15,0.47982556514034513
119,9.528867095656323e-14,6.125509728634451e-13,3.635503194943806e-14,0.497558294821647
120,2.116096072524088e-12,1.9822568631783186e-11,2.5270222424658548e-12,0.4733759557042504
121,9.548370423630224e-14,2.1537684443185856e-13,8.96296362162529e-14,0.48168766507296823
122,4.1994802744961546e-14,8.434816926658033e-13,2.558266343177377e-14,0.47192195564712164
123,2.581163344651141e-14,1.7322571334521534e-13,1.7729119107545295e-14,0.4791802298917901
124,8.018623029045827e-15,7.736243581494755e-14,5.5632697319195804e-15,0.48000083850056396
125,8.442855737005916e-14,9.934756639341881e-14,6.020834560905982e-14,0.49497382606496104
126,3.3780563818918565e-14,2.0001563863460049e-13,1.9820237729837735e-14,0.4838552793051349
127,1.7583778608755943e-14,1.1560061054316646e-13,1.1581968337382695e-14,0.47949248283111956
128,1.2305614594147161e-14,1.1901527467023507e-13,7.153508991742399e-15,0.47971598061267284
129,3.3057555394102836e-12,5.761962400837896e-12,3.167625815174081e-12,0.5324994986527599
130,3.846497033803392e-14,9.727396073565227e-14,3.878846120024032e-14,0.47602133465115914
131,2.895460083795533e-14,1.7849436111710348e-13,1.8354956959794062e-14,0.49833541037223766
132,3.597551832546873e-14,1.0906467547930895e-12,5.062299245381689e-14,0.4711725910412497
133,1.7947521050513626e-14,7.826052659261115e-14,1.71728610450321e-14,0.4770987704658182
134,6.599033441925712e-15,8.437003994917234e-14,2.0889270994311977e-15,0.47803965569182766
135,5.501226885876594e-15,4.5157996627137895e-14,3.797066726212325e-15,0.4768248510401463
136,6.726553741087395e-15,3.5265143288335875e-14,4.870059853088664e-15,0.4750792262580944
137,5.24481128913101e-15,6.374431986643056e-14,4.249986335952763e-15,0.4762148368638009
138,1.122574993709015e-12,3.361265472190712e-12,1.0264869927215698e-12,0.515620326611679
139,5.2432258494393424e-14,2.932156059996509e-13,3.628525806389223e-14,0.48951112598879265
140,3.666613579649924e-14,1.9160940182366783e-13,1.2279762901836488e-14,0.47926680876698813
141,4.107793012324132e-14,3.251368981646482e-13,3.343688960321759e-14,0.4766234746450209
142,8.87550865121151e-15,8.112296769027827e-14,7.0905940952051464e-15,0.4793157096486539
143,9.807473684289354e-15,9.167500296788888e-14,1.1012446337975876e-14,0.4719166226743255
144,1.6477872810970986e-14,1.8897587222766342e-13,1.6367593064487468e-14,0.47561620915948877
145,2.5212333968091536e-14,2.0743385094149298e-13,2.4987640678819184e-14,0.47285091603989715
146,3.6995782484192407e-14,8.795998437860238e-14,2.230591388841513e-14,0.49998378175660035
147,1.6010696298583376e-14,2.106752854339264e-13,1.0198232095538278e-14,0.47229218945140017
148,5.924541006586517e-14,7.579490241006925e-13,6.656763465698963e-14,0.47236300783988555
149,1.2955607895062884e-14,1.1703737447031162e-12,1.599043586870624e-14,0.47229383725498336
150,1.6979353451767192e-14,6.001893770944359e-14,8.66229352506696e-15,0.48270872539433185
151,4.959165067509822e-14,1.478391943930828e-13,4.2756374496782203e-14,0.49141312861174813
152,3.7568970584845503e-13,3.9703354356233926e-12,3.005289832095337e-13,0.47350556631281504
153,1.535040758588786e-14,1.1513724169444618e-13,1.6762444088771475e-14,0.47650802220159677
154,7.83951102091893e-14,2.587756246990461e-12,7.142138330224135e-14,0.4717090335470857
155,1.596879185662874e-14,2.2116725341543855e-13,1.5272529484046203e-14,0.4831966689089313
156,7.1119813887546e-14,1.7926078735355057e-13,6.315458697475866e-14,0.47241670673829506
157,3.552125911640444e-14,1.7832647541881218e-13,2.2968091084894597e-14,0.49186576149077155
158,4.09998223057188e-14,1.6988912849562813e-13,2.513861598618415e-14,0.4800797233416233
159,2.0160431495919315e-14,1.1095963785921716e-13,1.1676711014024974e-14,0.4848841055005323
160,4.048050282997711e-14,5.803985727737504e-13,3.877786764427838e-14,0.4790027987532085
161,5.4701315807427636e-14,2.5866505904647563e-13,2.6355880302832428e-14,0.488682541513117
162,7.267647031361382e-15,2.9999196653122516e-14,6.148650586898809e-15,0.4790229954698589
163,3.2299623167999314e-13,3.850985847488648e-11,5.350017921881228e-13,0.4755045332072768
164,1.7762234267216765e-14,1.6149481936819574e-13,1.2223389398714836e-14,0.4800547434919281
165,1.4951791650099765e-14,2.1222221198693635e-13,9.761581956076815e-15,0.477942183156847
166,8.11014724913978e-15,4.383451122553769e-14,4.08901136070391e-15,0.4769051610812312
167,8.481121242815055e-15,5.215195663301293e-14,4.549309183427127e-15,0.4746128638071241
168,5.1525861628747053e-14,1.3659659122182994e-13,3.9846467580209916e-14,0.5037348032696173
169,2.8162693671919484e-14,9.676247141130428e-13,4.0830002479461196e-14,0.49282375640177634
170,1.2663171879903805e-14,7.529185608355477e-14,1.0218433074430168e-14,0.4793044991558418
171,5.758262997643703e-14,2.7420514012648315e-12,4.63063060727159e-14,0.4721788597118575
172,3.266579998191932e-14,1.3061321137971538e-13,2.171550896499473e-14,0.48330164163780864
173,2.765330530509776e-14,8.298432701675119e-14,2.3135840974950007e-14,0.4796542906726245
174,7.0201345398067385e-15,3.365684737430179e-14,5.314967473560329e-15,0.47769736585323697
175,2.9157170450318515e-13,5.510008510204725e-12,3.418478877087026e-13,0.4822280824475456
176,1.482766669078373e-13,3.4599372827080684e-13,1.1918654657209887e-13,0.5351985981455073
177,7.609067284074308e-15,7.139459415068853e-14,7.823295772696729e-15,0.4791718530788785
178,7.565962439213555e-13,1.386741892499988e-12,7.485946413195903e-13,0.5339664826809895
179,3.5041208846729133e-14,1.7181018555790388e-13,3.2307511337504486e-14,0.4759199996100506
180,5.856560462743037e-15,5.1055739718597155e-14,4.349888988707042e-15,0.4779749380744761
181,3.703570090283367e-14,2.829444867113201e-13,2.906091482034581e-14,0.4774816572229611
182,6.287211003052325e-15,3.157962239804342e-14,4.440291803575535e-15,0.4785873258573702
183,8.110032657236205e-15,5.222305483052e-14,5.0992870887560734e-15,0.4738487732829526
184,3.286888639553503e-14,2.4194780199042833e-13,3.386006390984311e-14,0.49141791232977994
185,2.3640732943207462e-14,2.2673240288139608e-13,3.289985037515859e-14,0.4738281393685611
186,1.459628366185898e-14,7.266935598000736e-14,1.1606240182316495e-14,0.4837283083266811
187,5.632938546614958e-12,1.4294999634560733e-11,6.28722853130906e-12,0.5348071073996834
188,1.5601768458620953e-14,8.844329818452632e-14,1.2937256819145329e-14,0.47799404106335713
189,1.1300114473550937e-13,5.033705910691704e-13,5.556728939889974e-14,0.49843856985971796
190,3.711678208005201e-14,5.64491650937865e-13,5.1177073789124965e-14,0.47585904587467664
191,3.413145482442736e-14,1.225061585875779e-13,1.6180619567253752e-14,0.4955487769591855
192,1.5628151526260426e-14,1.5800299329079553e-13,1.3747405327940475e-14,0.47245129579969214
193,4.719030625969751e-15,3.0758127027292356e-14,4.005053754011864e-15,0.4814257552701747
194,1.898780494587546e-14,4.1585227802272853e-13,1.6802812423205413e-14,0.47096806516929063
195,4.501465665920088e-15,2.7164326746316234e-14,4.4276363655292935e-15,0.47914872274559456
196,6.971065718201654e-14,4.769299532263275e-13,5.006716742299808e-14,0.4960989281476941
197,8.403606605155195e-15,7.308619497751152e-14,8.716424393226747e-15,0.47240515033045083
198,4.242920569230226e-13,1.2138044773941877e-11,2.2637122025275556e-13,0.4729882223633467
199,1.4052921229891396e-14,5.065984737740152e-14,1.1786221591823228e-14,0.47480068902950734
200,2.1980503630507194e-15,6.14562084574525e-14,1.6220189601220934e-15,0.47716926533612425
201,1.5862579842827067e-14,4.1174590121096255e-14,1.0884170674524652e-14,0.4850457871769322
202,7.663146960775679e-12,2.0610025825796904e-10,6.207841906735673e-12,0.4780357494862983
203,4.7317135225486384e-14,4.672870480637818e-13,3.4557777799767856e-14,0.4710386454302352
204,2.7288752627997898e-14,9.197568676581969e-14,1.9804566200160517e-14,0.4782360719313147
205,8.092633350378886e-15,9.164379192496033e-14,5.400260421190048e-15,0.47932819173438473
206,1.8223653829750746e-14,2.415036957293175e-13,1.4094766024037455e-14,0.47785461507446597
207,2.1244692309822436e-13,2.0380756951781276e-12,2.1662639007950356e-13,0.48727473702165297
208,5.8735094304802e-14,1.1741319813846735e-13,3.9063740316372655e-14,0.4972196560847806
209,6.720738469551045e-14,3.0944073804029516e-13,5.5877838561452604e-14,0.4950611937762005
210,2.7992927246500007e-12,4.4319935883445454e-11,1.6922687770672838e-12,0.4897983466653386
211,8.579490616945187e-15,6.964961305319389e-14,4.594742574631971e-15,0.4740805832087062
212,1.4679551510165415e-13,1.4528263588449677e-12,1.2335252642277321e-13,0.5093319219246041
213,3.951100434377002e-13,4.095065046264264e-12,4.977312174869898e-13,0.479521858037333
214,1.102603667333859e-14,1.92951631755688e-14,8.930508048900908e-15,0.48002267320407555
215,1.045533865895639e-12,3.3158489905086284e-11,9.55507997050789e-13,0.47565684402070474
216,3.234833022035361e-14,4.2135874393251756e-11,5.123441752862619e-13,0.4767367467837175
217,4.7675565808603376e-14,3.8619511214006487e-13,3.5257063478969834e-14,0.4873186765034916
218,7.86964684707277e-14,1.8157306225578316e-11,2.03457610655579e-13,0.47762315782892983
219,6.026198644823466e-14,2.1211136145223696e-13,5.717754828674197e-14,0.4888902424572734
220,9.132797215553052e-15,2.902908646755198e-14,9.136638758401708e-15,0.4740769030933734
221,4.1821717463989865e-14,4.4228732293747815e-13,3.9418714507672346e-14,0.48485992863716093
222,2.536036109667967e-13,5.472405417026713e-13,2.2519710202988442e-13,0.5118124275584706
223,3.599339664279367e-14,9.752999350486329e-14,3.0524514355112123e-14,0.49375147751707116
224,2.228474347640984e-12,3.9399225308703875e-11,2.2428983384873926e-12,0.4835066326893866
225,1.3935422369240389e-14,7.088084907965375e-14,1.1614971728779419e-14,0.47839010133757254
226,7.044840934902763e-14,1.8185196888481063e-13,4.9482454085194126e-14,0.4860935214353958
227,1.6784163755667797e-14,1.4043999750349445e-13,1.0451441486116089e-14,0.4795956049900269
228,5.538931982485764e-13,8.089749508441148e-12,4.109161469871679e-13,0.47241831960709535
229,3.424181390753105e-14,2.990013271850496e-13,1.58623608122582e-14,0.4791880877746735
230,5.396469971348548e-15,2.0437655665109066e-14,4.698523507122444e-15,0.47946890073653775
231,9.850193225886435e-15,4.8785809526174455e-14,5.273571186552191e-15,0.4805701162549667
232,1.1914122895908602e-14,1.7960527153202973e-13,7.335540338725201e-15,0.47218049823422914
233,1.1142329615771634e-13,2.0660105368963455e-13,9.085541828726589e-14,0.4585104124606005
234,1.0392033461248643e-13,5.386549109124806e-13,8.27510474104233e-14,0.4812790609779768
235,4.329010315711796e-14,3.211186710820845e-13,2.731983016864849e-14,0.4780817945807939
236,3.2684301578063837e-14,1.2169145424591075e-13,2.755734988734809e-14,0.48212551868928133
237,2.3504940161035086e-13,7.110056620197314e-13,1.7010415552077857e-13,0.4998080913443118
238,3.742026230273017e-14,5.404975568809136e-14,3.401034213662405e-14,0.48373865277389994
239,1.2372338121445908e-14,2.0680157718205736e-13,9.790165097419583e-15,0.4753329180239234
240,1.3262530515512045e-14,4.244137064761461e-14,6.663506366399397e-15,0.4793457057792693
241,3.9769236773126856e-14,1.6068227946055215e-13,3.3281272132530856e-14,0.4778132251725765
242,1.3390457662406647e-13,1.496103370187369e-12,1.6839691673165225e-13,0.47116368272399994
243,2.4975768735306514e-14,5.215062135101433e-14,2.4294251785206013e-14,0.4804803059174446
244,1.4351984902807303e-14,4.756455171897043e-14,8.191621518196968e-15,0.48367172437137923
245,7.928796794271582e-14,1.414085738792336e-13,7.843884988808388e-14,0.4936767433391651
246,5.275289030141656e-14,2.5762516250605595e-13,3.5389937918775006e-14,0.49280327137967106
247,1.587310551522731e-14,2.9518991843256013e-13,1.878736954125439e-14,0.4780185362265911
248,5.323137895084721e-15,6.905825063227773e-14,3.440684067935508e-15,0.4797599430574337
249,1.5318819509781253e-14,1.8113548775990906e-13,8.476901105678189e-15,0.47395110602956264
250,4.74890379421103e-15,7.242177414760082e-14,2.918237954698783e-15,0.4768083608534653
251,1.8479755665896557e-13,4.713219555547345e-12,1.6617946063329062e-13,0.4725503211317118
252,5.945540839452287e-15,8.845000051048952e-14,4.7947545240686425e-15,0.47744056677329355
253,4.216301615667846e-15,2.385980967457693e-14,2.4071690363785547e-15,0.47898017545812765
254,2.4071754673710956e-14,9.040984507469447e-14,1.8725962104694e-14,0.4812986427830765
255,4.152812536971435e-14,1.7152635015042887e-13,3.4604097531025675e-14,0.4722384326159954
256,8.86985418062587e-15,6.725235917649245e-14,3.9013454343016374e-15,0.4776610751956468
257,1.1667002186149227e-14,2.8446104563295643e-13,5.5170930978721086e-15,0.4710437939531403
258,2.98214181015622e-14,8.248492035578682e-14,2.354975342884803e-14,0.48138763231690973
259,1.9409913321042744e-12,2.5211703623930046e-12,1.7510652204349267e-12,0.49653589555236977
260,3.5523572999288426e-14,1.8800510543996052e-13,3.1230727816302074e-14,0.49340603420278056
261,2.0737463523693605e-14,1.2040827668937989e-13,1.116541943043828e-14,0.4744578137411736
262,1.216234124428019e-13,2.4542642256934093e-13,6.789420403432549e-14,0.5220503520686179
263,2.448198467753903e-14,2.2027567922204814e-13,1.5449382428908752e-14,0.4807721257733647
264,1.851936755139585e-14,1.3511930148543968e-13,8.927017164212797e-15,0.47724380589206705
265,3.475025209839068e-14,1.843982619232468e-13,2.177572640885655e-14,0.4903757319378201
266,1.0272986910918808e-13,1.6062075151632665e-13,6.0699100498359e-14,0.48398365823086353
267,1.2351616507919556e-14,3.8825996981650564e-14,1.100178562010245e-14,0.4802670588047476
268,3.494346981703293e-14,2.2373329302895635e-13,3.5469488378636343e-14,0.4742387257545488
269,1.7421370155997265e-14,6.036247008260048e-14,1.5515757610649038e-14,0.47788933925912713
270,2.5373250106447106e-14,1.739444706900281e-13,2.500825827346864e-14,0.47763092815002894
271,1.5025752217084532e-14,4.6263744254358144e-14,1.3878677664526037e-14,0.4830592920014169
272,1.4327335235314905e-14,1.03994717441933e-13,1.3943952106478441e-14,0.4779636461287737
273,2.2965344705233667e-14,2.3747120349465164e-14,1.1214183213912362e-14,0.4828704971034313
274,2.1992624277178958e-14,1.429818352510352e-13,2.017194386634039e-14,0.48037355594860853
275,1.6325092896617712e-13,1.1400769954405785e-12,8.282231162592073e-14,0.47920675493369347
276,1.0525686470534249e-14,4.9924616526039834e-14,8.18238757044864e-15,0.4790626171277836
277,1.7411415005843382e-14,1.4452683358481616e-13,1.3212330031459501e-14,0.4824162001139484
278,5.7826519833487325e-15,3.0711722700105415e-14,3.201149919735299e-15,0.47918441112560684
279,6.73287392110682e-14,2.8579365324069886e-12,8.995628078375236e-14,0.47144303961831613
280,1.0100092904320171e-14,5.579847728248292e-14,6.944198405569387e-15,0.48098279660043775
281,2.8965404514035715e-14,1.057846427658507e-13,2.6902853079544513e-14,0.4844682851951802
282,4.077849014131002e-14,9.53428553131775e-14,3.460604110765207e-14,0.4744607536995318
283,1.48305621019494e-13,7.632443031277892e-13,1.451890165190258e-13,0.492479653985356
284,1.9752751484864408e-14,1.2845137124451291e-13,1.0527484028026622e-14,0.48040051047864835
285,2.6067395318689173e-13,8.046200965602445e-13,2.8076002804317993e-13,0.5197137618320994
286,9.974902713070246e-14,2.1258897930065513e-12,1.230165130642937e-13,0.47389707522670504
287,1.1354421876418998e-14,6.62215122074717e-14,6.914366447956014e-15,0.4778048449952621
288,2.676037432829543e-14,2.1743439736625206e-13,2.9402831918951624e-14,0.47198843255609974
289,2.4768140229525077e-13,6.327533247369109e-13,1.228803996310894e-13,0.5232509267225396
290,4.588702711710352e-13,8.982687219896045e-13,2.8091721472638644e-13,0.5205033072386869
291,6.19306751246717e-14,5.919988439464706e-13,3.233878841038747e-14,0.47770767217152754
292,5.6461862840596706e-14,5.382865663729541e-13,8.178970223531739e-14,0.4737132403766736
293,1.041439656030681e-14,4.763574048175767e-14,1.0435675911733233e-14,0.473379094779375
294,2.1137869337034745e-14,2.4641312980511617e-14,2.0396853316625447e-14,0.4870826817175839
295,1.6793885192613575e-14,6.44780504446055e-14,1.0876498806072528e-14,0.48171784000005574
296,2.886792788932457e-14,7.951515723397541e-13,1.1984622254603487e-14,0.47061462089186534
297,5.3121822120039745e-14,8.443192233440571e-13,5.607115891633128e-14,0.47135814549110366
298,2.4357472121222236e-14,2.21539821702842e-13,1.553335936286159e-14,0.470370079940767
299,1.3652397090545877e-14,1.7340648692625983e-13,1.3709689949382912e-14,0.47663971421425233
300,1.655870209711758e-13,2.0706627293949672e-13,1.560608555253243e-13,0.48792861914262176
301,5.3700461679841584e-14,9.63060976360069e-14,5.1525095479700096e-14,0.4839061649516225
302,1.6053970057280172e-14,6.968474897000607e-14,1.6050010753780854e-14,0.4821173077216372
303,3.077778634698566e-14,1.2331967044326798e-13,3.0438648821608066e-14,0.48581627614621536
304,2.7063681103522807e-14,2.4681657205135764e-13,1.599788006255732e-14,0.4722800950141391
305,5.053993177397503e-14,9.390131130760174e-13,3.892467812373843e-14,0.4735264083632501
306,8.167345987595996e-14,3.2325214064797485e-13,7.304809879733488e-14,0.4935107943456387
307,1.3214294218960278e-14,1.0425840775010684e-13,1.1489808398787718e-14,0.4792751288303407
308,1.211118976951611e-14,1.3478249492695736e-13,1.1107597734622628e-14,0.47899165844428354
309,1.9061783583819592e-14,9.602259912834875e-14,1.5641752921998734e-14,0.4738994323735824
310,2.4984652587059626e-14,1.8023597955137325e-13,2.78821599154173e-14,0.4734376832842827
311,8.877077773535851e-15,4.218061530487405e-14,5.791638454923932e-15,0.47600911106856075
312,8.868114079842104e-14,5.539876917564051e-13,5.114952396073954e-14,0.48778630140586754
313,1.0418889020870162e-13,1.5234806741265935e-12,1.152264277205913e-13,0.47311836254084483
314,6.920617421637171e-14,1.4639365548232756e-13,5.49212526003852e-14,0.48673779821547214
315,3.11676463657433e-13,1.7527329342861012e-12,1.449132161650011e-13,0.479336716371472
316,2.9458497131012814e-14,8.004027183716295e-14,2.6390493850430175e-14,0.4818936990079237
317,8.20107105983635e-15,3.474647461136217e-14,6.6546837839214295e-15,0.4727109510102309
318,5.399255484204451e-15,2.4072263238958247e-14,4.28236701190451e-15,0.47873020106053443
319,2.148452232180593e-14,4.2718923896203313e-13,2.8073339333284842e-14,0.471061191210174
320,8.711261525037724e-14,1.4623139427614916e-12,5.864580839216846e-14,0.4771879760024603
321,4.74765696026242e-15,9.379742815285445e-14,3.767270527344407e-15,0.47727455177519007
322,1.0524059957823793e-13,1.7699189709657706e-13,9.104220942016752e-14,0.4879325675457949
323,3.2307545608431166e-14,2.2283976829480634e-12,3.280701137445363e-14,0.4706218390536378
324,9.095390275338594e-15,5.75705423149818e-14,2.868579680517559e-15,0.4791527201945428
325,8.88715986592563e-15,8.346533499537275e-14,6.513380288186452e-15,0.47213515680487034
326,1.540560469548144e-13,2.395126287032571e-13,1.260580808426924e-13,0.48326162894954905
327,4.732847192406975e-14,1.360436880233395e-13,3.2516987675434095e-14,0.48081406427372714
328,2.2966883834797978e-14,8.715603370057195e-14,2.3035255293846602e-14,0.4784320107457461
329,9.421376885980344e-15,1.2054722936103966e-13,8.693744238942604e-15,0.47452811314142307
330,1.2813685914515022e-14,6.551478953246063e-14,1.1814945314766324e-14,0.48288274156220723
331,1.126425089621157e-14,9.252623306372579e-14,7.915815756117959e-15,0.4827394071908202
332,8.163056387396012e-14,2.1700480334380864e-13,6.493166061885729e-14,0.4819732765696244
333,6.763482532446531e-14,5.529642399550252e-13,3.8513795445802144e-14,0.4865543704829179
334,1.9057041180847043e-14,9.431922665274454e-14,1.7555150740641706e-14,0.4775605419825297
335,2.2261007139493403e-14,1.9115056149491774e-13,1.453307928289815e-14,0.4729201435780851
336,2.60985190417585e-14,1.663278911441927e-13,1.748753688050191e-14,0.4809124154766323
337,3.4438489975546092e-15,2.0525697869285824e-14,1.9887191873556876e-15,0.4791982779890532
338,3.986172179118836e-14,7.313891070259788e-13,2.977822189465108e-14,0.4782508223637706
339,1.1547755864614548e-14,9.631713828991279e-14,6.989025003038027e-15,0.4779921983805252
340,1.0373413041040399e-14,2.9152126223839196e-14,9.489461845951706e-15,0.47940413492906375
341,5.686981969519393e-15,2.104449299766365e-14,2.6481650418376403e-15,0.47942535718320867
342,1.4846571116966852e-14,7.455741044504959e-14,1.2445859073631432e-14,0.4793628213519696
343,1.8612638351877008e-14,4.207640177807888e-14,1.8141254040411114e-14,0.4798503347643418
344,1.6584617027937543e-14,2.2017752825610673e-13,9.735454607473295e-15,0.4800797415256966
345,8.84076587067121e-14,2.6683252147655696e-12,5.866600269380441e-14,0.47146493454347366
346,2.7534541091789438e-14,5.897513744350095e-14,2.3881661588133975e-14,0.482932007763884
347,5.591047080941961e-14,3.237759997802593e-13,2.92690431543714e-14,0.47959164683707056
348,4.7478321273977144e-14,1.0726220512775268e-13,2.6277197619700065e-14,0.5028657840623054
349,1.5487348002883657e-13,6.337504403898435e-13,1.2887332406181198e-13,0.48351643345085904
350,6.814927833400381e-15,8.008368220116412e-14,3.1680996388703985e-15,0.47813249002792874
351,2.6654809818651007e-14,1.2276588271438596e-13,2.0693477530167082e-14,0.4826937235222431
352,2.846597173734106e-14,1.299628495931126e-13,1.6313682324537192e-14,0.4860074403870385
353,6.199645498726217e-14,2.294746164821364e-13,5.2826191199760507e-14,0.5013757602544502
354,1.2095316173078072e-14,1.0784384130845334e-13,9.249275238950829e-15,0.4762040027329931
355,1.9347832130787133e-14,8.963517302934296e-14,1.8231375611765507e-14,0.4808074921282241
356,1.1648929126860741e-13,9.85334895402598e-13,7.772346915709212e-14,0.4723187861673068
357,1.0360609552599698e-13,2.3311570550769957e-13,8.929009506908706e-14,0.4832949078263482
358,6.9341718340492e-14,4.0200489567538607e-13,7.375860137097296e-14,0.4796526440884918
359,8.033253715311136e-15,8.775064638303717e-14,8.873295312253175e-15,0.4731131216743961
360,5.8493650151577406e-15,6.772428866670457e-14,4.84328649654844e-15,0.4774902906618081
361,1.5538303202175974e-14,1.2312847046825535e-13,9.690823122315139e-15,0.47938277208595537
362,1.2746455078729374e-14,3.0467217727264517e-14,6.4995248604628644e-15,0.4738054592657136
363,1.6970369660890403e-13,3.8949817406611154e-13,7.648928906697493e-14,0.48836829970823603
364,1.251442230882821e-14,2.1139196747572917e-13,1.2199077566848537e-14,0.47146639272687024
365,2.7862619215920105e-15,3.1738171620264316e-14,1.2448665228216772e-15,0.48027017977728975
366,1.0647128037629364e-14,5.51786195277563e-14,7.369973089826464e-15,0.4765586198074743
367,3.8665945330676303e-14,3.0157312119450337e-13,3.054446270072495e-14,0.48865432280290405
368,1.110064435452859e-14,3.4095389348699856e-14,8.28106442976522e-15,0.48193110286665614
369,3.422691818217366e-14,5.621011982448046e-13,2.298957232477028e-14,0.4799709301732946
370,1.2913881110730476e-13,5.247023431165798e-13,9.012264365541084e-14,0.4868174122471828
371,5.699890694890384e-13,6.988625087487061e-12,2.8457565648869603e-13,0.47421972028678283
372,4.371091496888421e-13,1.6311063123156793e-12,3.4347277722065126e-13,0.49361770575924313
373,4.193021332737247e-13,1.8156473388817428e-11,6.873895028468548e-13,0.47070818512875123
374,5.0205408139729274e-14,2.684715906872556e-13,3.694898187345078e-14,0.4828834214393282
375,4.3464933802809206e-13,1.3116767087012775e-12,2.7263305548991297e-13,0.5188909044780303
376,1.1912576522896108e-13,7.372624987021568e-13,1.0091039272646631e-13,0.5016794605820906
377,2.1023442061525963e-14,4.4335686915928977e-14,1.893772737802061e-14,0.4800505839084508
378,1.5665118474150107e-14,7.199929969721471e-14,1.7369091277934376e-14,0.48125989688560367
379,1.772190545379152e-14,6.150065825728649e-14,1.4161971829346922e-14,0.4824807496624999
380,1.2501829386585454e-14,1.6433994644230477e-13,7.316478254220775e-15,0.4719060898874886
381,9.629562170585565e-14,1.7104643927557845e-13,1.0213571547580071e-13,0.5024521753948648
382,1.3302814175918693e-13,1.5894138321464543e-12,1.2518376554709862e-13,0.4670813953140168
383,1.068935571884823e-14,3.4312151372265826e-14,1.0735492926095243e-14,0.47896323568711524
384,4.969215617814588e-15,8.147847167853704e-14,5.469373865953607e-15,0.47933054895547683
385,5.022257498136235e-13,6.499820700211602e-12,2.2858012843854103e-13,0.4747577485628426
386,1.779737503496614e-14,1.7941067242125296e-13,1.398408427315945e-14,0.47418366037891246
387,3.158539432012966e-14,1.2381480904532125e-13,2.553329931723079e-14,0.49655626392923297
388,3.9204270232699024e-14,1.641733294813007e-13,3.069194959299054e-14,0.48214146846439687
389,1.3633385376586726e-14,1.0903372344716783e-13,9.577070492330201e-15,0.48399476834456434
390,1.3037503490711865e-14,4.5867710271722615e-14,8.209737026091318e-15,0.4790632824820932
391,2.6958313162495947e-14,1.2193366709987948e-13,2.2795156280953584e-14,0.4808428175165318
392,3.783776476274107e-14,8.669494179476903e-13,2.7906219433585583e-14,0.47926539129402956
393,6.707989886767262e-14,2.58731836402813e-13,4.3444408065721205e-14,0.49260463782702574
394,8.406537752903386e-15,3.8961304900779515e-14,5.921986378899192e-15,0.4804814953909954
395,3.761169440723949e-14,3.129909203791853e-13,2.7507526796922522e-14,0.48037494316813534
396,5.585436822581584e-13,2.360762847768412e-11,9.781391682486613e-13,0.47041290625347754
397,1.9490708015155627e-14,4.149898095494494e-14,1.5868237561953398e-14,0.48206979178648907
398,2.8416871946180695e-14,1.6360063869408044e-12,3.656925335500462e-14,0.4701775205438025
399,4.315735747076249e-14,2.2723418602005635e-13,3.192728930765302e-14,0.4815252780652372
400,2.628248783458598e-13,9.181881736447473e-13,1.5907107758156477e-13,0.487943430384621
401,2.602080945590721e-14,7.801914645113075e-14,1.724120476878174e-14,0.48034291400108486
402,1.5657082202221443e-14,5.685276940252153e-14,1.5558714963599537e-14,0.4760728915513027
403,4.3634969755415757e-13,8.947532064619983e-13,5.178285466879722e-13,0.4852201959205559
404,1.0046146321470951e-13,1.178700270442902e-13,9.576800381479454e-14,0.4950302801211365
405,3.0063681830723627e-14,1.35652583827172e-13,1.981087849127555e-14,0.48233247739844953
406,2.865879179333965e-13,1.072486313725575e-12,2.9443503524164695e-13,0.4976017969456734
407,1.9333051892602855e-14,1.0982413128057849e-13,1.8607520291938167e-14,0.478997528704349
408,5.099380977372445e-15,6.828858202357934e-14,4.3647320758224276e-15,0.4785114902071655
409,4.2394259488257436e-14,1.2505171574792585e-13,2.6286191107968002e-14,0.49063808207865806
410,7.192780661617515e-15,1.4910160649960729e-13,4.294320519966153e-15,0.47913135116104966
411,3.0445036050422515e-14,1.554511869182999e-13,1.3932451336128253e-14,0.4867095582099864
412,5.878269539955784e-14,1.1894173181454433e-12,4.1243368861626024e-14,0.47312327132531207
413,7.141054996885847e-14,2.521575058077948e-13,4.744754571730008e-14,0.5063778658339289
414,5.305318208647908e-15,8.137056596762212e-14,5.684607359674972e-15,0.47201421533100074
415,2.8011998248499628e-14,2.3330210160167064e-13,2.337980131734283e-14,0.4749166315537877
416,2.430908950508987e-13,5.955086464100068e-13,2.0669184703145182e-13,0.5047742133610882
417,1.7044041721426633e-14,9.061906763091218e-14,1.0031078117906539e-14,0.4829982679657405
418,1.393112303567346e-12,8.201492641827635e-12,1.1593611973796353e-12,0.4840733228047611
419,9.634084999210985e-14,6.481775512908453e-13,6.020670103198911e-14,0.48549373043351807
420,2.6688147977565083e-14,8.867176377836567e-14,2.2691288890863726e-14,0.47178514931874815
421,2.6505612687611107e-14,1.330320571098341e-13,1.8555774477764377e-14,0.48755348079139366
422,1.424524467088615e-13,6.991296521951013e-13,1.5416554607536219e-13,0.4746998361617443
423,5.5474875657360405e-15,3.9063758551632917e-14,3.021553490926978e-15,0.4801113697292749
424,7.368071931623008e-15,4.0815849463064027e-14,7.310842961045246e-15,0.48040688724722713
425,1.0646915129216887e-13,1.4654844809273295e-13,8.382020139036674e-14,0.4726308655532193
426,1.7617611771352995e-14,3.262716949902485e-12,3.856320598918906e-14,0.4737001872679684
427,3.660792615191228e-15,3.38555750231008e-14,1.9017533605252283e-15,0.4785573072906118
428,3.148996833828773e-15,5.705234877881051e-14,2.386051111175104e-15,0.47823859459604134
429,4.0538083200130693e-14,8.487786287232559e-14,2.391930586482685e-14,0.49894588634779213
430,1.7068998302452588e-14,1.0360636434216436e-13,1.0772402514176391e-14,0.4826130911329528
431,8.109321684150197e-13,2.5643798806605887e-11,1.1051829975301621e-12,0.47017652224894846
432,1.6947873534193527e-14,9.65114075355373e-14,1.506012889393979e-14,0.478173846390564
433,4.4849505272622743e-14,1.3235787671549446e-12,5.800407097949197e-14,0.47117118321184537
434,3.254817369675322e-14,5.516634178700467e-13,2.3764743619751218e-14,0.48185374565655364
435,2.312213854021973e-12,2.3811867590930706e-11,2.515827038388548e-12,0.48327947496145496
436,6.344613725315394e-14,3.1046648770764953e-13,3.3335986688370814e-14,0.4829009730368853
437,2.907096089480812e-13,3.259600487957496e-12,1.9336129711845301e-13,0.4732671960548032
438,3.068660590522468e-13,2.0471578523208298e-13,2.493115212996324e-13,0.5303481752693188
439,3.22109255194013e-14,2.0406053759874791e-13,3.005801248819429e-14,0.4731339812773513
440,5.34291855189948e-14,2.0598101236956774e-13,2.8487288170507605e-14,0.49613992649537975
441,9.239674445562803e-15,1.1662591921764248e-14,7.973653928889648e-15,0.48471203259250617
442,4.060354695846712e-14,1.3472602059298518e-13,3.1851752559796914e-14,0.477117602067301
443,1.9554693215956375e-14,3.4242859036962973e-13,1.677745428529112e-14,0.47720070187642705
444,2.2525187495175133e-14,5.778618219837058e-14,1.597447443242497e-14,0.482454303157283
445,5.29614023889256e-14,1.9218336825078665e-13,4.2365504616896935e-14,0.47199698505282867
446,2.0893476903718862e-14,6.948757623364004e-14,1.7060529844643375e-14,0.4788812405138742
447,1.2668483145568068e-12,2.2197101706328755e-12,1.1101035040848524e-12,0.5073035146167968
448,2.09096030518558e-14,9.833347938266897e-14,1.473099735670535e-14,0.4805778964975616
449,1.3131391076307617e-13,1.1244922147323513e-12,7.176245888123935e-14,0.48413311786425767
450,8.972880716060972e-15,3.1317001831620476e-14,8.390979288317352e-15,0.4752821738104103
451,4.684614853652631e-15,3.664940016168183e-14,2.7735281717543567e-15,0.47905842315522024
452,5.482102781422121e-15,6.888537132142166e-14,6.223734053463819e-15,0.47263727644167375
453,1.853469798576818e-14,5.361361611860626e-14,1.1670270504740578e-14,0.4743899135151878
454,2.768842282102812e-14,1.154333484476066e-13,2.2444997623044593e-14,0.47977767245611175
455,7.581571659247383e-15,9.860628930712676e-14,3.147448807190494e-15,0.4776175418315688
456,1.6604114030833406e-14,7.961388054805076e-14,8.569748869855575e-15,0.4823958548717201
457,1.43536558121203e-14,1.1089439088649077e-13,1.0970545987092315e-14,0.47849676858459134
458,2.668104643298854e-14,4.789357853651016e-14,2.265878375933868e-14,0.4800869078084361
459,5.865340251580776e-14,1.4717413773665035e-12,3.2084116476863676e-14,0.47298974721925335
460,7.041876545567355e-14,2.372325290165867e-13,6.065741853829499e-14,0.48746275876183065
461,1.3208915693238418e-14,4.0340647914444846e-14,1.2368443739165902e-14,0.48041446538409216
462,2.8562355079057165e-14,3.140794131361565e-14,2.3441356929916415e-14,0.49178093404334505
463,2.3001709469565918e-14,1.5267172310800517e-13,2.2132501829205578e-14,0.4847003669885453
464,1.2287954717964415e-14,7.714947227088596e-14,1.102277806656331e-14,0.48021426055638583
465,2.076885483150495e-13,3.718273626374865e-13,2.1717392394466563e-13,0.5014254733570851
466,3.5403949047372856e-12,3.560349549799073e-12,3.5063854415969425e-12,0.49836157498357353
467,9.137270575313999e-15,3.7481200238070156e-14,7.51816168873094e-15,0.4825865640479606
468,1.0832550928674585e-14,1.4844475680056278e-13,6.887962118850183e-15,0.4760964992368827
469,8.968281949875473e-13,2.5606903287381757e-12,8.060493366720367e-13,0.47988107312703504
470,2.9004387622704985e-13,4.16535090691693e-12,1.3162298854615167e-13,0.4758425171748968
471,1.3144857767072077e-14,2.0120283317631367e-13,5.342025861609691e-15,0.4768280860822415
472,2.497881538236241e-14,2.609551945511101e-13,1.7355715312215836e-14,0.4724447637388948
473,4.441272877751463e-14,1.7200932414911726e-12,2.8440186831373125e-14,0.4711241751967464
474,1.2588068820372307e-14,1.0777763555167854e-13,9.868184294535425e-15,0.4779996970901266
475,1.4234432347373287e-14,9.222448986091049e-14,1.093036003180179e-14,0.4776401446579257
476,5.480421487173598e-14,7.173329557280437e-14,3.043841040926242e-14,0.5002960447862279
477,2.9069623989107933e-14,1.2278565156899124e-12,3.820458601935292e-14,0.4726633318990935
478,5.80740289040312e-14,3.391748404322167e-13,4.2731134982960985e-14,0.47076338460756234
479,2.0141221504949314e-14,2.354153723073597e-13,1.0113285200820547e-14,0.47537278214585965
480,2.1661269226529983e-14,5.473757963415264e-14,1.3063004476589041e-14,0.4811098077974748
481,1.572419780882685e-14,2.183680068276344e-14,1.2761334743596166e-14,0.47760983982589095
482,2.6224736485652633e-14,3.963685131107088e-13,3.190578913695008e-14,0.47136609179724476
483,9.050960365377087e-14,1.0542121964330386e-13,8.489237875042751e-14,0.49487643730826675
484,1.0873743223419144e-14,1.14650237992944e-13,5.308548328495458e-15,0.47637529934290795
485,6.276712551021328e-15,3.4970655024744746e-14,3.806920597370972e-15,0.4780640938290162
486,1.9616521638800432e-13,1.3227598741874484e-12,1.7595135424474733e-13,0.4783775524643715
487,3.122329287170099e-14,3.0995982507761455e-13,3.290388893872518e-14,0.47898449372441976
488,3.791587427365519e-14,9.294585409246363e-13,2.037393888250654e-14,0.47211253618006593
489,5.1025187106777814e-14,4.815773608305708e-13,4.777382438366609e-14,0.4724622072390048
490,1.4081025822022123e-14,1.440647904488902e-13,1.2750487333122094e-14,0.4786347721237689
491,8.673282550695917e-15,3.7755144237141286e-14,6.108986648495272e-15,0.4788872281729709
492,1.9190443631311515e-14,4.909633124475991e-14,1.7283951934620488e-14,0.4779865557240555
493,1.6749421629962204e-14,1.5648775824283144e-13,1.3891610799041028e-14,0.4747249720123364
494,3.43965698846138e-15,1.7343555382674196e-14,2.344355815545939e-15,0.4786705746053485
495,4.165828797279762e-14,8.655610155968618e-13,5.293690235337597e-14,0.471019207756035
496,3.8544290524261335e-14,2.0355691634079616e-13,3.653274424767589e-14,0.4786936381511623
497,9.033062987873313e-15,8.347543148218663e-14,6.2233310865387575e-15,0.47927200902195183
498,2.6179559437158096e-14,2.5797812706810946e-13,2.3737614323973548e-14,0.4895252617250662
499,2.592121611589873e-13,8.193787908152182e-13,1.7404409056122618e-13,0.4948550896340748
500,8.26650432776095e-15,6.443873370887823e-14,4.202636659316614e-15,0.47586610878061036
501,4.013915836911418e-14,4.780850074529754e-13,3.116846958089116e-14,0.4798622326401528
502,8.292067311216427e-15,6.320809655429468e-14,5.504012149997368e-15,0.4721516953111859
503,2.754533330103028e-12,6.535757721622775e-11,2.655284207437983e-12,0.48088245862163603
504,1.3392569766602458e-14,9.001894817227623e-14,1.1678367781041173e-14,0.48037918365444054
505,2.2558427525114933e-14,4.305230679209422e-13,1.7843049236294824e-14,0.4761928707535844
506,4.182449410396023e-15,4.758566210323829e-14,2.113779041167795e-15,0.47461816427530723
507,7.840294227487953e-15,1.2246697999622025e-13,4.0869298348873944e-15,0.4778977743466385
508,1.5054286133955837e-14,1.8934251968678163e-13,1.5422755893969235e-14,0.47542201755277347
509,6.475097229830214e-14,4.2343414988298617e-13,4.5763184949588184e-14,0.5014071802928811
510,2.231337961888832e-12,1.5943348034855038e-11,1.531155143540693e-12,0.4831988146295771
511,2.1576919769887728e-14,8.319989887653512e-14,1.667213399787032e-14,0.4792963359475834
512,4.577876323470247e-14,5.6515853010538005e-14,3.6136627213935126e-14,0.4763765830808552
513,3.152767186927939e-14,8.260545175310756e-14,1.9060810834247136e-14,0.48282897369936106
514,1.3926823389606143e-14,1.3095279769036008e-13,5.6150461076603185e-15,0.47655268319649624
515,7.21906947962858e-15,8.425975865705087e-14,2.9277787351383325e-15,0.478000903443899
516,2.9448276715895403e-14,2.5286707000313343e-13,2.540756490104162e-14,0.47989980717829894
517,3.915194190868512e-15,6.512561317709545e-14,2.824300910162888e-15,0.4777016649575671
518,4.6962919255741834e-14,1.6264472949672098e-13,4.305743193151608e-14,0.4793196361977607
519,2.736600617676474e-14,6.922390425617943e-14,1.3338369033735122e-14,0.501467769977171
520,1.1780454359560115e-14,2.1791660220970042e-14,6.582285932064594e-15,0.48151698845031204
521,2.4482083940063097e-14,4.382887377352579e-13,2.038889854533194e-14,0.47810912647109943
522,2.4936445010234207e-14,9.428117804695623e-13,2.2149438892503814e-14,0.47314963617536704
523,3.2588691469310485e-14,9.356407919868503e-14,2.8175473586932646e-14,0.47939411525730974
524,9.250953179157623e-15,4.093457112627452e-14,5.9673396348196906e-15,0.47828528633399403
525,7.557466460239585e-15,6.296118796921945e-14,6.115445469459112e-15,0.4799540247040568
526,1.0226217795442574e-14,3.3725568893246175e-14,8.871519139929904e-15,0.47927574182394894
527,1.0969859624861502e-14,1.3397366278550363e-13,3.53331771158072e-15,0.4774621197255328
528,4.994197512889621e-14,1.506626089707697e-12,3.3630683057372195e-14,0.4724513598674093
529,1.0788014079624895e-13,6.994386009503631e-13,7.534145084696383e-14,0.4851653485384304
530,4.591296086369148e-14,4.2051139375679883e-13,2.4570067665035315e-14,0.48781129918934313
531,2.0179977594722126e-14,1.9670013556343802e-13,2.1747728893937065e-14,0.4815837888716487
532,3.074420535702363e-13,6.27557408777558e-13,1.7601111774909224e-13,0.5161743726581335
533,1.442705326635375e-14,1.5809298157129708e-13,6.905223348000503e-15,0.47758628710289486
534,2.9834030074232005e-14,1.0400459592835369e-13,2.4638234393144895e-14,0.47911370834335687
535,8.825912196545988e-14,3.394381197946288e-13,7.37264355190172e-14,0.4860261299560079
536,7.711754599701638e-15,8.138676467995888e-14,6.511007822176428e-15,0.47856249658507294
537,5.146038266730768e-15,2.8793312604252244e-14,4.330980491749934e-15,0.4790863626229111
538,2.187233116131701e-14,1.6540882077641133e-13,9.825474098219692e-15,0.4721825371379964
539,2.4958390894136487e-13,1.2093254987276184e-12,1.52219269056429e-13,0.4745851545681944
540,7.164411866188367e-15,3.119825213643482e-14,5.788351801607285e-15,0.48338185570028147
541,2.0512121869179853e-14,5.699989586977766e-14,1.8899657311392554e-14,0.48669614327081945
542,8.220440205655775e-13,1.4568150437184149e-12,5.436689418234053e-13,0.5079320563963847
543,4.0477103618649094e-14,1.9356263911201413e-13,3.428644509942291e-14,0.48045082394673955
544,8.5805727029803e-14,1.4495488627977022e-12,9.11929290837647e-14,0.4804030831292039
545,4.739956281110807e-14,6.078724861841946e-14,4.419871649436876e-14,0.48231418982322793
546,5.081715522497949e-15,8.749511910281617e-14,3.22506947107073e-15,0.48004786073579453
547,5.581774949765657e-14,3.5133313879936617e-13,2.4866333932685157e-14,0.47915418032789603
548,1.9495770809467322e-14,2.0720310294143998e-13,7.293594882032782e-15,0.48391772161703556
549,6.581398934124406e-14,2.4869693138009676e-13,4.3910529556334137e-14,0.4855009172897553
550,1.0115903402835151e-14,2.012906469146323e-13,5.854174715523132e-15,0.47779921459732577
551,1.443627653607092e-14,9.912743334667726e-14,9.189871611131726e-15,0.4803427099774126
552,1.1425176938866967e-13,4.070491141285781e-13,1.0096295658692279e-13,0.47954521982755977
553,3.1750466466744324e-14,1.0035298642847e-13,2.654527820547839e-14,0.47433211070019754
554,2.3865403085425042e-14,3.8543209778627733e-13,1.8541258024300384e-14,0.47205886447627565
555,2.0464877342024688e-14,5.204526640593165e-14,1.5012720742056462e-14,0.4834778348827967
556,1.5461659256054975e-14,1.2534611392568642e-13,7.029934347338442e-15,0.4776728406402981
557,1.2269366140575045e-14,2.1798870034431064e-13,1.0616159027265261e-14,0.47617831636453045
558,6.588975797461114e-15,2.894083438410504e-14,5.472309990617979e-15,0.47730142941582016
559,1.1965016263057744e-14,3.039795935411183e-14,6.535756928312792e-15,0.48570616092183627
560,7.468668950195203e-14,1.578015720351594e-13,5.088738960411063e-14,0.472721599250508
561,3.159057129952777e-13,1.1606902437265678e-12,2.9806779500768036e-13,0.504449229920283
562,2.2241334695340193e-14,1.717354440350672e-13,8.986140129490837e-15,0.4903697976056719
563,2.5723527362084043e-14,1.651957912855599e-13,1.9626353157496658e-14,0.4773394306568662
564,4.102008687786884e-15,6.365642923954834e-14,3.575938038577877e-15,0.4790978064906085
565,9.027264143249128e-15,5.76324010020727e-14,6.786028224041363e-15,0.4779795810871292
566,7.773062935366302e-15,3.08781226713539e-14,4.610631573950609e-15,0.4786461102514295
567,2.973560942213696e-13,1.0256669721084125e-12,2.0104898036626243e-13,0.47937700468173716
568,2.8918245936328173e-13,8.403395078400464e-13,2.2214915081743424e-13,0.5019559732434573
569,4.725907690216013e-14,1.6650572436267717e-11,1.815103564345319e-13,0.47772668868128676
570,4.441830988706664e-14,2.1920258921712123e-13,3.778543865051114e-14,0.47172135588189124
571,1.2516816882127401e-13,4.2107141936981824e-13,9.997940764550594e-14,0.512711396306986
572,4.616751647230428e-15,4.856001280012915e-14,2.9580655826147264e-15,0.4736688380682608
573,6.9617735773870454e-15,4.483030305634999e-14,4.121820614197359e-15,0.4794296133593889
574,1.3779071116957219e-14,6.865855485995454e-14,5.900952693245067e-15,0.4864708562934538
575,6.800361046413946e-14,5.184721421595128e-13,3.0791361553402796e-14,0.4789581266290043
576,1.137039186000312e-14,4.354424469896433e-14,8.183265594848224e-15,0.48079132800048685
577,1.1096046327093852e-14,4.9796902358505035e-14,6.02218523524319e-15,0.48149837014498187
578,1.4934587036221997e-14,3.484380087035937e-13,1.3485678781652354e-14,0.4716975772505975
579,4.4753505866585375e-14,2.9606558840644333e-13,4.692677401245679e-14,0.4718427120911656
580,7.655512089769784e-15,1.3454808580809457e-13,5.475268993493143e-15,0.47913644566142466
581,3.9414804003706323e-13,4.364386659572989e-12,3.2691520870309523e-13,0.49627649854519407
582,1.0192316644991698e-13,1.903394488083234e-13,6.810158654565177e-14,0.4830997014971217
583,3.298055854137331e-14,2.3321639426066026e-13,2.5761664292123387e-14,0.49062268898123873
584,9.073208835009484e-15,4.0037805064752054e-14,7.0101905546858404e-15,0.4804162009852007
585,3.229624165969553e-14,5.603346089520184e-14,2.4930451708314504e-14,0.5015120642201509
586,9.505694491720838e-15,8.293736865660849e-14,5.463559958242853e-15,0.4793695348140318
587,7.216634780255769e-14,4.119704805666729e-13,3.9094114044259424e-14,0.4826233821542701
588,2.2002146088713886e-13,4.539793135181169e-13,2.0435744113649924e-13,0.4933690904697869
589,2.0106156352768408e-14,7.281735455206893e-14,1.7581735290941693e-14,0.4802480845770333
590,1.3848606247850466e-13,4.515209019441022e-13,9.005726775463e-14,0.47690493974514536
591,1.8538567680698617e-14,6.645270485533767e-14,1.4869947654519314e-14,0.47768463354732377
592,6.444508944818287e-15,4.7729494475998177e-14,2.8081800817227785e-15,0.4744293146766722
593,9.572071147643184e-14,2.752350429631033e-13,6.157419924313524e-14,0.4821145208639791
594,7.07986612888897e-13,4.352639829121536e-12,2.7709512321227136e-13,0.4807230773556512
595,1.2046130510077453e-14,8.477215787543569e-14,1.0406027135275195e-14,0.4779519239848014
596,6.642676175079811e-14,1.0320142091260704e-13,6.23986729314301e-14,0.4771094317518873
597,5.565751425495153e-14,2.3413604258136953e-13,2.45931160144003e-14,0.481564405397512
598,2.710900289772778e-14,1.7025670804746306e-13,2.1170680586956425e-14,0.4767769014724763
599,5.15535917063677e-14,2.4427483339651007e-12,5.641226883842118e-14,0.4735861921799369
600,7.940854676691514e-14,2.1694606624391899e-13,5.91988219495091e-14,0.48215944528928956
601,2.5503898590828156e-13,5.507461250651714e-13,1.8960216036104521e-13,0.5064481524692382
602,2.8394751746488572e-14,1.1149510274079079e-13,1.8281067964207124e-14,0.47914428389631214
603,3.845604684019965e-14,8.031491376641047e-14,3.312605113018183e-14,0.48018675719504245
604,2.1334850645469387e-13,1.262070721793896e-13,1.950821717537325e-13,0.5013416000467259
605,5.3957254175188324e-14,1.1655801096794573e-12,5.5294953107323834e-14,0.4729744891708833
606,1.3672375463632334e-14,1.0558722927506233e-13,1.3297236919296749e-14,0.4771602470136713
607,3.257140197252881e-14,8.421595948602e-14,2.8566651787230376e-14,0.4795559001795482
608,9.150428527056328e-14,4.2520689800813373e-13,6.539321260539584e-14,0.4855126005772036
609,1.3182220825819283e-14,1.0634218907675138e-13,1.2000018892954185e-14,0.4789344015007373
610,1.0761205668502484e-13,2.432120993072614e-13,8.901313710037153e-14,0.4847399941412732
611,3.261907669902426e-14,5.406371617242593e-14,3.364069429816173e-14,0.4774945419514552
612,1.1509827212986732e-14,3.224107198084576e-14,1.0140294097604094e-14,0.4793039435695391
613,3.426118365650761e-14,5.339109126255976e-14,3.002408333624514e-14,0.4887128293834394
614,4.966404346674112e-12,9.214922050292267e-11,2.951754274511449e-12,0.4732413572550286
615,1.3983216657741976e-14,1.285320903511471e-13,7.36850427916095e-15,0.4770076050190255
616,4.1263431464398906e-15,2.4102999635464977e-14,3.2579817102018192e-15,0.478827713636565
617,1.3740570685117486e-14,8.117763572592151e-14,1.0672149617581583e-14,0.4784783655399224
618,3.622659643590832e-14,4.567140333189899e-13,5.1175450712357895e-14,0.4716388196509797
619,2.4331019186768362e-14,2.7798897866566073e-14,2.132759997655396e-14,0.47377823209390046
620,7.565348291325139e-14,2.455657478009175e-13,6.663428444795854e-14,0.47871410024818034
621,2.5309092097123596e-14,3.4397482898067857e-13,2.1324030185800047e-14,0.47419515081273855
622,4.0642072247381564e-14,1.5717278694642772e-13,2.1151369985131262e-14,0.48821287042228506
623,2.7468601495877603e-14,1.8896438497251914e-13,2.2133319891527888e-14,0.4748501482623396
624,6.823315722829333e-14,1.0961386451693728e-13,3.834662265450124e-14,0.4866550046572229
625,7.85492349450953e-14,2.6681335765692423e-13,6.766398872324553e-14,0.47408796182862717
626,1.1991071653167396e-13,5.492683037413134e-13,5.894348769411611e-14,0.47269335911842064
627,1.899374477256482e-14,2.903190780686351e-13,1.150359281410716e-14,0.47116917353414467
628,4.1096426025252324e-14,2.8586077213450853e-13,3.7061330634871176e-14,0.481607541104313
629,1.8325340128520637e-14,6.24952852902307e-14,7.425025256856756e-15,0.4823610522056697
630,7.160060720103346e-14,8.745151632971542e-13,4.3570802725957015e-14,0.47673982646374496
631,1.6789404423035032e-14,1.768028384253482e-13,1.4431781322028356e-14,0.4748562653083354
632,6.3741555025269e-13,9.205382911976373e-13,4.26568363839344e-13,0.5355773740448058
633,1.1570317947329136e-14,5.5479976294628843e-14,7.885104909994873e-15,0.4800677958206506
634,5.374554275433718e-14,1.8363111103504918e-13,5.0464604480698493e-14,0.48329999853740446
635,1.2560969876671798e-14,4.20413195036927e-14,1.0327589451145728e-14,0.48119191502046305
636,1.3783881505992349e-14,9.677119548019701e-14,1.0379415285326962e-14,0.48012507422827183
637,1.3617124215611524e-14,1.3704466896334985e-13,1.0908839330933543e-14,0.4772979119006777
638,1.0616554565018055e-14,4.040905209413589e-14,6.6351167144700356e-15,0.4802632232836913
639,1.4805194474692808e-14,2.8615065093512525e-14,1.2560868086521958e-14,0.4794786683458369
640,2.2596631046517806e-14,1.3272752345215194e-12,2.1644407634859156e-14,0.4737663606298156
641,4.7024773757205403e-14,3.3292537421373243e-12,5.91231489464723e-14,0.4706426339573227
642,6.542368914205648e-14,8.385299727665614e-13,6.226792000483197e-14,0.47679356855805965
643,5.769332463081277e-14,4.147685039500367e-13,6.072365537868086e-14,0.47298418572463563
644,9.971941638034685e-15,1.2644368050571506e-13,3.833702284438094e-15,0.4758789448416792
645,2.7001323103841914e-14,1.0283562533564718e-13,1.6203720080572302e-14,0.4835218366497429
646,1.0276698746801642e-14,1.1918771695449663e-13,6.5961843750171804e-15,0.4765004525455879
647,1.8525885637470136e-14,9.360311861812801e-14,1.805900402956523e-14,0.47237070442934054
648,3.0997909866745563e-14,4.6101182438036635e-14,2.4131305118979336e-14,0.4892103477497585
649,5.542541614192806e-15,6.286389368235477e-14,4.6893804770463505e-15,0.47971408485027495
650,1.743247447728299e-14,1.9208196863431089e-13,1.2933464415692279e-14,0.472646530525526
651,5.0674840223445873e-14,6.634280632686032e-14,4.5259237122746024e-14,0.4826712432055501
652,1.0229677621366986e-14,1.0195170743546344e-13,3.592196684692535e-15,0.4791653538093669
653,6.135615882401522e-14,3.6331848674309965e-13,6.18312659756973e-14,0.48594943851348943
654,8.598793333016243e-14,2.454111850667378e-13,6.646813188503918e-14,0.5104390433174558
655,4.3364046773887014e-14,2.9031769139271534e-13,3.889160645386073e-14,0.4845705481566256
656,1.513896227643513e-14,4.79505782388547e-14,6.064683067844062e-15,0.47860793459694834
657,1.0638570341250945e-13,7.898381552045564e-13,6.256597298504817e-14,0.4747424883971689
658,8.422297578406049e-14,6.811351875397784e-13,3.9767203172255354e-14,0.47421800407464615
659,1.4568134458188249e-13,1.941023524682015e-12,1.574895916720865e-13,0.4871131242980482
660,5.4509326230316165e-14,1.2268694604417617e-13,4.940252907808524e-14,0.4905603217688622
661,3.073278141387408e-14,6.483758323433832e-13,2.17565324232769e-14,0.4749713175493525
662,1.0549752946543052e-12,7.420224783108078e-12,5.676056005071062e-13,0.47949949985486456
663,8.599448473547854e-15,4.183403971436992e-14,4.939199651085154e-15,0.48697795208427125
664,1.6800862731783671e-13,7.864962997892161e-13,1.6203521243025813e-13,0.47972212920431045
665,8.676172636889771e-13,1.2334854544552812e-11,6.12408239536068e-13,0.500040421722224
666,1.1619378099559122e-14,6.07945159531998e-14,1.275754682468769e-14,0.4761444643634604
667,1.5421121831169583e-13,9.52959483961453e-13,9.289304247072015e-14,0.4955536648718407
668,1.1650265225054423e-14,3.5004416500913185e-14,7.904351116481946e-15,0.47705812132917347
669,2.213791052622713e-14,1.2316934778708047e-13,1.6193107766478495e-14,0.47905722723226063
670,1.391787974122435e-13,3.608866084773094e-12,1.532648508651008e-13,0.47360822994378393
671,2.2362737982967472e-14,5.692319036512651e-14,1.665849652482924e-14,0.4805633207317442
672,2.7847464584765617e-14,3.310966074935838e-13,1.6910814318432403e-14,0.4724717996752588
673,3.4610384454301345e-14,1.6313974227694214e-13,2.3799686428635862e-14,0.47872236382390837
674,1.7027309285538393e-14,7.429602662702632e-14,5.177962917321848e-15,0.4867819491104456
675,1.3717655092642233e-14,1.1633220412383147e-13,1.3068387461481342e-14,0.47463177649187854
676,4.530601865197221e-14,1.8396075272871242e-13,3.595656722476562e-14,0.47918531028553846
677,3.223580321094448e-14,9.444656612231303e-14,2.7124563206300308e-14,0.4799075993214501
678,5.873645238113247e-14,3.277119583122179e-13,5.175965496323636e-14,0.4737150330329314
679,4.973449071613202e-15,5.1700723468824516e-14,4.11028006011173e-15,0.4767409326828783
680,6.045497987323192e-13,2.204831211080238e-12,6.103311391774148e-13,0.492987846955657
681,2.775292525265575e-14,1.85874473406732e-13,2.972050617168454e-14,0.47888858955702746
682,2.3459367809895284e-14,5.07986097067585e-13,1.5607846821429525e-14,0.4791981443209806
683,2.3293052722833743e-14,1.7851948953293543e-13,5.7987203191773715e-15,0.47932033803372176
684,1.015900160362547e-13,9.203479333699977e-13,7.240745071609094e-14,0.4767993296845816
685,1.245406613798521e-14,4.166872843350369e-14,6.306913235966177e-15,0.4872304841526784
686,5.311150224444511e-14,1.894254767961467e-13,4.562245106325543e-14,0.48213811208843255
687,1.8982633206708392e-14,3.040252290536568e-13,1.3678200395189214e-14,0.4714863757020794
688,8.379074635184633e-15,6.874270044839817e-14,6.691922429197163e-15,0.47320030151458925
689,2.1841056148435073e-14,8.756871224378832e-14,2.1561107986243043e-14,0.47899779738800136
690,1.6716089452305975e-14,1.2257074555730217e-13,7.696971038137368e-15,0.4855016063404037
691,1.670931418980672e-14,1.0430434960681006e-13,1.0036507275954035e-14,0.47669586490665095
692,5.981199748971416e-13,1.2215800727539453e-12,5.95536651516117e-13,0.4792191324464511
693,8.445884480955829e-14,8.189847800872933e-14,8.07177114375421e-14,0.48574197545240166
694,6.699323221540888e-14,1.2561105514010989e-12,7.622863428557544e-14,0.47436817706911827
695,2.489857789129692e-14,3.2122409937833363e-14,1.2891443086809136e-14,0.4844300330558326
696,3.229012139756247e-14,5.386483137162071e-14,2.0871115410628842e-14,0.4825643191084964
697,1.3833669006757304e-13,6.455060771219537e-13,8.547541995933894e-14,0.5221110520476941
698,4.5617123692421656e-14,1.5004084286218597e-13,3.26492897791658e-14,0.4924540297361091
699,5.8515426861849416e-15,3.3241140326820336e-14,4.598037671530249e-15,0.47928030909970404
700,1.1188610405278606e-13,5.832366315822728e-13,8.174225882324385e-14,0.4776058468938572
701,5.0157833774169794e-14,1.2245099254997355e-13,4.892144987724097e-14,0.4903734690422425
702,4.843870993098278e-15,7.616286194315934e-14,3.157550854455385e-15,0.479282312412397
703,1.1095752555206885e-14,1.0971427368352519e-13,5.032658815340951e-15,0.4756890889373608
704,1.4017476997920414e-14,3.624672668887289e-14,1.179695944985703e-14,0.47943181321024897
705,5.63317626055154e-15,3.013626367224515e-14,3.382031738900414e-15,0.47942286942561624
706,2.108205374868904e-14,2.7365499285646647e-13,1.4598487144393233e-14,0.48054061373695733
707,2.984808169423464e-14,3.3071692137879485e-13,1.6128076948384953e-14,0.4712401852928451
708,1.1329604609708826e-14,9.066943198544685e-14,8.779011395408787e-15,0.479243239221978
709,2.6874569064073218e-14,2.6819201327029694e-13,2.132348940812841e-14,0.47902270798804236
710,3.1893311709899023e-13,5.436415001676871e-13,3.300310012109319e-13,0.5153341077268123
711,3.846083669823342e-14,1.1412711827856952e-13,2.6397545509110154e-14,0.4873425422119908
712,6.50583493739711e-15,1.4486573556751187e-13,6.3104683442324814e-15,0.47112823292554823
713,1.151888498741865e-13,3.018803934252192e-12,1.0800018038731755e-13,0.4739759199655964
714,7.143529327885083e-15,3.2649562013888876e-14,3.560595310680631e-15,0.4803044044529088
715,1.8075783037634562e-14,2.0025972969127403e-13,1.525439104308042e-14,0.47160522819904144
716,7.79409746081581e-13,4.617581062165514e-11,9.804623671929032e-13,0.4711155836092075
717,1.603050957555221e-14,8.793750719690919e-14,7.929449703303011e-15,0.4731772180937696
718,1.1865426073018116e-14,4.230770726538545e-14,9.329753649526832e-15,0.4757221653708257
719,2.084618105418315e-12,3.230295437972275e-12,1.897040958864696e-12,0.5183629900158848
720,9.824724903629181e-14,6.323895293567534e-13,1.0009253278996182e-13,0.4792508908751188
721,5.531909146709892e-15,6.465189033063947e-14,3.1848037219727302e-15,0.4722280558431521
722,6.02061947764552e-14,2.1489966650997575e-13,3.208394712206926e-14,0.47215908690704966
723,1.505000963027863e-13,1.1352024975267975e-12,9.550488146805991e-14,0.48277980330749415
724,4.439109023982018e-15,2.6159197704574697e-14,4.0461218501032e-15,0.47905429791135246
725,2.879729259794577e-14,3.659280842420913e-13,2.7218912543380846e-14,0.4792505077086389
726,7.1253988007791e-13,1.3007780246364404e-11,8.912321836428821e-13,0.47115335049747953
727,1.8789980061690057e-14,1.014917866090742e-13,2.0479346553364152e-14,0.4731336742464919
728,1.2040029982715428e-13,1.5113643724230637e-13,9.904794088510648e-14,0.5007388801663183
729,1.4283099344954217e-13,5.848589295712594e-12,2.0408532026412765e-13,0.47031115285062697
730,1.7927715547670972e-14,3.119438641629908e-13,1.0486999392429884e-14,0.47422629390785004
731,4.156362182445283e-14,1.3934595381042907e-13,3.767680330050146e-14,0.4734024896752089
732,6.512775106116323e-14,1.2629646535235153e-13,5.769118252985954e-14,0.47973640261916445
733,7.107646240052887e-14,2.9015594649226825e-13,6.042651049256235e-14,0.47855170659313445
734,2.943812589780721e-14,1.9117334653026722e-13,2.1072334853106313e-14,0.48413686503772624
735,8.571357885953589e-15,9.493927112495021e-14,6.1074630254564226e-15,0.47819243824342267
736,4.0656834124524375e-13,1.869583286468917e-12,2.6366774052785104e-13,0.4876387984375469
737,2.0851342407712903e-14,2.0977524329883941e-13,8.198950814070395e-15,0.4756319111853372
738,3.6000686336269676e-14,5.014084825792905e-13,2.904209122058314e-14,0.4776566159795038
739,4.158240424415302e-15,6.043192877461753e-14,2.6819554960487692e-15,0.478342160480679
740,1.5304800237387986e-13,6.783972553029172e-13,1.4223811280041982e-13,0.4792853785562329
741,3.5547802143605964e-14,8.818617146231297e-14,3.5741020509354076e-14,0.4765363423386589
742,6.894694846266012e-14,5.001272128830121e-13,7.629893816872044e-14,0.4785024410579354
743,8.36412453046842e-15,3.5612598476211775e-14,4.936360424821422e-15,0.4770013889443362
744,2.7913605288502667e-14,1.2093851511279881e-13,1.5217239193420605e-14,0.49157116056012456
745,5.465091765511569e-14,1.5783589478581018e-13,2.0046914094001562e-14,0.48118781407829375
746,1.6090272908654185e-14,8.488448694610198e-14,1.434079131120347e-14,0.479891480130027
747,2.2450189412178816e-13,1.047291778277554e-11,7.244699874369085e-13,0.47154515845759304
748,1.686665935798846e-14,1.5011410903938843e-13,8.132001091561767e-15,0.4839103637030348
749,1.0528701391470371e-14,4.7241828833305e-14,4.727419122160644e-15,0.4763589916692581
750,2.215436253181748e-13,5.328583736023682e-13,1.9816634363390016e-13,0.48360181897005533
751,8.132039799554032e-14,2.7233547925133514e-13,3.6606410670277394e-14,0.4882801127474522
752,3.676063414658876e-14,1.4763953851098457e-13,3.3754602600204655e-14,0.48843568087613676
753,1.6886015686738686e-14,6.25701670219934e-14,1.1313689737844653e-14,0.4892451149673434
754,4.9804999572033514e-14,2.307545753443632e-13,2.4074754417743382e-14,0.48393984127033035
755,1.0259918269857841e-13,4.432769103630737e-13,3.733433720677452e-14,0.47888316586613655
756,7.058429878489756e-13,2.28078368779523e-12,7.310075058135786e-13,0.5038622731692157
757,4.055279477652201e-14,1.2365320655641775e-13,2.690967787359265e-14,0.4791392323590117
758,8.077919447797069e-14,3.03903898555176e-12,8.39017666945483e-14,0.47239152433467096
759,4.019197306823509e-14,6.424018054975444e-14,3.31118195568646e-14,0.48309241204406134
760,2.633944701433954e-14,4.050599083449028e-13,8.507204735757602e-15,0.47727409078506755
761,3.3227556348071633e-14,9.040009456348726e-14,1.7284193208336732e-14,0.47889874289685397
762,5.6111293656820825e-15,6.143952254257377e-14,4.273212158726245e-15,0.47963876790599896
763,8.016480688710965e-15,6.837907364332065e-14,6.503783979140893e-15,0.4789225228974828
764,8.530898416024327e-14,7.392458719043517e-13,4.189670691176072e-14,0.4838637150474824
765,2.6992304609844475e-14,4.94773723714321e-14,2.520284218614801e-14,0.4883350426098332
766,1.2238842619759114e-14,8.506780242428122e-14,1.1832638175450847e-14,0.4740446292387787
767,1.5747758000538523e-14,2.1964413194199446e-13,9.989078854878526e-15,0.4712631926930044
768,2.5607053133061222e-14,2.926879769489323e-14,1.7153950435204045e-14,0.4786800540750846
769,5.8617049872488e-15,9.07328571698407e-14,2.462507095909169e-15,0.4751500438840594
770,4.735770332824994e-14,1.8926682896007106e-13,3.685924942575188e-14,0.48622073346341493
771,6.408272046715651e-15,4.3574039292012076e-14,3.597917369215655e-15,0.47822701253171546
772,7.559100137547574e-15,3.957295279800593e-14,6.384272511121177e-15,0.4789492000854807
773,1.6785399780386118e-14,1.8257018738873596e-13,1.2800282738618827e-14,0.47849066368653437
774,4.600967920456864e-14,6.371010962678009e-13,2.0587471585696855e-14,0.4758163371676346
775,1.6949869260903667e-14,2.211602784363885e-13,1.7013896376573113e-14,0.4748569093295373
776,1.0424590001489182e-14,2.9064034888882824e-14,6.035268972628468e-15,0.48096067741862497
777,7.203325816189139e-14,1.150620777800622e-13,5.117707093928774e-14,0.48852710498031227
778,1.9756788262873243e-14,1.9776466763762184e-13,7.20280875382987e-15,0.4861728972115088
779,1.9851210421003938e-14,1.5666256881051066e-13,1.6323046338769494e-14,0.4783799595606979
780,5.8245681468141815e-15,3.649290524189605e-14,5.2031662670596255e-15,0.47925215091672724
781,1.1202143243424041e-14,4.0844817556878556e-14,6.839350367662331e-15,0.4793313707225025
782,1.3611422835611228e-14,1.2979889494747162e-13,9.991508022452072e-15,0.47386781521490773
783,4.03521363700838e-15,5.5607930110707026e-14,2.132574288632064e-15,0.47967655046086294
784,1.4224909837846174e-14,7.931561635184968e-14,1.383545549293696e-14,0.4771808573103044
785,6.186155957671214e-14,3.747271010103822e-13,5.709795954966352e-14,0.4764206118386937
786,2.7681867154422794e-14,1.9911978825671253e-13,1.8912127358372192e-14,0.4737257821630919
787,1.7724447108912828e-13,4.736388991906904e-13,1.8466379758689336e-13,0.5123593407857697
788,1.7446551448060456e-13,5.604894941963198e-13,6.71394489979356e-14,0.5222936686361208
789,1.8864230688715998e-14,6.749714288823383e-14,1.8085990862676167e-14,0.4846861498663202
790,2.1723637968544852e-14,1.5563141271583282e-13,1.3550132730305697e-14,0.4723062396296882
791,4.344176432106611e-14,1.5854856215677096e-13,2.7688291953060165e-14,0.49043984164309223
792,2.405518110545449e-14,1.221700667799706e-13,2.1340179750617206e-14,0.48280453324259726
793,7.914318243337166e-15,2.956278685551757e-14,5.028504785749775e-15,0.4821485497726826
794,1.6106742960778852e-13,6.11911036929254e-13,1.5753107079162698e-13,0.483235284066177
795,4.181232497605509e-14,9.195185030171243e-14,3.81191421109844e-14,0.48288946190441495
796,9.473918610233417e-14,3.071192355354233e-13,8.713465818252329e-14,0.47922961580916307
797,1.1242416136656932e-13,4.1759804473443544e-13,8.332966007284737e-14,0.4765884286229266
798,1.2031955567920353e-14,9.846013242921455e-14,7.354374429552674e-15,0.4766632057784591
799,1.6451599981526967e-14,2.1553869672949716e-13,1.1306322374540738e-14,0.4783038605208276
800,7.038583096954646e-15,5.3159832680397166e-14,5.526295791688525e-15,0.47851437494100535
801,1.8743682464911746e-11,6.742935386592976e-11,1.2926418764478493e-11,0.4913051617681049
802,7.013069748918026e-15,8.07298524015827e-14,4.485036169445696e-15,0.47429973592516034
803,2.0913839604702087e-14,3.622434851043885e-14,1.2859714711262203e-14,0.4902083551074611
804,1.0121807444508935e-13,2.9015321649077413e-13,9.672327610993551e-14,0.48633945708861576
805,1.3838519267446341e-14,1.0680846124877532e-13,9.810771596153881e-15,0.4711130262032384
806,2.2049077934383585e-14,1.3225493854022278e-13,4.925161910178018e-15,0.4789174395700684
807,1.447381706182526e-14,9.644330124676514e-14,1.5365981166395358e-14,0.4725607894943096
808,1.3453440250240735e-13,3.46018772246535e-13,8.365439969581484e-14,0.4853747681103414
809,6.056115520448636e-15,3.5840402281018425e-14,5.250967660246194e-15,0.48273377468576656
810,3.625692559837295e-13,2.9440495206166272e-12,4.162212661209212e-13,0.4847955387609545
811,5.713238732034839e-15,3.328211380301028e-14,3.5091903641381415e-15,0.4804501196369529
812,4.935304084168192e-13,3.3266254675423405e-12,3.530312318448386e-13,0.4777549453865504
813,1.921990666010107e-14,1.3167748533705794e-13,1.4494475705282868e-14,0.4764621016161982
814,1.3291247873147662e-13,5.379344075198721e-13,8.518102945271741e-14,0.4852704991964856
815,1.4603313114597684e-13,7.374440597557448e-13,1.5356581275657215e-13,0.473878849351604
816,2.3432426813296745e-14,1.3381377916233255e-13,1.2461335927664277e-14,0.47337460934650155
817,1.4283748226137348e-14,1.54738388789613e-13,1.0150438364244567e-14,0.47181331034516916
818,1.594536829074247e-14,2.1437765728988993e-13,9.875793241949007e-15,0.4727384810845251
819,3.628357992224627e-14,6.041194123664035e-13,2.5398540137353705e-14,0.47172006231558045
820,2.4917452859712565e-14,5.869197766574817e-13,1.7785333940519787e-14,0.4709310803358676
821,5.137538052122829e-13,3.754904419099059e-12,3.9038555236570265e-13,0.5072773767868057
822,6.073126694482134e-13,2.7775899117286065e-12,3.070981281093768e-13,0.4828442122670822
823,1.928404680533416e-12,2.0055307905311887e-12,1.5553852172834457e-12,0.5032875118806259
824,4.1101945462862407e-14,1.9690889356188723e-13,2.4171186431458164e-14,0.4735903370572487
825,1.5074661082519284e-13,5.658138356497681e-13,1.289680919643863e-13,0.4762028507713694
826,7.0436905241217e-14,2.0860058064017099e-13,6.16495422398347e-14,0.48286008661380037
827,1.6629233892531018e-14,2.8285977785192507e-13,7.330742006708065e-15,0.4742861884136801
828,1.002622498276372e-14,7.671497977636811e-14,6.567332155582617e-15,0.4738848304696148
829,8.283720298662387e-13,1.9829844546775022e-12,9.027952088215022e-13,0.5378121607704088
830,3.7938268823545065e-14,9.741042764037442e-14,3.399494151407235e-14,0.4835968989675166
831,7.65173547810115e-14,6.549664339582454e-13,9.848527739106231e-14,0.4841535028099315
832,3.733297818353278e-14,5.380141448940468e-14,3.7148675102549984e-14,0.48097727413114627
833,1.9449985454870635e-14,6.241047655197962e-14,1.5704562954332414e-14,0.4749229163484415
834,4.038437495429724e-14,4.2228552938621784e-13,4.603943638843724e-14,0.4723039928721846
835,1.2381481071169223e-14,5.6364164704110335e-14,1.1592867780156471e-14,0.47954949056438634
836,1.0389041880188956e-13,7.503609499034764e-13,1.2848638349430753e-13,0.47407301132043356
837,8.589396722666114e-15,1.3339439529466487e-13,7.155562241462282e-15,0.47235676170676016
838,3.8904927115107214e-13,5.012427562638062e-13,1.6417858238245598e-13,0.5240085537428968
839,1.474120325949566e-14,8.68752263203652e-14,1.1060093083898192e-14,0.4757981927949004
840,9.489412223119903e-14,2.502338488052007e-13,9.356058161487422e-14,0.4917283015383873
841,2.1956278314245717e-14,4.4089049891111486e-13,1.6507580829236202e-14,0.4775545520707965
842,6.411670886859101e-13,1.7600535954271208e-12,5.903158258719608e-13,0.4819030559825478
843,9.073783678778422e-15,8.358963877709662e-14,8.860021415744028e-15,0.4758949741401011
844,2.441149598023519e-13,3.2202619079038686e-13,2.0726699116718454e-13,0.5071410835022107
845,4.587328460465542e-14,7.914181746151541e-14,3.6510545545118786e-14,0.48465410451754
846,4.586325520835581e-14,2.2810943553923293e-13,3.862097809744071e-14,0.47904811945045367
847,2.233679193107125e-14,4.65062163643996e-13,2.1566384339952294e-14,0.48148285354836845
848,3.786245889888089e-14,3.4814806330460597e-14,3.0345463631335096e-14,0.4909982830373337
849,1.5945483375111874e-14,4.220776702561354e-14,9.075805250907419e-15,0.47920893460395747
850,5.456443393198385e-14,2.7024456592307373e-13,3.950814284921154e-14,0.4795111395273125
851,3.855363496154206e-15,2.1588722768714318e-14,2.551318008077595e-15,0.4790534582280088
852,1.7226586416594376e-13,5.583287654251319e-13,1.6664137324629695e-13,0.4900137765012914
853,5.186985800346553e-14,2.7982670302282476e-13,5.49213614677444e-14,0.47245019380206943
854,1.0855092188534587e-14,3.186635057442156e-14,1.0222580082022985e-14,0.4789625204837648
855,1.195522203840013e-14,1.7313805250168212e-13,8.069585999920042e-15,0.47159608952351845
856,3.807602530633485e-14,1.3900393865075295e-12,4.1884082118029575e-14,0.47163281270622975
857,3.809749593083773e-14,2.427167738965031e-13,3.161631271375395e-14,0.48039080560556613
858,1.4498002710600086e-14,2.93066391477443e-14,1.2586486702367417e-14,0.48290289364231287
859,6.49944306400632e-15,4.919295988069581e-14,2.4769522056043698e-15,0.48189559908933005
860,6.083744265829173e-15,3.035142684257752e-14,3.596326988293245e-15,0.4783096571947681
861,1.2453718250936646e-14,1.342716734148654e-13,6.694259423616836e-15,0.4809934797318419
862,5.436641220791758e-13,8.061762580576466e-13,3.971181681032525e-13,0.5233506060845684
863,4.818670654380251e-14,8.697783265872377e-13,7.200568245213118e-14,0.48152559878944884
864,4.791520186026069e-14,3.3422198804507214e-13,4.864667882839544e-14,0.4785846102080541
865,5.5672896398462524e-15,5.778165904678262e-14,3.4155572834920544e-15,0.47972330609336494
866,1.958904646300682e-14,5.417691187205371e-14,1.7042896337452486e-14,0.482308834666037
867,3.2775892493203633e-13,3.948099177993101e-12,3.595809023563561e-13,0.4754290269876947
868,2.2959467532743668e-14,1.4448797186235787e-13,1.7187186178194432e-14,0.47958070438180583
869,1.0043993928119953e-13,9.069707542161412e-13,9.661559785739156e-14,0.47215648690762463
870,1.3951103889224843e-14,8.753534671358505e-14,1.0494933607189266e-14,0.47957919438777025
871,1.1527123095971744e-13,7.520103728447364e-13,8.090901350474298e-14,0.48656167548615487
872,7.078062819059409e-14,1.087075572571914e-12,6.530678605976413e-14,0.47479143168893645
873,2.2422954557631204e-14,8.336210902419324e-14,2.22966929738941e-14,0.4748387938539963
874,3.3165641178938564e-14,2.540950486040258e-13,2.7691798031842627e-14,0.4801361909456318
875,2.875493968052418e-14,9.377766049009252e-14,2.1946806148088997e-14,0.4740464274655096
876,3.624737844102013e-14,1.504467340021016e-13,3.306407852614166e-14,0.47983235349820463
877,1.104975210496602e-14,8.155779936987511e-14,9.108050396035651e-15,0.4794346558890538
878,4.079142722850835e-14,2.255436092274541e-13,2.5157657652573647e-14,0.471073528296256
879,2.280277400661876e-14,9.437248634119249e-14,1.576913876899141e-14,0.4793868544511497
880,8.996466185788248e-15,1.425186203616343e-13,6.935210294509323e-15,0.47285730150324523
881,5.769668833911467e-14,9.043266176529568e-13,2.5901324852531343e-14,0.4781603670067852
882,1.999659670625859e-14,8.574837098779247e-14,1.1901639337076795e-14,0.4810636944748694
883,1.1971614841096846e-14,6.962818407869886e-14,9.494146661904683e-15,0.47894466732104773
884,1.3322458960433221e-14,6.630339002239201e-14,1.0845539562301043e-14,0.4851949046016671
885,8.74753767895249e-14,2.002288919525138e-13,8.449681864324354e-14,0.48779089690069666
886,8.964270904392016e-14,5.369524506282074e-13,6.952166955763518e-14,0.4827003065904137
887,5.82779368105367e-14,4.185524278079462e-13,5.210086459601458e-14,0.48867170367739166
888,1.954219104205892e-14,8.361965658442778e-13,1.3032222595741647e-14,0.4707413901516702
889,4.264483148817564e-14,2.321501396457781e-13,3.457106886751956e-14,0.449408972983656
890,3.1228864280321596e-14,6.973234649728787e-14,2.845391138123047e-14,0.4786374177958351
891,2.33784131805623e-14,2.5380814795584157e-13,2.4769202180106767e-14,0.4719631833751919
892,2.992284926424298e-14,5.6740408371483457e-14,2.782127629089703e-14,0.48717735247628297
893,1.0212842629072622e-12,1.950574250014091e-11,8.789418291373001e-13,0.47192552144115324
894,1.0529895587046805e-14,1.2693207092757048e-13,8.97599874822109e-15,0.4774489590898156
895,5.604994084247771e-15,1.8769399921131996e-13,1.979070856634175e-15,0.4729325474690995
896,1.5781045827287056e-14,6.9119514022776e-14,1.518672748988249e-14,0.480600385760772
897,2.569290702985593e-13,5.50301823177826e-13,2.234593870301863e-13,0.49758962690539194
898,3.935598700038546e-15,1.757464419295136e-14,2.3364314030093317e-15,0.478818176643108
899,1.4556847624732587e-14,9.767515994185142e-14,1.055571074227521e-14,0.4791796655015787
900,1.9919026942051465e-14,8.705471522385129e-14,1.7224417867233584e-14,0.4849778313189745
901,1.3756835591036659e-14,6.116367571317718e-14,9.925263225184789e-15,0.47580761607096067
902,8.905874323048595e-14,1.908371691344695e-12,6.74308422036221e-14,0.47273761141259457
903,2.575655013177548e-14,1.0900959498629559e-13,2.4604760676559593e-14,0.4815870234335307
904,2.3925520656594436e-13,6.437568397699016e-13,2.798056129717399e-13,0.47366045411908997
905,5.0538365632680156e-15,6.833747646045963e-14,4.457804467568831e-15,0.4788873857294675
906,1.7835491783272924e-14,3.0294971908465715e-14,1.6388658016073393e-14,0.48384925910504534
907,3.16774042583988e-14,5.0526641859804724e-14,2.7525348376356263e-14,0.48020310207793954
908,2.113209458841562e-14,9.961581777638417e-14,1.8134402520072818e-14,0.4807250618148828
909,5.122907728368031e-14,4.854851053336053e-13,2.8263857483287733e-14,0.4726190973742632
910,1.0662721026759948e-14,5.41681671505551e-14,5.174820674767821e-15,0.47880189106799664
911,2.500809931196948e-13,1.0508373116292705e-12,1.2941335392416246e-13,0.4973992663290119
912,1.7521493510527837e-13,2.264409431415642e-11,3.5170604697862347e-13,0.47343607333896215
913,3.943187377010935e-15,7.549300012628856e-14,2.2712357539983504e-15,0.47949343425862023
914,8.490553046527695e-15,4.8771969808580063e-14,4.8239516329712915e-15,0.48165877810970414
915,5.105323551947377e-15,3.432307849095238e-14,2.491662925393324e-15,0.4796329459029948
916,6.526407840371653e-14,5.55086421194225e-13,4.36393108586651e-14,0.47771169876505154
917,9.670890756705536e-14,5.011873407607704e-13,9.757961186597043e-14,0.49206281409424263
918,1.0158770587949054e-13,4.4143212599879846e-13,7.445676748372032e-14,0.4745734012220055
919,5.0470475890890895e-14,1.786453465239933e-13,3.60573202725317e-14,0.47976752266695255
920,1.5780105342715442e-14,1.842529584222393e-13,1.0437988467687678e-14,0.48153881916659885
921,4.694533046834596e-14,2.120220090868165e-12,4.156767218812098e-14,0.470189941074932
922,5.152865650761826e-14,3.0609401422506215e-13,3.6334974656440286e-14,0.4808413434715476
923,1.6939106648610084e-14,1.3443300749442172e-13,1.329594709062755e-14,0.47440433187002784
924,3.061263274143599e-14,1.4095966587424728e-12,4.819060570986823e-14,0.47319611803104633
925,1.413752952247661e-14,4.161365527121391e-14,1.2608245580964122e-14,0.4799471811478725
926,4.346058342456705e-14,4.612415318927138e-13,3.2314442601640223e-14,0.4764805478975177
927,6.161193111369645e-15,3.619145617629998e-14,3.607885421905072e-15,0.47893770966911686
928,2.38363245046553e-14,9.084483432386376e-14,1.6683499640960336e-14,0.4759057826653589
929,1.4265670426589816e-13,4.433066321787786e-13,1.2485614986029277e-13,0.4770834601164097
930,2.2333261693010734e-14,7.860092240214951e-14,1.9411849770981973e-14,0.47430859583400886
931,7.072594599328726e-14,1.0803473980056492e-12,7.031596510982491e-14,0.4662459684608621
932,1.3204890571950198e-14,8.763201481994584e-14,1.1824684660905181e-14,0.47997995669429655
933,1.99180376114769e-14,1.7286451853296207e-13,9.227118918932034e-15,0.47718092576542404
934,1.3477655446915414e-14,9.88996362585282e-14,9.544996815605342e-15,0.47713830007996877
935,8.972991938208392e-13,4.094631473572713e-12,1.1106288573481047e-12,0.4969978155568242
936,2.728818986526034e-14,3.742571196097062e-13,1.4660578580828835e-14,0.47449647539033324
937,2.13198572918541e-14,1.406701559926784e-13,1.2871596974708047e-14,0.4760053167992737
938,5.9039267650212585e-15,3.15626333736025e-14,4.8344310063536015e-15,0.47932611855794677
939,1.4670201120297515e-14,5.893158529054749e-14,1.3385937536922394e-14,0.4779686687950743
940,4.889503748990203e-14,4.2974179566637353e-13,5.327436433313714e-14,0.472156962309964
941,3.972147350896059e-14,2.119887208349216e-13,3.662259375827642e-14,0.48123634103976654
942,1.2303084456477424e-14,6.430792758675304e-14,1.0153237924101198e-14,0.4785534284077585
943,4.967679982090275e-13,5.414112341069339e-12,2.4015502240458377e-13,0.4856486352800857
944,2.5843479907897616e-14,2.280349838180365e-12,3.1119085691035866e-14,0.4717841996112838
945,1.825631386408902e-14,2.4223349446576005e-13,8.909000206236204e-15,0.4730473844902008
946,4.342762293933796e-14,1.2591382308361892e-13,2.757341685600172e-14,0.4967464152956381
947,2.906312137272433e-14,2.5415469474489226e-13,2.3046461685181232e-14,0.4766167905618204
948,1.6480617807944243e-13,1.334934694617072e-13,1.4470680882420234e-13,0.4923658926709322
949,5.16977860696904e-14,1.6968467339984903e-13,4.642803699687682e-14,0.4812914850132074
950,3.667209531771823e-15,3.995280816941673e-14,2.6780041694660064e-15,0.4779720108897891
951,3.257978463941687e-13,9.20387082858522e-12,3.379306271370295e-13,0.4747049157798756
952,2.180557270938299e-14,2.0828389142914287e-13,1.278461966109275e-14,0.47382602167199367
953,3.2408588527840286e-14,2.4646851659388746e-13,2.6122904852763508e-14,0.4829569656692911
954,1.3913885094474774e-14,8.700882034682912e-14,1.1492944281042557e-14,0.4794919264444616
955,1.1231460104881281e-14,6.976412264215831e-14,5.031689998782424e-15,0.48123691689979753
956,1.824092873205681e-14,1.0043836970108764e-13,1.1228596193346951e-14,0.4768634445121279
957,3.661019494273796e-14,2.3660752749342935e-13,2.1795021533539412e-14,0.48964210192789326
958,1.4442859142638483e-14,9.455399234450192e-14,4.64500777576922e-15,0.47567199045734015
959,2.957971294276488e-14,9.912705088404473e-14,2.6889045547167127e-14,0.49075205365370494
960,6.152281549650406e-15,6.715700067926142e-14,3.936988832328914e-15,0.4790472315362422
961,1.649184313280046e-14,7.684275523689964e-14,7.770203904587158e-15,0.48197740003524814
962,3.999399672066378e-14,3.844666057153549e-13,2.948544340888455e-14,0.4712097544193966
963,1.340698727905447e-14,1.5145143115771273e-13,1.3085350470713214e-14,0.48052446681831495
964,6.315169999871613e-15,2.071341076367639e-14,5.739418651492183e-15,0.47835604400897863
965,1.456388230855807e-12,2.0076102341041315e-11,1.6137830330042247e-12,0.4725642321296618
966,2.997511614162406e-14,1.1733268550212512e-13,2.2767175232480434e-14,0.4804812714777654
967,8.909014094054162e-15,6.979273580528432e-14,7.300466246713267e-15,0.483318224948016
968,5.3097207834964196e-14,7.634788015317841e-14,5.346645285764061e-14,0.4870748380635632
969,1.3909796398943709e-14,7.077808436209961e-14,3.968569913969985e-15,0.47902053107973186
970,1.1606993179662288e-14,1.984495157605687e-13,7.233871814429812e-15,0.47589709000021685
971,1.4817923824528388e-14,5.893025220013622e-14,1.4513771687383267e-14,0.48310221905994694
972,2.9068971888864624e-14,1.3527855625235795e-13,2.790320367436765e-14,0.4784077881457051
973,1.9253439091968537e-14,1.7627187344514946e-13,1.683764293727388e-14,0.47857254196715077
974,8.137561248261867e-14,4.50720424165513e-13,6.987508804865422e-14,0.4762252446671482
975,5.811896856300312e-14,1.0408577378938836e-12,2.2250738695050784e-14,0.4733641901169904
976,3.1568829134787785e-14,1.3104241801271954e-13,3.164048575739546e-14,0.4791680696507683
977,5.5194515504255004e-15,4.473985140515642e-14,3.199498143536519e-15,0.47753825218533164
978,2.075116679022105e-14,4.578930431001459e-14,1.9286981060437616e-14,0.491069831175264
979,3.720889818053772e-14,1.450887744801799e-13,3.088444692990461e-14,0.47623011193063575
980,3.019409673731632e-14,1.0988960356773769e-13,2.772125945547581e-14,0.47580048866802827
981,1.1267285547855597e-14,4.4606659551665363e-14,1.0637390753788609e-14,0.4744701689603971
982,1.0840193051500199e-12,2.0383543415043677e-11,1.3604899231622027e-12,0.47624504817795243
983,3.2740441109872033e-15,3.124325872965832e-14,1.3485986349349668e-15,0.4805687218962703
984,1.1998750264584595e-14,1.474895597628911e-13,1.1687363937189423e-14,0.47857461452367717
985,1.8573495936014525e-14,4.242230955135338e-14,8.99784844246476e-15,0.47951757714618
986,3.437322817117728e-14,9.601479032931257e-14,2.954398952406666e-14,0.47926572416035923
987,1.421840084745442e-14,1.2412660537767343e-13,9.43516046153607e-15,0.4744028876739321
988,3.119291549058327e-14,7.00891792195308e-14,1.574551916338187e-14,0.48083711638173554
989,1.440042147424035e-14,5.086652098344114e-14,1.1606662858870444e-14,0.4770248088927474
990,1.2202773912233039e-13,3.11913150283217e-13,1.1266184432240342e-13,0.4816735979897203
991,1.515898719633476e-13,2.2175112380941225e-13,1.1590226083126852e-13,0.4865582013881067
992,2.745586939017041e-14,5.6578542007608407e-14,2.3593465140671773e-14,0.4733021398424171
993,3.660651718027034e-13,9.714443735253753e-13,3.335157042245957e-13,0.4856093161040917
994,8.701399078998028e-14,5.275987230432272e-13,7.659813508847496e-14,0.4806086588650942
995,2.483485300137259e-14,2.0365036944249793e-13,3.0792863966955907e-14,0.48166850119887383
996,1.1373318519750779e-14,1.5963025720366735e-13,7.837578596971888e-15,0.47788215686741753
997,2.991584620146803e-13,8.645525215666271e-13,1.2401888469680812e-13,0.523385277914349
998,1.2972476253561527e-14,9.199472595127252e-14,1.1708713964475865e-14,0.48078407314023935
999,1.0540395404623741e-14,1.461169634072925e-13,8.663586701288618e-15,0.4780616533564171
1000,3.809670332339893e-12,1.5521770805384892e-10,4.926797095525323e-12,0.47159202039183584
1001,4.397408334989182e-14,3.034464314093377e-13,2.377541730300833e-14,0.48439083303092045
1002,2.0150760871657045e-14,1.127452083177711e-13,8.462706143581438e-15,0.4787319144059438
1003,7.391342804672464e-15,6.571270502755199e-14,3.800302557922978e-15,0.4755881618853891
1004,1.065727324634996e-13,3.410128556833553e-13,1.032098310467894e-13,0.48995189845445564
1005,1.5598430212404853e-14,5.975477810489532e-14,1.2212104618538314e-14,0.48120570771279747
1006,1.1115922947886004e-14,2.4826971092906026e-14,4.672533067190059e-15,0.4844014674774371
1007,4.7591379650618383e-14,9.030461582971984e-14,3.0268899217946317e-14,0.4973789524723543
1008,5.959213566378084e-14,1.950061502210389e-13,3.6177300661235615e-14,0.4923322356189601
1009,1.437338183694657e-14,3.510142297684351e-14,1.3058412745714016e-14,0.48001672014070207
1010,3.001442087393945e-13,4.723433807386406e-12,2.8148958138165117e-13,0.4798496020172024
1011,5.265467385523973e-14,1.1653190509127003e-13,4.2155803391196286e-14,0.5112026511167642
1012,1.6435105453138287e-14,1.5403188841130028e-13,8.337629849027833e-15,0.47254724599915787
1013,5.161902996447869e-15,5.378196962085986e-14,4.065089594358444e-15,0.47985986474668607
1014,9.496739086813495e-15,5.1201345730333835e-14,5.5570752179647626e-15,0.4775416757474886
1015,2.3984565367616083e-13,4.726083087994407e-13,1.933220623692998e-13,0.49462995045178104
1016,1.059435410711798e-13,1.6521485512510783e-12,1.0414654354425584e-13,0.48070337705430577
1017,4.719055547000133e-15,3.351132703819689e-14,3.126340900906058e-15,0.4794145714316983
1018,1.008253959751981e-11,1.2863400421730346e-09,1.1269723663358614e-11,0.4697200254056952
1019,1.0297051028603548e-14,2.0372601962810705e-13,6.356940024874045e-15,0.47869630900386256
1020,1.3127971540283113e-14,3.073577851795042e-14,1.1565029148678198e-14,0.48017368840810376
1021,2.1603653540591822e-13,6.165393174462157e-13,1.289848743052501e-13,0.4936084850662155
1022,7.6736373031873e-15,3.899025199356549e-14,6.638422427870997e-15,0.48272837777622046
1023,3.330052849087045e-13,6.618059159743986e-13,3.431941131265913e-13,0.498207371350145
1024,2.9820734477995157e-13,9.323081192958485e-13,1.8846465086259827e-13,0.5127092761569656
1025,3.5924010822666117e-13,4.937681534611673e-12,4.5481816176092e-13,0.47148890500684504
1026,1.3580754081346285e-14,1.4489074329881041e-13,1.1254735956501241e-14,0.47607649134588426
1027,5.398515586578656e-15,9.99173423659016e-14,2.939569761355055e-15,0.479441132498323
1028,2.5450329180570222e-14,1.432448786163349e-13,1.3259971010105613e-14,0.48036391665809786
1029,1.9490282764947066e-13,2.4153609557284536e-12,1.0362153720513183e-13,0.47425611453072636
1030,7.059268642508935e-15,5.94795650823164e-14,4.1147850026591366e-15,0.4828698732511839
1031,7.404170375528327e-15,8.48374527054497e-14,6.796581167790972e-15,0.47250366102380215
1032,2.2185423453936627e-14,7.86732942708453e-14,1.8047759578094502e-14,0.47926055509306026
1033,7.867436200674033e-14,6.337196615623904e-13,8.102688618972617e-14,0.47300332380400506
1034,2.169839295693677e-14,2.0653981352554597e-13,1.4548102822760366e-14,0.4779553090949776
1035,2.3163355430099844e-14,2.1733742058763902e-13,1.819772693215818e-14,0.4736294218047988
1036,7.296129355272943e-15,4.02685926568354e-14,6.522567965514579e-15,0.4795799529092619
1037,2.840692148522794e-14,2.556144514484354e-13,2.360993381748996e-14,0.4712621381288045
1038,3.85977004349096e-14,2.5377781330075284e-13,2.2704885269820714e-14,0.4731398094445467
1039,9.230745859924196e-15,5.868325607217767e-14,7.172366984901369e-15,0.48634650963940657
1040,9.6140205083298e-15,5.3889878275126406e-14,9.625034190116345e-15,0.48008495387330186
1041,9.957362771441437e-15,2.3913430851037354e-14,7.648453485701155e-15,0.48375616873963734
1042,2.4819286875960664e-14,1.3931952304730818e-13,1.954057348789884e-14,0.4845035231439397
1043,7.553768294406869e-15,5.80421809993204e-14,3.9221137314996035e-15,0.47896866234368646
1044,4.115073722730655e-14,3.4570250570978685e-13,4.1367090381054065e-14,0.4728675003076205
1045,2.1657627123055073e-14,2.3823455016180987e-13,2.7101691080660214e-14,0.4720513915934134
1046,4.1013701694548157e-14,2.5429038886532203e-13,3.4829029753839425e-14,0.4848802657157648
1047,7.870979924863507e-14,1.183035965692826e-13,7.876503152024467e-14,0.484019672460272
1048,9.856630088407384e-14,2.3706834779426e-13,9.054488285617236e-14,0.4790895386278862
1049,9.392184070151343e-14,1.198335248247168e-13,9.203746875425466e-14,0.48799814536469055
1050,8.909791787649644e-15,3.575115187260984e-14,8.969420396067472e-15,0.4764986761379987
1051,3.9004367219538486e-11,8.884391903199519e-11,2.1568352690452854e-11,0.5096884030441288
1052,5.111889580546507e-12,7.298898345050087e-12,2.072095695474235e-12,0.5431965997791849
1053,1.0702223716933879e-14,8.39635183174793e-14,8.804286442573103e-15,0.47704568095796274
1054,1.1888205262822844e-14,2.226651146767597e-13,8.606686989444122e-15,0.4757599222706631
1055,7.587959363627666e-15,2.4132009323472148e-14,6.6505639809272246e-15,0.4792381550418213
1056,2.293301829790883e-14,8.844435370181605e-14,2.015999631750602e-14,0.4797458813409321
1057,1.5699187636067774e-14,1.6768075000345993e-13,1.1529991980384932e-14,0.47233509799989404
1058,5.482381802028723e-14,3.934948169888133e-13,2.8209231192597594e-14,0.47837991536071056
1059,2.9448656230742194e-13,7.172878898662426e-13,1.7238028188263227e-13,0.49833828424452803
1060,1.2108566234398724e-12,2.84859474832719e-12,8.657668956223098e-13,0.5063679715647595
1061,2.9918685509622185e-14,3.208529859383294e-13,1.2557127035293969e-14,0.47920392104133497
1062,1.3404891954719065e-14,4.744817180854257e-14,8.690534000846795e-15,0.4728392841789173
1063,1.1787596820322843e-14,1.6850591600387128e-13,9.884955569881626e-15,0.47395797895442227
1064,3.535954334994797e-13,1.7616394418405298e-11,4.088871887424347e-13,0.47216267566982423
1065,5.1186740354429923e-14,1.4897282551367029e-13,4.9957766685491785e-14,0.47763217277242803
1066,1.0379309461428153e-14,9.402809620377676e-14,1.0258993724737782e-14,0.47203868718643205
1067,6.588052608418587e-15,6.382119260495991e-14,3.623937592865616e-15,0.48213086679170375
1068,2.6574620084194656e-14,8.35121786699677e-14,1.8421369249612246e-14,0.47821543251047843
1069,1.2363741027526697e-12,7.523089654852909e-11,8.552714210167175e-13,0.4710197820793837
1070,1.9831035569357995e-12,2.0641047559486005e-11,2.0785443950455773e-12,0.4762312076316448
1071,2.6192690019475658e-14,3.8922497644888654e-13,2.1786807923429634e-14,0.4769779506110353
1072,1.8273614554296192e-14,1.3998708909648883e-13,1.569541266308941e-14,0.4779522741853725
1073,7.597898929838283e-14,1.4180764797484614e-13,7.277802920805954e-14,0.48568409764848186
1074,6.239774357895499e-15,9.366169772606536e-14,3.649451059951809e-15,0.48055427333165424
1075,3.0090370842870364e-13,3.036586121164064e-12,2.257931269458089e-13,0.47546451900852843
1076,1.5680397359243274e-14,5.977223765504512e-14,1.4783118590677638e-14,0.4768618069880176
1077,1.9766032462547227e-14,1.0046653811321218e-13,1.200935874743863e-14,0.4825072993116919
1078,1.9153698807830453e-14,5.791830090386367e-14,1.242487902370695e-14,0.47782953807036394
1079,1.0191381374507386e-14,3.144048566494123e-14,7.178322130603172e-15,0.48253931911895054
1080,7.321059340203475e-15,7.049851921039645e-14,5.094864714351836e-15,0.48031787247164176
1081,7.508746839251705e-15,3.6759245310211993e-14,6.131134206048962e-15,0.47607752965413963
1082,4.319878279013003e-14,9.054263862720995e-14,3.260813683362905e-14,0.4900385803717654
1083,1.4275722390480724e-14,3.18578077621204e-13,6.922053281945926e-15,0.477256843590294
1084,2.2666508309629297e-14,2.6551565075853997e-14,1.7176012185449468e-14,0.491076511979918
1085,9.868570900629885e-15,1.42791575554143e-13,7.601964292293495e-15,0.48117676393594594
1086,2.0515463134409652e-14,6.228485946433343e-13,3.434276274804863e-14,0.47371574221760965
1087,3.757369965706911e-15,4.1075050200749564e-14,2.130852367510471e-15,0.4792981960781617
1088,1.7254452013237107e-14,4.9229219186388575e-14,1.602424452038917e-14,0.48107279143296183
1089,1.8931578765009394e-14,4.623952386291298e-13,1.2092523460446228e-14,0.4780684931844007
1090,2.448933524166019e-13,3.2777402831929347e-13,2.268037964443421e-13,0.4913172025349922
1091,1.3953123913156736e-13,1.7602320472650984e-13,1.425110730296863e-13,0.4996684350538999
1092,2.987203877590092e-14,1.7683524873312336e-13,2.3282297175034666e-14,0.4792866532690823
1093,2.6614796981220245e-14,1.8948457900210857e-13,3.003986508391306e-14,0.4757076445850544
1094,1.7398649268252454e-14,5.5477407676087414e-14,1.0587782124659914e-14,0.48138948775595053
1095,9.935315827358763e-15,7.861965365200245e-14,9.143594681098466e-15,0.4759337254450656
1096,1.3822112795197075e-14,2.2686044053445577e-14,1.0578678844462981e-14,0.479209111694945
1097,1.8026215418828163e-14,4.45360418868887e-14,1.3781505103399028e-14,0.482045857119374
1098,5.567260373408415e-13,1.030028269630606e-12,2.6263911818313887e-13,0.4858218049048446
1099,3.655369570888417e-15,3.2847594250735966e-14,1.9574440837540713e-15,0.47898879953718276
1100,2.269768754549422e-14,1.952699840990283e-13,2.3321930705414626e-14,0.4754864246002398
1101,4.8995843782220176e-14,1.924825557140983e-13,4.072053026720299e-14,0.4784580459498102
1102,4.65956737225795e-14,1.1379345206704237e-13,4.802557341263861e-14,0.47624954546336085
1103,4.276955663553285e-14,5.431114511108012e-13,1.9452465070141384e-14,0.4775804164703004
1104,1.7331415110364779e-12,1.2694241631381726e-11,1.022484880130247e-12,0.4709399344486883
1105,8.116625535459835e-14,9.359686562472454e-13,7.43904861381232e-14,0.4757776735496009
1106,1.9494882561182542e-13,1.6729311863048198e-12,1.0415718119492612e-13,0.4780733059771592
1107,2.4408266415659643e-14,8.997346372083154e-14,2.3352211826575672e-14,0.49248004539113027
1108,1.1544610363358092e-13,5.892409849268567e-13,7.556190777198675e-14,0.49285053014173175
1109,1.9523102212803243e-14,1.283436315765605e-13,1.4075038199085313e-14,0.474731268742471
1110,1.631992024190934e-14,1.0435212756953643e-13,6.252595343035113e-15,0.47942297128902284
1111,1.869869759807491e-14,1.550805552939377e-13,1.2349174853506661e-14,0.4794987758301431
1112,1.5696610301961228e-14,1.1234572344030751e-13,1.6308153389427393e-14,0.47208929400949273
1113,1.640856421233104e-14,2.4811074385461662e-14,1.2584231066074944e-14,0.48505270603345707
1114,6.02296487756946e-14,1.9340112244698084e-12,7.561290872307392e-14,0.47049080658180176
1115,1.8829782797002564e-14,2.3614460105623914e-14,1.0317931607225899e-14,0.4968931497191079
1116,2.028081450089027e-14,1.0241848868533637e-13,1.8049939478311886e-14,0.48317716125457083
1117,5.2476317238772893e-14,1.1171490512953228e-12,3.226102454651832e-14,0.47205526240577456
1118,3.401738929536215e-14,2.419461046178124e-13,1.8825922179601243e-14,0.48265081467689014
1119,3.315644793647469e-14,1.6078563907930854e-13,2.3848734652945e-14,0.4822750466817524
1120,4.063772710894444e-14,1.2447220137988545e-13,3.7706014473589927e-14,0.48025767907383854
1121,1.0759177125818173e-13,1.4715190963290914e-12,1.0283471419424675e-13,0.46567122684209605
1122,1.3784125026579133e-14,7.367886868512725e-14,6.6892995353724545e-15,0.48120752187096516
1123,1.3057110443215448e-13,1.0251898304184566e-12,9.21023719978058e-14,0.4822386768471915
1124,5.413151639583903e-14,2.2037122842301772e-13,4.375007921928352e-14,0.4982254521688446
1125,3.662149893918203e-15,5.88281540615478e-14,2.799356812517024e-15,0.4770413855672814
1126,1.6820850672798804e-14,5.425738994871729e-14,1.6748995940949096e-14,0.47589446215133646
1127,3.043328508897078e-14,3.6000206007388225e-13,2.3066390306171047e-14,0.48119602673396
1128,4.951156466679113e-14,1.6818429826594184e-13,4.7548905593737415e-14,0.5022000731201842
1129,1.9416304046087826e-14,1.57252406736049e-13,9.510234133210289e-15,0.47914007284562105
1130,1.9421670136163944e-12,1.5052656796358962e-11,2.198375243997447e-12,0.4778287054330576
1131,1.6365816436769703e-14,2.511298927975748e-13,1.3871901162120515e-14,0.4755986928445054
1132,9.857874466755978e-15,2.986160505263515e-14,7.950727781655849e-15,0.47877669796580447
1133,1.8982281254595613e-14,2.6544900083729916e-13,1.0952168513548737e-14,0.4781018902460346
1134,4.2439624162117654e-14,1.6532787640042238e-12,1.1344812026297454e-13,0.4713358854845865
1135,2.453986961322616e-14,2.171422187257046e-13,2.98363716150176e-14,0.47141298159840517
1136,4.566870745328426e-14,2.0977628203916372e-13,3.242879237493831e-14,0.4911242748174118
1137,6.1065447158027535e-15,4.543202545103516e-14,6.420747499465425e-15,0.4723725195377483
1138,7.708385873701111e-12,5.7644540883063504e-11,5.887625631695981e-12,0.4968349475908326
1139,2.0960667626478652e-14,1.8713016253012242e-13,1.464220943030728e-14,0.47702848110347984
1140,2.277390957421693e-14,1.6901522449219942e-13,2.27059173809392e-14,0.4759888629370835
1141,3.2044881968792246e-14,1.3260173788412851e-13,1.1816068976554784e-14,0.4766518097691005
1142,8.317652710997757e-15,4.9119617495680595e-14,7.736046545861206e-15,0.47790172251698093
1143,1.173047950573653e-13,6.412613377947497e-11,7.939846152673346e-13,0.4745029133220669
1144,4.036181108384398e-14,6.540654901484087e-13,3.46217009287649e-14,0.47873723501106724
1145,1.2335299717136843e-14,4.9639061759083415e-14,6.460414551083554e-15,0.4741027849377133
1146,1.0418599917083895e-14,2.0797486399692595e-13,6.790767249485571e-15,0.4727832732751267
1147,8.135431071472711e-14,3.3215671113565887e-13,5.291875599578196e-14,0.49719926569378003
1148,1.9357420424040895e-14,4.3652594824561805e-14,1.7933956279359107e-14,0.48822067595319824
1149,3.156871904134477e-14,1.0129848708203694e-13,3.207811406758724e-14,0.4764599012560211
1150,1.3233837200404701e-14,4.5914391683806943e-14,1.1920740735301406e-14,0.4799666997947497
1151,1.0664949218585679e-14,1.3443606119897299e-13,6.965885905044186e-15,0.47578826733806634
1152,3.017471018930508e-14,3.570599172892611e-13,2.1120784547869714e-14,0.47848210955562537
1153,4.998975430849852e-15,4.437955037264476e-14,2.8358739593837337e-15,0.4790193823224399
1154,6.707941673234884e-14,1.461148351215783e-13,5.2025908503237285e-14,0.4843397259362973
1155,9.481626318160064e-15,1.419434199121269e-13,8.412477727397388e-15,0.47454879008582795
1156,5.0567505185372355e-14,2.5030122094638773e-13,4.439838450065603e-14,0.4740761748311343
1157,3.860571320247084e-14,2.373499307179686e-13,2.532912727825005e-14,0.4773231395491166
1158,3.773835782200924e-14,4.647180103247222e-14,3.514569044997467e-14,0.48896717122988775
1159,1.518560372379807e-14,5.4377746988496293e-14,1.5362400658586523e-14,0.47895203666994346
1160,4.149366885044666e-14,5.1966692061347e-13,3.138249976777394e-14,0.4749636670021573
1161,1.3557445679555343e-14,3.2929963054851324e-13,1.4135567919927156e-14,0.47743882809882054
1162,1.0737236829636543e-13,6.309968992080124e-13,8.173013464778874e-14,0.4898273065278772
1163,3.7546325887003874e-14,2.1172989450253076e-12,5.756851922274363e-14,0.47046147222135914
1164,8.037893988456302e-15,3.194386177533419e-14,8.268561217421773e-15,0.47898460300057194
1165,4.076396177127129e-15,4.187058818139627e-14,2.604811888626888e-15,0.4742505155183608
1166,3.4655775485191143e-15,2.666927808175992e-14,2.1528830692988e-15,0.4789258938020794
1167,1.323092408728994e-14,9.086733242099527e-14,1.0110310763290744e-14,0.47776335609087256
1168,1.2712794394401324e-14,2.0213258378198829e-13,9.915243257451255e-15,0.481422502049827
1169,1.3974853897435314e-13,4.852418554883959e-13,1.4638547565044602e-13,0.480798684572801
1170,7.65864909441347e-15,4.319808753189291e-14,6.532935127136844e-15,0.47501472270232625
1171,8.882195059939854e-15,1.6232978634883286e-13,8.105415142377026e-15,0.47913762974203566
1172,4.203909103109093e-14,4.1447744085407203e-13,4.453795434525468e-14,0.47642693878151476
1173,1.0648571783040892e-14,7.260094360221831e-14,4.6467865313740345e-15,0.4874707004375523
1174,1.205841127318328e-14,8.687082510747385e-14,9.734972069779473e-15,0.4794126759516075
1175,1.862531904958711e-14,6.595211500937221e-14,1.717904130454094e-14,0.47841461772623006
1176,6.980587208519881e-14,2.1237311648381503e-13,5.785063101143107e-14,0.4836710825416958
1177,3.002239198217031e-14,1.0134877327526374e-13,3.1003658534601776e-14,0.4893752274947474
1178,1.219833734515537e-14,9.87325818542024e-14,1.0691926081511238e-14,0.47195927292632406
1179,2.620977907733836e-14,2.277288734901667e-13,2.7806536255112223e-14,0.47914539760095065
1180,9.005885111593984e-15,3.952203541365333e-14,8.576862961825165e-15,0.4803109910950297
1181,6.87980250318301e-14,1.246003726105552e-13,6.29385795115503e-14,0.48438965719542465
1182,4.1262298989581674e-14,1.0297333211352508e-13,3.08888786799541e-14,0.47987220669456293
1183,2.1796990545641364e-14,1.8833064620168244e-13,1.2860197890555837e-14,0.47900490660686046
1184,8.081281972718624e-15,2.559183959240156e-13,7.441518747055404e-15,0.47872032202722037
1185,8.217832175851183e-13,1.704350828437796e-12,6.675849950173512e-13,0.5448280684067868
1186,7.883784913434719e-14,3.526689866045062e-13,6.656973490445883e-14,0.4946918866829947
1187,1.8017797288731328e-14,1.9454242946393842e-13,1.8696003287019898e-14,0.4782235935272183
1188,1.7112858819832994e-14,2.6163890650251774e-13,7.977934136313308e-15,0.47109023861994503
1189,1.1695271191574888e-14,3.154488257135723e-13,1.296887699999059e-14,0.47797950978856535
1190,1.4249118319535554e-12,1.6911309046782648e-12,1.4352617570092313e-12,0.5141111697710585
1191,1.720049681453957e-14,1.4398105410083382e-13,1.6142345725353893e-14,0.4794696791068418
1192,6.8697990622368955e-15,1.2870877533363254e-13,4.412628161505096e-15,0.4753580972581403
1193,4.948122339800551e-14,1.2463468849083242e-13,4.5842618806306336e-14,0.4816231333272299
1194,3.6296251261178084e-13,2.863989989677673e-12,2.9445289836197446e-13,0.4854999007366132
1195,8.72811058795417e-14,2.1616954330495774e-12,5.479798437623456e-14,0.4708259905339219
1196,9.76370389949049e-15,3.740884993295242e-14,7.878045097813355e-15,0.47363018179166827
1197,7.977072829060985e-15,9.185851159112255e-14,6.733350621667356e-15,0.4726024921124917
1198,1.3660226445024191e-14,1.718622070121646e-13,1.1996248816880612e-14,0.47794876886182464
1199,2.598610524659712e-15,5.2357402844071744e-14,2.2849444757161583e-15,0.4792626064619981
1200,2.386062975580078e-14,1.4936714891876568e-13,2.2157283550868172e-14,0.4820871927251574
1201,2.3397502077530865e-13,6.333075897846238e-13,1.556521553850001e-13,0.5147192850243301
1202,5.066053636977113e-12,3.4812542785816814e-11,2.1993542133302283e-12,0.48003241837141103
1203,2.33769682591405e-14,9.742025502294575e-13,1.9480192377293165e-14,0.4801792695419863
1204,7.422400041353317e-14,1.1731539574412555e-13,6.190044263761991e-14,0.48351818943629044
1205,7.452663659725524e-14,4.35911896777085e-13,3.880271956786206e-14,0.4971387244324433
1206,5.1855548277726054e-15,2.3027414280787254e-14,3.995542543915737e-15,0.4788614392833551
1207,1.9509208576008762e-14,2.2189663396790309e-13,1.2034899021466407e-14,0.4748562612017849
1208,5.350803696089816e-14,1.8872077275519479e-13,3.62301558421129e-14,0.4806014955684077
1209,2.3396574223066585e-14,4.938059203167345e-14,1.8956596871378595e-14,0.4783296501467703
1210,2.4216517475983094e-14,7.618406523200128e-14,2.2673484860750125e-14,0.4764984249515692
1211,1.1346844659651306e-14,1.0582379296321437e-13,1.0536606098286603e-14,0.4764545084326528
1212,4.5618475167932396e-14,3.640230222113941e-12,7.340150446605347e-14,0.4708831085823476
1213,1.8153278005566692e-14,1.266023951428939e-13,1.308192986836802e-14,0.48688965368492065
1214,2.3015435410326837e-14,1.7849271234467433e-13,2.2246555961196353e-14,0.4807576493069064
1215,4.6302309421725365e-14,2.6858516809539646e-13,2.3463544772629907e-14,0.47965387312870006
1216,1.6154412981785353e-14,1.1671619043564345e-13,1.7045676866634197e-14,0.4721717945241835
1217,2.3083299540755448e-14,1.6911572351252259e-13,2.0104202384069148e-14,0.4797970138199162
1218,2.0903408016580288e-14,6.643382008189348e-14,1.42899205645914e-14,0.48163213399529925
1219,6.211366116531901e-14,5.160819658748383e-13,6.513973785698538e-14,0.47636308472719974
1220,8.852325266787487e-14,1.8065628512117907e-13,8.228971332730746e-14,0.4736084940726869
1221,1.2460142568624866e-14,1.0418329114128386e-13,9.276510471814773e-15,0.4777613790531177
1222,2.987091500849157e-14,3.8259894838800255e-13,2.725274809640386e-14,0.47195569166360657
1223,3.9869495919313464e-14,4.783811235564806e-13,3.366850620705905e-14,0.4752146732949768
1224,1.1766343786116774e-14,5.932984017676836e-14,9.50415602041918e-15,0.4800879119022284
1225,2.167340684157854e-14,1.246324063759031e-13,1.0961911098973862e-14,0.4787291436281521
1226,5.967974850805664e-15,3.339644934076379e-14,5.446702588059533e-15,0.4788457416143501
1227,2.980557722323846e-14,2.524046353966508e-13,1.8241147767276495e-14,0.47991472012363373
1228,8.34781396442865e-15,2.3518563745186505e-14,6.787834806401095e-15,0.48107793819217476
1229,9.863453883290737e-14,9.024687337365908e-13,1.0186297077630734e-13,0.48614907688461245
1230,5.2177728757938836e-14,4.055313314548774e-13,4.604497766355496e-14,0.48488622877630405
1231,3.763568746126595e-14,1.6342758394134548e-13,3.506413430295667e-14,0.4809705551568186
1232,1.2550259750546803e-14,1.5819452602880073e-13,9.14628098595143e-15,0.47161642854625824
1233,2.8606294689468914e-14,3.837543532127004e-13,2.6937549563584662e-14,0.4760337611340219
1234,1.451958863694254e-14,4.8044267313318024e-14,1.2049204706950326e-14,0.474428604595596
1235,1.2071779449639566e-14,2.8986306972083765e-14,7.269045535660536e-15,0.4837334815732902
1236,1.4320800583124726e-14,4.716988613085826e-13,1.6578553280729982e-14,0.4726914506958565
1237,8.478124341611463e-14,1.2500100494890567e-12,5.749440658257717e-14,0.4848704372823704
1238,1.3173826323357314e-14,8.788639697050126e-14,1.0616814885007931e-14,0.47506214875611474
1239,6.889741032102158e-14,5.710762937392483e-12,1.364883034080476e-13,0.47085450530285017
1240,5.768217883655726e-14,2.458189053687722e-13,4.3914820066327604e-14,0.4855886828474468
1241,2.5952116146918115e-13,3.343716621469481e-12,3.2353273716601326e-13,0.4864018701191526
1242,5.692463744760258e-14,4.4139908590933057e-13,5.46433660567072e-14,0.4759903838392347
1243,3.711278812319365e-14,4.4542032729601813e-13,4.266311328776083e-14,0.47216366267530246
1244,3.632874463320166e-14,2.829133104150702e-13,2.4320686886545858e-14,0.47114381251740267
1245,4.40964114601756e-15,4.144483198272381e-14,2.5483060755764294e-15,0.47678631049057
1246,5.922584636941909e-15,4.639354449980734e-14,5.454804723610438e-15,0.4799135850567836
1247,2.513049651992058e-14,9.489383616233535e-14,2.3709339574165408e-14,0.4809701620019041
1248,5.89557923989314e-13,2.495969443013305e-11,7.694905183674098e-13,0.4738895029469859
1249,6.773585143049935e-13,3.3926650290099425e-12,3.926808212664119e-13,0.48027864352043254
1250,7.774628695408247e-13,1.2819429856838775e-12,8.10892431713965e-13,0.5164084977295715
1251,4.596774030456816e-15,2.8831548809160045e-14,3.482611850578174e-15,0.4790987573680468
1252,1.503635408713325e-14,3.1788956872062285e-13,1.750063983739953e-14,0.47157741514092777
1253,1.4772066574241427e-12,1.8335527833661438e-11,1.0979680736399353e-12,0.48799599054909776
1254,1.1516566450898992e-13,2.791861041487933e-13,7.048467826324361e-14,0.49738022801757326
1255,5.226925978862316e-15,6.661868697515119e-14,4.2763437086658805e-15,0.47958932297769935
1256,6.5507689288631e-15,6.029487019415058e-14,4.691174391646822e-15,0.4790238780464279
1257,1.5368151361284553e-14,1.0481451404242344e-13,1.202263303176728e-14,0.48000879522878676
1258,8.49291628359214e-14,2.7319216570986054e-13,8.721656931230469e-14,0.47303510474448557
1259,1.9029289290922976e-14,3.2681160197533503e-13,1.8400750322520884e-14,0.48064010593807327
1260,1.0905684517230163e-14,7.53451126869465e-14,1.0436587373462609e-14,0.478908539985423
1261,9.00085111099162e-15,6.01964174809179e-14,8.186853721136458e-15,0.4773107990156859
1262,8.6924293658933e-15,2.3228496021607035e-13,8.376571972254986e-15,0.4724184010061435
1263,5.293999830341093e-14,2.484016524520711e-13,5.186777680570392e-14,0.485845624722424
1264,1.8427335968409286e-14,1.118603808460212e-13,1.55425774682644e-14,0.4784750123741105
1265,8.910352088347695e-14,8.527456338491535e-13,8.085412704624858e-14,0.48027389220369515
1266,1.9236399549456984e-13,1.615979540140312e-11,2.1749875648933484e-13,0.47146017252089223
1267,1.3891563484249414e-14,8.050426897699858e-14,1.0301529733111198e-14,0.4787462052801857
1268,8.718820219796307e-15,1.2394761454850618e-13,8.328952833063838e-15,0.47113784192479213
1269,8.879058588485521e-15,1.2804862024103837e-13,6.9693080555502565e-15,0.4718604854264413
1270,9.813258138473226e-15,1.309943117049708e-13,8.684436240773671e-15,0.47960041550686583
1271,1.0203704837640896e-13,4.145339167296549e-13,6.244688696619817e-14,0.48900994335999715
1272,9.50884668242033e-15,6.378057349407349e-14,3.972031142911403e-15,0.47598959133611063
1273,2.735636570184086e-13,1.6301186233228896e-12,1.7157823251100246e-13,0.4791797552403295
1274,5.32965758144896e-15,4.066734518711236e-14,3.603017877398326e-15,0.48081867589207833
1275,5.608639833830699e-14,3.97654212085503e-13,5.274895893160184e-14,0.478002691079746
1276,1.077857990464253e-14,1.5133403976191812e-13,8.397641215116998e-15,0.47856250157055913
1277,3.8566269386942285e-14,2.903795539298428e-12,2.949240280152285e-14,0.47366702669824007
1278,1.2572056846050884e-14,1.28008474028158e-13,7.87476299221161e-15,0.47940007569268345
1279,1.741385661778533e-13,2.5150227250868627e-13,1.5279948557215256e-13,0.5189091704785824
1280,1.642482623934576e-13,7.84049136821192e-13,1.7040527144972352e-13,0.45981552584780727
1281,3.7019704633986355e-14,3.2008270762558845e-12,4.309790628356743e-14,0.47138427495810903
1282,3.362080798139098e-14,2.719218482313249e-13,2.3994491254371695e-14,0.49096679187496195
1283,1.0694384291243031e-14,1.8263557902118942e-13,8.131839398339376e-15,0.47520492223557087
1284,9.862146273063966e-15,5.103228936672382e-14,7.517400105106442e-15,0.47657302259176504
1285,8.957650937960685e-15,1.0972903150640458e-13,5.527190156441334e-15,0.47674192749836947
1286,2.8241365198710646e-14,7.954328064273218e-14,2.993816293577208e-14,0.4762069844524376
1287,1.703237437236842e-14,9.695469502731112e-14,1.3246785291864427e-14,0.47735810895392206
1288,3.7515173825715204e-14,3.9348512179479103e-13,3.229311260345171e-14,0.48998892183881254
1289,3.875737074205536e-15,5.245220394010729e-14,3.804543047989092e-15,0.4785063749062829
1290,2.118466797954055e-14,9.330637570589577e-14,1.9357595304854145e-14,0.48008972965180874
1291,9.354346214757685e-14,6.963827518138987e-13,1.0476856662593895e-13,0.48569720444502307
1292,1.0262681171968385e-14,4.549002164258851e-14,8.050529221619223e-15,0.4808444221125683
1293,7.844678141092764e-14,2.843900061894197e-13,4.586393668893223e-14,0.4832363552384777
1294,1.2832896938085934e-14,8.914064196413313e-14,1.0252979143204917e-14,0.485384846184752
1295,6.39962475439041e-15,4.709572814805589e-14,5.6633242427315704e-15,0.48162732886266896
1296,1.573977498351938e-14,2.8411374655713937e-13,8.225631731515355e-15,0.47613829852489287
1297,1.4570246591785198e-14,3.172678715015853e-13,9.302521995090804e-15,0.4788581417495152
1298,2.208374579554369e-13,1.4010489112945696e-12,1.728156070583027e-13,0.4992304556682939
1299,1.2101033821614832e-14,1.0136875996071231e-13,7.66484558338232e-15,0.4788327345420839
1300,2.4264064304920882e-14,2.1424107381496398e-13,2.988401829573615e-14,0.48195754614134784
1301,5.259789828665795e-15,6.755294423601537e-14,2.5271963833413588e-15,0.47966471033578273
1302,1.0029705877259814e-13,8.09675769227114e-13,6.934215898323382e-14,0.4858684631908545
1303,4.9546552029375315e-14,6.848629267445696e-13,2.640171463720869e-14,0.47483414649323097
1304,4.166648437137341e-13,5.841916979042921e-13,3.6900115910422644e-13,0.4902675243181875
1305,4.545202805417254e-15,2.0903133958696015e-14,4.157819740385401e-15,0.4791708320408361
1306,3.430397691542424e-14,9.545764539374998e-14,3.199102659230953e-14,0.5009213266137522
1307,1.705440373807875e-14,2.8979039798747017e-13,2.0810889683196268e-14,0.47501013896253425
1308,1.5871032918172894e-14,5.505928088976393e-14,1.0823029152054044e-14,0.47486429785785733
1309,3.418063698324125e-14,7.271935324455944e-14,3.034225345929965e-14,0.4914802038692869
1310,7.732925122307423e-14,9.399812527092806e-14,7.66329716872305e-14,0.4866152449452784
1311,3.946286063272757e-14,2.6864425636652315e-13,4.038012942439786e-14,0.48136776104511225
1312,1.4877807872673065e-13,1.1902669503003647e-12,9.612870613742969e-14,0.47687566962849814
1313,3.47593147337868e-14,3.651001607083979e-13,2.652305032376005e-14,0.4706123733849381
1314,1.5208286728601166e-14,8.063804213974595e-14,1.2492430539281455e-14,0.478530362030142
1315,4.733636025316943e-14,1.7500046408843919e-13,3.2510032572786866e-14,0.5006694691081066
1316,5.1974337435393245e-15,6.064609959778256e-14,4.553413204581389e-15,0.47692454001226
1317,2.6367013775771737e-14,2.6606630915887436e-13,2.0799418177221036e-14,0.49853884319891223
1318,1.8517535767489277e-14,1.0764997603036666e-13,1.483057000495126e-14,0.48042363360873425
1319,8.921651177385061e-15,1.0377580561818235e-13,8.818764254110425e-15,0.47624327303492464
1320,9.05490223986014e-14,3.5928640425803616e-12,7.887715024371379e-14,0.4725809208728606
1321,6.742038703583554e-14,8.02995339161895e-13,3.226194193826025e-14,0.4722525853969273
1322,1.5335637018850144e-14,1.4326596768667889e-13,1.4019132630570364e-14,0.48038972676440606
1323,5.293325479361186e-14,3.503582044935884e-13,5.25123176392732e-14,0.4764180342637701
1324,2.2194183390433675e-14,4.582033045288413e-13,1.454833155666439e-14,0.4711243911646307
1325,3.3842619628571576e-14,2.936497683125651e-13,3.414326089103136e-14,0.47995114511868453
1326,4.255770394465923e-14,2.3499594371326287e-12,3.588527827940271e-14,0.4809218086011242
1327,2.302045885015195e-14,1.295497998520746e-13,1.0822896078362707e-14,0.4820856132777408
1328,3.926815578194206e-14,2.8893384168558177e-13,4.788199713462899e-14,0.4811989585577976
1329,2.8091653216769478e-14,2.8080799207397284e-13,2.6376974997268246e-14,0.4771953144867439
1330,1.2330292562915978e-13,1.133573445423629e-12,1.1280816963272921e-13,0.4837562496744795
1331,6.326594258746553e-15,2.283222410809835e-14,4.896329459977746e-15,0.48596276025346014
1332,1.5446455915272458e-14,7.239303507647196e-14,1.4426744629718262e-14,0.4807966213702457
1333,3.0714403701960005e-14,2.3909721021246157e-13,2.6213853730621842e-14,0.48029565933684354
1334,3.488633274338165e-14,2.6907495536977493e-13,2.784464651182576e-14,0.4731082973157754
1335,2.4597222848747393e-14,7.385185270571457e-14,1.8973619823972932e-14,0.48345890011696613
1336,1.6471246930733448e-14,2.9594429850683727e-13,1.2818698083649695e-14,0.47142026195651854
1337,5.885573578254104e-15,8.957719203435098e-14,2.8301493655150857e-15,0.4781726880086353
1338,8.482819930924073e-15,6.834933407111184e-14,6.6360653560289995e-15,0.47824837916123214
1339,1.0918292528467039e-14,4.199193726498041e-14,1.0481363707107102e-14,0.47510013151331804
1340,1.635625160337067e-13,7.788038038144638e-13,1.3063944649234808e-13,0.48198176072910426
1341,4.049806881274981e-14,1.4409457561308615e-13,4.0765925539212935e-14,0.47370475085335784
1342,4.3965727656754686e-14,1.797055267839523e-13,2.4910905357938456e-14,0.49126937232213097
1343,3.475254453623734e-14,1.5870274263245952e-13,2.783062045567328e-14,0.48607745734916535
1344,8.15225073272548e-15,1.8579256778792993e-13,4.03263146022153e-15,0.4749576159811113
1345,2.1130515171666258e-14,3.2921199548591067e-13,2.3419686005179464e-14,0.47159960441931614
1346,2.1994187286912233e-14,4.1735055518556114e-14,2.2456703384561086e-14,0.47661816099716814
1347,1.85784872439681e-14,2.779367805506647e-13,1.6654530387334954e-14,0.47257983313465957
1348,6.801789253703406e-13,4.3433124004382124e-12,7.779989716334811e-13,0.4745400243176846
1349,2.7762207357901447e-14,1.901424755380434e-13,2.8638953803540576e-14,0.4739262712479103
1350,2.440509580766188e-13,1.3063071051368113e-12,1.777867358549858e-13,0.4910193254938349
1351,1.312550952998126e-13,7.491575084333863e-13,9.251731846199029e-14,0.4834268635226181
1352,1.4659396697478736e-14,7.043580391380497e-14,1.17767991246024e-14,0.4780231139913667
1353,1.7313575657060513e-14,2.4060934772263404e-13,8.47086450308994e-15,0.47292297541571315
1354,2.106946202544218e-13,7.843882662946668e-13,2.253369651532867e-13,0.47374769777816256
1355,2.0245116087523702e-14,4.3881091355037255e-14,1.7492310593633574e-14,0.4806927184399683
1356,2.6016096894129333e-14,1.8311706517812252e-13,1.771659428020491e-14,0.47541914124158213
1357,5.5588809267467814e-14,7.28663661952432e-14,3.06189831541924e-14,0.5118053864047397
1358,3.7127056144826186e-14,1.167418558522107e-13,1.7259901034021406e-14,0.47720116257842166
1359,1.1857104054221701e-14,9.070847000401045e-14,9.616159587077653e-15,0.4780610971996794
1360,3.512768574384953e-14,1.8039607663287086e-13,2.6795825378425807e-14,0.48263843354070557
1361,7.641745343869973e-14,1.1738220761740623e-13,5.060000643903598e-14,0.49142126879887654
1362,3.095835986207974e-14,1.7369132016358047e-13,2.6065801030487046e-14,0.47675092387071344
1363,2.715082650468355e-14,1.3388978179085837e-12,2.103378880078559e-14,0.4718157106763101
1364,1.0818201506747762e-14,9.500195073867186e-14,1.0939892505468056e-14,0.4726334444800159
1365,7.43437845141831e-14,1.784543145912668e-12,7.342047851036681e-14,0.47262504534155597
1366,2.4278614616876867e-14,2.1900676394615083e-13,2.653343586256407e-14,0.47262996797217055
1367,8.719883953088899e-14,1.6730571765049282e-12,7.907609270124691e-14,0.4854650389170274
1368,1.4044639412855987e-13,3.5150742567871917e-13,1.2779738115275794e-13,0.4878836547606625
1369,3.191452857659001e-15,2.640405024886448e-14,2.1764287037919037e-15,0.4790735930175288
1370,6.207138698448915e-15,2.9632812034396873e-14,4.693507662554354e-15,0.47897976937529163
1371,2.834453405745572e-14,1.3233011370730097e-13,2.928728968631681e-14,0.479957517539151
1372,1.0577558005801576e-13,1.2885955470933704e-12,8.34923852557699e-14,0.48429369004734324
1373,1.2359679924292036e-14,1.9513874200068552e-13,1.1224032802222505e-14,0.4775867062038742
1374,1.3988902619373028e-14,7.190083454149363e-14,1.3504878278833057e-14,0.4752873715784517
1375,1.4126893852155879e-14,8.174058288600033e-14,1.4223379316149566e-14,0.47979545733251144
1376,2.321711661545503e-14,3.813164074101229e-14,2.2793411781940646e-14,0.478752294142032
1377,1.618095443789648e-14,5.501341974887192e-14,1.1639069330845844e-14,0.47672461621114054
1378,3.2204755077017557e-14,3.6865362141002586e-13,1.4764451927468154e-14,0.4720556687709177
1379,1.2744243007205901e-14,1.0346587920144135e-13,1.0877545587510268e-14,0.47889738355006556
1380,1.757702086512188e-14,1.3493572342261245e-13,1.690292102083152e-14,0.47300001576368234
1381,4.103128433701544e-14,3.923862643575057e-14,2.961762115262402e-14,0.4808992109756218
1382,6.208633837575054e-14,3.027653047272396e-13,5.2639819270316926e-14,0.48247723042441065
1383,2.1828612927397888e-14,2.169479697359211e-13,2.194199307726035e-14,0.4756792632048018
1384,9.49914339729555e-15,2.0543233305197174e-13,6.8117832203569255e-15,0.4758924888388719
1385,5.157704098077475e-15,1.908000267356924e-14,3.902901257135992e-15,0.4805442936863983
1386,5.87909916753272e-15,1.034072884930939e-13,5.00222487709764e-15,0.47616031059878877
1387,5.0350523730020126e-14,1.250894481988492e-13,4.643634841449341e-14,0.47849095362471417
1388,4.849715614173778e-14,4.1330624873297613e-13,3.525518717912812e-14,0.4757157632062444
1389,2.1155472407329858e-14,1.2245423517621863e-13,1.5768650049460303e-14,0.48538259356282654
1390,1.6752662032738818e-14,5.890286206275431e-13,1.7940035051509263e-14,0.4714606865454698
1391,3.2348548735089724e-15,4.9017433141200615e-14,2.4680790926910383e-15,0.4780558410770027
1392,9.11545206174463e-15,8.158893424428239e-14,5.628743281452921e-15,0.47890289934584873
1393,1.970886285963617e-14,1.5200123486594504e-13,1.8197488876711086e-14,0.4758939845720306
1394,3.642360956168977e-13,1.7322476986173622e-13,3.050248534173616e-13,0.5145394909777679
1395,3.6354984605859685e-15,6.152589068072722e-14,2.475480765750271e-15,0.4778048130974639
1396,1.290748412871072e-14,1.3343277219494676e-13,8.130328028653268e-15,0.4780784940754529
1397,1.1088235990243045e-14,2.5360988153492555e-13,1.2196324247465956e-14,0.4752180495270295
1398,1.7499915262774118e-14,9.648042658280957e-14,1.8399994870790948e-14,0.47485256044601554
1399,8.534352080013497e-15,7.408982676469558e-14,5.861046101470804e-15,0.47729134711553345
1400,3.8055297276212705e-13,2.0211107755654326e-12,2.9777138309770625e-13,0.4789955220738193
1401,1.5992625904500625e-14,5.909944410076559e-14,1.4576393257157878e-14,0.4851944498310331
1402,9.71995321502091e-14,4.9811259419279676e-12,8.511742975071742e-14,0.47283501121419247
1403,2.5158192261367497e-14,3.9933184782346444e-13,2.829849578786503e-14,0.4742103847776889
1404,1.0494513072901801e-14,6.187265189152383e-14,7.16143784669773e-15,0.47884678782138507
1405,6.499683609017319e-15,9.386230545674013e-14,3.388328441010994e-15,0.4787570454675006
1406,1.1281268173733638e-13,6.169466315074183e-13,8.802383248418561e-14,0.48015294689685106
1407,6.80565911042369e-14,1.638530652415536e-13,6.273617714938976e-14,0.4793329746811651
1408,9.182038641547632e-15,2.701084061291034e-14,8.200090092345139e-15,0.48168858587450814
1409,1.569605849137231e-14,6.7243154226531e-14,1.4114697088931948e-14,0.48183062520693054
1410,3.5188013874250546e-14,3.8325864922745966e-13,3.758858073999878e-14,0.4842762407584814
1411,1.489157749857981e-14,1.1857844087414042e-13,1.336260166201479e-14,0.47488060270843563
1412,3.2566315971130387e-14,6.251447965064024e-13,4.4679859892266975e-14,0.4802584787568776
1413,5.270552427945126e-14,8.338248328919102e-13,4.391736908430388e-14,0.4750291941280011
1414,2.4354176493735943e-14,3.2120065664620907e-13,1.8823461024501194e-14,0.47339698500582017
1415,4.059805269391455e-15,2.6461303337115458e-14,1.2923732528119838e-15,0.4787254155817209
1416,5.7912601444908196e-15,6.88057090916004e-14,4.359420987966639e-15,0.47483140116964934
1417,2.600611280025494e-14,7.780748436375824e-13,2.7455027675371365e-14,0.4719794592616381
1418,0.0,7.215873278765115e-13,3.006671457321005e-14,0.4714073027018458
