Sample,Raw_RMSE,FCED_RMSE,SRCG_RMSE,AlphaMean
1,1.0784830693038798e-11,7.347247064584297e-12,3.4166627206225e-12,0.7993219555355608
2,1.5913921291711962e-13,1.6384507400282785e-13,7.308808087843908e-14,0.8420767955482006
3,5.045056817857436e-13,2.314558124936449e-13,2.9207263936633074e-13,0.8366761004552246
4,1.2579803528783337e-13,8.415404737210972e-14,6.645384263349888e-14,0.8576312001794577
5,2.6224416026062215e-12,9.541102015184893e-13,1.0260824149462938e-12,0.9159452147781849
6,3.37604921764494e-13,1.851189175049517e-13,1.985560130195753e-13,0.8363569697365165
7,1.742986607513283e-13,3.073131504084026e-13,7.021547370646668e-14,0.7995353460311889
8,5.064064333484448e-13,2.8326591951660395e-13,3.6642136566223095e-13,0.8284382469952106
9,1.2221834927083786e-12,4.740828628617169e-13,5.290925439328766e-13,0.9026715129613876
10,8.865805825772778e-12,5.161123448239205e-12,5.145400196376669e-12,0.9768146008253098
11,2.933425110015785e-13,1.0292226849774324e-13,1.1952415450278559e-13,0.8559459613636136
12,2.952466428175818e-13,3.002870833401983e-13,1.470980633507945e-13,0.815206201095134
13,3.1054067581864763e-13,1.8469802200265979e-13,2.0294395699363108e-13,0.8786589503288269
14,2.1444620517066977e-13,1.0527230378839333e-13,1.1822067957744804e-13,0.8482471873983741
15,1.472262779896973e-12,5.527303990375642e-13,6.441332298082801e-13,0.876088448613882
16,6.67035730750063e-14,1.8476436479111328e-14,2.4542112657562253e-14,0.8589238867163658
17,5.489433864146539e-13,6.107995824413873e-13,5.11145456451743e-13,0.8426205396652222
18,1.1552550622009343e-11,2.3837244471092853e-11,1.4039886399859009e-11,0.8594085391610861
19,2.600296856786263e-12,7.547967468886568e-13,7.648202509262535e-13,0.9673659652471542
20,1.7989289966850573e-12,2.4728717621913138e-12,6.880628124129422e-13,0.7717488560825586
21,1.542071681503241e-13,1.1609467953437262e-13,9.514263203129665e-14,0.8616846989840269
22,1.0451918879108619e-13,6.528176101520201e-14,3.34086186534395e-14,0.8291323693469167
23,9.361862075714843e-13,2.5922084709557434e-12,1.1202695139055715e-12,0.8668786235153675
24,9.464876486337262e-13,1.1136681030451775e-12,1.0728445435173933e-12,0.9572827786207199
25,9.855184360561915e-13,1.2604643049254564e-13,1.4181589924376181e-13,0.9666608393192291
26,5.576255649847321e-13,2.455997198589959e-13,2.411979496516918e-13,0.8728290801867843
27,4.207620457836889e-13,2.410195571701501e-13,2.770392894903549e-13,0.8573325149714947
28,6.896886321184707e-13,3.642974772051387e-13,3.681302838014041e-13,0.8757829193025828
29,1.7514942733771248e-11,2.3885268168400534e-11,1.9184901637957293e-11,0.8871420115232468
30,1.0408312767832918e-12,4.2314526023614264e-13,5.538317180309128e-13,0.8066306355409324
31,2.111487707578428e-12,1.2177352303419937e-12,1.3833298932324566e-12,0.8394477689638734
32,1.21523138373889e-12,1.17763513443355e-12,7.152036542267633e-13,0.9372519079595805
33,4.0330849708345226e-13,1.2090395166001609e-13,1.0801629545310321e-13,0.9125937923789025
34,7.639727120776222e-14,5.298205197290818e-14,4.3285147559672415e-14,0.8430477540940047
35,2.1797425268188533e-13,1.3233969929666939e-13,1.2483351559003548e-13,0.8317480001598596
36,2.6016411069507733e-12,1.5219443855086994e-12,1.6666695742732507e-12,0.893768360465765
37,9.192385525642112e-13,9.08457237566673e-13,8.054969395610174e-13,0.9102532066404819
38,2.1432735354067648e-13,3.381838773123081e-13,1.2052885595690464e-13,0.7990310312248766
39,6.444149462678406e-13,3.4594969830555316e-13,4.481001279418911e-13,0.8791212029755116
40,2.307056041702334e-13,4.92673080036916e-14,9.699218906276711e-14,0.8335775891318917
41,3.8143584562900015e-13,8.567755507192714e-14,9.713275371893204e-14,0.8814453277736902
42,6.445870958403344e-13,1.9208792528967034e-13,1.8241905135803081e-13,0.8414804920554161
43,4.023982000277481e-13,1.0739268487715732e-12,3.251942758833277e-13,0.7823476298712194
44,2.6601676907009857e-11,1.3532850716368462e-11,1.307711962888806e-11,0.972037886083126
45,3.43299772514208e-11,8.53633416341028e-11,4.2910155613694514e-11,0.8489804077893496
46,1.5968497236565818e-12,3.995325074824034e-13,6.036601837667358e-13,0.939316949993372
47,5.701765592411758e-13,5.484802448632299e-13,4.0618359332603525e-13,0.8055749975144864
48,3.458954084160874e-13,1.5577888829070763e-13,1.509346722001662e-13,0.8577956467866897
49,6.254700450113284e-13,2.5260715370790817e-13,2.614834802483556e-13,0.9512237071990967
50,1.8156762961907788e-12,1.637758275068797e-12,1.5293025594834773e-12,0.9230984508991241
51,1.156175945317856e-13,7.825922876997468e-14,6.360434570379063e-14,0.824273485597223
52,1.6791768917967743e-13,8.32727350419327e-14,8.528428357082029e-14,0.8711639827117323
53,4.498829013108789e-12,2.467598220817248e-12,2.524174888709483e-12,0.9698033042252063
54,2.6547036488639434e-13,8.233559620019628e-14,6.223507519356414e-14,0.8482495937496424
55,1.4460460620920263e-13,6.712217723801078e-14,5.6681086866728934e-14,0.8320064848288894
56,4.143242864241612e-13,3.316594111192388e-13,2.1730252388105105e-13,0.85119110327214
57,3.4148446504975584e-13,1.8822786588521015e-13,2.201416392864096e-13,0.8505648707970976
58,6.635665491243419e-14,4.601629715501882e-14,3.462795790213374e-14,0.8677166976034641
59,1.3322581111185615e-12,8.021046858016049e-13,7.031924390173672e-13,0.940617098659277
60,5.65984521625702e-13,6.362218206231377e-13,2.90242347505345e-13,0.7791375499218702
61,1.0543567703015924e-12,4.797160736100928e-13,3.043835491665353e-13,0.8690961480140686
62,4.61182724615968e-13,1.5806470288624376e-13,2.422469674395412e-13,0.8582025103271007
63,2.085787543273403e-13,6.683256362512852e-14,5.936406337386345e-14,0.8272323817014694
64,8.643341306363208e-13,2.2154008884520212e-12,6.018005161415614e-13,0.7697223489172756
65,4.054968168417949e-13,3.135978175205564e-13,2.722185733563028e-13,0.8133539754897356
66,3.155744458724123e-13,1.1875592360968139e-13,1.0453677747085591e-13,0.8653634937480092
67,5.53784118667553e-13,7.398270365596815e-13,4.196179520492615e-13,0.7946027453057468
68,4.2542266842383507e-13,3.5068159660503775e-13,2.1229305162228298e-13,0.8667315097525716
69,4.78753466449352e-13,4.050792268940522e-13,1.9389797859857547e-13,0.8402974838390946
70,5.257814818442769e-13,3.90108857371384e-13,3.397979230002527e-13,0.8757181979715825
71,5.409887204770178e-13,4.3546050624130913e-13,3.057957626677964e-13,0.8116954395547509
72,5.83556805066494e-13,1.5977109497428228e-12,3.690634820469541e-13,0.7564719670452178
73,1.0222142657885183e-12,5.515585009566078e-13,5.563874087394216e-13,0.9337086081504822
74,7.350811349384594e-13,3.6638416824204444e-13,3.7546770302208023e-13,0.8763651974499226
75,3.7583900500920947e-13,3.7405242955652137e-13,3.157881505205953e-13,0.9165577337145805
76,3.7182021036061533e-13,5.427407928283106e-13,2.4679586450818087e-13,0.7926248230040074
77,5.505956443623546e-12,6.305474292397539e-12,5.37522614580909e-12,0.8772727936506272
78,9.319272820310365e-13,2.3653206329954896e-13,3.3285184495759725e-13,0.8673796329647303
79,2.0445077962168797e-13,5.712774036502473e-14,4.631677468611678e-14,0.8656215092167259
80,3.974514321526614e-12,8.045808528707087e-13,9.444523201407469e-13,0.8797410070896149
81,1.5200368285721997e-13,1.0112530370106969e-13,7.453148774245743e-14,0.8495227271690965
82,6.449754149476372e-13,4.868358274767056e-13,2.4112333660842617e-13,0.851961013674736
83,2.3127232561896093e-13,5.612284007331868e-13,1.5535249557423013e-13,0.8292124722152948
84,1.8386041317252924e-12,1.0618406103921626e-12,1.0887001891303135e-12,0.8667010659351945
85,1.2330390858554277e-13,5.316007220409448e-14,3.570892584963456e-14,0.8535404490306974
86,2.5881628833702003e-11,2.1075595329504417e-10,5.1416856652294303e-11,0.7590237015392631
87,2.3546798394165958e-12,1.3941707399143863e-12,1.2673952722399593e-12,0.9448349930346012
88,2.2349585115043932e-11,4.923796597236561e-12,4.0950966964835146e-12,0.9739852741360664
89,4.5058119882338437e-13,3.785516067993786e-13,3.381653596416811e-13,0.9095651470124722
90,3.8404586163391034e-13,5.075755981164206e-13,2.2543441202307893e-13,0.8018782920204103
91,2.293355526285669e-13,4.602428098575127e-14,8.570395715905274e-14,0.8651285294443369
92,2.0028752551855506e-12,1.9973202466454582e-12,1.566320163874199e-12,0.8856988098472357
93,5.202374109239304e-14,1.0260448642561805e-14,1.213681095238735e-14,0.8666130524128676
94,1.205235434821953e-13,1.1735602094767413e-13,6.35682506843158e-14,0.8387851312756538
95,1.5244005096257297e-12,1.6061263104373286e-12,1.1275373835494995e-12,0.825346389040351
96,1.2328344647493287e-13,1.0676323359471687e-13,6.612390064577329e-14,0.8350494733080268
97,3.0788624522968386e-13,5.6021163952308236e-14,8.303433680383139e-14,0.8564532849937677
98,2.3474026750722784e-13,2.0009364166558944e-13,1.7906824445712957e-13,0.8194664834067226
99,2.3393152209649736e-13,1.9146329976994394e-13,1.7548204448645007e-13,0.8786952380090952
100,9.723620122883165e-13,2.0983845962257304e-12,8.772099799664969e-13,0.8212091122753918
101,2.21533729519919e-13,7.552264833159627e-14,1.0143326629192363e-13,0.8739609405398369
102,1.2379245848005333e-13,1.7837148165148229e-13,1.0858344146426635e-13,0.8501733230426908
103,2.2387727562017664e-13,6.978327184784694e-14,9.989872708046444e-14,0.8598545184358954
104,1.8573929628736938e-13,3.141721234264371e-13,7.397074789082419e-14,0.8347605125978589
105,4.799293899012166e-13,3.1190910124182213e-13,1.8272500075524242e-13,0.8757893577218056
106,4.8400559592794e-13,4.176059570223909e-13,4.096458112019934e-13,0.919948871806264
107,1.0930632659917824e-13,4.194729751783981e-14,5.0709548546145645e-14,0.857175137475133
108,4.711391873823368e-13,5.242248722980336e-13,4.792037087413104e-13,0.8746784143149853
109,6.315138149216036e-13,5.028971459514665e-13,2.99649336445724e-13,0.7753940751776099
110,5.357218868062789e-13,1.853526032671e-13,2.5945864034064345e-13,0.8745923660695553
111,2.8864453292594164e-13,1.5016635062318403e-13,1.7879405173591594e-13,0.9055395368486643
112,1.4044508378193812e-13,2.423721704433426e-13,6.087040897667365e-14,0.814149702899158
113,1.651676577945518e-13,4.802611678373272e-14,9.08792883092075e-14,0.838690647855401
114,6.266066285602838e-13,5.659528027583957e-13,5.967217942106536e-13,0.8420972600579262
115,8.553944064780955e-13,1.3398035480316466e-12,7.655362512211914e-13,0.9392704132944345
116,1.1777973912312951e-09,3.5590354322716625e-10,6.237109800985393e-10,0.8529942607507109
117,3.9506416952275473e-13,8.680219061993224e-13,2.856280268008505e-13,0.7941828788258135
118,5.171642841517484e-13,3.3063473998651096e-13,3.381547797040071e-13,0.8914004553109407
119,1.0198036950516997e-13,1.3146397293138338e-13,7.146110298880637e-14,0.8463872505351901
120,5.233689011361063e-12,4.913018286115233e-12,1.4538551014441572e-12,0.8411757782101631
121,4.304765695414499e-13,5.556020715785973e-13,4.1381529923666993e-13,0.8622360695153475
122,5.363141818796136e-13,3.7023195423611636e-13,3.34111543872955e-13,0.9284552682191134
123,1.825121080848069e-13,1.466250473459545e-13,1.5256142160683707e-13,0.871757072582841
124,4.95884489255541e-13,1.852098935392894e-13,1.8212770264127768e-13,0.92341750562191
125,6.711530046811624e-13,3.9563830885340694e-13,3.235354296903036e-13,0.8514748528599739
126,6.283940094947728e-13,4.3032028873504547e-13,3.3310272051351627e-13,0.8619984300807119
127,3.032019771354209e-13,2.2705036427273684e-13,1.11572366059069e-13,0.8840544335544109
128,3.2975071542928247e-13,3.181060218103408e-14,9.469228825108672e-14,0.8625291300937533
129,5.249197158468385e-10,2.8104267155041584e-10,2.7035288040646167e-10,0.9688292756676674
130,2.1145658182785415e-13,8.213337227986758e-14,7.223024070850265e-14,0.8261325227096676
131,4.4374341024686254e-13,6.301756888526976e-14,1.3109011726174733e-13,0.8639523435384036
132,1.0942195069918598e-11,4.25238105626537e-12,3.2860130695306788e-12,0.966925980662927
133,4.2644056398838335e-13,1.7224884504605423e-13,2.322074482518604e-13,0.82606689510867
134,6.964968428681336e-13,4.828678857287374e-12,4.770143248828925e-13,0.7598646183032542
135,8.087981110693812e-13,8.913661501516113e-13,3.907300409322016e-13,0.8565861996263265
136,1.2748289220922743e-12,1.2782878387809697e-12,7.21611743054966e-13,0.8794161323457956
137,9.869633896367747e-13,8.619705259173899e-13,1.870601136020095e-13,0.8178551791235804
138,5.159360617764424e-13,9.25664172448785e-13,2.358872612667156e-13,0.9026820454746485
139,3.7652242203557813e-13,3.9338002236993557e-13,2.5975357783406706e-13,0.7840294585563242
140,1.8195158342386135e-13,1.568089409959151e-13,8.146261534815734e-14,0.7745967359282077
141,2.805296313033003e-13,7.798893127649434e-13,2.935402425739274e-13,0.8656598892062902
142,6.523098820786566e-12,5.151271211806204e-12,4.649497564364246e-12,0.9554053708910942
143,4.482978777076238e-13,5.665336224753851e-13,1.9209669680294264e-13,0.888486105389893
144,3.597835161674767e-13,1.3300597434734433e-13,2.0033266730308253e-13,0.8342053951695562
145,3.393865698999996e-13,3.0402703212237426e-13,1.4643688686208991e-13,0.7759368190541863
146,1.3746350773667815e-12,1.1646752244165195e-12,3.715431121653284e-13,0.7903882781043648
147,1.511051205570401e-13,1.647036457489797e-13,1.383117937635951e-13,0.8048949092626572
148,6.122281505785672e-13,5.774420025830372e-13,5.352795158771742e-13,0.8801989011466503
149,1.3504458732331565e-13,2.3323101513687563e-13,1.086345872548385e-13,0.8275341112166643
150,9.332147168488448e-13,1.1845176725718197e-12,9.06993253761615e-13,0.9193207401782274
151,4.933474426551664e-13,5.645376446405342e-13,2.992092005641165e-13,0.7911571758333593
152,5.209525318075658e-13,2.8283836404945333e-13,3.307807278465056e-13,0.768895135819912
153,2.5697729255160657e-12,1.0571548453728253e-12,1.2678002167085397e-12,0.8758798997849226
154,5.375735718934395e-13,2.798831421719357e-13,2.485822992509665e-13,0.8844363829120994
155,1.3932976790466722e-13,6.947934605837125e-14,7.009499673980287e-14,0.8362974079325796
156,6.654424039824214e-12,2.9179615079276956e-12,2.745058515897812e-12,0.967443723604083
157,5.22796433619708e-12,3.742571663740884e-12,3.773327813892311e-12,0.9180465839803219
158,1.0856367839856699e-13,2.838019220907455e-13,4.833423871287246e-14,0.8129618555307389
159,8.316795046398499e-13,2.7134682762834e-13,2.8921006855180893e-13,0.8753672134131193
160,5.956654781742195e-14,1.4057710513169819e-14,1.1153098251815711e-14,0.8636933874338866
161,5.141574444520894e-13,1.1660636635940797e-12,5.445239233664558e-13,0.8878331556916237
162,4.775822649497155e-13,1.2509810889438735e-13,1.519152257629991e-13,0.8241784941405058
163,3.111751837819232e-12,3.5974503005996518e-12,5.916069380120307e-13,0.8634010035544634
164,6.032060728184193e-12,1.6769327286243716e-12,1.463063596742759e-12,0.9694085106253624
165,2.5125113257064994e-11,9.601018180645099e-12,8.065628258421506e-12,0.9656992875039577
166,3.018221424059429e-13,6.724259273061049e-13,4.3741372375167377e-13,0.8956403527408838
167,4.758192791679311e-13,2.3085359926707307e-13,2.3590858514999194e-13,0.8226635153405368
168,4.671885416835255e-13,1.9987154369705165e-13,2.3056193122489527e-13,0.8927640736103057
169,5.217459781283067e-12,2.307162613299139e-12,2.3365283416518535e-12,0.9356461748480797
170,2.060170410946256e-13,1.6778870087117367e-13,1.2530860557130727e-13,0.847586197592318
171,8.792782671014718e-13,1.1249391973432514e-13,2.1055445191906817e-13,0.8815892446786165
172,1.5030906890912454e-13,7.036312115665458e-14,7.524872018918862e-14,0.8295802410691977
173,9.450247037744056e-13,4.906328509251355e-13,4.3856594471731613e-13,0.9160578433424235
174,3.117395065875081e-13,3.2769966391956306e-13,1.9836796095258024e-13,0.8327247485518455
175,1.872463450857491e-13,1.0959179125010602e-13,5.832155504775133e-14,0.8318453229963779
176,5.055274433782828e-13,6.597231854052093e-13,2.2353368296998278e-13,0.8200310094282031
177,1.4721515141206078e-12,3.1870036235958645e-13,5.51077714380404e-13,0.8451860865578056
178,4.781138510125241e-13,6.264528697451451e-13,3.2290540367010213e-13,0.8005346456542611
179,7.213842234508242e-13,4.582154648072683e-13,3.8581339928629605e-13,0.8739358803257347
180,3.681018188407846e-13,3.2208500875466073e-13,1.5797630854500742e-13,0.8347336854785681
181,3.718077216530623e-13,2.3357441756270664e-13,1.7460065724313785e-13,0.8728692267090082
182,4.75447044245733e-13,3.233344975662358e-13,2.6445454765562267e-13,0.9538450561463833
183,4.692198350372219e-13,3.094823200444974e-13,2.266325629772113e-13,0.8057618017308414
184,7.929650181995936e-13,5.705367968471683e-13,5.609849008662947e-13,0.8585452223196626
185,1.9981991434936332e-13,9.379530432501399e-14,1.1875280761117225e-13,0.8477507887408138
186,1.3844658973777303e-12,8.074907330748069e-13,7.747819158972814e-13,0.7897759160026908
187,4.090372260739249e-13,3.4785140379751256e-13,3.3591873049404555e-13,0.8686029076576233
188,1.9089451337561e-12,3.9494800417671944e-12,9.72440720552273e-13,0.7657726746052503
189,8.975817867652142e-14,4.186797106288727e-14,4.931666503862387e-14,0.8498368792235851
190,2.7402884746441545e-13,3.4858548591762586e-13,2.775289911736665e-13,0.8508400263264775
191,3.416613529783033e-13,5.17688261635529e-13,1.4368933725112109e-13,0.8030475260689854
192,6.363637349784841e-13,6.773686310011208e-13,4.79941376660827e-13,0.8610039364546538
193,5.869417574350126e-13,8.415094458321461e-13,4.617495933397041e-13,0.8958491198718548
194,1.5464747406220968e-12,1.055530973977718e-12,7.660502761961427e-13,0.8921567939221859
195,1.29461726242497e-13,1.0233721928958295e-13,9.826713748594478e-14,0.888152651116252
196,6.071176553715093e-13,3.974605041153806e-13,2.1628666615771466e-13,0.9133767433464527
197,2.5126729751266153e-12,1.5148620436046982e-12,1.786630100513353e-12,0.8414363062009216
198,3.1452929749008965e-11,9.302769678557445e-11,1.924541391421052e-11,0.8205503348261118
199,2.56001781713169e-12,8.793980274372767e-12,2.1094406477246914e-12,0.7957520920783281
200,2.2336149904033365e-13,4.2433252452307667e-13,1.5764664212596925e-13,0.8353860652074218
201,1.7186618307626265e-13,4.3692151377056976e-14,6.244872282229344e-14,0.8894964478909969
202,3.1652634143921257e-13,7.115356582796512e-14,8.944979760575206e-14,0.8497550809755922
203,2.582894098401279e-12,2.7174622379814903e-12,2.3201142110935154e-12,0.915401128679514
204,3.22749361845901e-13,2.5638418080793977e-13,1.189951553975608e-13,0.8589863888919353
205,2.1221975634320417e-11,2.0350324302459495e-11,1.885693662963572e-11,0.9687101610004902
206,6.464501430577878e-13,1.8722565704717307e-13,2.479815751730524e-13,0.9045783095061779
207,1.1835422081234803e-13,1.0923554090773882e-13,9.36618889240663e-14,0.8332530811429024
208,9.040951991419367e-12,6.505923248817435e-12,6.3277928663541924e-12,0.9125509992241859
209,3.935582500085734e-12,8.75534117399782e-12,9.787871748458575e-13,0.7914462487213314
210,4.368446390250655e-13,1.6021194654297318e-13,2.2867592726413426e-13,0.772956263506785
211,3.9049416961355845e-13,1.421940621552689e-13,1.7021354852052875e-13,0.8505782008171081
212,5.372558332813797e-13,2.875014848296863e-13,2.4327909755342107e-13,0.8947688166052103
213,7.519006595775804e-13,6.144331118915654e-13,3.9887235376885377e-13,0.8200286336243152
214,3.248017909385622e-13,2.2451710944299661e-13,1.738027967324119e-13,0.8510578135028481
215,3.859868909037202e-13,3.438072745700064e-13,1.6662441304936978e-13,0.8380162021145224
216,3.0254938707227594e-12,3.0839903577468173e-12,2.7885545219756355e-12,0.9238077253103256
217,5.962282572604588e-12,2.534710102797334e-12,2.3317064614667928e-12,0.9311212494969368
218,1.382210487267047e-12,3.240691447335159e-12,1.2829999864800827e-12,0.7627963148523123
219,1.7940636659608064e-13,2.1008199876575158e-13,8.24912000636208e-14,0.8419799974188209
220,1.2073862141550315e-13,7.8741630458831e-14,7.180305194233766e-14,0.8540926896035671
221,7.664609280873172e-13,3.1118671616144145e-13,4.0127071084843614e-13,0.851452356018126
222,1.4879180601092734e-12,1.7808088231910288e-12,1.4927294549179992e-12,0.855476419068873
223,3.180362232362676e-13,1.6729791261538103e-13,2.0654331879834828e-13,0.7890235357917845
224,1.0877805956321208e-12,1.3062824626353452e-12,5.936268785587402e-13,0.8058393021114171
225,1.1408604512495116e-12,6.082393179397826e-13,3.6860457921381276e-13,0.8610404180362821
226,1.1603267458297961e-12,4.165279165005207e-13,5.931304222512843e-13,0.8905556436628104
227,2.3694014595620423e-12,5.861223636747581e-13,7.702412325930906e-13,0.8627370154485107
228,4.717342693629128e-13,4.537540831675804e-13,3.707127795513685e-13,0.8812005233019591
229,4.207999366651227e-13,5.822704711067174e-13,1.600425930719525e-13,0.8593218103051186
230,2.3482871089386106e-13,3.558839622461675e-13,1.9060514771263314e-13,0.8118324130773544
231,1.468072730072115e-13,1.1500747140142225e-13,8.426612396640208e-14,0.8339816194027663
232,6.105561415346233e-13,9.36984603036369e-13,7.536942929914319e-13,0.8394362552091479
233,5.484474452023023e-13,1.175773460696117e-13,1.9969680033769322e-13,0.8908723156899214
234,8.505030485618422e-13,5.582952482471364e-13,5.552141779999595e-13,0.9084073431789875
235,6.727281602006536e-13,2.540744086885722e-13,4.304094814825512e-13,0.8124234212562442
236,1.3673840567582543e-11,5.2613622806650985e-12,6.186076074194371e-12,0.8929177720099688
237,3.46819265835261e-13,2.4331684857458127e-13,1.5345737861077508e-13,0.8458798309788108
238,3.1784344844150707e-13,1.8373036331071773e-13,1.3357712053906148e-13,0.821784722711891
239,3.5158331128790924e-12,2.0750343390216112e-12,1.5015601130264627e-12,0.9582008942961693
240,1.465101858900813e-13,1.677561155716475e-13,7.250029017345479e-14,0.8013697703368962
241,1.7794994617493933e-12,7.958753224341849e-13,5.92723743205346e-13,0.9265439987182618
242,1.7139695877551062e-11,1.4053289991572857e-11,1.3861713167815333e-11,0.9734727442264557
243,4.795627751423458e-13,3.24083215220638e-14,5.85095901031713e-14,0.8771744102239609
244,3.9876508537215887e-13,7.065721133315774e-13,2.0010283534596955e-13,0.8378298375755548
245,5.678552821148799e-13,4.4987457043469003e-13,4.189987188669155e-13,0.8565336724743247
246,4.827903759001047e-13,9.794431164051499e-13,3.43734723280582e-13,0.7978082522749901
247,1.4920677181493828e-13,5.750293586219587e-14,5.849108754922142e-14,0.8879125971347094
248,1.7128818565920775e-13,7.504480311586066e-14,7.333508051762335e-14,0.8917238492518663
249,7.663260252703104e-13,6.675235943910714e-13,4.329315440786169e-13,0.7828522755764424
250,8.948736507565023e-13,2.2135786511938972e-13,2.2012944794925054e-13,0.9641589254140854
251,1.4287515962711305e-13,8.100331185838872e-14,8.662586564321672e-14,0.8614435490220785
252,1.1974344499320408e-12,4.86130638451834e-13,4.025659486808942e-13,0.9049940370023251
253,2.8377234394116576e-13,2.722202349427906e-13,1.7043034880570623e-13,0.8201932614669204
254,1.4019538385884282e-13,9.864498600078929e-14,4.23038596897446e-14,0.8325450848788023
255,3.961533765610434e-13,2.244666855133867e-13,2.2621255174396872e-13,0.8693875126540661
256,3.2590264518466335e-13,2.2709083680342395e-13,1.1575514042688272e-13,0.8582700576633215
257,3.483671005876374e-13,1.2244164053947886e-13,8.994610517764991e-14,0.8859191566705704
258,5.367204892816185e-13,4.514459832501704e-13,4.3050474543270185e-13,0.8446670243516564
259,6.678187259766237e-13,7.437654192540379e-13,4.398492633199851e-13,0.8511432519182562
260,1.4276733404084535e-12,1.2460028964022329e-12,9.98151604912948e-13,0.8749640073627234
261,8.28008437946308e-14,1.5892950769285401e-13,3.122051325651924e-14,0.8203158466145396
262,4.3541027093535046e-13,3.608173658182575e-13,2.4565997462453384e-13,0.8233096210286022
263,8.443301712411549e-13,8.426767592531247e-11,3.2517903130095247e-12,0.765382120711729
264,1.1716943039865625e-12,8.51542710068706e-13,8.342399613289471e-13,0.8171358863823116
265,3.659697275164289e-13,1.7290837058225838e-13,1.2468161816869658e-13,0.8307447178289294
266,1.3613582099413721e-13,4.18094658240704e-14,5.826301985373664e-14,0.870031724870205
267,1.026598046379586e-11,4.2950498338647745e-12,4.649825154755635e-12,0.8389654777944088
268,1.0423911168598909e-12,6.415631993985531e-13,5.711078470480562e-13,0.8902833547443152
269,6.5663327768925754e-12,7.677913366478987e-13,1.6224867590355669e-12,0.8746152164414525
270,3.0102213999891787e-13,9.26860427344486e-14,1.1694090680447816e-13,0.8469960551708937
271,1.3903723941021803e-13,3.27468367968037e-14,6.312750004840881e-14,0.8755450613796711
272,3.480604276506658e-13,1.571666759160007e-13,1.0565194162554754e-13,0.8070276726968586
273,1.5845104104922636e-13,2.06180647899051e-13,1.41330297653169e-13,0.8111455065198243
274,1.2217770080535585e-13,1.2494738654110046e-13,4.464515371804355e-14,0.8171230651438236
275,1.5689220559774702e-13,1.3973414080515e-13,1.0599244901784871e-13,0.8299746064469218
276,2.2211044156570103e-13,9.858071239856044e-14,1.1205757497676363e-13,0.8199357129633427
277,7.065781897015261e-13,7.663119977041283e-13,5.257717371407544e-13,0.88840077444911
278,2.3059046295776873e-13,1.115048020376916e-13,9.631942014312739e-14,0.9052083630114793
279,2.8111026062205065e-13,6.714205740894241e-13,2.2226575813661096e-13,0.8119345412589609
280,7.941238345006884e-13,2.381531527508859e-13,2.822481781107962e-13,0.9118828408420085
281,1.903958482676164e-12,8.269392690676623e-13,9.18544305127133e-13,0.8981088019907475
282,6.950534481309027e-13,2.675324227546739e-13,3.4152266140065103e-13,0.8420014558359981
283,6.099572523641077e-12,5.565107618133301e-12,5.49893039140194e-12,0.9753788627684117
284,7.079481055625057e-13,1.1745572923689144e-12,3.3395107229281685e-13,0.8087040428072214
285,1.8560738245665715e-13,1.1684660174810174e-13,7.361976380821977e-14,0.8356962747871876
286,3.7549248786300584e-13,1.7385982927779344e-12,6.008550306377285e-13,0.7986403035931289
287,1.1034732967882872e-13,5.701848964874953e-14,4.9056645631866055e-14,0.8532455971464514
288,9.69018348670152e-12,4.840378197547355e-12,4.674815317622691e-12,0.9334469087421894
289,8.589217470093808e-13,7.844111018724061e-13,6.242537696214831e-13,0.9399270042777061
290,1.6912837369192964e-12,5.017144419111531e-13,3.5171418648851646e-13,0.9377681232988835
291,2.5980609657973853e-13,5.149597591626294e-14,6.727389015509376e-14,0.8754792388528585
292,1.5321869317817228e-13,6.923142436043107e-14,8.091480988516813e-14,0.8629079531878233
293,8.411106913298045e-12,3.6797419232138724e-12,3.9709359540807285e-12,0.9470667541027069
294,1.1919996127908402e-12,3.8405817284365337e-13,3.780576511727623e-13,0.9508552372455596
295,3.776469617457447e-13,1.590262769317967e-13,1.2127009845768427e-13,0.9450847983360291
296,9.757453971159803e-12,3.856442200720566e-12,4.1731887453145235e-12,0.9377447240054607
297,2.366452630585545e-13,1.0630534034012114e-13,1.0196282247850297e-13,0.8779297215864063
298,8.131832158957503e-13,3.9000835920441983e-13,2.3565355633798633e-13,0.851001619361341
299,5.295056240683396e-13,3.539716902815576e-13,4.1239856791193515e-13,0.8592061791568995
300,1.4460981972720895e-13,1.417305721445004e-13,9.06986706528362e-14,0.8131208002567292
301,5.374926303150404e-13,2.2410002623996753e-13,2.1799850766853935e-13,0.8095930789597332
302,7.037749616311471e-13,8.985152970908082e-13,6.860388228593801e-13,0.8465191021561622
303,6.933375852077629e-13,4.962047666228369e-13,4.938334688925666e-13,0.8801431996747852
304,2.7038587023659973e-13,5.873362824213142e-14,1.0361629203517768e-13,0.8317957729101181
305,4.642594704977314e-13,1.1820081896117858e-13,1.0756060023792443e-13,0.9096422307193279
306,4.438560035035533e-12,2.378198166277602e-12,2.2863909234941133e-12,0.8858320042490959
307,1.1910420688157398e-12,4.684141416673362e-13,4.826898955817266e-13,0.9171179309487343
308,3.034834277502082e-13,3.322577406772859e-13,2.5548310225204214e-13,0.9172110110521317
309,1.1976836099666733e-11,5.178837527850821e-12,5.719515995310646e-12,0.9590623140335083
310,1.9325794155563866e-12,1.7764558539474478e-12,8.3518782674902e-13,0.7874772596172989
311,7.42485746401822e-12,4.43588421500352e-12,5.045312271036396e-12,0.8630983158946037
312,1.16745967876817e-12,5.226882761141793e-13,4.608200413868983e-13,0.8328850796446204
313,1.3636447499718906e-11,9.864726791512757e-12,9.161768451970886e-12,0.9672870090231299
314,9.527619808453073e-12,8.751944364358421e-12,8.259149038869927e-12,0.957018968462944
315,1.1110618903016072e-12,9.292189265868086e-13,8.129251094582519e-13,0.9577114194631576
316,2.371019472571423e-13,1.683041438564758e-13,7.038627817256286e-14,0.8473606698215008
317,2.080489977861749e-12,7.343970317127104e-12,1.349286899967578e-12,0.7627718550618738
318,3.041435223637453e-13,3.7181979648114445e-13,1.2077745412328314e-13,0.8172505930997431
319,9.725974819295314e-13,3.6240608144448693e-13,3.4474683887471224e-13,0.8248461369425059
320,1.5337694454086243e-12,1.5227201210004537e-13,1.3445751804240726e-13,0.9682283267378807
321,1.6332146048871082e-12,1.2653400605805227e-12,1.2828647045950836e-12,0.8780016090720892
322,2.174131183287933e-12,4.418358924101817e-11,5.091148731465174e-12,0.7500312237767502
323,2.4507549160185656e-13,2.4902300380696094e-13,1.0281084952720055e-13,0.776944210100919
324,9.623691739901099e-12,1.7920256477075898e-12,1.5522053943176184e-12,0.976544651389122
325,1.3199687801957577e-12,3.919757169458165e-13,5.703529024160474e-13,0.8524658180773258
326,1.672958620491249e-12,6.663637974249741e-13,6.584773661678308e-13,0.9600565679371357
327,1.9732945253842715e-13,1.925190445394591e-13,1.73686091535041e-13,0.7981901329942047
328,2.932915453553614e-13,2.532516074490627e-13,2.2061120226208118e-13,0.840296384319663
329,2.722615078475563e-13,9.464715855993498e-14,9.878162773276364e-14,0.8905596539378167
330,1.1959088663396101e-13,1.981390802519836e-13,4.890418763406448e-14,0.8349185734987259
331,1.2529929289372913e-13,7.374250206049633e-14,6.245486016933314e-14,0.8582702569663525
332,5.836437417397429e-13,3.803823996290664e-13,3.53542957408083e-13,0.82851353995502
333,8.106912449806015e-13,4.2069752720116315e-13,5.033833162040344e-13,0.7937974738888443
334,1.874942860082921e-13,1.0394573766753646e-13,8.037724358647408e-14,0.8706808842718601
335,6.500497824438171e-13,1.2167710516450432e-12,2.7934205249907325e-13,0.776179320178926
336,2.5230472811975075e-13,3.3372027793356956e-13,1.8240965679145616e-13,0.8337154358625412
337,1.9372517866918552e-11,5.1283868439837235e-12,4.305469137345975e-12,0.8947072513401508
338,4.807234836954357e-12,3.0150727530288486e-12,3.2841779126500633e-12,0.9145063068717718
339,4.5129838671726574e-13,8.570133717601879e-13,3.0184619942033753e-13,0.7942920313216746
340,1.2583078085589213e-12,4.2055907955701973e-13,4.58613005236056e-13,0.9054687812924385
341,6.157361765153911e-13,2.1937375360969565e-13,2.38560210888094e-13,0.9467417217791081
342,1.2301989773460167e-12,2.0838783789980985e-13,3.869923193987697e-13,0.8570770177990198
343,8.089715670277493e-13,4.036333212460595e-13,4.0491997613590163e-13,0.8748278882354498
344,3.1105254387724493e-13,2.8785481336823206e-13,2.440258024870943e-13,0.895987942442298
345,1.3029304999707424e-12,8.026764962360236e-13,7.352295292022012e-13,0.8701826645061373
346,9.016152487508286e-13,6.488988529725047e-13,7.001680598798689e-13,0.8527208097279072
347,3.934142955368702e-13,3.695538643774779e-13,2.58146418079822e-13,0.8354816067963838
348,7.613232837176212e-13,6.320243246174547e-13,5.484499744942026e-13,0.9136299155652523
349,1.7746055614690134e-12,9.295770584703782e-13,7.284352459192983e-13,0.8648384371772408
350,1.8242060815691328e-13,1.146526551111891e-13,1.2370921315650447e-13,0.8851773589849472
351,3.9295358086393223e-13,1.526356855156911e-13,1.4750163381010482e-13,0.9068123728036881
352,1.991874450953266e-13,1.4815203900060905e-13,1.3419749441304685e-13,0.8644666427746415
353,8.388350197594583e-14,2.4526595863953204e-14,1.5463058594814564e-14,0.8540273221209645
354,7.721024004301008e-13,3.026254447209617e-13,3.039726136448339e-13,0.9250238187611103
355,1.2253214553300264e-13,6.75851946880525e-14,6.752885755661694e-14,0.8328525142744183
356,3.888184409477933e-13,4.1241140342121114e-13,1.594068786369528e-13,0.780485685262829
357,2.246239341828626e-12,1.0529700993250208e-12,1.1214769772821116e-12,0.9502755761146545
358,3.8277137197969795e-13,2.591780593954848e-13,2.3917785975551623e-13,0.8929623458534479
359,2.0409048538836763e-13,1.6626794149701753e-13,1.3967299516867737e-13,0.8620202101767063
360,2.0298036187545967e-13,9.590979798349866e-14,7.368259829138158e-14,0.8035457140766085
361,1.8990371916788378e-13,1.086647854895202e-13,1.1462333776772963e-13,0.8536101471632719
362,3.390555180387715e-13,1.4833173387709008e-13,2.0546258518753682e-13,0.8592181082814931
363,8.021310989303915e-13,8.333611961381587e-13,8.170827673439197e-13,0.9516508936882019
364,6.62379013412368e-13,4.599207904207328e-13,3.267599076669613e-13,0.9039704777300358
365,3.9116866912308423e-13,1.9012754129250715e-13,1.4933057894383942e-13,0.908728139847517
366,1.9035116466752986e-12,6.700385215779365e-13,8.30287105078046e-13,0.9292488195002079
367,2.5526573209311145e-13,2.8312926760278204e-13,1.1338560830251964e-13,0.8637885611504317
368,7.052907917206273e-13,3.4333367381497917e-13,1.1855590862946673e-13,0.862515202537179
369,1.7357875051040594e-13,8.730255484353757e-13,2.0316411255791546e-13,0.7791983127128332
370,1.2426823182973143e-12,1.4444016064211883e-12,9.572821177165052e-13,0.8431571211665869
371,6.274930352722586e-13,2.8877524797255956e-13,1.5084759307875263e-13,0.8513883467763662
372,1.3036330713676006e-13,6.080422505355032e-14,6.535034464018806e-14,0.8497011743485927
373,1.5774085772947148e-13,1.3480577408032858e-13,5.713680709269916e-14,0.8764881486073136
374,1.0698868470448157e-12,3.4350670941768526e-13,3.1923728770344055e-13,0.8970119077712297
375,9.174176735727766e-13,6.271305225070721e-13,6.966687034903276e-13,0.82959572263062
376,2.609484561641214e-13,1.4631442875514706e-13,1.5972575415865973e-13,0.8804287858307361
377,3.0510187500716917e-13,4.1471452118057586e-13,8.159946047823979e-14,0.8295916217379272
378,9.274020554099529e-13,1.2181611728637108e-12,3.6310324497760423e-13,0.7799039589706809
379,1.6824961681028244e-12,1.1182850715247976e-12,9.747175694951362e-13,0.8214436086826027
380,9.66644651118624e-13,4.295323911293596e-13,6.352034966874049e-13,0.8379821207374334
381,1.874579003509956e-13,6.014531084989833e-14,8.157251136940629e-14,0.8998580664396286
382,2.6551198379541516e-13,7.362762472817679e-14,8.352473845508709e-14,0.848598949238658
383,6.466764601080552e-13,7.503218181347298e-13,4.025278970316557e-13,0.8158909174613654
384,1.9633062701107163e-12,9.459498395770595e-13,8.516465306089053e-13,0.931046687066555
385,2.1322115540101748e-12,1.1704434564018702e-12,5.588313338659918e-13,0.8361230671405793
386,3.682077665640634e-13,1.6386194521237591e-13,1.9232115834665904e-13,0.8474719928577542
387,3.2413290182187627e-13,1.9249244348477446e-13,6.962377160448699e-14,0.8861840926110744
388,2.323692605948947e-13,1.4360710193074385e-13,1.2932693306831039e-13,0.8883400015532971
389,2.113125272493903e-12,1.8607158983854002e-12,1.858338845342711e-12,0.9706928476691246
390,4.138337421161169e-12,1.9363333728676427e-12,1.6433277039348753e-12,0.9180143922567368
391,3.8246943700558476e-13,1.9455480717860537e-13,1.22319238407758e-13,0.9301458783447742
392,2.0523557589014453e-11,4.4787311626774984e-11,2.248174660835203e-11,0.8472505930811167
393,3.419786960765366e-13,2.844531066425609e-13,2.540405877288825e-13,0.805229932628572
394,6.167847895124161e-12,2.7876546436753286e-12,3.809576345606216e-12,0.8200841868296266
395,1.8767388857746315e-13,2.6946235599154124e-13,2.423430504838174e-13,0.8328949423506856
396,1.4150740582341666e-12,4.1898609005564955e-13,3.1627926819246126e-13,0.9270378604531289
397,3.3232371183979265e-13,2.704076653180656e-13,2.541679815287865e-13,0.8595283061265946
398,1.2247621031870648e-13,1.4484374951406752e-13,4.801833826599868e-14,0.8331146445125341
399,2.2183034851152496e-13,8.166664905753985e-14,8.492700950227667e-14,0.8311243783682585
400,1.387610012993197e-13,2.9086288761073586e-13,1.283180871179267e-13,0.8375397289171815
401,1.0488871479319224e-13,2.4329255090683024e-13,5.089427246938971e-14,0.8075969480909407
402,2.241494923572135e-13,1.358246379886916e-13,8.123496653557981e-14,0.8034816350787878
403,7.847287301311406e-12,3.7650203703355954e-11,1.5098931606454357e-11,0.7711015020031482
404,3.995233216980018e-13,6.98909871495697e-13,2.180659790719799e-13,0.7915636696852744
405,3.3331455188095325e-13,3.012413633838079e-13,2.831139962601205e-13,0.8723360083997249
406,8.356525024992419e-13,1.4488261875794356e-12,7.522010232215454e-13,0.926536800339818
407,2.5890798249479727e-13,1.8220150401102558e-13,1.0973669380208039e-13,0.8383750529959798
408,1.507183079660104e-13,1.7937404776100448e-13,6.853608547299942e-14,0.8057023564353585
409,2.9616449018028405e-10,4.977707754348124e-11,4.0953642104059354e-11,0.8806481312960386
410,1.0565642385188843e-12,1.0796096786350483e-12,3.631897348764287e-13,0.8122155331075191
411,6.923730818136095e-13,4.4600298254145196e-13,3.679325397251081e-13,0.8307778313755989
412,7.242665190920549e-13,5.689437718717657e-13,5.477060970355545e-13,0.8793336391448975
413,3.4893877304924283e-13,2.494721663893411e-13,1.474932173654353e-13,0.7785295605659485
414,2.407368490005187e-13,1.212490946539121e-13,1.345561782429799e-13,0.9109695617109537
415,2.793746123762907e-13,3.971881760161463e-13,1.1330150057272562e-13,0.8192242952995002
416,2.7149663339487623e-13,1.8524506240705802e-13,1.0452795741865055e-13,0.81732117831707
417,2.1068181051073277e-13,1.0034639944726699e-13,1.0197999410815051e-13,0.7925739318132401
418,4.042377539035699e-13,4.993319141366011e-13,4.5066993342646607e-13,0.8849061198532582
419,1.6712659459929952e-12,2.5082415871003158e-12,1.3968152119773424e-12,0.7731598053593188
420,3.9949032508211296e-13,2.8425958753252915e-13,1.0518358990996464e-13,0.8334161905571819
421,1.272737603144731e-12,8.057995280713667e-13,6.382641272733531e-13,0.856829865090549
422,1.3609745290762624e-12,2.3519533981629113e-12,6.230047430728183e-13,0.7808619025163352
423,3.919207314647313e-13,6.911345228345376e-13,2.550443049123216e-13,0.7847019753884524
424,3.807301574108672e-13,1.3018181794871457e-13,1.3759499943651694e-13,0.8482863333076238
425,8.285339144155508e-13,1.038610822877522e-12,7.769313250832918e-13,0.817630308214575
426,4.238664959349947e-14,2.1137962964664266e-14,1.720416143506301e-14,0.8519399622455239
427,1.276098399816469e-13,7.898909162696054e-14,6.76900343149837e-14,0.8629842942580581
428,7.937531875645905e-14,4.309167775444007e-14,4.21395035163711e-14,0.8415187643840909
429,1.410050808086209e-13,8.550104071309014e-14,8.113119203866561e-14,0.8695371432229877
430,1.2561730101065023e-13,5.200830109221065e-14,5.029182041673124e-14,0.8440806766971946
431,4.0368719080243167e-13,3.0987742417135407e-13,1.5814704748665768e-13,0.8318544127047062
432,3.2014104403340603e-13,1.2719911633326373e-13,1.5016610851029716e-13,0.9147496446967125
433,2.9687026009141003e-13,2.479651895619288e-13,1.0985960300095799e-13,0.8446941241621971
434,1.1477593574804263e-12,8.438388194649535e-13,7.745823121566533e-13,0.9568811744451523
435,1.1291244188474709e-12,5.821654395006161e-12,1.347526803682532e-12,0.769990071374923
436,4.5451792150042226e-13,3.2356918996855397e-13,3.313027030576169e-13,0.9033250115811825
437,1.349586418465298e-12,6.598574100128933e-13,7.0912513020397e-13,0.9150696486234665
438,9.28845321348533e-13,1.0349348934454526e-12,7.054488961595272e-13,0.8341076170094311
439,5.629973739855673e-13,3.5656644231334846e-13,1.7645778326243341e-13,0.925880990177393
440,6.4888955726883e-12,1.8141599814581086e-12,1.6606251320580298e-12,0.9669724002480506
441,2.224177276431911e-13,1.8784116476605018e-13,1.2232808154045237e-13,0.8324296516366303
442,4.675723077654727e-13,2.883923458658712e-13,1.9679728065483118e-13,0.8249892415478826
443,4.858409113807984e-13,5.971619791846131e-13,3.520345983451781e-13,0.7783847940154374
444,6.577961462178483e-12,7.155637552230669e-12,7.060476949181605e-12,0.9569697394967079
445,4.236411818941594e-13,1.6359675503206202e-13,1.4284745818909534e-13,0.81088044680655
446,8.348166165079242e-13,7.490621745512778e-13,6.249341047604997e-13,0.8692799910902977
447,1.7153844254256155e-13,1.5232395163609334e-13,8.930702442601202e-14,0.8641237111762166
448,4.0969259232237934e-13,8.536508490434802e-13,2.407259269486923e-13,0.8500530363991856
449,1.7952299811720728e-12,2.0469863932370544e-12,1.4714323068957668e-12,0.8986316315829754
450,5.543905915117063e-13,4.662571732998688e-13,4.2075473222777525e-13,0.852647608704865
451,1.7562050624358183e-13,1.6464935789476284e-13,9.604996249546868e-14,0.8691618213430047
452,3.36852878548772e-12,2.315493708990801e-13,8.20985439438205e-13,0.8713522950187326
453,2.4257795952396167e-12,2.596136494903097e-12,1.5382470277035267e-12,0.7735728390514851
454,2.4205903070327494e-13,1.6399591605836797e-13,8.460158584475927e-14,0.8425808239728212
455,3.8316519199590063e-13,3.9296431174562293e-13,1.655013113889187e-13,0.8502881404012441
456,6.54647924710555e-13,3.499842613303777e-13,2.381852805436843e-13,0.8257336555980146
457,1.343120134856326e-12,9.624041060079004e-13,5.026098683931137e-13,0.8961349777877331
458,1.768825534417222e-13,5.768481002461406e-14,7.56024994160707e-14,0.8270261138677597
459,2.424257454129546e-12,1.2184633809607824e-12,1.157525129596195e-12,0.9763953745365143
460,1.0141181161891367e-13,3.851631321017685e-14,2.8421833677446904e-14,0.8670783340930939
461,7.281685537375011e-11,3.008866741196411e-11,1.6859818712519417e-11,0.8537343457341194
462,2.637347498662661e-13,2.399919720742301e-13,1.56996655638994e-13,0.8275618705898523
463,1.4989511650361254e-11,5.106042459922663e-12,3.866820008573307e-12,0.9036638908088207
464,2.082626347428189e-12,1.3872033549618963e-12,1.2427144393758576e-12,0.90221012160182
465,2.6156728711853055e-12,2.256447586861493e-12,1.5236770337182017e-12,0.836399989016354
466,2.4593159005935216e-12,1.6862766651694191e-12,1.6288262904009694e-12,0.9461550757288932
467,4.900633687944249e-13,3.7340198164620233e-13,1.8371857014775003e-13,0.8186668815091253
468,2.2690215075855037e-13,1.8204061224738374e-12,1.9616094974899952e-13,0.7573907373007387
469,1.9817138257302702e-13,5.473067393539053e-13,1.8186379473857513e-13,0.7920888985972852
470,3.394098430027008e-13,2.2700234955345483e-13,1.509347198053653e-13,0.8609692834317684
471,7.090016314781969e-14,7.638965616592442e-14,2.6687151141502354e-14,0.8294902259483934
472,9.704274880500061e-13,4.980878604407642e-13,6.294500370078686e-13,0.8270864936523139
473,6.178806027934849e-12,4.965491131999777e-12,4.914930842608307e-12,0.9684226259589195
474,5.244737485592422e-13,2.0619567079178464e-13,1.942302532937555e-13,0.9274527233093977
475,3.1799403573405705e-12,1.478960402603875e-12,1.4955862760851818e-12,0.9614373996853829
476,1.1668106404255166e-12,5.657786521384102e-13,4.408944009136156e-13,0.8176981154829264
477,3.941385811149405e-13,2.0361253509414918e-13,2.2654588148173924e-13,0.8046753553673625
478,9.820194718977742e-13,3.5204493535081744e-12,7.284465218735834e-13,0.7605075548868626
479,3.57126322215628e-13,1.414251525568846e-13,2.035532669521401e-13,0.8807597376406193
480,3.95217051400008e-13,4.120754027455401e-13,2.903057223925435e-13,0.8087799148634076
481,1.5580651072275662e-12,3.8126561230982554e-12,1.0004392132577904e-12,0.7590520419180393
482,3.1481432715599873e-13,1.2210295344929387e-13,1.2733039707846432e-13,0.8741634413599968
483,4.5438770975619696e-13,2.412478121396839e-13,3.150271873696172e-13,0.8314060965552926
484,2.2168411264666618e-13,7.953491908141016e-14,1.0479274464513305e-13,0.9004552137106657
485,2.2351817953486518e-13,1.8767008190079721e-13,1.6208194024192189e-13,0.8656503189355135
486,2.899322794233924e-13,1.1596525694872856e-13,1.1217252975114816e-13,0.8457743352279067
487,2.6407243519651586e-13,3.03885744148155e-13,2.587208012668633e-13,0.8260674646124244
488,3.726263649542961e-13,1.1981396701702705e-13,1.9698527934346635e-13,0.8484380654990673
489,3.2731084865960863e-13,4.562709965887626e-13,1.8273904892485228e-13,0.7985212705098093
490,3.1599160310859257e-13,4.737671412082049e-13,2.0824043466014207e-13,0.8259843054227531
491,9.182124856541907e-13,8.182567075989563e-13,4.857075854753783e-13,0.8816390570253134
492,1.310892617052903e-13,6.359501883842379e-14,4.172734652701204e-14,0.8287086479365826
493,3.8852270334070435e-13,1.2341687646836046e-12,2.0245495749013599e-13,0.7555606903973967
494,1.4316518618450092e-12,6.938964581234739e-13,7.584115994152928e-13,0.8492322355508805
495,1.6075898422133566e-13,5.5297378716513595e-14,6.596788467284824e-14,0.8860009428113699
496,2.6561126241119517e-12,1.390004716433702e-12,1.4062019403253044e-12,0.9751198187470436
497,9.32582062490528e-13,5.389947301708028e-13,5.419850025746584e-13,0.899887191131711
498,6.281759538191555e-13,5.59656614046226e-13,1.9584989038158035e-13,0.8165068348869682
499,2.9720256128203865e-13,3.3029273380278197e-13,1.5946512923883605e-13,0.8341309353709221
500,2.144220812214357e-13,1.5580539657981508e-13,1.39927883608246e-13,0.8793689090758562
501,1.0560076233112337e-12,6.103240294930542e-13,5.443785276569733e-13,0.8849404428154231
502,4.201915339079019e-13,2.2670704951086526e-13,1.9053213873123743e-13,0.8687059633433819
503,7.285035107451592e-14,2.320039531041568e-14,2.395113571282572e-14,0.8550154227763415
504,6.698471660184944e-13,7.01226437280187e-13,4.648535397498863e-13,0.8486054681241513
505,5.068275329167862e-13,6.176153434117949e-13,5.647120568326247e-13,0.9427845679223538
506,5.869227883373192e-12,1.4304382512395402e-11,5.928119499227389e-12,0.7849601900670677
507,9.40263082791712e-13,8.555041882984964e-13,7.71823199520255e-13,0.858572869002819
508,6.319433967600854e-13,3.348661150291487e-13,2.488427887223349e-13,0.9243910815566778
509,2.0365966475229254e-13,1.3182462440859624e-13,8.623343578187394e-14,0.8395567167550325
510,1.520755289585214e-13,6.455446310366607e-14,5.005327766373739e-14,0.8356679584830999
511,1.475615324278108e-13,5.591354327832465e-14,5.813209546925032e-14,0.8891091905534267
512,3.971359762835706e-13,1.567976665869147e-13,1.431164494731158e-13,0.8775235466659069
513,1.7667447935903155e-13,3.894705039323987e-13,7.592267931660604e-14,0.8030539151281119
514,5.8474759252040516e-12,2.0007592534118805e-12,2.0051837860505743e-12,0.9810271590948105
515,7.543459756171246e-13,5.431618990617959e-13,5.029301128111245e-13,0.9205746803432703
516,4.351769640352486e-13,1.6455011984649168e-13,1.3961357806464128e-13,0.8080916506238282
517,3.919928457552873e-12,1.3411873266691262e-12,1.2614986724493283e-12,0.9175619192421436
518,2.7029197079528244e-12,1.152408418743828e-12,1.1256989229480675e-12,0.976562251150608
519,2.722705703479389e-12,2.7118465768643827e-12,1.885489564847827e-12,0.8891739632934332
520,7.794588616464918e-13,1.9785780989997964e-13,3.328409971899959e-13,0.8882665853947401
521,3.332546929984217e-13,1.0490862174493306e-13,1.0047579593032852e-13,0.8391325119882822
522,2.7619956198922715e-13,1.3934468076801146e-13,1.6052441260641474e-13,0.8111116113141179
523,1.4580123678948694e-12,1.5336253096119947e-12,8.915105978393916e-13,0.7885199782438577
524,2.279677057794427e-13,1.1100903063405851e-13,1.3078317718807742e-13,0.8697487559169531
525,1.0842114095072922e-13,1.208683584472602e-13,8.743738774930746e-14,0.8269979595206678
526,3.7797581687821486e-12,1.9779112076044988e-11,2.850659410159005e-12,0.7603038862813264
527,6.540601364784759e-13,2.1337661000395252e-13,2.1670757149147335e-13,0.8004414680413902
528,1.9452027371628573e-11,7.640216051991458e-12,7.11784815645333e-12,0.9760143779218197
529,3.6759238238425674e-13,3.454001942922465e-13,2.738347767920518e-13,0.8917709052562713
530,4.3367946225141417e-13,2.604237021223595e-13,1.673110680788897e-13,0.8413649186491966
531,1.0553611110579935e-12,1.6733118401176532e-12,9.428509545073889e-13,0.8019072062335908
532,1.2145972275399432e-13,1.1121278133302468e-13,6.183212370413834e-14,0.8446475638076663
533,3.131942456572727e-13,3.9228926024472186e-13,2.365426667029546e-13,0.8529844205826521
534,1.415541558934178e-12,2.6278616061491655e-12,1.088350763035717e-12,0.8317727183923125
535,3.84217981380068e-13,1.4334980126321332e-13,1.6930373203568838e-13,0.8343076491728425
536,1.5180927754794615e-13,1.5221255724902511e-13,6.626631689712162e-14,0.8508782163262367
537,2.698065332827515e-13,1.2940364668830582e-13,1.1950187356658083e-13,0.8767851263284683
538,7.366277114044229e-14,5.01693604547093e-14,2.785451870254653e-14,0.8588937083259225
539,5.721366973977398e-13,2.3241743411610637e-13,1.6667142587085942e-13,0.9304621774703264
540,6.979994330230254e-13,5.310988402023857e-13,3.437718308444873e-13,0.930832464247942
541,9.040001349183485e-14,3.6985864183278296e-14,4.312584849714204e-14,0.85435471534729
542,9.156879407254379e-13,7.50379115311844e-13,6.178238145692146e-13,0.9350131772458553
543,7.049376579177576e-13,1.1641202018103577e-12,3.600467214747363e-13,0.823983016051352
544,6.082750608602044e-13,1.9055621859718104e-13,1.9749657036074598e-13,0.9425694242119789
545,3.357141670840484e-13,2.9465121126530324e-13,2.722788505855429e-13,0.8834563661366701
546,2.2090465663955116e-12,1.1795831597133872e-12,8.555738888013859e-13,0.8903106808662414
547,3.860425424136636e-12,2.2415294368639964e-12,1.6341648090375223e-12,0.9573034386150538
548,5.803500343579377e-13,3.9386067342448633e-13,3.3969422412732244e-13,0.8020958716049791
549,1.5121882107562315e-13,7.381974965821007e-14,7.806917968782083e-14,0.8639008652418851
550,4.27802624259573e-12,6.220912609499754e-12,4.662941673926495e-12,0.8376686738803982
551,6.343277521473404e-13,1.1014262577155614e-12,9.126710315886117e-13,0.8658814936876297
552,2.286150783930557e-12,1.350065746835948e-12,1.2939776519374817e-12,0.963287079334259
553,2.7478419512153565e-13,8.574075406877742e-14,1.1410311452069257e-13,0.891942486539483
554,2.0885750364483314e-13,3.5840051990473203e-14,8.657735287163164e-14,0.8650858364999294
555,2.38496474113717e-13,1.5541036697131932e-13,7.904476515470352e-14,0.860279349796474
556,1.6224016858233455e-12,3.6483423384186866e-12,1.1223879471257623e-12,0.7976919133216143
557,1.5320460190004122e-12,2.2107810952277008e-13,6.796910378778531e-13,0.8388475704938173
558,4.778163661007937e-13,3.560519369735714e-13,3.5425821423878366e-13,0.7632117388769984
559,4.1531455266395256e-13,4.21473620243344e-13,2.696741183216696e-13,0.9245508015155792
560,6.6880651043422735e-12,1.5451939971875634e-12,1.6948017707950157e-12,0.8813298348337412
561,9.951717784862786e-13,7.933069777091515e-13,6.376152993358958e-13,0.8772897932678461
562,8.517719574687342e-13,2.9265254660789874e-13,2.9408853928988554e-13,0.8463761743158102
563,4.910566916729087e-13,5.960178761281746e-13,2.5170850375342527e-13,0.7763050681445748
564,8.92301101422434e-13,1.839787487891537e-12,6.179788038963966e-13,0.7580431492067874
565,1.9106826117763637e-13,2.8412751678439814e-13,9.106632867453203e-14,0.8119526132941246
566,2.584232973546816e-13,2.8535933319470947e-13,2.5799340903322915e-13,0.8853828318417072
567,9.256660492640425e-14,1.1951322515985483e-13,3.8697474026477064e-14,0.8119695836678147
568,1.1982464055930108e-12,2.545564027816462e-12,9.925628934927307e-13,0.8810942225158215
569,2.1812195254557462e-13,4.033914419784463e-14,8.033237979317228e-14,0.8521022981032729
570,2.3500080968542585e-13,8.07094371142437e-14,7.975066003309993e-14,0.8918628759682179
571,8.901232372629267e-13,5.348592156331637e-13,5.030866990209039e-13,0.9281400583684445
572,1.1500172266204107e-13,4.802718631447276e-14,4.9974592504544404e-14,0.8634348466992379
573,1.2290069638709605e-12,3.3386026352317976e-13,3.553206609003982e-13,0.9313701838254929
574,1.6978463928985258e-13,2.258180516246688e-13,1.0540955479386163e-13,0.8210430655628442
575,1.462337759442603e-12,4.865922025504168e-13,5.030794814848443e-13,0.9621653139591217
576,7.816353098051476e-13,1.121930051697573e-13,1.165389759885861e-13,0.934402161091566
577,2.0983109794893868e-13,1.9060338139412284e-13,1.7236657879597067e-13,0.8225050313398242
578,2.6012468332761424e-13,8.713504234663998e-14,3.6501824857627124e-14,0.9083246059715748
579,1.3222815019244082e-12,1.047480119589004e-12,1.0574097704491198e-12,0.9233521945774555
580,3.235926526302402e-11,7.415731248072567e-12,7.723524169064032e-12,0.9053842715919018
581,1.504276503671459e-11,6.608810986021268e-11,1.2370915529630148e-11,0.7581893947441131
582,3.857508812895796e-13,8.194355945975273e-14,1.2702117456624734e-13,0.8996273826807737
583,1.645710123948237e-13,1.5312118253437292e-13,1.365207099172593e-13,0.843036082573235
584,1.203939727589578e-12,5.384394379650781e-13,7.072898437568983e-13,0.8680831672623753
585,9.668897917634765e-12,1.3827425141455629e-11,8.110311822224195e-12,0.8126788161695003
586,3.721284108573304e-13,2.9046455413891473e-13,3.0296192041940264e-13,0.7813974503427744
587,2.399458386946727e-13,5.223162383011052e-14,5.751432101907708e-14,0.852354621514678
588,8.283785541218516e-13,3.9083677244008657e-13,4.821383684779584e-13,0.9009937673807145
589,4.2214623286288503e-13,3.366922796970518e-13,3.3041155963731803e-13,0.8689809599891305
590,4.0140749024858654e-13,1.6401481334938017e-13,1.762173245083478e-13,0.8692780863493681
591,6.648669774137784e-13,3.512461079482619e-13,3.350727233096676e-13,0.8920102495700121
592,1.2642030044373388e-12,7.543873052845339e-13,7.887700297402964e-13,0.9442474164068699
593,7.159183910641814e-13,2.8998918942911635e-13,2.331281075738837e-13,0.9497579380869865
594,1.0143815325549407e-12,3.072713136945654e-13,2.5144255469459616e-13,0.9656694293022156
595,1.3555550618465591e-12,5.762677179158403e-13,6.287887553672745e-13,0.9317426823079586
596,1.1425836187019276e-12,5.150366507102866e-13,4.1067064696763537e-13,0.9661688078194857
597,1.6685846016173204e-12,1.1711426837220365e-12,9.219002857583721e-13,0.8798442546278238
598,1.757080113810303e-13,1.2314546115783937e-13,1.040460907346268e-13,0.8498440891504287
599,1.2621842354238486e-12,1.3727922620112303e-12,1.181119653797815e-12,0.8395660301670432
600,2.58825243870166e-13,3.13601751787269e-13,2.419646227564447e-13,0.8700708592310548
601,5.297933760227566e-13,3.7427248471826107e-13,3.730351273352422e-13,0.8651849569752812
602,1.6164193433528846e-12,5.141982345159608e-13,7.165588638422277e-13,0.8984233897179366
603,5.875828310801927e-13,2.338278443612307e-13,2.2389264986743975e-13,0.8832411482930184
604,2.242027448104582e-11,1.0745215416611269e-11,1.0117509125415707e-11,0.9808370783925057
605,1.867948593642083e-12,2.069741072874256e-12,1.4834137142041392e-12,0.8976006001234055
606,2.415744481758736e-13,2.149869742053824e-13,1.6744421310682947e-13,0.8365783013403416
607,3.715135907430954e-13,1.236847697594976e-13,2.0512091913032705e-13,0.8557747680693865
608,1.0062765558236702e-12,2.4247037493321394e-12,4.903692334365015e-13,0.8049844458699227
609,1.569744751333987e-12,4.171425305937062e-12,1.980048169682073e-12,0.8100581064820289
610,5.353088297010952e-13,7.812062533028469e-13,4.4350333856813664e-13,0.7989394587464631
611,4.813377034841471e-13,6.833201385366164e-13,4.850292604310619e-13,0.7827164009213448
612,4.0762567542568563e-13,5.035513884325894e-13,3.7015571178617606e-13,0.9451544802635908
613,1.4974500330658855e-12,9.29524400281754e-13,9.41674571200639e-13,0.9291407652199268
614,7.07661522922456e-13,9.542711927517433e-14,1.7484893504054576e-13,0.8886089436709881
615,4.895072283430697e-13,5.828373964418474e-13,3.032474620664652e-13,0.8352211620658636
616,3.094395073414344e-13,1.1106146910803744e-13,1.0540578966009865e-13,0.8220852803438902
617,1.0345338071931717e-12,2.114444090199388e-12,1.2494532568646985e-12,0.8435886561870575
618,1.8038589134515428e-13,1.6260446218863376e-13,6.566172307033165e-14,0.8109307399019599
619,5.110992719736575e-12,4.294813496832618e-12,3.979293199711997e-12,0.8539467656984925
620,3.3328606216699365e-13,3.2243949911133514e-13,2.0817156701088566e-13,0.8594342889264226
621,2.9641507948707935e-13,9.767532978460346e-14,1.6091451874919584e-13,0.8667449302971363
622,5.552976260717038e-13,1.1129192135504e-12,4.752921479012344e-13,0.8594954198226332
623,1.1640595310796554e-13,7.827032783291496e-14,7.444804274810734e-14,0.8400487652048468
624,1.1052641716272224e-13,3.718848144018778e-14,4.6885755994442144e-14,0.8613804256543517
625,5.386093151001479e-12,3.779381629783384e-12,3.6960423750830135e-12,0.9496019691228866
626,1.8760532067576163e-13,8.593443356334501e-14,8.27446847026115e-14,0.8747241623699665
627,3.5941482766825256e-13,1.827936080816676e-13,1.86028091279699e-13,0.830390683747828
628,8.718380432703961e-13,5.166345392610905e-13,4.021469752874549e-13,0.8704912919551134
629,4.516645382988465e-13,5.208822922576338e-13,3.704743438917636e-13,0.8085164208896458
630,1.027119780819438e-12,5.91835080574023e-13,4.397316305214011e-13,0.8617788787931204
631,4.748644933946903e-13,8.517959616944037e-13,2.7792844440833946e-13,0.7987952341325582
632,9.957137841871791e-12,9.471179956242812e-11,7.759987254048981e-12,0.7638049265369773
633,1.8959596661483533e-12,1.5320202430339214e-12,1.5179282654404136e-12,0.9456095933914185
634,2.549097641536496e-13,2.254857524299618e-13,1.060830106394127e-13,0.8137134027667343
635,1.1793759262062943e-12,3.4876113899410555e-13,5.148892515028417e-13,0.8315525537356734
636,2.805273892098756e-13,2.684316314714269e-13,1.4820321891381804e-13,0.82242451030761
637,3.230787699057219e-12,1.468287750298268e-12,1.4015263805616958e-12,0.9016908172518014
638,6.960641009091136e-12,2.3170972705613984e-12,3.9258207940899375e-12,0.774335812125355
639,6.538978084230182e-12,5.227785745456116e-12,2.5163400633642997e-12,0.7890873695723712
640,1.3244318755755268e-13,8.203055406999382e-14,5.451868606008775e-14,0.9113174118101597
641,2.720672373179312e-13,2.664564297955093e-13,9.804356639512182e-14,0.8235815847292542
642,6.638835198734268e-13,1.5254420009150849e-12,5.94058691170624e-13,0.7974397540092468
643,3.1031853540328925e-13,2.8308593424329747e-13,2.2513746551785178e-13,0.8151902826502919
644,3.97116208155532e-13,5.536414547698975e-13,2.374693236660967e-13,0.7879254365339875
645,2.447728011464006e-13,1.2408045901147883e-13,1.357501031869212e-13,0.8068635271862149
646,3.257807113845829e-12,3.979051898452674e-12,2.229036985165522e-12,0.7980473060160875
647,1.6570646322184298e-12,5.575740286420585e-13,7.146905623155872e-13,0.8686874251812696
648,7.896185107923041e-13,2.4841206975999407e-13,2.40741393233391e-13,0.9064543455839157
649,1.5667207301864032e-11,1.102639641990215e-11,1.051258719253564e-11,0.7802214089315385
650,2.1653783802766807e-13,2.874181635990773e-13,1.2638899080702942e-13,0.8230158871039748
651,2.1392592955034566e-12,8.445511860008092e-13,9.533930869983588e-13,0.9163001708686351
652,3.246091780314821e-12,2.3609200088841217e-12,2.162216663547807e-12,0.9302639774978161
653,1.9596217387564382e-13,4.0098583788557185e-13,1.7823380148601398e-13,0.800774873048067
654,1.664241844468716e-13,3.50961914506684e-13,8.646736606294863e-14,0.8170853644609452
655,8.383161051533602e-13,4.010185967064331e-13,3.58373711092026e-13,0.8580411966890097
656,3.295553094462192e-13,1.6745784241307367e-13,7.982182265879676e-14,0.8848142147064209
657,5.451834464479152e-12,3.4631322798020594e-12,3.0740870406323227e-12,0.9615656055510045
658,6.06972792929512e-13,1.3793282738767624e-13,2.3816546451410006e-13,0.8101815073750913
659,6.405304506347486e-13,2.4716491780889337e-13,2.5732494990820026e-13,0.8975270446389914
660,1.0199291757528876e-13,3.617752747974161e-14,2.3656614440885485e-14,0.8357862306758761
661,2.3377090796169563e-13,3.1343921450773403e-13,1.3052977346995287e-13,0.8467300491407513
662,4.608679291507714e-13,3.200617873692471e-13,2.4444871729399037e-13,0.7904354178346693
663,1.368559713647594e-13,5.132233749306428e-13,1.3841242745212934e-13,0.7813257765490562
664,1.1525334397533708e-12,1.2046130671835225e-12,1.0120488351372788e-12,0.8743063189089298
665,1.8272251398819242e-13,1.6817002771233444e-13,9.583975593931483e-14,0.8460197366774083
666,8.209520835546461e-14,2.942176336357831e-14,2.1294721601703102e-14,0.8683607188984752
667,2.0305314503413159e-13,1.1966380005995387e-13,1.0209289425583713e-13,0.8471910646185279
668,5.117181528571064e-13,4.067536018946246e-13,3.5523692752336474e-13,0.8572432829067111
669,2.930974779641515e-12,1.0850182144287196e-12,1.189346194180255e-12,0.9581708155572415
670,2.1391805607924372e-13,2.051333377458832e-13,2.0135315162438791e-13,0.8750577237457037
671,1.147088130110263e-12,3.102838768220343e-12,8.153513687639788e-13,0.7804330909624696
672,4.995124506704914e-13,4.569781734715716e-13,2.9470984718062726e-13,0.7825277601368725
673,4.1728479944776254e-13,2.873600777405736e-13,2.1261708060695155e-13,0.822842544876039
674,1.5795889316938126e-12,1.462661207908371e-12,1.2029077237269511e-12,0.8693826030939817
675,1.4427975236701594e-13,1.1288513810734861e-13,6.023175981366905e-14,0.836625736579299
676,5.848884195767872e-13,3.1822200693005483e-13,2.9402578330749404e-13,0.8294602609239519
677,4.395092433729701e-13,4.649556296697853e-13,3.831350329545444e-13,0.8904269017279148
678,1.754343744503215e-13,1.16793241452751e-13,1.2043088787093654e-13,0.8859889436513185
679,2.0980572518249637e-12,7.676524785100335e-13,7.379408251434727e-13,0.974595257639885
680,1.3796452614529046e-13,9.343225864870704e-14,7.656098607072392e-14,0.8904770858585834
681,3.540505383487788e-13,2.666088055483716e-13,2.869776543695322e-13,0.8987915374338626
682,1.8433906422492385e-13,3.6784231918065363e-14,7.566638561025497e-14,0.8393962351605296
683,6.358351166425088e-12,2.8225668484315403e-12,1.9107310210612318e-12,0.9497688293457032
684,3.180058006598459e-13,1.672584011956408e-13,1.5672152609624497e-13,0.8594092421233654
685,4.0365481377517874e-13,1.1702335470645917e-12,2.971238443572138e-13,0.7636910177301616
686,2.9540329066446376e-13,6.130901385669644e-13,1.8971795602742683e-13,0.8349289919249714
687,2.199379227345128e-13,1.0487860486057803e-13,1.3268540958192984e-13,0.8347110188566148
688,5.014248252401092e-13,1.7124791309679706e-13,1.0212895593057046e-13,0.8655342616140842
689,1.6379264946973557e-13,2.980265321493674e-14,5.300477937946967e-14,0.8421160135418176
690,1.2338188142869456e-11,9.601457288560364e-12,8.467509640338848e-12,0.8114816623739898
691,2.398355788954291e-13,1.7074759365814383e-13,1.1646425598233684e-13,0.8494184767827392
692,7.315137598919697e-13,9.698738708152927e-13,3.881458413658019e-13,0.8366112597286701
693,3.8285301390258697e-13,1.2948524653483333e-13,1.570789285156263e-13,0.9027099631726742
694,4.758647334991668e-13,2.7173547801732407e-13,3.023188957829564e-13,0.8581654088571667
695,2.190145618778156e-12,7.737524506637942e-13,7.698224753303959e-13,0.9691013038158417
696,3.482046092648598e-13,2.5694713986940246e-13,2.5234502183878463e-13,0.9508365161716938
697,9.798543446936113e-14,6.656987634456362e-14,6.132689003566351e-14,0.8343852389603853
698,4.748101990529452e-13,3.1075986821557494e-13,2.7058575277807794e-13,0.88907122425735
699,2.3503542909736377e-11,1.0068864884373454e-11,1.0145385883851601e-11,0.9531581282615662
700,4.114102630832007e-14,3.0102425776778344e-14,2.2859881994113314e-14,0.8358186649158597
701,1.3981048873337045e-12,2.6338201084946035e-12,9.376626756874234e-13,0.824484144244343
702,1.0936282932277538e-13,1.3398570469482917e-13,1.2801954069680942e-13,0.8386536175385118
703,2.1821206608001062e-13,2.7755423874363776e-13,1.2069223772470557e-13,0.784086755476892
704,5.326620818134194e-13,2.6146685494567324e-13,2.099257465324536e-13,0.8853805281221867
705,3.0184387604703377e-13,1.728114656027011e-13,9.082101388431272e-14,0.8498855700716377
706,6.23682170455471e-13,4.090289605588183e-13,4.303385547152293e-13,0.913372865319252
707,5.5631624706963e-13,2.900727238521796e-13,3.2045656312687307e-13,0.8073269734159112
708,7.323462639606338e-14,9.420826428790983e-15,2.204769044196223e-14,0.8679926965385676
709,3.833264229977086e-13,9.811139562764175e-14,8.937564698593113e-14,0.885918603092432
710,2.7595598684923577e-13,1.2839238189041398e-13,1.412167646441912e-13,0.8636206317692995
711,8.194265186502237e-13,3.0621933753739994e-13,3.706615002066849e-13,0.8506944682449102
712,1.42571546901869e-12,6.869682302301195e-13,4.155876063928599e-13,0.8880575317889452
713,8.089042213048048e-14,3.8472074511191735e-14,4.015922974692287e-14,0.8439418544992805
714,9.2744495735962e-12,9.29164250143119e-12,9.062894017746088e-12,0.9782424747943879
715,1.5095827327939916e-13,6.770347763455584e-14,6.307590611389636e-14,0.9141148317605257
716,5.809682067172922e-13,2.777918728193997e-13,1.50835234210849e-13,0.8197538782842457
717,1.4153854509338618e-12,4.839575934691808e-12,7.103958630803657e-13,0.8015939336270094
718,2.5466265840160826e-13,8.527837942239823e-14,1.4774758112421793e-13,0.8340236525982618
719,5.166025613569683e-13,2.660107595672845e-13,3.322893853602585e-13,0.8418232895433903
720,7.596474972284515e-13,2.0273377788219957e-12,7.448237164621708e-13,0.7754307789728045
721,4.2790849232064475e-12,9.781654228176423e-13,8.014912137750275e-13,0.9574151709675789
722,6.085505729593655e-13,2.218207328622122e-13,2.8833826867923256e-13,0.8955066613852978
723,7.073992761316628e-13,2.8430340658859466e-13,2.2739075662587815e-13,0.9650346994400024
724,1.0141753261893798e-11,1.8598294944571655e-11,4.840777099189703e-12,0.7888830884359777
725,2.323876142511271e-13,1.1597578244709121e-13,1.448913125882384e-13,0.8308352202177047
726,7.792846445970524e-12,3.371700792504423e-12,3.2822717796066663e-12,0.895638145506382
727,1.668135040839639e-13,2.0344788465993113e-13,1.4108542955861595e-13,0.7836736711207777
728,4.71636416891985e-13,6.883013334236935e-13,5.939409031611667e-13,0.9231186605989933
729,7.307384720135657e-13,4.396005283362965e-13,4.54188705353236e-13,0.8658311232924462
730,5.5331738272497515e-14,4.981956394411889e-14,2.6836358954367128e-14,0.831641923636198
731,1.460255194493947e-13,2.5051316255342658e-14,4.486420538459457e-14,0.8557824404910207
732,3.132767877381748e-13,1.0456784427318914e-13,1.3764429319184437e-13,0.8646498817950488
733,1.1403951337156385e-12,7.395311043843063e-13,4.957323119849365e-13,0.8335147149860859
734,1.6752067003646305e-12,1.0328959865242268e-12,1.2259082857522734e-12,0.8534441970288753
735,1.0144067103759893e-13,8.799996738253662e-15,1.236804242075543e-14,0.8688293168321252
736,3.3547930433591886e-13,4.26336101666108e-14,1.3296349014077442e-13,0.8447606826201082
737,1.5396060316509526e-13,1.936509108673943e-13,9.621520597779962e-14,0.8304666470736265
738,1.3803344523912588e-13,3.429733238744466e-14,4.2813073369357416e-14,0.8480365948751569
739,6.934938159859302e-12,1.125908742322379e-12,3.0011483993721843e-12,0.8448769869282842
740,3.789724946350041e-13,3.8489067267296395e-13,3.3971291978206795e-13,0.7997400985099375
741,5.536539725873117e-13,1.8664184503644519e-13,1.475623683857893e-13,0.9077627021819353
742,2.278596349939831e-13,4.2386730459733966e-14,8.02099858874136e-14,0.865724827349186
743,3.44365758670672e-13,1.9191483305565823e-13,1.9459855748984594e-13,0.7945172828622162
744,3.224447551010117e-13,1.834555228858182e-13,1.8462883413615622e-13,0.8694706041365862
745,7.52692790634284e-13,3.0663568408944874e-13,3.092674402503134e-13,0.904915677011013
746,2.908745369567431e-13,3.2008098837135354e-13,2.8655662224732373e-13,0.9209581270813942
747,2.908933966487984e-13,2.1743573511749173e-13,8.921185819250862e-14,0.8678996810689569
748,2.407918981403236e-13,1.3803862458016623e-13,1.4075702749147154e-13,0.8448919421061873
749,2.737944984814761e-13,8.74818098943358e-14,1.0390786849317528e-13,0.8996312752366066
750,1.359779607231793e-13,1.480960120423135e-13,7.245537576940441e-14,0.8006795939058066
751,2.660394399039219e-13,1.9304722952953787e-13,1.7277812068351872e-13,0.8731953339651227
752,8.856525604520136e-13,3.3035902137119925e-13,3.0556012946358754e-13,0.894897286593914
753,3.158277840162933e-11,1.6112612998732122e-11,1.61725425385793e-11,0.9302425064146519
754,3.268501013977603e-13,2.8669404118829997e-13,2.6373768246898707e-13,0.8757291659712791
755,9.422368466597329e-12,5.4476700242287086e-12,5.180181464544604e-12,0.9717862114310265
756,9.137270502431932e-12,5.8127685612498745e-12,6.254508428734106e-12,0.9009546130895615
757,1.5925601260105103e-13,1.1172026703006783e-13,9.641621451012929e-14,0.8843150716274977
758,6.231403209440955e-13,5.382380193887055e-13,4.924522057862267e-13,0.8962254971265793
759,8.230212742078779e-13,8.584088435691391e-13,8.36316748721539e-13,0.9507448151707649
760,7.559701308414916e-12,3.918134304713331e-12,3.823973369593709e-12,0.9720115385949611
761,1.8972420317807716e-13,1.3056725226657481e-13,1.1924205955547596e-13,0.8263257869519294
762,2.399634263384885e-13,2.1974483320682712e-13,1.9945928451740864e-13,0.8766520259901881
763,2.4808705723361396e-12,6.105298253065919e-13,5.075183197755031e-13,0.8611437182873487
764,1.9705742684782311e-13,6.126867894855932e-14,5.962650013519708e-14,0.88823865018785
765,2.1468307579081787e-12,3.209652800182897e-12,7.337508109800393e-13,0.7643617918249219
766,5.548232890311363e-13,2.0507261291606894e-13,2.0364947140277493e-13,0.9005787786096334
767,2.30846302087186e-12,7.119620584719778e-13,8.254078693905451e-13,0.858466480486095
768,1.696530754154184e-13,6.046347146240473e-14,7.282048974461481e-14,0.8800896517932415
769,4.2172002622266004e-13,1.767574214900533e-13,1.8744363557537355e-13,0.8545385390520096
770,2.473533740697268e-13,8.559256615107258e-14,9.93950431318478e-14,0.8675315303727984
771,2.3245806394650763e-12,1.0195804759475569e-12,1.153324459823765e-12,0.862765296921134
772,1.5126065480480454e-12,5.280625358690011e-13,4.5328476632740467e-13,0.9614162668585777
773,8.82293449638104e-13,6.697445482232552e-13,6.269828910221074e-13,0.9566358141601086
774,1.0801811779149473e-12,3.190974543042547e-13,3.354481304027629e-13,0.9517164438962936
775,8.870748232751406e-13,5.736326710104252e-13,5.279286247415331e-13,0.8262919034808874
776,1.931078075126577e-13,2.846073222408702e-13,1.2017296725651253e-13,0.8244968079030514
777,7.973982253777152e-13,3.4675093117214914e-12,3.5144869824340017e-13,0.7590585803147405
778,8.491577354498831e-13,8.180503945313853e-13,4.369459980914553e-13,0.7923220602795482
779,1.730991624424445e-13,1.876120008697168e-13,5.616017232703534e-14,0.8422766601666808
780,3.4020009565027954e-10,1.7404173190835422e-10,1.7596866036304312e-10,0.9527063801884651
781,2.586317096465768e-13,9.932408921317361e-14,1.382682026887551e-13,0.8492122994735837
782,6.433757240188483e-13,7.970769269523905e-13,7.418034930393242e-13,0.8701761819422245
783,3.2084243474396977e-13,3.407864216621235e-13,2.2513756042115885e-13,0.817200870718807
784,1.9122806510133227e-13,1.4199216060461993e-13,1.3673395468406506e-13,0.8942381899803877
785,8.092053654219018e-13,6.825190469868722e-13,5.152248920693207e-13,0.770846726745367
786,4.941005853377582e-13,3.4350332857156394e-13,3.658381508420919e-13,0.8713100247085095
787,3.4583851289242846e-13,1.3963812369499922e-13,1.394636720069571e-13,0.8831996440887451
788,7.559582077310704e-13,2.1385032046953876e-13,2.5122482276750463e-13,0.8767468029633164
789,5.422382197711361e-13,4.603237029991107e-13,4.682044313193586e-13,0.8947126969695092
790,1.6106169069063122e-13,6.056847362178933e-14,7.468684628951789e-14,0.8716099429875612
791,1.606262967524203e-13,1.222744853007879e-13,8.985613862522954e-14,0.8228578615002334
792,2.757950879701957e-12,1.5607475198054394e-12,1.487704464239037e-12,0.9590340748429298
793,2.1225204668551606e-13,1.9459223333562914e-13,1.4635400093927392e-13,0.8588475417345762
794,1.043190770788226e-12,1.0036739148175573e-12,8.559145867961059e-13,0.94436294734478
795,1.3004902986748431e-13,1.5264009107704903e-13,1.1438192564105805e-13,0.8913047038018703
796,4.364736908989066e-12,1.6219282558871518e-12,1.9225338009268923e-12,0.9019915826618672
797,1.2138239640826718e-11,2.0748240072154753e-11,1.2491756539058413e-11,0.8354191422462464
798,3.1783868030319665e-13,1.357460790488127e-13,1.1495014480419616e-13,0.8682805055752396
799,1.1498391858189505e-13,5.0194613534580385e-14,5.820843788654745e-14,0.8536514166742564
800,6.897640611536096e-12,1.8724440930332187e-12,1.3609350589977908e-12,0.9743984580039978
801,9.628649459131864e-13,1.6624213963252102e-12,7.698624258267822e-13,0.7985211865976453
802,1.2664073951597627e-12,2.5968236012664854e-13,4.058901884596214e-13,0.9231752339750529
803,1.1907332989380507e-13,8.084574063464958e-14,9.232248470117609e-14,0.8219915844500065
804,7.385650706549655e-14,1.2611602678933753e-14,9.101631021196264e-15,0.8603918856009841
805,1.2068267296352081e-13,4.235923030815552e-14,4.053015629461191e-14,0.8485847234725952
806,9.239617889403184e-13,5.941742023154517e-13,6.350434285291874e-13,0.9417953446507454
807,1.95002390940718e-11,2.0161888875799257e-11,1.9802534189785707e-11,0.9735818184912205
808,5.08067468413547e-13,4.4699522960980044e-13,1.9052963599844723e-13,0.8499704286456108
809,1.5336118789728557e-11,8.178475254176653e-12,7.903030174790389e-12,0.8441545283421874
810,1.7208791769633473e-12,4.837052058973626e-13,4.460869691200352e-13,0.9676893070340157
811,1.734896385480913e-13,7.532952391163298e-14,6.774009433453795e-14,0.8367830011993647
812,6.930110089506482e-13,2.3761280372824967e-13,3.7652176285911806e-13,0.7860956938937307
813,2.4555418550345363e-13,2.4574656049744115e-13,2.3670639440686486e-13,0.8480911284685135
814,3.840168515077708e-12,3.778297888818393e-12,3.3567896009030692e-12,0.9386246629059315
815,3.3268751909256127e-13,1.9627089070836153e-13,1.5876301457497658e-13,0.9480037860572338
816,1.6191828581844915e-13,3.207532209538622e-13,1.2734846059184448e-13,0.8180988299660384
817,2.762046946920685e-13,2.516414275290523e-13,1.40266046331606e-13,0.7909986513666809
818,2.160426693205108e-13,1.72454460490514e-13,1.0459423760868827e-13,0.8090565894730389
819,7.818451112067616e-14,3.046124218710552e-14,3.553410705636873e-14,0.8492020625621081
820,3.2675643977462004e-13,4.699489457507393e-13,4.2987697012922704e-13,0.9121153201907873
821,2.696966878331415e-13,5.624684946614911e-13,2.0673089208415592e-13,0.7998777693137527
822,7.798773150865741e-13,1.3268171103367512e-13,2.178619472710595e-13,0.9095871452242136
823,2.0359365759762884e-13,9.968233501069366e-14,1.0228870696507642e-13,0.8581979697570205
824,4.136060817652312e-13,5.843040034467605e-13,2.137048242386313e-13,0.7972006557509304
825,1.019587881049267e-12,8.25206030421392e-13,5.509180146855843e-13,0.8328162517398596
826,1.2618221529717025e-13,1.0924145626992157e-13,3.834482481129573e-14,0.8673645021393895
827,2.713162227346311e-13,1.8872810605384792e-13,1.6796569094462877e-13,0.8206744287163019
828,1.53912861900374e-13,1.2913260284115448e-13,9.418461755912101e-14,0.8245393886230886
829,3.4968303932365407e-13,3.3081471225383796e-13,1.593471108626762e-13,0.8428055446594953
830,3.8656778168664566e-13,2.183259374480921e-13,2.2035467412763375e-13,0.9341709740459919
831,3.731663640012119e-13,1.6862213197914516e-13,1.1450720468823293e-13,0.8526128038764
832,1.962287987072936e-12,9.403798249089303e-13,1.0926116839487188e-12,0.8625647678971291
833,1.0714516587795908e-12,1.3573501368859379e-11,9.77306313647281e-13,0.758162459731102
834,2.0643175867329274e-13,1.2155367473386415e-13,1.0937807031212779e-13,0.7789346949663013
835,1.7045575337563457e-13,3.483790517787046e-13,1.0046475042971766e-13,0.7918408533092588
836,6.76406163193252e-13,4.401351297041584e-13,4.960934852000048e-13,0.8553057992830873
837,3.4667501358978975e-13,4.2347099284219773e-13,2.472749101326431e-13,0.8285801721736789
838,2.0119145405766652e-13,1.687963444846181e-13,1.592844949973723e-13,0.8759034436196089
839,2.770808103290737e-12,4.9459498587216125e-12,6.184600588247024e-13,0.7894924741238356
840,3.0800312118317003e-13,2.427377605668387e-13,2.4579637381068407e-13,0.8765776807442307
841,2.444886998156456e-12,1.1115514526879445e-12,1.3009153437329984e-12,0.9046028658747673
842,5.019216188851603e-13,2.922472218715162e-13,2.9760393672072737e-13,0.9058445185422898
843,2.712799817921575e-13,1.6015486917501638e-13,8.691357658914655e-14,0.8717038635164499
844,6.752436816974345e-13,3.733431962692794e-13,3.9146337054935205e-13,0.9131171379238368
845,5.453030157708591e-13,3.199390538146826e-13,3.872869259451687e-13,0.8713345116004347
846,8.915045997041719e-13,6.82757543041817e-13,5.165941796070756e-13,0.8515291769057513
847,3.1761091370743027e-13,4.391515390710795e-14,8.647325599282047e-14,0.8553493600338697
848,4.4943409798484397e-13,5.377317522193185e-13,1.1807806145218318e-13,0.7977825124748051
849,6.599077898733686e-13,2.315397687257767e-13,1.7014041229645988e-13,0.8599954491481185
850,2.0070392835073883e-13,1.4143245828420177e-12,1.2467642894400326e-13,0.7576691776048392
851,8.785145804934183e-14,3.2144195274350574e-14,3.135735084106699e-14,0.8693582748994231
852,3.0505931070775974e-13,5.029429329223766e-13,2.2609438410139856e-13,0.8746848154813052
853,2.625567542769298e-13,2.354140179257647e-13,9.867234206819629e-14,0.8118673273362219
854,1.6554190018541054e-13,2.3108499679876723e-13,1.4699165036639947e-13,0.8169167826883494
855,8.738208820417135e-13,5.804204303418406e-13,5.980488566435664e-13,0.8836888946592808
856,3.6478677138866304e-13,1.1231956529585003e-13,1.72615137120693e-13,0.8181084382347763
857,1.0133973736833007e-12,2.591878421304136e-11,1.6079171305493546e-12,0.7608603041619062
858,1.0729232731692101e-12,4.777815180923431e-13,4.5086735263471885e-13,0.9444973193109035
859,4.910665466408427e-13,2.1981097889425544e-13,2.3954643899142127e-13,0.9412646815180779
860,2.8246380984782436e-13,1.3199840050620414e-13,1.1631811814455703e-13,0.8708621110767126
861,1.16247208787343e-13,1.1595155644329154e-13,7.362733020199854e-14,0.8601415066048503
862,9.951348574199535e-13,6.859677967142491e-13,7.215566146962031e-13,0.8800372779369354
863,2.6350812016870126e-13,5.020605521013321e-13,1.1747133019818276e-13,0.7853096366859973
864,2.283066413655142e-12,1.035995146005384e-12,8.711964212660092e-13,0.9603537611663342
865,9.459845692533305e-13,3.9431429300932935e-13,4.451638809421996e-13,0.8556344410404563
866,7.587317354747655e-12,1.1828584390328527e-11,4.717662166157582e-12,0.7852943973150104
867,2.0313727832350726e-12,2.086068336586087e-12,7.96286700166382e-13,0.8045759128406644
868,7.536376007081727e-10,2.819937925223261e-10,2.8246257959437564e-10,0.9760640084743499
869,1.1431115628540404e-12,5.599285428222728e-13,5.488286328127755e-13,0.924220921844244
870,1.8680196729181598e-11,1.3084848675350057e-11,1.255778314208317e-11,0.9691649254411459
871,2.1631520516472556e-12,2.0888951475312865e-12,1.5449901512134222e-12,0.7941255727782845
872,2.241780680146164e-12,1.16961332296492e-12,6.456815717225621e-13,0.85225396938622
873,2.0507570924819478e-13,1.9738703564508803e-13,9.473281766055405e-14,0.8492649879306555
874,1.4625172060948514e-13,1.01562478345458e-13,8.35030813490561e-14,0.872596126422286
875,1.1326471143487181e-12,4.836083570547092e-13,2.48658265139359e-13,0.9366058275103569
876,5.0730299785476074e-12,3.97298784704942e-12,4.246607944228852e-12,0.9102731954306365
877,8.659881185355837e-13,1.0070808561351912e-12,2.6849616390259926e-13,0.8052598493173718
878,1.315981163613389e-13,1.8354642253293697e-13,7.609050018991423e-14,0.7915610278956592
879,7.185346964415128e-12,1.8077364902591382e-12,2.2293844652767254e-12,0.8461810620501637
880,5.288520796117343e-13,4.89996080146537e-13,2.675647966220646e-13,0.8062891041859984
881,2.343827285997313e-11,1.0312547819394298e-11,1.0213118998190686e-11,0.9758555442094803
882,1.1721772426889722e-13,1.446121105973423e-14,3.4449240810219805e-14,0.8692788150161505
883,3.8472815039276403e-13,3.270856941863409e-13,2.0251787751103296e-13,0.9181308537721634
884,1.1920347516057707e-10,5.410327917567915e-11,5.196564861465784e-11,0.9714808613061905
885,2.2235258994851268e-13,8.983349225253914e-14,7.627932808434395e-14,0.8675787929445505
886,1.2019305185231302e-12,5.392630037719563e-13,2.927311617226809e-13,0.8361174076795578
887,4.339969443396314e-13,2.329684536372026e-13,2.3000440870142487e-13,0.8246778751723468
888,3.9409673200174243e-13,1.4948999663605211e-13,1.4105078652112246e-13,0.8092396105639637
889,2.5975278920665173e-12,3.514799522038324e-12,2.0783606259550935e-12,0.7632756036240608
890,1.0775305617824793e-13,2.1118590872568649e-13,4.666138284733846e-14,0.8096361212432385
891,1.2756770092160126e-12,1.331219830491927e-12,6.747323001937995e-13,0.8839719746261835
892,2.0690284755045465e-13,2.177020305254633e-13,1.0095191664571114e-13,0.8159861862659454
893,1.3087506875371317e-13,5.277550702079728e-14,3.551631617158332e-14,0.8600120535120368
894,1.2889407792518045e-12,6.866443293960757e-13,6.598850391969328e-13,0.8764956150203943
895,1.5066623856799847e-13,2.945496683440779e-13,6.333941042131367e-14,0.8132712626829743
896,1.0169423088844434e-13,3.0699442671059016e-14,2.224046516215573e-14,0.8530369224026799
897,9.970295251089406e-12,5.9244065481497826e-12,6.189522668910748e-12,0.9472032755613327
898,5.953673175704224e-12,4.6531872078544534e-12,3.669308121653507e-12,0.9722284480929375
899,1.1268493961212282e-12,9.902690170206836e-13,7.719632497682044e-13,0.929124704003334
900,3.368067315360304e-13,4.80230967753265e-13,2.3686214208328876e-13,0.8038852947764099
901,1.8713714437176875e-13,1.0461193786997049e-13,6.996214768491836e-14,0.9239323798567056
902,1.85926925243181e-11,1.6383756981912988e-11,1.557317784785785e-11,0.9681626522913576
903,2.0931123114491093e-12,1.2644157405024697e-12,1.1534466893558908e-12,0.8308380151167511
904,1.9031790121126082e-13,9.144646723779778e-14,8.398872084338684e-14,0.8753217618912459
905,1.4244834179485138e-12,6.691521074435637e-13,7.597806505911451e-13,0.9641756925731897
906,1.8076698356514736e-13,2.359752375881359e-13,1.3377953610774284e-13,0.8349516974762082
907,1.6654271164519435e-13,5.5072313139057926e-14,6.153115178383635e-14,0.8776386456564069
908,4.588178328817708e-13,7.182102089972883e-14,1.716084530004243e-13,0.871150602772832
909,4.96769811039585e-13,9.749426213571269e-13,6.685063020900996e-14,0.799945136718452
910,2.3518067254672074e-13,2.277463284406364e-13,9.770168332291397e-14,0.8474639814347029
911,2.726501115331679e-13,1.986475219789386e-13,6.481146518325124e-14,0.834636895544827
912,9.583451922720601e-12,6.516202933247754e-12,6.0610027548757896e-12,0.9682580515742302
913,2.437335529782829e-13,4.948722093521391e-13,1.5135879686479394e-13,0.8218834711238742
914,1.3706529955801045e-13,1.0397372190163702e-13,5.796524964295526e-14,0.8515041368082166
915,3.434996496119815e-13,3.9610213877326757e-13,2.1232329289814948e-13,0.8310199164785445
916,2.2574911922155678e-13,8.525704472618074e-14,9.060176252445511e-14,0.8402151739224791
917,6.882041106118013e-12,2.3359699904924557e-12,3.0293423149508992e-12,0.8545968122780323
918,2.4983934511162537e-13,5.887406208910193e-13,1.6710786235974445e-13,0.7988831648603082
919,2.725926878244771e-13,2.297539276263861e-13,1.8965479132227894e-13,0.8149803723208606
920,2.436441954200537e-12,6.797268510736573e-13,7.475569259450878e-13,0.8988438487052918
921,2.4058318696505986e-13,9.636078279543649e-14,8.898167342073627e-14,0.8864835582673549
922,4.62400213948158e-13,2.2258918178817334e-12,2.3357051570766967e-13,0.7590812633279711
923,3.79402045629101e-13,1.0430712821021279e-13,1.5532808846142395e-13,0.8309255290776492
924,5.709804790970184e-12,1.5128670646961572e-12,1.9609657201080492e-12,0.8614703500643373
925,1.8018228017357453e-13,2.5783613012554563e-13,9.983173425700393e-14,0.8554608063772321
926,9.331509236351866e-13,3.1885437882217715e-13,3.100134059316849e-13,0.8234890775755048
927,9.163098257127632e-12,4.795774707210074e-12,4.476502860242315e-12,0.9658025866374373
928,8.408537588711148e-14,3.655494479342246e-14,3.8376865101000265e-14,0.8546711124479771
929,1.894842905882676e-13,1.6762533197926848e-13,9.73261478456834e-14,0.7879447399638593
930,2.365013057753993e-12,3.0960374034305716e-12,2.7662981519391866e-12,0.9175228379666805
931,1.037555441854793e-12,2.352335775864584e-13,2.41844036973028e-13,0.8540248753502965
932,1.553148849992191e-12,8.251343365755866e-13,8.035256413682209e-13,0.9383053749799728
933,3.115470596054744e-11,2.142632115780463e-11,2.1019348079536192e-11,0.9708455763757229
934,2.71674057854468e-13,1.6388506361178297e-13,9.980969326565942e-14,0.8480429753661156
935,6.487619303317269e-13,1.1296782438179684e-12,7.667824442942522e-13,0.8271641625091434
936,2.7230901167405846e-13,1.7829118625940613e-13,1.9362628568728236e-13,0.8737070329487324
937,9.397743795393522e-13,6.04861533738159e-13,5.068340842040708e-13,0.8312700147740543
938,9.288272342927342e-13,2.4650849150396267e-13,2.405478850762362e-13,0.8952187810093164
939,4.1551757919446587e-13,7.75236585220325e-14,6.50704575856452e-14,0.8751114919781685
940,3.072497953485802e-12,2.62480442728908e-12,2.0638631724836086e-12,0.9054859325289726
941,3.961177850370378e-13,1.370633660174176e-13,1.094141398930304e-13,0.9288754984736443
942,3.6448387322692336e-13,5.069790912119864e-13,1.3197479951486737e-13,0.828612063266337
943,2.3869976317270695e-13,1.3624109913234644e-13,1.5389783762448535e-13,0.8519775638356805
944,1.8853057403919463e-12,7.540754659998926e-13,6.01586896688525e-13,0.8478557594120503
945,1.0121232298122415e-12,1.1266589871283917e-12,6.598179092591312e-13,0.7878906670957804
946,2.400256550948042e-13,5.286339000563921e-13,1.8294897050182071e-13,0.7855335396714509
947,7.88641298169854e-14,1.883133872526029e-14,1.5975743878796588e-14,0.8673462638631463
948,6.992355132572626e-13,8.017958341783878e-13,3.323274388847802e-13,0.7847779160831123
949,1.257651316441299e-12,1.5555228334013375e-12,1.1317474088384913e-12,0.8216248219832778
950,9.382989652038018e-13,2.638456695045524e-12,3.7042131562716085e-13,0.7619186202529817
951,6.444163154562148e-13,4.101769051253235e-13,2.8229152740721385e-13,0.8925717167556286
952,4.803661164040763e-13,1.7845983860337072e-12,4.514987447690943e-13,0.7764437810517848
953,4.007837247725364e-13,6.672618917991322e-14,7.138837693925089e-14,0.8428317744284868
954,2.261193339594318e-13,8.277470643492824e-14,7.478308783038728e-14,0.8664358856156469
955,2.1726963263055592e-13,2.1233431203062797e-13,1.3588659456344466e-13,0.8279991995543241
956,2.8435501189059105e-13,8.871680976132634e-14,7.439100430155202e-14,0.9427900731563568
957,2.8915827476395304e-13,2.46394637293256e-13,2.1668287244608628e-13,0.8106895728968084
958,2.4379145302011896e-12,1.6036275129975821e-12,1.3703291915507243e-12,0.909506144747138
959,1.5266033446940524e-13,8.807412620265231e-14,8.608910240620462e-14,0.8775119595229626
960,1.3089050039584377e-12,9.848165331837805e-13,7.886298054958068e-13,0.7982229756657034
961,4.553198746685838e-13,3.5475024908640953e-13,1.619498830022639e-13,0.8574452862143517
962,3.934415038386065e-13,1.9126292705159768e-13,2.379405436585637e-13,0.8690037526190281
963,3.7579437710909423e-13,2.936567196583373e-13,1.8359446959193017e-13,0.9011838722974062
964,2.91123912357519e-13,7.081614730212343e-14,1.0180583900500319e-13,0.890255817398429
965,1.5959826958659048e-12,4.4414672491577874e-13,6.014460440073566e-13,0.8695057416334748
966,3.7948445283312743e-13,2.759342630509974e-13,2.1180119719605773e-13,0.8205405597575008
967,1.0312936678333476e-12,3.0878085048091744e-13,2.975001591581192e-13,0.8453882651403546
968,6.687724916518668e-13,3.066502294875241e-13,3.103908926656971e-13,0.8617670783773065
969,1.0905087115004957e-13,1.2926760353338856e-13,1.0791648647109531e-13,0.8293898198753595
970,3.309166331356571e-12,4.6136998670787795e-12,3.34316602465514e-12,0.8730599820613861
971,1.3458575583468888e-13,8.83943380313816e-14,8.620607828948627e-14,0.8343536811880767
972,5.164422860131175e-13,2.443369186103564e-13,2.793060988062806e-13,0.8449742134660483
973,8.90655423249401e-12,2.400202353558468e-12,3.916990864495495e-12,0.8328335866332054
974,4.642751233705292e-13,1.68092287112511e-13,2.576398996490539e-13,0.8688992317765951
975,8.863560894919578e-14,1.5665221423326593e-13,3.4717516654336514e-14,0.8126350122503936
976,1.624335209809791e-13,1.420894506167245e-13,8.535556055633886e-14,0.814767288789153
977,2.8053863783944344e-13,1.5839610408733027e-13,1.478301925505202e-13,0.873060592263937
978,1.5805210086165645e-13,1.9147111622003016e-12,2.2043667842726754e-13,0.7641427696682512
979,6.28079223521067e-13,2.937724588234296e-13,3.0563904855060524e-13,0.9439240552484989
980,2.3368400629005304e-13,1.8704315250246874e-13,1.472306041522277e-13,0.8145261091180146
981,6.558110550738873e-13,4.1212686762077895e-13,3.472009312777161e-13,0.9054289929568767
982,2.7962799721224513e-13,1.8163557071747308e-13,1.3242188432329668e-13,0.8720570232719183
983,2.3766850801870797e-13,5.139269249888976e-14,4.776995926490459e-14,0.9394604049623012
984,8.20680469016174e-13,2.6050708329852273e-13,3.23055848966524e-13,0.8470312681049108
985,2.3824814378882287e-13,1.2817770221874594e-13,1.3412290689116946e-13,0.885260097682476
986,2.6433142875909807e-13,3.6091351547779506e-13,1.253011432237469e-13,0.8958227053284645
987,1.294424932485647e-12,5.473652082764072e-13,5.243690172726037e-13,0.9284210182726383
988,2.6155954214813787e-13,1.1185838486891441e-13,8.016944449288135e-14,0.8553241424262523
989,5.969436099793613e-13,3.7291719661573824e-13,3.938897170361449e-13,0.8912707272917032
990,3.1689837528000687e-11,1.1009929413238676e-11,1.10530912662985e-11,0.951990208029747
991,6.347337596511857e-13,2.23888269723842e-13,2.474087115632047e-13,0.8831913372501731
992,3.029345941297942e-13,3.5185656836434594e-13,1.501930628343749e-13,0.8410473158583045
993,2.6895281027667113e-13,1.4141515047777697e-13,1.286651254084352e-13,0.8773803673684597
994,3.5113002835151936e-13,2.7196377486366504e-13,2.2673256022999193e-13,0.8440759247168899
995,1.8067361461449048e-13,3.8604492066438064e-13,1.0349099369785028e-13,0.7950110257603228
996,5.172494682115643e-13,1.2539508401655887e-12,1.7907006201109662e-13,0.7694351507816464
997,1.4521647207342092e-12,6.42578590065978e-13,7.450211488835592e-13,0.8813507914543152
998,1.4338145420390842e-13,2.9204137921830565e-14,3.4600939325749136e-14,0.8606091676279902
999,2.5854361398186195e-13,7.975718184832659e-14,6.139430791550347e-14,0.8586769448593259
1000,1.1179910963306286e-12,1.123288032295653e-12,8.638062925963492e-13,0.8268632836639881
1001,4.0451691563889053e-13,1.759404822511743e-13,2.181725731825069e-13,0.8252973007038236
1002,1.5518366456481728e-12,1.5110115252858288e-12,9.060719219775431e-13,0.841183252632618
1003,4.705471960489056e-13,1.1457869688228797e-13,1.6592197342710106e-13,0.9241384081542492
1004,4.5013837788896854e-13,1.7591365043625285e-13,1.6554013165970666e-13,0.8523612931370735
1005,1.4467943887304083e-13,1.1766711581918769e-13,6.185913991336114e-14,0.8146054044365882
1006,4.07915895325968e-12,1.4200431697727681e-12,1.6571097600955468e-12,0.8301274592056871
1007,1.677467391004192e-12,8.991321870052527e-13,7.284267830246172e-13,0.856380957365036
1008,4.62068549863202e-13,3.059371655194163e-13,2.8146930823883407e-13,0.8641620256006718
1009,2.6824974545867125e-13,1.3663730119080885e-13,1.220569243528902e-13,0.9204777669161558
1010,4.2976360919970505e-13,7.048973279943568e-14,2.2176331306086405e-13,0.834796997718513
1011,1.911992960762936e-13,1.811827465685669e-13,1.5799954114659543e-13,0.8581798370927572
1012,1.1490069433026377e-12,5.69653637342739e-13,5.183949043287467e-13,0.9183116964995861
1013,3.1325230178690123e-13,8.297152693689111e-14,1.163804641645221e-13,0.8862276986241341
1014,3.9872481488496445e-13,4.3723353147396194e-13,1.7981317124556395e-13,0.7968288887292146
1015,5.397515866511128e-13,3.43106563859157e-13,3.5733922349436637e-13,0.8590803563594818
1016,3.554247207691787e-13,1.8555194522851387e-13,1.8127828921903457e-13,0.8378488531336188
1017,3.234293855945389e-13,2.0833515485316882e-13,1.638588044073329e-13,0.8558210752904415
1018,3.7632005402422114e-13,4.765690860798973e-14,6.099048468905949e-14,0.8709726862609386
1019,2.2511951318538732e-13,2.2816366525892593e-13,1.169864072799191e-13,0.8065983793698251
1020,6.647647440379708e-12,2.3375296162749363e-12,1.0932788954640617e-12,0.9205453649163247
1021,1.1368964132349836e-12,2.129073150462907e-12,7.561863529851089e-13,0.9186661206185818
1022,4.920286896640595e-13,3.0520965548519955e-13,2.4325400730904795e-13,0.8416877526789903
1023,2.3210151652962626e-13,3.172692940300022e-14,4.267793259675475e-14,0.9159987770020962
1024,9.328321353059689e-13,7.953630624406398e-13,8.453708991492931e-13,0.877723628282547
1025,8.197834411641574e-13,9.332986937956639e-13,6.386428373251714e-13,0.7772527828346938
1026,3.0120196284545407e-13,1.2399608476837766e-13,1.0942414416641489e-13,0.9149289902299642
1027,6.747148757072584e-13,3.827889532890291e-13,3.997638976606082e-13,0.7892536211758852
1028,1.117649062330189e-13,2.8813149725312284e-14,5.491625790049155e-14,0.8383388742804527
1029,2.620385839685468e-13,2.510889792864746e-13,1.1416871277124198e-13,0.8077338089235127
1030,1.4164564647425936e-13,5.105238975622565e-14,4.609283716124536e-14,0.8340082429349422
1031,2.5687246797569327e-13,1.0262880664374964e-13,1.241477481210519e-13,0.8799680694937706
1032,5.07686378846883e-13,2.2370606944265657e-13,2.311246234763466e-13,0.8134193988516927
1033,3.2565372607306944e-12,3.0774737637039605e-12,1.871799538659177e-12,0.8037477071397007
1034,8.905417533825631e-12,1.129232033061701e-11,5.658809286575096e-12,0.948099784553051
1035,5.537109825299931e-13,6.240922735827822e-13,3.9339009682864886e-13,0.7722103253472596
1036,1.7941215427887744e-13,8.687022038291711e-14,4.526186479180956e-14,0.8586772754788399
1037,1.4446735661235386e-13,1.0371900525383384e-13,9.537023046656036e-14,0.8583750896155834
1038,8.489970653002861e-13,4.909916848996128e-13,2.564455404788911e-13,0.927961726859212
1039,2.8767768419909863e-13,2.636136409290179e-13,2.2494131687726635e-13,0.8684842597693205
1040,3.5333705660699735e-13,4.622389205776403e-13,4.4342825859764537e-13,0.8736696481704712
1041,1.0670942771829907e-12,6.020034530755401e-13,5.657115152471706e-13,0.9668327733874321
1042,6.380582302870953e-13,3.374168955518833e-13,4.443892059939e-13,0.8488667538389564
1043,3.4732792322044714e-13,1.0333599684106244e-13,1.0822490708185411e-13,0.8994378540664911
1044,9.079809357392251e-14,4.5117797621760615e-14,4.983910363523845e-14,0.8436013018712402
1045,3.075094796592298e-13,1.0463340449455983e-13,1.1161729560203502e-13,0.9126233004033566
1046,3.449200600976849e-13,2.7104883040857084e-13,1.99215647136559e-13,0.8559697072952985
1047,1.0497225417549718e-11,1.0850859653172049e-11,1.0313072447084905e-11,0.8720280200242996
1048,4.640988739813278e-12,1.873515868432279e-12,1.969569432677349e-12,0.9605151161551475
1049,2.3128872534302483e-13,3.953485286915571e-13,1.2780344818826273e-13,0.8370179120451212
1050,1.0337961802770582e-12,8.159696672883532e-13,7.472028990447959e-13,0.8963318914175034
1051,9.377059483273632e-13,5.542881650158587e-13,6.179910052813779e-13,0.8596133105456829
1052,5.61006772600731e-13,4.009962546898244e-13,3.040527997239993e-13,0.8800457950681448
1053,4.4409608551731595e-12,6.144875383121433e-12,3.579101798395312e-12,0.8395751021802426
1054,1.8751829329936684e-12,1.5124080393299015e-12,1.0148717790350996e-12,0.8627303320914507
1055,3.0299656394822256e-13,5.990424108706066e-14,9.639774341201754e-14,0.8208577990531921
1056,2.8828124073573025e-11,1.8990292099813614e-11,1.6807604689063633e-11,0.932498150318861
1057,7.739693533216129e-13,5.483347174565327e-13,6.119507540395756e-13,0.8961074959486723
1058,4.442455679714889e-13,2.1552412091166738e-13,2.2734825627104104e-13,0.923421035706997
1059,5.397828803367107e-13,1.788882568247248e-12,4.145246658325045e-13,0.7960970779880882
1060,1.2820054275020407e-12,8.911395592850409e-13,9.717036378003042e-13,0.7862199176568538
1061,1.7216017774034515e-12,7.258463484245613e-13,7.389014365547633e-13,0.9133642770349979
1062,1.0753314580902702e-13,3.380198357119527e-14,2.7003003464786206e-14,0.8355339456349611
1063,4.0219811377692474e-13,2.5154762960488313e-13,2.587724287210038e-13,0.856526205316186
1064,7.413943893653019e-14,2.27679791582549e-14,2.017069936039517e-14,0.8693973075598478
1065,1.5359261697413492e-12,7.636018887614476e-13,8.686000026985291e-13,0.8893956925719977
1066,2.911687722753746e-13,1.3846540930450594e-13,1.4248655111907198e-13,0.8586190775036812
1067,2.3020583174383517e-12,3.1809892620268977e-12,7.42624907061051e-13,0.8019004267640412
1068,1.0288445340212592e-13,4.5244947296575385e-14,5.750463653411118e-14,0.8555019510909915
1069,1.859110951899716e-13,5.786707400938724e-14,8.654398310904987e-14,0.8252741629257798
1070,4.053132354312671e-12,6.025992987388496e-12,1.3547700450890129e-12,0.7866322196088731
1071,1.1435290835840934e-12,8.029476913467492e-13,2.5696979467606353e-13,0.8562051128596068
1072,7.431767486372867e-13,1.679591255142088e-12,7.864204930410076e-13,0.8084033736027777
1073,5.724847810330281e-12,4.137616419449886e-11,4.919209266053091e-12,0.7620333115104586
1074,2.375788570471827e-13,1.6751933080956166e-13,1.6034258082601572e-13,0.8581599701195955
1075,2.9957932560648094e-13,3.756398591613771e-13,1.9421375812042223e-13,0.8849013583734632
1076,1.7906756611181848e-13,1.6662629109938848e-13,1.553315112823535e-13,0.8465861413627863
1077,3.035121275508094e-13,1.9813421698075589e-13,1.5552737695807065e-13,0.7875685231760144
1078,2.4855360573472307e-12,3.6171212270084694e-12,1.0181607786016878e-12,0.784489979641512
1079,1.6069214976956007e-12,1.863372428500155e-12,1.8508740456552117e-12,0.9693792805075645
1080,4.5614756962928136e-12,2.5924316487731848e-12,2.394455790474351e-12,0.9649275049567223
1081,5.990111941367185e-12,8.523368232074937e-12,4.8455479272382596e-12,0.8619710732251405
1082,1.633654309936922e-11,1.2007421373273425e-11,1.0719700583002149e-11,0.9138363167643547
1083,4.812119875003939e-13,4.705494508577933e-13,3.090126812035817e-13,0.7894533093087375
1084,2.4466676073153617e-13,1.3493730150030309e-13,1.3328492268919715e-13,0.9295552127063275
1085,1.6320406706991378e-13,2.391550652674604e-13,6.047471338212426e-14,0.7856450473889709
1086,1.8326323330270136e-13,7.306246144737371e-14,6.536939282888834e-14,0.859523706883192
1087,9.928475757255765e-13,8.17771929583976e-13,5.344694957156251e-13,0.9221511103212834
1088,4.628992711478415e-13,3.0977328117492925e-13,1.7008464920840487e-13,0.8702174872159958
1089,1.7949517308852214e-12,1.3976288293319591e-12,1.3891115364721017e-12,0.9643306970596314
1090,5.310195594663784e-13,3.5101858610994797e-13,4.2630355528590145e-13,0.8148387330584228
1091,1.9155530779610614e-13,8.948236888609887e-14,7.293253606165825e-14,0.8790320135653019
1092,1.1101297818603407e-13,6.500244088012525e-14,5.474941097689208e-14,0.8707199839875102
1093,4.1998604913641456e-13,1.5137364251721955e-13,1.9720430288010329e-13,0.8541701313108205
1094,3.5800555053027893e-13,3.1296108980541e-13,2.501845697783415e-13,0.8669171843677759
1095,1.4260010474941177e-12,5.337337115535235e-13,6.233930437794379e-13,0.9175572648644448
1096,3.1901570356046746e-13,5.152047811592205e-13,3.2076142252257665e-13,0.8207273595035076
1097,1.71531815623322e-13,1.5139203109468706e-13,9.102172591315053e-14,0.8250542646273971
1098,1.1016775798037868e-12,3.3016798508940273e-13,3.5626935217060395e-13,0.9121049366891384
1099,3.75380843381457e-13,3.737060503907717e-13,2.2419667692099565e-13,0.8233467766083777
1100,2.4939074903692305e-13,1.0525327761415833e-13,1.0909951723098961e-13,0.8164088723249734
1101,2.5468658321363376e-12,1.2600264287084684e-12,1.1938684967961713e-12,0.9686350479722023
1102,1.3877917388051253e-12,6.550615947538392e-13,6.78908005365286e-13,0.8938547305762767
1103,1.8129020590291056e-13,9.129095803278258e-14,1.1062355738184106e-13,0.8248053511604667
1104,4.2138294823978605e-12,4.324195420174502e-12,1.2895633330241698e-12,0.8882100936025381
1105,6.103018761467327e-13,2.87909300353697e-13,1.930080060813828e-13,0.8648519895970821
1106,2.606286708375645e-13,1.5279539442980477e-13,1.8951945535394458e-13,0.8114319738000632
1107,2.0258476553952308e-12,6.645803005592919e-13,9.729787377426612e-13,0.8905447073280811
1108,3.6325225788012634e-13,2.490443072439742e-13,2.042307593887216e-13,0.8439359497278929
1109,2.899690882608883e-13,1.5096875113180426e-13,7.813525305044228e-14,0.894446437433362
1110,4.403868231498488e-13,3.826638000615264e-13,2.9467821898416284e-13,0.9083427283912897
1111,3.5402148519416396e-13,2.6577030064904326e-13,1.5875693403602003e-13,0.8335122719407082
1112,4.567668037321043e-13,3.2436731832614746e-13,2.708808863332115e-13,0.8320404569618404
1113,2.3519332419764993e-13,3.3141440722014126e-13,1.1932671158131708e-13,0.8358054138720036
1114,2.9338596440735466e-13,2.138207759943371e-13,1.7407435732865738e-13,0.8161737446673214
1115,3.601950200700879e-13,3.117357446848966e-13,2.3804096991211653e-13,0.9122021820396184
1116,9.38933682462073e-13,5.889814310905656e-13,3.9681554154701403e-13,0.8178337294608354
1117,2.0239779145911974e-12,1.2550554667374121e-12,1.2045867561946982e-12,0.7937822069972753
1118,2.2632375421302734e-13,8.641841790314384e-14,4.491653146364792e-14,0.8956069514155388
1119,4.2403489033028364e-13,4.248260089424006e-13,2.375434728847957e-13,0.8408940738998354
1120,5.674903087197558e-13,1.1744073802432028e-12,7.553805892046255e-13,0.8837332148104906
1121,3.862361268770653e-13,3.8882743206773004e-13,1.6158095306481865e-13,0.8967582657933235
1122,1.254138655880889e-13,5.995798907064903e-14,5.1138593629790655e-14,0.839360062777996
1123,1.690469579273416e-12,5.811008478800638e-13,5.99226307872734e-13,0.9171740908175707
1124,8.651200255286481e-12,1.0903199239097329e-11,5.2403443940481814e-12,0.8129543698392808
1125,1.140129141906151e-13,8.75527704770154e-14,4.911396733932049e-14,0.8534689463675023
1126,2.4617065693516063e-13,6.198338108084297e-14,8.93599468608891e-14,0.8286505840718746
1127,3.7824159266370705e-13,5.234616761703782e-13,3.074431883578753e-13,0.8374786272644996
1128,1.1086532935264916e-12,3.306064392653286e-13,3.426686563741605e-13,0.9173419684171676
1129,3.392851035758569e-13,6.239117260741853e-14,5.3397114961818135e-14,0.9283982172608376
1130,4.3322472158323155e-12,8.567691980250938e-12,2.2633743701445277e-12,0.7708904492668808
1131,3.5930926532032065e-13,7.043316001660331e-13,1.7425507547068181e-13,0.8233126113191247
1132,2.0324718022299711e-13,1.0841930139130742e-13,8.091757580290852e-14,0.8346660440787673
1133,5.660459254814126e-13,6.063205607867465e-13,3.265152455193142e-13,0.8127129960805177
1134,9.712575000451658e-13,1.6112223879801796e-12,5.598396628769326e-13,0.8402007721364498
1135,3.3114660696879473e-13,1.1118106727405558e-13,1.1165073334190887e-13,0.8383618175983429
1136,4.2110849950082594e-13,1.9037960093329928e-13,1.2548430793733834e-13,0.9277035400271416
1137,5.16299992002153e-13,1.99867690681587e-13,1.927559626369229e-13,0.8938320856541395
1138,2.1692112737692893e-13,1.7179923186161426e-13,1.0803870853429176e-13,0.8503683615475893
1139,1.356135750684782e-12,2.2616915550339537e-12,7.061788840113271e-13,0.7695468969177455
1140,6.235681761316756e-13,2.814877409462645e-13,3.241067350256319e-13,0.8568308258429169
1141,3.324791450864879e-12,8.063054175533574e-13,7.186870469856964e-13,0.9738133624196053
1142,3.168143797950592e-13,2.1005729618214063e-13,1.5711077366234582e-13,0.9017785813659429
1143,8.66865793713712e-13,8.18074914753748e-13,5.351151075385421e-13,0.8412626322358847
1144,9.14991077579393e-13,6.637732908135389e-13,6.66965978767924e-13,0.9423349812626839
1145,3.7048839618164044e-13,2.3827187964826327e-13,2.548242247582828e-13,0.8640230568125844
1146,5.732265882231792e-13,1.268728971826059e-13,1.722621165370235e-13,0.8939555179327726
1147,9.5644655561592e-12,6.628398993433754e-12,5.358203638741843e-12,0.9630178213119507
1148,2.0617475489709614e-12,2.8273789213242853e-13,7.390607180165398e-13,0.8600694229826331
1149,7.671228815495158e-13,4.1037927525784235e-13,3.9793220414757407e-13,0.9671387553215027
1150,6.03741526697269e-13,1.5349755137638204e-13,2.5250058460544585e-13,0.8365244988352061
1151,1.2268167917844955e-13,9.087849840537403e-14,7.021702748256535e-14,0.8489770978689194
1152,7.325561172515854e-13,2.5027017897287846e-13,3.3083528100204936e-13,0.7908909081481397
1153,1.3306819268901205e-13,2.1872044817762093e-13,6.039329947134132e-14,0.8076941073872149
1154,5.479557762046927e-13,4.367373488354651e-13,3.4181532277445166e-13,0.809456547908485
1155,2.870435357076084e-13,6.620520229366493e-14,1.0836691090218649e-13,0.8479833211749792
1156,2.0812934686901523e-12,1.3336850450487985e-12,7.715978917898608e-13,0.8768822429701686
1157,7.687468386482469e-12,2.260663364558674e-12,2.0537608836664634e-12,0.9680689714848996
1158,9.076326729218621e-13,4.713536072005945e-13,4.594045037221393e-13,0.8975303113460541
1159,1.0461843696734459e-13,6.235986651507034e-14,3.6407069248210133e-14,0.8390295326709747
1160,4.3870085806121497e-13,3.211157648143472e-13,2.7582502793994727e-13,0.8258629286661744
1161,4.763202053748522e-11,3.3210264635815795e-11,3.2764440787091436e-11,0.9687909983098507
1162,2.646718679902005e-11,6.847716294589276e-12,6.622999759738399e-12,0.9840942531824112
1163,2.1770576565254553e-13,2.9478737689200066e-13,2.281928025955516e-13,0.9034387413412333
1164,7.952505617039269e-13,5.184169777935057e-13,5.556907787640319e-13,0.9020132452249527
1165,5.313278980884288e-13,5.505310373186051e-13,1.8414468886544928e-13,0.8055391675792635
1166,3.2758136946151803e-12,5.216597862181948e-12,2.0941004562974876e-12,0.7951692137867212
1167,1.6357706875857927e-13,1.266503565819324e-13,7.109559752845363e-14,0.83481200998649
1168,2.374300138859242e-13,1.3743578008313046e-13,1.519570390435687e-13,0.837857411801815
1169,4.4585181190192454e-13,1.47043706568136e-12,1.1337646152010948e-13,0.7716060893610119
1170,1.2861507425209266e-13,6.778256204826521e-14,4.856396980273803e-14,0.8283939002081752
1171,2.191357790654399e-12,2.2838584160231406e-12,6.825379124123719e-13,0.8647918693721295
1172,8.947073047720078e-14,3.194742124735276e-14,3.790130780694679e-14,0.8782128747552633
1173,4.4146897463229893e-13,2.9006897924610005e-13,2.0364538978143505e-13,0.889952490478754
1174,7.715786382321407e-13,3.61822807606089e-13,3.005360554492296e-13,0.8765598833560944
1175,1.1203245109355832e-12,6.592310661662134e-13,6.731534979458387e-13,0.8075703615322709
1176,9.756122335984698e-14,1.6712660858360427e-13,5.607468928137407e-14,0.8195923103019596
1177,8.957768226554511e-13,2.5556971894855636e-12,3.621529287926694e-13,0.7596517455298454
1178,2.448283403579896e-13,3.341926172192667e-13,2.578003431137769e-13,0.8258478643372655
1179,5.984141339428185e-13,2.2440709968981271e-13,2.71840097019209e-13,0.8712876707315445
1180,1.6349621581363635e-12,3.9382623905006154e-13,7.347832680899497e-13,0.8514870043843985
1181,9.421395696290044e-13,5.707552108421757e-13,5.879733093373039e-13,0.8610226422548294
1182,3.51381804754446e-13,1.1689892065405518e-13,1.2760912235051995e-13,0.9077918857336045
1183,1.4095505077861665e-13,8.916566709573917e-14,5.14267408978113e-14,0.8220631149597466
1184,4.0990402783437153e-13,2.0065199393615908e-13,2.4465029189124897e-13,0.8195178101770579
1185,3.7935632788052894e-11,1.6819834589192124e-10,2.108608931208028e-11,0.7960701560601592
1186,1.1768279047078108e-13,1.3885211894166934e-13,1.2416498362917222e-13,0.8775499304756522
1187,1.265950425761514e-13,2.1627015155644587e-13,8.928311033977833e-14,0.8071379322558642
1188,2.7388512577384133e-12,3.2108867227520777e-12,2.256230136889399e-12,0.8621483042836189
1189,3.192084261011627e-13,2.1059146402277572e-13,1.5035929638915584e-13,0.8091325641609728
1190,6.187302258363802e-13,2.481903973920207e-13,2.0621923086597074e-13,0.8595568139106036
1191,3.878165580045269e-13,4.768737555348882e-13,2.574453447711547e-13,0.874390721321106
1192,5.201790423758254e-13,4.1508507239420703e-13,1.932815337034443e-13,0.8387915821745991
1193,8.266473002244415e-13,2.749180733242107e-13,3.7746792322360123e-13,0.881657050549984
1194,2.7922173146966497e-12,3.116730535410035e-12,2.1735230131342152e-12,0.9284206785261631
1195,2.436145281869933e-13,1.0220446349578255e-13,1.1100887241853414e-13,0.776743303006515
1196,3.9290214858727543e-13,2.484404723051641e-13,1.9704004719471852e-13,0.8560172475874424
1197,6.434544742965331e-13,8.214775931150774e-13,7.120710998316158e-13,0.7812924401834607
1198,1.544914816408005e-13,2.2599835152136863e-14,4.3882411075554055e-14,0.8682133058086038
1199,1.7014874248312235e-13,3.714592370537586e-14,4.6870543360913984e-14,0.8636781567707658
1200,2.88255268657098e-13,1.5295914813603485e-13,1.4911876892578012e-13,0.8766453698277473
1201,2.194882662705349e-12,6.911010906624318e-13,6.741483301971522e-13,0.9473652824759483
1202,1.0631407899285626e-11,7.90327191266661e-12,3.8740762934971175e-12,0.8560895470902323
1203,2.203970320666361e-13,1.176421455254624e-13,1.181081477708835e-13,0.8874822318553924
1204,1.235704460306758e-12,7.434161548469646e-13,7.186731580359874e-13,0.92755476385355
1205,5.734222090650492e-13,1.1554402363364516e-13,1.737799000751428e-13,0.850068305619061
1206,1.0750767374901761e-13,3.988692962974702e-14,3.07890965857814e-14,0.8387708203867078
1207,2.551196999989072e-13,3.4318989127340147e-13,1.431365299571298e-13,0.8782988402992487
1208,2.2699336350693603e-13,1.1343989860643065e-13,1.0758229917957872e-13,0.8485752742737531
1209,2.2268454416803114e-13,6.096577364334153e-14,7.805939348347217e-14,0.8581955974921585
1210,3.3522532664288556e-13,5.531109120495944e-13,3.967411782026127e-13,0.853356540761888
1211,3.2557550893368263e-13,2.250353923283536e-13,2.0580851681610604e-13,0.8770667228847742
1212,1.2962577250497312e-10,3.763246731986678e-11,4.312152940118111e-11,0.889138950034976
1213,3.8879535073204375e-13,1.8213845551991858e-13,2.1932685586250212e-13,0.8858260124921798
1214,1.7444566359507565e-13,6.447135525630687e-14,6.854700776853967e-14,0.8878682591021061
1215,2.4373920800429965e-13,1.7693548089298848e-13,9.180492538686202e-14,0.8534979410469532
1216,3.6142567460019543e-13,1.6555645127938385e-13,1.914749793873957e-13,0.8680660709738731
1217,3.627689638946369e-13,3.8278706261618777e-13,1.6569490130259563e-13,0.8168657685630023
1218,8.479427242966697e-14,7.646126385948347e-14,5.639564508893401e-14,0.8351952867582441
1219,1.0048863935565222e-12,9.806597084390632e-13,8.207450557253178e-13,0.8867476221174002
1220,2.3562266223640937e-13,1.26026866201098e-13,1.2715785986910207e-13,0.8958476610481739
1221,7.625814315924811e-13,9.007975213304024e-13,8.110101146682285e-13,0.9578754052519798
1222,2.7019333877022003e-13,1.6755214124890906e-13,1.7321619813277524e-13,0.8891721989959478
1223,3.385936881730053e-11,1.0408596247744842e-11,1.0183685834506913e-11,0.9722846858203411
1224,3.556307957820008e-13,4.04021627541869e-13,1.0989148062663721e-13,0.831700237095356
1225,3.549163755391556e-13,2.368971250771929e-13,2.2249514997863769e-13,0.8932453759014607
1226,1.862564646494331e-11,1.7005550575463605e-11,1.6646317898205056e-11,0.9532953262329101
1227,7.197137412133994e-13,7.594522731870783e-13,6.463962863702871e-13,0.8475047446787357
1228,2.4200279825108884e-13,5.108529557327471e-14,5.791680595275361e-14,0.8884313330054283
1229,2.6024510003912525e-13,3.8409612857006294e-13,2.1990418380826374e-13,0.8082980169914663
1230,1.9213800825558617e-13,3.303853693161472e-14,5.332768458706016e-14,0.8497025940567255
1231,3.7036525854036235e-13,7.682401720347473e-14,9.405151804320708e-14,0.8202727361582219
1232,3.7844138260366773e-13,3.6688813923409096e-13,1.4417176972713577e-13,0.7949529641307891
1233,2.039579495010122e-13,2.5682192477678615e-13,1.007452183628095e-13,0.8410468453541398
1234,6.341529925558198e-13,7.281852780304154e-14,1.423060586808554e-13,0.8450797069817781
1235,4.251077575388726e-13,7.113274026869735e-14,1.4830313379566181e-13,0.8349418882280588
1236,2.4022875386085754e-13,2.7734013444892774e-13,2.099826110917669e-13,0.7918369653634727
1237,8.43582727751915e-13,4.771690271416287e-13,4.613649194675352e-13,0.9403032615780831
1238,2.064401560585407e-12,2.1644636805127783e-12,8.695326708571985e-13,0.7870871433056891
1239,2.5360819222020876e-12,8.404374407680762e-13,7.910227538820081e-13,0.8577796028926968
1240,8.656208916512398e-13,1.3281914797384515e-12,1.172421082081782e-12,0.9222651332616806
1241,5.953899288602984e-13,3.9358013773837297e-13,4.237147422109614e-13,0.8786482818424701
1242,2.1366491789663138e-12,1.0333912854322319e-12,1.0422785302572555e-12,0.9680238470435143
1243,4.846983041666952e-13,2.575900922645826e-13,1.9808571982660174e-13,0.887140455469489
1244,7.932638780713542e-13,1.1098913138049644e-12,9.755766619392481e-13,0.8768036937341094
1245,8.125977924935416e-14,8.14254668831028e-14,4.16147438013946e-14,0.8647127578034997
1246,5.844645824225651e-13,3.310712908121264e-13,2.7507718023547773e-13,0.8861127745360136
1247,2.8580258324396722e-12,3.623875945680283e-12,2.4650584259389198e-12,0.927447983622551
1248,1.7222562484444157e-13,1.8390543547999971e-13,7.48023566689364e-14,0.853287486732006
1249,4.13848813969459e-13,4.400988392650613e-13,1.81526586629225e-13,0.8129779629409313
1250,3.03246222427251e-13,1.6575336925418726e-13,9.465638216628517e-14,0.8511927604675293
1251,2.5883186823161154e-13,6.47557475526495e-14,1.2680568378174176e-13,0.8244956985116005
1252,4.942797227350255e-13,7.227595276048579e-13,4.4659513391146736e-13,0.8183077428489923
1253,3.5094522640042996e-13,2.3011512516035833e-13,2.4630252842201425e-13,0.8949220146983862
1254,2.98954511423992e-12,3.5966010676991125e-12,1.326125965382549e-12,0.8022218733094633
1255,6.413533611221207e-13,4.4779463372033986e-13,2.664949321368434e-13,0.8758778758347034
1256,4.078372707582923e-13,1.3355491908617926e-13,1.380782234536787e-13,0.9440959878265858
1257,3.0919168616486363e-13,4.595549847217154e-13,1.4119508765860508e-13,0.8146734403446316
1258,3.1097582842864773e-12,2.8768452743911437e-12,2.140064977483177e-12,0.9301538109779358
1259,3.2184978795400666e-13,5.56858724591697e-13,1.3033474017796214e-13,0.7857365977950395
1260,2.477942636749665e-10,4.159880606907168e-10,2.9050482508992355e-10,0.8583684090524912
1261,1.9283840000825276e-12,1.500742347888919e-12,1.3827210139628148e-12,0.9491687126457691
1262,3.982502458854192e-13,2.408559584964551e-13,2.54959654950114e-13,0.9082892742007971
1263,5.217317971566434e-13,1.0638760715673231e-12,2.974236224228272e-13,0.7722839895635843
1264,2.2623763421343346e-13,1.3682156656691556e-13,9.865102854545448e-14,0.8186833648011088
1265,6.532768105966437e-13,2.0494445886581203e-13,1.479970005588881e-13,0.8198035856708884
1266,3.832661448207364e-11,1.3694425175174218e-11,1.7640843593855443e-11,0.8520467758178711
1267,1.82473007497143e-12,2.1501044944525234e-12,1.897641218147732e-12,0.9720564797520638
1268,5.744831302883737e-13,8.436140832336588e-13,3.380040687728326e-13,0.7888443056028336
1269,5.927451853923669e-12,2.382422782435349e-12,2.2245892567068316e-12,0.9734094068408012
1270,3.264355077925377e-13,5.625857027182671e-13,1.8524995809745846e-13,0.7766676116734743
1271,1.6151381423012568e-11,1.7261495932504018e-11,1.3989376089673127e-11,0.8237615708261729
1272,2.548783048390492e-13,2.2237079395197318e-13,1.7094811228981127e-13,0.7830801752395928
1273,2.4961248698341683e-13,2.2324017716048864e-13,1.199196966441795e-13,0.8347047081217169
1274,1.323461675651619e-11,1.7285718409989495e-11,1.3585090375556176e-11,0.8921600379049778
1275,7.509250905540749e-12,5.352379627791033e-12,5.448495040484608e-12,0.9204944364726544
1276,5.031446613434373e-13,2.0124105184672897e-13,1.5681878006566476e-13,0.8341571966186165
1277,1.8172471039316219e-12,1.2749998881035675e-12,1.0917415779179366e-12,0.9640907125547529
1278,1.4240976703180315e-12,1.853437269420999e-12,1.2298686195570636e-12,0.8770784139633179
1279,2.758414140456451e-13,1.989732389639666e-13,1.404951769334744e-13,0.8252458719536662
1280,1.026427635203994e-12,1.037791733269023e-12,4.5073025374963464e-13,0.8553562123328448
1281,7.818414788054826e-12,2.4345667211769444e-12,2.4127049890912e-12,0.969196566566825
1282,3.700231794532877e-13,3.1995960094750263e-13,1.885039632264343e-13,0.9333608038723469
1283,2.862760565757859e-13,3.948247888100524e-13,2.5285986837417073e-13,0.84116564495489
1284,3.013984388386636e-12,3.460691157946624e-12,2.8422593889498878e-12,0.8854870561510324
1285,1.9394619124905612e-13,1.277168741857076e-13,1.1788963322514322e-13,0.8655368944630026
1286,1.060614167248087e-11,1.4693307570173066e-10,7.91293289449617e-12,0.7624179342295975
1287,2.3019272428558304e-13,1.097192352056137e-13,8.247478657949178e-14,0.8579837437719107
1288,1.6317775138029273e-12,2.6427182175568256e-13,4.872268197208008e-13,0.8576494948938489
1289,2.5071038782965e-12,1.340255976538092e-12,1.518250045223004e-12,0.7738752938807011
1290,1.0884970525517886e-13,2.2628355654733256e-13,4.764556744098361e-14,0.8205568827688694
1291,7.167825432512392e-13,7.267376365356266e-13,3.700081567149809e-13,0.8377197852358222
1292,5.568916276842202e-13,2.5630082320224497e-13,3.784112973834928e-13,0.8001598812639713
1293,8.101901398210767e-13,3.034201104451224e-13,2.7626786548375373e-13,0.8827062599360943
1294,4.0342461787966867e-13,5.556335721443558e-13,3.945024872289981e-13,0.7766646287404001
1295,2.3840645443455567e-13,3.6921928301242296e-13,6.205868031043402e-14,0.7746556441765279
1296,2.0737971413246157e-13,2.0712273675662072e-13,1.9483833401072815e-13,0.842228745482862
1297,6.500999678334294e-13,5.716405015831149e-13,4.232722074968005e-13,0.8435858465731144
1298,2.695170538193242e-13,1.7485007280163267e-13,1.7813692154161668e-13,0.869973148405552
1299,5.177761965660223e-13,2.219712870686786e-13,2.261205770959039e-13,0.8841344501823187
1300,8.00398789887198e-14,4.259146197218292e-14,4.068482677336634e-14,0.874326316639781
1301,3.526697149399181e-13,1.5838958328808554e-13,1.2163004981063932e-13,0.8455543708056211
1302,2.7865266155594534e-12,2.4317592940584147e-12,1.4458359771768897e-12,0.8877799484878779
1303,6.547138697490485e-13,7.370823406113328e-13,1.6264617166116937e-13,0.8230850244872272
1304,1.3036407570093282e-13,3.381880538383859e-14,3.4004257974308716e-14,0.892820792645216
1305,8.271154261630609e-13,1.55088808654894e-13,3.703622061786869e-13,0.7768223536200821
1306,1.2725523077612298e-13,1.8242042472604503e-13,1.318219342209177e-13,0.8372760960832238
1307,2.506395961236313e-12,4.181125711629614e-13,3.623544592101653e-13,0.884129085764289
1308,1.8772581769120893e-13,1.325216782543603e-13,1.1298326836118414e-13,0.8822045236825943
1309,1.6837214120464334e-12,1.2986402459595329e-12,1.0338719418189998e-12,0.7807250606361776
1310,6.229801248580053e-12,2.4861300087193864e-12,2.3298718824780907e-12,0.9676242046058178
1311,1.9364915686890543e-12,9.077940840031657e-13,1.0119515623312582e-12,0.8630533624440432
1312,1.2069422200048356e-12,2.995352791057678e-13,3.711012341618173e-13,0.8426080409437418
1313,6.169422558278126e-13,1.6408883708745687e-13,2.7491593346366454e-13,0.8053779285401106
1314,6.515464562327636e-13,5.241451154146466e-13,5.957819945890643e-13,0.8294910913333297
1315,2.302661409025185e-13,3.471082327824168e-13,2.515055415797683e-13,0.8248148579150438
1316,1.9290412769691651e-13,1.2027410975399072e-13,8.89181932338552e-14,0.8598162168636918
1317,1.5228378813616457e-13,4.5506470732677775e-14,5.135927531374669e-14,0.8097511441446841
1318,3.9874373598611873e-13,3.152183292387917e-13,2.0442883162944558e-13,0.9154129415750504
1319,2.6105484179004785e-13,9.491043633340913e-14,1.0281559780362638e-13,0.8789310123771429
1320,1.0451898159215938e-12,5.832639842287457e-13,5.613094768845077e-13,0.8831479251384735
1321,8.807228544000179e-13,1.6453668984070445e-12,3.774344325119416e-13,0.8097300726920367
1322,3.081077229393037e-13,2.0791763892127425e-13,2.0911383633023487e-13,0.883956553786993
1323,1.4591586642339433e-11,1.2716364176931192e-11,1.1630050195891261e-11,0.9583420008420944
1324,1.9749470370667184e-13,2.3718474521797515e-13,1.4467910294515048e-13,0.8269277216866613
1325,8.70510280249948e-13,3.7891116269773283e-13,4.720323026099794e-13,0.8617560133337975
1326,1.6051560972867913e-13,2.3372442179608787e-13,9.59911550045783e-14,0.8088179125450552
1327,2.458941887769982e-13,3.158470432239436e-14,4.3154572698202304e-14,0.8675353353843093
1328,1.2131149971368863e-12,1.2680751065688119e-12,6.729672688766403e-13,0.8723336484283208
1329,4.4957698721391836e-13,5.085190802821913e-13,2.854189860452528e-13,0.8444747880101204
1330,9.688272499591481e-13,8.60901713892763e-13,3.9155972309698007e-13,0.7902499421499669
1331,9.2902874095289e-14,8.905680513685832e-14,3.1919616502447994e-14,0.8162378679029644
1332,2.870096004669644e-13,3.0639190428853844e-13,1.9673560784148537e-13,0.8221905275247992
1333,8.874987840574178e-11,7.068595464923289e-11,7.1030259643981e-11,0.9783078998327255
1334,1.3478787743150547e-12,2.356094153872226e-12,1.2182015049117218e-12,0.8076510798186064
1335,3.0103630712054493e-13,2.2600688493516534e-13,2.2279061638051037e-13,0.8503418443724513
1336,2.94911320095874e-13,8.139973301424856e-14,9.492777977156037e-14,0.8740309946238994
1337,9.453924235323755e-13,9.627938134537366e-13,9.899640956907193e-13,0.878017409518361
1338,1.0666985853665329e-12,9.126218909908432e-13,9.083363137086105e-13,0.9346191935241223
1339,6.438104875686432e-13,7.582191869227377e-13,4.834487352214945e-13,0.8551478996872902
1340,3.6922757702649273e-13,2.963313568758843e-13,2.9216513943914453e-13,0.851751091517508
1341,1.9660248144258915e-13,1.1434322332226018e-13,1.039744689269884e-13,0.8522464241832495
1342,3.205111497859648e-13,2.878976972334983e-13,2.551402212570193e-13,0.858715956658125
1343,1.7125684761444912e-12,1.1680575879640501e-12,4.3026470221357057e-13,0.83151446133852
1344,2.1734604290701255e-13,3.1030772237295835e-13,1.1511422308238324e-13,0.7892691109795124
1345,7.353171808781766e-13,4.4233401400530346e-13,3.826679552888064e-13,0.8564081121236086
1346,3.762911597499894e-12,2.4562068100920173e-12,2.5651721931701867e-12,0.9507533311843872
1347,1.6979425338091545e-11,9.271930472869528e-12,8.24363267582167e-12,0.9383035607635974
1348,1.154382253368187e-13,1.140563145299505e-13,6.429128201234669e-14,0.8441366694867611
1349,2.745364407794902e-13,1.0708459270105193e-13,1.3570477009170088e-13,0.8831457924097776
1350,1.6995204595751427e-13,3.4408691270143876e-13,1.515900833579635e-13,0.8064833824522794
1351,1.7058735770890221e-13,4.045716594546133e-14,7.314443619873041e-14,0.8513453546911478
1352,2.44454676371409e-13,3.9231896916350276e-13,2.3045493435933947e-13,0.7844465992879123
1353,2.983169853547775e-13,1.689885427138291e-13,1.2309419696947836e-13,0.7925743612460792
1354,3.1374836510013718e-12,1.2459200115733332e-12,1.1904552254168746e-12,0.8347606860101223
1355,3.355208841907009e-13,1.9996782687824882e-13,1.843880799600814e-13,0.8644764048978686
1356,3.6513657924047657e-13,3.6899713665586517e-13,1.6511703525827e-13,0.8412090863101185
1357,3.0654544555181454e-13,2.1694088123198152e-13,2.0108605677428519e-13,0.8554353695362806
1358,6.118166364636044e-13,1.4505469724969728e-13,3.048551431239235e-13,0.8293864198029042
1359,5.861675070692244e-13,1.5856624828800605e-12,5.951894402186998e-13,0.889967492967844
1360,3.518498458295839e-13,1.5137461866340105e-13,1.8393920648071013e-13,0.8854240849614143
1361,2.9882367725436694e-12,1.8222657472644612e-12,7.856606034986835e-13,0.8225811827927828
1362,2.4448915413442754e-13,2.67079686259351e-13,1.2081314478127444e-13,0.8344563186168671
1363,9.249530693163448e-13,3.708519366872074e-13,4.101929570084732e-13,0.9270935725420714
1364,4.916106389777555e-12,1.550666379144937e-11,4.848496981327715e-12,0.7795247980393469
1365,8.479352281371481e-13,2.0662630766825026e-12,4.786591288464399e-13,0.7607315064407885
1366,9.993449797491114e-14,1.030855050582975e-13,3.759770007433134e-14,0.8555799474939704
1367,3.593882395623128e-12,2.1178080250784435e-12,1.9834707682803598e-12,0.9665081577375532
1368,3.4916509041605005e-12,3.862467736298196e-12,2.0833388508209485e-12,0.7791614432819187
1369,2.595050228695401e-13,1.039695508297358e-13,9.383594820761603e-14,0.8447303069755435
1370,1.2173295519345768e-11,1.745761615437697e-11,7.1612456559190374e-12,0.7622805571649224
1371,4.025272311623964e-12,2.3281521547386923e-12,2.6157982113226825e-12,0.8863759860396385
1372,7.473878007815894e-13,2.354451579011546e-13,1.950317119062878e-13,0.9036944545805454
1373,5.488827207058242e-13,5.709594937108632e-13,2.291239188229598e-13,0.8452024754136801
1374,3.4414077623220743e-13,2.2051937991504002e-13,1.6963235180748162e-13,0.8838010992854833
1375,1.4449454545589064e-11,4.783079150772231e-12,5.0389004520909814e-12,0.9396553583443165
1376,5.178621046184937e-13,3.375287493332386e-13,3.150018429627511e-13,0.9359142862260341
1377,2.7316540804030863e-12,5.8628805205064084e-12,9.538781679095753e-13,0.7869329211302102
1378,9.982009682391973e-13,1.2387353743172078e-12,7.28502181813812e-13,0.8416765626519919
1379,1.3395921839118883e-11,6.087861322266827e-12,7.33359296300704e-12,0.8940922312438488
1380,1.1380790590984691e-12,7.697571379358936e-13,4.2233417546697967e-13,0.9279684543609619
1381,2.0351278114442168e-13,9.598038754266518e-14,1.2827032128905873e-13,0.8376729069277644
1382,1.5960945966717453e-12,2.7004268951212185e-13,6.070174648647274e-13,0.8442450381815434
1383,4.0449780688833487e-13,1.4950555595051619e-13,1.6863022116221882e-13,0.8677666552364827
1384,4.258616415015336e-13,1.1728995556519409e-13,1.6269744941998748e-13,0.9139468561857939
1385,3.873042025960316e-13,2.3167457316205605e-13,1.6136812378006034e-13,0.816951163392514
1386,5.737393328089205e-13,6.420481055308863e-13,5.493230322271048e-13,0.8320885486900806
1387,2.9373666925038557e-13,3.5422255159860255e-13,1.518651383128388e-13,0.8336535184644163
1388,2.052285662414698e-13,1.485219212831287e-13,1.4462385585818735e-13,0.8405443264171482
1389,2.0285771257573547e-13,9.206758415394754e-14,9.058850519886149e-14,0.9064386948943138
1390,1.6237454317987584e-12,5.008376786126728e-13,6.491333362499566e-13,0.8989052001386881
1391,2.428736893352145e-12,1.886181437527769e-12,1.0308379601052662e-12,0.7672587914392353
1392,5.007203716174663e-13,5.292232668721691e-13,4.1470622519325244e-13,0.8293125560507179
1393,2.2288829050904678e-13,3.0996025812124367e-13,2.10351785157733e-13,0.7909850903786719
1394,1.5083399418965208e-13,6.25640058703118e-14,6.903510186728159e-14,0.8827215593308211
1395,8.821769130125668e-14,1.5874737261117546e-14,3.135541058792329e-14,0.870889769680798
1396,9.149738198517992e-13,5.529461594617204e-13,4.601508731982582e-13,0.8780584834516049
1397,2.5540491633226953e-13,6.18537884798201e-14,6.939762216335872e-14,0.828913070447743
1398,7.727711195608107e-13,4.711365042094717e-13,4.526873458585395e-13,0.812326193600893
1399,6.477618197994751e-13,2.3759299504348956e-13,2.802878198527267e-13,0.8210137333720923
1400,3.1326892291064237e-13,2.5553871391775284e-13,2.0580014484949577e-13,0.8478888580575585
1401,2.3552895620952127e-13,2.7293161052557037e-13,1.497392430008838e-13,0.8130046626552939
1402,5.265579135436419e-13,2.6425904934887404e-13,1.879683497015819e-13,0.8754576250910759
1403,4.67270722625481e-13,2.330368774919645e-13,2.7650270448339306e-13,0.8967550706118346
1404,5.609022031279203e-12,4.101617894601945e-12,3.477542685570448e-12,0.908132278546691
1405,6.289774733805347e-13,6.590951676021683e-13,4.2467517571087596e-13,0.8507856149226427
1406,3.661663471452695e-13,6.281240841200578e-13,1.67444723218491e-13,0.8310121299698949
1407,1.5935452557607872e-13,1.6837230479269978e-13,7.7724111539963e-14,0.8026625922881067
1408,3.522003842426754e-12,2.4347749117063523e-12,2.202090938983903e-12,0.8402865808457136
1409,2.788059526109279e-12,1.2861005656432046e-12,1.1897250907638126e-12,0.8776846133172512
1410,2.318197529588118e-13,1.9504101409812657e-13,8.562330171960371e-14,0.8385097602382302
1411,4.927902239481414e-13,5.356550960433686e-13,2.6209953789402035e-13,0.8728347005322575
1412,3.270964776800872e-13,2.0447601319023835e-13,1.9257548051262722e-13,0.8219870298169554
1413,1.408418772734018e-13,1.9555793366961718e-13,1.7140153597244122e-13,0.9032276388257742
1414,2.1611237727561454e-13,2.231106256701085e-13,1.9320689644705194e-13,0.8655946923419833
1415,1.7321558864792904e-12,1.7647553969196093e-12,1.2030629178755249e-12,0.7575413113925606
1416,2.7191328231212736e-11,7.50250602879307e-12,7.185106227868263e-12,0.9734827548265457
1417,1.281761564166737e-13,6.813336544049149e-14,5.6726380431327134e-14,0.8954036582261324
1418,7.260388385284179e-13,1.197669761277615e-12,9.198371477550565e-13,0.9132229715585709
1419,1.4957466717374933e-12,4.754206400790538e-13,4.639132827283675e-13,0.9684762492775917
1420,1.561673321250253e-11,4.781958633300544e-12,4.2277893538065896e-12,0.9649855241179466
1421,4.1209430703137284e-13,4.0168135710286475e-13,1.7080889824952722e-13,0.804807133320719
1422,2.771432615346629e-13,1.6612441461716118e-13,1.1905889415864703e-13,0.8310428010299802
1423,2.1635415193149556e-13,2.654339826358086e-13,1.5250384273548214e-13,0.8392787251621485
1424,1.5498008130585843e-13,1.1581440797148885e-13,9.472802211722838e-14,0.8545880958437919
1425,7.355336350138144e-13,3.603165310063517e-13,4.487614238839454e-13,0.8223517969250679
1426,5.386772486056288e-12,1.0696567741399653e-12,8.760927880922711e-13,0.9681698471307755
1427,2.0411265158008794e-12,1.4943476805068177e-12,1.5547690202573265e-12,0.916698232293129
1428,7.658322776373406e-13,7.888649423832641e-13,6.125091358726751e-13,0.8021538440138102
1429,2.3362818930564713e-13,1.0527947300520617e-13,8.560547050745338e-14,0.8620052477344871
1430,1.1776562831686215e-11,3.703694950210819e-12,3.9514924454860556e-12,0.8793431408703327
1431,2.6318467686529215e-13,9.97697686090137e-14,1.0163108558819969e-13,0.9033592600375414
1432,2.909931466224117e-12,6.466480136754719e-13,6.404369247999463e-13,0.9598135508596897
1433,3.36162350619792e-13,3.082809274833761e-13,3.0309644928847893e-13,0.8897915538400412
1434,7.178159013195003e-13,1.6441015125659932e-13,2.749531380695365e-13,0.8673263303935528
1435,2.2237796729425241e-13,9.408426420150499e-14,1.0350172462465493e-13,0.879309605807066
1436,3.5142289916361235e-13,1.7898826458128478e-12,2.6036081098931443e-13,0.7626715194899589
1437,2.8224695868312036e-13,2.679767346058412e-13,1.1603106205053626e-13,0.8120073803700507
1438,6.009348849039376e-13,4.840722028090107e-13,3.7195242308269145e-13,0.8554095128551126
1439,4.023202069502994e-13,3.917383037713608e-13,3.8599570567549587e-13,0.872080997005105
1440,9.231416072873576e-13,3.924271833207372e-13,3.755433846498735e-13,0.8355865340679884
1441,5.778347247065262e-13,4.66739305073803e-13,2.9450562667895927e-13,0.8561198864132166
1442,3.4608444811623905e-13,2.5520053336852644e-13,1.975999618601932e-13,0.8471380032598972
1443,2.7604759404406815e-13,1.6381257344978682e-13,1.2880750324605178e-13,0.8154452331364155
1444,7.532396297783968e-13,3.1738497045241313e-13,2.909085406436191e-13,0.8945049993693829
1445,9.254089214331883e-13,1.2045876092458378e-12,4.614090290857645e-13,0.7784421558957547
1446,1.4581662954288698e-13,1.85198759311386e-13,7.303469372520282e-14,0.8332898328080773
1447,2.6990849056306688e-12,6.384921275056524e-13,7.455808313820554e-13,0.923539312928915
1448,1.1399309834433897e-12,1.1627649131826564e-12,9.075534441656712e-13,0.8020831715315581
1449,4.414909445557223e-13,4.463522288491022e-13,1.4747302081632315e-13,0.7986032879911363
1450,1.74766457582546e-12,1.0753622109721302e-12,7.979865294550092e-13,0.7897601942531765
1451,5.673513244612693e-13,3.9310158963724837e-13,3.8752698420920526e-13,0.9003905821591616
1452,2.1507987862692273e-12,1.838485090144533e-12,1.4692308147109218e-12,0.856117451377213
1453,7.491251230513487e-13,1.9733273584665363e-13,2.490324266266085e-13,0.8670156139880418
1454,1.090702627170491e-12,8.346671726548769e-13,7.472575320837047e-13,0.9600589409470558
1455,8.52012010484824e-12,3.5816639630795662e-12,2.691454791328424e-12,0.974625651538372
1456,3.956071092691421e-13,3.17894811509731e-13,2.2270144705848428e-13,0.8156099094077944
1457,2.986828558226244e-12,7.699735686538467e-13,1.2006679760400231e-12,0.8538233833387494
1458,3.82176753153127e-13,1.5896646441052633e-13,1.3990949292631122e-13,0.8803695550188422
1459,4.024271529386941e-13,1.719869869419815e-13,1.8818081818789955e-13,0.8365146456286311
1460,4.0673593651212826e-13,2.919242532497189e-13,2.831371403229856e-13,0.9073079735040664
1461,1.4436467772833529e-12,1.3921539191769988e-12,1.1615254658667111e-12,0.8284536214545369
1462,2.0310807110287428e-13,1.7402992825416602e-13,6.852692035507046e-14,0.8695689585059881
1463,2.134671764874771e-11,9.070038727933964e-12,7.739434190891112e-12,0.8538455825299025
1464,1.7173187200583917e-13,1.5759886983753284e-13,4.7774807559994175e-14,0.8112876827828586
1465,1.688644567114569e-13,1.4940291928835366e-13,1.3307736920236114e-13,0.8161868149414658
1466,6.845808184660194e-13,4.554403556542053e-13,4.628255557804998e-13,0.8918038494884968
1467,5.553660254051721e-13,6.819250679014646e-13,4.422073993202368e-13,0.8084170371294022
1468,1.8314630440855413e-13,2.9716869052193133e-13,7.920894803111845e-14,0.8060473008081317
1469,2.7580590820525395e-13,1.2086685960808823e-13,8.814898701347257e-14,0.8824525851756334
1470,2.3807462996112108e-11,6.9553722754176335e-12,8.724611423970831e-12,0.8565107248723507
1471,1.36561230542441e-12,1.2501896469512792e-12,1.2107395232084327e-12,0.8667493779212236
1472,6.436646678551906e-13,6.544262366843248e-13,3.987855572444749e-13,0.8269824877381324
1473,7.361675006369106e-13,7.680926754912392e-13,4.739689387774939e-13,0.9156664341688157
1474,1.7480046490476675e-13,1.416059750557195e-13,4.3472871026243323e-14,0.8850160842761398
1475,2.9334373934401994e-12,9.401223187575011e-13,1.089583171555732e-12,0.8895121775567532
1476,7.625832770418913e-13,2.0546304646184349e-13,2.2925621578363946e-13,0.8743027379736305
1477,3.4052124693210475e-13,2.389206803135384e-13,1.3337691173682003e-13,0.9029629528522491
1478,9.069892625059185e-13,1.6706323036317238e-13,4.11709744049521e-13,0.8858016915619373
1479,2.2453736907137897e-13,1.2588701761197278e-13,1.165744587704444e-13,0.8251392502337694
1480,6.634607715252963e-13,4.921760188258183e-13,4.475301999801143e-13,0.776892848405987
1481,9.090791334848158e-13,1.034883831599334e-12,8.885351013141346e-13,0.8249541111290455
1482,8.232409215498993e-13,1.0525523480375741e-12,6.382347607083825e-13,0.828467078320682
1483,2.741326300755559e-12,1.5799540386583566e-12,9.93874485653656e-13,0.8471236690878868
1484,4.757672052134988e-13,1.1043870084509514e-13,2.1082566613223622e-13,0.7869672311469913
1485,8.68859840597341e-13,3.569418123549952e-13,4.406049050962893e-13,0.856131224706769
1486,1.64949664749909e-13,7.725165598502582e-14,5.228108357259016e-14,0.8751654624938965
1487,7.279152763073788e-13,9.475322638801333e-13,2.723191949433684e-13,0.807534687127918
1488,9.384725894302427e-13,5.158181802643824e-13,5.198425723004067e-13,0.8720471210777759
1489,7.726356903019456e-13,6.786392038534203e-13,6.756160488761663e-13,0.8931040152907371
1490,1.0297408015595977e-13,4.630353057237175e-14,4.975467025888139e-14,0.8451234804466367
1491,2.395373549414146e-13,1.0181161144863465e-13,6.942172695906517e-14,0.8144387022592128
1492,1.315995636650365e-13,1.1514144365469995e-13,2.898345755992341e-14,0.8296679649502039
1493,2.599696338534762e-13,3.7855112674976395e-13,2.4923399317587705e-13,0.8388574385084212
1494,1.1893614641540405e-13,6.423589157171729e-14,7.061402476578825e-14,0.8540597531944514
1495,1.8188224187786412e-12,8.274216910028049e-13,7.66330327185844e-13,0.8987401692196727
1496,4.248784381171495e-12,1.9207852885260566e-12,1.3909448666577227e-12,0.9675611417740584
1497,1.7491098160892577e-13,2.740340274460348e-13,1.7110404725772278e-13,0.8513358365744352
1498,2.5000326364695596e-13,1.449354538726526e-13,9.889903101181457e-14,0.9053747348487378
1499,2.2209154187461137e-11,4.2285580373657695e-11,2.4865850755372756e-11,0.8264049714431166
1500,7.774424109926547e-13,7.642933484344554e-13,1.1961145908392286e-13,0.8405612683854997
1501,1.1446249586403317e-12,6.507274952231528e-13,6.400396484362077e-13,0.8805184707045555
1502,6.197179826410262e-13,4.992928483083616e-13,3.0319295355133525e-13,0.8399805877357721
1503,3.3784524093822205e-13,1.55960840591156e-13,1.6133995855651273e-13,0.9070894826203585
1504,3.8102402993006534e-13,4.423937155258016e-13,1.9069137770506786e-13,0.8010674947872758
1505,1.26301828505013e-13,7.893820551671333e-14,5.678051848717247e-14,0.871340786665678
1506,3.82734562179154e-13,4.915142342430639e-13,2.8945548134320835e-13,0.7709496895316988
1507,2.370321904323163e-12,1.0497140489785106e-12,1.0645556750110664e-12,0.94991869404912
1508,2.045707108215609e-13,1.9204110001602053e-13,9.418643113931814e-14,0.825713627692312
1509,6.850163702862021e-13,3.623452598999897e-13,3.2052134926662407e-13,0.9110285561531782
1510,1.8707687355908443e-12,1.4788066096992988e-12,1.4871925229378174e-12,0.9544249691069127
1511,3.5969436860103595e-13,1.7439276380057668e-13,1.831732164963805e-13,0.9316062115132808
1512,2.5053462219263926e-13,3.5684016988763463e-13,2.2572669932863436e-13,0.8146632798947394
1513,1.9181015618773647e-13,7.489219356538011e-14,7.308730578903133e-14,0.8600943939760327
1514,2.3989135513303155e-13,8.153045546903873e-14,5.163290835236706e-14,0.8406038084998727
1515,5.592944864963738e-13,1.8390986028300414e-13,2.4382688478841916e-13,0.8397179545834661
1516,9.505169760896648e-13,3.1588574379226446e-11,1.3152036570778612e-12,0.7604217793326825
1517,2.3846475431051344e-13,1.196485850326987e-13,1.2808170987339934e-13,0.8533862646669149
1518,1.4553447305292739e-12,5.488879663836331e-13,6.793675209934954e-13,0.8549921929836273
1519,1.7258035591799953e-13,3.9945092558998926e-14,6.579961684859908e-14,0.8493042396381497
1520,7.414124857457087e-13,6.742520617323411e-13,5.564617747804836e-13,0.8707316674292087
1521,1.2549425241555877e-13,1.428321256860555e-13,7.051617385815278e-14,0.8327768357470632
1522,2.6717142952137163e-11,1.742123490003981e-11,1.0087718318057508e-11,0.8641832660883665
1523,4.49410721817086e-13,3.54577637399919e-13,3.2604531516960146e-13,0.9058733884245157
1524,3.3385773243715586e-12,6.0935770869258445e-12,2.218594655320561e-12,0.8003458736464382
1525,2.6681429343452385e-13,1.5049318012046141e-13,1.1220359734432721e-13,0.7822341916617006
1526,2.390260887039754e-13,5.991186450626248e-14,6.225250758343558e-14,0.8806196676567197
1527,2.5208508976100554e-13,3.273367115170977e-13,9.682775235803431e-14,0.7904187876731157
1528,4.2102226152301755e-12,8.014565643088453e-12,5.497652036144856e-12,0.8988443791866303
1529,1.7481163691913335e-12,6.454584095007221e-13,3.2782363257655217e-13,0.9208238486200571
1530,3.3249701982855587e-13,5.64333225330627e-13,2.510750527501614e-13,0.8250943520106375
1531,3.61436833746878e-13,4.1264251924456514e-13,3.6182608108231487e-13,0.9306642033159733
1532,1.5412008324271735e-13,6.964246025446896e-14,7.024238567556853e-14,0.8587711000815034
1533,4.721512906490645e-13,1.275641268998782e-13,1.3166910451287295e-13,0.8680512215942144
1534,2.398667555449102e-13,8.776053690764195e-14,9.606672101621986e-14,0.8771226987242698
1535,9.917088365880824e-14,1.4928459710584083e-14,3.207282049196156e-14,0.870271597057581
1536,3.031802268335152e-13,3.100065081514549e-13,1.5055089817742699e-13,0.8431274535134434
1537,3.071615488344088e-13,2.0442477317431215e-13,1.9199790673223705e-13,0.8555623298510909
1538,1.134092364409234e-12,3.5709537462715265e-13,3.316721499932554e-13,0.9037816952914
1539,7.004923944495719e-14,3.678724580633669e-14,2.710152948724419e-14,0.8473577870056033
1540,7.80942440001643e-14,1.7558418743149424e-14,1.985001617639609e-14,0.8477510502561927
1541,1.1151357198164293e-12,6.266216047473225e-13,6.024939975509008e-13,0.9461532719433308
1542,5.951617545728421e-13,1.9825366139098608e-13,1.9295426150453924e-13,0.8454279463738203
1543,1.0331420456765173e-13,5.480201208530209e-14,4.5974413358793787e-14,0.8690848279744386
1544,2.1844241481037718e-13,1.721830615958553e-13,1.3372806536795693e-13,0.8291231140494346
1545,3.1336961831218325e-13,6.547767885366384e-14,8.08931405558147e-14,0.8579675454646349
1546,5.395077367442876e-13,2.4321478778808813e-13,3.0235368950721614e-13,0.7709253666456789
1547,6.322350888039904e-13,1.9151532572874027e-13,1.666255065055737e-13,0.8626447189599276
1548,4.560579751779892e-13,2.0804292296148213e-13,2.1245783392977395e-13,0.8861884243786335
1549,1.4355457204723825e-12,3.7252468678682414e-13,4.759451532975142e-13,0.8780314888805151
1550,5.179494241179202e-13,4.593983504620972e-13,2.4458553098185264e-13,0.8572388155385852
1551,3.330083260273606e-13,3.466976060384098e-13,1.8020566402547775e-13,0.7652336317580193
1552,2.033007911943446e-13,1.6064028373574281e-13,5.084837137618975e-14,0.8223707042634487
1553,5.030738276197333e-13,2.7203748132213605e-13,2.0772194241296244e-13,0.8317405456677079
1554,2.90271798770646e-12,1.1046671122581112e-12,1.1217210569512977e-12,0.9759513646364212
1555,2.26516467059611e-13,2.059525708145499e-13,8.435285667249908e-14,0.8488351905718445
1556,1.7661151695733196e-13,4.5051075441188326e-13,9.968896516809015e-14,0.822473815921694
1557,1.1493507419435268e-12,1.2712990000877125e-12,3.686053820851557e-13,0.7971025633625686
1558,8.712213710411796e-13,7.528224843453442e-13,5.289420242638583e-13,0.7623038071673364
1559,3.44180271469327e-13,1.1614743931857266e-13,1.5850398588741966e-13,0.8444900831207633
1560,3.4970002361293583e-13,2.37672753203374e-13,2.41386604720808e-13,0.8651209503412247
1561,2.911579438459868e-11,1.90868615314875e-11,1.9551238105908648e-11,0.9306848779320717
1562,2.0539272035749323e-12,6.376222130959763e-13,7.095443508200692e-13,0.7921497248113155
1563,2.0550468464078143e-12,2.229479968989226e-12,2.1431486213793014e-12,0.9636002570390702
1564,1.0754484710316765e-12,7.101925266591015e-13,7.30407446780593e-13,0.7981035214848816
1565,1.4465893884532447e-12,6.044475046547648e-13,6.640626302211019e-13,0.900692880526185
1566,1.8420052578054014e-13,4.8493524622787825e-14,8.120085831131873e-14,0.8745245544239879
1567,5.375103222534518e-13,5.807115149440694e-13,5.207208920119577e-13,0.8492950405925512
1568,2.242821248335003e-12,1.955230001753823e-12,1.773904454832196e-12,0.7998129596933723
1569,6.316329424439226e-13,4.358704608110638e-13,4.412807582310929e-13,0.8181332503445446
1570,1.9018447753518606e-13,8.874579153158745e-14,1.1608296845346382e-13,0.844325422309339
1571,1.524801428010994e-13,6.755254675372514e-14,5.25704067093147e-14,0.8565825035795569
1572,4.715935636132071e-13,3.296452823742367e-13,3.082877993343973e-13,0.7828600575216115
1573,2.1006132717056217e-12,1.3934840283686189e-12,1.4657286362587477e-12,0.9479381054639816
1574,5.562934837890679e-13,4.769234971891947e-13,4.095253401823221e-13,0.8790112480521202
1575,3.295837263629465e-13,6.442253892257238e-13,1.3888243038445775e-13,0.7824589107185602
1576,3.88101404248283e-13,4.290565108248487e-13,4.1652899347932854e-13,0.9410970054566861
1577,3.7191337213696943e-13,2.9606744118839417e-13,2.4563873427325484e-13,0.8255354255437851
1578,3.2333127785021945e-13,6.261492036000349e-14,9.823416280141313e-14,0.8651774292811751
1579,4.393728662325533e-13,3.321871536513223e-13,2.363355868435297e-13,0.8370954819023609
1580,2.410662340528634e-13,2.3619584736230507e-13,2.060062689304107e-13,0.8207722251303494
1581,1.711798518626981e-12,2.0164431543512423e-12,1.6099949403860149e-12,0.834511405043304
1582,3.592281899185724e-13,2.0043669890831232e-13,2.1770542668740568e-13,0.8431751856580376
1583,3.8240521129220846e-13,6.301397260613616e-13,4.136590881119954e-13,0.8432205030694604
1584,2.842920299014196e-13,1.1933330196155438e-13,1.4299540681040416e-13,0.8930637467652559
1585,1.7267651954482307e-13,1.238773962851175e-13,6.500999672369502e-14,0.8338509250432253
1586,1.520796090955247e-12,5.129361959208259e-13,4.4524656767236333e-13,0.9315516263246536
1587,1.6002854860259626e-12,8.269991049870597e-13,4.62965397792819e-13,0.8378103943541646
1588,1.1296807059060194e-12,6.114692623014629e-13,6.286978198392061e-13,0.9042827073484659
1589,4.150281832226011e-13,1.718201791908219e-13,2.0232332323674736e-13,0.8387405367568135
1590,8.441506700080465e-13,3.5573334951786003e-13,3.0126232127280383e-13,0.8811908084899187
1591,4.060115046297591e-12,2.4632403371446886e-11,5.254439116764322e-12,0.8105119992047548
1592,5.695496802258223e-13,1.1942814588708227e-13,1.6772410002030176e-13,0.8449108965694905
1593,2.715486443180514e-13,3.6217657135224444e-13,1.2191710874995256e-13,0.7909963978920131
1594,6.895623404543604e-13,6.140869738626795e-13,4.975569826773079e-13,0.9536692008376122
1595,3.8126124300976215e-13,3.4485999306185717e-13,2.6134302377266204e-13,0.8117017468437553
1596,6.9040675279957185e-12,2.0324347507016567e-12,2.9479921254093064e-12,0.8767731502652168
1597,2.220447999949074e-12,2.8195976200476467e-12,1.7718024222652405e-12,0.8143103395588696
1598,3.201066362237371e-13,7.999347786460812e-14,7.034138430350071e-14,0.8553196843713522
1599,1.4899908611540447e-13,4.367847466360898e-14,6.451214420773792e-14,0.8267248192802071
1600,6.17470071404452e-13,1.1012740362799162e-13,1.699118559862537e-13,0.9219741825014353
1601,2.1402085157973182e-13,9.098388042057793e-14,7.710948567424943e-14,0.8601906629279256
1602,2.3141523966409736e-13,4.553043034160986e-14,4.449509579019417e-14,0.8742560431361198
1603,2.2053351840975493e-13,1.527577360895802e-13,9.922094940614126e-14,0.804163470864296
1604,3.5088404897309236e-13,1.2635663046830638e-12,2.037344016922617e-13,0.7684794419910759
1605,2.578637232578856e-13,1.2254533569654296e-13,1.0104826950581494e-13,0.8413259517401457
1606,2.2049917124308884e-13,2.2827115100495154e-13,2.1223573564055127e-13,0.878444355353713
1607,6.802233387886707e-13,6.770811263447182e-13,5.914574032320321e-13,0.8369700944982469
1608,3.475160549340522e-13,3.656624558110448e-13,2.4181316393017323e-13,0.8068118754774332
1609,1.9259662757777987e-13,3.45846641093953e-14,4.112258529134378e-14,0.8664054375141859
1610,1.1099836036305231e-12,8.104981901988189e-11,4.5007403842778224e-12,0.7617528261383996
1611,1.0014793422448299e-12,1.7447828911179634e-12,8.714329785607658e-13,0.8056250186637044
1612,2.388774970767276e-13,2.5780600979804044e-13,1.1923798671798523e-13,0.8410700658336282
1613,2.0169853335517102e-12,1.0441012509948362e-12,1.344140359451533e-12,0.8633768839761615
1614,4.692857205399867e-13,2.502241389590317e-13,1.555136432782779e-13,0.904757572337985
1615,4.917004659444125e-12,4.124876841566696e-12,3.865724772807422e-12,0.9769316524267196
1616,4.859428037311406e-13,1.2112996373171915e-13,2.3173576470142277e-13,0.8121911586262286
1617,1.270834326551535e-13,1.425005038898063e-13,7.915588740900096e-14,0.7992562279105186
1618,9.322930444534655e-14,1.2328805950573282e-13,5.146052149161179e-14,0.8276514003053308
1619,3.7603293581689616e-13,1.8949162647353604e-13,1.0732783146114697e-13,0.8491307007148862
1620,2.270899151153771e-13,2.6330245560830147e-13,1.7112010777137893e-13,0.9216831546276808
1621,1.5139834287554447e-13,3.458432139607001e-14,4.206154401708758e-14,0.8601955158635974
1622,2.324657330432379e-13,5.333848705140973e-13,1.0014981811240277e-13,0.7816006386652589
1623,4.765027974567664e-13,1.5395469725386713e-12,3.6274241511257096e-13,0.7737990631721914
1624,1.0020891078433224e-13,7.815584889859273e-14,5.1425157984241894e-14,0.8130460795946419
1625,7.676732431053281e-13,8.56496220746911e-13,7.860336291637692e-13,0.9648832276463508
1626,2.976993198045704e-13,2.5665078992811475e-13,1.7706515156867422e-13,0.7731673875357956
1627,1.3537776498944363e-12,8.426236561166274e-13,8.109561579529397e-13,0.9153063699603081
1628,2.2445631845663182e-13,1.9113335136832976e-13,1.2698546726953485e-13,0.8110025229863822
1629,5.0933615967321355e-12,6.938808070513396e-12,5.336075496011963e-12,0.8700402662158012
1630,1.690464157635349e-13,8.149835894792448e-14,1.0498689011395179e-13,0.8326442448422313
1631,3.9085033443019945e-13,9.602499249600712e-13,1.6600525844379896e-13,0.7915576530620456
1632,6.483371079839627e-12,8.234664738826249e-12,4.82511175290944e-12,0.8186690697446466
1633,3.8897176196874216e-13,3.794193739826482e-13,1.0918550770468125e-13,0.8735280819237232
1634,4.145206959985874e-13,5.048461315647319e-13,2.360055546563908e-13,0.8223520932719112
1635,2.2048988160117607e-13,3.562059999581117e-13,2.614012392911716e-13,0.8278296051546932
1636,7.0747478301847886e-12,1.5794801862218006e-11,4.784084668565514e-12,0.8242948023602367
1637,5.515054163618351e-13,3.781986324718516e-13,2.4059882114214174e-13,0.7825954773463308
1638,2.6652035970950804e-13,2.0983485167478563e-13,4.8844565008777625e-14,0.8807164086028934
1639,1.8849203030462116e-13,1.0638059244385307e-13,1.0301141879542629e-13,0.8417945874854922
1640,1.2075879307129876e-12,7.622354270185506e-13,5.289742352073435e-13,0.9111328817903995
1641,2.1932630422151706e-13,2.0080198911652198e-13,1.0973196906118424e-13,0.8402200564742088
1642,4.947998417718008e-13,5.981444461304738e-13,5.130424227479041e-13,0.8490407757461071
1643,1.547386892865444e-13,4.318014923684819e-14,7.048320888472578e-14,0.8422528594732285
1644,2.760140571571348e-13,5.753444917013628e-14,7.789912034020938e-14,0.9112243216484786
1645,1.451841243999602e-13,1.9543581862584022e-13,1.0056675548956216e-13,0.8562841901555658
1646,1.6386025518667033e-12,2.693446315606534e-12,1.573305889617728e-12,0.7957620126195252
1647,1.0829809899464742e-12,1.620554193441408e-12,1.4272340957867197e-12,0.884663824737072
1648,1.7823444313055416e-13,8.142635389330115e-14,9.024927835357305e-14,0.8463653042912483
1649,3.33509243883628e-13,1.9372824860292133e-13,2.1798235902112633e-13,0.8590565567836166
1650,8.347099976244682e-13,1.7556610938008684e-12,1.0227899640906448e-12,0.7632378013338894
1651,7.596824260510146e-13,6.609336157930019e-13,6.794513489252894e-13,0.8154499777592719
1652,4.78488973653342e-13,1.4699842630236347e-13,1.8019406167802298e-13,0.8969839941710234
1653,3.501387744345141e-13,7.334736674643701e-13,2.5280296347739713e-13,0.7713454795535654
1654,5.587543465284695e-13,3.1531269931284075e-13,2.8629646952108186e-13,0.8470906713977456
1655,1.1235732559844038e-12,1.0700429558352081e-12,4.430091318337932e-13,0.7687769335694611
1656,1.4657840910424389e-13,5.1939486727560186e-14,7.164762877061219e-14,0.841539391875267
1657,2.92847315961535e-13,9.018105244604769e-14,7.716960846668844e-14,0.9362849205732345
1658,1.342219192497714e-13,1.5191385668916468e-13,5.5115349219378924e-14,0.7980567868798971
1659,5.812553262948664e-13,4.3472961233884315e-13,2.849028234443383e-13,0.8581085545942188
1660,3.262101972961643e-13,4.63680434992951e-13,3.51307846031553e-13,0.8247104525566101
1661,1.1747981532608114e-12,4.2609041802702086e-13,4.0441793745525846e-13,0.8907224010676146
1662,2.5656995148023875e-13,6.961699730129318e-14,7.416328264751392e-14,0.8960911855101585
1663,3.305445472790536e-12,1.8376924836676914e-12,2.1229501905336765e-12,0.8468847157433629
1664,6.163068990635989e-13,2.848784070060869e-13,1.2695598220761148e-13,0.9203719723969698
1665,2.8189734547406146e-13,8.71840621196977e-14,7.042337832932964e-14,0.9229102287441492
1666,4.065883622701263e-13,5.749388421031746e-14,1.2827657202280204e-13,0.904445656016469
1667,2.6875823047482125e-13,2.4149531583706086e-13,1.4775173628093876e-13,0.8337201984599233
1668,1.6977611288900174e-13,2.3434224702063364e-13,6.13544399759716e-14,0.8840899096801877
1669,4.715669645702578e-13,3.739593537806726e-13,3.4973025503143256e-13,0.7990336482413113
1670,6.327798751489147e-12,3.664452887725734e-12,2.1474466084224356e-12,0.8533557459712029
1671,5.487732525037308e-12,2.53397473403169e-12,2.4828563294043483e-12,0.9410442195832729
1672,1.5271325767677937e-13,6.749442507071712e-14,6.190027125074778e-14,0.8713272677734494
1673,2.1374184442927534e-13,5.903996796085502e-14,8.529027807117498e-14,0.8355419708415865
1674,1.584236430248638e-13,3.853205384805336e-14,5.723234397272062e-14,0.8430052395910025
1675,1.9403793592322867e-12,7.691958939329885e-12,1.3613539484143948e-12,0.7621148710139096
1676,1.3814883665268557e-13,3.3607146408011385e-14,4.731447971760019e-14,0.8511121775954962
1677,3.570948948961438e-12,2.280089403029564e-12,2.0478113260267976e-12,0.9770516991615296
1678,7.864830295020899e-13,1.3972479065663683e-13,2.327138149085153e-13,0.8827515684068203
1679,1.2485975955117887e-10,2.960020837519239e-11,2.481717828039348e-11,0.9720060348510742
1680,4.2362969493537275e-12,5.153032817148442e-12,4.906828103075e-12,0.9675040567759424
1681,7.69838593251438e-13,1.7743014636248607e-13,1.5806197651137017e-13,0.8812956131994725
1682,1.7876464061192149e-12,1.8896813470413127e-12,1.647102719381977e-12,0.8759936969727278
1683,2.761811076308973e-13,2.2664192219977303e-13,8.847837740218262e-14,0.8430988542735577
1684,1.3118429246465564e-11,3.1919898333504464e-12,3.2403449985427072e-12,0.9753072485327721
1685,3.4984786394982158e-12,9.730365086945755e-13,1.382051484276142e-12,0.8775270540267229
1686,6.419392513236702e-13,4.3745302649836897e-13,4.394294381278665e-13,0.9108057335019112
1687,8.537156201178385e-13,7.723753060119886e-13,7.234963313508833e-13,0.8769649066030979
1688,6.476831485114757e-13,4.935319895836519e-13,4.1484462164986593e-13,0.8952738836407661
1689,2.647464360665131e-13,2.294328955702029e-13,2.068799933571249e-13,0.8407330051064491
1690,6.556331004687999e-13,3.041137677694748e-13,2.1371535534358266e-13,0.8734414121136069
1691,8.224976494898968e-13,3.993056933990445e-13,3.8556127765982385e-13,0.8492705233395099
1692,3.604189975948097e-13,2.5506392674539514e-13,1.6263812378803988e-13,0.8369552419520915
1693,1.1430354564738585e-12,4.578943363193708e-13,4.3016800292420467e-13,0.9312241286039352
1694,5.400481752621851e-12,2.265780454068121e-12,2.0130165188161353e-12,0.7804351978003978
1695,3.790125353901991e-13,4.636261331660238e-13,4.059613445737089e-13,0.9176690198481083
1696,1.731170004701678e-13,2.2368861314118807e-13,1.5311581754741895e-13,0.8577852202579379
1697,3.6805179644073776e-13,3.4445668056300563e-13,1.4402057083442138e-13,0.8300458535552024
1698,1.208037294365134e-12,3.144373710154526e-13,2.9143500887750283e-13,0.960222564637661
1699,3.522798482796347e-13,2.6352828438535385e-13,1.2786753536737445e-13,0.8219935756176711
1700,3.905424203313215e-11,4.8130293909975344e-11,3.4860237797777273e-11,0.8550895847380161
1701,8.05545107583217e-13,3.734397552165859e-13,3.328462927341007e-13,0.8976570714265109
1702,2.0423210898215803e-13,1.413099275759315e-13,1.151138010610929e-13,0.840501813031733
1703,2.68549712765732e-13,2.454646128751861e-13,1.6729432337889476e-13,0.7986210446804762
1704,1.3493415061071916e-13,1.749900502965362e-13,5.881335480203426e-14,0.8077745910733938
1705,1.338730000658373e-12,1.3027744516749552e-12,1.2658642030061044e-12,0.9443801648914814
1706,9.398418825734508e-13,8.500083143879586e-13,6.461790862763258e-13,0.8094391133636236
1707,1.0393712185650567e-11,9.814125636426086e-12,9.781547181102941e-12,0.9463923454284668
1708,6.977480967498377e-13,5.085650619272606e-13,4.1125920902768113e-13,0.8885758966207504
1709,4.238242272585454e-13,1.238319360468435e-13,1.440320428687713e-13,0.902666499838233
1710,2.938024003870401e-13,1.6739514202271665e-13,1.0519535726939972e-13,0.8427154986187816
1711,4.355841833198757e-13,4.998533689328598e-13,2.1721871512564347e-13,0.7735105300322175
1712,1.3267179736375007e-12,3.5217317866662965e-13,4.1546905376518837e-13,0.8293390734121203
1713,4.773244900625589e-13,1.3672435055003586e-12,2.333485083852293e-13,0.7871156374923884
1714,3.807488163757372e-12,4.4398152921889993e-13,9.623155871767499e-13,0.8926163390278816
1715,1.4219208421009734e-13,9.982964969510163e-14,9.391658079230804e-14,0.8848459672182798
1716,3.5060721614283896e-13,3.2797887438062584e-13,3.110641626512456e-13,0.8028432128019631
1717,6.4818735000663616e-12,5.1417971904194566e-12,4.47220873159012e-12,0.9669860460795462
1718,1.0748404512746112e-12,9.54295208162144e-13,5.269071335440017e-13,0.8033321807160974
1719,2.2006775762754502e-13,1.1775614494577375e-13,7.779063156737235e-14,0.8529661823064089
1720,6.502077777402884e-13,6.190900606223465e-12,1.0297310488836092e-12,0.7590873746667057
1721,1.6027753629321796e-12,1.53558201909475e-12,1.5191636244254155e-12,0.8808651141822338
1722,2.402153937170277e-12,1.3076888645868547e-12,1.223754401012039e-12,0.8019744523800909
1723,4.436395963724522e-13,2.641001761433002e-13,2.725549394066459e-13,0.8446461245417595
1724,1.14103671669137e-13,6.013947850983415e-14,4.3356293762486296e-14,0.8454691544175148
1725,4.835879823196146e-13,2.800869489981054e-13,1.567772772160181e-13,0.8255086202174425
1726,2.5215660367412233e-13,1.9005143363149916e-13,1.1147169833276223e-13,0.852054525911808
1727,9.894070807227108e-13,4.704762064049473e-13,5.907667569286891e-13,0.8319838957861065
1728,2.2207155082800738e-13,2.1801254940497202e-13,1.310487130634581e-13,0.9222753394395113
1729,3.0393384003535694e-12,1.3153032175499364e-11,1.2579772603953768e-12,0.75654386729002
1730,1.6732449055298006e-13,3.030055627897025e-14,4.040326981479547e-14,0.8680291797965765
1731,4.647631923161903e-13,5.31021820209771e-13,3.134782727072818e-13,0.8695614367723465
1732,1.3769836308350017e-11,4.668383920126599e-12,5.405272282854003e-12,0.8819670643657446
1733,2.7781455277025827e-13,2.0180509324273817e-13,1.853506013700055e-13,0.9255060702562332
1734,1.018834597613124e-12,3.229555824858995e-13,3.06686464694567e-13,0.9282778438180685
1735,5.893417427955057e-13,2.062786964844598e-13,2.4614206020804083e-13,0.9035669565200806
1736,2.7152317801212587e-12,1.994487135899768e-12,1.6203019163732643e-12,0.9609984546899796
1737,4.15518873510781e-13,3.240191358916934e-13,1.8091719241932877e-13,0.8138909364119172
1738,1.0017124303289269e-12,3.040189701849092e-13,2.8089501507922634e-13,0.9438217155635357
1739,2.361483823875797e-13,2.8824662469526546e-13,1.5266255665022692e-13,0.8158057199791073
1740,2.5165704912350043e-13,1.7926302222175876e-13,1.6931180433780167e-13,0.8768126830458641
1741,4.5365664832891396e-13,1.595712609970856e-13,1.9106095766995889e-13,0.8926208682358265
1742,2.528706977803352e-13,2.0634227195360544e-13,1.6159732861980003e-13,0.8479534562677145
1743,3.015880345921366e-13,2.694372038219796e-13,2.2837158839351205e-13,0.8420852893963456
1744,2.592132116747193e-13,1.838546596727572e-13,8.977535983030308e-14,0.9294156514108181
1745,1.5934750028403516e-12,1.4153041981561373e-12,1.3905097853164691e-12,0.9365546353161335
1746,5.235785992534762e-13,5.913548284668888e-13,3.21599691549568e-13,0.8025967599824071
1747,1.3597694678723752e-13,1.7756780444571806e-14,5.1845262303894934e-14,0.8462847072631121
1748,5.093327817377683e-13,5.758260493040531e-13,2.637394759976079e-13,0.8605953503400088
1749,2.8926442387271625e-13,5.073158553324996e-13,3.0683028955746186e-13,0.8732817661017179
1750,5.248657967373911e-13,3.196737406021398e-13,2.685518179052534e-13,0.848989219777286
1751,3.784440841151419e-13,4.829234663625384e-13,1.929932397198366e-13,0.8131973253563046
1752,1.0605664423969247e-11,5.964923944092294e-12,6.8166846408884305e-12,0.8414813615381718
1753,3.1095183089984885e-13,1.6767346649146782e-13,9.634751077289367e-14,0.879210120625794
1754,6.940339055804491e-14,4.0442297613819517e-14,2.5361030863827186e-14,0.8678918052464724
1755,6.719525942131275e-13,2.2230277714083464e-13,2.223821107382648e-13,0.8991681858897209
1756,1.4241949468876268e-13,3.040901670996211e-13,8.315153474555704e-14,0.807524143718183
1757,1.3055076364667377e-13,5.985103265059778e-14,7.730387993073256e-14,0.867341329343617
1758,3.879775076239543e-13,2.6639292722527383e-13,2.1726523167625703e-13,0.8803171776235104
1759,1.1857169057974106e-12,9.172289959172307e-13,8.661764560762001e-13,0.8743709661066532
1760,7.946422016380627e-12,6.433284353313392e-13,2.8229160478353935e-12,0.8689496032893658
1761,6.4194926696687e-13,2.663073239650463e-13,2.687894500852563e-13,0.8991962216794491
1762,1.921455049752377e-12,1.0408961396347156e-12,1.0981831833042858e-12,0.9397925153374672
1763,1.1121673143896476e-13,7.767325426487029e-14,5.033648054387815e-14,0.8715027632191777
1764,1.1274599894449673e-12,6.957402626281621e-13,7.031158406717658e-13,0.9297836437821388
1765,3.4210751008841805e-13,4.262179138685122e-13,2.8809108748224153e-13,0.8075898828916251
1766,8.284198877028617e-11,1.7970779058257547e-10,9.630923054482592e-11,0.8466152884066105
1767,5.601245096923927e-13,5.517610236310943e-13,2.2071255837794286e-13,0.7918786115013063
1768,9.898920167899344e-13,5.65200158288234e-13,4.0468458540002165e-13,0.9596044346690178
1769,6.522288687695328e-13,1.8960337252876942e-13,2.822981138022669e-13,0.8528712099418044
1770,3.299826785863573e-13,3.580644279491522e-13,1.0311370474410875e-13,0.7980506531894207
1771,1.9104565594645593e-12,1.158723447774561e-12,1.1807463437145971e-12,0.8990579068660736
1772,4.1486567416324043e-13,2.415170527933791e-13,3.0133356036182417e-13,0.8717027053236961
1773,3.45413774446665e-13,2.1589963356894012e-13,8.91164153456062e-14,0.8605583634227514
1774,1.1116528572348766e-11,3.3224112886549272e-12,3.462698095013371e-12,0.9821654185652733
1775,8.313174430823065e-13,6.316959185093668e-13,4.472117136294413e-13,0.7765865520574152
1776,2.029435448620777e-13,1.0811943020501214e-13,1.200765394879772e-13,0.8314764043316245
1777,1.4280350467448153e-13,8.698754017940679e-14,4.028264019953057e-14,0.7791632483247668
1778,8.431181603495567e-13,2.835264021473841e-13,3.742178617196456e-13,0.8686609311029315
1779,2.604927595750356e-13,1.434847110148078e-13,1.5973821542270112e-13,0.8132365494035184
1780,5.806648580620456e-12,1.0101753797927386e-11,4.089661102038226e-12,0.7755274404305965
1781,5.546421989364985e-13,4.65312188079676e-13,3.583090387367784e-13,0.802318325266242
1782,3.142829091814597e-13,2.6775678609752817e-13,1.1612859156552783e-13,0.8423576064407825
1783,2.2585626285251896e-12,1.9635125594063488e-12,7.285930090734542e-13,0.8601218551397324
1784,3.7147827310858404e-13,5.121035049750735e-13,3.6963783355627783e-13,0.8541784945875406
1785,5.903561895013299e-13,6.351791516396273e-13,2.3718115979264363e-13,0.8595168875530362
1786,1.0768884914539642e-13,3.464790535233993e-14,5.432382975969242e-14,0.8633328938856721
1787,4.047483058100185e-12,5.927098350033576e-12,1.8844475242628685e-12,0.8691050544381141
1788,1.8301518073059225e-13,1.624594055219412e-13,9.076248078328742e-14,0.8177614431828261
1789,4.5117251566885857e-13,2.9364252733567067e-13,1.4042487912955884e-13,0.8483006801456213
1790,5.914884471957901e-13,4.66334122997319e-13,4.1752546134871993e-13,0.8733242303133011
1791,4.67561106686162e-13,2.3040170688334437e-13,2.411155534812173e-13,0.8181128902360797
1792,3.979717024006121e-13,2.4361647758777786e-13,2.2361883913933394e-13,0.8775043576955796
1793,7.252962231466379e-13,3.646312567187972e-13,3.622988089213364e-13,0.9281279943883419
1794,1.3262727503570665e-13,3.5811397807054103e-14,3.6636214328846326e-14,0.8671824913471937
1795,9.66702398301122e-12,4.509427843443194e-11,4.129394136744303e-12,0.758320669317618
1796,1.0499097344192534e-12,9.16865046465008e-13,9.058082555454404e-13,0.9672633558511734
1797,1.185877510568473e-12,4.837362098391598e-13,6.643166341083343e-13,0.8319724479690194
1798,1.921524957970109e-12,2.5174196068545176e-13,3.2835563337000103e-13,0.9373986691236496
1799,4.621703261496189e-13,4.1923415091490214e-13,3.5885677591367744e-13,0.8585339210927486
1800,3.7217068386165497e-13,3.070983588045564e-13,2.2151872716930445e-13,0.7932572941295802
1801,7.061672334778219e-12,6.3002076948018255e-12,5.2839565862366255e-12,0.9594293743371963
1802,2.8133246585871077e-13,1.2506669097979967e-13,1.3784542687748027e-13,0.9296450469642877
1803,5.744915201169385e-13,1.4398631341528258e-13,1.8954791448230168e-13,0.8200734128244221
1804,1.118019495428884e-13,2.4615042147251313e-13,6.471015951019412e-14,0.8373811172321439
1805,1.0908961817963174e-12,7.031737653797848e-13,3.7130100717023673e-13,0.845333068817854
1806,1.3144815736194608e-13,7.988461036303152e-14,4.557817717557773e-14,0.846468948200345
1807,1.5865375124332159e-12,8.446009393620007e-13,5.852960727642402e-13,0.9107218943536282
1808,2.8747831445034465e-13,4.5076737136308613e-13,8.368490866176936e-14,0.7664319007191807
1809,2.023052551637006e-12,1.5626597447912677e-12,1.2723276108340188e-12,0.771704661892727
1810,2.6856917004175144e-13,2.4433391732540967e-13,2.0370582797034124e-13,0.799998829793185
1811,2.4433559457262287e-12,2.3022824915266308e-12,2.0078001560987074e-12,0.8265999848023057
1812,1.0654533210865047e-12,6.090076292425301e-13,3.697719018114834e-13,0.9212947644293308
1813,3.2615749103896094e-13,3.5789834782772266e-13,6.430433225784914e-14,0.816369803994894
1814,6.317823784458857e-14,1.1345097798770326e-14,2.907189379174246e-14,0.840700362995267
1815,1.8172566406314855e-13,1.4753983303313675e-13,7.653860355334626e-14,0.8418911132961512
1816,2.610411618547118e-13,8.160377167926821e-13,1.253546236036599e-13,0.7831508160103112
1817,6.189637101651446e-13,3.6639600952052613e-13,3.5953115003101543e-13,0.8107190634123981
1818,3.3163947551295547e-13,5.268304062418578e-13,4.67318728525587e-13,0.8880005739629269
1819,7.158990972950017e-13,1.6880164507060287e-13,1.3704049584232019e-13,0.8458402724936604
1820,5.022404443725092e-13,1.56978743986403e-12,4.1516888937380567e-13,0.7710995953530073
1821,1.355189207760916e-12,8.206808019516223e-13,5.980915518671773e-13,0.8621138891205191
1822,4.217795171301619e-12,1.8545572900441076e-12,1.8550504770052968e-12,0.9738380640745163
1823,1.101718711791083e-12,1.2948940159708487e-12,4.1934561082758895e-13,0.7608750335406512
1824,7.730137917829649e-13,7.172341300773034e-13,5.527965965941619e-13,0.8783704996109009
1825,1.3577036881816847e-12,1.8800650991273536e-12,8.942313833673899e-13,0.8043629181571305
1826,1.1678878269892516e-12,4.2656486172436175e-13,5.552193007530189e-13,0.8330980818718672
1827,2.5955211899429995e-13,2.503574657600469e-13,2.488588396022371e-13,0.8711320642381907
1828,1.0054138426742112e-13,8.731797059027446e-14,6.555795778813144e-14,0.8460989564657211
1829,3.0357831351032205e-13,4.113602287815513e-13,3.5852114535927683e-13,0.8522889303043485
1830,1.3680716171677925e-12,7.402925002541163e-13,4.566456924697509e-13,0.8523831406608224
1831,3.1777064478969266e-13,1.96954854548416e-13,1.3384617400761252e-13,0.8652219807729125
1832,3.095470465084386e-13,4.3519702304229725e-13,1.587571881620442e-13,0.780863285344094
1833,2.1216394564249706e-12,7.027200624884515e-13,6.152898935271807e-13,0.9726650059223175
1834,3.1342695951941786e-13,2.0582637580461113e-13,1.0462892421625706e-13,0.8772806007415056
1835,1.2717926858053294e-13,1.0096379667243544e-13,7.089192800510934e-14,0.8418998999521137
1836,2.969098383365737e-13,1.1606708974061962e-13,8.75553526680002e-14,0.8481596736237407
1837,2.6175800112602207e-13,1.458013235675362e-13,1.524120979969687e-13,0.8627188898622989
1838,9.153350824691208e-13,6.05370836539523e-13,5.824121204261277e-13,0.9661665380001068
1839,1.562538099448611e-13,6.730226934480333e-14,8.095433420074693e-14,0.8212439958006144
1840,6.511300905228218e-13,5.237148278331758e-13,3.4454433475371846e-13,0.8394907699897886
1841,2.299684910566396e-13,6.49156834229604e-14,9.773420814333844e-14,0.8601079106330871
1842,8.359145132944255e-14,3.2052336554163775e-14,3.170214062467658e-14,0.8394813437014819
1843,2.3080917300938433e-13,1.4795881255457264e-13,9.237073040137033e-14,0.8379601130262018
1844,1.3302457866991184e-12,9.009968645762333e-13,7.796714470752228e-13,0.9551613092422485
1845,4.571768353090911e-12,8.575496758194234e-13,8.49457828249474e-13,0.9799313217401504
1846,2.3348389686727765e-13,2.8958457733079416e-13,2.4685862541964975e-13,0.8611308027058839
1847,3.5795847553319233e-12,2.1592486428356943e-12,2.1372562623639736e-12,0.9508076399564743
1848,4.93613982554446e-13,3.2509708524451493e-13,3.031520238047992e-13,0.8071901014074683
1849,3.172220414941843e-13,6.839181034973575e-14,8.128476946737496e-14,0.8937993127852678
1850,2.93828311113854e-12,4.390761495219152e-13,4.135489427912372e-13,0.9679344937205314
1851,1.120909295346222e-12,4.780380233832014e-13,5.320522072968099e-13,0.887853778153658
1852,5.08174912906643e-12,4.710987328312026e-12,2.1945599495825717e-12,0.8773898454383016
1853,3.41110553263938e-11,7.00450546530589e-12,7.365853669569224e-12,0.9649998858571053
1854,1.1346778134563931e-13,8.90151823897994e-14,6.252997200851094e-14,0.8687837162986398
1855,1.3422832551048321e-12,8.217028069021528e-13,6.829860247963508e-13,0.8481567956507206
1856,2.8340332716797963e-13,8.867168559620081e-14,1.3942528294772075e-13,0.8659320078790188
1857,4.358334197595767e-13,2.2044500922303167e-13,1.8594096142474882e-13,0.9664449945092202
1858,9.563838311138349e-14,1.2907178419548355e-13,3.964228177903571e-14,0.8210470785386861
1859,2.1947147977875443e-12,3.8008343133034344e-13,5.922349885093872e-13,0.9051363229751587
1860,1.4132697598997991e-12,1.8810719112069536e-12,7.09247403318411e-13,0.8232092449441553
1861,8.621520584208553e-13,1.1247764181469859e-12,6.139013360306827e-13,0.7971735551021993
1862,8.447961557002435e-13,7.24814753426791e-13,6.825815088218572e-13,0.870237791351974
1863,2.59358155250534e-13,1.5007608771337557e-12,2.0150248975350643e-13,0.760411390522495
1864,6.584313011515552e-13,4.547800250912767e-13,4.042644325356164e-13,0.9019875682890415
1865,3.892857210544142e-12,3.356613167073237e-12,3.275481995765046e-12,0.961698180437088
1866,2.768483100193953e-13,3.664352100934618e-13,1.5093614365360908e-13,0.824046996794641
1867,1.3359252442700924e-13,2.1206128734407665e-13,1.2391326094266356e-13,0.8515360029414296
1868,6.168289559378562e-13,3.891360590943923e-13,3.4966965264713913e-13,0.9199811700731516
1869,6.984903113626861e-13,1.2033062759221274e-12,7.396354210948092e-13,0.8021271374076605
1870,1.2155704010542384e-13,7.177562210907638e-14,6.925011418144729e-14,0.8416549492627382
1871,9.829996850734967e-13,4.0505727762774923e-13,4.2668966361547343e-13,0.886625587195158
1872,3.2686661382862833e-13,7.913526003821277e-14,1.183480222327602e-13,0.862160293571651
1873,3.718201371804629e-13,5.843770263693191e-13,1.4875300430652788e-13,0.8059552731923759
1874,2.786627543186381e-13,2.8103048617926115e-13,2.492543857611384e-13,0.7926811315119267
1875,1.51544755666521e-12,2.41495267052899e-12,9.19753605715525e-13,0.7920525106601417
1876,7.155621663468151e-11,3.9736254690523195e-10,9.446665272017397e-11,0.7590577910654247
1877,9.218047284118818e-13,4.5195968377113795e-13,5.272657214515539e-13,0.8481451909989118
1878,2.391772043398612e-13,1.410415056093691e-13,5.80846378462366e-14,0.864355798996985
1879,5.706811528519512e-12,9.164061505100988e-12,9.022877541756845e-12,0.9553351610898971
1880,6.577457747514454e-14,3.6152329351004505e-14,2.7513366548786627e-14,0.8414878074079752
1881,3.5868144720564623e-13,2.335069720281783e-13,1.6963560579860966e-13,0.8700368896126747
1882,4.728781746602687e-12,2.3353586662648533e-10,1.0159624770847672e-11,0.7671690650284291
1883,1.1204846474059302e-12,5.116780173737721e-13,2.9401440212706177e-13,0.8734313454478979
1884,6.231945176445945e-13,6.554201064811039e-13,5.286940820529343e-13,0.8329904485493899
1885,7.651779324980415e-13,1.0508201388324905e-12,5.873100357554367e-13,0.758010167023167
1886,4.259164170823373e-13,3.8600536629874915e-13,3.9239925305959235e-13,0.8586843278259039
1887,2.2642537133671227e-13,2.0144053650781385e-13,1.943080575338194e-13,0.8688761636614799
1888,6.334966125216994e-13,1.8689953321818135e-13,2.6897435433034175e-13,0.8213847266510129
1889,3.960618972262883e-13,4.2280349957350794e-13,3.7742156324253674e-13,0.8888876546174288
1890,5.343767206640508e-13,4.567353556017867e-13,3.907481065402437e-13,0.8568662380799651
1891,1.8362770081571356e-12,7.96032316978563e-13,5.587576540966972e-13,0.7733881944790483
1892,4.7225902791313e-13,2.7874265679550093e-13,2.042426433349767e-13,0.922596900165081
1893,1.880017311463188e-13,1.2805736932283164e-13,1.0708984555118321e-13,0.8005096958950162
1894,1.8524684256806338e-13,1.8312318246214277e-13,7.388960666509929e-14,0.8260921970009804
1895,7.41078148736457e-13,4.567938760219353e-13,2.5531163917882403e-13,0.9069351822137832
1896,5.921605386547552e-13,3.684503326867317e-13,2.6743025606251434e-13,0.8544997971504926
1897,5.931752617686763e-13,2.5529211293885983e-13,3.0166813641111194e-13,0.9006134506314993
1898,1.6803066200380763e-12,2.0913443226345703e-12,1.1991924056911735e-12,0.8306235745549202
1899,2.9293772540310763e-13,1.5353722715660638e-13,5.896507162185228e-14,0.8855034191161394
1900,7.080426533379355e-12,4.686367717221137e-12,4.2158546176451736e-12,0.9504932753741742
1901,2.437224873138876e-13,2.1449946448503742e-13,9.781826923445043e-14,0.8434223774820566
1902,5.196053156281692e-13,3.757725373108433e-13,2.063402104344255e-13,0.9167041055858135
1903,5.517472766282884e-13,9.13162485002693e-13,2.51218205637299e-13,0.7912949872203171
1904,7.643320712190921e-13,4.5083912800460274e-13,4.889633534516149e-13,0.8989097386598587
1905,1.0335330580869511e-12,6.831417687870122e-13,5.411275361194817e-13,0.891738697141409
1906,1.7002418623104378e-12,5.359621679642338e-13,5.673126522803763e-13,0.9254471160471439
1907,1.0675811305413615e-12,7.272088117805412e-13,2.855804896531511e-13,0.8017157975584268
1908,4.67780773105787e-13,4.824933528613422e-13,4.294241327033793e-13,0.8680494792759419
1909,4.423633939348677e-13,4.855127652003717e-13,4.0759102218064967e-13,0.9205687634646893
1910,1.7908841653657597e-12,1.2161331192073709e-12,6.405311335012879e-13,0.8096334234811365
1911,7.134657615155743e-13,8.025641173301502e-13,6.346174064409792e-13,0.8339824503287673
1912,5.147086623632422e-13,4.913110110543758e-13,2.0380842756126303e-13,0.8127116860821844
1913,1.4390075063924818e-12,8.624681866771368e-13,9.054342998257971e-13,0.9038185905665159
1914,1.9935156046073496e-12,1.7382353835649443e-12,1.0485926421680425e-12,0.9105382092297077
1915,6.917760084787658e-13,4.1534039077960154e-13,2.4118372664910624e-13,0.7977537266910076
1916,4.084375850903484e-13,3.690253558450019e-13,3.4962417837972697e-13,0.8931325815618039
1917,3.597380299284631e-13,6.571402939737992e-13,1.692943521306192e-13,0.854031796567142
1918,4.0024081422613407e-13,3.460692835871049e-13,3.1982916581615297e-13,0.8677151164039969
1919,2.0208521072952121e-13,2.4042531592907595e-13,1.3711705028807016e-13,0.847574756667018
1920,1.8945587804353566e-13,5.3760097669372495e-14,5.69523310297032e-14,0.8677774302661418
1921,1.757184524734514e-12,1.7822958197049225e-12,1.5105459066775945e-12,0.8435886824503541
1922,6.623612491511428e-13,9.4433452402055e-13,5.278024847195961e-13,0.8861610542982816
1923,3.6341895759058395e-13,2.3668593916829536e-13,2.1403880600183368e-13,0.8936103992164135
1924,9.459302528601783e-11,7.434515146552984e-11,5.621654446681139e-11,0.8753631424158812
1925,1.7675369934414505e-13,2.188356335222531e-13,1.4886615810690842e-13,0.8111592199653387
1926,1.8208574628916193e-12,3.1316719481121033e-12,1.92418093912517e-12,0.832990599796176
1927,1.6785290671525997e-12,4.837081233657354e-12,1.179960073277718e-12,0.7703982336912304
1928,4.549104857729457e-13,1.5344110408024508e-13,1.2117126226094256e-13,0.9377844221889973
1929,2.0319006008174637e-13,1.6310286526554554e-13,1.415946577486185e-13,0.9066473294049502
1930,3.082866265468175e-13,1.6415587807852597e-13,1.4190467176360312e-13,0.8531787071377039
1931,2.066871163089412e-13,9.562039558389968e-14,7.586304509897012e-14,0.8837040601298213
1932,3.0197549311498597e-13,1.3592523440143483e-13,1.0966619546737737e-13,0.8603132151067256
1933,2.106874233304212e-11,1.63565999002169e-11,1.6311938469795336e-11,0.9812268391251564
1934,1.0418542374621133e-12,1.0203115207505983e-12,6.30549817295021e-13,0.8800035424530506
1935,3.7766642287210787e-13,2.2447776734208056e-13,2.13978683242969e-13,0.8229191610589623
1936,3.6186886811167416e-13,3.512824349800066e-13,2.606098592268337e-13,0.832310040295124
1937,1.0546066134352698e-13,9.153728850369699e-14,6.215998500397332e-14,0.8407342841848731
1938,7.575273196684896e-13,4.965233717311876e-13,4.01321636427802e-13,0.8824238993227482
1939,2.65088215131039e-13,3.4960745158134214e-13,3.08783430322381e-13,0.9072083760052919
1940,1.590698445650376e-13,1.1070885704561728e-13,5.3747413899960443e-14,0.8330936826765537
1941,3.391693223540915e-13,1.48147966867321e-13,1.209277994816028e-13,0.9027894344180822
1942,4.471141673706582e-13,3.544558808555751e-13,1.866527999292373e-13,0.8454556796699763
1943,6.922465205619215e-13,7.225656988347099e-13,7.116610874534686e-13,0.898394712805748
1944,5.188339777920561e-13,3.171111914263599e-13,2.7752685958428036e-13,0.8929619949311018
1945,2.3971917147950537e-13,1.3573144084279376e-13,1.3036219588003114e-13,0.8739897530525923
1946,1.2850597354263665e-13,8.433269723517962e-14,1.0187456525577831e-13,0.8265325943008065
1947,1.1968466822688977e-13,3.6341763534056786e-14,4.044400209865124e-14,0.8508490575477481
1948,7.498600742525271e-13,9.60402944020718e-13,4.61271808549457e-13,0.9147788718342781
1949,5.807915299865467e-12,9.382014298007843e-12,3.093850979421367e-12,0.7923048953525722
1950,1.3829944045895156e-12,1.4107874008598349e-12,1.081417070560113e-12,0.8919613908976316
1951,1.5485119929503375e-12,9.007533607951808e-13,9.189254812988964e-13,0.9084191262722016
1952,2.1216192681557882e-13,1.5138159967202766e-13,1.206721800758691e-13,0.8681094311177731
1953,1.367648538652002e-12,4.646954003059003e-13,4.418182582498218e-13,0.7908706974238158
1954,3.7230914949157924e-13,4.229635446212686e-13,1.54120832515677e-13,0.818248163163662
1955,5.007014446155753e-13,8.079663397038228e-13,6.313411484904998e-13,0.916138120740652
1956,2.9869322438346018e-12,5.954459816886519e-12,1.7532171979184522e-12,0.7739635047968477
1957,1.5284762892859871e-13,6.967518489713233e-14,6.724811090837211e-14,0.87958572357893
1958,1.9759113356844477e-13,1.8033885512615487e-13,1.1551650671174205e-13,0.8236008041538299
1959,5.107698604591219e-13,1.8464505078029544e-13,2.739615848156644e-13,0.7935133411549031
1960,1.2457103186396262e-12,4.036065371946444e-13,4.3451966910220573e-13,0.9470233436673879
1961,1.767453592807167e-12,2.0528832119297865e-12,8.200292512616756e-13,0.7725781832356006
1962,4.088340886670027e-13,1.3455521267310524e-13,1.881427295248422e-13,0.8728315252810717
1963,9.973997716558863e-14,4.9136696084143547e-14,3.712714331831667e-14,0.8493868039920927
1964,5.030139484267597e-13,4.0916935838757944e-13,2.960854526207819e-13,0.9103805128484964
1965,4.215065591526902e-13,3.585539691411021e-13,1.8940861301489012e-13,0.8352563078515232
1966,1.4890681084544413e-12,3.4543287532734832e-12,1.0950916646453487e-12,0.7683280380908399
1967,3.1602423161281005e-13,5.70631201912626e-14,8.104316331139924e-14,0.8701023697853089
1968,8.469928795413022e-13,7.61397217870104e-13,6.684305161720558e-13,0.7840235528536141
1969,3.545209942566532e-13,2.36472452024878e-13,1.2861495298322158e-13,0.767542610084638
1970,6.262437077661286e-13,3.916866597649314e-13,4.114846184066134e-13,0.8896209839731455
1971,5.546132818131893e-13,4.665713142177956e-13,2.561225418954148e-13,0.8515177616849542
1972,2.5267401454853623e-13,1.0410039395693785e-13,1.0440292581527025e-13,0.8494714044034481
1973,4.777380556122338e-13,3.8600639970484226e-13,3.216699719420096e-13,0.8487309774383902
1974,1.636117105319343e-13,8.453713378191213e-14,9.760224245764325e-14,0.856644425727427
1975,4.224232427896181e-13,2.319344485284981e-13,1.365354927241221e-13,0.8980715848505497
1976,2.326327477810794e-13,4.796039788088376e-13,1.9272111844012178e-13,0.818949413113296
1977,1.5783603658403863e-12,1.2957929557193489e-12,3.4195601499927473e-13,0.8323465986177325
1978,1.859990349472144e-13,1.0210999677569852e-13,5.551991284082763e-14,0.8676873218268156
1979,2.865468841685515e-13,2.45122065868435e-13,1.3717922874474179e-13,0.8917630635201931
1980,1.858231220609365e-12,1.76338901080736e-12,1.6282142626693976e-12,0.8783031925559044
1981,1.194267850659313e-12,7.994498166954922e-13,7.111449467653321e-13,0.8163629934191704
1982,5.271241967792423e-13,6.954384233616316e-13,2.8868194447949464e-13,0.8143499599769711
1983,4.955435435266503e-13,1.5121768705842239e-13,8.301356580118529e-14,0.8719150263816118
1984,2.801138232484321e-13,8.437824521268367e-14,9.309651120776842e-14,0.8809292327612639
1985,3.5695724099634427e-13,3.3097335386673405e-13,2.1566575383683716e-13,0.8162556453607976
1986,4.963122542014872e-11,2.709398828177577e-11,2.2248848448998575e-11,0.866623816639185
1987,6.257898302672476e-13,5.859051524852402e-13,2.6182319664022244e-13,0.8201112777926027
1988,1.6590971608964572e-13,7.245566432553668e-14,7.837786851891791e-14,0.8811677273362875
1989,2.3159017611541736e-12,8.624392795388351e-13,8.732627678644384e-13,0.9775317698717118
1990,4.3560549699640327e-13,2.8075715230796445e-13,3.2248074920698813e-13,0.8558946117758751
1991,8.993518585613541e-13,3.2172369855880134e-13,2.841954907482846e-13,0.8664311964064837
1992,2.9426501645787855e-13,5.284831720181426e-13,1.7592394361330525e-13,0.7976258143782615
1993,1.0034985486001076e-12,9.889030263709455e-13,3.9602499157634133e-13,0.8854931730777025
1994,6.118688168538862e-13,4.5002516948675755e-13,3.5519857213936163e-13,0.8347604242153466
1995,3.423261584771761e-13,5.287850445712596e-13,1.7375153258910342e-13,0.8063625933602452
1996,2.0229966875417693e-11,5.941880212327419e-12,5.700061531124772e-12,0.9757782533764839
1997,9.030695790471016e-12,9.136600744612199e-12,6.038059978504416e-12,0.930871719121933
1998,1.3904211435199397e-13,1.2739992368559564e-13,6.530510826522809e-14,0.8481173424050212
1999,2.1860482096492177e-13,1.589911303848208e-13,1.085258304076012e-13,0.8532565537840128
2000,4.080276612771396e-13,1.1004083144586283e-13,1.1347807174333304e-13,0.9264398220926523
2001,2.2546931858041357e-12,2.6474510414934396e-12,1.1350341927161075e-12,0.796025683823973
2002,5.695678306328851e-13,8.768938118285388e-13,4.3522669720093185e-13,0.8527181040495634
2003,5.786206823670224e-13,9.898334897449591e-13,3.8092933728535056e-13,0.8172191837802529
2004,8.372034022431612e-12,7.85768211690458e-12,3.184075602393563e-12,0.8063758292235434
2005,3.103517422442223e-13,9.887375996213983e-14,1.0952950633468265e-13,0.8808487731963396
2006,7.540548756144743e-13,5.791483529296521e-13,5.663927474424405e-13,0.9265869088470936
2007,3.002697160814904e-13,2.734134144501249e-13,1.2367645933361584e-13,0.8317410656251013
2008,1.7411631823802797e-13,5.5718215740032896e-14,5.193516025910883e-14,0.8379794765263796
2009,5.166400812211567e-13,2.181426129469111e-11,8.534129593974785e-13,0.7656139153987169
2010,1.4024420541918494e-13,2.512653044154054e-14,2.7446101805607262e-14,0.8573676655068994
2011,1.305452786560358e-13,6.649672910883274e-14,8.04108166318466e-14,0.8458457510918379
2012,4.670722774840478e-13,3.2046477476358877e-13,3.1926595591128226e-13,0.8843144081532955
2013,9.198883455294774e-13,8.261026121878889e-13,8.341076754480205e-13,0.8785544168204069
2014,1.2332279084802935e-13,1.959700649713845e-13,6.90242181356818e-14,0.7802964438218624
2015,3.194024078724015e-13,1.1541380841019695e-13,1.1712756906082752e-13,0.8860269125550986
2016,5.373026382508056e-13,3.624564473190776e-13,3.6951103294929767e-13,0.8833971824496984
2017,9.210347149169043e-13,5.929066229368537e-13,3.3643131816181927e-13,0.8444830048829317
2018,8.582535400515373e-14,4.67184278877548e-14,4.438107570494294e-14,0.8643391586840152
2019,2.639786731577726e-13,1.4597519531590612e-12,1.2923183330720868e-13,0.7595731120556592
2020,2.066033047136762e-13,2.2716061396440846e-13,1.7714644772603188e-13,0.8504776623100042
2021,1.1733243597349193e-13,5.013430387930043e-14,4.4329482405325175e-14,0.8652946436777711
2022,3.071999456354802e-13,2.0043752156902899e-13,1.571449294621435e-13,0.8659168178215623
2023,1.6208141618958936e-12,9.61584699169347e-13,9.631803500914692e-13,0.9092950515449048
2024,2.64831624037602e-13,3.180817912120667e-13,1.0982439695388938e-13,0.7930951422080398
2025,7.799407158260722e-13,6.26463357813849e-13,6.354830360642068e-13,0.9124039903283119
2026,5.219689617814654e-13,6.122087404588567e-13,5.58916258754549e-13,0.9119527589529752
2027,1.4902644968346646e-13,4.1678611992056857e-13,9.212973107652145e-14,0.7823929082136601
2028,3.696641375312126e-13,2.340920597782859e-13,2.4256166726625026e-13,0.864541900344193
2029,1.0615611931365654e-10,9.116651529139096e-11,9.134413128984648e-11,0.9788113430142402
2030,1.1140270092668543e-12,4.583169141350313e-13,4.693476299507064e-13,0.9207428358495235
2031,7.252678435554993e-13,3.838298427159335e-13,3.578475939229163e-13,0.9380800560116768
2032,3.136612085186365e-11,1.187195278998136e-11,1.1928887749014387e-11,0.9653209835290909
2033,1.2555450598575364e-12,9.506674686997322e-13,7.082218756142194e-13,0.9127588149160146
2034,2.487036829704251e-10,5.978144827322453e-10,1.9642229837569018e-10,0.844210459291935
2035,1.54742711804785e-13,3.643062911638086e-14,3.1226950205319955e-14,0.8542572135105729
2036,1.252436697866995e-12,1.5649368983585475e-12,1.4238794730087819e-12,0.8528073785826564
2037,3.024400631397143e-13,1.3831394935818802e-13,8.242215376008418e-14,0.9087453123182059
2038,9.733056063664573e-13,4.2068381913997397e-13,2.7618331497482633e-13,0.9292456351220608
2039,9.581773406089506e-13,7.54529928115304e-11,3.9076672863904896e-12,0.7614321365021169
2040,7.235715984832982e-13,3.498203514543915e-13,3.5983489790980945e-13,0.9130825720727443
2041,4.074707926406772e-13,3.3831203252759465e-13,2.6272904215373356e-13,0.8496026024222374
2042,4.342075946691248e-13,2.0209482380174347e-13,1.5170125391504868e-13,0.8465654054656625
2043,3.65108019418951e-13,1.9126702326603145e-13,2.1419876882016743e-13,0.8405361831188202
2044,2.376223964203241e-13,1.2206571057135697e-13,8.940514260315964e-14,0.9152677115052938
2045,4.944485428736657e-13,1.5911474096060463e-13,1.6871981414227747e-13,0.8839454665780068
2046,2.2286419222108984e-12,1.624884747355875e-12,1.5833875094567187e-12,0.947888919711113
2047,5.45868875745634e-13,5.50354086573874e-13,2.517902947109007e-13,0.8743514079600573
2048,1.9903763983031882e-13,1.593997431416689e-13,1.4718199799340592e-13,0.8398835081607103
2049,1.2872232296821774e-12,1.2052709639088398e-12,4.621804486316e-13,0.8754074715077877
2050,8.535152091437141e-12,5.089582809313263e-12,4.635019345122218e-12,0.9332694120705127
2051,1.1395637247343194e-11,1.4163751276310979e-11,9.335513661650629e-12,0.8022853836417199
2052,1.0541146159357864e-12,6.827977095715417e-13,6.621824489963298e-13,0.9334518790245057
2053,2.253001605691105e-12,4.68267487251291e-12,2.4392202898090423e-12,0.8721956636756658
2054,1.4138346342814224e-12,3.3294742951178177e-12,9.638037062291596e-13,0.8311727432534098
2055,1.5642458105182638e-12,2.5381838953276604e-12,1.4305526036404666e-12,0.8010294848121703
2056,2.9401346665963428e-12,4.7404165659230734e-12,1.1319298758189368e-12,0.7716344721149653
2057,1.862393224642093e-12,1.4062931319675104e-12,1.284161535810875e-12,0.8969024196267128
2058,5.46370297776689e-13,3.7426487862482136e-13,3.373000102884468e-13,0.9151398587971926
2059,1.1555877008376626e-12,3.221885284799114e-12,9.525069041447227e-13,0.819192916341126
2060,2.1807556318487915e-13,1.9125952860355028e-14,5.4764630749838106e-14,0.8607316419482232
2061,2.628158345238314e-12,7.516488659560068e-12,9.942940570910738e-13,0.7622152801603079
2062,1.5630076660682838e-12,7.298296656995477e-13,8.769821740855906e-13,0.9018138408660888
2063,1.7749343533713658e-11,5.977306842397517e-12,5.86193716238908e-12,0.9738953888416291
2064,5.946659765660422e-13,3.661744793361801e-13,1.9059616554437425e-13,0.7866220268420875
2065,1.56868628507195e-13,9.733520203986101e-14,8.022902017701795e-14,0.8562476249411702
2066,1.1077879842647071e-12,8.696301925586011e-13,8.334338271189973e-13,0.9345085822045803
2067,2.94698838329898e-13,1.5605815341754483e-13,9.129999900469547e-14,0.8266531294211745
2068,2.0980353653558093e-10,3.9126332025006105e-10,2.4335037407254954e-10,0.8591767974197865
2069,6.473542952695844e-13,1.203565262289562e-13,3.262204834553608e-13,0.8250415304675698
2070,2.0231501455349526e-11,1.7459302472663947e-11,1.1408567692505834e-11,0.8888006318360567
2071,3.883009791953038e-13,8.814453702520871e-13,2.716063463990852e-13,0.7761569923721254
2072,9.659413125287453e-12,4.22534909831177e-12,4.417454065735266e-12,0.9171757370233535
2073,2.4793559364530403e-13,2.9729024463188245e-13,1.236736295022108e-13,0.8356480346992612
2074,2.117369353835231e-12,2.760683417427642e-12,2.129794014721264e-12,0.8076100922189653
2075,5.818807453808927e-13,4.6650428570703833e-14,4.6048422273717376e-14,0.8867472760379315
2076,5.3835582285125196e-11,8.405836663683245e-11,3.634148873091386e-11,0.7598678893409669
2077,1.4034603470296956e-12,6.970371898131018e-13,7.659678441413451e-13,0.9208960808813572
2078,3.353740290573283e-12,2.3049235782452843e-12,2.519663131978135e-12,0.8680213984102011
2079,5.487725151740082e-13,2.576330419879154e-13,2.1385888249245251e-13,0.8873421847820282
2080,2.76741552803347e-13,4.487958211376154e-14,7.274385686110513e-14,0.861967820301652
2081,1.101657320994265e-12,1.3267916160645381e-12,7.599825344384846e-13,0.8578048592433334
2082,8.369610391801479e-14,5.1856044866329885e-14,4.070589788403423e-14,0.8283666241914034
2083,2.4580519252563225e-12,6.665449223864802e-12,1.9163782593921473e-12,0.8136305492371321
2084,2.4539754697613244e-12,1.5697358744446888e-12,1.8363028165359016e-12,0.8449444802477956
2085,3.424554513529559e-13,1.496707273150686e-13,8.684884048364802e-14,0.9156853187829256
2086,6.776793894508943e-13,2.2127282995676839e-13,1.1712785843764738e-13,0.9323778286576271
2087,6.540910860420618e-13,1.0569016327749616e-12,4.918602085407694e-13,0.8892681589350104
2088,1.8088630403596856e-13,7.7194550810746e-14,8.983805595980752e-14,0.8706890877336264
2089,2.818502695382984e-13,1.6114501214424716e-13,1.5279914078586825e-13,0.8729231813922524
2090,4.457149249218524e-12,1.4387486442502455e-12,1.5117614097704894e-12,0.9626767914742231
2091,2.889058185581802e-13,3.5487422969104606e-13,1.6858177603547694e-13,0.8494160814210773
2092,5.9038920246592724e-12,6.292209550058611e-12,5.538009435590908e-12,0.9384365037083626
2093,3.0341565320969256e-13,1.603744843013779e-13,9.793563040211242e-14,0.9021750386804342
2094,1.9499280092729058e-13,2.739468849544106e-13,1.676518597773892e-13,0.8241873577237129
2095,1.616316355690345e-10,1.1437432581028001e-09,2.1515754615556876e-10,0.766651322785765
2096,4.868950851846185e-13,2.755713667822496e-13,2.816509293939389e-13,0.8072581712156535
2097,4.5378206729497526e-13,2.9127739494336536e-13,3.2406994120853065e-13,0.77611695677042
2098,1.4002648981774234e-12,3.6135630954904733e-13,3.3576633899505454e-13,0.9378815561532974
2099,5.099108226112941e-13,3.083737924870496e-13,7.538403020707205e-14,0.8250580165535212
2100,3.520551300086239e-13,1.1421719306728818e-13,1.471946227940349e-13,0.8796302124857902
2101,4.690503457021976e-11,3.3174656800901026e-11,3.2910139803787236e-11,0.9815289750695229
2102,1.5421274077796858e-13,5.926592821150792e-14,5.048816494051531e-14,0.8623724028468132
2103,1.2957697311062678e-12,9.890331076200499e-13,4.695475928256324e-13,0.8257253294810653
2104,9.156627761249288e-13,5.09159897913867e-13,4.957931135024751e-13,0.8045408453792333
2105,3.3824848488880147e-13,2.529728839846821e-13,1.6838922881415268e-13,0.9042959157377481
2106,6.008589445246099e-13,7.845837068220963e-13,2.838474648842915e-13,0.8222021654248237
2107,2.7349841043181826e-12,2.2481280525362247e-12,2.027147430267138e-12,0.8395383769646287
2108,3.74268638789375e-13,3.712891015464075e-13,1.7736334990651e-13,0.8519671428948641
2109,2.1550198097898963e-12,1.1681937592853001e-12,1.083921056118366e-12,0.9751961529254913
2110,1.2163198780469843e-12,3.3190166170520636e-12,4.566766295241139e-13,0.7928102800622583
2111,7.23893232853869e-13,8.505770550612606e-13,3.289788184106518e-13,0.7902668369933963
2112,1.9605978451167054e-13,2.524819035259304e-13,1.4075453570432208e-13,0.8232877890579402
2113,5.736617293372686e-13,3.4980894059091843e-13,3.3102567703208826e-13,0.8510132804512978
2114,9.58456145309846e-12,1.67411361749504e-11,4.52628769011403e-12,0.765171398455277
2115,5.329857836729296e-13,3.252128216909741e-13,2.9635950158117793e-13,0.9152823898941278
2116,8.170177575646016e-13,9.994749279894711e-13,6.309084241166912e-13,0.8129059543833137
2117,5.807341718073862e-13,9.721458536134103e-13,7.291193554506964e-13,0.7969821467995644
2118,8.512037959481413e-12,2.4975382488716605e-11,5.2332941160035806e-12,0.7812640305608511
2119,1.1048296487144526e-13,1.584364848690891e-13,6.25402301899267e-14,0.8780673235654831
2120,1.5921088918138504e-12,1.7909150153767843e-13,4.21301296509846e-13,0.8584350677207112
2121,1.500524408105292e-12,7.676872221165975e-13,8.061952803310196e-13,0.9570291884243488
2122,5.017433840195228e-13,2.4082601998632525e-13,2.6204135394462985e-13,0.8530912041664124
2123,1.0632318626050561e-13,3.6076291937694625e-14,4.6242252403404735e-14,0.8671318508684636
2124,7.461286153391411e-13,8.622321696087267e-13,6.761498617900214e-13,0.813692806661129
2125,1.3110314084723179e-11,2.324218741293735e-12,3.4653917882917345e-12,0.9091534301638603
2126,7.450800555626448e-13,2.591003300142681e-13,3.705917945873073e-13,0.8326330998912453
2127,1.8313256647704367e-12,8.451139234003843e-13,6.248096245300735e-13,0.9485556669533253
2128,2.630492483807487e-13,7.911043364583941e-14,1.1132083905496393e-13,0.8079285017214716
2129,2.1642376536940273e-13,1.7595259385933822e-13,1.233524855382609e-13,0.9367462120950222
2130,2.797961253109007e-13,2.600689095205741e-13,2.0650837573229957e-13,0.8249098503962159
2131,3.496000546220057e-13,3.8723486982415995e-13,2.8435205586231914e-13,0.8557308675721288
2132,1.1320252516711227e-13,1.651572095437588e-13,4.343590873956297e-14,0.7888383376412094
2133,2.9176294807988297e-13,1.1543989880785323e-13,1.0205120464369522e-13,0.8859022067859769
2134,8.773161661971852e-13,2.5793604277271524e-13,3.937502180796111e-13,0.8307699423283339
2135,3.1844876981987397e-12,1.412995276008132e-12,1.6313525419364907e-12,0.9199690215289593
2136,2.8152375287521593e-13,3.009679765046657e-13,1.2766533458315713e-13,0.8219333743676543
2137,1.522057163431806e-13,1.6842436666919137e-13,8.402662977886006e-14,0.8259284256957471
2138,1.9650568982464966e-12,1.5991443795131569e-12,1.6523332660174435e-12,0.9622456289827823
2139,7.538821970765368e-13,5.483706594846458e-13,5.165347320195845e-13,0.88568768016994
2140,5.153639417604978e-13,1.8358723397782974e-13,2.8143674157686653e-13,0.8201905457302928
2141,3.018659894931727e-10,1.0663795208391929e-09,1.985114609944681e-10,0.7834943808615208
2142,3.1959653027251434e-13,4.2493681674528885e-13,2.456465687245208e-13,0.8006722012534737
2143,6.238169666303719e-13,4.0736988658272283e-13,4.4966456107667075e-13,0.8011149647645652
2144,1.0081953812966362e-12,7.68855039321258e-13,7.424454471427835e-13,0.9046081721782684
2145,4.603081165102714e-13,3.517580591729382e-13,2.0199423058904222e-13,0.785547899780795
2146,7.512318662778843e-14,1.4668814517667708e-13,3.230664508291534e-14,0.8357823954895138
2147,4.1375325679871065e-12,1.7225089617858886e-12,2.153377687192009e-12,0.8739269450306892
2148,1.7636326480649575e-12,2.385158307563612e-13,3.463362119654355e-13,0.9666056476533413
2149,3.204493831527258e-13,3.424965698315778e-13,2.408087104479237e-13,0.8525306401774287
2150,2.368751663871674e-13,3.31360492441903e-14,6.160724695134621e-14,0.8662173721939326
2151,8.610675629615814e-13,4.438093603165761e-13,4.815001827707723e-13,0.8547233358025551
2152,1.5746312521469422e-13,9.6013057560872e-13,1.5796866659503655e-13,0.783730762032792
2153,3.8783785685023284e-13,2.2336219324945662e-13,2.3259832827669715e-13,0.8512999689206481
2154,1.571570468571002e-13,8.42712558679915e-14,7.400130929993333e-14,0.8814169723540545
2155,8.327945446944536e-13,3.436197535849347e-13,4.611170229163874e-13,0.8828282229602337
2156,2.0687706704916983e-12,7.006457310971462e-12,1.4260078044160734e-12,0.771835065819323
2157,1.3101744989686468e-13,7.348611604013109e-14,6.722064530362361e-14,0.8634636836126447
2158,3.301135491548067e-13,4.2130100296593253e-13,1.6457342002450903e-13,0.8478642486035823
2159,7.844144496296396e-13,2.915878086941035e-13,1.8590896207947657e-13,0.8834475163370371
2160,1.6195689696979218e-13,6.353217214103043e-14,7.252828650999427e-14,0.8712179217487573
2161,3.048454444605193e-11,7.151956696298845e-12,8.05457519604149e-12,0.8641643349081278
2162,1.3717925147269335e-13,8.732244276605294e-14,6.169832636466362e-14,0.8207664299756289
2163,2.669099063912427e-13,2.381839642151633e-13,6.168181932088875e-14,0.8180624471046031
2164,1.987178512107607e-13,4.882313776766511e-14,5.562071741156014e-14,0.8488792588934302
2165,4.547724712941656e-13,3.016956032130357e-13,2.827108284954227e-13,0.9198257945477962
2166,8.068969331946252e-13,6.150348599468113e-13,1.5198335284433275e-13,0.778165592905134
2167,5.37732311113683e-13,2.2613893093139019e-13,2.274514100931009e-13,0.872360634803772
2168,3.4264908721863494e-13,3.2679608481658817e-13,3.0836423372439683e-13,0.9045639958232641
2169,6.027585103711355e-13,5.452118579494481e-13,5.272142411313781e-13,0.9209221325814724
2170,3.714638136680202e-13,2.97342029281611e-13,2.067489076168663e-13,0.8587996412068606
2171,1.2345634359853403e-12,3.043013042325804e-13,5.028439456963469e-13,0.7935562544502318
2172,2.2474013844188854e-12,7.461408846410033e-13,7.71734871798517e-13,0.8516844749450684
2173,5.289954813931666e-13,1.4062775968776668e-13,1.0900226289762352e-13,0.955216222256422
2174,2.0035211299509113e-13,2.8026678672009e-13,1.1047579810916164e-13,0.8790366562083364
2175,6.340176296861548e-13,2.1120477383802248e-12,3.170537558896471e-13,0.7618103888351471
2176,2.43418454099876e-13,1.415806617601742e-13,1.3012342737132617e-13,0.8222101551480592
2177,1.0196624799905042e-12,9.024252080924229e-13,8.627469334997507e-13,0.9391318693757057
2178,1.0541595969825318e-12,2.196218939097417e-12,6.7726116919204e-13,0.7721836966462433
2179,1.3312382225705535e-12,3.2010827425794684e-13,4.3146379665253404e-13,0.8416205139830708
2180,2.6226837364843557e-13,2.535222838449364e-13,7.208132915885754e-14,0.8151914028450846
2181,2.767473240306238e-13,1.563272624597296e-13,1.3883690037100365e-13,0.8567378003150224
2182,6.397915423215278e-13,2.679684329099333e-13,2.819646782959621e-13,0.902998710796237
2183,2.521089739345337e-11,1.2464561784428425e-11,1.2307483066965554e-11,0.9741546846926212
2184,3.157614860677516e-13,2.4472886795787345e-13,2.120564754903932e-13,0.8758535407483578
2185,1.5324297974999723e-12,5.454046926172868e-13,5.145756864799644e-13,0.8841934736818076
2186,5.7291615547750155e-12,6.564539403322598e-12,5.300722328591192e-12,0.7901644644327461
2187,3.0030210330198166e-13,2.1376106266148222e-13,1.735314890530558e-13,0.8086216304451227
2188,2.647652299283408e-13,1.0122323646726013e-13,1.2375858628587863e-13,0.8690309623256326
2189,2.6277542254760704e-13,8.753269434403474e-14,7.062047461304496e-14,0.7671092730015516
2190,9.30735934951447e-14,6.574923276121545e-14,4.068475612122768e-14,0.8484459830448031
2191,1.4861198038172144e-12,5.598432720220111e-13,7.808197538756655e-13,0.8415848540142179
2192,6.514091499191143e-12,2.7938080946237973e-12,1.3697026763026471e-12,0.887525699287653
2193,8.009384020461027e-13,3.007529793634961e-13,2.9782436514933993e-13,0.9452709525823593
2194,1.129879186413938e-13,7.257293610188143e-14,4.04499828617064e-14,0.8380006073042751
2195,4.420012583528937e-13,1.7192729568523398e-13,2.0846578629002095e-13,0.8676544990390539
2196,4.928019678996488e-13,2.1406365162672785e-13,2.421767789195023e-13,0.8891465798020363
2197,5.108660196836875e-13,1.688509146889187e-13,2.0076888376787636e-13,0.8395842937752604
2198,7.100569474406549e-13,7.090637478739846e-13,6.009574237413626e-13,0.885241336748004
2199,4.962898389440523e-13,2.0651805603318995e-13,2.1001794752707197e-13,0.8452535720542074
2200,2.3899002615011273e-10,2.848614358798926e-10,1.5591944736882685e-10,0.8046593502163887
2201,3.489482646592505e-13,1.256168417162653e-13,9.930982503273459e-14,0.9470020137727261
2202,2.809992999504918e-13,1.5061449047680963e-13,1.0063827027225227e-13,0.8052768927067518
2203,3.766469584434844e-13,3.525272929363545e-13,2.210600947817841e-13,0.8820272700861096
2204,5.336147091123536e-13,7.892733164838159e-13,3.6246790031434925e-13,0.7802508772816509
2205,1.1588757456356064e-12,7.234446684850466e-13,7.030054867861185e-13,0.9406222544610501
2206,6.363076487106114e-13,3.409912743751511e-13,3.6879862177870123e-13,0.8563926352187992
2207,7.694804831008652e-13,3.753856139813663e-13,3.5136088462474476e-13,0.8703172722831368
2208,2.9591767275594087e-13,8.266697163442892e-14,9.693074494635025e-14,0.8172556184232235
2209,5.633630143384043e-13,3.6602570191562675e-13,2.3281818829925107e-13,0.7827625065576285
2210,2.1206588898568223e-12,4.068425943849861e-12,7.610767208014933e-13,0.7955459719523787
2211,1.4854511149786618e-13,6.014656825507706e-14,3.142909828605753e-14,0.8681603984907269
2212,3.7308969916440456e-13,1.3595353195957108e-13,1.9077646674920987e-13,0.8447130925953388
2213,7.680498519955802e-12,5.919507575023554e-12,5.494478303923347e-12,0.8873919572681188
2214,2.5934218168176044e-13,4.171821064630816e-13,1.612968749354241e-13,0.808955760858953
2215,9.517514509541316e-14,8.495643836239271e-14,5.049776213483771e-14,0.8501166066154837
2216,1.1713608457734183e-12,8.97122254355006e-13,7.441159569836736e-13,0.8150220960378647
2217,1.3181128076593763e-13,3.7788158865205986e-14,4.690034275406254e-14,0.8585671856999397
2218,4.116165320000692e-13,3.6249815207415535e-13,7.595293993582963e-14,0.7949588445015252
2219,1.5562198815899702e-12,1.1121363327151253e-12,1.0123598593018094e-12,0.8839918699115514
2220,6.115204222717122e-13,2.0906637738701748e-13,2.687113531249815e-13,0.8791125919669867
2221,3.0556165098665063e-13,2.54316756390702e-13,2.1583569040936668e-13,0.8552910005673766
2222,5.160205046832608e-11,7.066341188997339e-12,1.162037384903734e-11,0.873140249401331
2223,5.320682664246954e-13,3.1802895976477243e-13,3.2169248912771584e-13,0.8534916235134006
2224,1.1532816701187255e-13,5.413962402456471e-14,5.788578122453635e-14,0.8627916803583503
2225,3.4967593304069755e-13,1.2467339271887363e-13,1.47043366406451e-13,0.8933572035282851
2226,1.7083255226726874e-13,2.2960774731525217e-13,1.0431975149721383e-13,0.7966190135106445
2227,4.677035892450329e-13,3.3171187609079125e-13,3.708518009614175e-13,0.7854176547378302
2228,1.967345407049839e-11,3.0116820936572116e-11,1.0288434469159695e-11,0.8710814107209444
2229,6.7782350481294615e-12,5.44939663450057e-12,3.4354269612253134e-12,0.8611611479893326
2230,1.256085074295527e-12,1.0657328763025915e-12,6.206221027018701e-13,0.8397039774805307
2231,1.3358256541634814e-12,2.0480804112875246e-13,1.894561811025643e-13,0.8901873487979174
2232,1.2421212400961401e-12,4.0944608911059477e-13,5.586204169249817e-13,0.8866729475557804
2233,1.1847177258240814e-12,3.4364446779523843e-13,2.758431558112478e-13,0.9334478721022605
2234,3.801749776867838e-13,1.2997019734715437e-13,1.523216613747808e-13,0.8827376060187817
2235,1.6257802597349452e-13,5.27001382540816e-14,5.996201264757308e-14,0.8452726628631353
2236,9.858122667475374e-13,3.702088168311346e-13,5.734402190865793e-13,0.7979133356362581
2237,2.8810926063536065e-10,2.873636054849487e-10,2.2828792595120144e-10,0.8817607726901769
2238,4.84224503377372e-13,6.185521186022406e-14,9.94323677881504e-14,0.8607541128993035
2239,8.786210584761374e-13,4.653260452115619e-12,5.259803416936267e-13,0.7579570712056011
2240,4.797128135364556e-13,2.297487096818475e-13,9.922397714823488e-14,0.8451924735680223
2241,8.619921098850712e-13,5.937990455810199e-13,6.778984020720023e-13,0.8930737279355526
2242,2.7856788031281803e-13,2.100971085579512e-13,1.9434466457584587e-13,0.8437086327001453
2243,2.0879761423895405e-12,9.952175705092254e-13,1.1638567205092445e-12,0.8755898155272007
2244,6.948080894061026e-13,4.2229938296304685e-13,3.7257412621657084e-13,0.8644950056448579
2245,3.2947846015250295e-12,1.1988945215669884e-12,1.0170811514257286e-12,0.8365499628707767
2246,3.4719584383447915e-13,8.065159361826466e-14,1.3968139605614573e-13,0.8426923248916864
2247,9.994895979387407e-14,2.315905242609852e-14,3.194674359780239e-14,0.8614803124219179
2248,2.3548441447824196e-13,2.1562599730126204e-13,1.5668113774053547e-13,0.833700130879879
2249,5.109417281451774e-13,5.580409651691129e-14,1.3722941576604682e-13,0.8785026429221034
2250,5.885338096104464e-13,2.2834910216301795e-13,2.1661413248396767e-13,0.7659799452405422
2251,6.05226994932813e-12,6.500532772069141e-12,6.3430582293686555e-12,0.9458131983876228
2252,4.914068900209774e-12,1.1265348716365338e-12,2.1440044917269954e-12,0.8441112292930484
2253,1.5262834819807325e-13,1.8958710460587407e-13,7.488126467615625e-14,0.8387963864952326
2254,7.924716867970776e-13,2.4888603535146833e-12,9.640755696914868e-13,0.8007484826259315
2255,2.50878999325254e-13,7.76215575721537e-14,7.975299784513786e-14,0.8736135512590408
2256,6.237156563690479e-13,1.0833173880929833e-12,4.440185429501847e-13,0.780223651509732
2257,1.8609331375482544e-12,1.5031924308516465e-12,8.360602250169715e-13,0.7777115922421217
2258,1.5808676258313233e-12,1.4216239742869372e-12,1.1238785091380983e-12,0.8480305323377252
2259,2.020334594060567e-12,8.741958827029523e-13,9.194337397600357e-13,0.9465548887848854
2260,5.962161580326291e-12,3.106604263192465e-12,3.84471542221291e-12,0.8353369146585464
2261,2.9833524110631117e-12,1.09888113093691e-12,9.657285746291478e-13,0.9492880225181579
2262,6.955400740766895e-13,8.170482277173204e-13,2.6429935607578294e-13,0.7804011275060475
2263,4.448567446433937e-13,4.632409277614604e-13,3.40259778505025e-13,0.7894231011159718
2264,1.6107494487287133e-12,1.0693091196632275e-12,1.1827112353360174e-12,0.7789731279946863
2265,1.660584197084167e-13,4.598870170083229e-13,1.1336958052076842e-13,0.833546559419483
2266,1.0530723864149782e-12,2.1439488775565346e-13,2.371246950743581e-13,0.8498956708237528
2267,1.7357969387259515e-13,2.0655856798760803e-13,1.639834957149232e-13,0.916199279949069
2268,6.230435384227628e-12,5.160646412024127e-12,5.1367659711753505e-12,0.9709915146231651
2269,4.767417136320324e-13,4.569867534420294e-13,2.238047240068121e-13,0.8775368921458722
2270,1.635908072566936e-13,1.588637860187406e-13,7.04736810277624e-14,0.7724381495267153
2271,4.12764578440927e-12,1.0151295248380561e-11,6.269313198639151e-12,0.8683801345527172
2272,3.831751867630393e-13,2.2159588988870259e-13,8.532775362201393e-14,0.8345352675765753
2273,9.827723636401922e-13,1.7351622700997855e-13,2.633668565674581e-13,0.8366099586710334
2274,1.3862885990546028e-11,8.485818520479376e-12,6.4275954537674704e-12,0.8869258336722851
2275,2.6181789764016336e-13,2.537591467535568e-13,1.7642992392676185e-13,0.8242264268919826
2276,1.679998046055308e-12,4.054338407230304e-13,4.445109902109293e-13,0.9315041333436966
2277,3.9328423066133597e-13,4.5122486604719765e-13,3.112770644705221e-13,0.8061013446189463
2278,4.292615164380229e-12,1.0797355198673241e-10,9.038260419151394e-12,0.7613770748022943
2279,6.758233942004479e-13,1.7551914897293731e-13,1.5301666020413411e-13,0.8472749812528491
2280,5.528215618586306e-12,2.927869739646779e-12,1.6974050334233002e-12,0.824163101427257
2281,2.5154233869805787e-13,2.176578964067414e-13,1.0793650959387982e-13,0.8427106998860836
2282,4.0420568795001675e-12,1.3662986849754926e-12,1.3532045319258907e-12,0.8882954183965921
2283,1.3413171943743107e-12,1.319235005847878e-12,1.2141812484892064e-12,0.9613293632864952
2284,2.0414164047057852e-12,1.0604884708876627e-12,1.0184602522577005e-12,0.9546434536576272
2285,1.6619315108212278e-13,4.111782793581248e-14,4.205977229201488e-14,0.864726773276925
2286,9.942753453913586e-13,6.037164809572314e-13,5.943685922882565e-13,0.908016562089324
2287,1.9819927908412954e-13,9.867418888389264e-14,8.960885203885552e-14,0.8405963465571403
2288,1.466487913261589e-12,8.077307647957691e-13,5.690808021151227e-13,0.9114524025470019
2289,5.243675588930718e-13,9.176829941507208e-13,4.1822947273163557e-13,0.816744702681899
2290,4.113483929201486e-13,3.39468937489768e-13,3.2931121513223525e-13,0.8569974264129996
2291,6.873887487189364e-13,2.4749156769307253e-13,1.3762292173125686e-13,0.9419539533555508
2292,2.519239413382162e-13,1.204033861125666e-13,1.2812155741797135e-13,0.872825475782156
2293,1.6216336983054473e-13,8.106024784034977e-14,7.599907919180749e-14,0.8369268042966723
2294,6.333000238198492e-13,3.192843058588058e-13,2.555952680862254e-13,0.9015230271965265
2295,2.9694036680785477e-11,1.3692385049170096e-11,1.3378507590517392e-11,0.9215674258768558
2296,2.2297473583638128e-13,2.731248589982175e-13,1.6554013051076319e-13,0.7964659173041582
2297,3.000923853942581e-13,1.664762347781384e-13,1.7413702370189306e-13,0.8462442176416516
2298,3.7699176107087606e-12,3.9654536731451666e-12,3.1723611234314764e-12,0.7772139707114547
2299,1.0268267067788282e-12,7.313191299111343e-13,5.852592533839542e-13,0.8414043601602316
2300,4.831372069479495e-13,3.0150128721131075e-13,3.408156985535063e-13,0.8534244557842612
2301,2.1499498414746703e-12,4.221894374584215e-13,7.595414772787584e-13,0.7600212932564319
2302,7.6420324883418e-13,6.183787490241806e-13,5.695760996964737e-13,0.9273052357137204
2303,7.101318017733687e-13,4.612155519989153e-13,5.361030532761379e-13,0.8496591484174132
2304,2.047930260309413e-13,5.435532507737882e-14,6.222579423326226e-14,0.8466649010777474
2305,9.532489930429494e-13,2.6928606299561696e-12,6.269322196657615e-13,0.7676126710139215
2306,2.38950238718639e-13,4.990044455362332e-13,2.009813696538885e-13,0.793783117365092
2307,2.5564225580627653e-12,6.391113569482923e-12,1.198262673582834e-12,0.767538124974817
2308,3.6403323004282967e-13,6.328123322928516e-14,1.0809122234171598e-13,0.8750647537410259
2309,4.6117086955756594e-11,3.379236707315011e-11,3.398028288658397e-11,0.9729949608445168
2310,2.6122089691844504e-13,2.6615533694791074e-13,9.165501009126718e-14,0.8233697253279388
2311,1.8059743946353484e-13,7.490978247108502e-13,1.5425751766873776e-13,0.8035603308118879
2312,9.975794547417835e-13,9.963262621405734e-13,4.635376540756975e-13,0.809835341759026
2313,1.4123938380831349e-13,2.9296068002488686e-14,3.6893504660732724e-14,0.8543062720447778
2314,6.403045319171637e-13,5.886804002597031e-13,4.515467382248874e-13,0.8468633687123657
2315,1.7881635532765147e-12,7.477115051478566e-13,8.903730877446677e-13,0.8681916508823633
2316,1.2685551195770314e-12,1.0975524123878357e-12,9.218372806030952e-13,0.8599348556250334
2317,3.2231184133665343e-13,3.7216773509016077e-13,2.101745380834798e-13,0.8466251512989402
2318,2.390440400660105e-13,7.205825053220275e-14,9.118969879799076e-14,0.8096423303708434
2319,5.914713011157153e-13,7.870770317148512e-13,3.656621466057924e-13,0.7619234882295132
2320,1.0811694763428e-11,5.485221064437425e-12,5.668774241036996e-12,0.9688764363527298
2321,2.0325950017313603e-13,1.6396451423588327e-13,8.980344755031983e-14,0.8176437855698169
2322,7.164867105693686e-13,4.4258420852050675e-13,4.0287947238779927e-13,0.8924708340317011
2323,1.8218411447314839e-13,1.6491569116566978e-14,6.668996754864779e-14,0.8270050631836057
2324,4.309046996826831e-13,1.7370787444878617e-13,1.6552519061854962e-13,0.8617840684950352
2325,4.878115348480728e-13,3.9304708647023406e-13,3.4667119636010214e-13,0.9270794287323951
2326,6.531674940323929e-13,5.789088867505966e-13,2.484831355014057e-13,0.8572538062930107
2327,4.594605796913676e-13,3.426042529363258e-13,3.0819335206562623e-13,0.7822021153755486
2328,7.984681110249916e-13,9.87351591832864e-13,8.800763233949526e-13,0.8613074809312821
2329,9.042138687141147e-13,5.073466037129374e-13,5.165568263141442e-13,0.7970425551757216
2330,3.994388618230363e-12,8.198044464147833e-13,7.55347610778837e-13,0.9523180164396763
2331,2.133176404795318e-12,7.449669615095579e-13,5.605113475955765e-13,0.9111701957881451
2332,1.3791668926530792e-13,2.6768950945571834e-14,5.980026310307787e-14,0.8623202472925187
2333,6.465209987216811e-10,2.9224612667700473e-10,1.6240254824775665e-10,0.8239431476220489
2334,1.4507391355604725e-13,5.95962121406507e-14,6.707652055808736e-14,0.8515805741772056
2335,2.4939641799866746e-11,1.9431779497534056e-11,1.9509747910019796e-11,0.9780039310455322
2336,1.024593085730538e-13,8.146335388347204e-14,2.9534878323146104e-14,0.8298482987098396
2337,1.767453448697914e-11,2.074095804915278e-11,1.6535256276790223e-11,0.8368274224922061
2338,3.265609137254544e-13,1.9212307032204087e-13,1.523325746734313e-13,0.8124560900963843
2339,1.629439836213045e-13,1.2164510720735763e-13,9.799988756719242e-14,0.8076603210531175
2340,3.2331801747808904e-13,7.682037118094587e-14,7.652658324852543e-14,0.8557793479412794
2341,4.0975803901058446e-13,5.636731241120692e-13,3.8768434093957027e-13,0.8405479369685054
2342,2.8191672086861256e-13,5.791890528152595e-14,1.3547441575986467e-13,0.8000001893378794
2343,6.382881226562119e-13,3.757606969028164e-13,1.4302073192434887e-13,0.8287484744563699
2344,3.4303322857191764e-11,1.93944337018188e-11,1.786517744583468e-11,0.9668333485140466
2345,1.0503100009286246e-13,2.1877008966304686e-14,4.4479242651651546e-14,0.8507624931633473
2346,1.5491701194948462e-13,1.25432221448907e-13,1.2921621690239612e-13,0.8671728566288948
2347,2.1414831225954723e-13,7.287598249943823e-14,7.404760924028807e-14,0.871072967723012
2348,1.8381957110768454e-13,7.344070326146399e-14,7.6816899234053e-14,0.896270540356636
2349,1.38575422309781e-13,4.412938753145262e-14,5.889859503877231e-14,0.8338951274752617
2350,7.048719812844802e-13,4.966889798585643e-13,4.647842398639292e-13,0.9402876742184162
2351,3.2354039927506054e-13,1.1832863015417848e-13,1.3634757983348648e-13,0.8499772235751152
2352,4.614445415669666e-12,3.5915397939169317e-12,3.5542413084866933e-12,0.9648962751030922
2353,2.5200147372511705e-13,1.6268246109981776e-13,9.17830349347446e-14,0.8196091121993959
2354,5.432612582457821e-13,3.313991569058471e-13,2.7975486618864713e-13,0.9064718242734671
2355,1.4806155677337343e-13,2.5112616620686675e-13,1.614119891891469e-13,0.8720443883910776
2356,3.1249489922470843e-12,1.1838091609038617e-11,4.24151399820577e-12,0.8324915897101164
2357,3.513183718098348e-12,1.750945380719146e-12,8.899974319773685e-13,0.9202566508203744
2358,1.0379446164914192e-11,9.714407194700907e-12,9.587413259590396e-12,0.9595806792378425
2359,3.190785300733352e-12,6.404236949864129e-13,6.674824954856032e-13,0.9632692277431488
2360,2.697604977002558e-13,2.1492119847009164e-13,1.7365663840300316e-13,0.8422791238874197
2361,7.728895924782213e-13,4.949572098984086e-13,4.611290844862155e-13,0.8864162787795067
2362,2.3329586730525193e-13,1.2609448470096122e-13,1.0603356858208011e-13,0.8671394789591431
2363,2.6508093670073936e-13,3.186419708778091e-13,2.2457748023078674e-13,0.8481078464537859
2364,3.3919153644179964e-13,1.7861863696943692e-13,2.0725725986522038e-13,0.8535189356654882
2365,1.0748172412620306e-12,1.7748921597588653e-13,4.486898533822136e-13,0.8266733957454562
2366,5.89042926324005e-13,1.8137742474688756e-13,2.0516376502732968e-13,0.8957348853349686
2367,3.948794898709502e-13,4.426703369667706e-13,1.7641027005770849e-13,0.8311000433750451
2368,6.149204622094784e-13,1.9167526376033605e-13,2.717124138817587e-13,0.7886303118430078
2369,3.478227538839964e-11,1.1153446242642882e-11,1.045699551659608e-11,0.9582069233059883
2370,1.3733655005582673e-10,4.681670354983025e-11,5.281042721930958e-11,0.9266732603311538
2371,1.2314004005389235e-12,1.1884209795262072e-12,4.254194005639101e-13,0.8030451748520135
2372,7.680655799498488e-13,3.1208197020686756e-13,3.827893174521581e-13,0.7948800623416901
2373,1.606563534851947e-12,1.9924348931702858e-12,1.93233000573858e-12,0.8839939959347248
2374,3.3389938568282127e-12,2.6432878886820743e-12,2.789645259773761e-12,0.8860372409224511
2375,2.429572894903522e-13,1.1875295288915322e-13,1.1073279125870723e-13,0.8794298972934484
2376,5.782547270715723e-11,2.1138611861604168e-10,3.363315044924314e-11,0.803609492816031
2377,2.441497064028439e-12,1.3212805089601408e-12,1.542083008421766e-12,0.8810299234464765
2378,4.2005259565964115e-13,2.758244096695427e-13,2.718643564531808e-13,0.9110583733767271
2379,1.4133649858913136e-12,1.770835621235723e-12,8.893872432979246e-13,0.8214993510395289
2380,2.085180353098552e-12,1.1137365980255521e-12,8.824661146305324e-13,0.8905533999204636
2381,1.2133397559779204e-12,4.809821866547808e-13,3.786798570247315e-13,0.8596985574811697
2382,1.7947703176323227e-12,6.769222670602571e-13,9.633730416967864e-13,0.8736219499260187
2383,2.8194806705835317e-12,6.940679352862925e-13,6.791849895768559e-13,0.9764149144291878
2384,6.343522943929563e-13,4.644991285398605e-13,5.137231537972385e-13,0.8241081471554935
2385,2.7041922001382053e-13,9.714381185064302e-14,1.3152518510867555e-13,0.8622861634939909
2386,2.758545996107587e-13,2.515422649841838e-13,2.373705235372725e-13,0.8335848927497864
2387,5.34027965520226e-13,2.311278095883367e-13,1.627596850996478e-13,0.8661136003211141
2388,5.1802234335056695e-12,3.790660512157011e-12,1.7406815403187459e-12,0.9605795964598656
2389,2.9943887585401493e-12,5.097568938096622e-11,3.4964919517588583e-12,0.7633487814571709
2390,3.224822227757741e-13,2.706158554374137e-13,1.8072430164851974e-13,0.8547984948381782
2391,2.710169745516014e-12,1.622291233245213e-12,1.979869229657592e-12,0.8459768733009696
2392,1.405554952235518e-12,6.578176768499524e-13,8.909572822038782e-13,0.7991595766507089
2393,4.0007972305196965e-13,2.9707123594051955e-13,2.715076475011854e-13,0.8987736456096173
2394,1.5287144229420595e-13,9.245894161738264e-14,5.574838905752685e-14,0.8378043515607715
2395,3.756139882721953e-13,5.029043161639556e-13,3.7920726411187536e-13,0.8570788213983178
2396,2.633175019676805e-13,3.534784769308722e-13,2.52567689691963e-13,0.8959988716989755
2397,4.4587964545681536e-13,1.4535398696884265e-13,1.6106517514332404e-13,0.8744192685931921
2398,2.989839110399898e-12,2.004577680274578e-12,2.094893082780803e-12,0.7850698373280466
2399,5.3919844452385e-13,4.0519122622485457e-13,3.04048762365382e-13,0.8725997323170305
2400,4.4109655573749864e-13,3.967194255291647e-13,1.6041115019025437e-13,0.8243425387889147
2401,3.510106682824132e-13,3.2117774415803684e-13,2.6754978276554425e-13,0.8377994930371642
2402,4.2986224430563286e-13,4.571988198594686e-13,3.8229566458478157e-13,0.8895108442753553
2403,4.157518088656459e-13,1.9980495553525653e-13,2.4778138503339914e-13,0.8581961493939161
2404,3.330376001254629e-12,1.89676492066511e-12,2.069681200456753e-12,0.8584206128492952
2405,2.1355287739787727e-13,1.320095689032166e-13,1.3722527627898143e-13,0.8977176200598478
2406,2.2689433222319696e-13,2.68130012465837e-13,1.2955654677256078e-13,0.9018305078148842
2407,2.0126179250029945e-13,4.5639346543196353e-14,1.1356421329859538e-13,0.788396808411926
2408,8.807288015048185e-13,3.2215111355294663e-13,2.085665594945466e-13,0.9030297808349133
2409,8.229159708697127e-12,5.850973534579511e-12,5.4071669317911546e-12,0.872149121761322
2410,4.537744220516311e-11,2.343449830993026e-11,2.3785778650997025e-11,0.9807474285364151
2411,8.311617533407092e-13,6.252887821143515e-13,7.135175372114325e-13,0.8592216596007347
2412,1.975613702360481e-12,6.339678247125593e-13,9.02275569479939e-13,0.8610423192381859
2413,5.244494248647955e-13,3.4962534217793005e-13,2.8164894833943766e-13,0.7816571241244674
2414,5.654852273579652e-13,4.931253363641268e-13,4.034734833009812e-13,0.86787996776402
2415,7.211229401779782e-14,1.9426488307545205e-14,2.3316621713863316e-14,0.8529601411893963
2416,3.1674580806808083e-13,2.9900048172396325e-13,1.420492329749715e-13,0.8317237354815006
2417,3.112501784883561e-12,5.9095654539913436e-12,2.872889241006887e-12,0.804529736097902
2418,1.1715083505367077e-12,4.486366412465837e-13,6.472708081274645e-13,0.8598342441022396
2419,8.834473719858331e-13,6.67978896730483e-13,2.7101618917204454e-13,0.7979363436810673
2420,2.836105670232931e-13,1.9935052848074376e-13,1.7495515329293594e-13,0.8961803376674652
2421,4.1118491827968737e-13,3.8949337045620336e-13,2.1159431521121206e-13,0.8624905686825514
2422,1.6748945066111634e-13,6.466249319299594e-14,6.21251944688028e-14,0.8402352789416909
2423,5.522261405371988e-12,2.4180749220741124e-12,2.1621267404694143e-12,0.8869016785174608
2424,1.659145258560699e-13,7.069005295054387e-14,9.547174590276212e-14,0.820443332567811
2425,3.7131309409101513e-13,1.7898335781196898e-13,2.124211810725171e-13,0.8286488415673375
2426,2.2344038200949818e-12,5.301817739325868e-13,4.988825081845963e-13,0.9742306664586067
2427,4.850565035084606e-13,3.671890686421793e-13,2.1516939804036774e-13,0.8874979473650455
2428,1.432703666479728e-13,2.879284805084773e-14,3.532018305347356e-14,0.8464375264942646
2429,5.272337077199477e-13,2.706028341688401e-13,2.909254572354214e-13,0.9015407592058182
2430,1.2513452550356474e-12,6.66014509932577e-13,7.102477872144019e-13,0.8835970833897591
2431,3.350747372707875e-13,2.352388396747527e-13,2.431462739702695e-13,0.8681325506418943
2432,4.869150228369069e-11,3.8816644305104215e-11,3.948339399336128e-11,0.9495641440153122
2433,3.4514326166176044e-13,5.970009301180854e-14,1.6825176426915626e-13,0.8090311080217362
2434,6.154620294242027e-13,5.08891876883469e-13,4.607792231483481e-13,0.8755541052669287
2435,3.767879356397552e-13,1.0663776163594646e-13,1.4706805504546545e-13,0.8298765433020889
2436,5.191707710539816e-13,5.341275784424957e-13,3.6739778053804494e-13,0.8401772998273372
2437,7.640269822690109e-13,4.945075952641143e-13,3.445840975024563e-13,0.8029696416109801
2438,2.62172963786234e-13,1.6918463161850918e-13,1.0713983886598288e-13,0.8405900256708264
2439,4.0521372224068705e-12,2.8527632276493402e-12,1.9037732355900556e-12,0.7782030236907304
2440,2.4463139752545973e-12,1.8328902478983304e-12,1.7984086545543808e-12,0.9262706425040961
2441,3.0985314596481636e-13,1.6003996945195486e-13,1.5805702344445541e-13,0.8084140375256539
2442,1.3301750215266403e-13,9.669846218494097e-14,8.396376026381135e-14,0.8605676161125302
2443,4.4669565245965787e-13,4.885392203355845e-13,2.7445017727655847e-13,0.8223439728841185
2444,2.754536642553602e-13,3.5482859741029295e-13,1.5675214849664813e-13,0.8723919317126274
2445,2.984917636973417e-13,3.010695835352896e-13,1.9816376973137388e-13,0.8471535883843899
2446,2.4773893342302644e-13,1.6909967264600265e-13,1.7716546745567015e-13,0.8813208978623152
2447,2.417189704712345e-13,9.021498242189292e-14,9.22810031364956e-14,0.854177032224834
2448,5.857239858507733e-12,1.6698960219174193e-12,1.3565959143935478e-12,0.8592621913179755
2449,1.5026850791450766e-13,1.251551453710436e-13,7.929044706938569e-14,0.8484468763694167
2450,1.2601321694341497e-13,9.345892359799437e-14,8.848960449961349e-14,0.8437218682840466
2451,1.8839344250088794e-12,1.990914018707806e-12,1.8806135820824735e-12,0.9605218708515167
2452,1.8495944926628506e-10,8.49642626160536e-11,1.0522573378436752e-10,0.8947927534580231
2453,4.019914537714502e-13,2.0043306184840204e-13,2.234485834997037e-13,0.850572500564158
2454,4.306145810392054e-12,2.2430291188951024e-12,2.5701838191287755e-12,0.8205568785779178
2455,3.9674682716626045e-13,1.0708238418644e-12,6.179049175320365e-13,0.8159014913253486
2456,1.580532768537025e-13,5.4830728174269976e-14,6.125727346394254e-14,0.8111588204279542
2457,3.6225407655137575e-13,2.776994049735763e-13,2.1665707195559685e-13,0.9025935873389244
2458,1.4300122934576294e-12,1.7787113303337555e-12,9.861563300862867e-13,0.8023259731940925
2459,2.468815512127301e-13,2.990338686873861e-13,1.142477974622753e-13,0.7841504183132202
2460,2.5356951701286803e-13,1.3114272694087754e-13,1.5089043807701732e-13,0.8171100514009595
2461,1.9948136003789542e-13,1.873681993562277e-13,1.5695385234208853e-13,0.8488231427967549
2462,7.968411103654525e-13,1.3143012765433806e-12,2.696894300322147e-13,0.7649995644576848
2463,2.1849137147752608e-12,4.138541635300511e-12,2.1534009600785288e-12,0.8366339400410652
2464,6.815518771676731e-13,4.5136857257961865e-13,4.451598668549037e-13,0.8616088451817632
2465,3.8717049627676327e-13,2.3544199354382573e-13,2.496998301893144e-13,0.8815103877335787
2466,1.2179014758679981e-11,1.5919059092187655e-11,1.5615258718539838e-11,0.9834650158882141
2467,1.4895629017487817e-13,2.8259428423086816e-14,5.909306757981688e-14,0.8247690619900823
2468,1.1471108145030562e-12,2.3658798559016427e-13,2.215434339910417e-13,0.9237322576344014
2469,6.308469781861488e-12,6.638103735585247e-12,5.513130335218249e-12,0.8301797527819872
2470,2.0111383037512165e-13,1.29149365349033e-13,7.121278755884145e-14,0.843877375498414
2471,9.39128045453957e-13,3.5238396234730033e-13,4.904683438112247e-13,0.8708623260259628
2472,9.656074331266405e-13,2.525168914415055e-13,1.853447834339058e-13,0.9686175771057606
2473,3.6588804110080155e-12,4.239729992732232e-12,4.073548613818261e-12,0.968075305223465
2474,3.4821698717575417e-13,1.7773087160309226e-13,1.1419059070889022e-13,0.772249140124768
2475,3.4449247329650604e-13,1.9177101656832682e-13,1.5126883561331601e-13,0.8661969352513552
2476,8.158641273383668e-13,2.0768631681649565e-13,1.436651164345663e-13,0.9071443594992161
2477,5.863633346079457e-13,1.8751789507241975e-13,2.10917306855001e-13,0.858719071559608
2478,3.446212707605351e-13,1.1621689643193065e-12,3.547260514634058e-13,0.7780167965218425
2479,3.861252285321598e-13,4.70292427335032e-13,3.6114076318423725e-13,0.8641592297703028
2480,1.253992610825923e-12,1.2936491212654695e-12,9.841246628804984e-13,0.8341322131454945
2481,4.4111839292699395e-12,1.5891682642248263e-12,1.2165711289875501e-12,0.8604855343699456
2482,4.873190713200301e-13,3.759306195978919e-13,3.30884445977395e-13,0.9178209327161312
2483,1.2068406790382474e-12,6.555056211333946e-13,5.308052295132729e-13,0.7768248945474625
2484,5.213132793097898e-13,4.397353452999507e-13,3.10257676271763e-13,0.8277597593143582
2485,6.526977085513811e-13,3.488893524642281e-13,4.305695350172847e-13,0.8078205331228674
2486,1.0050081074822062e-12,5.1489230398884e-13,4.002027090619588e-13,0.9123743072152137
2487,4.232615886818462e-11,2.3830797089487463e-11,2.286427912624884e-11,0.9533942133188248
2488,1.6675993816982786e-10,7.221790889414334e-11,7.890459757363197e-11,0.8789207704365254
2489,1.8276500502809296e-13,1.1280820588313454e-13,1.1113643324509564e-13,0.8940614826977253
2490,3.47010875241844e-13,1.637617047446026e-13,1.8794897987399337e-13,0.8900101359933614
2491,5.433047951897298e-13,4.559968808832466e-13,2.989196533147122e-13,0.8017095972783863
2492,1.2010217397165097e-11,8.901986268722184e-12,8.713410431179275e-12,0.9303564622998237
2493,1.2876744772833248e-13,3.711986929135993e-14,3.564172774634613e-14,0.8776459120213985
2494,1.4307689529194913e-13,1.4703935834302562e-13,8.169569092025288e-14,0.8295535700395703
2495,1.4759681629934365e-13,8.236752071468368e-14,7.920994447141199e-14,0.8532472915947438
2496,2.0462407366949121e-13,2.790065536341236e-13,1.7067962827459867e-13,0.8203287943266332
2497,4.911699782424615e-13,1.0463221682667176e-13,1.2195655030030329e-13,0.8725311886519194
2498,4.740129809806256e-13,9.569275078760002e-13,6.875351171490922e-13,0.8254605146124959
2499,5.102350425198633e-13,2.0063004523189174e-13,2.428402011824064e-13,0.8001485146582127
2500,2.5204613707463076e-13,1.791454643397818e-13,1.7149651673067361e-13,0.9210987139493227
2501,4.602869651260978e-13,1.55385244170814e-13,1.0620051604067947e-13,0.8521472258493304
2502,8.646400880463959e-13,2.8925506191441494e-13,2.5246160523317307e-13,0.8515986304730176
2503,7.830279081034193e-13,1.5651467871854496e-12,1.0245392356731746e-12,0.9282005041837692
2504,3.094716897094226e-13,3.211770244861374e-13,1.2795783273101405e-13,0.7868122298736125
2505,2.747760319799636e-13,1.2744648579794447e-13,1.193657420176937e-13,0.8524357644841075
2506,5.364347275315921e-13,2.8716746565120157e-13,1.7282749458833096e-13,0.8692757032811642
2507,7.824853088349024e-12,3.696772153285548e-12,8.039648400423042e-13,0.8596449695527554
2508,2.504686922341328e-13,2.388855023297114e-13,1.545874618751134e-13,0.7881268100813031
2509,4.97656151664061e-12,1.0296863550728256e-11,3.670294705798734e-12,0.7794955232180655
2510,6.023965233287411e-13,1.3457452120841818e-13,1.6400827938920924e-13,0.886836675181985
2511,4.839313536691004e-13,1.8482835223917859e-13,2.2070272528919544e-13,0.8405268831178546
2512,8.765840966410798e-13,6.36458868488153e-13,6.145790749339335e-13,0.9098972167819739
2513,1.6370341035683678e-13,1.100066913126424e-13,8.162249584474063e-14,0.8689301641657948
2514,3.5284310232152597e-13,1.3176000536586736e-13,1.0615793991058046e-13,0.8135044849477708
2515,1.5182563200669827e-12,2.6358103030861925e-11,1.5049211812534968e-12,0.7647202526219189
2516,4.2916567204769615e-12,5.905085600532507e-12,4.706171835098145e-12,0.8667172234505415
2517,1.6662764264628824e-13,1.8421483005378826e-14,3.955529384091948e-14,0.8591420905664563
2518,1.713016327677046e-12,1.2160788279993366e-12,1.2476792738418968e-12,0.9579495549201965
2519,2.7849979022438865e-12,1.8459482164806556e-12,1.7610413638285786e-12,0.8846722979098558
2520,3.8666980196438466e-13,2.6930038745385166e-13,9.970491078547494e-14,0.8662083685398102
2521,6.471100356529956e-13,2.3281775726254766e-13,1.678070981433204e-13,0.8389704521745444
2522,1.6245673383919997e-13,7.76574938203698e-14,6.172534616179545e-14,0.8802986005321145
2523,9.314076198496904e-14,4.759434984967361e-14,4.1959991014483594e-14,0.837178242765367
2524,1.1034031688871978e-12,1.822188817558044e-13,2.0391589535410284e-13,0.9626362264156342
2525,3.3307066682480684e-13,2.28347182021342e-13,2.56519487746408e-13,0.826249026414007
2526,2.898520014149639e-13,5.75049895746918e-14,6.383362174871583e-14,0.8900329884141683
2527,4.43990493518146e-13,3.6644317325582113e-13,3.0431298944922067e-13,0.7855207250453532
2528,2.5846483490702067e-13,8.13559737189639e-14,7.740676187446247e-14,0.8796083893626928
2529,1.457479914613982e-12,3.669793281486012e-13,7.954156497690715e-13,0.7753202761057765
2530,2.70782059633247e-13,1.0460408975134407e-13,1.3765312490750527e-13,0.823404917307198
2531,4.407773865044601e-13,2.240522728035411e-13,2.5313980574434905e-13,0.89013910330832
2532,2.6019699991794186e-11,7.679960538533951e-12,1.2287702971611046e-11,0.8663529522717
2533,1.3686832349943452e-12,1.3848816754743913e-12,1.2210085205353032e-12,0.8809829745441675
2534,6.798404228265681e-13,5.80453682326776e-13,4.577931370818375e-13,0.8122265705838799
2535,1.3367325061217738e-12,9.868957772225955e-13,3.6868498689116826e-13,0.8744007050991058
2536,1.2570136198557054e-12,1.0468982585710037e-12,6.564805464073898e-13,0.865740691497922
2537,2.6479759506581597e-13,2.547687254280546e-13,2.2713265516649476e-13,0.8492605095729232
2538,1.235290299757026e-12,4.683910772769949e-13,3.698348443337e-13,0.9442090347409249
2539,1.771121229434795e-13,6.909370590789534e-14,8.155538318732323e-14,0.8556061262264848
2540,2.3926462609880633e-13,8.144950613598789e-14,1.301338735276058e-13,0.8653121711686254
2541,4.478490307353846e-12,2.465159706855735e-12,2.3995712524367383e-12,0.9729076392948628
2542,1.4870136228518708e-13,9.048128899499732e-14,8.026234351567898e-14,0.8972746815532446
2543,3.758370715272957e-13,2.0758229862616566e-13,1.6779325707450138e-13,0.8092884882353246
2544,1.6329706371351605e-12,7.517862697605847e-13,6.098435749055094e-13,0.9435767896473408
2545,4.559002882948969e-13,4.754833954881062e-13,4.5043934608918763e-13,0.9323458325117826
2546,2.4795569428685897e-13,1.15762936643172e-13,1.150000009742938e-13,0.8625076998025178
2547,2.8053745778738876e-13,3.364314024589849e-13,2.868074666991253e-13,0.8753679689019919
2548,2.963207517557199e-13,1.60266182367315e-13,1.801269541748639e-13,0.872011810913682
2549,1.9015376606240516e-12,7.235146076894037e-13,1.0764798479213519e-12,0.8516952574253083
2550,1.0450438781672107e-12,1.898434673923766e-12,5.14102493362281e-13,0.7944012076593936
2551,1.1219625007654024e-12,3.0444319359689045e-12,5.050266424598089e-13,0.8207643255591393
2552,3.7477011739736274e-13,3.478581234301757e-13,8.846719159235489e-14,0.8774115500971675
2553,8.737913549922022e-13,5.993418261998933e-13,5.81400788355649e-13,0.8310843688435853
2554,1.5529646211785594e-12,6.25147383400096e-13,2.971063966354335e-13,0.9136756829917431
2555,4.4587599115930367e-13,5.39765360962488e-13,2.169271312840082e-13,0.802380017656833
2556,1.29755776701594e-13,1.0937891982966945e-13,4.617962056009042e-14,0.8011593935079873
2557,7.761005471733018e-13,1.0330910617020175e-12,6.04607004784216e-13,0.7911212226375938
2558,4.4323515222228323e-13,3.221792646256987e-13,2.867143875000726e-13,0.8904619567096234
2559,1.4860744470227228e-11,1.1031269898860721e-11,3.763242893778494e-12,0.8273901134729386
2560,1.943326687640459e-13,1.6235460676132083e-13,7.814544403049291e-14,0.8116327024064958
2561,1.3269148052644306e-13,1.776544819131791e-14,3.0027514117144196e-14,0.8410713301971555
2562,1.2764793066701094e-12,1.9418394673665094e-12,1.3174826609580084e-12,0.8323773546144366
2563,1.1518793825672408e-13,5.6253751957230947e-14,3.260641689952154e-14,0.8510203536599874
2564,5.942032516875374e-13,1.5844532142574902e-12,7.353338462848857e-13,0.791235058568418
2565,3.71415427982608e-13,1.6683790351159947e-13,1.8747116450291804e-13,0.8724802680313587
2566,1.6579141131550937e-13,1.3621978914537627e-13,1.3424218057903252e-13,0.8499289637431502
2567,1.8960896538467986e-12,1.976358295839644e-12,1.5351104428563515e-12,0.7961439978331327
2568,3.7603988916986083e-13,3.2021973206127285e-13,3.3043559971709745e-13,0.8581725185737014
2569,1.1640721024341039e-12,6.306442628460535e-13,4.97477926915955e-13,0.8524819452315568
2570,1.97895313066809e-13,1.9808193946932085e-13,5.747037261207887e-14,0.8100756853818893
2571,1.0956101265601891e-12,3.2336608880080515e-13,4.0537013517361127e-13,0.9548922955989838
2572,3.1235451762528525e-13,4.2735016765146284e-13,1.028154915904538e-13,0.8343930149450898
2573,1.1692866058428662e-12,1.35257299169914e-12,4.4296243565444727e-13,0.7973671784624458
2574,4.901763115543425e-13,1.8912681614354546e-13,2.407930533747143e-13,0.9075909473001957
2575,4.23215820820816e-11,7.868654735081564e-11,5.492796361762044e-11,0.8739943481981755
2576,4.841959230040431e-13,2.9873381866594016e-13,3.060635269030734e-13,0.8586444025859237
2577,4.930599878766446e-12,2.3576607626294347e-12,2.3277089879027257e-12,0.9778534799814225
2578,4.602726514181826e-13,8.405654838208161e-14,1.4281411840377913e-13,0.877511152997613
2579,1.56940253950588e-13,1.7924221493641113e-13,6.303089371885497e-14,0.8217056165449321
2580,5.978508493941454e-13,1.2384193772884263e-13,2.49229763808923e-13,0.8295186350122095
2581,3.556912380234032e-13,1.0457025278937083e-13,2.0260965115608483e-13,0.7848670144565404
2582,1.0746378268161939e-12,1.332674935950424e-12,1.0844901052386473e-12,0.8608530353754759
2583,5.404130999609176e-13,5.031666955711251e-13,2.783748129778652e-13,0.8202882182784379
2584,7.896600559354336e-13,5.068571016664094e-13,3.78411980412969e-13,0.871149244531989
2585,4.162116147106691e-12,6.489939993556023e-13,6.681068392075175e-13,0.9685252368450165
2586,5.393903504480073e-13,2.5531481389722736e-13,3.042444880367557e-13,0.8993785671889782
2587,1.4843390484724445e-13,3.82948547364713e-14,3.6401141503538806e-14,0.8777711223810911
2588,5.954324204410208e-13,1.666417345835917e-13,2.366797976977018e-13,0.7977946212515235
2589,2.9057500700647293e-13,3.529778138558801e-13,2.0182001895048084e-13,0.814758643694222
2590,1.3315344321841681e-11,2.8211366005761305e-11,8.435318123292856e-12,0.7642631251364946
2591,4.4844529894243634e-13,7.132764901445762e-14,1.5937812192998184e-13,0.7981779861263931
2592,3.520870834423922e-13,2.6207063032520705e-13,2.1177567201321382e-13,0.8468772483989596
2593,3.122796972790179e-12,2.7404703154499802e-12,2.776078620306435e-12,0.8684708062559366
2594,1.4971760942213387e-12,9.809029152158507e-13,9.739582544242317e-13,0.8427492566406727
2595,1.2377414250129232e-12,4.621306573668004e-13,3.832826764274771e-13,0.8704251207411289
2596,2.57707835984536e-12,3.0064011493796316e-12,2.191767523438451e-12,0.834770722873509
2597,2.2136288950673357e-12,9.574711298009575e-13,1.0496108581568754e-12,0.8809810984879732
2598,3.775601306601238e-13,6.274692059833385e-14,7.373605228478521e-14,0.9352427281439304
2599,2.80466196334222e-12,2.105912703451226e-12,2.074815750873283e-12,0.7949645023792982
2600,3.836251280398071e-11,5.990107899440236e-12,3.033804856666822e-12,0.9689389171078802
2601,4.979676956357036e-13,6.94846426450731e-13,2.5856072816394714e-13,0.7912659515161067
2602,2.807445706481856e-12,1.465000400456637e-12,1.4690864164117326e-12,0.9745471835136413
2603,1.6838280014678847e-12,1.175286350206627e-12,1.2085030166427692e-12,0.9254409011453391
2604,2.6739898423032687e-13,1.1004976554845468e-13,8.61535672715184e-14,0.8520165087655187
2605,6.578393499260608e-13,5.971372462193655e-13,5.679724839215549e-13,0.9451349765062332
2606,5.490716467273688e-13,2.904780538031123e-13,1.8069353216591596e-13,0.8526200618594885
2607,5.267042915018925e-13,5.73410934557897e-13,1.8825368919443767e-13,0.7953359962441027
2608,2.6473164400659064e-13,1.572205414250738e-13,1.459515094782734e-13,0.8646859584376216
2609,4.0994253103432247e-13,3.9680074760582585e-13,9.175640894968275e-14,0.8324924185872078
2610,4.1182337402739836e-13,2.104729793325411e-13,2.1080074682640415e-13,0.860349046252668
2611,2.3091270699664366e-13,3.7115542484384733e-13,1.5184546892674204e-13,0.7968335863668472
2612,1.7537104905019805e-13,1.2343938903837593e-13,6.719883066427093e-14,0.8526987915858626
2613,2.772801720197306e-13,6.156362033879228e-14,7.650103342697452e-14,0.8899057749658823
2614,6.487905144036259e-13,3.1746971759371156e-13,1.9843607165171292e-13,0.9099453214555979
2615,9.729193973514544e-11,1.3588202465107524e-10,7.72493536886342e-11,0.8500645283609629
2616,1.14080734881428e-11,4.270423978598556e-12,4.71643603966296e-12,0.9042190715670586
2617,3.259206735591393e-13,3.9103842061228337e-14,1.0795488513145425e-13,0.8804922586306929
2618,2.1888004186171955e-13,1.561905263349842e-13,1.1110176513447134e-13,0.8460684368386865
2619,1.9618050920352545e-11,2.468916085604222e-11,5.714206554418419e-12,0.8530999671667814
2620,7.989968795434213e-13,8.264223744994893e-13,6.141615412075162e-13,0.8714638324454427
2621,3.932018315864421e-11,2.3809348874297523e-11,1.1278491703015717e-11,0.8100376969203353
2622,2.732662159593153e-13,2.0705826619561327e-13,1.2857735459581256e-13,0.8061553474515677
2623,1.6156937444396873e-13,1.516544419231666e-13,1.0561170671376617e-13,0.8583641054108739
2624,7.938402407695459e-13,4.3026567757449254e-13,2.405417450416691e-13,0.9079881735146046
2625,1.470054080055946e-12,3.0661577986225826e-13,3.968142382947017e-13,0.862311921454966
2626,6.931309647628614e-13,2.602511917747429e-13,3.2458503027309787e-13,0.8752894442528486
2627,1.91214217070889e-12,1.4806549340766563e-12,1.4230602695718229e-12,0.8444252748042345
2628,3.623171988783059e-13,2.473807381219899e-13,2.1101963850151737e-13,0.8600494377315044
2629,1.6707566896956658e-13,7.268361536505297e-14,6.803763812568077e-14,0.8481782233342529
2630,3.765010986488617e-13,2.420243569995231e-13,2.4535943482528e-13,0.8494443729519844
2631,3.646082949786756e-13,2.9096354826110346e-13,1.4931319377705858e-13,0.7979813617654145
2632,2.8988843228762133e-12,1.5837585886220706e-12,1.1832207165556275e-12,0.9358433187007904
2633,9.013790954573188e-14,4.286325863138431e-14,2.7066345343452658e-14,0.8523361559957265
2634,4.240884147876924e-13,1.102284640976302e-13,1.15269442638252e-13,0.9086690176278353
2635,4.18489383572074e-12,2.6723252466724316e-12,2.8242753833222887e-12,0.9398219354450703
2636,7.210788220807327e-14,3.665690609871362e-14,2.1211798061471598e-14,0.8607471173629164
2637,1.3669534145239727e-12,3.945192990302137e-13,6.5559516827282e-13,0.8135621471330523
2638,2.65751028836247e-13,2.2129785005118026e-13,1.1512875223510148e-13,0.8008506014943123
2639,1.4978621139221655e-12,1.3491239991079537e-12,1.0158962548446046e-12,0.893874816223979
2640,1.3919725753513466e-12,4.395806688300812e-13,4.3969163558799787e-13,0.8900253735482693
2641,4.1333043360364925e-13,3.8407531312799223e-13,1.571914554890116e-13,0.803874846175313
2642,8.122548954457512e-13,1.0828119708322998e-12,9.099465076310188e-13,0.9072444088757038
2643,1.6084530351220876e-12,9.6103371183019e-13,8.9422200956235e-13,0.9484431929886341
2644,2.0486551913438892e-12,1.860402122967708e-12,1.246832169136382e-12,0.8567622426897288
2645,1.7167915352737212e-13,1.46568849793019e-13,4.879608542219955e-14,0.8473597636446357
2646,3.2084799603366285e-13,1.7349271878610502e-13,1.714709498198045e-13,0.8875800311565399
2647,8.392670259861408e-13,4.601403431192967e-13,3.341462403689766e-13,0.8108814631588757
2648,4.4457158855975397e-13,6.620057156786706e-13,3.2281715526250105e-13,0.7956052458845079
2649,6.538241329676633e-13,1.8970115573774273e-13,1.5762548508083078e-13,0.8965100605040789
2650,7.962103686783022e-13,6.820157254462566e-13,6.617535450568553e-13,0.8816938977688551
2651,3.0313566665079367e-12,1.415685175169723e-12,1.1156457403432374e-12,0.946155646443367
2652,2.7296618701608936e-13,1.324400536027339e-13,8.548503011166895e-14,0.8649191884323955
2653,8.602595415808945e-12,1.1193243052900896e-12,1.5815656970054174e-12,0.8784789256751537
2654,1.0447396987308579e-13,3.1579094784237646e-14,3.461293862448637e-14,0.8454602709040046
2655,6.619067930695666e-13,5.367542540528239e-13,3.300166768516865e-13,0.9411968797445297
2656,4.88448617014074e-13,4.220483983736121e-13,1.0127851040049341e-13,0.8299643907696008
2657,5.550846957298818e-13,5.918007733374042e-13,5.433397173558068e-13,0.9275710828602314
2658,5.355432830790713e-12,3.2411684554113363e-12,2.192425049974329e-12,0.9130308277904987
2659,4.698823615861226e-11,9.756884785880455e-12,9.752706898838434e-12,0.9761757038533687
2660,4.3153268842481714e-12,8.79079350016597e-12,3.0901037777450696e-12,0.7979921211488545
2661,1.324397151085159e-13,1.2145543920981654e-13,4.9434092823634644e-14,0.8514642104506492
2662,3.66556468574329e-12,3.811903395805289e-12,3.093083932690587e-12,0.8799810461699963
2663,2.6080373731747803e-13,2.862460647085171e-13,2.6850769028635144e-13,0.8918803464621305
2664,4.5077734079969334e-13,1.4414118006444476e-13,1.6470040777795108e-13,0.8179260931909085
2665,1.3312033217647677e-12,7.896082493768956e-13,5.785531012896386e-13,0.7820959846954793
2666,4.619384841473322e-12,3.6378550566588374e-12,3.633679467607451e-12,0.9777579233050346
2667,1.5120553082621846e-13,2.5207290013618033e-14,3.486081184149776e-14,0.8421694986522198
2668,9.115998986940123e-13,2.5955450742739494e-13,2.256282000296293e-13,0.9687510848045349
2669,3.9365153223627997e-13,1.5748371275095702e-13,1.3383898742352586e-13,0.8757980667054653
2670,1.6957494560589496e-12,5.112908434774642e-13,4.859605451228097e-13,0.7826175151392818
2671,4.1999777506850953e-13,2.1397505498190434e-13,1.4904718111073055e-13,0.860647926852107
2672,1.5974681998712576e-13,9.581866908903881e-14,7.365500263657395e-14,0.8822700552642345
2673,1.142251066469761e-13,1.9047751639962904e-14,3.866691608991133e-14,0.8558752246201038
2674,2.079752947355618e-13,1.1268402389916323e-13,1.2630551360146351e-13,0.8644976353272795
2675,2.9364776692129116e-13,2.4550750351786046e-13,2.1082053865775762e-13,0.8911675203591585
2676,1.7682367608077424e-12,1.0629305045496901e-12,1.1607619386417272e-12,0.8871542753651738
2677,1.0927230426278622e-11,4.122436586893357e-12,3.716438728222393e-12,0.9789777532219887
2678,5.019777186909279e-13,8.240686209985068e-13,1.7685330886032545e-13,0.8323542898520827
2679,6.815129663596305e-13,3.121744046634366e-13,3.5765809481202445e-13,0.8718237282708288
2680,2.1143030744890768e-12,1.9064667526833907e-12,1.86479850072857e-12,0.9151445366442204
2681,7.374390553243111e-13,4.697329681393869e-13,4.630086222330038e-13,0.9433220662176609
2682,3.7401688078843224e-12,2.817240233746292e-12,2.57311887070145e-12,0.8571671092882752
2683,2.399379086611422e-13,2.668445908713676e-13,7.005102977574215e-14,0.822185736708343
2684,1.5388238436019778e-12,3.2724938061719324e-13,3.3500302867756237e-13,0.8712053580209613
2685,4.0132754584838195e-12,4.353426239037641e-12,4.269126041483998e-12,0.9698469266295433
2686,3.9781519462590085e-12,2.2323224689080286e-12,2.1336412158533426e-12,0.9743417151272297
2687,5.881944494383361e-13,6.523621713457848e-13,1.9870216511515366e-13,0.79145636735484
2688,8.354986716839418e-13,7.064280515148921e-13,6.841796378354615e-13,0.8895899679511785
2689,1.4386961815343738e-12,8.228804651188942e-13,5.249802831783493e-13,0.8195327922701836
2690,5.171220793488343e-13,1.5318153774435807e-13,2.1703647705487185e-13,0.8045426971279085
2691,2.1726533165738271e-13,1.7715012970806805e-13,4.8266163486572646e-14,0.8131344919092953
2692,3.4303375188355053e-13,3.8738743276197e-13,1.0828005792127938e-13,0.802906153164804
2693,3.0330520442413875e-13,2.887402589542396e-13,1.825956674073943e-13,0.8522137023508549
2694,3.6514142786373635e-13,9.57321127999603e-13,7.984553808042639e-14,0.7815005191136152
2695,9.060951661949645e-13,8.425105136814521e-13,4.923959755164288e-13,0.8218860004097224
2696,1.723688049597075e-11,2.384510802768484e-12,4.001140533675179e-12,0.9009673647582531
2697,1.1464652277117253e-10,3.5511174654703123e-10,9.671908879859458e-11,0.7601530273910612
2698,2.5836388634061665e-13,1.803279521079428e-13,1.8346805626627e-13,0.8336953134275973
2699,3.0058163308237585e-13,1.1873131881307948e-13,6.356552486579153e-14,0.8629627253860235
2700,3.1471569369221215e-13,7.98505268706769e-14,4.2694068926198943e-14,0.8839303608983755
2701,2.2216619917156183e-13,2.3497606829676054e-13,1.2300930994955267e-13,0.8405857807025313
2702,3.302886084194474e-13,1.7210192221262125e-13,1.1729209787400698e-13,0.8853369286283851
2703,3.4497613660963842e-12,1.3927593171919165e-12,1.4596632159210464e-12,0.96006049066782
2704,3.239138447658736e-13,2.61918137277201e-13,2.1678014770351417e-13,0.8392871333286166
2705,1.7028120210865203e-13,1.037814806815043e-13,1.107508701490985e-13,0.8525398882105947
2706,3.568697651967719e-13,1.3691086809831735e-13,1.5479852004731406e-13,0.8830998305231332
2707,6.396605692872688e-13,5.238824073670816e-13,4.363593963733621e-13,0.8191127520985901
2708,3.574301561823682e-11,3.12519038227582e-11,3.1125666416725145e-11,0.8739032950252295
2709,1.773478451993183e-12,1.1010347727580541e-12,1.3266568274360266e-12,0.8595062861219048
2710,6.119268000125807e-13,2.527908533082162e-13,2.5266567465893517e-13,0.8886534288525582
2711,6.533160273916373e-13,3.7197178979924434e-13,3.3651247157678514e-13,0.9030986875295639
2712,1.236723577419829e-13,2.1364622846938717e-14,3.368255483530757e-14,0.8442258298397064
2713,3.034012198845042e-11,1.3319568171271137e-11,1.4855365809216745e-11,0.8323735157027841
2714,5.227865223573793e-13,5.776005389099058e-13,2.7677549235806797e-13,0.7863082247320563
2715,5.856634016881292e-13,4.0593965619022205e-13,4.0804422836293394e-13,0.8962747178971767
2716,3.5550320575704936e-13,4.1370272408163035e-13,2.0234073635410206e-13,0.834255100786686
2717,4.842822646838441e-13,4.1582870737207446e-13,1.6209192146981907e-13,0.8370002050884068
2718,1.7608392000007205e-12,6.501245009349982e-13,5.645638497468779e-13,0.7986960986629128
2719,1.6977656813247367e-12,2.947981222318917e-13,7.834053997521758e-13,0.8395177494734526
2720,1.425485743789783e-12,4.107224950833811e-13,3.8423398122430883e-13,0.9552750267088413
2721,9.685914828858077e-13,5.421790600784597e-13,5.189595833983778e-13,0.8726359993219376
2722,3.047075284124884e-12,1.589680248392275e-12,1.4963204224474568e-12,0.9561900489032269
2723,2.723547517003422e-12,3.671663446892883e-12,1.2427867580609637e-12,0.7732975065708161
2724,3.8167541579865146e-13,3.5825993418185776e-13,1.7606499900825497e-13,0.8028016287833453
2725,2.7470994998338946e-13,2.250379856201017e-13,1.8109214543116716e-13,0.8019934921525419
2726,1.668133528994059e-13,6.200331961278775e-14,7.227229447875233e-14,0.8840476043522358
2727,7.844380694578119e-13,2.6930862525771427e-13,2.388898943558868e-13,0.958814512938261
2728,3.231321983961198e-13,1.7739602607533963e-13,9.041758238786115e-14,0.8410232843831181
2729,6.74246545375387e-13,2.583340664148055e-13,3.6582499205864e-13,0.8247325220145285
2730,1.9572029695586566e-13,3.2131620208219946e-13,9.944400769206324e-14,0.7870963430963457
2731,5.538773083772107e-13,1.2284225464121752e-13,1.6304156202304576e-13,0.8946448858827353
2732,2.909503950881028e-13,2.862188103620979e-13,1.1420067058799269e-13,0.8849358148872852
2733,2.209237025869643e-13,2.9238533989640435e-13,1.8641603097323908e-13,0.7848766064736992
2734,2.251028089851906e-13,3.6143084425672743e-13,4.180373056647906e-14,0.7746549776755274
2735,2.4220887641374233e-13,1.2520343155999497e-13,1.1223643175642846e-13,0.8084134354256094
2736,4.751241701385995e-13,1.6806509222071807e-13,1.999606226775277e-13,0.8407046718522906
2737,2.0933430101071019e-13,4.85118350993224e-14,5.709330349668579e-14,0.8578683659434319
2738,1.7861638292037137e-13,8.785168782638103e-14,8.590953999840494e-14,0.8811132706701755
2739,3.547754432471917e-13,3.4319329855887054e-13,3.506384126309072e-13,0.8325980376452208
2740,1.611952448312526e-12,7.99617330341688e-13,4.598004281895589e-13,0.8426575839519501
2741,4.412504200129395e-13,4.1916831316804417e-13,4.4448884266800343e-13,0.850050557218492
2742,6.291623054196931e-13,2.8384818343882795e-13,1.6841061539630522e-13,0.9426377929747105
2743,1.5096791973515806e-12,1.166245598854946e-12,1.0318076032789087e-12,0.8040556124411523
2744,1.9181473276118345e-13,4.300230810984222e-14,7.703142385481597e-14,0.8688859701156616
2745,3.3354491830216553e-12,4.236049746603282e-12,3.799178611176163e-12,0.8801557689905166
2746,1.2423960662985477e-12,1.0017683751559839e-12,8.183478875672251e-13,0.8778893638402223
2747,7.328994340129353e-13,4.617589051347231e-13,4.0938605411103754e-13,0.9218231420964003
2748,3.207826309278639e-13,1.6462918611535053e-13,1.676898438527534e-13,0.9527266316115857
2749,1.2861757426152549e-12,4.818205190863175e-13,6.698756323429254e-13,0.8882433123886585
2750,1.1998300140022894e-12,1.0746245095463425e-12,1.0502226381809795e-12,0.9505757540464401
2751,9.184720568131652e-12,4.285430848052624e-12,4.380197474082315e-12,0.9690213158726693
2752,1.0282930097725712e-12,4.753904896266571e-13,4.243426111574727e-13,0.7718956920318305
2753,1.8615956254489846e-12,4.821494759208899e-13,4.0672695060915216e-13,0.9097258649766445
2754,9.26416353297229e-13,3.994195327355164e-13,4.417022804873508e-13,0.9259896144270897
2755,2.7273079931357635e-13,1.446581841253093e-13,1.4828789025654022e-13,0.8615759134292602
2756,1.9160551851949087e-13,7.4980533678754e-14,5.043811121517515e-14,0.8495097259059549
2757,3.1898624461540943e-13,1.0618166513239485e-12,1.9248438563904793e-13,0.8138729130849243
2758,3.8121197335508534e-13,2.615320121393888e-13,1.22117605580893e-13,0.8209059933200479
2759,7.377039577445263e-14,2.879468820869946e-14,2.7764364877739386e-14,0.8421294646337628
2760,1.075000034882119e-13,3.306889659303276e-14,2.6881023609862412e-14,0.839822044223547
2761,3.638800181960686e-13,3.373964453659411e-13,2.665480480149326e-13,0.9172186862677336
2762,1.3949482633063327e-12,4.832868281767372e-13,6.261738280628366e-13,0.8693490592762828
2763,2.5136322258555056e-12,1.08238362902634e-12,5.941157788116933e-13,0.9312691897153854
2764,1.3384385469548962e-10,7.564394587843886e-11,8.233031781496006e-11,0.9352995403110981
2765,6.00910122659934e-13,4.599283977745399e-13,4.602762396775225e-13,0.9011249657720327
2766,2.571378968881116e-13,8.405814866247018e-14,1.129892154887605e-13,0.837959841825068
2767,3.834658291377159e-12,6.329139610524991e-12,4.816447305637156e-12,0.820078444480896
2768,2.614367887089295e-12,2.011358323537787e-12,2.0909271686708775e-12,0.9182855945080519
2769,6.948732459273965e-13,3.0834746684562944e-13,1.9333398438265207e-13,0.9089873965829611
2770,1.6442124749000135e-12,1.4515201258271242e-12,8.567774963934675e-13,0.7790273916441948
2771,4.811928178369341e-13,3.5488049260502167e-13,1.6818551964469537e-13,0.8554879344999791
2772,5.66377147720921e-13,6.824638299760708e-13,2.0144431959787097e-13,0.8158128139562905
2773,1.0314718483494902e-13,7.97711843081915e-14,7.152027301575516e-14,0.8385927885770798
2774,1.7643926703554462e-13,3.296524259291951e-13,1.351927449139307e-13,0.8437314910814167
2775,1.234276551309638e-13,5.334789452292377e-14,7.763140363905229e-14,0.8307618090882898
2776,3.680463376783794e-13,1.9413469452813362e-13,2.078462994912633e-13,0.866772991232574
2777,2.8516688397278676e-13,1.7499635243378026e-13,8.090929842855481e-14,0.8456265481188894
2778,3.19112747598568e-12,1.0625987901576731e-10,5.600791585275075e-12,0.7623192932922394
2779,3.016288755586924e-13,1.379039646510954e-13,1.3279622038992054e-13,0.8627840936183929
2780,2.245363314290314e-13,2.8377556081007793e-13,9.652592740759518e-14,0.8299010653980077
2781,1.3792881171392675e-12,1.1022646902081975e-12,1.1016662951089608e-12,0.9747860044240951
2782,5.533154206005568e-13,3.351836714343525e-13,2.468533687033087e-13,0.9145082492381335
2783,1.0322478257393837e-12,2.305034974490129e-13,2.5214957816016926e-13,0.82707763556391
2784,1.2277562757896389e-12,1.5509159624363434e-12,3.5343514101599615e-13,0.7795222156215459
2785,2.2008993627500235e-13,2.8406788809850204e-13,1.1426940693487837e-13,0.8363855870440602
2786,3.7484310730279046e-13,4.3762401206894575e-13,3.888296161735227e-13,0.8871699564158917
2787,2.722424962693253e-12,2.3554699896005055e-12,1.228136104699444e-12,0.8794263571500778
2788,8.530215643199965e-12,2.3407507804809215e-12,1.980763353010005e-12,0.8159576464444399
2789,5.147252510098026e-13,4.5333438927654677e-13,2.8663847658348305e-13,0.8420732451602817
2790,3.488052532103824e-13,2.936003186709985e-13,1.6060509096137638e-13,0.8353306837379932
2791,7.620712711693953e-13,2.2158196980324013e-13,4.088367263049179e-13,0.8208822268992663
2792,1.1581702435541248e-12,4.502248614088591e-13,5.322527740530876e-13,0.831741483695805
2793,1.0359074982597056e-12,2.6007134158165865e-13,2.2986717256734804e-13,0.957193885743618
2794,8.730144791595089e-13,7.15398340421056e-13,6.071810778552061e-13,0.8821967713534832
2795,9.420538110223795e-14,3.4042860894121615e-14,3.747929597978652e-14,0.8657585572451353
2796,2.278504693480269e-13,4.768453137777563e-13,1.376235121438671e-13,0.7865858916193247
2797,1.3644637141215859e-13,4.496748901708864e-14,6.001228281783754e-14,0.8838971842080354
2798,8.601872490612754e-13,2.3909631336196303e-12,4.652489835515524e-13,0.8012933854945004
2799,5.148378427866409e-13,4.2992387454313293e-13,1.8595008179983166e-13,0.8635623639449477
2800,3.8554007483319405e-13,2.3685227205081743e-13,1.3929565418131147e-13,0.9269576061517
2801,5.027134912443901e-13,2.2772974879433113e-13,3.333796324199369e-13,0.8253462914377451
2802,2.9708576344619276e-13,3.865421112326369e-13,2.1406816161618467e-13,0.8282259043306113
2803,4.698839991545501e-13,1.2424847047467776e-13,1.9585661627322071e-13,0.8651169061660766
2804,1.118490489405417e-13,6.666360521152163e-14,3.911429619422638e-14,0.8174671555869282
2805,4.260209800670293e-12,4.558582523618118e-12,2.0602138329452042e-12,0.7794155176728964
2806,7.210115525266657e-13,2.3768492715050457e-13,3.019900104818224e-13,0.9286945715546608
2807,4.879160341672439e-13,1.7522296631437616e-13,1.8023690179627074e-13,0.9464307196438313
2808,3.897947549147969e-13,1.526488127107983e-13,1.35315196069832e-13,0.8570252280682326
2809,1.0342193852148787e-12,2.0289111609094245e-12,1.0778958777262547e-12,0.8738950520753861
2810,1.4227607871009376e-12,6.285040892051291e-13,4.924804589723371e-13,0.8759080968797207
2811,1.3721767533579478e-11,3.84093023618589e-12,3.126440342601552e-12,0.9462293967604637
2812,1.0441575474499761e-12,2.733324213689279e-13,3.224533237342155e-13,0.8415436638519168
2813,3.2102504074659353e-12,1.743108985213639e-12,1.9290735820203134e-12,0.9259298622608185
2814,1.3438909368999972e-11,2.9267263919894496e-12,2.59754888630458e-12,0.9294228039681911
2815,1.5331601358318016e-13,1.1836580184148126e-13,5.3302810219460425e-14,0.8052563071250916
2816,9.41629016847889e-13,1.3135488889030116e-12,1.2228667221069315e-12,0.9518352530896663
2817,1.46087011867143e-12,1.5810055138288267e-12,1.161014096038061e-12,0.79383514970541
2818,2.7692591427234792e-11,2.891374482625535e-12,6.598667914733034e-12,0.8847022511065006
2819,1.9910957606430594e-13,2.76293458377638e-13,8.215179869076683e-14,0.8379446350038051
2820,3.1038757946447377e-13,3.2074292645129957e-13,2.128727638723082e-13,0.8180316067300737
2821,2.9182964739434404e-13,9.635687585764925e-14,6.193992525094387e-14,0.8730034112930298
2822,3.0335342671318533e-13,7.475491846320627e-13,2.479603338503039e-13,0.7765939858742058
2823,1.1881940596102198e-12,1.8690145462635736e-12,8.902494315572589e-13,0.795935311447829
2824,4.662859890282625e-13,2.8441307500154587e-13,2.1106697594372377e-13,0.8747498452663421
2825,2.372256118427342e-11,7.157353298812995e-12,8.097141430099568e-12,0.9444300457835197
2826,5.629919347619559e-13,1.8052993623702832e-13,2.4615938697615307e-13,0.8217934675514698
2827,1.2306343547026319e-13,7.17740072547176e-14,5.483822937761645e-14,0.8871140711009502
2828,3.937778488413726e-12,3.1825596576232435e-12,3.1925720800846223e-12,0.8229607219807804
2829,7.661006122043552e-13,8.17599233111062e-13,4.0535246644366394e-13,0.8693387692794203
2830,1.2613007192415826e-11,8.754260323247261e-12,8.85528930942017e-12,0.9677342608571052
2831,2.9755276820221247e-12,1.6486746630263724e-12,1.5854646023772864e-12,0.9579889893531799
2832,5.470997461817054e-13,7.151527707276097e-13,4.4822156432765044e-13,0.8132906699553132
2833,1.7168310082916706e-13,2.729488564543199e-13,8.859761388444683e-14,0.8234191082417965
2834,3.330761236215263e-13,1.8114491194915025e-13,1.5595436851899583e-13,0.8973903931677342
2835,2.672753702358535e-13,1.4521016523592049e-13,1.487080955517359e-13,0.8245408424176276
2836,7.068049577889897e-13,3.249930319386523e-13,3.008342878683925e-13,0.9464417055249215
2837,3.658784460954726e-12,2.784219207818422e-13,9.051814748888367e-13,0.8617358557879925
2838,1.1237729979587278e-11,5.863615143162163e-12,5.9403543611270635e-12,0.9682414948940277
2839,2.7457298246486045e-13,1.3660847691379308e-13,1.4150067324758315e-13,0.8687599502503872
2840,9.391694789883648e-13,4.639461935510679e-13,4.98041541257171e-13,0.9563630037009716
2841,3.637056703803283e-13,2.5743469164533337e-13,9.709622254891491e-14,0.8250121429562569
2842,2.800527939054637e-13,4.677562197114839e-13,1.514711998306747e-13,0.8228883631527424
2843,1.607016410992765e-12,7.744764974579186e-13,6.140948491716258e-13,0.9665311247110366
2844,3.14486216381171e-13,1.7992907657719315e-13,2.0014042937807386e-13,0.8752451190724969
2845,9.824760839937761e-14,4.5042001174979764e-14,4.172330288939469e-14,0.8743696564808487
2846,3.153465781194054e-13,1.5006149997161295e-13,1.7406361335845528e-13,0.8899170558899641
2847,1.79559543471003e-13,6.327837299091551e-14,5.369079889288101e-14,0.8266684394329786
2848,6.491285219480852e-13,6.876087035264857e-13,4.666701121545189e-13,0.874417076446116
2849,4.3883627403338205e-13,1.850027640221003e-13,1.4118617959458884e-13,0.8647174317389726
2850,4.631765408893681e-13,3.703388667418964e-13,2.9509078186571167e-13,0.8654298570007086
2851,1.4126688912332659e-12,1.0897994798052666e-12,1.0951893592647209e-12,0.9468668855726718
2852,1.6194799798948207e-12,1.2333457853469938e-12,1.0358181959193525e-12,0.9282311171293258
2853,2.2643204108274397e-13,3.251983207165089e-13,2.4153766028908836e-13,0.8435822179540992
2854,4.681509514946155e-13,2.0416088168323142e-13,1.9989246511550458e-13,0.8248027186840773
2855,4.1713836709374606e-13,9.553814198069118e-14,2.3035002288028833e-13,0.8165144763886929
2856,2.501594014275199e-13,2.682126739402269e-13,2.2608149821201173e-13,0.8745099738240242
2857,4.067184702924574e-13,3.02795044719252e-13,2.014702907156601e-13,0.9188264291733503
2858,1.775270585953863e-12,1.7921069258438736e-12,1.2952242898492063e-12,0.8341182423755527
2859,3.020955488309566e-13,4.2313677397955877e-13,2.4778740411113067e-13,0.8174066180363297
2860,9.7549029982561e-13,2.483685464807921e-13,2.2682928471565762e-13,0.9628713801503181
2861,7.860658958819734e-13,2.314451853644931e-13,2.4382399121323527e-13,0.8749926552176476
2862,6.357879748000064e-13,4.48126395293945e-13,4.201344183067141e-13,0.8581818306818605
2863,2.2186839598190035e-13,1.7866813635577656e-13,1.3019436414548745e-13,0.790687120705843
2864,1.1986274542716888e-11,1.9307570825128615e-11,1.3360480724430342e-11,0.8316524475812912
2865,8.38639148855156e-13,1.875031724563403e-12,7.628983133765175e-13,0.7980134929530323
2866,1.8714464448475224e-13,1.1968595970509324e-13,9.749686029398294e-14,0.870866241119802
2867,1.9004501859144415e-11,7.352732504060355e-12,5.2665673560194385e-12,0.966827415721491
2868,3.730537341673061e-13,2.1605490124649977e-13,2.5797419688445937e-13,0.8806300930678844
2869,5.545020516582322e-13,3.372858284521651e-13,2.623929763073654e-13,0.873150122910738
2870,1.940199371058766e-12,2.2690860992111094e-12,1.932480224981255e-12,0.9020376019179821
2871,5.815690237624955e-12,1.0330912132796406e-12,1.2090186299494787e-12,0.9063643880188466
2872,1.0074469473994514e-12,4.4498114616858906e-13,4.673737387810079e-13,0.8850388266146183
2873,4.657703320253413e-13,1.2432316846055025e-13,1.3220200659381828e-13,0.8545360669493676
2874,5.892936649411812e-13,3.5052162584469634e-13,3.727953931801843e-13,0.831157848984003
2875,5.313236243719513e-13,1.6365354818399314e-13,1.0050613279905194e-13,0.8514964930713177
2876,3.0373224844758676e-13,3.3798401295400087e-13,2.3947521528496714e-13,0.8522541901096702
2877,4.8663758829965805e-12,4.596892494612066e-12,4.440070363801152e-12,0.867767851985991
2878,4.962989247087073e-13,2.8746246072596237e-13,2.9889908774718877e-13,0.8130304964259267
2879,4.310522033408798e-13,1.8198953178863498e-13,6.178766889348288e-14,0.8374240566045046
2880,5.026591520026552e-13,6.700855208637923e-13,1.7075957872269177e-13,0.8262161284685134
2881,4.152912081874574e-13,7.494867242711173e-13,2.2660628096110902e-13,0.8562024196609854
2882,4.016397573347601e-12,2.556118725724581e-12,2.579447784627135e-12,0.9205670341849327
2883,2.1288624573738128e-13,9.462658503343393e-14,1.3003286656401427e-13,0.8730195766314864
2884,9.859283243022396e-12,2.593219662387226e-12,2.5380720350796197e-12,0.9641432151198387
2885,8.595212987870019e-13,4.41640472170861e-13,4.883114140159981e-13,0.8673096649348736
2886,1.3040922911491148e-12,1.884706101711323e-12,1.3074650563313536e-12,0.8238774500787258
2887,8.496061351863813e-13,6.441829004194578e-13,6.805248256597824e-13,0.8955357223749161
2888,1.6553582451377826e-12,5.353168624683571e-13,3.343840302133637e-13,0.9240772418677807
2889,2.1742478482281213e-13,1.9902735550067877e-13,9.973684598302303e-14,0.8051045795902609
2890,1.321610904299597e-13,7.282205496808134e-14,4.7212991479303214e-14,0.8248180347494781
2891,8.40881695906584e-12,4.083659835752907e-12,4.973149375542538e-12,0.891724057495594
2892,1.4952396569320544e-12,1.9852027239569754e-12,1.039161958555748e-12,0.8448401115834713
2893,3.16673635998949e-13,1.8435889112232084e-13,2.170304875463849e-13,0.8769988432526589
2894,1.371880257757201e-13,5.4374476318156396e-14,7.17592628900528e-14,0.854330486804247
2895,2.267808601962128e-13,2.720161311324599e-13,1.29687884995185e-13,0.8320966552942991
2896,4.2357422853678827e-13,3.1650391508040845e-13,2.948490678104687e-13,0.8386926051229239
2897,3.355307287173882e-13,2.9979121899207345e-14,1.2745366029740243e-13,0.8318539874628186
2898,7.526870909242975e-13,6.722332391603799e-13,1.2906371214653653e-13,0.806486286688596
2899,4.2792186140430307e-13,1.7826170698032237e-13,1.5966843569392345e-13,0.9144267488270998
2900,1.79618956976646e-13,4.656606450006846e-14,6.435633393142565e-14,0.8445872906595469
2901,3.448647805415142e-13,8.194394629558219e-14,8.563127997831879e-14,0.9060871601104736
2902,1.1965967769680464e-13,6.281715348268923e-14,5.845973986524974e-14,0.8635973025113344
2903,3.695102221222999e-13,1.2439890200202344e-13,1.7894405839996094e-13,0.8720690866932272
2904,3.8695401788742806e-13,1.5368361452781313e-13,1.4942087649554152e-13,0.8332321284338832
2905,4.049737131810493e-12,1.8480733485131523e-12,1.3601647446745854e-12,0.8934613578021526
2906,4.626359418210973e-13,1.3950794224711863e-13,1.0934749507543952e-13,0.8392700983211399
2907,5.8008938096121e-13,4.953577478981687e-13,4.072348091735831e-13,0.8718347517773509
2908,1.7603219420310718e-13,1.2101115663356517e-13,5.447888064877475e-14,0.8166943981312216
2909,3.0434475839291337e-13,4.912175025611049e-13,1.906055437334275e-13,0.7905175392515957
2910,5.423373950819185e-13,5.094498608368698e-13,4.651221818540624e-13,0.8414412014186382
2911,2.1598884685924315e-12,7.450370244521565e-13,7.289731714674647e-13,0.9441707231104374
2912,8.339991589828933e-13,1.1894749062266247e-12,5.020016354682536e-13,0.789893317129463
2913,3.989102067714485e-13,3.705253140685687e-13,3.453700178751336e-13,0.8560236336663365
2914,1.1456031550627045e-12,7.74330434470294e-13,4.475963413648556e-13,0.8741835622116924
2915,3.1488767036266444e-13,1.7358137013151308e-13,7.35064897459406e-14,0.8214556407183409
2916,7.44762824285082e-12,5.930777119003955e-12,4.1464638838216315e-12,0.8329774968326091
2917,2.130797061291057e-13,7.237636631711235e-14,3.044802393374683e-14,0.8733760498464107
2918,7.357308996335894e-13,6.732584839577286e-13,6.380834227680641e-13,0.8506416931748391
2919,2.684285986660265e-13,4.708862707418465e-13,2.301408752028542e-13,0.8327109405770898
2920,3.903277991471213e-13,2.3150564630121196e-13,2.4052330692627474e-13,0.8845020476728678
2921,3.809278203806437e-13,2.7106594253384695e-13,1.4414593391887108e-13,0.8503456611186266
2922,7.402335468318825e-13,7.492752768845135e-13,1.838880393214083e-13,0.8029998023994267
2923,6.20203738370947e-13,1.0392399900102113e-13,2.0351042469061383e-13,0.8749023538082839
2924,3.0304046428379374e-13,4.140365955547737e-13,2.772737773958519e-13,0.8199719039723277
2925,7.221083486998284e-13,2.5308529644903894e-13,1.6390417086540175e-13,0.8540310148149729
2926,1.520762627236203e-13,6.917916551336781e-14,6.345904351305754e-14,0.8772601827979087
2927,3.602424445355116e-13,7.847394287837379e-14,7.193684427747018e-14,0.8712172761559487
2928,1.662873764328441e-13,8.831211908408363e-14,5.79515173748493e-14,0.8369442252442241
2929,6.283829177463539e-13,8.267214404210406e-13,4.699952766292683e-13,0.7957071527838707
2930,1.940367154137178e-13,1.3630502587995728e-13,9.680738003285179e-14,0.8484272506088019
2931,3.7581928307407956e-13,2.618634285127677e-13,1.6509437705764914e-13,0.7827249175868929
2932,2.655085189970916e-13,2.4584637143377773e-13,1.2939887277970309e-13,0.8347057902254165
2933,1.9455557724783618e-13,1.7301466083967802e-13,1.671653083150093e-13,0.8384458780288696
2934,1.0539325351031418e-13,3.6582650364164955e-14,4.942447689108107e-14,0.8749278975650668
2935,1.6360791440832835e-12,1.802071036470429e-12,1.5386615102393036e-12,0.8133773762732744
2936,3.308428251027098e-13,3.115602810893518e-13,1.6264191646944962e-13,0.8016428394243121
2937,6.527237301739737e-13,3.754151707627035e-13,2.953613663488083e-13,0.8620961477980018
2938,2.0378757702150806e-12,1.0103206177422899e-12,8.581641155659295e-13,0.878668363019824
2939,1.7305910181337258e-12,8.060395459795259e-13,8.046795600647891e-13,0.9273459319025278
2940,2.6976080975529055e-13,7.532992991917257e-14,1.4482672370215504e-13,0.8578381985425949
2941,2.223382231043835e-13,7.297539845730032e-14,6.245873603058714e-14,0.8746613401919603
2942,3.9439789405714786e-13,2.4837448932548674e-13,1.9031398529239722e-13,0.8378051159903407
2943,6.217422786914667e-13,2.51404236105884e-13,2.638625878298421e-13,0.856754775159061
2944,1.372250088985499e-12,8.507464837294973e-13,9.337878760891464e-13,0.7941629219800234
2945,3.572968549098771e-11,4.1487760734973416e-11,3.7034855248243e-11,0.8907617304474116
2946,8.566208258441063e-12,3.4349016916368922e-12,3.650899784037721e-12,0.9239682704210281
2947,4.946334837268936e-13,1.7749685363532063e-13,2.030038863920814e-13,0.8677830543369055
2948,3.2065669926149733e-13,1.6423395301583087e-13,1.2419724064599389e-13,0.8301806345582008
2949,1.9097674246046175e-13,3.680212424915812e-13,1.2707435973488852e-13,0.8031189910136163
2950,3.1400489516206054e-13,6.502743384739863e-14,6.75486448633428e-14,0.9448166854679585
2951,6.576054261088469e-13,3.385596023433316e-13,3.402161207572566e-13,0.9398909170180559
2952,2.283375821213965e-13,7.25848726333036e-14,1.0150179511019576e-13,0.847919879667461
2953,4.921378393729277e-13,6.461066840180801e-13,3.896520673083682e-13,0.852585325576365
2954,3.598893368527578e-13,2.48373286836477e-13,2.780992317994336e-13,0.8930878873914481
2955,1.2732891906489211e-12,9.563129889423303e-13,4.4556394487512883e-13,0.8575763214379549
2956,1.2523435665764552e-11,6.451799325605018e-12,7.63465369610598e-12,0.8706611324101686
2957,9.593598456354534e-13,4.789826424679506e-13,4.776710478243561e-13,0.8567928358912468
2958,2.0525533103095264e-12,1.6846450141564854e-12,1.615549704669057e-12,0.9679002463817596
2959,1.3203046020002244e-11,5.0080717451377264e-12,5.6926269439637816e-12,0.8707440137863159
2960,3.2637887989932794e-13,9.126829461060283e-14,1.0914013493926625e-13,0.8955065570771694
2961,3.2418487312024405e-13,1.5259562348923696e-13,1.1375059694470053e-13,0.8462003113701939
2962,2.80826812537426e-13,2.202831341760773e-13,1.3907715889007592e-13,0.8331335075199604
2963,1.382153556402989e-12,6.008403947016822e-13,4.660749358973703e-13,0.9689919918775558
2964,2.5420385282714564e-12,3.5147844732198955e-12,1.780490942205989e-12,0.8029731264337897
2965,3.002090628619377e-13,7.699440802971283e-14,1.1389527660954337e-13,0.8430112237110734
2966,6.807211994029266e-13,7.501524601920397e-13,5.7007903030225e-13,0.8197333692573011
2967,4.939293592568857e-13,3.962235924582434e-13,3.758248180073621e-13,0.9122493226081133
2968,5.834914903440419e-13,2.4350073573317326e-13,1.7929518569837518e-13,0.8403311828151345
2969,7.114101943834026e-13,1.3600805181640134e-13,3.1751899058795713e-13,0.8260728321969509
2970,1.6720635061748965e-12,2.686508294756413e-12,1.365864907982378e-12,0.8030738631263376
2971,2.2628795343057333e-12,1.5581124672208037e-12,1.3410954741844682e-12,0.9352290600538253
2972,8.09189445342519e-13,2.896328463306335e-13,2.9940415992303477e-13,0.8198797153308988
2973,3.4971641189003614e-13,1.3967503099824482e-13,2.269359196654375e-13,0.8415945524349808
2974,6.425052077714583e-13,5.839048409678535e-13,5.718824207832895e-13,0.8851490285247564
2975,1.7563421703403383e-13,1.2044098978975999e-13,1.3541803819613804e-13,0.8303591379895806
2976,5.0070283210538446e-12,2.6068255772308976e-12,3.2150423297183215e-12,0.843649011850357
2977,4.3968149431296904e-12,1.3288310322348988e-12,1.0438250377834503e-12,0.9644124642014503
2978,6.448796622860405e-14,3.1434342809266243e-14,2.21458217660312e-14,0.8593353278934955
2979,7.055129630727058e-13,1.0127272866513525e-13,2.910003404373232e-13,0.8283843571320176
2980,5.260886294015963e-13,8.085898902973501e-14,1.861800635519661e-13,0.8686428792774677
2981,3.0868222787545427e-13,7.703935324049455e-14,8.205099097602618e-14,0.8814644400030375
2982,1.7107921984613464e-12,6.122740131070897e-13,8.613945947359306e-13,0.8825079299509525
2983,3.9586385075078196e-13,2.3425293318075755e-13,1.4239657201800637e-13,0.8473391480743885
2984,1.977225485055067e-13,1.319048197937647e-13,9.60595624057146e-14,0.850720665231347
2985,2.674321448864885e-12,1.3567860774139153e-12,1.1418119497553717e-12,0.9679673418402672
2986,4.0680194723479964e-13,3.101802800878109e-13,2.982019465845388e-13,0.8428464002907277
2987,3.170714656864188e-11,1.6308772707579755e-11,1.1652404890544681e-11,0.8157056104391813
2988,6.307876694487686e-13,4.1643236054379234e-13,4.476093305416791e-13,0.8231529205106198
2989,2.378105186032226e-13,2.618950624084591e-13,1.5454670377376484e-13,0.839459469448775
2990,2.6567437925994014e-13,1.6765342840985276e-13,1.2319010426782114e-13,0.8547153446823359
2991,5.221167159002444e-13,7.819402489664872e-13,1.9147753677362238e-13,0.792260205745697
2992,5.744743097476503e-12,2.4562633228398867e-12,2.5455930259800067e-12,0.9673435658216476
2993,1.0852406460255177e-11,2.0662416088517942e-12,2.477951995820231e-12,0.9234200097620487
2994,3.4426710469525916e-13,8.844802073591215e-14,1.5248563428808007e-13,0.8257367687299848
2995,4.395475420323387e-13,7.638833384452785e-13,5.422677448728245e-13,0.8264194474555552
2996,1.3776474815775325e-12,3.668096614318388e-13,5.541659638364677e-13,0.9363764688372612
2997,7.209270846331906e-12,2.9233090378136124e-12,2.4409035907169663e-12,0.8710259977728129
2998,1.047037545915841e-12,3.8017797739244674e-13,4.552714740017656e-13,0.8570650584995747
2999,4.690889825952243e-13,3.437537324794084e-13,3.6008831455252204e-13,0.8023921008221805
3000,2.69325798848436e-13,6.4358995584868e-14,5.295823373408888e-14,0.8960990443825722
3001,1.647306868588298e-12,1.1490854002591659e-12,7.615023195392573e-13,0.8306615181267262
3002,3.343420292754624e-12,9.123985437869105e-13,1.1472375549538703e-12,0.9487313866615296
3003,5.0521136264361496e-12,1.466182507308053e-12,1.0690381851381722e-12,0.9242799147963524
3004,5.067226833808514e-13,2.9002166522484826e-13,2.3399933270506525e-13,0.9131838656961918
3005,6.772614232715151e-13,5.2958580319647e-13,3.4261894052069053e-13,0.8629100050777196
3006,1.3648265328509117e-12,2.420565859977008e-13,4.982403471724391e-13,0.8788850288838148
3007,1.8019558886644891e-13,1.0230709401281647e-13,8.717924480897332e-14,0.8691883819177747
3008,2.266938824334e-12,1.4873382268155132e-12,1.2147328828234202e-12,0.9461597867310048
3009,2.6244122483545413e-12,1.827996843198483e-12,4.4506235678667934e-13,0.8136059005744756
3010,4.4301999999153184e-12,8.956029768144793e-12,3.940330604589877e-12,0.7949662405997515
3011,1.3667972028128961e-12,5.304230241398644e-13,6.780133658714893e-13,0.9178359124809503
3012,9.321171919534458e-13,1.0476550177094122e-12,7.916194633416555e-13,0.8598088007420301
3013,7.108835185038531e-13,3.904495112067424e-13,3.17207553061562e-13,0.9534606344997882
3014,9.577567796033404e-13,3.686935705817795e-13,3.1985510913121953e-13,0.8883514810353518
3015,8.385595546637374e-13,3.092434192760768e-13,3.1051375433730826e-13,0.8842902418226004
3016,2.6215191511452293e-13,8.671228049783956e-14,6.830074645793646e-14,0.8317902071401477
3017,1.069480068767767e-12,1.6360553660953782e-13,2.371591152554819e-13,0.8968956947326661
3018,1.2180241702288332e-12,5.786325704369815e-13,5.631155435401642e-13,0.9655186593532562
3019,2.5361425378934856e-13,6.78695023805965e-14,6.213227805139666e-14,0.874460082128644
3020,3.6746967267315216e-13,5.407507373820621e-13,2.364067350803267e-13,0.7955835332162678
3021,8.56079808252575e-14,2.7884590628026278e-14,4.068045787061112e-14,0.8540778402239084
3022,3.746579481711055e-13,2.4045730042025993e-13,2.292959821214244e-13,0.9168080668896437
3023,3.862483306129654e-13,1.6346555949264703e-13,1.7071231787058113e-13,0.8678409665822983
3024,7.072592814715199e-13,1.2032827524692741e-13,1.0389296905536213e-13,0.9434413857758045
3025,4.347104173108318e-13,1.2738669332405284e-13,1.8321411053991896e-13,0.8316410548985005
3026,2.5366019472730947e-12,2.01506127963068e-12,2.02763181205067e-12,0.9571430362761021
3027,1.9102255066186044e-13,9.413645701892878e-14,9.091552599992473e-14,0.8511854255571961
3028,1.596102605673625e-10,7.96577428833129e-11,7.964679708096503e-11,0.9636120960116387
3029,1.849868428369802e-13,9.472317508458503e-14,1.0649064987383653e-13,0.836452635936439
3030,9.183433448051546e-11,1.6203826481314253e-10,4.837855303466335e-11,0.77054712343961
3031,8.22240733177486e-12,2.753265977228787e-12,1.9030438535724785e-12,0.8517858900129796
3032,4.150541894809014e-12,5.271825379786959e-12,4.6410656170454354e-12,0.9444023534655571
3033,1.095749466944649e-12,2.3407266026032415e-12,1.469989611845789e-12,0.8201952842995525
3034,7.137770266366036e-13,6.985903703929379e-13,3.880616580302691e-13,0.7964448108337819
3035,6.357826720147958e-13,3.18221932553487e-13,3.1113449347807975e-13,0.9363152235746384
3036,2.8901966565592923e-13,2.6880517323961034e-14,8.061922355787472e-14,0.813190262299031
3037,2.2858446254910437e-12,1.2352686110613528e-12,4.0007692951892655e-13,0.8365966467186808
3038,2.365565795320912e-13,6.00253412417007e-14,9.74839739408122e-14,0.8523664463311433
3039,1.9569003043501493e-12,9.022788836045385e-13,1.0930419472645996e-12,0.8685812342911958
3040,4.3294088653882656e-13,1.862828290779422e-13,1.5862515887370112e-13,0.8088979706168175
3041,1.0258437874138796e-13,3.808350607068365e-14,3.0495929099289546e-14,0.8765834279358387
3042,5.249528695480179e-13,1.0396216163006472e-12,3.4956667036640936e-13,0.7585328282788396
3043,4.625394840558727e-13,4.817632773441099e-13,1.7206599760929355e-13,0.8073191831819713
3044,1.0748213477976715e-10,8.883671542880664e-11,8.859233075281591e-11,0.9793066203594207
3045,1.0734991078990018e-12,6.260835590040879e-13,5.445481285045324e-13,0.9344134993851185
3046,3.613988575538945e-13,1.1909683515622896e-13,1.725957849203587e-13,0.873247055709362
3047,1.2376131680771954e-13,6.378164334916937e-14,6.333932236991817e-14,0.8725808257237077
3048,1.17300326261632e-11,3.930037959395022e-12,3.3173829362727962e-12,0.96575218886137
3049,3.157941072669252e-13,1.0647315954663904e-12,2.994829273849959e-13,0.7854227115400135
3050,3.574388896752792e-13,4.140917924240397e-13,2.0974101882768142e-13,0.8250778980553151
3051,2.873311660594539e-13,1.754553338346984e-13,1.646878362483361e-13,0.886365083232522
3052,3.6766166619462156e-13,4.419274389271441e-13,3.115248946719073e-13,0.8115801943466068
3053,8.487027105776931e-14,4.661550132355836e-14,4.3437929496797205e-14,0.8654788730666041
3054,5.148676628867985e-13,3.8043240579572815e-13,4.0559426479926416e-13,0.813272753637284
3055,2.339484163280175e-12,1.7824923047464013e-12,1.7703544827738056e-12,0.9670357782393694
3056,7.931709198740041e-13,8.117114592392805e-14,2.6744330495807733e-13,0.8880377497524024
3057,1.67099214632818e-12,2.837286804684499e-13,3.4912963889510356e-13,0.8798958018422127
3058,7.954521093959273e-12,6.127023813264408e-12,6.0388900123890596e-12,0.9650880724191666
3059,1.030205114890029e-12,4.0838729268585955e-13,4.717812838172053e-13,0.781425739871338
3060,5.302137752486015e-12,2.5021846089157234e-12,2.2583996625019843e-12,0.8930927619338036
3061,4.037345055993688e-13,2.860996300187906e-13,3.0891708869283584e-13,0.8846145890653133
3062,5.04418106428634e-13,8.065653116710158e-13,5.054268582734692e-13,0.844233980961144
3063,5.600966006662989e-13,8.379635567750305e-13,4.2778207793574473e-13,0.7662725685629994
3064,6.613637006479894e-13,5.702523012017389e-13,5.27698903883341e-13,0.8375951686874032
3065,8.90866222588153e-13,7.854162801055359e-14,2.764428257126506e-13,0.8689729977399111
3066,6.250727762295708e-13,3.8605900563105625e-13,2.6028319134949496e-13,0.8316247366368771
3067,1.5402420739645816e-13,8.105660920805654e-14,5.663071859784385e-14,0.8366930777207017
3068,3.6710084428025595e-13,3.4453946744505237e-13,2.735396536140033e-13,0.8052467150613666
3069,7.027801870205587e-13,1.681017658772842e-13,1.7652720923293015e-13,0.8986250903457403
3070,5.391899610974381e-13,1.0738012126565236e-12,2.1995746505031574e-13,0.7961802927777171
3071,3.32844016395994e-13,1.9754576005457992e-13,1.669950308235105e-13,0.8801114454865455
3072,1.098818313409341e-12,1.177997137321945e-12,1.0947149586490121e-12,0.9540713846683502
3073,2.2730843056261387e-13,4.346479202201455e-13,9.58401379226269e-14,0.8157905383035541
3074,6.762323967818606e-13,1.2213968491663201e-12,5.614770861737824e-13,0.7588296711444855
3075,7.31742825598634e-12,6.622754363995898e-12,4.675950401554705e-12,0.799500935152173
3076,3.880418101385143e-11,3.5971244281861846e-11,3.306443413657463e-11,0.8760411497205496
3077,2.542490380289756e-13,7.21659425737464e-14,8.357651809236909e-14,0.8227182775735855
3078,4.586356047315754e-12,2.5346095405185137e-12,2.7545489476665667e-12,0.9238818887621164
3079,2.1367835963258797e-13,4.6005420145723866e-14,5.368112030390694e-14,0.8691719738766551
3080,4.579590300980546e-13,4.4304205373276754e-13,3.327645812165259e-13,0.8444958366453648
3081,6.435781360348259e-13,2.733548990052863e-13,3.1248586534216966e-13,0.9172569796442985
3082,5.978191729808326e-13,5.4169623281012e-13,2.0434943109210439e-13,0.8495993940159678
3083,1.0632961691913038e-12,6.498543725056377e-13,6.023516059027545e-13,0.8699808407574892
3084,3.3598897608524615e-13,1.9872782657607013e-13,1.3905743643816987e-13,0.8242422368377447
3085,4.982217042530544e-13,9.210482995400898e-13,2.370693910006904e-13,0.7726427144370973
3086,1.0472097260062755e-12,6.739246653800707e-13,6.001907944318516e-13,0.9215147987008094
3087,5.350534738617653e-13,3.9881257545070526e-13,3.1001210746295183e-13,0.8234962156042457
3088,8.641901729251773e-13,2.553251205385324e-13,3.8206573446178163e-13,0.8396993793547154
3089,1.0293531841219322e-12,9.91669320628417e-13,9.454016431856933e-13,0.8819325789809227
3090,3.5364434504491197e-12,2.3377214074875212e-12,1.7883837604968493e-12,0.9592817060649395
3091,1.8908741150770747e-13,1.4360288159407234e-13,7.847723986878975e-14,0.8365036693401635
3092,3.933979865093934e-12,5.817324114532379e-12,3.0059964601453047e-12,0.8523353859782219
3093,3.5927686015768638e-12,9.279639346941606e-13,1.5084781985820252e-12,0.7883499201387167
3094,5.701370039416523e-13,4.567195078012924e-13,3.788799646312547e-13,0.8864814300090075
3095,1.1745443647984288e-12,6.864317056105231e-13,2.9635018782682263e-13,0.8179421639069915
3096,4.383392890720108e-13,1.5216319247945167e-13,1.4910208840912472e-13,0.8946590434759856
3097,3.619379909076518e-12,3.013048896634672e-12,1.956077836262363e-12,0.8615923894569277
3098,4.043363254213084e-13,5.033348574909399e-13,3.2871487313844256e-13,0.863974548690021
3099,1.2763464122211853e-12,4.796265639481763e-13,7.752432006726134e-13,0.8336500038392842
3100,1.5531142467200952e-12,8.899810953133624e-13,8.410859042922057e-13,0.8506321365013718
3101,7.0561446101496605e-12,1.245008752291758e-10,7.085010214179014e-12,0.7631340658292174
3102,4.046686371524331e-12,7.810116168895808e-13,7.215856259869471e-13,0.928057050704956
3103,2.2079554316084945e-12,1.869335354506338e-12,2.008454091282269e-12,0.8294984516687691
3104,7.15115681619355e-12,2.6763871175028174e-12,2.6828077294336843e-12,0.9713067501783371
3105,1.1024646419922474e-12,9.704258669247325e-13,6.05952065913595e-13,0.8456585127860308
3106,2.6025191657795385e-12,1.0348019812797348e-12,1.1697118576978522e-12,0.9384156472980976
3107,1.029731454641779e-13,1.1283122136816456e-13,5.176629667813861e-14,0.8279051476158201
3108,1.8342216849765712e-12,2.9759034100504224e-12,1.3017616514034846e-12,0.7941138282418251
3109,1.289840650603535e-13,8.935717182951665e-14,7.606849373413473e-14,0.8480706730857491
3110,2.4832737943907824e-12,1.863707728679325e-12,1.879787159182273e-12,0.9660722412168979
3111,1.5230504142678038e-12,4.847259531229696e-13,4.840730830124351e-13,0.9020101383328438
3112,6.144183198885038e-13,1.345138365077e-13,2.47250764286628e-13,0.8654423128813505
3113,3.379151590639385e-13,1.521732881981117e-13,1.5490431787351535e-13,0.8161758460104466
3114,8.711455581390069e-13,2.3040723141969303e-12,3.990458886465694e-13,0.75842010602355
3115,8.436622079269269e-13,6.847556398562295e-14,2.2764008519352326e-13,0.8776314582675695
3116,9.84275234271294e-13,1.443010224634145e-12,4.592887326882364e-13,0.8013926481828093
3117,1.5751079268529815e-13,4.6076349676706965e-14,2.9945910770241667e-14,0.8906817566603422
3118,3.2211719920019066e-13,3.6352955094383465e-13,3.119726566799746e-13,0.8386874845251441
3119,1.2654592914344746e-12,1.0736075042238523e-12,6.347600126531619e-13,0.8182560347951948
3120,1.809967013709053e-11,2.2280464648219686e-11,1.7048827880256566e-11,0.8305310651659965
3121,5.429506746596211e-13,2.54342604677119e-13,3.0010747439372657e-13,0.8547873444855213
3122,1.3943408985377243e-11,1.1234606707027548e-11,1.1185082713146267e-11,0.9688908435404301
3123,9.256082793735405e-13,1.027134594726065e-12,7.867763101577953e-13,0.8462127387523651
3124,4.655266918623269e-12,2.657627928816288e-12,3.0679384087291197e-12,0.8586143059656024
3125,2.4669605555230455e-13,1.7580939837068703e-13,1.7408852501985276e-13,0.8719035034999252
3126,2.0707349672356026e-12,1.6315050823887938e-12,1.3722997155308224e-12,0.8486287921667099
3127,2.5206025832895653e-12,1.9363791042414786e-12,1.4903553025366748e-12,0.9236635800451041
3128,5.682066206621245e-13,2.0748381516428524e-13,2.7745253477476663e-13,0.8850344438105822
3129,4.356127467139031e-13,2.9322814629360284e-13,1.3139058630123098e-13,0.8364756202325225
3130,2.2599047157835613e-12,1.698227657209182e-12,1.6037536425411547e-12,0.8991872444748878
3131,1.574419137119551e-13,2.8131357032015236e-13,1.0966537882269588e-13,0.8001478868536651
3132,1.8300066194352485e-12,1.6628194089156087e-12,1.3543581884654852e-12,0.8913949962705374
3133,1.560720047860679e-13,8.420306006506882e-14,9.364025890134616e-14,0.8625730130821466
3134,1.3825064095750985e-12,1.1513736639870426e-12,4.0139586304045193e-13,0.823233930952847
3135,4.9349009863005365e-12,5.3326303901280985e-12,5.155103352911445e-12,0.9302946731448174
3136,3.3845069489295224e-12,1.012387429348412e-12,1.0763814028471012e-12,0.8134426005184651
3137,1.5578230970016711e-12,9.445687229544667e-13,1.0579796981488735e-12,0.8927891343832016
3138,7.101342825768033e-13,6.271886069872871e-13,3.2839380773663875e-13,0.8108132849447429
3139,2.605072990233093e-10,1.197938796256393e-10,9.603717639223415e-11,0.8521367011591792
3140,6.119820668578527e-11,2.1040614614750102e-10,3.281221882200912e-11,0.8243958923965693
3141,3.4867923344439737e-13,9.006785802424914e-14,9.029569467740863e-14,0.874614692106843
3142,2.0292393341754856e-12,7.595946211968472e-13,4.589949605017404e-13,0.9611338138580322
3143,1.9933445760606703e-13,1.3943909190328714e-13,6.181127140745337e-14,0.8081544762477278
3144,1.3808763849801446e-13,9.532744307575779e-14,8.443847862957979e-14,0.8712500669062138
3145,6.213762049960423e-13,7.729980355364646e-13,4.223695854263615e-13,0.8615924822166562
3146,4.653824652758718e-13,1.1978369076126855e-13,1.942556209648324e-13,0.8085835356265306
3147,1.4627809332920859e-13,1.0664217518072592e-13,8.409417813767526e-14,0.836751008592546
3148,1.0506269511457366e-13,1.2047201303156744e-13,5.0430843184621364e-14,0.8193954167887568
3149,4.619567386173043e-13,7.906744661425353e-14,8.634702952271052e-14,0.8426523411646485
3150,2.298098004113592e-12,5.460019679217113e-13,7.53040231692639e-13,0.9273105211555958
3151,1.284195313357707e-12,9.262569751966555e-13,6.181985832247418e-13,0.8789618283510208
3152,3.3399495330233994e-12,2.3744983250541422e-12,2.280891455847887e-12,0.9694484815001487
3153,6.126589012990024e-13,1.6043080212906254e-13,2.934582418037435e-13,0.8362119976431132
3154,3.0010089505203e-13,5.829950114881694e-14,1.0615874170602295e-13,0.8578683651983738
3155,7.297334538798386e-13,4.0531420366292086e-13,3.18012251893819e-13,0.7882860618643462
3156,1.4547172936667146e-12,9.867385573486874e-13,8.799345883702498e-13,0.8962213572114706
3157,1.6460150211749228e-13,1.1715402716189508e-13,6.690041325767551e-14,0.8038054502569139
3158,3.5499788740997494e-13,6.557904568036105e-14,1.396153413440415e-13,0.8359983794391155
3159,6.713816016676356e-13,2.1118428249018172e-13,2.92511835503807e-13,0.868656356073916
3160,3.862904582223471e-13,7.024041781724396e-13,4.4670315707503174e-13,0.8246817557141185
3161,7.320113828040452e-13,1.8288001945783402e-13,2.214034055877045e-13,0.8447028312832117
3162,3.3765870976033837e-12,2.0664794810956563e-12,2.1049216939530194e-12,0.9657366998493672
3163,2.644669583270989e-12,2.2194735583031554e-12,2.0532434577704913e-12,0.7649718880653381
3164,2.4125358182879313e-13,2.0144592599285815e-13,1.6892671875765308e-13,0.8472217991948128
3165,9.656037035585717e-11,4.614053397033931e-11,4.4854123760861356e-11,0.9779779493808747
3166,4.540480236528097e-13,4.0916834093122375e-13,3.327192092376192e-13,0.8907469432801008
3167,3.3133171716337185e-12,3.5576338749663868e-12,2.0882366009148836e-12,0.7653367774095386
3168,2.716575722822975e-13,1.1055362011258677e-13,1.0503450678944584e-13,0.8921927738934755
3169,4.930317998010982e-13,3.9461101981431013e-13,1.828515383975072e-13,0.8389710200950503
3170,4.682867832902753e-13,4.528028029443607e-13,3.08059928757418e-13,0.7877409446053207
3171,2.6892614809658542e-12,1.3128331860884641e-12,1.2018305662738089e-12,0.8970588579773903
3172,5.506789516964687e-13,6.77260446276202e-13,3.127584215307916e-13,0.7920249385759235
3173,4.571658929964163e-13,2.379111176618124e-13,2.47961834396964e-13,0.875840594060719
3174,4.051557467013256e-13,1.935184163883868e-13,1.8157961900802277e-13,0.8277616960927844
3175,4.731134695089476e-13,3.595681316871279e-13,3.3307847336942755e-13,0.8483504496514798
3176,1.1568084040348839e-13,2.96131536716359e-14,5.002612570521356e-14,0.8645163871347904
3177,3.502389802665861e-13,2.581737171793256e-13,1.33725870991784e-13,0.8103971080854535
3178,2.42266393905489e-13,1.6266076025497199e-13,8.934214794824934e-14,0.7767118929885328
3179,1.438336973936561e-12,1.5053109888001182e-12,8.976083285081324e-13,0.8671442838385701
3180,4.701736004819506e-13,2.6499071579877106e-13,2.499059706714786e-13,0.8786365311592818
3181,3.9475936972383303e-13,2.1983460220532717e-13,2.180364070090208e-13,0.8765882870182395
3182,1.4711479350639022e-13,2.985421386066357e-14,4.6050060541039935e-14,0.85119554027915
3183,1.87972851259303e-13,2.1615517355505706e-13,1.4772361343229562e-13,0.8337198455817998
3184,3.8458769052825083e-13,1.3232769660457544e-13,1.8228625566363844e-13,0.8095002513378858
3185,8.850709083194118e-13,2.0735347903347014e-12,4.203170235509902e-13,0.7867650091648102
3186,5.33006517290048e-13,6.743086930635024e-13,4.5367930250638416e-13,0.8184352753683924
3187,9.36971261223721e-13,1.0197689738020559e-12,8.942862207727504e-13,0.7908168083056808
3188,3.9939704171506215e-12,3.3410023603564993e-12,3.3304348132800256e-12,0.9359848074615001
3189,6.132415194181955e-13,5.036053662087737e-13,3.5908746290146173e-13,0.8395808015018702
3190,3.7690529398991637e-13,3.798133087914893e-13,3.4393291789179744e-13,0.9014900241047143
3191,6.353669453564824e-13,1.2356870113668864e-12,2.5459232489152156e-13,0.7779522857628762
3192,1.1590282101806515e-13,1.1284240072780147e-13,8.009279522837706e-14,0.8366328762844205
3193,1.8967665044241338e-13,6.455130582635964e-14,9.67541848140755e-14,0.818919868208468
3194,2.8831802119687477e-13,2.3522883872429843e-13,1.7711821945191916e-13,0.8428284626454114
3195,1.848155459629384e-13,1.467871213233282e-13,1.0877640230982562e-13,0.8508368697017431
3196,1.1495618503366004e-12,6.839747584190238e-13,3.3338573762049076e-13,0.8627363413572311
3197,7.501298416971547e-13,1.982956342682508e-13,2.3995773398888525e-13,0.8762543864548207
3198,4.14481730350256e-13,5.107984845887836e-14,1.426419885641443e-13,0.8469189435243607
3199,8.499145019085462e-13,8.019515312721881e-13,5.139538961395038e-13,0.7677601994480938
3200,3.004764925545968e-12,2.13285010861459e-12,1.905035908600689e-12,0.8764335956424475
3201,3.74109464239579e-13,3.7349757310106684e-13,2.4524621284079586e-13,0.7870309680234641
3202,6.391187283412356e-13,2.244729668679077e-13,3.516043472808252e-13,0.8432518469169736
3203,2.3042688759051315e-13,1.2055729716319007e-13,8.576058904421298e-14,0.8947794917970896
3204,5.640135010239866e-13,8.735508498693417e-13,3.8126014348990866e-13,0.8172471776604653
3205,2.208786945427198e-13,1.768364321283898e-13,1.562705144853822e-13,0.8578538173809648
3206,3.957156607300828e-12,4.694036234009413e-12,4.203360751899561e-12,0.9029007777571678
3207,1.0847837799844655e-12,4.5461876408162384e-13,4.3585427968086024e-13,0.8674854401499033
3208,9.934258522333694e-13,5.139695351532273e-12,6.296387987850457e-13,0.7680905749090016
3209,1.0194253611583982e-12,1.3523798847139338e-12,1.1177040307201238e-12,0.8811429049819708
3210,1.5276627318084177e-11,7.876108026493836e-12,7.533429097960022e-12,0.9730664901435375
3211,7.887927695182746e-13,3.8764617213724794e-13,4.3328981786759737e-13,0.9038064856082201
3212,4.4719317951815027e-13,1.741042531009267e-13,1.634558311334815e-13,0.8533064592629671
3213,2.943499977604095e-12,1.8383316847790214e-12,1.9708780459323275e-12,0.9378068692982197
3214,5.697084214755181e-13,6.16185206856598e-13,3.1933791162703934e-13,0.8210874620825053
3215,8.122825518068736e-13,1.5118102418009678e-13,4.009648424942801e-13,0.8722755070775747
3216,9.280457617672693e-13,4.990502188386454e-13,3.983092430312911e-13,0.7844926294405014
3217,9.701103485016447e-13,2.8781265283373486e-13,2.633393123597095e-13,0.8514457261189818
3218,1.3836584446720217e-12,9.52457613496683e-13,3.923013947136912e-13,0.9117516156286001
3219,6.301603817776834e-13,3.261330037021856e-13,2.486300103650242e-13,0.8288618355058134
3220,5.156816523405703e-13,1.5777828451011744e-13,1.7862401643237664e-13,0.821516808308661
3221,2.9614735111976283e-13,1.7930988452212355e-13,9.456105425943807e-14,0.8454829838126898
3222,2.421858156403956e-13,9.415693815451958e-14,7.284496645603964e-14,0.8131625314243138
3223,2.77425812350107e-13,7.499846411729119e-13,9.859593778682699e-14,0.7890419277828187
3224,2.3436563179648968e-12,7.585644901547051e-13,6.019779049296674e-13,0.9671687543392181
3225,1.3661406110337507e-12,2.2599526226065055e-13,3.5880706083500607e-13,0.8914022795855999
3226,3.7801070920231355e-12,1.4148726893690309e-12,2.310073968569054e-12,0.8225945534184576
3227,1.2516497439580894e-11,9.771373405330415e-12,9.344759921300983e-12,0.9665582205168903
3228,8.18885927607545e-13,1.8561044618897602e-13,2.34774111199005e-13,0.9398945152759552
3229,7.853423152790739e-13,5.856163444852374e-13,5.701244985717646e-13,0.8826114777475595
3230,1.4641076742165557e-13,6.104592516792839e-14,6.81490679715858e-14,0.8816736463457346
3231,6.854766005328191e-13,1.2641560816660101e-12,9.513272467701089e-13,0.8478074194863439
3232,1.909432541681682e-11,2.417802701015047e-11,9.478382635702407e-12,0.7657043168786913
3233,2.605294811364485e-13,2.0262132867747282e-13,1.8507587950573085e-13,0.839936183206737
3234,1.5051641780461288e-12,1.7626764859993416e-12,1.2145582412650832e-12,0.9247636962682009
3235,1.2386920521272559e-13,4.103894889933259e-14,3.944946612176888e-14,0.8002414886839688
3236,1.7896294666847617e-12,1.4241159390107271e-12,7.119268254355097e-13,0.7996058673597872
3237,3.791243686649474e-13,4.3512165507868495e-13,2.920482668908938e-13,0.8665626998990774
3238,3.1550265445911206e-13,1.7948952759883645e-13,1.049854681663719e-13,0.8481212494894862
3239,4.826112606110634e-13,1.0614330788438296e-12,4.020038876312228e-13,0.7832479580771178
3240,1.5392632621940085e-12,1.2084260680722179e-12,1.061419310243888e-12,0.8695181474089623
3241,2.4604117552483974e-12,2.006744667420701e-12,1.4849965592761854e-12,0.8167277603410185
3242,2.704572860696221e-13,2.502638950082536e-13,1.3876026096699174e-13,0.7979432104155422
3243,4.244658118895899e-13,1.5096976340982138e-13,1.8818074151885555e-13,0.8175429644994437
3244,5.995545433192703e-13,2.980850836289868e-13,1.599913070226629e-13,0.787398667819798
3245,6.937924242148196e-13,6.955862712454842e-13,3.4727818145403934e-13,0.8190225826576352
3246,1.9188342803314327e-13,3.0115994749508947e-13,1.6052907184919732e-13,0.8371453331783414
3247,1.309702160018802e-12,6.056605851698158e-13,5.753844596004963e-13,0.945651276409626
3248,2.816904235853266e-13,1.2296806781971052e-13,1.1087188173010993e-13,0.8443978104740382
3249,1.0327989779953434e-12,2.0627097338423015e-12,8.73809316659412e-13,0.7738713935017586
3250,2.420218747603047e-12,3.850121409481236e-12,1.8728143820705384e-12,0.8315759755671024
3251,4.175293623920216e-13,4.797321562090622e-13,1.2629036098671398e-13,0.799972920306027
3252,3.7772367009897787e-13,3.376263268168564e-13,2.38848359301688e-13,0.7932000066153705
3253,4.770737095276004e-13,2.39177488500901e-13,2.0429118635288357e-13,0.89007736928761
3254,6.923869237788034e-14,1.0683777989474666e-14,1.925792917205833e-14,0.8653834564611316
3255,2.4539250686704686e-13,1.9159961209077147e-13,1.4038464776498208e-13,0.8530681159347295
3256,2.1293264641913e-12,2.077031653975174e-12,2.051580549704034e-12,0.9652452260255814
3257,2.823437672799543e-13,4.5173045765086323e-13,1.2436720158490714e-13,0.8466858603060246
3258,8.511393333408167e-13,2.287227911644741e-13,1.80926086391857e-13,0.9014557551592588
3259,2.0080272502284524e-12,7.99587191846123e-12,1.3347880059613476e-12,0.7598866291344166
3260,3.928624186725653e-13,2.970129905234363e-13,2.340883361909593e-13,0.8859842225909234
3261,2.9015271204899205e-12,1.2645701878936654e-11,1.9557028455913166e-12,0.7780975208617746
3262,1.4650142462164756e-11,6.4961038031106635e-12,6.682102900406544e-12,0.887359082326293
3263,1.861575960449426e-13,7.79716362998199e-14,6.893642518993819e-14,0.8520246474072337
3264,2.4653276875082157e-13,2.457439049637099e-13,2.1549805913853457e-13,0.8999663136899472
3265,4.2819563908837973e-13,7.630571118692323e-13,3.8169315040352875e-13,0.9027248091995717
3266,3.1791527922671837e-13,7.389743723434559e-14,1.133681192411893e-13,0.8696140717715025
3267,1.0965208351912703e-11,7.251152154930766e-12,6.903609464112136e-12,0.8870042130351067
3268,1.9959107014972746e-12,1.274611535489451e-10,6.34184575703892e-12,0.7652979539707303
3269,7.884013709396412e-11,1.0673163377864776e-10,9.064999286272946e-11,0.9404654651880264
3270,2.2031369622375217e-13,1.2344440330210878e-13,1.1083628001259513e-13,0.8424151776358485
3271,3.717191565896084e-12,4.3140519614728575e-12,1.4173477899302027e-12,0.8401695542037487
3272,2.3560556272640324e-13,1.8937359241901107e-13,1.473717592678473e-13,0.8694569412618876
3273,1.699083819244299e-12,1.3095316257950394e-12,1.4145618368161794e-12,0.858896966278553
3274,2.010903967486329e-13,1.3349562101615576e-13,7.486993059831343e-14,0.8056857938878238
3275,1.1665628233864875e-12,1.9237600897890118e-13,3.717443221126684e-13,0.8653503688052296
3276,1.5098990348470186e-12,5.110972317453945e-13,4.963201291965367e-13,0.866192976012826
3277,6.325659016660103e-13,2.2533630651294114e-13,3.3832363657977035e-13,0.8622950403019786
3278,1.723263259125744e-13,1.0074351985002576e-13,6.200236148104262e-14,0.8250884067267179
3279,3.2207829920870714e-13,2.5967118767552175e-13,2.03196696200807e-13,0.8803016366437078
3280,5.181224735288808e-13,9.563293903577742e-14,1.0506925194854943e-13,0.869867368042469
3281,9.22510096308118e-13,4.1492596471240135e-13,4.012539632489594e-13,0.8976887978613377
3282,2.6015427884147316e-13,1.7381725657812852e-13,1.6426568919441494e-13,0.8517647057771682
3283,6.794591435651382e-13,6.385609553225315e-13,5.256210132456882e-13,0.7976671919226647
3284,1.7921463628988202e-13,8.069410583130232e-14,5.6533701014789314e-14,0.865115842036903
3285,1.1541207753794941e-12,5.836186975000305e-13,5.953347641409748e-13,0.9239540711045265
3286,2.194333013663835e-12,6.20126918337358e-13,5.983578533872035e-13,0.9071251913905144
3287,1.9697041942926663e-13,1.4017049465262124e-13,1.4335988214663956e-13,0.8575913643464446
3288,2.4249349430962632e-12,1.4877549113141538e-12,7.228366159496861e-13,0.8765702791512012
3289,1.029932467692174e-11,1.104551767282184e-11,9.098297026752104e-12,0.8804365407675505
3290,2.27153845275948e-12,4.38794974440799e-13,5.736186527360094e-13,0.9626109227538109
3291,7.356937656319139e-13,1.2714148284872775e-13,2.1949224958512244e-13,0.8659587929025292
3292,1.676783523781203e-13,1.1366282285794686e-13,1.2514695858800024e-13,0.830042302981019
3293,2.1399620301566105e-13,5.9390350927475e-14,7.426841021743077e-14,0.8977013736963272
3294,6.40093902117318e-13,2.5386817321148084e-13,2.6525331839276016e-13,0.8542310813441872
3295,1.4136878038326102e-13,8.280771310415784e-14,5.04554894443602e-14,0.9049216285347939
3296,2.6597794899109137e-11,2.0390578817380123e-11,1.6528043064835326e-11,0.8801980867981911
3297,4.596202716639938e-13,1.095797987019033e-12,3.0063606110054613e-13,0.7685462123248726
3298,1.4338509794386902e-13,5.137361647616713e-14,4.4581854957418385e-14,0.8255056344904006
3299,4.375564170504869e-12,3.652624507226124e-12,3.3323182751782702e-12,0.7888547345995903
3300,6.760902199150878e-13,7.411196861751117e-13,3.9075125640105795e-13,0.8371074737980961
3301,2.876709489528406e-13,9.291043231176144e-14,8.935438466117013e-14,0.803375400416553
3302,5.133218652560252e-13,2.2534948301307186e-13,1.4206269489061814e-13,0.8544677998870611
3303,5.094311829049212e-12,2.607786926202634e-12,1.626685456017149e-12,0.8915837615728378
3304,3.872049475241519e-13,3.292275867798001e-13,2.3772519636587133e-13,0.8079339796677232
3305,1.5557069482321546e-12,2.104176540497827e-12,1.3906487501721435e-12,0.7737477826420218
3306,4.9752080856247805e-11,1.6213257149023248e-11,1.730192239925477e-11,0.9640073373913765
3307,5.727118221884811e-13,3.907617596875311e-13,3.043503064367534e-13,0.9353761292994023
3308,1.6610825372204482e-12,6.633114397412799e-13,7.313945129178117e-13,0.9412600547075272
3309,5.136061246306745e-13,4.98525160250893e-13,3.4895058388502057e-13,0.8960978895425796
3310,6.1820726731686375e-12,1.0783489385359651e-11,7.341473716290411e-12,0.798682117741555
3311,1.105683908865095e-11,2.2037015378930338e-11,5.254877646813352e-12,0.795791326649487
3312,1.5424115289733347e-13,1.0097178951564585e-13,4.585461298805474e-14,0.8074500183574855
3313,6.600698280837778e-13,5.170427097479301e-13,3.304977260886113e-13,0.8459376879036427
3314,5.869032793487851e-13,1.2030350769497387e-13,1.993598190931411e-13,0.9300328671932221
3315,5.642014806103915e-13,4.515083159827656e-13,3.6024006185765576e-13,0.8593128908425569
3316,1.9245036565659496e-13,6.498301577947471e-14,7.884827597564143e-14,0.8531544722616673
3317,1.7201712276750763e-12,9.012712527098529e-13,7.498336694093369e-13,0.7942263028584421
3318,3.9303022183516646e-13,2.7400427436445906e-13,2.0023361120572612e-13,0.8674984462559223
3319,3.9329197902646356e-13,3.8390780165663963e-13,2.7344716565663475e-13,0.8531077550724149
3320,2.7204879355811884e-12,1.798418072263739e-12,1.821966282808513e-12,0.9722099810838699
3321,4.3167090703320694e-13,1.8575216148772493e-13,1.6293145357105513e-13,0.9035799615085125
3322,7.289499504809021e-13,1.5100889259805277e-13,2.2385830178002997e-13,0.9386418603360653
3323,2.949518622201476e-13,7.323722713590477e-14,7.470413635223158e-14,0.8933024879544973
3324,7.917245855393994e-13,3.4043757591433586e-13,5.204143292427135e-13,0.7926733593456448
3325,6.577448501124947e-13,5.069773989522559e-13,5.439369234729783e-13,0.881184458732605
3326,5.326455659962283e-13,2.4101411168398785e-12,6.390729088593828e-13,0.7930093753151596
3327,2.0060049858839355e-13,7.246547214048967e-14,8.295674066617833e-14,0.8772795654833316
3328,3.1890473143350454e-12,1.4933129271935926e-12,1.4774537691277094e-12,0.9730112448334693
3329,3.2809346304559973e-13,2.1056353284554485e-13,8.917477159455146e-14,0.8171916602179408
3330,4.475130643966957e-13,1.5392931509476341e-12,4.979702386761905e-13,0.7935683320742101
3331,3.074717638333526e-12,1.8414023452794127e-12,1.901961793510451e-12,0.8973887253552675
3332,7.159521848218006e-13,2.7345539490607977e-13,2.0446841639647154e-13,0.8273364896886051
3333,9.063182337169324e-12,5.563815720877281e-12,3.0866696938750887e-12,0.9149929791688919
3334,1.1348075969971581e-13,3.729888030309553e-14,3.1566390190420835e-14,0.8543218605220317
3335,3.4493111958839785e-13,1.3182876559776754e-13,1.6069866012614535e-13,0.8695235788822174
3336,5.779310053594388e-13,6.868141415307026e-14,1.0866191484080839e-13,0.8912098288536072
3337,8.707902171173679e-13,9.826036713323417e-14,2.0711940415936418e-13,0.858852350898087
3338,1.4148879795168683e-12,6.28429690926598e-13,7.022346823158007e-13,0.9303499639034272
3339,9.379195215479041e-13,2.1761649882010315e-13,4.951294267550457e-13,0.8600773209705949
3340,2.806661317460765e-13,1.2517067690700154e-13,1.2623068777267574e-13,0.8414729652926326
3341,1.1032401499033072e-12,3.2220422328881317e-13,3.0203240544298863e-13,0.9096785478293896
3342,7.604196170569394e-13,1.4214745009701406e-13,2.233029314195256e-13,0.8347750118002295
3343,1.54538198192788e-12,1.285401057685101e-12,1.158947943773141e-12,0.8341874413192272
3344,3.4847922295129934e-12,3.2276997047542996e-12,3.0806591717911134e-12,0.8943837959319353
3345,2.75570358127288e-12,1.9412716831255632e-12,1.964826499079275e-12,0.8684015821665525
3346,3.852618375075532e-13,1.2567675731706763e-13,1.3963812587902587e-13,0.8431316806003452
3347,1.5365363651069281e-12,3.6270980007108355e-11,1.562534328593647e-12,0.7614546215161682
3348,1.467209090829695e-12,8.360095963913855e-13,5.408349295825462e-13,0.929632905498147
3349,7.705901123442134e-13,5.37632131791859e-13,2.423181190091265e-13,0.7848919345997274
3350,1.2341880832894468e-13,4.3321162567526374e-14,3.6796924865703824e-14,0.8297748075798154
3351,8.358907430572503e-13,5.480536646775695e-13,3.7550892153101067e-13,0.7646038092672824
3352,1.5094113462477465e-12,1.742513522073307e-12,6.677004681492139e-13,0.7660739229060709
3353,4.2638695673018736e-13,2.169827484261496e-12,2.975794851128363e-13,0.7921895808540285
3354,1.466860248415214e-13,1.4391033226321507e-13,5.94195528858228e-14,0.8160641567781568
3355,5.303208163758997e-13,3.260001816533628e-13,1.5658445732172025e-13,0.8696632677689194
3356,1.5854753715301867e-12,1.390528383938789e-12,8.483976355319709e-13,0.8317388372495771
3357,5.669482479983413e-13,6.090658338515358e-13,2.3666103633253147e-13,0.8659371191635727
3358,4.638205495814987e-13,2.970986551380829e-13,2.749324694886287e-13,0.8630381297320128
3359,5.016560513724673e-13,1.1132898818825891e-13,1.1491836865440346e-13,0.8380407446995377
3360,2.165475398807556e-12,7.082626918035761e-13,7.459770738212846e-13,0.9243326500058174
3361,1.1428528528223689e-12,5.948937959111835e-13,7.501570149400324e-13,0.8127669872716069
3362,5.275963213014081e-13,1.2293534751874924e-13,1.7656133378665317e-13,0.8575237294659018
3363,7.390173744252139e-13,3.8970233225426974e-13,4.2019908876379707e-13,0.8384838927537203
3364,7.02649025678123e-13,5.115229894509375e-14,9.776324281227427e-14,0.8892572164535523
3365,6.166936123529784e-13,1.29259167148085e-13,1.6012005240156657e-13,0.8782131411135197
3366,4.478441969509643e-13,5.390681825268274e-13,1.983075985275424e-13,0.7917662438936531
3367,3.146538658979332e-12,4.94922595358336e-12,3.7567537533602704e-12,0.8338258650153876
3368,2.866461843901534e-13,1.5955395973236399e-13,7.178358781808664e-14,0.825737401098013
3369,1.0257629900701988e-13,2.873380785238768e-14,4.08327270101736e-14,0.8725625239312649
3370,6.715426014761486e-13,2.128576103945513e-13,2.1709931486541607e-13,0.8277125937864185
3371,2.0086865479483172e-13,2.2591799865998744e-13,9.950143354035618e-14,0.8393296210095287
3372,5.027817343590122e-13,1.5122185467829198e-13,2.2207536977008306e-13,0.898228395730257
3373,3.9200393823339234e-12,1.3857562761372803e-12,1.3257476727389316e-12,0.9789451256394386
3374,2.9387424845502233e-12,4.916951351453984e-13,4.654942066780197e-13,0.955272014439106
3375,2.5224589048456767e-13,5.838575876872925e-14,1.1435042791284883e-13,0.7972639815881848
3376,3.5518947375755138e-12,1.7962708186467731e-12,2.082742078150003e-12,0.7769118006806821
3377,5.992796100719892e-13,4.61374565029138e-13,2.5225767492460226e-13,0.8167469890788197
3378,9.565093041833015e-13,3.1428806503253696e-12,1.5426363183058513e-12,0.8615763342007995
3379,1.0010943929477395e-12,3.197958025137844e-13,2.2864980275684003e-13,0.8884867560118437
3380,3.5295129271078005e-13,9.802506086063779e-14,1.7688427617629328e-13,0.8309999734163285
3381,1.5122967761790698e-13,1.5959350674298994e-13,1.5409785412490207e-13,0.8873157229274511
3382,5.430042345856521e-12,2.5313550255659844e-12,2.524314570308572e-12,0.9754357926547528
3383,4.626617476063017e-13,2.5795939295391903e-13,1.7688686934509249e-13,0.8672495326027274
3384,2.5463388623084293e-12,9.809255443447073e-13,1.030446438890141e-12,0.9596701718866825
3385,1.0385876035157817e-12,8.07873349226557e-13,5.619348474286533e-13,0.9163774002343417
3386,3.6399375829768405e-12,6.551056705675165e-12,3.80278502015021e-12,0.8244145570322872
3387,2.734226270777257e-12,2.3080584487531586e-12,1.8081064496733649e-12,0.9526790037751198
3388,3.1582132423022814e-12,1.3083052498054142e-12,8.041891934277587e-13,0.8677788272500038
3389,3.218610536016957e-13,7.539574219870846e-13,2.2194910080944065e-13,0.7715698991436512
3390,2.73685611698549e-13,2.0981267878965575e-13,8.929136759713632e-14,0.8211302619427443
3391,4.3760600109867206e-13,4.491265238560492e-13,1.5296513362118479e-13,0.9051183842122554
3392,7.346596210127253e-13,1.4856046242840068e-12,7.192621462737762e-13,0.7802694947458804
3393,2.8043937798776075e-12,3.25821346588383e-12,3.0328769090661428e-12,0.9560869308188558
3394,2.9889157259246473e-13,1.531650972565403e-13,1.3082483252504507e-13,0.8683463836088776
3395,2.306549480785042e-13,1.6359438324309362e-13,7.844359747285305e-14,0.8306141174398363
3396,3.7759698055934266e-13,1.9885082668301263e-13,2.2122673813027996e-13,0.8788042865693569
3397,1.6488734314048936e-12,1.3031138480497073e-12,8.811934102154063e-13,0.8212435822933912
3398,3.533998976091333e-13,2.1255078552225176e-13,1.707084169738638e-13,0.8604163350537419
3399,5.608539819693644e-13,6.102667392107851e-13,4.665477707724507e-13,0.8648502912372351
3400,5.017965418970182e-13,3.3587401261541583e-13,3.848712944841574e-13,0.8424981150776147
3401,4.936619419459724e-13,5.469517404600241e-13,2.1490654249439606e-13,0.8188781781122089
3402,2.522458882710583e-13,1.0946328173566115e-13,1.1119682358652029e-13,0.8408891478553414
3403,1.2788027990274904e-12,5.255208738590346e-12,9.57245445076826e-13,0.8506767453625799
3404,2.9169049048465563e-13,1.931968689761154e-13,1.6727520579345788e-13,0.8387163210660219
3405,5.541532893884535e-13,6.851092535717689e-13,4.807986634397469e-13,0.7806642174255103
3406,2.1042992834368477e-13,1.8434742664884303e-13,1.6824881226221734e-13,0.8448498688638211
3407,8.532273581615526e-12,7.575894251947929e-12,7.318886010639306e-12,0.7787836371921003
3408,1.890418962105331e-12,1.0704545785545419e-12,1.0146204969156081e-12,0.9705964233726263
3409,1.1346107737697984e-12,8.29287384266716e-13,8.768125756117534e-13,0.9083492305129767
3410,2.653980372037508e-13,1.371058450394024e-13,1.6902099459987604e-13,0.8724087655544281
3411,2.8160598842057236e-13,2.2917659741924944e-13,1.3171904768068992e-13,0.8537164302542806
3412,3.902017100240488e-13,7.597502838923556e-14,9.818442421908637e-14,0.868541307002306
3413,8.326170834769647e-13,5.719992762736915e-13,4.983582514968243e-13,0.9317510090768337
3414,4.070455380802208e-13,7.360231162574694e-13,3.9734014875344466e-13,0.8619915168732405
3415,5.559377156286579e-13,4.755014980740733e-13,2.7309710773636497e-13,0.8464606476947665
3416,5.129692138850543e-13,2.2758398187869725e-13,1.1178529490443856e-13,0.8553079254925251
3417,4.1356514122037455e-13,4.540521161985647e-13,1.6238843479037072e-13,0.864172687381506
3418,4.345426878994953e-13,1.653919659147052e-13,1.733474581166233e-13,0.7847708670422435
3419,4.2016663597696215e-12,8.197654220687097e-12,3.757783714649677e-12,0.7675058588385582
3420,1.8801808529987632e-13,3.3317438067732206e-13,1.1316848782892697e-13,0.8320738833397627
3421,5.052140654723883e-13,5.936907005874201e-13,4.684064797339823e-13,0.8186007752083242
3422,1.1718603702952342e-12,3.83069529729064e-13,2.723415640946708e-13,0.9203809171915054
3423,1.473161028488685e-12,1.0997746919742839e-12,7.163655188429024e-13,0.9159029114991426
3424,5.559654297660999e-13,2.531328034470657e-13,1.2681759251904835e-13,0.8752789586782456
3425,6.411813097713073e-13,1.973343866414932e-13,2.531042762893984e-13,0.8777415448799729
3426,2.493541133968236e-12,3.3085658476596705e-13,1.0247268852627784e-12,0.8432137502357364
3427,1.3912604959322785e-13,6.823787046944427e-14,6.38309220167769e-14,0.8760966075584292
3428,3.614789112457536e-13,1.9525949755529967e-13,1.7337972400456983e-13,0.8505874939262867
3429,2.1858052742518987e-13,1.6112821278882398e-13,1.6459431754053833e-13,0.8475143851712346
3430,2.489245439493744e-13,9.11319531132256e-14,7.493996911628368e-14,0.8549145501106977
3431,4.441888093050403e-13,6.276960331700219e-13,3.701720031759492e-13,0.8435607930645347
3432,1.3620594280113185e-12,6.976295993099617e-13,4.0436415508678017e-13,0.8459237907081842
3433,2.821818297532124e-10,1.4117993196192026e-10,1.4859456188975534e-10,0.9745580166578293
3434,9.802022730674374e-13,7.828933057868765e-13,6.824251032288276e-13,0.89410470277071
3435,7.470552079993633e-13,2.89289154555319e-13,1.6121641630564733e-13,0.8607166990637779
3436,1.155100111619287e-13,4.4721040296417344e-14,5.3916229262960904e-14,0.8552398150786757
3437,7.166207448946571e-13,4.832703498865305e-13,3.1698356445424294e-13,0.8714236363768577
3438,3.574125680663209e-13,2.6091401423006233e-13,2.6206385197046226e-13,0.886454738304019
3439,9.032153979140587e-13,1.650764299669851e-11,1.041246869284059e-12,0.7608020147774368
3440,4.598517618686457e-13,4.769285706745166e-13,2.5026058905192323e-13,0.8611495861783623
3441,4.801382392736308e-13,1.2185609090909606e-13,2.1491693963550625e-13,0.8440098594874144
3442,1.2520178981560845e-12,3.804908403139016e-13,3.3007474693490955e-13,0.9222460791468621
3443,1.52109554619604e-13,1.0530970699165417e-13,1.17217634963464e-13,0.8780554488301278
3444,6.927110305288232e-13,3.3572958813555016e-13,4.725757830097326e-13,0.8240463426336646
3445,1.8130690477524218e-11,7.642177196209858e-11,1.5805753892499652e-11,0.7569070355501026
3446,1.2509167555270633e-13,3.260607810578888e-14,2.1460245108060607e-14,0.8787525828927756
3447,9.092009802692523e-12,2.7047852313668252e-12,3.789873321674793e-12,0.9095355682075024
3448,6.115983240365472e-13,3.304239255087776e-13,2.248645722209979e-13,0.895527645200491
3449,9.388079407389329e-13,1.2222336631890833e-12,7.523246902083731e-13,0.8417808147147298
3450,2.1736843315365098e-12,5.500552752160401e-13,1.0174711975212608e-12,0.8016600587405265
3451,1.4937156622387213e-12,9.63895889674155e-13,9.12360283174859e-13,0.9675353106111289
3452,6.478814251566583e-13,4.3989295373792387e-13,1.9834542115103646e-13,0.8629875445738435
3453,6.870437834363319e-13,5.380880297891627e-13,4.847498414572857e-13,0.8947735454887151
3454,5.543631123587558e-13,4.808456947509712e-13,3.8639176163209946e-13,0.7858728333842009
3455,4.6103033491100035e-12,4.251583675159281e-12,4.078620358511127e-12,0.9769568026065827
3456,3.2561355665941305e-13,8.750789609134353e-14,1.7884289716631695e-13,0.7967791725881398
3457,1.2753643931407407e-12,1.2083053340721408e-12,1.0658199351982853e-12,0.874684315919876
3458,1.333332609037803e-13,6.705549165230767e-14,4.8146983422033727e-14,0.8490299938246608
3459,6.0281833653481115e-12,2.040899121559457e-12,2.2105933392293468e-12,0.95164849832654
3460,2.832608085909651e-12,6.595641604194778e-13,6.467478248350714e-13,0.9655359826982022
3461,6.473334401669408e-13,2.9578281632063253e-13,2.1518742095480432e-13,0.8639154858887196
3462,1.5737716494123787e-12,1.2975910122188748e-12,1.1285724846203901e-12,0.8604038406163454
3463,1.7614987467387404e-13,3.551658483888547e-14,3.719984846801863e-14,0.8703130116686225
3464,9.225409327892486e-13,6.018618911255192e-13,4.106537048379394e-13,0.9290730830281972
3465,3.153369763667391e-13,1.366782764758175e-13,1.3445426809681955e-13,0.8378967706114053
3466,3.062716940967376e-12,1.8704653700541037e-12,1.8280925766243323e-12,0.9793103575706482
3467,2.3323288576720713e-12,6.940133842398665e-13,9.02835310190363e-13,0.8020592442713678
3468,7.4475713073252e-13,6.68040231107007e-13,6.662750047836442e-13,0.9255320396274328
3469,4.093255144200186e-13,1.336144213611786e-13,1.3939660715597242e-13,0.8317312659695745
3470,7.261484046690727e-13,4.708593781443029e-13,5.19416139986973e-13,0.8714468505233526
3471,6.872363533597597e-14,1.850668243334861e-14,2.4276748042680745e-14,0.8555944543331861
3472,1.836982135580098e-13,2.5515485846500283e-13,1.2306428370014952e-13,0.8507986281067133
3473,8.837288083987773e-13,8.654771848686996e-13,3.4300504259093673e-13,0.7729350828565658
3474,3.381954258125198e-13,1.0238969708096365e-13,1.1984717125781108e-13,0.8810678355395793
3475,4.2558743798241155e-12,5.506942470846081e-12,4.985670444008341e-12,0.9558823939412833
3476,2.1262026625203656e-12,1.5777881547361208e-12,1.5685444844045953e-12,0.8701509598642587
3477,3.8266131489547427e-13,3.7631512737049604e-13,3.0509911157352235e-13,0.8371140858158469
3478,1.2555737678326016e-12,9.315648363972464e-13,7.267765282323178e-13,0.928518931940198
3479,1.2383877947882755e-12,4.988192096332696e-13,5.134337338581301e-13,0.9173359863460064
3480,1.2574307133101465e-12,2.488596991203262e-13,3.1000847877858395e-13,0.9183407045900822
3481,1.498984616321643e-13,4.664933531954457e-14,4.17878893711699e-14,0.8484993677586317
3482,9.166086188381911e-13,3.8223455724577787e-13,3.351044002338603e-13,0.8802198398858309
3483,5.320229588671248e-13,1.1334419155856269e-13,1.4524820359445833e-13,0.900652689486742
3484,2.0205683747955555e-12,1.118885327018627e-12,1.143119748878563e-12,0.9368156254291534
3485,3.9315222954763905e-13,1.4762760091618434e-13,1.3415242628629322e-13,0.9558629490435123
3486,5.614179635206611e-13,4.391872134334132e-13,2.4644870021337325e-13,0.7960092019289732
3487,6.5844000615989205e-12,3.2122259709460064e-12,3.570023731805302e-12,0.9311680212616921
3488,4.372492773007909e-13,2.419685340046447e-13,2.3900384550679287e-13,0.8924809975549579
3489,8.778427607583889e-13,2.4973060514060553e-12,1.1845558703172871e-12,0.8137030567973852
3490,4.626171825277337e-13,5.859820985193746e-13,2.3164989353333206e-13,0.7894303717650473
3491,1.5582975542194181e-12,4.4793408734349654e-13,7.676444005819192e-13,0.8740336406975985
3492,1.7113747610925206e-12,5.556759892939505e-13,5.792619752258922e-13,0.9664365842938423
3493,9.797135343993554e-13,1.5663364003702565e-12,6.940993063551567e-13,0.8081362728960813
3494,2.077118815482465e-12,1.8428794975479746e-12,1.855410267724914e-12,0.8774617232382298
3495,1.009744326299056e-12,4.4091881440868203e-13,3.2963575214299456e-13,0.9680327758193016
3496,2.3314503118342027e-13,9.681696059022611e-14,9.114289110429613e-14,0.8771130427718162
3497,1.8400160033985495e-13,5.643158896884224e-14,5.135384094658956e-14,0.857857164554298
3498,1.593958399480706e-12,5.416453014517002e-13,5.224673909801045e-13,0.915941371768713
3499,1.140124967009807e-12,1.822032894991197e-12,5.096158936875737e-13,0.8113796460442245
3500,4.1706662369382873e-13,2.2186690014362246e-13,2.3089149171403e-13,0.900565268471837
3501,6.206630385431495e-13,4.289145460701817e-13,4.678506550267689e-13,0.8912692595273256
3502,1.7758044487288058e-13,5.1908092840722116e-14,4.708287111917881e-14,0.856995790079236
3503,2.4998035131118632e-11,1.139336054006018e-10,2.9070436271325344e-11,0.7649372038431466
3504,2.64498638884022e-13,4.758474426193927e-13,2.6183007994093074e-13,0.8167552935890854
3505,5.870457592688555e-13,3.0250751822451753e-13,2.2545779005817483e-13,0.9197939909994602
3506,7.957704166206112e-13,9.558615118910563e-13,4.429109617678933e-13,0.8989235259592533
3507,4.253341574048958e-12,2.2702207970730154e-12,2.1368931697242913e-12,0.8779993526637554
3508,4.837480594330306e-13,5.433807151597336e-13,1.9308088329216308e-13,0.8717877227813006
3509,2.1976744389121496e-12,4.827182491207216e-12,1.1492902580023851e-12,0.7806529747787863
3510,6.531571497413113e-13,3.122294744151561e-13,3.0759334670666043e-13,0.9225305765867233
3511,2.2635501984029777e-13,1.9060741626796903e-13,1.6115313425215219e-13,0.8121107153594493
3512,9.981590292977561e-13,1.5674182207309336e-12,4.770158966143768e-13,0.8056628840975464
3513,1.786842161409107e-13,6.871376935963627e-14,9.899563314212767e-14,0.8125726768746973
3514,1.2420367240041465e-13,1.477238569540428e-13,5.3671658861880033e-14,0.8278772147372365
3515,1.7769132718711835e-13,2.906481508229067e-13,6.039466343307871e-14,0.790214526373893
3516,2.841520935932956e-13,1.7798844539004643e-13,1.6881709595272933e-13,0.8921891685575247
3517,1.382583533083376e-11,7.2081803482765634e-12,1.9630895611817823e-12,0.8843304414302111
3518,3.4581540130615935e-12,1.7185890930310217e-12,1.6401441069821563e-12,0.9654510855674744
3519,4.759961695789705e-13,2.7511044755617125e-13,2.2106969741149495e-13,0.8626641383394599
3520,1.6730854196324818e-12,1.7919305043204157e-12,6.462838012303888e-13,0.7602686649188399
3521,9.68888602212027e-13,5.459557898750595e-13,3.381660299658256e-13,0.8387692971155047
3522,1.9272811250911827e-13,1.1736929116017336e-13,1.1761856138678846e-13,0.8260859429836274
3523,1.4319549145980285e-12,1.2815374733003694e-12,1.1654877369395129e-12,0.9336413990706205
3524,2.2053874920026957e-13,1.1363525984394403e-13,9.867278396606473e-14,0.824133597034961
3525,2.806896847497378e-13,3.642814457958668e-13,2.611058122692971e-13,0.8529289187863469
3526,1.261242209043963e-13,2.3455608720044464e-14,2.7650658789885587e-14,0.8465718841180205
3527,3.640594692033348e-13,2.6346597640430634e-13,2.1932510639532288e-13,0.8923076156526804
3528,6.094160502146265e-13,2.4121410840765533e-13,2.511197235398254e-13,0.8553244767710566
3529,2.116284487980381e-12,5.049590410748569e-13,7.539002519031474e-13,0.8686594253405928
3530,9.382004842339978e-12,2.124319647065808e-11,6.064299402234042e-12,0.7747712513431907
3531,3.488704976655534e-13,2.5174298171570965e-13,1.1559580319960636e-13,0.7853503227233887
3532,4.917254794342301e-13,4.664930754707774e-13,2.834972719648286e-13,0.771118542086333
3533,5.142043537316759e-13,1.0706226817350803e-12,5.833325661106844e-13,0.7883191375993193
3534,1.1516866820525478e-12,4.314401841642397e-13,3.3123099948481937e-13,0.8565821539610624
3535,7.44618169736949e-12,1.1093518926545911e-12,1.0629395937269945e-12,0.9794719755649567
3536,1.9577580503801267e-12,9.436777660238334e-13,8.713372319661344e-13,0.9171275518834591
3537,1.6026143612826008e-13,8.708002744533562e-14,7.50851294318415e-14,0.8667850656434893
3538,4.709929204775013e-13,2.038045073815275e-13,2.27781732521338e-13,0.809230898693204
3539,1.2563048969230503e-12,3.6076512641050854e-13,4.477373902943705e-13,0.9100635513663292
3540,1.4333767740484622e-12,4.1018316073673066e-12,1.405806814741977e-12,0.7665217553265393
3541,3.531774053738167e-13,2.4860177742749225e-13,1.5010731697347254e-13,0.82565409662202
3542,6.57226238463289e-13,6.595803853063858e-13,5.003525867679243e-13,0.8542639754712582
3543,4.1826661952789365e-13,5.055372308418625e-13,3.9972287899325776e-13,0.8766872406005859
3544,5.068317363931764e-13,2.7110655236259663e-13,2.8957675544841343e-13,0.8347676172852516
3545,5.228675714112527e-12,1.1746240097900922e-11,2.5781574798105227e-12,0.784711221139878
3546,3.6768211358574707e-13,3.070916818059911e-13,2.982922043203775e-13,0.8515350637957454
3547,9.176005883681283e-12,7.0470069890733e-12,6.616223309012708e-12,0.9594306699931622
3548,3.547533887786824e-13,1.319897298613595e-13,1.382816782807123e-13,0.871342982724309
3549,6.859979353597111e-13,1.5255717472932712e-13,2.366067756020805e-13,0.8470195597037673
3550,2.5803000940777417e-13,4.520264971312476e-13,1.1885681609115615e-13,0.8230602203868329
3551,9.222572433383935e-14,4.084570225585187e-14,2.8082470298337995e-14,0.8564497957006096
3552,6.156884174985783e-13,1.2775936601414765e-12,3.182236558692179e-13,0.8055721906945109
3553,1.436164080175784e-12,6.404917052617063e-13,4.42957761841595e-13,0.9443464525043964
3554,1.5934305548111901e-12,1.5325069840518528e-12,1.218423009809286e-12,0.9015250034630299
3555,8.942838558954283e-13,2.9607447582265796e-13,2.657736645575153e-13,0.9594054982066155
3556,1.6919468499889708e-13,8.218071120444299e-14,7.976327944475689e-14,0.8492801865562797
3557,1.3635035630521927e-11,7.49570136917929e-12,6.122303957490345e-12,0.9512624330818653
3558,2.9862103619347936e-12,2.0862927493481776e-12,2.1065167040934506e-12,0.9704940140247345
3559,1.6905799473594965e-12,7.99637736300522e-12,1.185170285346159e-12,0.7904661254957318
3560,4.764907177385845e-13,2.8175228231801643e-13,2.292399439025815e-13,0.866632292419672
3561,1.394440832466955e-10,2.6511605733087968e-11,2.7089315297026133e-11,0.9797242328524589
3562,3.3101712331008177e-13,1.2476170555240353e-13,1.3027091519203667e-13,0.8883024077862501
3563,9.652169220111715e-13,5.92936879632036e-13,5.380617310429073e-13,0.9296712372452021
3564,1.2168599049090147e-12,2.963397591785038e-13,5.09884767667845e-13,0.810224306024611
3565,5.004726454230892e-13,2.791028262127168e-13,3.0385838105065104e-13,0.8541923919692636
3566,1.5771397019675978e-12,3.239478497327246e-13,3.212431467642156e-13,0.9654981940984726
3567,1.1020689639335516e-13,8.974435082156379e-14,7.752697540506791e-14,0.8656396843492985
3568,2.6898473082425163e-13,1.1738838278609294e-13,4.564510578387775e-14,0.8426411055028439
3569,2.1491424632326684e-13,7.573453555300002e-14,9.313863372826292e-14,0.7964203792624176
3570,5.064061425321349e-13,4.186041199056823e-13,2.7910292423310054e-13,0.8509292142465711
3571,1.1919361319311948e-13,5.218317860351745e-14,3.137516893731627e-14,0.8567132180556655
3572,1.674689287515876e-11,1.782847836545876e-11,1.7624040503365694e-11,0.9840881258249283
3573,2.6336359261502005e-13,1.8801243039677952e-13,1.5628654693408506e-13,0.83771419133991
3574,2.384652570254526e-13,2.081904202864101e-13,1.3725106253428127e-13,0.8808334443718195
3575,1.3649931455742219e-12,1.947590425843318e-12,8.114479574307576e-13,0.8847812429070473
3576,2.336526388219385e-13,1.7595474201501147e-13,1.7030991045761179e-13,0.8425915569067002
3577,1.4172854634996e-12,9.96647175468852e-13,9.001384405832995e-13,0.8599514447152614
3578,8.82281125039788e-14,1.4114285776943448e-13,5.5502871407982355e-14,0.8289412873797118
3579,5.661453418924083e-12,3.755601029555399e-12,3.4321414007898415e-12,0.9594631506130099
3580,1.0338301252987785e-12,9.331232130574802e-13,4.847317652852684e-13,0.8713655810803175
3581,2.0456044539343903e-12,1.1099910663458935e-12,1.1197070914567425e-12,0.8879502099007368
3582,4.886315707301191e-13,3.2101886056737866e-13,1.8375142559812877e-13,0.8135772745124996
3583,2.1705703189641502e-12,7.649235783400912e-12,1.8902804479673666e-12,0.7598371605854481
3584,3.516087667019019e-13,3.343080931638458e-13,2.1460813951383004e-13,0.7914694813080132
3585,9.445896019064448e-13,5.510825549384746e-13,5.115553899383854e-13,0.975187885761261
3586,2.1145767702146473e-12,1.6420638234072126e-12,1.4347785218091688e-12,0.90324601046741
3587,2.1030626900645936e-12,8.944152444599999e-13,1.122615223376772e-12,0.7830269060097634
3588,3.348950279845585e-13,2.2373156054327537e-13,2.2426251556247096e-13,0.8497141873463988
3589,2.7939907168147157e-12,1.8008747672116594e-12,1.9519106703761265e-12,0.8974694263190031
3590,1.0418618572250541e-12,5.040028475482788e-13,4.769130170436201e-13,0.9442835055291653
3591,5.979922672657175e-12,3.880068765681432e-12,3.180860919253154e-12,0.75927257174626
3592,7.472964750699799e-13,1.0438267805830707e-12,9.525999478520324e-13,0.8896914828568697
3593,1.5326098118392503e-12,6.93455153734184e-13,4.1384858230583535e-13,0.8675363145768642
3594,3.0673422714385378e-12,2.554125534830844e-12,2.0895879880596243e-12,0.8986316159367561
3595,3.5344836943112754e-13,5.5949837904682595e-14,1.0889830007074725e-13,0.8559556541964412
3596,2.081028367527096e-11,1.4507496121279999e-11,1.4629291709816977e-11,0.9662831857800483
3597,7.559187665484998e-13,4.2232342068600145e-13,3.6407712451516463e-13,0.9659768640995026
3598,7.349868425061496e-13,6.537257796167569e-13,2.769557758332398e-13,0.80520842615515
3599,1.4587120460906755e-12,6.099147510123062e-13,6.49682211232654e-13,0.970116376876831
3600,1.811745145754742e-12,1.1878578869420353e-12,1.352106307511938e-12,0.8689435455948115
3601,5.101080625518881e-13,4.515169132357309e-13,4.529235351991599e-13,0.8602208498865366
3602,4.2790870828409625e-13,3.48134177612248e-13,3.5715428908256786e-13,0.8082148352637887
3603,1.9154407092322474e-13,1.117665367170309e-13,1.0368161470924341e-13,0.8752746248617769
3604,3.980057128450992e-13,4.769514838820578e-13,2.904648506741336e-13,0.8657400896772742
3605,3.068686480325793e-13,9.472410784196328e-14,1.0782812056649051e-13,0.8380332253873348
3606,1.3083824289291032e-12,1.8641729717551835e-13,4.4613071304423703e-13,0.9097309697419405
3607,6.377828380173758e-13,1.2054020936459533e-12,2.4304473915229585e-13,0.8502846779301763
3608,1.3839384335016201e-12,1.0648383306122661e-12,1.0804664685087988e-12,0.9300877913832665
3609,1.3866135108204004e-12,4.2230399382052827e-13,4.695734020245864e-13,0.8854319952428341
3610,3.596906241481106e-13,1.0068037997059067e-12,2.584842958428749e-13,0.8748290270566941
3611,4.291409786407548e-13,4.557535996723599e-13,3.521655612738967e-13,0.8321360873058439
3612,2.6236621436474526e-12,2.877960139971136e-12,5.911997886488563e-13,0.8660925544798375
3613,1.578486551728942e-13,1.9000235104967921e-13,5.97967826017013e-14,0.8288511656224727
3614,9.429871068120544e-13,6.036070832261017e-13,7.237462106809021e-13,0.8144185236655176
3615,4.960912326827179e-13,2.329465587908505e-13,1.7459967881481696e-13,0.862442385777831
3616,1.6482602015929392e-12,2.4105030290438057e-12,1.6077972721933488e-12,0.8419423371553421
3617,3.938640557313903e-13,1.903942916632734e-13,1.2044268722586864e-13,0.8485475990921258
3618,6.293493339993046e-13,5.39672469549083e-13,5.101536378160937e-13,0.8549615034833551
3619,3.085573447646242e-13,1.4273958141518484e-13,1.9881838564463985e-13,0.8596195353195071
3620,1.9767705005310105e-13,3.004265318694019e-13,1.2435256176419446e-13,0.8271558610722423
3621,3.2870545936200897e-12,3.048780541615083e-12,2.639667765414646e-12,0.8430636500939727
3622,2.8714679604620184e-13,1.2543573200753316e-13,1.3896396911445625e-13,0.8383066326379776
3623,3.923918249956283e-13,6.790488883880337e-13,2.937130716222734e-13,0.8533036578446627
3624,1.8239393673554758e-13,1.060258644390364e-13,6.655449118697826e-14,0.865619707480073
3625,6.191582628352633e-13,3.4739883911142664e-13,3.734970179254161e-13,0.9188856977969408
3626,2.290561331955591e-12,1.4737307908767355e-12,1.302036802517377e-12,0.9246700506657362
3627,5.326556275801071e-12,3.453975164305759e-12,3.658832195701517e-12,0.9304147467017174
3628,2.988321771485519e-13,1.887228372955697e-13,1.8392849421026731e-13,0.864764784835279
3629,1.0185298359242313e-11,1.8721846363415417e-12,1.9574766391283478e-12,0.9711563251912594
3630,5.270017028746939e-13,4.823278979461636e-13,2.6709764789420314e-13,0.8697238219901919
3631,5.657951640373895e-13,2.2021347577114333e-13,2.802416777141031e-13,0.8312566703185439
3632,4.71313909431489e-13,6.011571937638149e-13,3.037343468762378e-13,0.7863446943927557
3633,1.5034984964404627e-13,6.896870947206148e-14,8.716031294839307e-14,0.8903706707060337
3634,8.135337536271993e-13,3.5095199511896324e-13,2.5759379664878386e-13,0.8252495685592294
3635,2.3245712130863337e-12,2.1573069586584756e-12,1.9878699409832346e-12,0.8893109314143658
3636,8.776091513957264e-13,4.650346867322861e-13,2.3947565388107294e-13,0.9177681721746922
3637,1.4481795996894245e-13,6.171896729069898e-14,4.5678591593147805e-14,0.83718491923064
3638,2.7711725147461647e-13,5.81945357753012e-14,8.850070464925843e-14,0.8362317984923721
3639,5.9462329215939395e-12,8.376383454626945e-13,8.165114946232657e-13,0.9170521400868893
3640,2.7196427736875546e-13,6.757300594992385e-14,8.572117159881035e-14,0.8711185036227107
3641,6.676051831615636e-13,8.490313276178253e-13,3.371802565926392e-13,0.8358518879860639
3642,2.0428685159764198e-13,9.245687516149065e-14,1.0010973505689626e-13,0.8515317121520638
3643,2.8297972035273076e-13,6.110283447232344e-14,1.1494982943996656e-13,0.8535194432362914
3644,7.293427076073898e-13,6.044680659516055e-13,5.439504784246017e-13,0.8851281192153693
3645,4.607485551511571e-13,4.3729747201633517e-13,2.95466380877367e-13,0.8400583047419786
3646,1.007090542950204e-12,7.749039202555679e-13,6.319991936765464e-13,0.8074173131026328
3647,2.6688320435787734e-12,8.490509976612132e-13,7.89487673275428e-13,0.9071572832763195
3648,9.126813528469968e-13,6.011931338660176e-13,4.521599961960375e-13,0.8736132100224495
3649,1.7425747747236108e-13,4.587148256669293e-14,3.038616078218106e-14,0.8715407699346542
3650,5.344570835352078e-13,2.8571937912736606e-13,2.6152652523525525e-13,0.914569291472435
3651,3.112077082183136e-11,6.119750764994894e-11,4.1790950477486155e-11,0.8085087230429053
3652,9.406436560285767e-12,6.861823220601333e-12,6.694873693942139e-12,0.8958447750657796
3653,4.037688018217244e-13,2.487541478177222e-13,2.6816579185633554e-13,0.866319745965302
3654,1.1432967856195889e-13,1.0177216009268793e-13,5.2149334305288063e-14,0.8114248918369412
3655,2.1401378140068695e-13,9.410248986020884e-14,8.734010300119176e-14,0.8436326902359724
3656,6.216889455392708e-13,2.752029782439506e-13,2.7679749288269377e-13,0.8822002062574029
3657,2.507170792085816e-13,6.738599483479839e-14,7.274831452902379e-14,0.845658216997981
3658,4.855543673406534e-12,2.6523162415126657e-12,2.670628190095676e-12,0.9736064314842224
3659,9.482268077159937e-13,6.900927271115041e-13,7.72942505706809e-13,0.8676778538152575
3660,1.4386142322079203e-12,9.062687821254228e-13,4.404576834417769e-13,0.8249179292470217
3661,2.225919954633241e-13,1.3220981329318645e-13,1.1994226026867778e-13,0.9292287353426218
3662,2.1570148214202498e-13,1.906289250431961e-13,9.49083099106626e-14,0.8099949388764799
3663,7.585993489783261e-13,4.411865752384589e-13,5.460978557270048e-13,0.7849055083002895
3664,3.361205433604158e-13,1.465387611152501e-13,8.236230804090346e-14,0.8732173094525933
3665,3.1294230437994814e-13,1.5796801292876882e-13,8.867860113259225e-14,0.8638735793530941
3666,2.0003310172102863e-12,2.637504754635462e-12,1.746544122442256e-12,0.8924667216837406
3667,9.084111185752611e-13,1.7288106141557447e-13,1.8946944559857566e-13,0.8672288766130805
3668,3.612387492350756e-13,7.102778286426774e-14,1.162827018329698e-13,0.8977862622588872
3669,7.115881212217832e-13,4.3604106255788324e-13,1.9263751045208953e-13,0.8697750110179185
3670,5.464634939777322e-12,4.274324236535153e-12,4.248438445907017e-12,0.8857309941202403
3671,2.0350287625621635e-12,2.8081541753396924e-12,1.341794330521856e-12,0.8025986948981881
3672,1.479094937349839e-12,1.0234253722346364e-12,7.55654586257226e-13,0.8660415552556515
3673,3.806943136037965e-13,3.174339985663281e-13,3.120288145643145e-13,0.8316189574077726
3674,3.070975338318773e-12,3.1836569315774684e-12,2.5307615921764314e-12,0.8321655567735433
3675,1.3482050528012646e-13,4.7441415498885155e-14,3.4971543985845994e-14,0.8616059174761176
3676,2.372486931927448e-12,3.4526447677764034e-12,1.9044133328103547e-12,0.8149419224821031
3677,4.984091922985265e-13,2.254579643098693e-12,2.2520670438605595e-13,0.775344407139346
3678,2.2798314301156823e-13,2.109929147156388e-13,1.4584685412271589e-13,0.8451518744230271
3679,5.003034096503968e-12,2.886686246210971e-12,2.9335316772302196e-12,0.9399253852665425
3680,3.825412873524071e-13,1.1932368841740169e-13,1.12036582093242e-13,0.8410745486617088
3681,4.5522684137849445e-12,4.127942836628006e-12,3.910680623314695e-12,0.9355776831507683
3682,3.197945484155465e-13,3.48394179304371e-13,2.3837044368757823e-13,0.8615039383992553
3683,6.742230702129309e-13,2.0340887459960543e-13,2.0622853258310791e-13,0.77090795324184
3684,1.9604858276407764e-12,2.4577383027463566e-12,1.621827801896044e-12,0.7723245668690651
3685,1.782151449722046e-13,1.4627361626279766e-13,1.436199918184853e-13,0.8392559384927154
3686,1.8826484065179612e-13,2.5979194806544196e-13,1.6362311991876902e-13,0.8183956870809197
3687,2.3665391131884055e-13,1.3229380335848345e-13,1.6130117858620888e-13,0.8511462401598692
3688,1.7045035538181977e-12,2.3568708189457253e-12,1.0454297016592994e-12,0.7742470300290734
3689,6.2539401930729836e-12,4.4494483314956454e-12,3.1627230697927985e-12,0.9196998685598373
3690,7.760155227027862e-12,8.770744905892207e-12,2.353471692682549e-12,0.8408441189676523
3691,4.728842808055338e-13,1.273966733593696e-13,1.5048355844164102e-13,0.8362332319840788
3692,6.64756503026817e-13,4.564012322047988e-13,4.4468508269744216e-13,0.8452653605490923
3693,1.2959716352698446e-12,6.64602806890351e-13,5.948226690548632e-13,0.8003493387252092
3694,7.055168545328234e-13,8.599973657313142e-13,6.807933349817151e-13,0.8700314126908779
3695,4.7035163120559284e-12,2.5424317361170072e-12,2.193908709744463e-12,0.9464880011975765
3696,3.225435678425725e-13,1.8003687601411017e-13,1.9449128643659386e-13,0.8764057653024793
3697,1.5929251462379696e-12,9.020189485655835e-13,8.05462993785406e-13,0.9612699389457703
3698,8.364092851843494e-13,2.979438078452743e-13,2.39400975299204e-13,0.9586720269173383
3699,8.772606130466685e-13,2.2446636605760551e-13,2.0851256534341114e-13,0.9453213930130004
3700,4.468313391485932e-13,3.123208848875514e-13,2.5864205374728e-13,0.8733433285728097
3701,6.861214525454106e-13,4.587691040833936e-13,4.5159546308976157e-13,0.8142579172737896
3702,4.979866477929395e-13,2.5801792423094327e-13,3.0296559161200085e-13,0.8401747232303023
3703,5.068201017525054e-13,4.837677832276274e-13,4.559515538873048e-13,0.8676318196579814
3704,6.62483510973588e-13,5.408535848177766e-13,5.309167130436966e-13,0.8374516592361033
3705,9.5972455846984e-12,8.413804876940262e-12,5.0608208684134156e-12,0.8267386022955179
3706,1.890972440786808e-13,9.860983230445634e-14,6.005279617417768e-14,0.8990589167922736
3707,7.901550073413875e-11,3.2407752504685737e-10,3.038763665023266e-11,0.7760719723999501
3708,4.210542958138338e-12,2.3874246177364537e-12,2.4806604614062644e-12,0.9494348779320717
3709,4.3098291167671246e-13,3.3459078630564317e-13,2.940220424095121e-13,0.8444317510351539
3710,5.575971413703737e-13,4.503432576407883e-13,3.7540722307232866e-13,0.8494280071929097
3711,3.158736640488713e-13,6.144910146490673e-13,1.7583820298121548e-13,0.8473217446357012
3712,2.499148825970908e-13,2.3260588491676084e-13,2.340639791329684e-13,0.890855609998107
3713,7.259987582433591e-13,2.685307028294422e-13,2.4375860918509406e-13,0.8876501984894276
3714,2.2614124500385336e-13,1.3618314648011817e-13,1.372164949940992e-13,0.8756152424961329
3715,6.217955735791431e-13,5.658186557389093e-13,5.395578196108334e-13,0.8592418547719717
3716,1.019164200189956e-13,4.066556214630058e-14,2.3497622445746315e-14,0.8572008710354566
3717,3.67753465057948e-13,4.947582340267741e-13,3.3790896151391395e-13,0.8729436043649912
3718,1.663736387837858e-13,1.257358586290601e-13,5.486724507853874e-14,0.8535816906020045
3719,1.7963643046649215e-12,7.410235707620498e-13,6.61768120055998e-13,0.9058894384652376
3720,2.6147323929623375e-13,5.061193558076909e-14,1.0720043817032217e-13,0.8378814663738012
3721,1.857964567469104e-12,3.311385301723911e-12,2.055129796745444e-12,0.8017682995647192
3722,9.585978472239616e-13,1.1224329305140627e-12,7.990636506887771e-13,0.8785430692136288
3723,1.2203045826602848e-13,3.390281213516383e-14,4.9546478650830307e-14,0.836874601431191
3724,6.729924102139037e-13,2.2900669648986913e-13,3.964148854429178e-13,0.8401065848767757
3725,3.6742450057687784e-13,3.6535650907676e-13,2.762579613050845e-13,0.9266226567327976
3726,3.6462088551545085e-13,2.964208932519854e-13,2.3319526055582107e-13,0.8202997523359954
3727,5.182634785209169e-13,7.701302185664024e-13,4.380326060517528e-13,0.8175528734922409
3728,2.4987657741984053e-13,1.8388780109754948e-13,5.922869460058225e-14,0.7933322463184596
3729,3.359914982497909e-13,2.851499118920838e-13,2.54471321019638e-13,0.8415459156036377
3730,6.112658870962092e-11,3.6201655777188434e-11,3.631514498165735e-11,0.972661106288433
3731,8.585641440589114e-13,3.6381495582078356e-13,3.298498051588051e-13,0.9552678786218166
3732,3.176375514434194e-12,4.7272019021563885e-12,3.8266818081065415e-12,0.8443347373977304
3733,4.3379862411810904e-13,1.181091319951125e-13,1.6475813024670737e-13,0.9300307694822549
3734,5.745392774580177e-13,3.5916547427802565e-13,3.9670236153332916e-13,0.8794997137039899
3735,9.609096384261085e-14,2.7084928075605482e-14,2.7527057835215985e-14,0.8537053804844618
3736,3.860361898985053e-13,2.550289715806302e-13,2.5922217339209546e-13,0.8845861149951816
3737,6.330457898114789e-13,4.5021628967561527e-13,4.1806857230458456e-13,0.8942664112895727
3738,4.389095861988948e-12,4.232387617169274e-12,2.3405203778192937e-12,0.8092641431838274
3739,9.522255282456755e-13,1.0807026427059837e-12,1.0119225273270736e-12,0.9185786858201027
3740,3.4221518208640765e-12,1.3841705092888033e-12,1.5823634391923381e-12,0.9260057300329209
3741,2.104521273530212e-12,1.288255360879261e-12,1.2900004477402918e-12,0.9742806926369667
3742,2.698967908636502e-13,1.4967458780812766e-13,1.4927882398765414e-13,0.8807851690798998
3743,2.8959420887894e-13,1.561738374359135e-13,1.4209695511488475e-13,0.8748828157782554
3744,6.027145274155717e-13,1.0372624191532978e-12,3.0885730107224657e-13,0.8270322632044553
3745,1.7417217318815265e-13,5.177157138924998e-14,4.5144549777313224e-14,0.8601779200136661
3746,2.302581078156679e-13,2.9418308771038204e-13,1.3392945443931192e-13,0.8129713350906969
3747,4.032606468883852e-13,3.2933999239657907e-13,1.974379493325581e-13,0.8459199029952288
3748,9.790985080008983e-12,1.594018112408383e-11,5.939516844442377e-12,0.7785878502763808
3749,1.3089642668717634e-12,2.8452776530464217e-13,5.148339460013054e-13,0.8298882050439715
3750,1.3020158391408494e-12,1.04785299002247e-12,5.956329836220377e-13,0.9385933890938759
3751,1.7240132876608478e-13,2.361674588741657e-13,9.515450024995858e-14,0.8188079726882279
3752,3.033759138058711e-13,1.8722141094685565e-13,1.866863369592205e-13,0.8297986944206059
3753,4.9881394200457785e-12,3.1178628759461386e-12,2.7353168200470334e-12,0.9595760643482208
3754,1.716731408641745e-13,9.488362059439527e-14,9.779502607915737e-14,0.9211218103766441
3755,4.860329857458187e-13,5.012992437396834e-13,1.2630185993562248e-13,0.8448781432583928
3756,1.780533949482527e-13,1.2535475187670217e-13,9.943857167633923e-14,0.8772555684670806
3757,5.157444001604703e-13,3.8752592042306274e-13,1.7320599592314767e-13,0.9338925443589687
3758,2.1439511836289794e-13,1.3109297058485712e-13,1.359765298493739e-13,0.8084877642802895
3759,1.2016732037216676e-12,1.7013563019925634e-12,6.186779544391038e-13,0.7758139808662236
3760,2.575234115723675e-13,8.769897617036628e-14,8.962756618465241e-14,0.8548636943101883
3761,1.0017616078747232e-12,1.4982656283461872e-12,4.998966043442839e-13,0.8003095642663538
3762,3.734625171665774e-12,3.826833959512739e-12,1.855245704034017e-12,0.8505163280293345
3763,6.942879456307699e-13,4.950904078891284e-13,1.9875830954436408e-13,0.8036691549234092
3764,3.31242288573576e-13,7.616039129522426e-14,6.346638288540939e-14,0.8593883184716106
3765,4.4827437481921295e-11,1.7989829023874835e-11,1.898617121931031e-11,0.9699774697422981
3766,1.5423590522884472e-13,2.236758419420598e-14,5.440466118870118e-14,0.8256269603967666
3767,1.0088312748622803e-12,7.525191423628296e-13,7.31708201567959e-13,0.9804241091012955
3768,3.5750497008118865e-13,3.738581170036963e-13,1.9605129371811856e-13,0.9138403441756964
3769,2.776097403754686e-12,6.60700926771957e-13,1.199076406578763e-12,0.8449734950438141
3770,1.7210793782360507e-12,2.2521316219194394e-12,1.2107735273993548e-12,0.7977605029009283
3771,2.783252717771053e-13,1.5082197763884145e-13,1.6099705129122758e-13,0.8910689756274224
3772,4.698028778367738e-13,5.618589788544263e-13,3.4010125560019223e-13,0.848925762809813
3773,3.5973251136199444e-12,1.3404478506559948e-12,1.6233292144955462e-12,0.8781562816351652
3774,5.631082937731504e-13,3.7952343911812386e-13,3.4540662004246497e-13,0.842914379388094
3775,6.286924313893578e-12,6.348933443767113e-12,5.080026455909457e-12,0.9362670578062534
3776,6.310096957332442e-13,6.327535907610234e-13,3.6424446750661574e-13,0.8030075832270086
3777,9.451593547890979e-13,5.237912404586364e-13,4.548777598924787e-13,0.9451617918908596
3778,1.1570946694107174e-11,1.824244727744815e-11,4.993659980373252e-12,0.7644063827581704
3779,8.766732108774374e-13,1.158347132398982e-12,5.615955057259578e-13,0.8481900710612535
3780,9.443050212926481e-14,7.483519939329767e-14,4.434198591818059e-14,0.8291107159107923
3781,1.333353249352035e-12,9.206334817849533e-13,8.681971706272953e-13,0.9229243040084839
3782,3.988645960652396e-13,3.541320137355329e-13,1.3791057834929294e-13,0.8331334051676095
3783,2.655164037021326e-13,3.6611611662189677e-13,3.222428507899977e-13,0.8435796791687608
3784,3.6086233586006185e-13,1.039411855600417e-13,1.1842661029742982e-13,0.8552447415888309
3785,5.1116756495358525e-12,9.253080130374238e-12,5.455264047293613e-12,0.7904950298368931
3786,2.995985891337406e-13,2.1103467889270528e-13,1.6451649004096985e-13,0.8344113447703421
3787,6.470048621642457e-12,1.8404459768571022e-11,3.7943796962050655e-12,0.7882012172602118
3788,4.2794973239516487e-13,2.305234247507902e-13,2.715179429718957e-13,0.8740316517651081
3789,6.380088746967602e-13,2.6276642321863894e-13,2.759565177167569e-13,0.9068595234304666
3790,1.611373184437942e-13,1.119340353754557e-13,1.047510003081614e-13,0.8718747394159436
3791,1.7735069363024937e-12,1.8681338223868664e-12,1.6761067741719972e-12,0.7907070627436041
3792,5.286305131187714e-13,4.315768673716497e-13,3.615130897585156e-13,0.8576981218531727
3793,3.518736351786185e-12,2.73081608279063e-12,1.8028950556581477e-12,0.8641700185835361
3794,6.65292904140869e-13,6.682779338604141e-13,6.017614800693827e-13,0.8523263623937964
3795,2.036922884589263e-13,2.2924976411776164e-13,7.987377349841372e-14,0.8349363999441266
3796,1.0559202616206242e-12,1.3175966063151718e-12,1.2156479633361261e-12,0.8608064200729132
3797,3.755910397636641e-13,4.639510568699709e-13,1.502349874363086e-13,0.7891109697520733
3798,1.3455295076660703e-12,3.0185036261491782e-12,8.890861244855103e-13,0.7850138309411705
3799,9.717016269997165e-13,7.416407388051014e-13,6.414806613458392e-13,0.953108835220337
3800,2.5570243999628816e-13,2.0403172346243078e-13,2.0338352679854842e-13,0.8195284121669829
3801,1.4580486370177277e-12,1.0635440113442106e-12,1.0379454111843585e-12,0.9673466339707375
3802,1.2706945346542796e-13,1.795079307555304e-13,5.091695364332237e-14,0.8135366103611886
3803,7.355092856130231e-13,8.001731157835463e-13,7.531868442966935e-13,0.8837410781532526
3804,1.9829578705256333e-12,6.089236330398945e-13,1.025848195665125e-12,0.8070594847202301
3805,1.7332044789580858e-12,7.59989585632445e-13,5.639264271092181e-13,0.8356470875442028
3806,1.0787563554433892e-13,2.2745608634874123e-14,4.4062995817450065e-14,0.8548781201243401
3807,5.977686160396065e-13,2.9380800330366424e-13,2.683895052398459e-13,0.9231262508779764
3808,1.7052720959517069e-12,4.300965220238292e-12,2.3638593929369075e-12,0.7982679987326264
3809,2.1300761193783096e-12,3.160366385107247e-12,2.533338148106012e-12,0.8562003977596759
3810,3.6169610477462137e-12,2.6937247354190546e-12,2.741135717779864e-12,0.8926445636898279
3811,3.7241208586664304e-13,3.669676968806666e-13,1.5988825940058047e-13,0.8116219999268651
3812,1.404656064332657e-12,5.366249764961965e-13,6.368289218814375e-13,0.9181171640753746
3813,6.315638240945659e-13,3.4446242091404904e-13,3.7963493955097907e-13,0.9006842710077763
3814,2.340081622625956e-13,1.0470971351962991e-13,1.278239910598326e-13,0.8675736114382744
3815,5.147960189407903e-12,6.685198203244705e-13,7.516129225929957e-13,0.9452836476266384
3816,7.880976679137512e-13,7.03934325941838e-13,5.822274241927554e-13,0.8342978870496154
3817,1.0604863108845247e-12,1.4032349640399018e-12,1.0533069805985631e-12,0.8837928876280785
3818,2.282860079679938e-12,2.0574164820554826e-12,2.0088593145657115e-12,0.8977237693965435
3819,2.294546511777979e-12,1.1619318932002256e-12,9.169704897784916e-13,0.9052180200815201
3820,4.486318339860877e-13,1.4488987142644087e-13,1.1065494057628663e-13,0.8469721937552095
3821,1.1453970054772342e-12,5.537005724735627e-13,2.774985978113599e-13,0.8563666719943285
3822,1.926938850890628e-12,5.301213736586551e-13,4.828200427520077e-13,0.9416226245462894
3823,4.09366006358379e-12,1.6895517058065912e-12,1.6823234819714562e-12,0.9787254139780999
3824,4.914788008214724e-11,2.5520745287054633e-11,2.694070549559984e-11,0.9642920032143593
3825,7.583575366031459e-14,2.836657855613712e-14,3.168598562548388e-14,0.8637014141306281
3826,4.420373773805568e-13,2.9125715087945135e-13,2.094681160128505e-13,0.8122755631804466
3827,2.4900178713678826e-12,1.0997041781895782e-12,9.676565325180424e-13,0.9441999226808548
3828,2.9132187896951974e-13,3.7402875030731967e-13,1.422921737202787e-13,0.8089963620528579
3829,4.974573594173624e-13,1.9787671228249487e-13,2.519729105577568e-13,0.7982001329772175
3830,2.0733023852167612e-13,2.109707047814161e-13,2.0856906927211692e-13,0.8536436511203647
3831,4.683682615567173e-13,4.826463257451378e-14,7.136111530544033e-14,0.8997704770416022
3832,5.598033498178881e-13,2.3075018632313955e-13,1.63454604768801e-13,0.8709520004689694
3833,2.6395722770056525e-13,1.417112272770009e-13,1.0297273918960606e-13,0.864577492326498
3834,2.3104313864212093e-13,1.9106340242846875e-13,1.8038638212179776e-13,0.8735425589606166
3835,3.6752075231514725e-12,1.2310672875709677e-12,1.1591771093939754e-12,0.8745823729783296
3836,4.927832372016644e-13,2.4197994517862065e-13,2.839859995953045e-13,0.9027092203497886
3837,5.061152734475227e-12,1.765200792317638e-12,1.9845909213054187e-12,0.8813951350748539
3838,2.5053430809876816e-13,2.995716466257681e-13,7.646193987025462e-14,0.844894808717072
3839,2.7936554021733627e-13,2.4174270727768496e-13,9.878326346591468e-14,0.8362367138266563
3840,5.004649069417485e-13,4.538385307355266e-13,3.166453922989826e-13,0.8137577368877829
3841,2.9206928749787286e-13,3.294623870743928e-13,2.729321151248026e-13,0.8262276379391551
3842,4.174454581693117e-13,1.349877429519787e-13,1.2603976135109424e-13,0.9101276874542237
3843,9.555133157640354e-13,5.476477698287565e-13,3.822595907435485e-13,0.8698199851438403
3844,9.065579450992514e-13,3.7772879206965353e-13,3.9868695148985835e-13,0.9008525881916285
3845,4.063765092409819e-13,3.6554438101707816e-13,3.3567936869074186e-13,0.8875239957123995
3846,2.97861088193968e-13,1.3967014388777763e-13,1.436412470546445e-13,0.8456439001485705
3847,8.424931740646159e-13,7.832167477090707e-13,5.131066592560627e-13,0.7673460619989783
3848,7.883633310684538e-13,3.630824569875079e-13,3.2175993919513925e-13,0.9407148778438568
3849,3.2681815891590897e-13,3.293768858700223e-13,2.635036977583725e-13,0.8419198079034687
3850,8.092275907448212e-13,3.553031262528407e-13,4.4341873004434005e-13,0.8658500038087368
3851,3.35803783092659e-13,1.317635638079876e-13,8.642344298074125e-14,0.8179413743317128
3852,2.3978877863979926e-12,7.707320949277932e-13,8.409904997182792e-13,0.881238404661417
3853,1.2747862716332084e-12,5.171988971772443e-13,5.858255830165498e-13,0.8913255024701356
3854,2.529319146986326e-13,1.0965325916329963e-13,1.254134641396881e-13,0.9221206296235323
3855,1.8576652707341324e-12,2.8544474547374665e-12,1.527759579928016e-12,0.791423614230007
3856,7.670347361558736e-12,4.89994672699793e-12,5.015881595354623e-12,0.8593509174883366
3857,6.995801230766859e-13,2.759343833037484e-13,2.174984212980701e-13,0.9229554690420627
3858,2.2717367446096944e-12,4.05563195581162e-12,1.012100819859075e-12,0.7725287730805576
3859,8.737276855805474e-13,9.023060143680687e-14,2.831418576779275e-13,0.8385070083662868
3860,2.2213135602459678e-13,1.2055143524334645e-13,9.501433436822875e-14,0.8231776989996433
3861,1.0764376433572262e-12,2.800061314446492e-12,1.6122304240272446e-12,0.7970805072225631
3862,7.63981428069355e-13,6.044101475702758e-13,4.91487180522846e-13,0.76773483408615
3863,6.8949057998648e-13,3.0942818514672663e-13,2.558030101515518e-13,0.8611406045034528
3864,1.495513469840933e-12,1.2269759185609969e-12,8.572254642097607e-13,0.8301993000321091
3865,1.993177504404507e-12,9.047178971985187e-13,9.353532105867743e-13,0.9390133813023567
3866,4.1397908340575293e-13,6.624380839500415e-13,4.3052748541799836e-13,0.8561109531670809
3867,4.028809677205784e-13,5.320104296741545e-13,3.7858035253761724e-13,0.8440688014030456
3868,3.5975987145500334e-13,4.649870461411938e-13,3.210612145064793e-13,0.8956139378249646
3869,1.2352570275725768e-12,5.728085882419544e-13,5.768454240568814e-13,0.8934220135211944
3870,7.840304390368782e-12,9.753858054932544e-12,8.314627036221971e-12,0.8284340690821409
3871,1.3497253330187252e-11,1.9590682273168917e-11,1.9154013787511495e-11,0.982104055583477
3872,1.5707730521164645e-11,6.336794982345864e-12,5.9440498176359085e-12,0.9361708238720894
3873,8.106289127568575e-13,6.828624452646192e-13,6.710564076726831e-13,0.8902836747467517
3874,4.949494268781757e-13,8.771064324348668e-13,2.006598645555161e-13,0.7984559431672096
3875,1.2110600525621566e-11,1.1885372562062594e-11,5.125008956928941e-12,0.7906683097593487
3876,3.2231943551801296e-13,1.333143074999507e-13,1.3080703493914778e-13,0.9272014982998371
3877,4.818636211657996e-13,1.5758895550992197e-13,2.758271653531175e-13,0.7998494832776487
3878,2.916963325815332e-12,5.184394463844851e-12,2.1431945863887447e-12,0.7814672062639147
3879,3.240045280139508e-13,7.501420129310338e-14,1.0186805091368951e-13,0.8845334451645612
3880,5.047467471580264e-12,2.9235254433078535e-12,3.095235244148908e-12,0.9267244026064873
3881,4.678858389294196e-13,8.510214316873318e-14,1.3540723737538979e-13,0.8815718207508325
3882,2.0734417362007017e-13,1.2765271256649486e-13,9.643234836354927e-14,0.8314926066435874
3883,1.915513920005036e-12,1.4751361163444082e-12,8.60030345281644e-13,0.9003645442426205
3884,3.444437355851411e-13,5.118017214819906e-13,4.0894453956627603e-13,0.912531828507781
3885,4.241668182756626e-13,7.849717517541489e-13,3.679935173144404e-13,0.8049188103526831
3886,1.7207808686349115e-13,8.65642080035681e-14,6.446106826914517e-14,0.8498648941516876
3887,2.051176871464002e-13,1.5319900029380954e-13,1.191178509317807e-13,0.8307172797620297
3888,4.0425460558365265e-13,2.0449909252662862e-13,1.5951239826421646e-13,0.7930061986669898
3889,1.208077041588807e-12,1.1496401971910985e-12,1.1662109193301425e-12,0.9053927507251501
3890,9.72014965638715e-13,4.153966218608597e-13,4.872517623550007e-13,0.8588664775714279
3891,2.2676949285813536e-12,7.601961537927268e-13,1.1415755870385311e-12,0.8352765256538988
3892,4.62191148437087e-12,1.425021645561058e-10,8.252892872123168e-12,0.764431401481852
3893,1.3540089181761008e-13,7.655897234124006e-14,6.850262210021897e-14,0.8375507347285748
3894,9.776826153066949e-12,5.1554678371057325e-12,4.577092094761591e-12,0.9385831154882908
3895,4.681769314556391e-13,1.3174210596691302e-13,1.2554276004021814e-13,0.9004576280713081
3896,2.3374210218506e-13,6.01910432455278e-14,1.0488989294861445e-13,0.8391019659116864
3897,2.4502525462442343e-12,4.99401871610599e-13,1.0734842370760015e-12,0.8347002873197198
3898,3.9929755507149656e-13,1.451406918935187e-13,1.1085023353381805e-13,0.7882892522960901
3899,2.7792314600566356e-13,1.2847296351139407e-13,1.3964939123947995e-13,0.8293522334657609
3900,3.88208722511637e-13,5.145109931846066e-14,1.3995790088761038e-13,0.8134366548620164
3901,7.285503534947342e-13,5.243723895929161e-13,2.8345716260628056e-13,0.8213895592838526
3902,1.999499029329087e-13,6.043081725612462e-14,5.1130011764985857e-14,0.8545942168682814
3903,2.0481641308582874e-12,1.1823985440558398e-12,1.1352208977814709e-12,0.8659020897001029
3904,1.2588491675136122e-13,6.545172017494926e-14,4.8873068253549665e-14,0.8581124210730195
3905,2.878611401904196e-13,1.7402471061697117e-13,1.481711507252394e-13,0.8281656978651881
3906,2.307399723648323e-13,3.9242326156320434e-14,1.0824835118948197e-13,0.7944265954196453
3907,4.65260980188682e-12,8.780733546660436e-12,3.094719417923566e-12,0.898907034099102
3908,6.983771127492642e-13,8.003060778088411e-13,7.006768736112058e-13,0.929819506406784
3909,5.381841286399712e-13,5.689758541641071e-13,4.74655544462988e-13,0.8742252379655838
3910,6.145797688216296e-13,5.727319861656179e-13,5.830141723225016e-13,0.8332640722393989
3911,2.005847857887705e-12,1.145286133622631e-12,8.600503700217572e-13,0.8355066846124828
3912,1.2397156418547069e-12,4.2182435591013343e-13,4.900788291835116e-13,0.9276775695383549
3913,3.1022266279793763e-13,1.432556621369154e-13,1.0758896529670618e-13,0.8422516057267785
3914,2.7697724236010824e-13,1.1786087176263025e-13,1.4597906705091326e-13,0.857903272472322
3915,4.030551518710099e-13,3.8352717164796393e-13,3.007942625651969e-13,0.8200734173879027
3916,6.90059221127389e-13,2.145584388428947e-13,3.0856806614892447e-13,0.8598177034407855
3917,1.0030936628068162e-12,4.042259982770876e-13,3.8596864377635815e-13,0.9166372373700142
3918,1.4494777029885753e-13,1.3096142552187573e-13,2.000146038829447e-14,0.8462047565728426
3919,1.3629482870047242e-11,6.347298236562216e-12,3.3095988128204526e-12,0.8658020896837115
3920,1.1011503797472553e-11,1.2067999688451708e-11,9.031536806561638e-12,0.902788869291544
3921,1.939532789791169e-12,8.716625800945454e-13,9.423839499963376e-13,0.9057803120464086
3922,1.8229054014448638e-13,1.14604595260457e-13,9.759986030982909e-14,0.8268040334805846
3923,3.918749281909603e-12,5.677701570823986e-12,4.482354979337564e-12,0.8963927596807479
3924,2.79349425195949e-12,1.0012506043323053e-12,9.778704055323786e-13,0.9734167218208313
3925,3.850341574303527e-13,2.9388786137241454e-13,2.7415023740341286e-13,0.828840725403279
3926,3.3188986061099866e-13,1.8576783454866924e-13,1.5228565475829118e-13,0.8848270384594799
3927,4.3861368229336297e-13,4.963047625203081e-13,2.6965766920048083e-13,0.8085457308217883
3928,3.1156942316982157e-13,1.4851362873882922e-13,1.69704494109688e-13,0.8024301789700985
3929,2.164746452039341e-12,1.122367957470744e-12,9.334272279245372e-13,0.7752114747650921
3930,1.0143224806439091e-12,1.0215725926629554e-12,1.0079192373447635e-12,0.934994176030159
3931,3.486265787701823e-13,1.470790904066436e-13,1.4233567553124852e-13,0.8757263451814652
3932,1.8577247448004156e-12,4.1373400986842374e-12,1.864729515218643e-12,0.8155324187129736
3933,1.954290855524035e-12,3.0374695703921174e-12,2.0220381059965585e-12,0.8023446924053133
3934,5.17176932695029e-13,3.5787491686812627e-13,1.9766425822935387e-13,0.8521538889035583
3935,3.685128515742709e-12,2.743257357782027e-12,2.3327107979697867e-12,0.8759937033057212
3936,5.016246576926473e-13,8.518073896837322e-14,1.680059624932778e-13,0.8345344519242645
3937,7.470034620471578e-13,4.3907869396517155e-13,3.150854784822502e-13,0.837774855364114
3938,1.4193479797432316e-13,7.404659118420687e-14,5.023040654980172e-14,0.8612889902666211
3939,2.1257277131815715e-13,1.2097611488581934e-13,1.1049748244625418e-13,0.8229778960347176
3940,2.2415739149501208e-13,1.729570827775895e-13,1.2476076796012754e-13,0.842672617547214
3941,1.8282880894087004e-13,3.145161700180381e-13,9.469260193990225e-14,0.8012008882127702
3942,3.534064580445486e-13,2.1445903087878488e-13,2.0195549774425235e-13,0.8214415243826807
3943,1.7478555980021438e-12,1.2022146855411356e-12,1.0488865978835954e-12,0.9391809478402138
3944,1.4488413416950126e-12,7.859080867562427e-13,5.926164585734461e-13,0.8830260422080756
3945,8.264302494803906e-13,1.0233644373631292e-12,8.853147854149703e-13,0.8881799425929785
3946,3.381895353749724e-11,4.5579641198308906e-11,4.539484794504857e-11,0.9713613457977772
3947,6.441039273066401e-13,4.928713245437505e-13,3.069193227311454e-13,0.8564155820757151
3948,2.9311015521294784e-13,9.963800585480423e-14,1.4112735004703977e-13,0.804368055704981
3949,2.558206617788406e-13,5.3405374167471935e-14,1.1915240497642433e-13,0.8154871770180762
3950,2.830724618961355e-13,1.1632709462288884e-13,1.5481589184246314e-13,0.8917563498020172
3951,4.1785488924352646e-13,5.924861550159951e-13,4.3409146885599974e-13,0.8015246130526066
3952,4.142271629782355e-13,1.895551270513418e-13,2.1204070183046108e-13,0.870886891335249
3953,8.976588117710011e-14,3.227574995980331e-14,4.0296773313879206e-14,0.8615765862166882
3954,3.429449690170387e-13,2.2420585541454858e-13,2.2590014073156646e-13,0.8890165694057941
3955,1.7841698212209365e-12,1.5203176417583833e-12,1.2744852038667442e-12,0.8457214884459973
3956,1.710623803947722e-13,1.3487568272254901e-13,9.342797056687421e-14,0.8581702340394258
3957,2.8965123932126944e-13,1.5076320364307862e-13,1.2090333215159786e-13,0.9206437297165394
3958,3.7170887514362e-13,2.9778485779868996e-13,8.387345360846512e-14,0.8528791012242436
3959,2.129756347001549e-11,1.4073932697526434e-11,1.4139997189308155e-11,0.976808312535286
3960,9.628369766639716e-13,3.9286552353685665e-13,3.913440047087737e-13,0.9040791794657708
3961,3.1462996871304933e-13,9.347515958828726e-14,8.48989077012293e-14,0.8509606998413801
3962,2.9946670053644893e-12,1.490277966284988e-12,1.282702784453359e-12,0.7953517843503505
3963,8.461724173571923e-14,2.0628463281541256e-14,3.343581502577872e-14,0.8714212391525507
3964,2.9447029616041095e-12,7.906245591992493e-12,1.6088298655983514e-12,0.8579919919371605
3965,7.161248841992159e-13,2.583849264808645e-13,2.2896102571724213e-13,0.9003001421689987
3966,1.6680069332715056e-13,8.163755375241457e-14,1.0301607359640777e-13,0.839847101457417
3967,1.4721904243175657e-11,2.113509877916003e-11,1.2420767977124682e-11,0.7892460490576922
3968,3.8274170700601614e-13,3.332005925717351e-13,3.1293299438542296e-13,0.8688021754845977
3969,5.819834524611399e-13,4.797428824053653e-13,4.029039129450792e-13,0.8768308740109205
3970,1.0395987542008384e-12,1.3318522300983486e-12,5.698629543924769e-13,0.818478659261018
3971,2.587953656206992e-13,1.6830924440488174e-13,1.1893888569552926e-13,0.8403383174911141
3972,3.8045437610715415e-13,4.754794499323892e-13,2.635178761886759e-13,0.828811901435256
3973,1.4326127474924715e-12,1.0755615216325483e-12,8.921395947693896e-13,0.9733012691140175
3974,2.2006397773111694e-12,1.666988470494865e-12,1.6877546451952505e-12,0.9053786236792802
3975,5.115140164147636e-13,1.862832818275703e-13,1.656563669686408e-13,0.8086528945714235
3976,1.6095933966691566e-11,1.348426614100912e-11,1.335456382818263e-11,0.9851331561803818
3977,6.200305960824249e-13,8.577612736839251e-13,5.899784132567804e-13,0.9141923390328884
3978,2.2246515902003599e-13,2.1175841083412571e-13,1.6494800906690287e-13,0.8447505367919803
3979,1.6598523919637725e-13,2.9361849543808343e-13,1.5486109306906863e-13,0.8076367125846445
3980,5.844383710976113e-13,1.89423216211379e-13,1.8758759921748402e-13,0.9327443592250347
3981,3.4140232293860065e-13,5.066650099548598e-13,1.998783410437308e-13,0.7703039744868875
3982,6.158323576154325e-13,2.426693980400787e-13,2.063117362955528e-13,0.8952013928443193
3983,1.5085318393864113e-12,1.1870447935649162e-12,1.016716278788608e-12,0.9064109038561583
3984,6.08975368783209e-13,4.617302650426343e-13,3.1198969618010906e-13,0.8496636189520359
3985,1.5011104739892542e-13,1.5468075541890758e-13,1.1726174097237331e-13,0.830888710077852
3986,2.2430668271082376e-12,6.573577398442749e-13,4.540206100332147e-13,0.9376679107546806
3987,3.537216803481198e-12,2.47574902401093e-12,1.840303575010344e-12,0.9145601347088814
3988,1.150691866061716e-12,1.1350917676057012e-12,1.0064562078174806e-12,0.7863375842571259
3989,1.0855246649262299e-12,4.404119174972978e-12,1.1382285110576826e-12,0.7826759580057114
3990,2.4895276703159255e-12,1.1858835955112473e-12,1.0351924743940114e-12,0.9510828942060471
3991,6.144775705013343e-12,1.8474836463801694e-12,3.0081340793893446e-12,0.8276321157813072
3992,1.718491583373849e-10,1.0742653283272664e-10,1.1559594349412788e-10,0.8822930056601763
3993,6.052394035657814e-12,3.49327971683147e-12,3.921929897786492e-12,0.9127983830869197
3994,3.5098124013748597e-13,2.411974988371741e-13,2.5187247538416227e-13,0.81970484694466
3995,2.375713371391387e-13,8.321864889243249e-14,9.921038677838493e-14,0.8674733284860849
3996,2.627074014120605e-10,9.669910127553048e-11,9.500001058218015e-11,0.9776136919856071
3997,3.2177655177260917e-13,3.1968015190869553e-13,2.178929485274539e-13,0.8148973181843757
3998,3.090814759847528e-12,2.230964311055348e-12,1.515009203486505e-12,0.853034701757133
3999,1.0898431605370141e-12,3.2407500456853757e-13,3.91528594179374e-13,0.8355347936972976
4000,4.470028595295945e-13,2.0368180656909972e-13,1.8312195111381454e-13,0.8693584516644478
4001,3.224588565936941e-13,1.229364484530832e-13,1.272687205665036e-13,0.8832711480557919
4002,1.2040676487244267e-12,6.04401201657251e-13,6.492134815217102e-13,0.9384616740047932
4003,8.831120282946221e-13,4.429081498753175e-13,2.2539299583830757e-13,0.8227117002010346
4004,4.840493267125675e-13,7.316286755266609e-13,5.704908759394102e-13,0.851129443757236
4005,6.48384167112584e-12,2.4842878116577117e-12,2.1766738131474522e-12,0.8633821122348309
4006,1.2337101665442721e-12,9.70300478905134e-13,9.439909578051e-13,0.9106599111109972
4007,6.724197203412238e-13,1.0800252712605215e-13,1.6414719789262205e-13,0.9139619011431932
4008,1.1561531821218545e-13,5.82464868170983e-14,4.2818025489033053e-14,0.824121385999024
4009,6.039343568230573e-13,7.558851333957485e-13,2.0184835929765799e-13,0.7875961308367551
4010,1.197473807453119e-12,8.722890183005052e-13,4.68088068924907e-13,0.8444048356264829
4011,3.3814364083889913e-13,3.479879621395473e-13,2.8008438208979184e-13,0.8236700868234038
4012,7.688772547480655e-13,7.063355914655055e-13,6.3836615787426e-13,0.8459374591708183
4013,1.5221694371757406e-13,1.101500137135431e-13,1.182958143238057e-13,0.8420513408258558
4014,4.556217853594421e-13,4.499496809235728e-13,3.5411550936542915e-13,0.7847762372344732
4015,3.118677218860849e-13,3.471817871544904e-13,1.227356501728889e-13,0.7815758291631937
4016,4.213231229098142e-13,5.070627587723661e-13,1.6905970278743442e-13,0.8756159065291286
4017,1.7414759447620997e-13,1.7978063674655605e-13,1.356874586242491e-13,0.8494481567293406
4018,1.7597643514311707e-11,1.3313182637692353e-11,1.2635950149466526e-11,0.9412713356316089
4019,9.525144519664776e-13,4.500238816143666e-13,4.3082963983531715e-13,0.8567190563306213
4020,2.3702430465104043e-13,1.0869924915990302e-13,8.480040367547298e-14,0.9236093409359455
4021,1.4861007822132033e-12,5.521522847074083e-13,4.944654151081569e-13,0.843702994659543
4022,3.1310712550438703e-13,4.946568104023834e-13,1.312040119116107e-13,0.793850415199995
4023,6.140781548041295e-13,1.81569874164779e-13,2.453929879216591e-13,0.8292080583050847
4024,2.5350510202919585e-11,1.286209492823413e-11,1.3274927180661453e-11,0.9766849458217621
4025,1.194910510145495e-12,1.9810664371220905e-12,1.1769317709742504e-12,0.7682629134040326
4026,4.7402214491679e-13,5.53737624066657e-13,1.8949108543169804e-13,0.7967018507421016
4027,2.4061313733891966e-12,6.46831946072309e-13,6.454944207379244e-13,0.9749119475483894
4028,3.0249659081310526e-13,1.3056377595113506e-13,1.782711047685566e-13,0.8299105269834399
4029,2.8846995536397703e-13,1.6173865910845194e-13,1.7406220585942823e-13,0.8077893532812596
4030,2.105480645777007e-13,4.95138546722732e-13,1.1639501658183722e-13,0.7910219019744545
4031,1.0118523084905791e-12,4.613614424056713e-13,4.574791183788047e-13,0.8815032627433539
4032,3.289157011324619e-13,2.697253050760651e-13,2.335629987516607e-13,0.8768256861716509
4033,4.792128293574842e-13,4.699951045738707e-13,2.349743375870662e-13,0.7910388064570725
4034,5.600445833931412e-13,1.6962867105315244e-13,1.2439824820282257e-13,0.8757392099127174
4035,3.6402072493017156e-13,3.9178544315111037e-13,3.749123103562157e-13,0.914598673582077
4036,1.6904951339044415e-13,3.8368454959343996e-13,2.3011101526848616e-13,0.8208206907846034
4037,4.1393177613876956e-13,2.106952103324752e-13,2.505410361907721e-13,0.7881132561713458
4038,1.71296064159287e-12,1.9618280061040186e-12,1.3741157764827677e-12,0.8276352132670581
4039,1.7183392855453287e-12,2.0033502341676747e-12,1.716062688293411e-12,0.8938578709959983
4040,4.12459811942922e-13,5.508147555615908e-13,4.013200901280138e-13,0.8157263591885566
4041,5.1891195500964224e-12,3.643617920131715e-12,4.235985654775259e-12,0.8475159352645278
4042,4.1387800670769413e-13,4.3736556893106456e-13,3.363534963944414e-13,0.8729093231260776
4043,4.104628473653978e-12,1.315304183083665e-12,1.3183732693844902e-12,0.932972677797079
4044,8.156658888663092e-14,5.73529229419009e-14,3.0642390794814225e-14,0.865408930927515
4045,3.0934389495860256e-12,8.85358539865722e-13,8.628635173773475e-13,0.885328559577465
4046,8.807075948900454e-12,1.4647770189468173e-11,2.999390831194686e-12,0.7836498411372304
4047,1.2217666481787713e-12,7.00599134113444e-13,6.794287716826454e-13,0.905417001247406
4048,6.64742609375011e-13,3.508863769783874e-13,3.1139827008037373e-13,0.8380666675046087
4049,2.7074730707482437e-12,2.027353986163892e-12,2.0720241901338488e-12,0.9375388890504837
4050,2.3241036173342315e-12,1.0503273458906825e-12,1.4294887503437348e-12,0.8641410132870078
4051,1.1111327463935343e-13,1.0807497752696765e-13,7.927780157041362e-14,0.8212963209487498
4052,8.09823208490859e-13,1.9655790949884601e-13,2.4096668240666243e-13,0.8399821650236845
4053,2.1492816935058745e-13,1.6721967146843094e-13,1.3139702330021346e-13,0.8381542535498738
4054,2.2799402330376556e-13,6.663345017836755e-14,6.720596673320973e-14,0.8846853867173194
4055,3.0643268497315257e-12,8.508143081585853e-13,1.2357877750118383e-12,0.8531296880915761
4056,1.7450507151570983e-12,1.023525302460522e-12,5.830586414138216e-13,0.8079224346205592
4057,1.466184578981819e-13,6.628482033866572e-14,8.556621775310443e-14,0.84657938554883
4058,9.793063980177765e-13,6.252570513240836e-13,6.748529249882419e-13,0.80369269605726
4059,8.408366984484191e-13,7.32241301934994e-13,5.427393606525566e-13,0.7947499519214034
4060,4.4304256830023707e-13,2.5791611141308417e-13,3.0737335497694364e-13,0.8688878685235977
4061,1.1048037984796047e-13,7.241519961419122e-14,8.584142791704994e-14,0.8343590436503291
4062,2.260875081492208e-13,3.8754796487421867e-13,1.1652614190816643e-13,0.8127904226072132
4063,3.591983315029698e-13,2.41134913077241e-13,1.8763115590967285e-13,0.847770557180047
4064,8.56322457514799e-14,2.9392333144234045e-14,2.494922075596211e-14,0.8614961680024862
4065,1.5035586386707236e-12,5.472824243139303e-13,6.195744950789442e-13,0.9527176454663276
4066,1.0062218311281055e-12,1.2448253447324375e-12,3.371577641860576e-13,0.8093708974309266
4067,2.7345554912506742e-12,1.556522527386479e-12,1.576922086003241e-12,0.8807621091604233
4068,3.148510263704599e-13,4.1242047054948706e-14,1.2556894826599383e-13,0.8125128775835038
4069,2.786163082839754e-11,5.009971318762127e-11,1.4721245414173165e-11,0.7571392699610442
4070,5.594255594553718e-13,1.6917885625435915e-13,2.0467182560507812e-13,0.8921793309971691
4071,4.4329129617155035e-13,2.763741286295075e-13,2.889251986124609e-13,0.8730860132724046
4072,4.559794487820708e-13,1.8139103449507078e-13,2.694875394981532e-13,0.8771265860646963
4073,2.008186534430247e-12,2.7490755644235194e-12,1.5415359045764478e-12,0.8110641696490347
4074,8.455650834582122e-13,6.202558008585904e-13,5.607359569227634e-13,0.9120139956474305
4075,8.912147280116149e-13,4.524787592122231e-13,3.6661256046754954e-13,0.8921670045703649
4076,1.6026637490540666e-12,8.500005734348694e-13,1.0101249149265763e-12,0.8544182360172272
4077,8.732745580285136e-13,4.793970926174995e-13,5.143688641966867e-13,0.9082924246788024
4078,8.646418203973025e-13,2.5504734279194016e-13,1.9486262968511912e-13,0.9020966127514839
4079,4.781778346414677e-12,2.921636910834039e-12,2.900076456754384e-12,0.9412335276603698
4080,1.3845523902437641e-12,1.2992564748699927e-12,8.131061701267915e-13,0.7733372629154474
4081,3.5632928414389783e-13,1.9368581035746654e-13,2.26107188564805e-13,0.8504364816471934
4082,1.072030697680308e-12,1.5905819502679265e-13,1.9414266677805614e-13,0.8732207391411066
4083,3.026625114763429e-13,7.5225758931106e-14,7.838545362789203e-14,0.882540999352932
4084,3.978857814088414e-13,1.6704561294748098e-13,1.9778172435704244e-13,0.7991053163073957
4085,2.829989889900818e-12,5.101053234792951e-12,2.5894054748569125e-12,0.7749525586143136
4086,3.536801033804081e-12,2.892951617887777e-12,2.57530265136784e-12,0.858726866915822
4087,1.0312350720926134e-12,3.5588383686779737e-13,1.65099741974413e-13,0.9283432148396968
4088,7.4230606271506e-13,3.5268171514792873e-13,4.2363055369953843e-13,0.8800700083374977
4089,4.913467885869175e-13,2.6997780258940926e-13,2.474709689282143e-13,0.9220951229333878
4090,8.637058295968792e-13,2.235467190201772e-13,3.7142032342693333e-13,0.863083665817976
4091,3.1994811803215634e-12,1.926477468892449e-12,2.0278768988379803e-12,0.9154384940862655
4092,7.150690383365893e-13,9.638880661295136e-13,7.819712782041178e-13,0.7758094136603176
4093,7.308672169154648e-13,1.1059901698049252e-12,5.72024088464102e-13,0.8314774041995406
4094,5.744914270764031e-13,3.9065497006584584e-13,4.4254560258185415e-13,0.856390381231904
4095,9.472070404262403e-13,5.275497201486635e-13,6.056312840649926e-13,0.8381425192579627
4096,2.0748806624637524e-13,9.680952328928308e-14,1.0068948876922334e-13,0.8564845206215977
4097,3.421216380259761e-13,5.128569200190133e-13,2.389744814758664e-13,0.8467841716483235
4098,6.9772511575523806e-12,3.757618609502043e-12,2.094362130973942e-12,0.9578439578413963
4099,2.056821084152163e-12,1.072204458120089e-12,1.300663407814428e-12,0.8310800223611295
4100,3.3848284563296355e-12,2.2312057915713015e-12,2.2672949427021964e-12,0.9661856487393379
4101,1.647600791238417e-13,1.5293619818493315e-13,1.275461002596295e-13,0.9179913002997637
4102,5.449674244532609e-13,4.87804632607034e-13,3.045297485646088e-13,0.7990411465987564
4103,3.5007943777753403e-13,2.2636814330386123e-13,2.258434773821082e-13,0.8549993373453617
4104,4.811873808665365e-13,3.278834234405236e-13,3.282380981850842e-13,0.8693058656528592
4105,6.509970016004364e-13,1.7103356805432143e-13,1.5969156825870538e-13,0.8371206982061267
4106,4.650726311715496e-13,2.096957208901938e-13,2.4339473459835214e-13,0.8654854293912649
4107,5.547296222101096e-13,2.8206642619694573e-13,3.804295854108806e-13,0.8513820553198457
4108,2.275584834918606e-13,2.00198013116591e-14,7.339946135488577e-14,0.8177324058488011
4109,4.386960035064847e-13,2.0625725817605156e-13,2.284710220589887e-13,0.8536089455708862
4110,2.0159905147045478e-13,1.7588809559333446e-13,1.3168143222266122e-13,0.8292073617689312
4111,1.193647378724335e-13,4.474695483912546e-14,5.119417307811808e-14,0.8571350250393153
4112,1.6143014642375395e-13,1.3195405201709578e-13,1.1557896912379856e-13,0.8493173003196717
4113,1.8520298682499946e-13,2.2173598994285353e-13,1.0575559491429914e-13,0.8477159585803747
4114,4.236453762482901e-12,5.245088363711836e-12,1.639237909218575e-12,0.8242163129150868
4115,3.663200407071816e-13,1.7896418131968574e-13,1.906478401372442e-13,0.9015939086675644
4116,6.129445129647358e-13,6.015595663341887e-13,3.849796946297871e-13,0.8478838140144944
4117,3.469135914508926e-12,1.2984940574139368e-12,1.2985048729740232e-12,0.9767968356609344
4118,4.1802290184010016e-13,3.8274014808046673e-13,1.651010539504072e-13,0.7747958458960056
4119,5.134985773053039e-13,1.6995529394618105e-13,1.7750390508385091e-13,0.9485915444791317
4120,3.4171869441037077e-13,1.8887879979798818e-13,1.952223855398662e-13,0.8795510321855545
4121,2.3306559718098727e-13,1.1858649980918904e-13,7.331487183875626e-14,0.8579877022653818
4122,2.3668874801734456e-12,1.052306139142538e-12,3.7221718368767637e-13,0.8907827869057655
4123,9.541261721576302e-13,6.714836149870816e-13,4.2466044350293536e-13,0.902395099028945
4124,2.376913807003243e-13,1.7572442117923481e-13,6.398522583116656e-14,0.8410462934523821
4125,5.627133584798608e-13,3.176358525408819e-13,2.0752422429227555e-13,0.8202272620052099
4126,6.049421196928899e-13,1.4061868359010572e-13,1.7783853030077477e-13,0.9024968989193439
4127,5.301724952008233e-13,7.401867887970494e-14,2.1624828807565695e-13,0.7870268186554312
4128,6.391212587134566e-13,3.9337011079027425e-13,3.094939305451576e-13,0.8864085588604211
4129,1.298476583645102e-12,1.434705496540708e-12,1.285820794023065e-12,0.924578282237053
4130,2.6063745931117667e-13,3.928997430854514e-13,2.807947613226699e-13,0.9277096007019281
4131,1.082249677355855e-12,4.813106337635601e-13,4.3091054951810085e-13,0.9235086716711521
4132,1.695036774566381e-12,2.1712144469857693e-12,1.652135468860625e-12,0.851248818077147
4133,1.2012065244545946e-12,7.540631979394721e-12,8.713799745996311e-13,0.7583385472651571
4134,1.9281653244973634e-12,9.796934244871611e-13,1.3207460611910444e-12,0.8044405956752598
4135,8.847006815664487e-14,1.6495171083053076e-13,4.3584329014800935e-14,0.8327453695237637
4136,3.260684880392097e-12,3.5315558863001725e-12,3.3542239309680117e-12,0.9644986931234598
4137,1.6834181660627292e-12,4.3242178325880374e-12,1.094165445233058e-12,0.778727719001472
4138,2.4186842823726963e-13,1.7126881140218144e-13,1.4393272840517861e-13,0.8533624598756433
4139,7.158835945720688e-13,6.085757135686254e-13,4.356364155955497e-13,0.8798772808164358
4140,1.6433550062758385e-13,3.63317292989246e-13,1.266930164410439e-13,0.8016067278571427
4141,5.26634785213296e-13,2.6886293701658503e-13,2.708109704703601e-13,0.9119992759078741
4142,1.7220333396199427e-12,2.2309015393571317e-12,5.773174957733812e-13,0.8203188728541135
4143,2.756286990964535e-13,1.0855309198052128e-13,1.2223911842225782e-13,0.9090907584875823
4144,9.860990459817188e-13,7.442309232784528e-13,6.224882079934871e-13,0.8443952830508351
4145,3.25123416376424e-13,1.304900744348516e-13,1.6674931288443972e-13,0.855974025093019
4146,6.104967976243272e-13,2.2081149591874587e-13,2.5492727477142713e-13,0.9081522218883038
4147,1.8312013733865233e-13,1.0144056377759294e-13,1.3394041036275888e-13,0.8344848588109016
4148,7.953693961748305e-13,8.339446876624366e-13,7.172103141098101e-13,0.7742742777336389
4149,3.1611525280802974e-13,3.1510718957374487e-13,1.0480549276493178e-13,0.834623696655035
4150,1.5225404437803726e-12,6.183194139114044e-13,4.795551370133109e-13,0.9088992025703192
4151,1.1506951490098884e-11,1.1546762511585479e-11,7.878680190441574e-12,0.9013480626046657
4152,9.106049855733916e-13,7.137443300168525e-13,5.780600910925612e-13,0.7887654344551265
4153,9.438024748130472e-13,4.569912753521507e-13,4.862429148374972e-13,0.7930272053927183
4154,8.670417638452889e-13,4.579391132579466e-14,3.113904633898956e-13,0.8545077374204993
4155,4.2883506814986815e-13,2.3714486769260773e-13,2.449561432876901e-13,0.9350326627492904
4156,4.4174349530122345e-13,3.5184331823478764e-13,2.6065396478699033e-13,0.837271724268794
4157,1.3280653585075903e-12,1.2490589674108428e-12,1.1735126218179699e-12,0.9089069023728371
4158,5.916738595518469e-13,3.8270515141378376e-13,4.0356849480281165e-13,0.9021007996052504
4159,5.417371537013342e-13,2.4344952079267457e-13,2.028194680131714e-13,0.9703026071190834
4160,8.330510806974715e-13,5.744512572273831e-13,5.657570014078802e-13,0.9313738625496626
4161,5.575407880201219e-13,3.2790003300808824e-13,2.6425047474757863e-13,0.872985141351819
4162,6.074918261837314e-13,5.892819889389578e-13,4.585953943200159e-13,0.809562408272177
4163,8.603815198904129e-13,2.3354588155955336e-13,2.0337740621672593e-13,0.9127727020531893
4164,4.960303272598564e-13,1.5958675441661218e-13,2.2650447699388936e-13,0.8141093396581709
4165,7.856714034238238e-13,2.8650276645495394e-13,2.696968583588822e-13,0.9457187823951244
4166,3.3289464704766725e-13,3.4369306981200603e-13,3.147799677605791e-13,0.8517665004357695
4167,8.197556591596003e-13,1.6281929707221346e-13,3.046110162479761e-13,0.869472986832261
4168,5.966638365165498e-13,7.858116011060863e-13,6.135336101453278e-13,0.9572509247809649
4169,7.343386773984865e-13,1.0203438454391762e-12,3.580669985183188e-13,0.7600939157418907
4170,1.1786046670470614e-12,1.773736587026023e-12,6.379369093990965e-13,0.7944983228109777
4171,4.385365686143837e-12,3.3317688746746286e-12,1.5499482144739074e-12,0.8222241608425975
4172,1.5666625795125323e-13,5.373472827188939e-14,6.87765196007596e-14,0.8864362236112356
4173,3.3379957421128254e-13,1.2294281058392029e-13,1.6819561427422405e-13,0.8065683760680258
4174,7.617635041353676e-13,8.559789977933512e-13,8.233309765197096e-13,0.8419671453535557
4175,3.56733155900242e-13,3.3089887700364585e-13,1.8504786643922694e-13,0.8074223282746971
4176,4.2673802575207916e-13,4.618271360278323e-13,4.2012690346006684e-13,0.8382955202832818
4177,1.0049100622883676e-12,2.988271796850731e-13,4.682108731499157e-13,0.7979124675504863
4178,3.3361783371998206e-12,3.938419864607655e-12,3.1871408591089204e-12,0.8500404370948672
4179,4.012728169900476e-13,1.827432952020477e-13,1.9898507738261995e-13,0.8849489599466324
4180,1.4309678155330518e-13,1.1807033389751902e-13,1.2205353739617025e-13,0.8349096216261387
4181,9.511842905009994e-13,5.772932748321983e-13,3.1208174165555427e-13,0.9257709555327892
4182,3.8375419746741687e-13,1.8887870232286132e-13,1.1254034737307036e-13,0.8262887848541141
4183,2.610071013236674e-12,1.8258008866027634e-12,1.7289342620412573e-12,0.7588292289059609
4184,9.99931665955818e-13,4.927866708923972e-13,5.517749461450634e-13,0.9229459203779697
4185,4.7026928558422475e-12,2.3681897076847677e-12,1.339633365340891e-12,0.8679367054253817
4186,1.195190330209125e-13,7.202536924501575e-14,2.7661321774483787e-14,0.8598443634808064
4187,2.999850642744259e-13,4.65958153809395e-13,3.0021273544711923e-13,0.8628761969506741
4188,4.082577082632177e-12,6.739912419738209e-12,5.002893892319121e-12,0.8464889848604799
4189,2.451297760269656e-13,2.5270767094739036e-13,2.0516589798289055e-13,0.8545226851478219
4190,2.6976101377351426e-13,1.5729987560427381e-13,1.3299109877212753e-13,0.8122006432153285
4191,3.538763537609567e-13,2.943588631089883e-13,2.5836212928255217e-13,0.9017869558185339
4192,8.205765493659943e-13,4.337446383260159e-13,4.227211589494977e-13,0.9058075767010451
4193,1.3173131315998066e-13,7.090365361065394e-14,7.633935416532796e-14,0.8578133434057236
4194,1.0428029926957085e-12,1.474019605017995e-12,1.1916021691743565e-12,0.8675109624862671
4195,3.714167459667608e-13,4.542055580336563e-13,2.4668922282247727e-13,0.8825513644143939
4196,3.6275033851037707e-13,6.225539725720732e-13,3.020936308212317e-13,0.8245458630844951
4197,2.781641835606636e-13,5.815859410786055e-13,1.74649921502687e-13,0.8233224669471383
4198,5.0536862460601e-13,3.0523579564203723e-13,2.9102103897676145e-13,0.8594165353104473
4199,2.8849512036658076e-12,1.5265182313623286e-12,8.767359532889283e-13,0.9238260790705681
4200,4.661471878804949e-13,3.592034351539313e-13,1.9764676241901036e-13,0.8433254642412067
4201,7.20165854039642e-13,3.435604097611788e-13,4.58418226927829e-13,0.7781961500644684
4202,2.7590742046486955e-12,4.2727797098083544e-13,6.569574282079043e-13,0.8788729526102543
4203,6.435641592443645e-13,7.183837477023011e-13,5.771715514735657e-13,0.8081086546182632
4204,2.2405457748635394e-13,3.203955979775411e-13,3.0452898126894976e-13,0.9033750217407942
4205,4.1635516853907656e-13,3.1867372665816974e-13,1.3288864322075948e-13,0.7705161503981799
4206,4.760186053313674e-13,5.010747586003981e-13,2.572265702495125e-13,0.8338039569556713
4207,5.248965910553977e-13,1.7587996139262761e-13,2.2773146492028636e-13,0.8090862740762532
4208,4.2218252539313684e-13,3.389360037108024e-13,3.1318566975534865e-13,0.8571221133694052
4209,4.36238495856648e-13,1.470318105281416e-13,1.1833851588494025e-13,0.9376385174691677
4210,7.747067464854427e-13,3.6142625734624945e-13,2.1622378388753972e-13,0.8737576562911272
4211,1.9475868990168573e-13,7.558894302505982e-14,8.654455891990805e-14,0.8146477311849594
4212,1.90085739497307e-12,5.054789865049201e-13,5.406904691984518e-13,0.9705484360456467
4213,4.986069245511147e-13,1.5718016568763272e-13,2.9771516674980085e-13,0.7776678455527872
4214,2.2700039295301546e-13,2.310776126175366e-13,1.5359036047546983e-13,0.8462520446628332
4215,1.6395707933420507e-13,1.1153947552058524e-13,7.495842470832409e-14,0.8183167180977762
4216,2.7762030718332897e-12,9.333551612827704e-13,7.301205254467097e-13,0.8647840466350317
4217,6.2102249901749e-12,1.4098888121962414e-12,1.4737108381841332e-12,0.9558395892381668
4218,1.8647932051963987e-12,1.3594645810116599e-12,1.2384900532797571e-12,0.8237328635528683
4219,6.885871147490422e-14,2.7037641098639123e-14,3.115166236289107e-14,0.8535816371440887
4220,1.5717598741437673e-11,1.4582635598334394e-11,9.027861386311671e-12,0.7619626213330776
4221,1.9883336479221913e-12,3.194478139850847e-12,1.3794175723227011e-12,0.9168378815054894
4222,1.1631194148307652e-13,9.577730336449465e-14,6.770572825789934e-14,0.8340466640889644
4223,3.456154641571216e-13,2.8919197762594214e-13,2.668652431751374e-13,0.8562477372586728
4224,1.6884103090111447e-12,1.018676727135593e-12,8.747411429706411e-13,0.7811185490339995
4225,5.242002485660348e-13,2.0607547324639624e-13,1.7410596830572596e-13,0.852775133214891
4226,8.457873487553674e-13,2.911036406371432e-13,3.3287508069023736e-13,0.9017463449388743
4227,1.0302219354622169e-12,6.78024894763824e-13,7.375629534565908e-13,0.9002954259514808
4228,3.28677528528068e-13,1.515386024658741e-13,1.6110325185226744e-13,0.9001974411308765
4229,2.5927090921066276e-13,1.5836664933727908e-13,1.93120909035243e-13,0.8331058403477073
4230,1.628763164575369e-12,8.363013796306086e-13,1.037171812684509e-12,0.8546377710998059
4231,1.9837330629664791e-13,2.543824210264424e-13,9.960528501858641e-14,0.8145085395313799
4232,5.444081884209351e-13,2.4788008507159104e-13,1.3429508432318197e-13,0.8291986665688456
4233,1.0841951076515994e-12,5.807913884630457e-13,3.181341495902689e-13,0.8709756767377257
4234,7.053797751119388e-12,4.732076725106717e-12,4.5093835974310125e-12,0.9790767163038254
4235,6.609080125919373e-11,3.713709745168605e-11,4.3906525495990844e-11,0.8989988468587399
4236,7.649905099135639e-13,4.232792824514624e-13,3.422368997096256e-13,0.8053862768225372
4237,2.6760024174496445e-12,8.681606771815889e-13,1.1996651923366572e-12,0.8719516735523939
4238,2.7187348876503817e-13,1.9474559606597153e-13,1.9036333124585045e-13,0.8985510773956775
4239,4.3095158232170265e-13,3.072496485696796e-13,1.1976868423661623e-13,0.8476959062740207
4240,8.131536425593017e-14,1.0711751714797673e-13,3.804957126823573e-14,0.862242573685944
4241,1.386462970129749e-12,8.945354402339875e-13,7.610046020912263e-13,0.8597810758277774
4242,2.262355012585538e-13,6.462503556454635e-14,9.449330549948175e-14,0.875494472682476
4243,8.135767594061261e-13,4.1171849009639915e-13,5.44683971106766e-13,0.8238487765192986
4244,2.1948434658195787e-12,2.481506906938618e-12,2.0021979422207376e-12,0.8851652901619673
4245,3.8102677111683646e-13,2.6490088506783603e-13,2.5771695410280654e-13,0.8841298587620259
4246,5.925361303417628e-13,4.0028775137331845e-13,3.7553254503651185e-13,0.8856811206787825
4247,5.54073472947897e-13,6.220479204959672e-13,5.219078076847874e-13,0.863691820576787
4248,2.601293982156064e-13,1.9286026355105724e-13,1.7633588753372044e-13,0.8108098823577166
4249,1.997294094734224e-12,9.273005941002042e-13,1.0289234720137465e-12,0.9184301532804966
4250,2.1777407650751783e-13,5.356517807093364e-14,7.144481718771269e-14,0.8622588055208326
4251,2.6400298508023546e-12,4.439609396360581e-13,1.0353435439912382e-12,0.8531807711347937
4252,3.5945979580221774e-12,1.6566259874253086e-11,1.8861073142433926e-12,0.7530110050924123
4253,1.766126502838352e-13,6.562030084308446e-14,8.004159341500033e-14,0.8667843783274293
4254,2.978537384193183e-13,2.8948989904136396e-13,2.9081926921144026e-13,0.8749905742704869
4255,1.280324074147468e-12,3.664110091488742e-13,4.1634354258896754e-13,0.8749784447252751
4256,3.505530655627964e-13,2.2898853407681273e-13,1.8369854769211057e-13,0.8066493386402727
4257,5.434358024642595e-13,5.003662438774307e-13,4.395695786638387e-13,0.8724115163087844
4258,6.641297456973529e-13,2.2230781725341837e-13,2.1298097242753456e-13,0.9008867055177688
4259,3.482862794495254e-13,5.52763580449834e-14,9.948738699041121e-14,0.8347877349704504
4260,3.9031414392170985e-13,2.6232118341217264e-13,2.5825274833112723e-13,0.9187077391892672
4261,6.39044054134793e-13,9.98660380279737e-13,8.655681152333716e-13,0.8516656808555126
4262,5.786978154695708e-13,8.292181678036006e-13,3.503280806164916e-13,0.7754757993388921
4263,4.351112768944438e-13,3.1577498379273813e-13,3.062783242573301e-13,0.8935540791600942
4264,3.6543141487080904e-13,1.5724522482558236e-13,1.5410372577008846e-13,0.8607896292582154
4265,1.2160049976647498e-13,1.5196689930435765e-13,5.416602981660368e-14,0.8383387623354792
4266,6.654630776947048e-13,3.272483706818315e-13,3.591654163102426e-13,0.8689608244225383
4267,2.7949719872116405e-13,2.0588868663224472e-13,1.9658170544053358e-13,0.8694027021527291
4268,2.1137565731757437e-13,8.498961112364896e-14,6.196533172801726e-14,0.9133330814540386
4269,4.0127773183839263e-13,4.284515333864246e-13,3.753995170937956e-13,0.8400855934247374
4270,3.7252205202697775e-13,3.473927039517531e-13,3.2727491383918207e-13,0.8445930747315288
4271,2.287318168748762e-13,1.532604069784088e-13,5.2288919254455374e-14,0.8649435862898827
4272,1.7827237933915293e-13,8.623424445753117e-14,9.78044565907484e-14,0.849387122131884
4273,4.0833625200912544e-13,2.962496611182352e-13,1.3175440751048713e-13,0.8152679912745953
4274,5.125577835040718e-13,2.9082768446342104e-13,1.8738518319177904e-13,0.8682540822774172
4275,1.7071509551504222e-13,1.4250186149541594e-13,7.586978049594647e-14,0.8713332757353782
4276,1.6400733912353385e-12,1.143635801438313e-12,7.898132012291322e-13,0.9126439481973648
4277,1.8856597343586129e-13,1.1189996884102637e-13,8.994267908245967e-14,0.8362203883007169
4278,3.724686557082371e-13,3.170217953911581e-13,2.2348060293523255e-13,0.9116240382194519
4279,2.714103682134035e-13,9.934618987587725e-14,7.717811575573007e-14,0.7929876323789358
4280,3.5788435812468205e-13,1.23056311495627e-13,1.3526576263465496e-13,0.845880858041346
4281,1.2887197740376595e-11,7.989547287573285e-12,5.529828939516011e-12,0.9313020199537277
4282,2.4470843916321437e-13,3.743198656811463e-13,2.1171005732797128e-13,0.920091611891985
4283,1.4277993553023203e-12,3.606201543117026e-13,6.781229217377293e-13,0.8627595279365778
4284,3.68504839908541e-13,3.067337881269735e-13,2.906207211918328e-13,0.9433744132518769
4285,1.1655902840588371e-11,9.817660285259641e-12,8.810572777602554e-12,0.8989587038755417
4286,2.0652100005740192e-13,2.7586202435115324e-14,4.0247224843477204e-14,0.8640086695551872
4287,2.779076880584242e-12,4.4760376363133935e-12,1.506484639205042e-12,0.7757595416624099
4288,1.0226965677037875e-13,1.786062555851693e-13,4.8369433142243745e-14,0.8147973393090069
4289,1.1804554667232025e-12,2.7553164337092533e-13,2.2116869163765399e-13,0.873634622246027
4290,1.5181982845664485e-12,3.3485039713778843e-13,3.758005382823282e-13,0.8717692319303751
4291,4.1867469759497117e-13,7.553097208652499e-14,1.3059246281836988e-13,0.8358064094558358
4292,3.4210801222640305e-13,5.564688940458219e-13,1.7612806844209105e-13,0.7962920783087611
4293,8.781421991905231e-14,1.344880001135517e-13,4.620227856624661e-14,0.8032322963699698
4294,3.735964102854181e-13,2.126128355461933e-13,2.2460258227444698e-13,0.88268336430192
4295,2.83045182162421e-13,2.502328322211708e-13,2.0719342204266208e-13,0.8558515748009086
4296,8.887640593788993e-12,1.2205783962870124e-11,8.544524641579264e-12,0.8439391786232591
4297,2.9186165382191265e-12,1.5089955409954221e-12,1.5539274697669361e-12,0.9713603913784027
4298,9.641025406453908e-13,3.5535094492654046e-13,2.559524632165985e-13,0.9517787866294384
4299,2.760172636562396e-13,1.657850668169484e-13,1.6285136575863532e-13,0.8810368256643415
4300,3.7206933108865946e-13,2.2386725498190773e-13,2.0275797152453457e-13,0.8346351221203804
4301,5.569001157532302e-13,8.07540662272151e-13,3.5010598703783875e-13,0.8238393003121018
4302,4.460197264845602e-13,2.836944353322673e-13,1.9339712379554866e-13,0.8950325932353735
4303,5.467961603165638e-13,3.971631400043175e-13,3.4738085341609913e-13,0.9004826303571463
4304,1.7699397863540387e-12,2.1621457840708723e-12,1.5478821838952342e-12,0.7938382306136191
4305,1.1985540930703857e-11,4.165182868706966e-12,4.280012759301631e-12,0.9583049178123474
4306,7.320755332226987e-11,1.5421596225690104e-11,1.5220668984042444e-11,0.9715268023312091
4307,4.3999172011690175e-12,1.3671878328087786e-12,1.9436502289387572e-12,0.871606671065092
4308,3.200247928422712e-13,6.014575715469568e-14,9.049205915097557e-14,0.8798144824802876
4309,1.620170894402658e-12,1.7521889070645942e-12,1.0376951210489364e-12,0.9048613503575325
4310,4.831006355652599e-13,2.6711564784039635e-13,2.0115427342483753e-13,0.8269909377209842
4311,7.112143299994024e-13,1.6468483645434834e-13,1.293195496044317e-13,0.9153752490878105
4312,1.851470449064733e-12,1.3962889175766767e-12,9.476266915543074e-13,0.8312401622533798
4313,1.3963037839842366e-13,5.922655876678238e-14,7.253973578494427e-14,0.8518117291852831
4314,2.8175074242260065e-13,1.4840132937757772e-13,1.451991793940714e-13,0.8343194322660565
4315,9.080402029588453e-13,3.1206704444364215e-13,5.536008740857555e-13,0.7994778899475932
4316,2.533762820761411e-13,2.2655760022888654e-13,1.5734084433714765e-13,0.8576469996944069
4317,1.573743248563155e-13,9.131318506750534e-14,6.461062877816524e-14,0.8465467970818281
4318,8.984237614703099e-13,8.970015751153698e-13,4.177778476926446e-13,0.8231835115700961
4319,1.1296766712446976e-11,6.404909642550387e-12,6.42502154764119e-12,0.9660305872559547
4320,6.35689477799774e-12,2.107123820759774e-12,2.167144483617348e-12,0.9601338699460029
4321,5.948392231413682e-13,1.3155394334295061e-12,2.970531405723895e-13,0.8148292739875614
4322,4.360451248958774e-12,1.4431705264748798e-11,7.432744425191306e-12,0.9486621148884297
4323,5.270670450623203e-13,3.1858887568816663e-13,1.455620201999064e-13,0.8346313510090113
4324,2.697654306894214e-13,1.1526106122485013e-13,1.5523397508960875e-13,0.8463664503768087
4325,3.802220370118652e-13,1.0448140157887699e-13,1.6468573046383805e-13,0.867505724914372
4326,7.92632724474341e-14,1.7447985433601875e-14,2.0231405343611682e-14,0.8433702416718006
4327,6.109175912097641e-13,9.55271124970392e-14,2.8757986402864713e-13,0.833477695658803
4328,4.611237116687157e-13,2.561538183543585e-13,2.9706770225412493e-13,0.8957980144768953
4329,6.52256799157403e-13,7.664995130183242e-13,2.439727337827502e-13,0.8206346682272851
4330,2.1359368890870046e-13,1.1754484256259027e-13,9.222483760975693e-14,0.8161028097383678
4331,1.735479232331539e-12,3.2270719853318787e-12,2.222220133752216e-12,0.7788182441145182
4332,1.720639986746741e-13,3.657076581506745e-14,4.7458925746140135e-14,0.8666581183671951
4333,2.1450660197974928e-12,8.035852246092899e-13,4.912914070945246e-13,0.9051663026213645
4334,3.318056371955327e-13,8.114829035363342e-13,3.5434340389670693e-13,0.8026773640885949
4335,3.2404021107261793e-13,1.3883987203798863e-13,1.7322312218667834e-13,0.8874487955123186
4336,5.237131786576587e-13,4.169808020227039e-13,3.9167179431865654e-13,0.8632560132071376
4337,1.6703565329260458e-12,1.4984973392289785e-12,1.3251272459809021e-12,0.8975577186793089
4338,1.0012998374168054e-12,3.4077140375806875e-13,3.183595185541457e-13,0.9351996507495641
4339,6.132872019684939e-12,4.3663076466542334e-12,4.531753680175369e-12,0.9639137238264084
4340,4.777063839466515e-13,4.8291435960637e-13,4.01202383715157e-13,0.9116826795041562
4341,9.451517368519059e-13,2.7841278828520964e-13,4.1464598272207237e-13,0.8510149490088225
4342,2.683965277074947e-13,1.0307138424473953e-13,7.544245029304925e-14,0.8616725169122219
4343,2.6749976800792785e-13,1.7508600600656788e-13,9.30001145104416e-14,0.8259977938607335
4344,5.27812578356415e-13,4.2389286568066744e-13,4.1114109350808656e-13,0.8755246959626675
4345,2.821603798542385e-13,1.666595426033862e-13,1.9177007818107094e-13,0.8646384205669164
4346,9.645779927012382e-14,4.843958708687332e-14,5.13170486949979e-14,0.8805423207581043
4347,1.0335026907065407e-12,3.2379476955971087e-13,5.006278298415341e-13,0.9052810035645962
4348,1.1964848324514488e-13,1.792516710127942e-13,1.1574517195083786e-13,0.8611536452546715
4349,2.1188416596636148e-13,5.837702660524891e-13,1.171202582433338e-13,0.8257085007615388
4350,1.3413376289924148e-12,4.342524098240569e-13,4.571300590788472e-13,0.9409271389245987
4351,1.120050188190471e-11,1.1496043718248467e-11,1.0305960850048577e-11,0.8689123578369617
4352,2.810596632509149e-13,1.1928889843299714e-13,7.609078781936878e-14,0.8458047332242131
4353,6.454102034855592e-12,8.371563345478427e-12,5.015735148483389e-12,0.8714071452617645
4354,2.116241757611226e-12,2.6729201527205073e-12,1.208350006774678e-12,0.7721526909619569
4355,8.415990348887027e-14,2.6285625184159155e-14,3.139382407648848e-14,0.8294813005253673
4356,1.4423152839268144e-12,1.7800568816526853e-12,1.4815687494270074e-12,0.9029091171920299
4357,2.776628771078114e-13,1.5630398922087526e-13,1.1328424580108547e-13,0.8871189910918474
4358,3.763493858750426e-13,3.9099198957091423e-13,3.455889259227049e-13,0.8537085117772222
4359,4.1452337516174775e-13,2.4685193381652183e-13,2.7827854370779164e-13,0.8328645322471857
4360,2.093424780682767e-13,8.569050157939034e-14,8.610422694944358e-14,0.8819750938564539
4361,5.715591405804602e-13,7.896425055288133e-13,3.12194181254067e-13,0.7948179286904633
4362,7.88386477860737e-13,8.978000923416626e-13,7.597423538652188e-13,0.8704205568879843
4363,3.645177834952458e-13,2.6206280573907577e-13,1.8287347156458323e-13,0.8057966199703515
4364,4.725680254736101e-13,2.358204710622901e-13,1.8854303364996906e-13,0.8635500470176339
4365,1.1322972070062532e-12,3.4356783415152424e-13,3.7916340375856296e-13,0.883530417829752
4366,6.537335906403048e-13,1.4306956387709577e-13,3.331391420160377e-13,0.7977875180542469
4367,1.4760531329706293e-12,1.5430600567004739e-12,1.1978571018064674e-12,0.7772246413864196
4368,3.415015942589896e-13,1.7543491427582528e-13,1.2924272211028216e-13,0.8747009340673685
4369,6.582187315661333e-13,2.452995248700825e-13,3.1438609555144817e-13,0.8662021672353148
4370,4.60796393134783e-13,1.367198211059967e-13,1.4942188503529926e-13,0.8999725207686424
4371,5.679169855892659e-13,3.443989588910506e-13,3.0263226915143376e-13,0.9247215054929256
4372,8.848557865176698e-13,8.632653263325747e-13,3.9998477040662457e-13,0.8923076454550027
4373,1.178868323777008e-12,1.4806892383898007e-13,4.832782663506147e-13,0.787522080168128
4374,4.520792357546258e-11,1.464393012086301e-11,2.1278226457060593e-11,0.8545755371451378
4375,1.2285732263796e-13,7.048208521313212e-14,7.636824565445778e-14,0.857360327988863
4376,6.098016557749497e-13,7.034141204860804e-13,3.727130761851888e-13,0.7946443346329033
4377,9.038223823332183e-13,6.423451464753132e-13,6.196654123703528e-13,0.9111916497349739
4378,7.064810712922918e-12,4.030682578644021e-12,3.1495333516572306e-12,0.9422775059938431
4379,6.209666664691037e-13,5.364683842838527e-13,4.1942295375734563e-13,0.840571878105402
4380,2.844830335567419e-11,7.459857588510742e-12,8.827554814804443e-12,0.9321890108287334
4381,4.100053633059475e-13,3.842809343122477e-13,2.424991319580283e-13,0.8275413952767849
4382,6.943826618655482e-13,8.049329442042604e-13,7.513616693033867e-13,0.9522305205464363
4383,1.2465857776484278e-12,2.8968748219812504e-13,2.1788408155385146e-13,0.9363693289458752
4384,1.3223358346647611e-12,1.6007371872675547e-12,9.104708059939334e-13,0.8434585964307189
4385,1.4686754209781079e-12,7.512189245234793e-13,7.121135945546588e-13,0.9523890435695648
4386,5.184826404260677e-13,3.148934512100371e-13,3.799891358290599e-13,0.8144751461222768
4387,1.3453351132759546e-12,9.677536209058852e-13,9.990810558511524e-13,0.9433149375021458
4388,8.735586532780619e-13,3.1661229296455517e-13,2.4770060959553587e-13,0.881469065696001
4389,2.000284648407836e-12,1.4540977939625539e-12,7.627617665252423e-13,0.9258130703121423
4390,7.299717107694152e-13,9.87124608822762e-13,5.876883867427807e-13,0.8215452499687672
4391,1.8969908180566076e-13,1.379272688934929e-13,9.734052561233464e-14,0.8209857117384672
4392,5.143227236395295e-13,4.1562956180778974e-13,1.9689340897788498e-13,0.8281984923407435
4393,6.66942090158193e-13,8.713116624802649e-13,5.744389897899112e-13,0.857307492941618
4394,1.1051585972934696e-12,2.6715410341997827e-12,1.3717866619317199e-12,0.8508501015603542
4395,4.1555157787433876e-13,5.947726642988499e-13,3.1048029063682516e-13,0.8018629853613675
4396,1.0196482719103631e-11,6.3073892657314564e-12,6.330550686090802e-12,0.9814278215169907
4397,7.914636086733399e-12,4.961505841198358e-12,3.375976640505392e-12,0.8827186241745949
4398,6.3004714754193985e-12,3.4065738573497242e-12,3.3947381800187094e-12,0.9744508758187294
4399,5.238151811822378e-13,4.132261788618805e-13,3.717592577047341e-13,0.8714169068261981
4400,1.171939114129282e-12,9.733446930233209e-13,5.589546696618061e-13,0.8482887238264084
4401,3.7958154130841316e-13,1.671988392093592e-12,1.876826297772866e-13,0.7627160856034607
4402,5.203475485237777e-13,2.466914981745196e-13,2.4949562422740826e-13,0.7841427703388035
4403,1.915851797822714e-12,7.938926913644348e-13,6.861124595967978e-13,0.9068123914301396
4404,5.652549437756969e-13,7.483531113091882e-13,4.046736379874041e-13,0.7939169581979513
4405,2.6276601556678436e-13,2.2516441784863554e-13,2.2506441490366816e-13,0.8503095246851444
4406,2.1599895052996823e-13,1.4471915890400504e-13,1.163799957582832e-13,0.8588863667100668
4407,1.1577290483535805e-11,1.9616133629142736e-11,3.911146727939354e-12,0.8363979458808899
4408,3.901295404808648e-13,2.802264411874509e-13,9.298040646107409e-14,0.8148509178310632
4409,4.249923967165638e-13,2.9146527744272026e-13,2.2111987022283658e-13,0.8677023323252797
4410,3.806619597021272e-13,7.197079889055713e-13,3.7909441459270604e-13,0.7903555856086314
4411,2.2270683609010716e-12,1.5574089624820996e-12,1.5623773785733166e-12,0.9689667284488678
4412,5.718294389296784e-13,3.9529009100516924e-13,1.7554216586544656e-13,0.8175209691748023
4413,7.545197543833724e-13,3.962251874700238e-13,1.6262592792154172e-13,0.907969756796956
4414,2.9385649143887627e-13,1.8601825520929022e-13,1.6140508204212326e-13,0.7839567256625741
4415,1.0692368755392919e-12,9.8407387960803e-13,6.468261761339617e-13,0.9237831518054008
4416,1.242030262209392e-12,2.0208876668243032e-13,1.641941846275339e-13,0.9668364755809307
4417,8.730691703804326e-13,2.1334148595753682e-13,2.692803271652139e-13,0.8255076095461845
4418,1.112850036594318e-12,7.698095650977574e-13,7.594771709538296e-13,0.8611463140696287
4419,1.4506293735280928e-13,7.965938331227673e-14,7.689208699004883e-14,0.8565033577382565
4420,8.652190007976535e-13,6.143119846755886e-13,6.457192704025366e-13,0.9192053657025099
4421,4.890408111113042e-13,3.293419353876104e-13,2.4411075631844797e-13,0.8841444473713637
4422,1.4211545328730617e-12,8.204522815811495e-13,9.42169690548673e-13,0.882071154564619
4423,1.8945514916098714e-12,1.1401315717714684e-12,1.3182204843355025e-12,0.7953657951205969
4424,1.482727488768352e-12,1.5394643637482094e-12,1.3764915872104955e-12,0.9368924513459206
4425,1.3183733820708327e-12,6.345131995922991e-13,6.993678372155575e-13,0.9367913104593754
4426,5.86140780031579e-13,4.515398274879604e-13,4.548402271483745e-13,0.9286023303866386
4427,4.3472192375710316e-13,5.298674783272982e-13,2.9832118929541845e-13,0.8169515894725918
4428,1.1534945343228426e-12,1.0936917193888855e-12,1.0838181629416026e-12,0.8177405891008676
4429,6.039233751891012e-13,3.5403717848618653e-13,2.437568103983615e-13,0.8619560334831476
4430,3.2070661949132783e-13,1.223016667817268e-13,1.0950890406371714e-13,0.835759237781167
4431,4.2758339105286025e-13,2.9515304013874477e-13,2.0571975296229797e-13,0.8734980765730143
4432,4.943569967389628e-13,1.43741490315993e-13,1.842427812331934e-13,0.8957016032189131
4433,8.44276188000906e-13,8.176142864343633e-13,4.704302742482481e-13,0.8206695994362235
4434,3.93654897094956e-13,1.600215294966231e-13,1.7104375619600737e-13,0.8923931922763586
4435,1.0659771507071594e-11,3.277808560456975e-11,8.351670006623584e-12,0.7584626452997327
4436,1.1842957338951567e-12,5.544239191032636e-13,6.162235823071009e-13,0.9193940259516239
4437,3.740986778710319e-12,1.9702502058565806e-12,1.7156827094083113e-12,0.9140927739441395
4438,1.0108027477543914e-11,3.0402497426713607e-12,2.7318836058660833e-12,0.9608389064669609
4439,3.5119799103644015e-12,3.3962607480970863e-12,3.392603207699741e-12,0.9600385032594204
4440,4.493042987938726e-12,1.3588532859038224e-12,1.568568259891818e-12,0.8682569304481149
4441,1.8463734006846887e-13,4.7174110799652946e-14,6.099423553556353e-14,0.8613681875169277
4442,5.198415271677474e-12,5.315276768121918e-13,1.731182143566113e-12,0.8422442877665162
4443,6.563924386053424e-13,2.7974285819879013e-13,2.2264250325490535e-13,0.8340579967945814
4444,2.1973925192153908e-13,3.2940350158149167e-13,1.2329372589408485e-13,0.7817809401080013
4445,3.5132677590910823e-13,2.803999801612504e-13,1.8219016516980873e-13,0.8628793474286794
4446,6.867249254274532e-13,5.886563828105536e-13,2.9122293556665613e-13,0.812103271111846
4447,8.383685206094661e-12,9.64015220634742e-12,9.32799977663148e-12,0.9499734118580818
4448,4.7338235367361997e-11,3.1515313769022416e-11,3.078314218427811e-11,0.9689233567565679
4449,4.0622625091865484e-13,3.5370251039497265e-13,3.135402872023033e-13,0.874387888237834
4450,4.1906149547160033e-13,3.9546869305101237e-13,3.591037377391687e-13,0.8750723486766219
4451,6.627744682437982e-13,2.5028644351425474e-13,2.0378645251611977e-13,0.7949386719614268
4452,9.58080596984437e-13,5.923647987016412e-13,5.096280725243382e-13,0.859188468195498
4453,1.0761329116480232e-13,2.9616709607290845e-14,4.0922899804179706e-14,0.8595603620633483
4454,5.299066805593201e-13,1.8287937569024273e-13,1.7796232797189074e-13,0.939085291326046
4455,1.0036461894880281e-13,8.797665536842374e-14,8.439298402103335e-14,0.8402239093557
4456,1.2487159862731295e-12,7.55367463663435e-13,5.597019521853549e-13,0.9554351538419723
4457,3.1897487362296246e-12,2.2282585996232657e-12,1.8713868692117475e-12,0.8444244109094143
4458,8.206891587064696e-13,2.2392969115652005e-12,6.236405326678004e-13,0.7758527109399438
4459,6.974178071606553e-13,1.4099983349585422e-12,4.208133176012086e-13,0.7776746151503175
4460,2.597452316354525e-12,1.3514755241164595e-12,1.491941094333554e-12,0.8962843254208565
4461,6.085922771679699e-13,1.147647434411368e-12,5.644521325198182e-13,0.8082796066068113
4462,9.249322542093937e-14,1.0802521121539985e-13,7.148333716825578e-14,0.8492251737043262
4463,5.738233875854901e-13,4.2390270716098757e-13,2.8789783334071614e-13,0.815620688162744
4464,4.0339074139786254e-13,7.859663928713014e-13,3.090356878952541e-13,0.8108671565540135
4465,2.8159573996149033e-13,2.711626812563236e-13,2.701742670158494e-13,0.8348112424835563
4466,3.863750713388511e-13,4.171698415919048e-13,2.933014525946321e-13,0.7932216117158533
4467,1.5174268776532132e-13,1.8355130619219289e-13,1.0465003672909684e-13,0.825966689735651
4468,2.934436366904719e-13,2.671224123751272e-13,1.8257016134712108e-13,0.8803435992449522
4469,4.08166114397715e-13,1.3131139375362874e-12,2.1108861741223746e-13,0.8038977751508355
4470,1.4206033522846525e-13,9.59513276580251e-14,9.195772809233878e-14,0.8808535777032376
4471,7.15374153065973e-13,5.217455466061037e-13,4.3295584504845125e-13,0.9052733790129424
4472,1.8760401679045407e-12,2.021885043248238e-12,1.7708598683793184e-12,0.7686575290746986
4473,1.3254590750987595e-11,1.5717245258403715e-11,9.441046734144887e-12,0.8391951635479927
4474,7.870826315424653e-10,6.926608100327725e-10,5.807650610273073e-10,0.8886769928038121
4475,1.0870619832831266e-11,2.3163631892501848e-12,4.506964592414976e-12,0.7451391561888159
4476,3.5699013758602876e-13,3.123103371996424e-13,2.2424942795411935e-13,0.8475574851036072
4477,4.0667413229944207e-13,6.334996443449922e-13,2.986693862963588e-13,0.7863368549384177
4478,8.438163460674604e-14,4.671835729884756e-14,3.8358754685322334e-14,0.8605158641934395
4479,9.093911284245918e-14,1.2108285733060808e-13,5.811693630239546e-14,0.8159357813186944
4480,1.1458576446911584e-13,4.2602648202059646e-14,4.6498043669992614e-14,0.8515137162059545
4481,2.728944639171607e-13,9.576051749528319e-14,1.57770958547906e-13,0.8410465233027935
4482,7.736521568232343e-13,5.153734817974573e-13,5.820436799342918e-13,0.8468107772991061
4483,5.140430613679813e-13,9.04247536557113e-13,7.077098095155648e-13,0.8794444128870964
4484,2.44483686840241e-13,3.116518824226864e-13,1.5037620519688977e-13,0.8064746064133942
4485,1.1149851970839877e-12,1.460707400997602e-12,7.499241194380624e-13,0.9325174398720264
4486,2.1880262508489907e-13,1.9470750141130627e-13,1.882065081453862e-13,0.8895532954484224
