Sample,Raw_RMSE,FCED_RMSE,SRCG_RMSE,AlphaMean
1,7.649711452173597e-14,6.011252143283564e-13,5.849267482642226e-14,0.6764455289870966
2,8.944077059828203e-14,1.5537692579833492e-13,7.632735228634973e-14,0.6726153184252326
3,5.710217824286409e-14,7.828976005953688e-13,4.924847201894518e-14,0.6811396272678394
4,1.671003630449638e-13,5.116511762082118e-13,1.284526439169033e-13,0.7048101866850629
5,5.360874790525882e-13,2.4339156207456313e-13,3.013777187586982e-13,0.7206086424412206
6,3.279737974662004e-14,6.119108027875187e-14,1.4090221833249328e-14,0.6804227801447269
7,6.983963073495206e-14,7.901846106183589e-13,5.757581923236973e-14,0.6838373421749566
8,5.1658239720362124e-14,7.890629018857922e-14,2.1996234339899203e-14,0.6911276210215874
9,3.3392639797685004e-14,8.835660176516621e-14,2.3580264906024523e-14,0.683248121017823
10,3.453298796547517e-14,3.591013533751705e-14,1.2182085215757364e-14,0.6789975518186111
11,4.3705109930941943e-14,4.547596895672777e-13,2.1215758422591825e-14,0.683534623432206
12,5.804769473131905e-13,3.5021433351397517e-13,3.256186181381781e-13,0.671867824147921
13,4.2655636851213937e-14,2.9231965158731715e-13,1.7577577687279217e-14,0.6772102947055828
14,9.34969398833698e-14,1.0871829643801874e-13,5.903237348760703e-14,0.694241408124799
15,8.008755186249623e-14,3.7032148820400207e-13,1.2377078223965726e-14,0.6816201717767398
16,2.188656020031972e-14,9.95988900686242e-14,1.1984786608467759e-14,0.6833573805575724
17,6.781361382786236e-14,6.791846045809178e-13,4.555252172775147e-14,0.6715469140908681
18,1.8635210842726604e-14,2.595520961789269e-13,7.374850627011123e-15,0.680005899554817
19,2.1875260087287365e-13,6.296595378617249e-13,1.8604146368065673e-13,0.714517793059349
20,4.035646900010477e-14,1.5952993853336216e-13,4.090491345468407e-14,0.6772754953417461
21,1.980499072649889e-13,1.59674015895477e-12,1.341506512245307e-13,0.6730426780151901
22,5.627728403118329e-14,1.4799506683532183e-13,4.394690748773989e-14,0.6823987401265186
23,7.307490148899639e-14,7.60685835588954e-13,3.384917768084366e-14,0.6732813709822949
24,1.738859372841322e-13,3.048178984410521e-13,1.0559255386238912e-13,0.6580834024498472
25,5.235799770418767e-14,7.180756247210669e-14,2.5830069750146233e-14,0.6963761298567988
26,2.864733283985081e-13,4.73522660460008e-13,2.4510390492597113e-13,0.7302526871906594
27,3.82706105548857e-14,6.280892249755315e-13,1.793690894763324e-14,0.6850194096332416
28,1.2145249982839393e-12,1.6086067421220596e-12,1.01657976218518e-12,0.7118731298134662
29,9.277198404930706e-14,2.009092147531579e-13,1.0869621483850755e-13,0.6903035859926604
30,1.177503339099236e-13,2.1343534221823378e-13,6.32281983634785e-14,0.723537853686139
31,1.877895076560416e-14,4.291055563034468e-14,9.441091481403921e-15,0.6839508442499209
32,3.671786933660716e-14,2.7966425455198673e-14,1.2233859576571746e-14,0.6843201577838045
33,6.689648492970763e-14,8.356472295209841e-13,6.408715288442994e-14,0.663212599142571
34,3.06646609551325e-14,2.6501552116698032e-14,1.8539379164897896e-14,0.6823268284555525
35,7.74144049384307e-14,1.8801239771934367e-13,7.308042771194391e-14,0.689724233042216
36,7.718910731416187e-14,2.0157714865002908e-13,7.827508835773611e-14,0.6834127546753734
37,2.685134934739118e-13,4.0866555368815316e-12,2.0947657632341297e-13,0.6575375680899015
38,1.6950674830794308e-13,1.0956479641229388e-13,1.1857012202749763e-13,0.6933370163780637
39,5.826044285490735e-14,2.4230174574811827e-13,4.8405825034673295e-14,0.6691710292187054
40,1.16899435711473e-13,6.562635480106583e-13,5.352894291357442e-14,0.6866697555989958
41,2.2024504466798685e-14,1.66193525139115e-13,1.1661167946363194e-14,0.6780234582023695
42,5.0023986197755167e-14,2.6967488254141654e-13,4.214570083277106e-14,0.6741641822096426
43,5.782359189988902e-14,4.713250804970658e-13,5.011342713913426e-14,0.6752215498650912
44,1.6610782580003e-11,2.934151452495317e-11,5.7068966062798105e-12,0.7164170892559923
45,9.685032507540229e-14,7.810022562470079e-13,7.226888705899242e-14,0.6769752982305363
46,4.773373387135353e-13,6.809966747459811e-13,4.813309225766378e-13,0.6896221895935014
47,4.997953730915659e-14,4.000365531169487e-13,2.4880529046750636e-14,0.6754783080599737
48,8.654675564557805e-14,2.0053573551924126e-13,7.083593850336528e-14,0.7099905995652079
49,3.225234182086098e-14,2.416502030935668e-13,3.7245809388531776e-14,0.683135468326509
50,2.1201235965434448e-13,9.638475096409356e-13,1.9140820211564102e-13,0.6703916160506196
51,6.409143141854282e-13,1.0745383072315476e-12,5.296004999566837e-13,0.670679586235201
52,6.731343518331508e-13,1.5800447335865917e-12,7.044859283570114e-13,0.6666191170806997
53,2.985243178018864e-14,1.0950387694188677e-13,2.5147333592254666e-14,0.6825456907623447
54,7.105829464954137e-14,1.1632112840048865e-13,2.4597089837094765e-14,0.6867550406546797
55,7.658678002158152e-14,1.047493550473658e-13,4.858082515752543e-14,0.6871659433818422
56,1.3689961197079326e-13,1.9890899354878696e-13,7.868353016348448e-14,0.7001209104899317
57,7.601920254605669e-14,5.745523978258837e-14,3.175338174560442e-14,0.6791168503987137
58,1.3253199479707056e-13,1.797053034389509e-13,1.1095486546377856e-13,0.6892194022308104
59,2.714324382676008e-14,9.738514919199671e-14,2.4546866392568737e-14,0.6755466656060889
60,1.0302418835204232e-13,3.12341253864836e-13,8.177550649776882e-14,0.6864735997631215
61,9.990633863637401e-13,2.6552086468872143e-12,6.631476320499242e-13,0.6563661145104561
62,5.3545949058518e-14,2.4454511874644163e-13,3.192278241390706e-14,0.6784674332477152
63,7.135422253102895e-14,4.918967084689109e-14,2.113978371945956e-14,0.6794191764318385
64,1.0688918660324896e-13,6.062387095451336e-13,9.917227161555398e-14,0.6777977238001768
65,8.97337886535987e-14,7.892147836830459e-13,1.1825665247909763e-13,0.6695550315052969
66,3.171100236659691e-14,8.117930754497575e-14,1.8556607881400323e-14,0.6872990562580525
67,1.709531654605628e-14,1.973926979429156e-13,1.0868214151630134e-14,0.6842482404317707
68,3.416076415128532e-14,7.801481087796722e-14,1.483480717945092e-14,0.6830006634409074
69,1.1466601337135894e-13,1.8064668820296425e-13,5.268060400570656e-14,0.6885234070650768
70,3.7372203365733586e-13,7.16166001950751e-13,2.442248538986668e-13,0.698679306008853
71,1.4576968909134698e-13,1.7551876875184082e-13,9.922739289989134e-14,0.6996571471565403
72,7.478611678098038e-14,4.3820201692574075e-13,4.131128112293767e-14,0.6755540087586269
73,3.7554394078025877e-13,1.1590152941583733e-12,2.610165231390598e-13,0.5984405954834073
74,1.7464103202314762e-13,1.1000758741503637e-12,1.6761324305678002e-13,0.6750728453218471
75,1.512652059175119e-13,2.335026269427257e-12,1.4447425770178217e-13,0.6656439463840798
76,2.0258109214628842e-14,4.468319104172431e-14,6.1678300190392896e-15,0.6795882750710007
77,1.9372030977436333e-13,2.7438893429549217e-12,9.990121804939345e-14,0.6606258330139099
78,2.7286235404557064e-13,1.1868013241114393e-12,1.557446460050749e-13,0.6833103843498975
79,3.374461406721662e-14,2.417273492676776e-13,2.7255920554600494e-14,0.6797479300119449
80,5.3793278520819986e-14,4.3343327788816773e-13,4.728659191761067e-14,0.6704054313420784
81,9.297225525045136e-14,1.1443475530749515e-12,8.750261843905023e-14,0.6701695732859662
82,5.53862547582109e-14,3.42197849149419e-13,5.511069415948336e-14,0.6791465804970358
83,1.281048366970518e-13,3.898608437355549e-12,1.3577616172851007e-13,0.6582349913602229
84,1.9633588280566318e-13,3.503546605138399e-13,1.3939464009542735e-13,0.7091838715597987
85,1.4758796379702846e-13,1.956712370519984e-12,1.2683119693275293e-13,0.6740948175778613
86,1.413213348752438e-13,6.400294638571264e-13,1.4917181386230015e-13,0.676745163067244
87,5.557208783514659e-14,4.2852581136476165e-13,5.21704134594654e-14,0.6851008351834025
88,1.2746151533926369e-13,2.4635074900440776e-12,1.4574997256476513e-13,0.6804087482800242
89,1.482145265595086e-13,4.1660116008442337e-13,7.745202012004831e-14,0.6977932758629322
90,3.144814894201121e-14,2.708876973641938e-13,2.2180846622118946e-14,0.6808394568623044
91,1.2837995178600714e-13,1.427882434256635e-12,1.0853710253939743e-13,0.6641236320196185
92,4.147487503936522e-14,6.798205039409016e-13,1.839087815434003e-14,0.683400992443785
93,2.698634629441362e-13,3.778682653597676e-13,1.2963687710016786e-13,0.7022116951760836
94,2.2305143020716155e-14,3.704067998526944e-13,8.204176609635371e-15,0.6839510409219656
95,2.0545588207052117e-13,4.3825423815497245e-12,1.8778343128490188e-13,0.6723316362709738
96,9.772876317262684e-14,9.862937727975355e-14,4.561102178447485e-14,0.6863841777434573
97,4.221866381169304e-13,9.567517079812704e-13,3.3948308409037696e-13,0.6816026856948156
98,1.3972467647448315e-13,1.3416477856759583e-12,1.2100915280841431e-13,0.683075918169925
99,4.9461516767290965e-14,1.5744904641462295e-13,5.0329738044240186e-14,0.683277719601756
100,5.446211429347493e-14,2.517634245081472e-13,5.639064346699172e-14,0.6756533058884088
101,1.1641967321822233e-13,1.2943566743004817e-13,9.490514042449629e-14,0.6833137832349166
102,3.676640552710685e-13,3.040964128147265e-13,3.1125892137324863e-13,0.6756090047361795
103,3.993424259485776e-14,7.443840003312276e-14,1.3210916033764102e-14,0.6855787014705129
104,9.077186380856127e-14,1.7919065937604604e-13,5.916023569303487e-14,0.6946997713879682
105,1.612399891927758e-13,6.31399687225586e-13,9.395600821288218e-14,0.7129951205221005
106,1.0501459742639343e-11,2.6553201961326875e-11,6.055687808697082e-12,0.6964086128631607
107,2.1260690266863384e-14,8.799214919188766e-14,9.383271636805296e-15,0.6805106107436586
108,1.3508441959688754e-12,1.1229147063594477e-12,6.169083916428788e-13,0.7106016414007172
109,1.2711055790950187e-13,4.5381004851646585e-13,1.171377373780748e-13,0.6840221411956009
110,5.879836782961697e-13,4.43980249414898e-12,8.218442906814605e-13,0.6625698608986568
111,3.36580945544821e-13,4.0668469658499416e-13,2.7933119545084885e-13,0.6847887950832956
112,1.0785933297382825e-13,8.802491188475331e-13,4.099074839207767e-14,0.6726973743061535
113,2.538813849315208e-14,5.3692017749840026e-14,1.592085375163334e-14,0.6827486961323302
114,1.0831561169022449e-13,3.3691649651972955e-13,8.068319877371953e-14,0.6831640607095324
115,3.9536803236180464e-13,5.062971370539486e-12,4.4612546858642836e-13,0.6629226581979311
116,2.737120691514302e-14,2.5964824758618873e-13,2.552400034846666e-14,0.6680196760513354
117,6.600797239179103e-14,6.411740322493557e-13,5.278847804777557e-14,0.6893477152276318
118,2.815190849268656e-13,6.93177612589994e-13,2.1064339531647378e-13,0.7142731235129759
119,1.854595611847348e-13,1.9331262012034756e-12,1.5859576473415978e-13,0.6922679482260718
120,5.2880687400574846e-14,1.083383856059879e-13,4.114164352326298e-14,0.6818589094444178
121,3.938824250295689e-14,6.934458545339342e-14,2.1830109329022583e-14,0.6863870122120715
122,6.847976903320062e-14,6.842174578380416e-14,3.810259524062749e-14,0.6883542806725018
123,2.349093210135272e-13,1.020633344548412e-12,1.362562147745853e-13,0.6960900925740134
124,5.127197725832758e-14,2.0240777334836626e-13,3.400073888375989e-14,0.689964459760813
125,5.0369549990582695e-14,8.720200883728438e-14,3.3948235218895187e-14,0.6828368978400249
126,6.86338726472265e-14,2.2471611067752578e-13,4.9096789713041355e-14,0.6707285141164903
127,2.293542274387808e-13,1.079374167789643e-12,1.9720886621042486e-13,0.6687275395554024
128,3.298272726640198e-14,2.243004475366987e-13,2.1095854772715795e-14,0.6777762046374847
129,8.770359616069963e-14,8.354675959922932e-13,7.017221824644633e-14,0.6799268473347183
130,1.3129402064167152e-13,1.7347737628064604e-13,1.0467222862352814e-13,0.6831799566047266
131,5.372890899210362e-13,9.806918926772754e-13,2.2356244638981296e-13,0.6953438879747409
132,7.739394310431506e-14,1.0178564485320684e-13,6.599999177313085e-14,0.6804358339926694
133,1.647984027699092e-13,6.546222295366521e-12,1.5390374544688469e-13,0.6648035892343614
134,4.082357393387281e-14,1.1490626901438983e-13,2.1993558658079508e-14,0.6882869102235418
135,5.005771209173388e-14,3.802769100829001e-14,4.10655448002367e-14,0.6789729000302032
136,7.63177944564401e-14,1.6678517332011753e-12,4.4625425576274533e-14,0.6636354130052495
137,5.3329800228145317e-14,3.1226835295127723e-13,2.661837945187192e-14,0.6790663248102646
138,1.1712660339150358e-13,4.693089469962348e-13,8.024327287126163e-14,0.6853646055329591
139,8.212610852859995e-14,5.074224299650475e-13,5.0228010846005386e-14,0.6754729872802272
140,1.5460880818556305e-12,4.962341237457886e-12,1.5470997819508718e-12,0.7276429561432451
141,5.122873086564371e-14,5.44077491533324e-14,2.490523313044469e-14,0.6830421702587046
142,3.469047799477402e-14,3.687157345923125e-14,2.891820573473607e-14,0.6799978527589701
143,9.286425257340819e-14,2.4672298694649923e-13,6.728847923841406e-14,0.6690899514767807
144,9.374225792596145e-14,4.154150747843649e-13,6.588426635120842e-14,0.6772414024395402
145,9.289826373622016e-14,1.3491398679739533e-12,3.800250807837441e-14,0.6825081906688866
146,1.1219912516969731e-13,1.9824714101612254e-13,1.0033360168234876e-13,0.700670333148446
147,6.259577236557009e-12,3.9682498346475695e-12,5.102283900677737e-12,0.6819265161990188
148,3.3491976068733846e-13,1.0510629805718467e-12,1.5231796818051078e-13,0.6623576325946487
149,6.69456432549941e-14,1.1409904718729925e-13,2.1945767133566516e-14,0.6890493237937335
150,1.5677627115231035e-13,2.0221270753080298e-12,5.74176105827947e-14,0.6658205803862074
151,1.793978303261617e-13,2.985466959999701e-13,9.722563445928138e-14,0.6976361773093231
152,1.4471235072470202e-13,1.826078060526346e-12,1.1489545988696452e-13,0.6832351987541188
153,2.940786851329172e-13,7.519373874491843e-13,2.0252769233201223e-13,0.6782430352468509
154,2.697900336322908e-14,1.4757644760233367e-13,2.0273061368372423e-14,0.6816667431266978
155,3.1686989128987e-14,3.120633578289766e-13,1.3025453337801685e-14,0.6734811514761532
156,1.2014193959567065e-13,1.8110064926956017e-13,6.493910615286038e-14,0.6807673977920785
157,1.1581768101635518e-13,1.1022494957600275e-12,1.276758292252218e-13,0.674492531386204
158,1.8689350307897353e-14,1.2496341864545542e-13,1.4499105754059977e-14,0.6828949455695692
159,4.717869391060145e-14,4.549432703043917e-13,4.017799575839805e-14,0.6720255975000328
160,1.7602982309171425e-11,1.0432162038116768e-10,1.1153480445179276e-11,0.6901145815150812
161,2.7619954043099938e-14,1.0126471348843365e-13,1.8888128373401675e-14,0.6752623102045618
162,7.076050591764149e-13,6.73061825483779e-13,3.360539286274272e-13,0.7494112322572619
163,5.15152403987559e-14,1.012992508185999e-13,2.956898862040415e-14,0.6747869121376425
164,7.018216847127291e-14,1.0223541291087765e-13,4.5441135783829775e-14,0.6957816312613432
165,4.235268849456522e-13,7.925217191477146e-13,2.965930825137177e-13,0.7226424988824874
166,1.0274093288674733e-13,1.883629674413585e-12,6.785199994434903e-14,0.6732684307906311
167,7.701208506482527e-14,4.212513762406735e-13,3.8686627408544486e-14,0.6857333414372988
168,6.581168177136365e-13,5.793981785917955e-13,4.782445691334049e-13,0.6999239418189973
169,1.3026405773188913e-13,8.218437421944619e-13,1.345574739476047e-13,0.68616477837204
170,6.017482742871731e-14,1.5396304947930189e-12,4.541647176051191e-14,0.6618299362628022
171,7.222704851642225e-14,3.510441508185635e-13,6.487662409410872e-14,0.6944866956851911
172,1.0931467729824708e-13,1.0799529563717147e-13,7.778736798942056e-14,0.6837231655954383
173,4.2635373769961157e-14,4.626051751187535e-13,3.592613054843575e-14,0.6733957041171379
174,6.600622199924806e-14,2.948848409634665e-13,3.972074009895959e-14,0.6773647344554774
175,2.5047865365724967e-13,6.731899565002673e-13,2.5619839819368295e-13,0.6611739061801927
176,6.84674428509856e-14,2.1070208634979306e-13,5.938569904976637e-14,0.6879113988252357
177,3.110659926217454e-13,8.931022198915959e-13,2.532821432733451e-13,0.6888781848130747
178,2.1810933681855162e-13,4.31563664651535e-13,1.8569381155367677e-13,0.6959626889438368
179,3.137668431467057e-14,5.967951881979946e-14,2.4677132538993304e-14,0.6783146721660159
180,1.4272734602698355e-12,5.560085641632035e-12,1.245866840541339e-12,0.6734558656578884
181,1.755490376230384e-14,2.058222830495793e-14,9.923588014381729e-15,0.6825280302378814
182,3.5427819655464805e-14,5.1760043702714584e-14,2.2304315675204508e-14,0.6935386625991669
183,4.1645758124276205e-14,6.490621173292615e-13,1.704557898786423e-14,0.6726940613851184
184,6.590500813743437e-14,4.563320706081473e-13,5.647626774504149e-14,0.6811344363028183
185,9.321058716136791e-14,1.8571837209529327e-13,7.670458464366336e-14,0.6761689179635141
186,5.162714986636809e-14,3.508397747664046e-13,5.2697744402390414e-14,0.6746279112179764
187,9.188410859499253e-14,7.001230832433694e-13,7.712005368618319e-14,0.6827037021808792
188,4.117872062443901e-14,3.161317672878158e-13,1.872868487605018e-14,0.6708447210025043
189,1.040417480828105e-13,6.067123238843461e-13,6.967908094143119e-14,0.684569144755369
190,2.2925663327460903e-14,6.25601658730237e-14,1.0515268327668339e-14,0.6774212126270868
191,1.4832203217898863e-13,2.73622476565229e-12,1.2708571460680064e-13,0.6783521536854096
192,1.8524090428334987e-13,1.9573446588835887e-12,1.8162569956992383e-13,0.6516005227342248
193,4.366866383607514e-14,4.64745262752544e-13,2.5157394686675028e-14,0.6787995819118805
194,1.5441569108746936e-13,2.589602744353273e-13,7.060734013219975e-14,0.7115451042423956
195,9.802445050880937e-14,1.6883951147950122e-13,3.9724239740464453e-14,0.6960240424261428
196,4.1811235831687037e-13,1.1966893011949096e-11,4.917784971139883e-13,0.6598940202064114
197,3.8642102058507365e-14,1.2490117758531963e-13,2.344680040057139e-14,0.7108807237702421
198,4.78946648741051e-14,2.5064622016487435e-13,3.150247984872576e-14,0.680097507656319
199,3.6522516066077167e-13,3.5071255019748833e-12,3.9341703325408445e-13,0.6864287937409245
200,1.94960754185415e-13,2.3355551271997303e-12,1.9138770034530968e-13,0.6875938130135182
201,1.4266578545465203e-13,2.923392173223425e-13,1.3470401646991167e-13,0.6971624298254028
202,2.1815532580505914e-14,2.6335962779862277e-14,7.018122349327108e-15,0.6810138823406305
203,3.990347084717032e-14,1.0014547802965545e-13,1.8420551647744204e-14,0.6885826798563357
204,9.169972784001118e-14,7.826020144694104e-14,4.0297369481860963e-14,0.6965899346861988
205,1.8032838389703347e-13,9.130719184420174e-14,9.879474357902508e-14,0.6789616403635591
206,3.353669409820213e-14,2.4839267832854014e-13,2.5030839247756164e-14,0.6791990923811682
207,1.586272091876694e-12,2.693653085517484e-12,7.225312903393978e-13,0.6855681924847886
208,3.636652557317866e-14,4.1112204887791556e-14,2.3835403041863918e-14,0.6816787104238756
209,6.806197731518397e-13,1.545393636218354e-12,5.549869972478044e-13,0.735773243708536
210,5.639007259218032e-14,1.5663005288563622e-13,5.190413813301475e-14,0.6814508453651797
211,7.277747742427287e-13,8.518200966859573e-13,5.393270128555399e-13,0.697370074421633
212,8.506156717436636e-14,2.1111862847659304e-13,6.372445078742275e-14,0.6745042138500139
213,4.246384713916743e-14,3.557855577499697e-14,2.401429047340051e-14,0.6840634149208199
214,2.8738009279354565e-14,1.0989948118504678e-13,2.6584156337074366e-14,0.6777938868617639
215,4.026532657624277e-14,3.658465470271082e-13,1.4434836803924793e-14,0.6848981671966612
216,3.403699550931035e-13,1.5266839463320968e-12,2.4684399829904875e-13,0.6893367786658928
217,3.742440686713511e-14,8.748152146685237e-14,2.7851781326513827e-14,0.6696660804969724
218,1.9828467962343002e-13,2.520473052705651e-12,1.9004768902471158e-13,0.6803252803976647
219,6.149052976833298e-14,1.717798118734453e-13,2.879124535656197e-14,0.6892558339575772
220,7.092863770569078e-14,5.088763191858548e-14,6.08787969278675e-14,0.6923164304520469
221,2.7102667880861463e-14,1.5848986361931008e-13,3.319019058535342e-14,0.6721838553261478
222,2.077506498161748e-14,7.241419836471933e-14,1.838016427250145e-14,0.6869103989389259
223,3.1130662338253014e-14,3.452391272851123e-13,2.5443118193799222e-14,0.6805206032528076
224,1.8957915957301034e-14,1.7888506122709196e-13,1.2629527983116692e-14,0.6806366602366325
225,4.3012788973300315e-14,2.1665406864753988e-13,5.1013965592770444e-14,0.6728419758845121
226,1.4648603400178246e-13,3.7413730756440395e-13,1.7606366710583465e-13,0.714627734979149
227,1.612924528471219e-14,1.024954535778053e-13,1.4667609983539155e-14,0.6822065619635396
228,5.5684103242348845e-14,8.137450600189411e-14,1.66254088971507e-14,0.6891326208948158
229,1.4265133277194266e-12,6.591927595668046e-11,1.6268162679899654e-12,0.6593794558837545
230,9.60691771804786e-14,1.4706110059343818e-13,6.485105259192449e-14,0.6862403123872355
231,1.55643258499415e-13,8.395735891929312e-13,1.6907243815008661e-13,0.6911697618779726
232,1.5123204209921326e-13,9.776187770841024e-12,2.388235828206188e-13,0.6585241874767235
233,1.0732023972938644e-13,2.5306729810862236e-12,1.0390655144864357e-13,0.6775585792958736
234,3.694564766420435e-14,4.73796499909416e-12,3.2620034280144896e-14,0.6580102382256883
235,1.118052641715052e-13,7.348347316700693e-13,6.069921413810717e-14,0.6764427947811782
236,1.6625712491212405e-14,2.1349625940494846e-14,3.666806249193767e-15,0.6810258997720666
237,8.901196911590676e-14,6.907042299907473e-14,5.51768783690981e-14,0.6883094379794784
238,1.2058381592468976e-14,3.759929201258482e-14,7.793179038175705e-15,0.6790957417571917
239,2.510077692018067e-13,3.0462189906056893e-12,1.4929235618990946e-13,0.6652019552042475
240,3.322982800936454e-14,1.4174998318428547e-13,2.7178054788066996e-14,0.6898534565872978
241,1.2987825331329403e-13,1.1366848374516828e-12,1.0816328632798508e-13,0.6765609321882948
242,1.7615736099937567e-13,1.5713420628832157e-12,6.655220379199493e-14,0.6764945880626329
243,6.770359281562698e-14,4.4479453992828094e-13,3.794317220798338e-14,0.6797389416373335
244,5.929130860809823e-14,7.601942537385093e-13,6.175254072210666e-14,0.6736989802942844
245,1.3378892138855798e-12,7.279499668065915e-12,1.2495550761154704e-12,0.7021294421050698
246,1.1252525495529839e-13,5.142812190048936e-12,7.86815928457218e-14,0.6625315977144055
247,3.2695405353459774e-13,2.5107234573733278e-11,3.821702598349743e-13,0.6578811373532517
248,9.341111932780624e-14,1.4802665812021332e-13,5.470597993511172e-14,0.6898506634344812
249,3.027586734034895e-14,5.174150715765967e-14,2.913261371403567e-14,0.6826936552126426
250,9.437505560321852e-14,1.937085269907379e-13,7.908514148439653e-14,0.6719851257337723
251,3.6629007612672444e-13,6.48670177039599e-13,2.4159063239764065e-13,0.6870037686894648
252,1.4799324176288585e-13,5.700909855601644e-13,6.979426778602679e-14,0.6233282398447045
253,4.1710451391180014e-13,3.7543946136537735e-13,3.3528740729933177e-13,0.7049430186045356
254,3.43107847121516e-13,6.148132932002683e-13,3.249102932664538e-13,0.6848313074093312
255,4.621046426731795e-13,9.131173701918798e-13,2.503541159322539e-13,0.7053925697808154
256,1.9800519535948537e-13,2.574028584320618e-12,2.467523185017031e-13,0.6794212091714144
257,4.28145371473294e-14,1.0158701953753096e-13,2.5195845481910687e-14,0.6787703530397267
258,1.4487269701262826e-11,1.4527077604322113e-11,1.2769171467451402e-11,0.7448671543039381
259,1.4195558347851083e-13,7.997352699798821e-13,9.565900947238404e-14,0.6755044317396823
260,3.1367497037556597e-13,1.1368730789025611e-12,1.9928279254161742e-13,0.7067055494524539
261,8.487714474973307e-14,1.33820469352466e-13,3.428734963417226e-14,0.6815501796256285
262,2.3155280213700955e-14,3.0562353288750686e-14,1.0630903842864822e-14,0.6826058295671829
263,7.845862049618903e-14,8.627306538419329e-14,5.472358663263073e-14,0.6837041110731661
264,6.634147136221258e-14,5.545965676174515e-13,6.410702075474563e-14,0.677074628113769
265,7.193442342114982e-14,1.6220388132220778e-13,7.305088187055056e-14,0.6839599950355477
266,7.689765774080732e-13,1.3608827890296732e-12,7.449672232516875e-13,0.7190968580311164
267,3.1645576816001744e-13,5.09108657763355e-13,3.0074833476565185e-13,0.7009634532500059
268,6.255867873438243e-14,2.324659309703318e-13,5.3194608170807074e-14,0.6704662893665955
269,4.092011345841964e-14,1.114922849760261e-13,2.2334232448849094e-14,0.6899132099526468
270,1.1916952154158047e-13,7.447655968559388e-13,8.149420767816131e-14,0.6258364476132556
271,4.118385024747307e-14,2.4873251208886233e-13,4.231198081320436e-14,0.6749402374960483
272,6.087992052692153e-14,7.675940729847618e-13,4.354918352525901e-14,0.674322014756035
273,8.463518161816263e-14,2.2786794604244165e-13,8.233209523269374e-14,0.67190486950567
274,2.307824384079285e-14,5.342583111379962e-14,1.1822421523232466e-14,0.6788371258415282
275,2.088580304207667e-13,9.82833497216939e-13,7.398537358734227e-14,0.6886062431731261
276,5.1941848653409196e-14,1.716974347893668e-12,3.37734167950015e-14,0.6715041023649974
277,1.9225215561385875e-13,2.791990950940908e-13,9.1184730727269e-14,0.7251606052974239
278,4.561136564200733e-12,2.3429207272016574e-12,2.876465572176969e-12,0.6992668248713017
279,1.3067050956605151e-13,3.982025721615538e-13,9.001859152063744e-14,0.7112154412316158
280,1.487747429602841e-13,8.644076342618359e-13,1.5178724737709354e-13,0.6840403415379115
281,6.128029407467091e-14,7.146700973626232e-13,6.476009687214028e-14,0.6900490988686215
282,9.142111496278735e-14,1.9547938113349084e-13,2.788304107840729e-14,0.6790393156174105
283,4.005742138243616e-14,1.1769197652566967e-13,3.690256379920848e-14,0.689509691321291
284,2.5966712582384305e-10,3.870240218891823e-10,1.699802185913125e-10,0.7274531313683837
285,2.2353455131977632e-13,1.270232247973116e-12,2.497747084012767e-13,0.6258183984245989
286,4.8672488508641415e-14,1.2559605087601608e-13,2.7949524613265167e-14,0.6781117937061936
287,2.4636326072063856e-14,4.230920834814577e-13,1.443153314372025e-14,0.6700725446833531
288,5.543604938770797e-14,1.106734202166948e-13,4.17000188229172e-14,0.6832006002368871
289,1.7189676217261788e-13,1.359180876910157e-12,7.56502514453621e-14,0.6793589173466899
290,7.388641622846368e-14,5.581247071574901e-13,3.6855903660975224e-14,0.6750112172332592
291,2.7532246795788777e-13,5.454240569972306e-13,1.4211011291586362e-13,0.6905393955530599
292,2.6076494377035547e-14,3.481288913160088e-14,1.0232186718710078e-14,0.6811480897478759
293,1.731035640762571e-13,1.4307716340160888e-12,1.7552740089421422e-13,0.6810211917734705
294,6.960607964216338e-14,1.0954184341732742e-12,6.010233552887292e-14,0.6737692788359709
295,1.2554049261117936e-13,1.1209001909729155e-12,1.3189356411565632e-13,0.6672999596397858
296,9.600699167239153e-13,2.228148370629427e-11,1.4385880469461705e-12,0.6559862034249818
297,7.490477950258822e-14,1.2844236922756883e-13,6.649052935429532e-14,0.6988766543683596
298,1.6999655246569683e-13,1.3027316112129774e-12,1.5638135197875278e-13,0.6855684410082177
299,3.119649305869015e-14,2.4221947147455e-13,1.9873718230736745e-14,0.6824054052704014
300,8.038362799730886e-11,2.4000325011039056e-10,8.851634487139619e-11,0.7431718719191849
301,2.561649018698879e-13,2.984170954598959e-13,1.1856490642148357e-13,0.7120321156573481
302,7.805793298708195e-14,6.224467729102904e-13,5.2310535477974096e-14,0.6762858431669884
303,5.302090860547789e-14,7.458734588548857e-13,5.569795025547438e-14,0.6796210447675548
304,5.188759902276434e-14,7.28108487915537e-13,4.1194867494128303e-14,0.6704781323176576
305,3.652238101079505e-14,1.916652599974384e-13,3.378746521416013e-14,0.6824404133541975
306,1.2793193808629868e-12,1.1365190305289856e-12,1.1042969246449976e-12,0.7075916103436611
307,6.227683647207848e-14,8.809936050869434e-14,5.098484282942784e-14,0.6866915261314717
308,4.464890629020863e-11,1.2661066628614567e-09,3.623645083957895e-11,0.696455626329407
309,2.726174746981586e-12,5.087404466045543e-11,2.0774526515268067e-12,0.6650299869535956
310,2.6449904084341434e-13,2.2765856834632407e-12,1.3267471643628084e-13,0.663826868517208
311,2.265811892654862e-13,1.4842370413545282e-12,1.5586365772925288e-13,0.6868567267025355
312,2.5968748380847745e-14,3.7020363788205304e-13,8.828209448662279e-15,0.6798202102887444
313,3.018749602181936e-14,1.4054414185990128e-13,2.934409559290102e-14,0.6844578468182589
314,4.889166906166955e-13,9.52906361023964e-13,2.333953793308177e-13,0.6828823947522323
315,1.8658839613304832e-13,8.522440602087228e-13,1.7260848943893854e-13,0.6914807793160435
316,2.4894881259179607e-14,5.740926981296191e-13,1.7052441186940275e-14,0.6732848055136855
317,8.166002374321051e-13,1.1243597522588983e-12,8.310840090432766e-13,0.6515172942425125
318,3.4899065736883956e-13,8.779858618472868e-13,3.399864495106408e-13,0.620686866575852
319,4.223571654730117e-14,3.295526008181173e-14,3.49200364742998e-14,0.6833252433803864
320,3.423939999441757e-14,3.540302237031175e-14,2.939203161617749e-14,0.6802883564261719
321,4.7577269853140735e-14,1.1126236893598835e-13,4.150873435605234e-14,0.6878827800683212
322,1.8308112806941985e-12,2.073793915142403e-12,8.86302479011308e-13,0.7159856258309446
323,4.3871067756612976e-14,4.554202142253939e-13,2.8231284716137746e-14,0.6879792622115929
324,3.112419311137557e-13,3.78004428054218e-12,2.0069547914805239e-13,0.6768091244390234
325,1.265683766600492e-13,4.50121063073179e-13,1.5400361811808396e-13,0.6621168566256529
326,1.995801686699775e-13,4.361038807434767e-12,1.1067482176496799e-13,0.6613854595489101
327,5.532421269745043e-13,7.584061343833617e-13,4.16230943016636e-13,0.7181880377233029
328,1.0823602275259361e-13,7.163291561368262e-13,1.0133388326218696e-13,0.678596812998876
329,1.2163914456664326e-13,2.0049064414288818e-13,6.017927394731464e-14,0.6871929315966554
330,1.9567318297182335e-13,7.9513660004145e-13,1.1479101996187755e-13,0.7276064303470775
331,6.520261314515645e-12,4.595450238490821e-12,3.601498542218382e-12,0.6845882788184099
332,2.0719180288295862e-13,6.287858822480046e-13,8.371085589426355e-14,0.6881441814417485
333,9.308735329960834e-14,6.06353960115677e-14,3.879720753611872e-14,0.6992723560659215
334,7.306351358419941e-14,4.3374655805057103e-13,5.071771482254994e-14,0.6912079801142681
335,1.467612364885563e-13,3.899787573722055e-13,1.561595950838082e-13,0.6865121837879997
336,1.8597972489383718e-14,8.443683775686766e-14,1.917804270546862e-14,0.6906376786762849
337,5.0647589029397945e-14,5.5010976453664735e-14,2.7157358451734634e-14,0.6837361278012395
338,2.3948172394768747e-14,2.5997164540106943e-14,1.7893750030582948e-14,0.6762198773853015
339,2.96061271031416e-14,5.595142934621407e-13,2.913726299213505e-14,0.6651384696655441
340,2.6311343667872026e-13,5.423396625223984e-13,2.4991172744819993e-13,0.6891192874347325
341,2.4896038312846824e-14,1.4310726107571244e-13,2.574313502803959e-14,0.6857806413725485
342,3.848478452964545e-12,3.3198257608545794e-12,1.8936016212627213e-12,0.6591905112727545
343,5.5958769931571e-13,6.196017289001337e-13,4.51348135062941e-13,0.7083178728818893
344,8.083167839937446e-14,5.477452090671375e-13,7.244161393140255e-14,0.6644480240385746
345,3.5381414528294324e-14,2.66009971846578e-13,2.6534064419343524e-14,0.682396410475485
346,5.000856757316928e-13,5.511311490090011e-13,1.7312609406604109e-13,0.7174560404499062
347,5.865206010917575e-14,9.556799084288149e-14,4.388874250965605e-14,0.6818845512520056
348,6.995426133389915e-14,2.950017761471466e-13,5.5685834502071886e-14,0.6821703673398588
349,1.5001774608270288e-13,1.4752567669088784e-13,3.551849401538828e-14,0.7010691852658055
350,6.054875634057174e-13,4.136844231835988e-12,5.321061174921045e-13,0.6721161463705357
351,8.477910149172128e-14,6.382286538056875e-13,3.5515719133094584e-14,0.6693126685422612
352,3.617048577813006e-14,1.72750661556059e-13,2.2503741729961742e-14,0.6824914407974575
353,3.233990686133764e-14,3.8225282969205264e-14,1.5093125722557598e-14,0.6897546031628735
354,2.505460150341141e-13,1.1791117028042293e-12,1.670365059836774e-13,0.6801681625831406
355,1.1117309074503859e-13,2.1803813403927593e-13,7.769536484516236e-14,0.6911096424795687
356,9.964459387272812e-14,6.525932274152953e-14,8.226681962777975e-14,0.7035362195107154
357,5.060779433846625e-13,3.497535786718251e-12,1.9808289397368332e-13,0.6989834973239339
358,2.7864885142438718e-14,5.247654555445237e-14,2.399459442768715e-14,0.6828027912939433
359,8.165694389779395e-14,3.362022201387098e-13,6.724156220944707e-14,0.6680408716085366
360,7.330386206793785e-12,1.1123481267894462e-10,1.0020569541570232e-11,0.6577522909356048
361,2.6320609844026238e-14,6.488654911244891e-14,1.960173967219773e-14,0.6779817034199368
362,5.724090886812317e-14,1.157425413297814e-13,5.1658728013391166e-14,0.693965908861719
363,1.6422564751170403e-14,1.3564197354866723e-13,8.97800948814812e-15,0.6811890263052192
364,8.633395894531651e-14,1.3350380347398198e-13,6.919113679020412e-14,0.669110236200504
365,8.582931847480497e-13,6.458585455796387e-11,6.192626226056013e-13,0.6600660215917742
366,5.0799763066850793e-14,1.0451311996849746e-13,3.070722275503231e-14,0.6704593536822359
367,4.3597248452844627e-13,5.89667907730512e-11,4.762076418011545e-13,0.6552259956981288
368,1.2928983987369037e-13,2.7176519352042574e-13,1.352388408996881e-13,0.6903532449447084
369,1.6538643598829583e-13,2.2028191639201104e-13,1.4318337627187383e-13,0.6986897571012378
370,2.4685925337056697e-13,1.0444823259612014e-12,2.1403286191156064e-13,0.6880684338277205
371,7.697912957102304e-14,1.3959686767133658e-13,8.142113007539084e-14,0.6861598392541055
372,8.102028131216677e-14,3.6524504924515685e-13,1.0110233664860396e-13,0.6898754559922964
373,6.120678329418184e-14,7.024571925951414e-14,5.5490697298911084e-14,0.6805972296162508
374,6.674253048475692e-14,1.3850326554924386e-13,5.874027680647473e-14,0.6809050654410385
375,5.945009271208231e-14,3.334923407398684e-13,6.341996309581109e-14,0.6835686417703982
376,2.2525602215468728e-13,4.4349965751414915e-13,2.468090272755005e-13,0.679285739234183
377,1.86387064132183e-14,5.738760317939448e-14,1.0306556626255297e-14,0.6824977252515965
378,1.01459931113346e-12,5.289628479856351e-12,7.75911694249504e-13,0.6101707041641931
379,6.768400983359517e-14,5.974646853503549e-13,6.171239190533395e-14,0.6884153119230177
380,3.736593663309897e-13,1.3350412758627876e-12,3.7221121984279933e-13,0.7352189785335213
381,1.2776920982181798e-13,1.6968554822855275e-12,1.2297316090930953e-13,0.6807278672698885
382,9.66527498423869e-14,2.3236308228905587e-13,8.05067824003977e-14,0.6964831925462931
383,7.353419680052356e-14,3.3846176483312387e-13,5.858609406562578e-14,0.6844056606234517
384,7.675476303765374e-13,1.6443036061439804e-12,7.035961792564017e-13,0.6643970624834765
385,3.8447506748386987e-14,3.088403907732843e-13,4.0264826768096874e-14,0.6815879346861038
386,2.7058132007529932e-14,3.371372843854541e-14,1.3309046754194135e-14,0.6810507032787427
387,4.6623604401235895e-14,1.8130508897547832e-13,2.6257922958781947e-14,0.6758429795969277
388,3.2271758308081255e-14,3.2909847843701507e-13,3.2852304723032175e-14,0.6811512291256804
389,1.898678171935253e-13,1.5432763421747021e-12,1.6646584696194822e-13,0.6839037525234744
390,1.0055482647691871e-13,8.611461391744487e-13,7.313636046596114e-14,0.6774471332901157
391,5.87083230951604e-14,9.111168278550931e-14,4.662160560594217e-14,0.6780021345242858
392,8.403608683228758e-14,1.1849463650950054e-12,7.014954066899633e-14,0.6870377955259755
393,8.165002142746998e-14,5.45117031682533e-13,4.7110103000191044e-14,0.6948770948802121
394,1.8052711104897593e-13,4.3549622360510197e-13,1.51541157654535e-13,0.6774026604660321
395,7.652680978748248e-12,1.8858440064956101e-10,8.488951437418176e-12,0.6665410851070191
396,4.71659577356736e-13,3.523174520844518e-12,2.1020814575489215e-13,0.6667615481594111
397,6.843755083972085e-14,6.080465247272138e-13,5.414373422745722e-14,0.6680244880728423
398,5.964064511656302e-14,3.780591753333473e-13,3.773466357839979e-14,0.681509499961976
399,3.018658818990704e-14,2.636684392210749e-13,3.277750315191192e-14,0.680814636987634
400,3.856145290396232e-14,3.8872418171658214e-13,2.430979789066802e-14,0.6768345558899455
401,5.773300888192934e-13,1.582362802897069e-12,4.980191074207465e-13,0.7323003457160666
402,1.8019847077275998e-14,1.188584189144466e-13,9.61952845951674e-15,0.6833056717878208
403,3.9593227124679805e-14,3.2170946978799966e-14,3.0950832560479077e-14,0.6921381615218707
404,3.755651575506386e-14,4.500788215342469e-13,3.8891008356012226e-14,0.6713980316533708
405,1.0229983572051263e-13,4.742628313257334e-13,7.358667856618306e-14,0.6994217460043728
406,1.1041021922282855e-13,5.612698854936741e-12,1.0153312978406377e-13,0.6616983603686094
407,1.4513582632610148e-14,2.1219692940173292e-13,1.3027111431502662e-14,0.6844754031451885
408,2.466746034688099e-13,2.7800107651960094e-12,2.1800439458469361e-13,0.6815747382934205
409,1.1556897833489932e-13,6.510038997458732e-13,9.015704566390266e-14,0.684168900892837
410,2.5443444260368157e-12,5.608520980881459e-12,2.0523672300257136e-12,0.6974877824308351
411,4.4255026759873945e-13,1.2717606317006338e-11,2.1007893481909147e-13,0.6930174960580189
412,5.362300482846836e-12,8.974707418416518e-12,3.1842701464753856e-12,0.6791417183470912
413,4.524503534635963e-14,4.665435020996333e-14,3.183544353487518e-14,0.6730181816092227
414,2.89856779656009e-13,3.6381051663029525e-12,2.927351194133968e-13,0.6637365983071504
415,1.4417280769122657e-13,4.504911952884117e-13,9.328091970830377e-14,0.6854860725114122
416,9.675635816757161e-14,2.804210081209934e-13,4.3336480706297604e-14,0.6894825532741379
417,5.607113898441345e-14,2.166785957051998e-13,2.920060583396202e-14,0.6751493800838944
418,1.4105149246433736e-13,6.341102573298546e-13,1.0703599651911632e-13,0.6806626927049365
419,1.0783866587790074e-13,1.0913665662306976e-13,4.969090393696611e-14,0.6740785707545001
420,4.4379163428423985e-14,5.2589836888329813e-14,2.9423431581390856e-14,0.6746184392482973
421,1.1159623853393077e-12,5.896749785915916e-12,9.445301518303961e-13,0.693983561283676
422,3.047659277188379e-13,1.1058311867971526e-12,1.845384637622412e-13,0.6130711237201467
423,3.5546592583514633e-13,1.7591152923780289e-12,3.403586259691079e-13,0.6704037438496016
424,2.289945900466731e-13,3.6448176213752383e-13,1.7700560612420686e-13,0.684315851458814
425,8.557858835306543e-14,9.553540963284655e-13,4.455531817899791e-14,0.6756554341991432
426,1.3588362561331115e-13,2.710815667372023e-13,8.08979739904761e-14,0.6896678299759514
427,4.5113766542272546e-13,1.4484336129365506e-12,3.2085783812694345e-13,0.7151054740417748
428,2.8977828991573637e-13,5.614146232189441e-13,2.4056826763720233e-13,0.6826593352190684
429,9.476864427073507e-14,1.4802528904446726e-12,1.0464929170157128e-13,0.662753214611439
430,1.4881580365083634e-13,6.63738930868113e-13,6.309385469312143e-14,0.6841850791592151
431,2.8079302101427638e-14,5.963666593955963e-14,1.9781411963770777e-14,0.678685997996945
432,1.0742047719276881e-11,1.6263902757990206e-11,8.289680657912885e-12,0.7158500691992231
433,2.2083168945471116e-13,2.517566095453435e-12,1.7974141144527417e-13,0.6891798227559776
434,7.64540536573695e-12,1.4540302397466623e-11,2.3515251627461426e-12,0.6710018352721818
435,1.0273078268494069e-13,9.384856471817028e-13,7.048554217583725e-14,0.6796529589861166
436,9.161709680460845e-14,6.062583443461594e-14,7.824169912134383e-14,0.6775745750812348
437,6.507729062606909e-14,1.181799518520736e-13,6.020431388957871e-14,0.6920638277428225
438,2.2106549189977018e-13,1.266785539479233e-12,2.9219615947313936e-13,0.662125738125178
439,3.2387471828894216e-14,3.6435846595134986e-13,1.7006455563327342e-14,0.6696866265352582
440,2.1815973606634227e-14,4.6051869593201326e-14,1.9364151098751223e-14,0.6797003399464302
441,3.6757900229859066e-14,2.42092512102699e-13,3.3522796452163087e-14,0.6807607661408838
442,7.466422639918313e-13,3.300767781485848e-13,4.5085988068805713e-13,0.7076796616776846
443,7.073863579908733e-14,4.0586666986222573e-13,4.9570924962413455e-14,0.677924477745546
444,2.7728198583372877e-14,1.2815592895481738e-13,1.6859100683095987e-14,0.6817412844800856
445,5.449136028836083e-13,9.888149216320607e-13,4.685372604005458e-13,0.71655054804869
446,4.6736904982764954e-14,1.7043083802536595e-13,3.200312319641312e-14,0.6786888125468977
447,4.1135352202618227e-13,7.292106407474129e-13,1.9194328283627424e-13,0.685376065922901
448,8.945501662841568e-14,7.674699332438994e-13,5.095880601815824e-14,0.6733136489463505
449,8.764874008722051e-14,5.037196886310399e-14,6.903162924177236e-14,0.6830939545820002
450,6.887093364973976e-14,8.099980849225611e-14,5.2052696229841324e-14,0.6869568071386312
451,2.021129744255756e-13,1.8756032440501513e-13,1.4674091427488747e-13,0.6783342588809319
452,5.188964665323527e-13,7.066661684549211e-13,4.829343950438029e-13,0.6833567059016786
453,1.677736648117635e-13,2.6500422383368164e-13,1.3624672992980256e-13,0.6780638171185274
454,9.961286118236968e-13,1.0144631834085209e-12,7.286056134805675e-13,0.6124654982704669
455,1.417159405574986e-13,3.5359252127936504e-13,1.198604026889609e-13,0.6810351733351127
456,5.863275365799545e-13,8.603443928566072e-13,4.984995198334667e-13,0.7088748774374836
457,2.1415811897587177e-13,4.09196841730436e-13,1.3879143512932342e-13,0.6977018099045381
458,1.0759157013091693e-13,2.69727360574224e-13,8.624164555291832e-14,0.6898403345083353
459,1.8109016228058156e-13,4.871897192566416e-12,1.1752239553254295e-13,0.6719053592183627
460,7.955816988109758e-14,3.724440314996685e-13,3.628160582621407e-14,0.6905089351406787
461,4.630779822666856e-14,1.9208906321284903e-13,3.1592835998431203e-14,0.6784346363972873
462,6.980856050966306e-14,1.9534754480182494e-13,4.552223853965103e-14,0.6923788435640745
463,6.95205829287558e-14,4.1783230894474634e-13,8.004581018523545e-14,0.6712606328277616
464,2.221999795317215e-13,4.745675801605397e-13,1.3139933953920652e-13,0.7285348456352949
465,1.218288808798717e-13,7.312107203851598e-13,5.3409565968170907e-14,0.6902296614658553
466,5.307953059901345e-14,1.5556099916546687e-13,4.138098814811303e-14,0.6888902258418966
467,4.594699386012036e-14,3.0114699235329227e-13,3.688213757217155e-14,0.6867619816155639
468,5.706357307666565e-14,7.105525024365126e-14,4.3650362400275824e-14,0.7079285807325505
469,4.544598481854292e-14,3.680745378274243e-13,2.0948868724407754e-14,0.6738086831726833
470,2.977235127687811e-13,4.0176999064548666e-13,2.1691973819198858e-13,0.7010550469858572
471,1.405164797001084e-14,1.08051333130923e-14,9.86154293154639e-15,0.6799431601073593
472,2.302101360541862e-13,1.1010355719476858e-12,1.4863883219495065e-13,0.6796149036090355
473,2.689196438909552e-14,1.4792529282788325e-14,1.930187674710206e-14,0.6832952817203477
474,1.2842296792315515e-13,2.1827030636613412e-13,9.920311083331639e-14,0.682385068986332
475,5.652907672253579e-14,8.700195566401308e-14,4.1669376746427824e-14,0.6845322097011376
476,1.5796289084833687e-12,1.2526427578580194e-11,1.585469309865137e-12,0.6731865859008395
477,1.046869236669916e-12,2.384684293916287e-12,6.633528228710886e-13,0.6854761045833584
478,4.884734836876313e-13,3.5216490712984284e-13,2.8117030839810033e-13,0.7246428377693519
479,1.2005069366735085e-13,4.109292665461876e-13,7.339667307650075e-14,0.6881145639286842
480,1.0044177129936495e-13,5.648869140905873e-13,9.154336237112885e-14,0.6883485065423883
481,1.6650360146814744e-14,1.331814646232023e-13,9.875650037307885e-15,0.6817183542181737
482,3.824933151286929e-13,8.332199770353388e-13,4.676543990463625e-13,0.72080707505811
483,5.932092364420898e-14,3.3809032513251153e-13,6.296540336909556e-14,0.6741552408901044
484,4.3913432811193835e-14,4.41782262997343e-13,4.8427511394910056e-14,0.6677896349952789
485,6.611638345897437e-14,1.0428239770155593e-13,4.85975250456502e-14,0.6825240055797621
486,4.947208964459565e-13,7.547969631371065e-13,3.4812765891474943e-13,0.689474773092661
487,7.535373076355335e-14,3.387363192555957e-13,4.444924901543262e-14,0.689384079782758
488,7.270099302608847e-13,9.715726506534612e-13,6.721369306697349e-13,0.7246954313246533
489,9.77169852542632e-13,4.108540383544338e-12,7.834522704814051e-13,0.700209886173252
490,3.68973898549292e-13,3.072686992503397e-12,4.581312332366313e-13,0.6854737923014909
491,9.307990978869975e-14,1.4944444065324735e-12,5.5277287448670043e-14,0.6827297012670897
492,6.714607105399661e-14,3.290881569741534e-13,7.278321459622055e-14,0.6863115083659068
493,4.062299931486962e-14,1.2336344091035935e-13,1.4745983821379728e-14,0.6774088450300042
494,1.9411777039216125e-13,2.516651709076119e-12,2.1130281475569094e-13,0.6661628736619605
495,2.1503372816988307e-14,4.5605696102815813e-14,1.7586274309145494e-14,0.6831115012755617
496,6.165525090236001e-14,1.6051411584961176e-13,4.563737156254328e-14,0.6844484899775125
497,1.7898419091319017e-14,5.814819586586547e-14,1.9354060991157123e-14,0.6904992372670676
498,3.1791471439901723e-14,1.276538309921348e-13,2.2974870330349558e-14,0.6748633042676374
499,1.662656941864848e-13,5.422172870976923e-13,1.493347066098189e-13,0.6831484671507496
500,6.424938015443483e-14,2.0746905514750247e-13,2.4967206946439066e-14,0.6894365800078959
501,1.2177539929554356e-13,1.6555740640125997e-13,7.661152627633297e-14,0.6996744668111206
502,1.5857509150681016e-13,1.5772293710756587e-13,9.345591510735535e-14,0.692641650501173
503,5.175985396354289e-14,2.657810985157219e-13,3.336334185059351e-14,0.6800990113290026
504,9.182376311550973e-14,1.135856798365484e-12,6.457553237387878e-14,0.6877094886207488
505,1.09517783972631e-13,3.215029512013806e-13,5.557716218095524e-14,0.6932579166255891
506,2.2878862734748625e-14,1.484440003334419e-13,9.426548604785494e-15,0.6718669660855084
507,4.739149475025755e-14,9.184606358448466e-13,4.8141405250349044e-14,0.6766113632591442
508,1.0290742342731332e-13,1.746855857098757e-12,8.545664328714211e-14,0.6611473904107698
509,3.087901701717225e-14,3.104271307751988e-13,2.4344478135577465e-14,0.68153225487913
510,1.8815016563996653e-13,7.986061826444444e-13,1.9153676887115277e-13,0.6754343173350208
511,7.696868578839412e-14,4.1350653370374247e-13,6.754902461394794e-14,0.6767159185721539
512,3.2718105996748226e-14,8.972187994544969e-14,1.817373122203926e-14,0.6820453054679092
513,4.851449826149199e-14,3.9990546153676596e-13,2.5281106651081e-14,0.6752257109154016
514,1.178248241707161e-13,7.169698797592435e-13,1.0296461873986624e-13,0.6723576444754145
515,1.0951125320002108e-13,6.054452679991861e-13,1.1054198876680019e-13,0.6826578261330724
516,7.487429621445537e-14,5.638953014270786e-13,3.310176407082895e-14,0.6869660426455084
517,3.473215573002407e-13,5.327007404410433e-13,3.1303904447140863e-13,0.6745317782508209
518,9.814233346147814e-14,5.145810385818406e-13,7.559054098546284e-14,0.6783760773774702
519,1.7552786895216318e-13,2.8246643013312767e-13,1.4706626703163478e-13,0.7125173142878338
520,3.248094427033532e-14,2.17111862847539e-13,2.7319254938979727e-14,0.6811450289620552
521,1.0352422318931983e-13,4.675212028080966e-13,7.975955974206034e-14,0.6671353100944544
522,3.4975485771575945e-14,2.582684867834738e-13,2.655919062312354e-14,0.6839307253889274
523,1.3869690683174492e-13,1.9421881283324726e-13,1.1232875559791839e-13,0.6804796872951556
524,1.4609789671468173e-14,2.5408766143578968e-14,1.172108672476348e-14,0.6792681968887336
525,6.907504590269401e-14,1.7387407476023584e-13,3.635175865647837e-14,0.6959273941232823
526,4.2494446481084385e-13,6.856752846526705e-13,2.5961449697124745e-13,0.6824183504213579
527,9.336587390614909e-14,1.6529851780816222e-13,8.283678848533593e-14,0.666876395259169
528,1.049739852583605e-13,1.5415143507903122e-13,9.292438096992159e-14,0.6823088932083919
529,7.681717367070913e-13,2.844832734006505e-12,5.864868272825381e-13,0.6958349133899902
530,2.233771633895461e-13,5.468969951593692e-13,1.5391468562734385e-13,0.6748584597022272
531,3.370889343963137e-14,3.365861881880356e-13,1.5760336983668736e-14,0.6817006316734477
532,7.409907350743903e-14,1.2902516019966094e-13,5.751084835901312e-14,0.6533670211909339
533,9.959312084035747e-14,2.0295806787042885e-13,5.899133699015781e-14,0.6778879508434329
534,6.00943706097045e-14,4.602169977841163e-13,3.146254701136267e-14,0.6789069558086339
535,1.989128584164294e-13,5.030173664211914e-13,1.9689569169314295e-13,0.6727594134077662
536,1.10988323654803e-11,2.0653317696870605e-10,5.7239915184884805e-12,0.69118198385695
537,1.4580680275163421e-13,7.793084082758987e-13,7.697055997801922e-14,0.6830897972802632
538,1.4465599974175259e-13,2.5230781407005324e-13,1.41457000096852e-13,0.6839809070748742
539,2.132258502512775e-14,3.5842649407423324e-14,1.6717080707299048e-14,0.6796888957906049
540,3.0159599043753745e-14,5.932464338107934e-13,2.0407497335880093e-14,0.6673249706364004
541,1.7289279636145643e-13,3.518951161147307e-13,1.9902726360256695e-13,0.6877186197263654
542,3.0068156752715845e-13,2.86459902767958e-12,2.3422001853000777e-13,0.680007780296728
543,3.074343421960467e-14,7.662465303331479e-14,2.4297317707069047e-14,0.6826830973092001
544,9.705385029357328e-13,1.5176745437276442e-12,6.070073560815524e-13,0.7036209415178746
545,9.66851777429882e-13,1.5284255661624393e-12,5.637150690214985e-13,0.6898159288568422
546,4.4632343526202203e-13,2.562120561382866e-13,3.441926727095012e-13,0.6844201795291156
547,2.471378744157325e-14,1.306168738723413e-13,8.41660466235836e-15,0.6802578509319573
548,1.7301822424155148e-13,3.239929432546005e-13,1.273379854072465e-13,0.7069665877148509
549,1.420636103345312e-13,3.3877745641018914e-13,9.855757043046794e-14,0.67988969682483
550,3.4555143542594936e-14,1.090930572205806e-13,1.974052672801717e-14,0.6737294486258179
551,6.507584368348713e-12,8.463339613646312e-12,5.566901906227325e-12,0.704007936140988
552,4.936525353172358e-11,2.144477374004174e-10,3.2104492228027586e-11,0.6954379058559426
553,6.738001065821142e-13,6.373133141437169e-13,3.5525660944144466e-13,0.7259945128345862
554,1.8364906714801108e-13,2.0220175202945157e-12,1.3570593779385494e-13,0.6662984597001923
555,2.581833121554245e-13,1.8009592265460844e-13,1.7518521832376106e-13,0.7003275517025032
556,7.170616139133529e-14,4.855707615627135e-13,6.621855813775188e-14,0.6789952757069841
557,4.2496653773631446e-14,3.4236502028507533e-14,1.7228482202631326e-14,0.6769045731169172
558,4.3930867835447146e-14,1.3979151830662427e-13,2.853107630926105e-14,0.6863232443574816
559,6.997103314639205e-14,1.159497890269958e-13,4.1352595145865955e-14,0.6941548891714774
560,4.834022870574185e-13,3.5603015403262144e-13,4.3444751547622206e-13,0.6689654714486096
561,5.743714775712554e-14,2.4270140716366215e-13,1.6123018584789668e-14,0.6808330286934506
562,1.3729826859417247e-13,5.279633006400342e-13,8.71778508304784e-14,0.6799502718204167
563,4.275088762927301e-13,4.595799136424091e-13,3.363264897906558e-13,0.6923509986721911
564,1.4680486407728981e-13,1.1989238384238764e-13,6.555039870268231e-14,0.700498314097058
565,4.3240224447492933e-14,8.792597048998456e-14,2.16928553921509e-14,0.6813663514214567
566,2.979630706224815e-12,8.115894559788193e-12,7.831329193244162e-13,0.7118607549928129
567,1.5760650481928382e-13,4.653563988372849e-12,1.0651033191993504e-13,0.6690817013179184
568,2.8860044261188584e-14,4.6533608513476005e-14,1.525356653058827e-14,0.6824756120855454
569,1.4356192324100926e-13,9.55623570417205e-13,1.0486948995663749e-13,0.6811774403904565
570,6.483361556394261e-12,8.185466544054833e-12,4.0332533351875535e-12,0.7088578918250278
571,3.1584109435188686e-13,2.064074538840487e-12,2.5901656353432006e-13,0.6806145690381527
572,4.228179290936635e-14,3.36287830790657e-13,1.6027219298526434e-14,0.6824753829860128
573,7.412336077951499e-14,1.1702173298889413e-13,5.1846837002992556e-14,0.7197161830263212
574,1.4522709736032063e-13,7.506175765135556e-13,1.3471851675544483e-13,0.6810475519683677
575,1.9210103753169174e-13,8.740741680266289e-13,2.0391954442292589e-13,0.6772392420563846
576,8.789757455428837e-14,1.0599573323368455e-13,6.923850129005581e-14,0.6874382491805591
577,8.897517387420458e-14,5.231370729195603e-13,8.74177874640607e-14,0.6864074636308942
578,6.21051662869796e-14,7.759473322069653e-12,9.345792689950531e-14,0.6576697827724274
579,5.053505621989843e-14,5.375186931924429e-13,1.2555414700038452e-14,0.6734843763522804
580,2.6074929070028406e-14,4.4351598555660167e-13,8.5001699074178e-15,0.6771937852550763
581,4.794820140512625e-14,4.370840722787044e-13,2.982816533382556e-14,0.6816756178566721
582,6.097299978220349e-13,1.0611803386067201e-12,4.869919188238848e-13,0.5956707406934584
583,5.613329458640134e-14,3.9436382251026086e-13,2.8005656252922534e-14,0.6829826120811049
584,2.6631814507850826e-13,7.755889332538716e-13,1.394703085969993e-13,0.7214796117506921
585,5.2237215321859335e-14,4.721057000599072e-13,3.347857166646698e-14,0.6727765995659866
586,1.3804061190828357e-13,2.519157105132445e-13,9.322306835828853e-14,0.692168342601508
587,7.266798887176816e-14,7.688801792828353e-13,6.409528036431144e-14,0.6740839960984886
588,1.5123603890067055e-13,2.5625338827523376e-13,1.552692599174703e-13,0.6657123500452145
589,1.6391556710391999e-13,8.424712123585346e-13,1.7529189720847805e-13,0.674401878786739
590,1.1966503785977235e-12,2.6928647485767915e-10,2.3169403165790604e-12,0.6596982119051973
591,7.75880991437758e-14,2.5644441372472166e-13,2.9959689033532475e-14,0.6962656502961181
592,2.2227880972002437e-14,2.2079530452195536e-14,8.802687166689957e-15,0.6806330905819777
593,7.312966061486418e-14,1.0791743287491047e-12,6.268474271628248e-14,0.6746402354270685
594,9.245013939159064e-14,4.936706544529313e-13,7.4655744214755e-14,0.6768843642144929
595,4.737216586371348e-13,2.259084233090795e-12,3.279850861437104e-13,0.6945492295431904
596,3.6261440872150216e-14,3.254046989926244e-13,2.0382946360497222e-14,0.6858812766033224
597,1.4068617901608297e-12,1.1092831385256989e-11,1.2897373859528643e-12,0.6722187849896727
598,1.3108905698206586e-13,5.500415441857181e-13,5.287356934127412e-14,0.6716018486506072
599,1.207612183163306e-13,7.22836443773958e-13,8.039511753100972e-14,0.6745345108007313
600,3.495999028105161e-14,3.409275630691799e-13,2.3629244747058566e-14,0.6733052488649264
601,8.278611859430502e-14,7.152671283722342e-13,4.0058399706198095e-14,0.6760593449755106
602,9.295093743867886e-14,1.2023986079265406e-12,9.222642919909727e-14,0.6721502819797024
603,7.685385507535097e-14,3.752160076310766e-13,5.469127746774659e-14,0.6740312400332187
604,1.9740628509050907e-13,9.387216229977506e-13,2.3555387158023896e-13,0.6741557080997154
605,7.051917822026196e-14,2.956877957087625e-13,6.376911704630678e-14,0.6896713457303122
606,2.857570053913669e-14,3.8005392705210144e-13,2.9090902964689457e-14,0.6807081444654614
607,7.398030389154378e-14,1.3476984797199609e-13,5.469448035835946e-14,0.7006485921447165
608,3.0841004229578177e-13,1.423827423624526e-13,2.06664426436884e-13,0.6927926041651518
609,9.747013778338576e-14,1.6837093750893657e-13,6.889489844273537e-14,0.6773277134809177
610,1.0637532437289178e-12,5.026436836717743e-12,1.1192606318713536e-12,0.6811845630349126
611,2.754396855015739e-14,2.618164036155635e-13,1.7778298707650516e-14,0.6755967790086288
612,5.251976449119737e-13,6.419628375003554e-13,2.1164378908120563e-13,0.7498040612787008
613,4.419728075054372e-13,1.7124837917318507e-12,2.5847776007782185e-13,0.6789015538815875
614,7.84412196738752e-14,3.5268533350845865e-13,4.357291699019195e-14,0.6833507953735534
615,7.09284258841454e-13,3.53811631119569e-13,5.358139082224248e-13,0.7264369924319908
616,8.047039440104129e-14,1.2216347985615172e-13,5.810633808606895e-14,0.6782825555768796
617,1.9764451933849888e-13,1.0612316125767998e-12,1.0351940880195335e-13,0.689427991147386
618,3.8608720027001406e-13,4.625166796384111e-13,2.1902280983903632e-13,0.7092527532717213
619,4.6887169827738755e-14,3.1474008127803566e-13,1.4910105263256468e-14,0.6857012686727103
620,3.049619399111957e-13,5.765948434639916e-12,2.312159300505046e-13,0.6597396803845186
621,3.5885151819165276e-14,5.817124095575617e-13,3.1874712669722434e-14,0.6643977410480147
622,1.2626606192315406e-13,2.316877040055137e-13,5.912936090627559e-14,0.6897397052089218
623,1.5913860781472219e-13,4.891899006788148e-13,9.788493514005701e-14,0.6842395308602136
624,2.3170842660760015e-13,1.7801019619458299e-13,1.5767465713934236e-13,0.6883670107286889
625,7.815583314809516e-14,8.564819652168344e-13,4.878576066987818e-14,0.6675380635948386
626,3.156248764164911e-14,1.9714033709630304e-13,3.682153050878514e-14,0.6681990241253516
627,1.424793135485102e-14,9.594675267576743e-14,1.3910591733831991e-14,0.6783824073674622
628,5.698728169163186e-14,4.1087717633620324e-13,2.915306053896882e-14,0.6772427089570556
629,2.777324616122935e-12,4.648436092507038e-12,2.7700023174665526e-12,0.6722623082110658
630,2.4996643193732383e-13,2.746417277956178e-12,1.960128684457875e-13,0.6741726326494245
631,1.061180421623283e-13,2.2036610557585277e-13,9.258175787039194e-14,0.7090648376964964
632,2.4013178095903955e-13,4.005393713008342e-12,1.9017195141226625e-13,0.6762625233735889
633,4.9474344375296773e-14,1.0656945656469229e-13,3.2536262799642586e-14,0.6856861869979184
634,6.030399956265803e-14,5.754381340752987e-14,3.613777848205271e-14,0.6910748340073042
635,1.1310971470151218e-13,4.1351824432787793e-13,8.787718607819692e-14,0.6893535723036621
636,1.5717547473144174e-13,1.10510858091438e-12,7.840094379694191e-14,0.6913890079711564
637,2.1165910898984112e-13,1.7087670528820018e-13,1.091431620606669e-13,0.7029959341161884
638,7.645988893331372e-14,1.6457473884400381e-13,5.4720753690431104e-14,0.6601610860845539
639,3.90885217338831e-14,3.169680983542655e-14,2.662361539201538e-14,0.6840876738307997
640,1.1735812269336727e-13,1.0424197720214076e-12,2.7587771841473718e-14,0.6767166579491459
641,1.742341264607596e-13,2.2130409920776198e-13,1.6293887713950767e-13,0.6812918058596551
642,1.7710718684835397e-13,1.1376318417178265e-13,9.031217409539585e-14,0.6977451515733264
643,4.526906706950832e-14,1.3817335711339173e-13,2.036114665176058e-14,0.6916211142437533
644,3.174593827576001e-14,3.1054976336622535e-13,9.354643914364625e-15,0.6828891348210163
645,1.7950632029003934e-11,1.668591747694732e-10,1.8955845425922122e-11,0.6711275409412337
646,1.1472153459102711e-13,1.027671880468206e-13,9.554574729070617e-14,0.6940305888536387
647,2.0074279962250667e-14,2.8590683934583064e-14,1.136965241428055e-14,0.6918776550330221
648,1.8459104065787886e-14,1.4647284997409117e-13,7.534759980310417e-15,0.68585953124566
649,4.4759063681947705e-14,1.310052134783764e-13,4.661446111025542e-14,0.6845126520318445
650,4.773785198259769e-14,4.305094495135511e-14,3.807069154037983e-14,0.6998044512351044
651,4.876202680448375e-14,1.1215769618511248e-13,2.1048321634134572e-14,0.6996274835197255
652,4.7009166736951105e-14,7.869814918084806e-13,2.5559024461233544e-14,0.6682627968693851
653,1.44617310032839e-14,2.3598190122260954e-14,5.513440439617124e-15,0.6819198672834318
654,3.6184151521657726e-14,1.199568747199753e-13,3.748066026365004e-14,0.6801976755727083
655,6.349614761609476e-14,1.9560315279109158e-13,4.365199251122563e-14,0.6838954200386069
656,3.1751725021821935e-13,7.22374841220878e-13,1.7073939402918852e-13,0.6830106067587621
657,7.857929729956617e-14,6.259995203253705e-13,5.0766101162768065e-14,0.6637498611700721
658,3.789728720917094e-14,1.7330824821081691e-13,2.8190700477918702e-14,0.6811494283087086
659,2.3647555776580224e-13,2.8976180617529586e-13,1.7586546115150877e-13,0.6975967536214739
660,1.0628695153987701e-13,1.719136321154887e-13,5.2628132496694765e-14,0.7079181157867425
661,1.781522771340239e-13,4.043485787934418e-13,8.839278455970611e-14,0.6801508174976334
662,4.08728147433537e-13,6.720778470606892e-13,3.8109398335061736e-13,0.6820071358699351
663,3.2497740866012406e-13,4.668581670401838e-13,1.7314356499978575e-13,0.7134282233077102
664,1.785731490886988e-11,5.162696513551235e-11,1.7942833685347283e-11,0.6803134780027904
665,8.014313064240897e-14,2.0252127886049025e-13,6.418544367285128e-14,0.6853761398873758
666,2.2273399725922272e-14,2.1227036898105446e-13,8.133625076831756e-15,0.68420115361223
667,1.1547452940275343e-13,1.3530081813804238e-12,5.5957079399545096e-14,0.6676339437632123
668,2.122418515169403e-13,6.465896555213623e-13,1.3318244699405327e-13,0.6794414623000193
669,1.3094338737122093e-13,8.614602114655541e-14,8.261700700135531e-14,0.6838646299787797
670,4.618849179181002e-14,2.3326556600475303e-13,2.5788095121591198e-14,0.6812948534148745
671,2.5067937926284864e-14,4.6948852875403765e-14,2.0875055907654695e-14,0.6800030223501381
672,1.121405592470574e-13,9.330027659261142e-13,9.388015074000446e-14,0.6824485437187832
673,4.8840424927376584e-14,9.838359426070103e-14,3.048976084335008e-14,0.6836259365722072
674,5.686365074801462e-14,3.475309180576051e-13,5.409331326766811e-14,0.6769988971354906
675,4.463261492519202e-14,3.2176164959731525e-12,5.772027280097904e-14,0.6558781592728338
676,7.369962383672515e-14,2.0293767442055835e-13,2.6496653108910042e-14,0.6772053008549846
677,1.7095646617358038e-14,5.532869199246656e-14,1.149881203677282e-14,0.6850092667969875
678,5.399845231951795e-14,7.155111769119576e-13,4.8667207740719836e-14,0.6701811798062408
679,1.7639030191681577e-14,1.462412520525833e-13,1.0689493517299446e-14,0.6823384657036513
680,8.072668793145878e-14,1.3040088272900104e-13,6.490792367628726e-14,0.6856711195257958
681,4.272346273466538e-14,9.34125396434341e-14,3.477241883496444e-14,0.6961399850202724
682,6.338772245173114e-14,1.65781814885189e-13,3.787794460677779e-14,0.6990939941490069
683,4.2127026763190164e-14,7.683231280439207e-14,3.699708880924802e-14,0.6795534598000813
684,1.5015944197839498e-13,8.137244715867046e-13,7.288148819633711e-14,0.6618360126914922
685,9.550359578942984e-14,9.175409573200741e-13,7.155257906495156e-14,0.6893071118392982
686,5.716100976672905e-14,5.45577574545597e-13,4.454784323008193e-14,0.6897557830961887
687,5.139323242245719e-13,4.297643377682981e-13,4.776795598983661e-13,0.7098683282383718
688,4.7726063032995664e-14,5.240186311937125e-13,4.683034818271488e-14,0.683973682258511
689,6.004287442095935e-13,9.316692246905015e-13,4.5245208764828106e-13,0.6394380044599529
690,3.2356269724471493e-13,1.2351646852357583e-12,3.186142618266151e-13,0.6694499626988545
691,1.5135250509879e-13,4.1815140730483713e-13,1.4453560406366884e-13,0.6809472311346326
692,4.389085515111825e-13,2.36259101755557e-12,2.8697896056994773e-13,0.6972404429281596
693,1.1107507575068716e-12,1.8080772543010334e-12,6.247829431357278e-13,0.6981600647093729
694,1.9375917847482846e-12,1.730291022273512e-12,1.1858468773463966e-12,0.6831859667843674
695,5.51342009279933e-14,1.9891957543553875e-13,3.000582114103639e-14,0.6803623297426384
696,1.697578858189498e-13,2.7772861449438595e-13,1.4130051060734112e-13,0.6657453092368086
697,4.017498711870747e-13,5.028558648989449e-13,2.9430174335959545e-13,0.6982150304946118
698,1.92719851872798e-13,1.7332948174601184e-13,1.37780287606208e-13,0.6801035940181464
699,1.496348920664755e-13,1.3999032165718266e-12,1.3676060331382703e-13,0.6742898926895577
700,1.5133752779314162e-13,1.5635633597880992e-12,6.629255918678973e-14,0.6919366304820869
701,5.780943913696685e-14,4.495781707991965e-14,2.927062464439326e-14,0.6704941432806664
702,8.450685920407593e-14,1.7453268296327348e-13,7.936434040284592e-14,0.6909789521305356
703,9.878202616448246e-13,2.868100912485476e-12,6.843755194914593e-13,0.6996102222590708
704,1.7029227568730583e-13,9.500245713521478e-14,1.1755850700740363e-13,0.7153531863354147
705,4.068857663246244e-14,2.2078986432410592e-13,2.7733068471045825e-14,0.6851548196631484
706,7.302895095436055e-14,3.5468884085902407e-13,5.444549635457216e-14,0.6810496730555314
707,2.7327022914218824e-13,3.535793238115432e-13,1.8277776011061736e-13,0.6874894856591709
708,5.835513038837253e-14,3.1962622528585473e-13,3.628855546725925e-14,0.6822265041177161
709,2.5985099070217717e-13,1.469195047554445e-12,2.5342404752441095e-13,0.6706869000685401
710,1.8109420171688644e-12,2.2022469236052278e-12,5.624155012046621e-13,0.6963688679272309
711,1.4716910236265492e-13,3.343230019170893e-13,7.083339085453119e-14,0.6927937849250156
712,6.513437920759423e-14,4.483669533518612e-13,5.862052187495354e-14,0.673130782233784
713,8.355816702028598e-14,2.76385335985736e-13,8.173038369361747e-14,0.6775875701161567
714,3.2081733263220554e-14,1.253915995555658e-13,3.1302361944018524e-14,0.6771792244748213
715,1.4344155018077892e-12,9.260538466797032e-13,1.04474952550182e-12,0.6867071531713009
716,8.439999223796994e-14,5.346897216127203e-12,7.197846567816951e-14,0.6584098271996481
717,1.0942116651240836e-13,5.17315308763775e-13,7.635849819882194e-14,0.6818908080924302
718,7.917519674143212e-14,4.3264652849650294e-13,6.523759675160218e-14,0.6886516352882609
719,1.0878866555890698e-12,2.0332891904093154e-12,9.723055943515376e-13,0.6755548309825826
720,1.0783655156136124e-13,3.9019173197013354e-13,7.236129928612422e-14,0.6800892961153295
721,2.6822149991815045e-14,5.046981694788696e-14,1.8959441676287256e-14,0.6877480609400664
722,6.050742193987317e-14,3.2273704093566555e-13,4.662781863648723e-14,0.6923418422346004
723,3.0684234003719666e-12,4.712079616928078e-12,2.5939130483720576e-12,0.7132298010634258
724,6.262162099634603e-14,7.882143732624349e-14,2.1844500385566792e-14,0.6867778456187807
725,3.640621696652176e-14,2.803090038632616e-13,2.9157744277048986e-14,0.6782153333828319
726,5.07763593605373e-14,1.2969569766976513e-13,4.490645025912232e-14,0.6768199609301518
727,2.2829638394872267e-13,8.509594780269784e-13,2.2153079585507767e-13,0.6862340469262562
728,1.1794429527962364e-13,1.9789430207771315e-13,5.855964130586967e-14,0.6689285067433957
729,2.709936630205876e-13,2.9490341120423e-13,1.533543774992387e-13,0.7090972127974965
730,1.5733699284554547e-13,2.724281414894519e-13,1.6152713707285154e-13,0.7032918209093623
731,9.88439757739369e-12,2.396551250382463e-11,5.339429808869221e-12,0.7365824479842559
732,3.043496532759446e-13,5.626332343435384e-13,2.990463836705991e-13,0.6876981057575904
733,2.7240971104443516e-14,9.654269401086333e-14,2.05433946970978e-14,0.6822508919402026
734,3.955574405283188e-14,1.238789594738801e-13,1.5368220951575938e-14,0.6824961651989725
735,6.888943101952971e-14,1.5577576974484527e-12,5.4843854739076875e-14,0.6669648118666374
736,2.211083943212359e-14,2.0671168576102558e-13,2.0535824955693754e-14,0.6783816909650341
737,7.727778235500233e-14,1.2053197413344475e-13,5.959206991035355e-14,0.6784460898954421
738,1.5221962852616734e-13,1.836427423267537e-13,1.1309209046095322e-13,0.6847991382877808
739,5.6377499994078385e-14,5.273489719631508e-13,5.816761768888941e-14,0.6797388799197506
740,1.3379166820534138e-13,2.3501564947766887e-13,1.1644593704097027e-13,0.6811591372883413
741,4.363461099728407e-14,1.6255906216970796e-13,3.068236816635365e-14,0.6726574193628039
742,1.0048928579769018e-13,1.8441813288909273e-13,7.026308946123908e-14,0.6963890281389468
743,9.181838574842041e-14,1.2466263519724088e-13,8.32391099706077e-14,0.6913583266956266
744,3.722305444606043e-14,5.430710519629254e-14,2.648885850269904e-14,0.6789863355341368
745,5.271874392249211e-13,4.884356854261783e-13,4.4617555347186987e-13,0.7264234527014196
746,5.531809542073272e-14,2.0644668281980132e-13,3.497595804567766e-14,0.664164415030973
747,3.29454496687133e-13,8.278085817722165e-13,2.623549041656374e-13,0.6885387925431132
748,6.008599590316375e-13,5.428170837129571e-13,2.7416457612547856e-13,0.7158122846856714
749,2.105579456397767e-14,2.284089046868313e-13,2.1793519743317837e-14,0.6681380417256151
750,1.3453566283445167e-13,7.643925438941681e-13,9.19299817145906e-14,0.6780687878257595
751,4.442708106081836e-14,2.461343907738889e-13,2.9720964703400065e-14,0.6765464168507606
752,1.2177708734011372e-13,1.5100822980535056e-12,7.475964647517696e-14,0.6736952731414931
753,4.3557208726162894e-14,7.496635687907323e-13,3.272308608037009e-14,0.6768429948890116
754,9.185442219673639e-14,4.565146599936199e-13,7.623245480249594e-14,0.6765781374822837
755,8.36991671971818e-14,5.297892889500086e-14,5.887154194476939e-14,0.6825143689697143
756,9.219429571865497e-14,3.626498849501254e-14,5.83476482316009e-14,0.6830204434925691
757,1.9745623107144664e-13,8.399509373480133e-13,1.2851431935421098e-13,0.6785606728983111
758,2.899769043534547e-13,3.862946927289395e-13,1.7688427321053757e-13,0.6817643179325387
759,1.7635742813981635e-13,2.4892572203910052e-12,2.1316627525148225e-13,0.6622692422417458
760,6.352937334715507e-14,3.874008577328946e-13,4.3950065842278696e-14,0.6814358378469478
761,7.502150622667802e-14,3.867597309639441e-13,5.282546953980478e-14,0.674386606173357
762,6.277985361943497e-14,8.965719282636003e-14,2.7745609125541474e-14,0.6830437401193195
763,1.0908592973602708e-12,5.6272570454224074e-12,3.85031500320633e-13,0.6779348302341532
764,2.55775839920383e-13,2.924141895665078e-13,2.2128880264353388e-13,0.6596601781668141
765,2.385543283388623e-13,4.4187785691797176e-12,2.435828831412356e-13,0.6647986576630501
766,2.213811707544051e-13,3.0728783222467494e-13,1.5564104593302529e-13,0.6908773347793613
767,4.537085314735546e-14,2.4205826264222527e-13,3.09839437137256e-14,0.6846366170502733
768,2.1692335432556049e-13,3.3036361798063947e-13,1.1960963554922004e-13,0.7059401158476248
769,8.958897156736559e-14,1.413358618374674e-13,6.561839418159294e-14,0.6832620090455748
770,5.697972606840374e-13,5.216031371282341e-12,3.800098360101535e-13,0.5879456094437046
771,5.130755892663444e-14,2.4909133981752927e-13,3.5650622736491074e-14,0.6750537214975338
772,1.4892347903004765e-13,2.0656753262738318e-12,1.3906582177454831e-13,0.6876359029498417
773,7.841618255936925e-14,2.756744143791029e-13,8.602619603499058e-14,0.692078266775934
774,4.779669804178226e-14,1.697223655208563e-13,3.387954672120374e-14,0.6479399776028003
775,5.155368290645739e-14,2.7644475371278377e-13,3.5427855639869416e-14,0.6806436067039613
776,1.3975531527778846e-12,1.5629652572028873e-11,1.0861581690986698e-12,0.6744971198029817
777,1.7091616685025356e-13,1.4358052333556602e-13,1.1565053369031016e-13,0.6962122473865747
778,2.974234125682676e-13,4.900060953940791e-12,2.2729500401769135e-13,0.6679289930936647
779,2.632179041048167e-13,1.7572834201366386e-12,1.2910682030639066e-13,0.6751522348087746
780,4.5194896761940866e-13,7.683510503589886e-13,2.866635019972073e-13,0.7127886525238865
781,8.869777517661842e-14,3.70303251377093e-13,8.310709170967965e-14,0.6736571327637648
782,4.99480776821839e-13,1.6979492796470405e-12,3.1168708421898224e-13,0.7014053751132451
783,5.47317573995658e-14,1.8206239844378504e-13,2.7617993770553515e-14,0.6897874137212057
784,2.1764421316212492e-14,4.692465021831182e-14,7.50488414552489e-15,0.6830881485249847
785,7.361902764066225e-13,4.5760467680208246e-12,4.706623485054112e-13,0.642001070943661
786,1.5595830034155732e-12,1.383512467288416e-12,1.3204760389142046e-12,0.6946017013862729
787,3.5955826817858096e-13,6.769071828711324e-12,2.7046932025003395e-13,0.6856908553512767
788,1.31769644450685e-13,1.9218211263921545e-12,1.3114892555429811e-13,0.6930641948245466
789,1.2005485357901833e-13,3.018188039099157e-13,9.093547648667313e-14,0.7009168888209387
790,1.1520350603586724e-13,2.276567444985923e-12,1.0687401404132865e-13,0.6683052913227584
791,6.8614053767755825e-12,2.0408730918618383e-11,4.1714722127470554e-12,0.7057780662667937
792,7.298907323151815e-14,8.208249877136514e-13,7.044533645078377e-14,0.6735636397643248
793,3.1611585117101424e-14,2.0909040908335432e-13,2.1488419309194265e-14,0.6785267421393655
794,1.900798201306827e-12,1.3960360168648218e-12,1.6482913258003142e-12,0.7390655513387173
795,3.9576160894220136e-14,5.09451598982446e-13,2.5602410509348817e-14,0.6708155357977376
796,2.9700215132930537e-12,2.939214592315729e-11,2.27679899141978e-12,0.6712201961374376
797,1.088586958328097e-13,2.683733922905399e-13,8.193579353250036e-14,0.6832656674727332
798,1.65779168981761e-12,4.736131459673645e-12,1.6760501433259011e-12,0.7253710443386808
799,8.993901300068044e-14,1.7227588857162329e-13,4.1527961015851524e-14,0.684852127940394
800,8.281756470776396e-14,1.5354957850527943e-12,1.0987626335571787e-13,0.6584556143730879
801,2.4610206240287546e-13,9.823790296453887e-13,2.3137955461036164e-13,0.6692186652275268
802,4.078683367309597e-14,3.7344751719446517e-13,4.153984044036329e-14,0.6757817557430826
803,8.573969684198049e-14,2.623342366152175e-13,3.1997722053959925e-14,0.6909813699894585
804,7.40067086162737e-14,2.315520904974814e-13,7.216761088928359e-14,0.6871260237589013
805,1.7744013207806913e-13,2.662875172798829e-13,1.0713232489971547e-13,0.680991224682657
806,3.0061228976471245e-14,2.566586031190288e-13,3.128816374100326e-14,0.6836226889514364
807,7.046301311145311e-14,4.0801026918721913e-13,4.568633246172674e-14,0.6798244713747408
808,7.816695577997594e-13,2.7296527184907943e-12,6.811225292317624e-13,0.6728835030691698
809,1.29437443665968e-13,1.7131318008933272e-13,1.0184548581420125e-13,0.7020226363209077
810,1.7666974620432517e-13,1.6292795880690537e-13,1.1207150033486115e-13,0.7069288338301704
811,1.2939438277529457e-13,2.782551649824195e-13,5.885014670955563e-14,0.6810244239051826
812,9.890339871716935e-14,4.317805886334654e-13,4.77561191857155e-14,0.7070572024094872
813,5.466866158464684e-13,1.205585634422643e-12,6.073426869246947e-13,0.6835946564911864
814,1.0117242441158785e-13,1.6946257867401255e-13,7.292165223278952e-14,0.7042354403645732
815,1.2559439812617016e-12,7.282242889130774e-12,1.096353800986095e-12,0.6504600266431225
816,1.5955684258999866e-12,2.36002624626495e-12,1.1592517770301465e-12,0.6989986772998236
817,2.5237243327159316e-14,2.1289230470734214e-13,2.408773845261168e-14,0.6735447580053006
818,1.045679272775648e-12,2.191480715381652e-12,1.1308545268697781e-12,0.6636382149532437
819,3.477907440765186e-14,7.693378458141846e-14,2.4226842409364885e-14,0.6798235012276563
820,1.0548655378980708e-12,1.4053579121977864e-12,1.1007708365586103e-12,0.6585947909625247
821,2.146030768087751e-14,2.1377891869490043e-13,1.5215144578047933e-14,0.677867259492632
822,3.663245526866691e-14,3.002460877887428e-13,1.9068542555200114e-14,0.6859903391217813
823,2.034776226485611e-14,1.4658736341185422e-14,9.713878813994008e-15,0.6795861412188969
824,3.553578920865723e-14,8.754855161659853e-14,1.235066631184994e-14,0.6820683464466128
825,3.5890135470533694e-14,7.276857623688962e-14,1.0622602832059566e-14,0.6916727517149411
826,2.0327958400504393e-13,3.6298598776172592e-12,1.7892146639879454e-13,0.665205588407116
827,1.027670264291911e-13,1.916358926971363e-13,8.693543109585791e-14,0.6939977311063558
828,1.4141579909151137e-13,9.770255386742806e-13,1.2164735441652002e-13,0.6785197361023165
829,6.099209183718975e-13,7.04245996406864e-13,5.42752513704311e-13,0.6820703654433601
830,2.7668969174461883e-13,3.1503846657186827e-13,1.4233518375212002e-13,0.6962884367443621
831,7.119360460694238e-13,3.778988681777627e-12,4.4351177016797665e-13,0.6848562357306947
832,5.867692588827586e-14,4.778336890262347e-14,4.4318478042018774e-14,0.6843948887544684
833,2.698857725660597e-13,6.05519917340664e-13,1.67549107935031e-13,0.6774581822683103
834,5.319245890585919e-14,4.2125528756882196e-13,3.0734384484787134e-14,0.6772584691760131
835,8.458376599384491e-14,1.5868795397997571e-12,6.971456989817518e-14,0.6623900323582348
836,3.114049372912241e-14,2.894380033563731e-13,1.485286808065875e-14,0.6763817662023939
837,4.1093048627807106e-14,3.791002734270202e-14,1.1990818135826182e-14,0.6894759896676987
838,1.3194693276289982e-14,9.26763449713524e-15,6.6117708758534974e-15,0.6806935002503451
839,4.860025064881712e-14,1.0061330290652795e-13,2.3563435355830582e-14,0.693000400858
840,5.987209949377384e-14,1.3254673417829193e-13,3.2578924630187684e-14,0.6860039549064822
841,6.53729607491427e-14,1.292685008879445e-13,5.443726865414927e-14,0.6839984799094964
842,1.057035224950554e-12,1.3496805047763894e-11,7.944545866830982e-13,0.6657923702936387
843,3.4103234153537143e-13,2.505385572565952e-13,2.535286961847818e-13,0.6840026424615644
844,4.813984513664549e-13,1.432593003988809e-12,2.8320374908914e-13,0.6618220924632624
845,1.1754780682283536e-13,3.0716362368438584e-13,7.539441238728597e-14,0.6675186563050375
846,6.412439195167259e-14,4.155005347005173e-13,5.2304786280695944e-14,0.6827274740149732
847,2.7953748962875133e-13,2.55289475693079e-13,1.6113982905610248e-13,0.697106757259462
848,4.025290095425638e-14,1.1653227311057397e-12,2.549296157468548e-14,0.6702717123000184
849,1.240182276772618e-13,6.103168008020448e-13,7.771299893849773e-14,0.6775060552346985
850,5.782997604948047e-14,2.4332902314318014e-13,5.5820181695846904e-14,0.6676015335135161
851,8.750244490179305e-14,5.532169537732193e-13,8.883754522522645e-14,0.6829891905770638
852,7.051320147482048e-13,9.921888924711731e-13,4.5056526182686725e-13,0.6519907719863113
853,5.5472118577573643e-14,7.457416928208106e-14,2.691052590348183e-14,0.6980587097466924
854,9.507848932112323e-14,3.9178957031782775e-13,8.566051211227936e-14,0.6828449904860463
855,2.4049092006054724e-14,5.19837944275259e-13,1.3030822026457444e-14,0.6713720127328997
856,2.605359047988688e-14,1.6469967580098678e-13,1.7829399746199303e-14,0.6811747409927194
857,7.18552267104373e-13,1.144774324047216e-12,6.619516478785754e-13,0.6998332457151264
858,6.880712597828625e-12,1.189782093366761e-11,6.6156668926120235e-12,0.7103446795139462
859,5.6266265697031393e-14,1.3072066710125782e-13,3.7684357138277675e-14,0.6809350725263357
860,1.804496514385932e-14,3.2550941933163903e-14,1.0215985518778322e-14,0.6821104539907538
861,1.6664382812114054e-13,8.918192257836367e-13,1.1723918612656012e-13,0.6732867788436124
862,9.361096097268504e-14,2.4967488307714097e-13,8.556775660466592e-14,0.6663514127372764
863,4.61249190396699e-14,2.7240325442686923e-13,2.5672049173754878e-14,0.6874023704731371
864,5.198800038059732e-13,5.925216972816086e-12,5.58383130157338e-13,0.6555723268014845
865,3.204580153955635e-14,4.624197661366106e-13,1.7768454552329947e-14,0.6718873899022583
866,7.857323877586121e-14,1.7802833641230775e-13,4.456738203992517e-14,0.6828215380490292
867,1.0418719627789108e-14,2.1672900952104098e-14,4.4185428295849145e-15,0.6821394776459784
868,2.680147763376845e-14,2.8854843878788313e-13,1.3086095252170038e-14,0.6756150997593068
869,8.484114834324242e-14,3.268763804199812e-13,4.816258791713651e-14,0.6648320175503614
870,3.892226489300048e-12,2.8150480795513718e-12,2.969563279559269e-12,0.6808814879972488
871,1.115145385719446e-13,1.0722563830493624e-12,7.969300594177471e-14,0.6771524877869524
872,5.525408490287607e-14,4.855679901965462e-13,2.352578387042829e-14,0.680680839845445
873,6.112502014848364e-14,3.7060616504331647e-13,4.6746899498461945e-14,0.6845336309925187
874,1.2084530907505047e-13,5.513164895995771e-12,1.0311242616743583e-13,0.6699444976169616
875,2.4071089217119e-13,4.65383536731033e-13,1.370491447536298e-13,0.6555151847132947
876,9.221570567325492e-14,4.736577459636455e-13,6.870910317948884e-14,0.683037548448192
877,3.362149701305114e-14,5.2615972557199254e-14,2.3954858655816334e-14,0.6787272915360518
878,4.1044541812355535e-13,1.4560922789448264e-12,2.979522967474217e-13,0.6338993974393816
879,2.1427890977955854e-14,1.4341904501806087e-13,1.1266893724441839e-14,0.6849425952124875
880,1.121333126822347e-13,9.528085002512528e-12,1.0292340209955891e-13,0.6599663232133025
881,1.295448719088888e-13,4.156167281039279e-13,8.959385538393251e-14,0.6790383403887972
882,1.9907456762797102e-13,3.322819810560371e-13,1.7705131142890815e-13,0.6949422355159186
883,7.950369686601619e-13,5.463354272034861e-13,7.004268913547916e-13,0.7215210017748177
884,1.631843848867717e-13,1.9748310388797964e-13,9.829183893011515e-14,0.6818642001424451
885,8.632508363486938e-13,2.2092409165469267e-12,3.4977635514310634e-13,0.7385497651994228
886,1.3043594677383744e-13,2.3972723530958346e-12,1.098557903315078e-13,0.6663284987211228
887,7.591915548017571e-14,2.753554176647952e-13,6.729158583952278e-14,0.6764008352765813
888,5.4303918758945344e-14,1.624021754157523e-13,3.4919365188702923e-14,0.6993118472513743
889,9.243105512137195e-14,3.3213379078489263e-13,8.404965174460653e-14,0.6669190418702783
890,2.0401347776034766e-14,3.359594379952673e-14,4.7708672520583044e-15,0.6802956448693294
891,1.1029042932702144e-13,2.82172036635373e-13,1.0257267361907185e-13,0.6485418829164701
892,5.154568264052789e-14,1.6953801595305836e-13,2.4581192203061204e-14,0.672083338710945
893,6.973679418792624e-14,3.6834323892324066e-13,4.9943026901140454e-14,0.6789541576581541
894,1.9596643061873613e-12,6.782742942424384e-13,1.0815332397741275e-12,0.6325978363398462
895,1.2990229457814296e-11,1.68245609275206e-10,1.3833556206326676e-11,0.6663504173106048
896,1.9239496982920755e-13,2.897893131659143e-13,1.156773148698082e-13,0.6770823090744671
897,1.6694895606360773e-14,5.635389508410248e-13,9.15442991022732e-15,0.6680937586876098
898,4.165522497630639e-14,4.119654013451817e-13,2.2322687485677547e-14,0.6769541945017409
899,3.5797247902784634e-13,6.496791310136671e-13,2.8086572321972966e-13,0.660176769294776
900,2.9473790883171063e-13,2.8806129192992975e-13,2.0319290780232127e-13,0.6880335602443666
901,2.5813890097129247e-13,2.118264402532653e-12,1.2272517869017922e-13,0.6822722133772914
902,4.5957914003686685e-14,7.166171386112469e-14,3.7079983027597044e-14,0.6894307405164
903,4.8897651476722635e-14,1.3682925462697908e-13,2.3756418397356854e-14,0.6530730652797502
904,6.851882205472249e-14,2.395269169971647e-13,6.791833898842092e-14,0.668347160454141
905,3.352338379371212e-14,2.2160282414854648e-13,1.555945437793233e-14,0.6774208413844462
906,6.044554760270174e-13,4.875605929336583e-12,4.234236123357934e-13,0.6744696247653337
907,6.489127738380101e-12,9.945300981185651e-12,4.699284374258609e-12,0.6821501567668747
908,1.0843115889792907e-13,6.223940703040828e-13,5.297454610997998e-14,0.6815183334401809
909,6.761870434952663e-14,6.353006122138283e-13,3.472505973759049e-14,0.6915141112345736
910,1.4517659672909203e-13,1.366352196370038e-13,1.221009299606082e-13,0.6971639599767514
911,5.092549173140597e-12,8.75179524875115e-12,2.862184612507102e-12,0.7104343576706015
912,8.317021171234504e-15,1.0934782270789566e-14,3.1047397043928213e-15,0.6810741729394068
913,4.540774687308103e-14,2.830735772856876e-14,2.3902112908282758e-14,0.6817838167888113
914,2.4986653624823445e-14,2.3008706108686262e-14,1.486441443312665e-14,0.6789260282414034
915,8.958763813310606e-14,4.13960324264518e-13,9.031037834930564e-14,0.6834798395924736
916,1.98874172426811e-13,3.885433430019378e-12,1.5411979061653345e-13,0.6633971302944701
917,3.618970140443865e-13,9.639662479816832e-13,3.819970129819608e-13,0.6990422697737813
918,3.835146535957642e-12,8.239241032234991e-12,2.90089882059459e-12,0.7079830112867057
919,1.2931570308911205e-13,1.6072699657277469e-13,8.283148210626193e-14,0.6752982829231768
920,4.299380300444742e-14,4.250242902937317e-14,3.6159958525627874e-14,0.6803419241856318
921,1.5867129526365887e-13,9.640236328541349e-13,1.3140699184832437e-13,0.6859715990489349
922,7.06414735535099e-13,8.29260109037263e-13,4.110720732996565e-13,0.7359242963371798
923,1.4185403338570305e-13,1.3725235979373079e-11,1.7681704209642686e-13,0.6567764597188216
924,2.6476294555848442e-14,3.857636640056321e-14,2.4934689619379023e-14,0.6812574658892118
925,2.401420630172541e-14,3.9823565131319084e-14,2.5866587074038077e-14,0.684361668175552
926,8.107957844355754e-13,1.2296721243850055e-12,7.628334155797338e-13,0.6747408645343966
927,9.417107765184642e-14,2.139844166704925e-13,8.165827472094897e-14,0.6758564833609852
928,1.3820726798921352e-13,3.380491779317031e-13,6.663105636048857e-14,0.6807449800719041
929,9.097783395547812e-14,5.322752661554919e-12,1.3203059054066245e-13,0.6576588495459873
930,8.47658953230452e-14,2.1677386899297767e-13,4.9267959806293497e-14,0.6825755548139568
931,3.057907388371726e-14,4.4663039346212e-14,2.671250446394516e-14,0.6797191867430229
932,8.524823699078469e-14,1.5066879678433377e-13,3.3094139604270016e-14,0.6940712373703718
933,1.1793742948281678e-13,1.2556778122279313e-13,8.770796972803286e-14,0.7010895007639192
934,3.0020738207762974e-13,2.2988428323789506e-12,2.488129297185713e-13,0.6814668019302189
935,4.602157787412025e-13,3.578246840759812e-12,3.813118159132882e-13,0.6753806779335718
936,5.875642715827664e-14,3.1002129244011695e-13,5.5048850526753976e-14,0.7000152603141032
937,1.703843090861942e-13,2.7598745666795554e-13,1.273834972500147e-13,0.7047723989700898
938,1.4026154985535952e-13,4.385362797947917e-13,6.413252549174949e-14,0.667479340947466
939,1.2968208008786065e-12,2.6044121306282833e-12,1.0812681622459124e-12,0.7163610002957285
940,7.884259590906778e-14,4.683558550711363e-13,7.527281350535263e-14,0.682541213388322
941,3.6160422962471254e-13,4.692879280056608e-12,2.0066271720671148e-13,0.6904414741846268
942,1.0364401344853368e-13,3.858945364704516e-13,6.042700094715003e-14,0.6771025351015851
943,4.541870850568677e-14,1.7018867510456696e-13,4.1253360335934695e-14,0.6820746859011706
944,4.721299071865341e-14,2.9857245200875395e-13,2.841712618057779e-14,0.6833740078669507
945,1.145121875745735e-13,3.0785758529104354e-13,8.814961205482318e-14,0.6824186807498336
946,7.003881234503094e-14,5.186620344388258e-13,4.0940019485516665e-14,0.675554745172849
947,4.0001493217782985e-14,1.2611329050998306e-13,3.662984479361265e-14,0.6777719904726837
948,9.80461177752299e-14,1.1791012329661657e-12,5.6297406855464795e-14,0.678115783224348
949,5.192462259736347e-13,1.551102789278552e-12,3.6374648217530807e-13,0.7036353351664729
950,8.761784924447145e-14,1.3749239499715052e-13,7.143399699891841e-14,0.6816880678466987
951,7.093847095711721e-14,6.920062429339658e-13,5.701594440210071e-14,0.6789638424059377
952,3.120599936874887e-14,3.1442925949739456e-14,2.080449310163168e-14,0.6845874101098162
953,5.2111370181048176e-14,1.5076794389785078e-13,1.7410126886075047e-14,0.6991308643599041
954,1.0075182930591265e-13,4.5069180800385343e-13,3.6837882544570165e-14,0.6726733465882717
955,8.316996146904198e-14,8.266657905745786e-14,7.380386637981098e-14,0.6774947672907728
956,3.265092884751905e-14,5.879913857409334e-14,3.0464189100313705e-14,0.6803023994143587
957,4.414968476147858e-14,6.269678925076746e-13,4.0928885350098294e-14,0.6820071233785712
958,1.1745877539881333e-14,1.1411856606453882e-14,3.795697590607156e-15,0.6805086125270463
959,4.8736870435919044e-14,1.6880841145680946e-13,3.057934655685822e-14,0.677988771861419
960,1.1287567408595656e-13,9.684968441250161e-13,5.3770420360961035e-14,0.674046848132275
961,8.22639067006164e-14,2.5012032045675126e-13,7.342270885077623e-14,0.6878784378233831
962,3.214319875362021e-13,2.473660476233034e-13,1.8816836964134574e-13,0.7337724500568583
963,2.2773600251652597e-13,2.627570949218275e-12,1.0561514752726324e-13,0.6789059495204128
964,1.3058058278648468e-14,1.825699500909111e-14,5.55739304337855e-15,0.6810064388962929
965,7.770541759624575e-14,1.7776585314124527e-13,5.430708851112427e-14,0.6960678572766483
966,2.875560710181932e-14,2.799442822135179e-13,2.1100154687487877e-14,0.6836021920782513
967,9.356151079929837e-14,9.529034498968493e-13,5.5501087495050687e-14,0.670217154538841
968,9.811961568448223e-14,1.910105754113402e-12,1.0369324383326603e-13,0.6728689189942088
969,3.7023713704781507e-14,1.4535637008219066e-13,2.0085450253000268e-14,0.6813446193467826
970,3.044707558117205e-14,3.969348375995206e-14,2.24122814318284e-14,0.68144403899787
971,2.910212908608271e-14,3.0923561355262485e-14,1.9484148735248783e-14,0.6806240916077513
972,1.8092161932813308e-12,1.573307354347034e-11,1.6294942281058754e-12,0.6777467294770758
973,8.177061169268866e-14,1.3765763286656904e-13,5.055597671218265e-14,0.6770058946043719
974,1.2400513632727283e-13,1.0630249914786573e-13,1.0858486307062781e-13,0.6973130881669931
975,8.120438281051092e-14,3.229359509612569e-13,4.478138309332036e-14,0.6644242604845203
976,6.123433565157921e-14,7.33999176203212e-14,2.017306161152441e-14,0.682516432920238
977,3.566420558546125e-14,5.240139538545172e-14,2.4830527799507586e-14,0.681963285797974
978,3.674519960855991e-13,2.4938141762535824e-12,2.5681185688801394e-13,0.6805283700639848
979,1.5835291310653154e-13,3.305712034919865e-13,1.3217987710621717e-13,0.6924082116456702
980,3.2242643717456045e-13,1.8138065851189293e-12,2.1603625875615941e-13,0.6884832902171183
981,6.35974871127425e-14,7.676124924132396e-13,3.8586936608513487e-14,0.6679013656248571
982,2.9513492412972445e-13,2.2622787764978028e-12,1.3927199186529383e-13,0.6737879825406707
983,5.016894849603776e-14,2.505767008886037e-13,3.480437878877673e-14,0.6906320937676356
984,8.347536689538649e-14,9.952342227798573e-14,8.3185497531324e-14,0.6845552344224416
985,2.0317055736768007e-13,9.535555398028667e-13,1.4588477080540562e-13,0.7080516351968982
986,5.875620709557581e-14,3.8011411258086577e-13,2.7436921995710007e-14,0.6865323693491518
987,9.539283823944497e-14,2.1222734050391593e-13,6.735923416981803e-14,0.6957698531914502
988,2.3814791682863206e-13,7.347722234606335e-13,1.6689743930647533e-13,0.69897929020226
989,6.456917822521689e-14,1.4500120539923214e-12,5.947226544297939e-14,0.6605897890665802
990,3.7244063330644415e-13,6.023689732950592e-13,3.437861563640365e-13,0.6874400869826787
991,1.9048591182725073e-13,1.556765620165442e-12,1.0621391318642861e-13,0.6611263680475531
992,9.569418447360102e-14,3.633458597489619e-13,7.237454257317469e-14,0.6760264141135849
993,4.276243889853173e-13,5.414273597364456e-13,4.028875792018536e-13,0.7211300023598597
994,1.1496954601915696e-12,2.1394285218439294e-12,1.1977407143052047e-12,0.6911147281643935
995,2.2312269217259654e-13,6.876607363812393e-13,1.5834763046606812e-13,0.6975853767129593
996,4.916522540214515e-13,4.431507934067636e-13,3.891832027257325e-13,0.6788598158629611
997,6.780208253446763e-14,5.079029490804169e-13,3.708633128474576e-14,0.6915948084497359
998,1.278890692907263e-13,4.079572582935066e-13,3.607148506065786e-14,0.693189668492414
999,1.0621707487221231e-13,2.308977042756098e-13,8.828526008021879e-14,0.668649768512114
1000,7.354077039895175e-13,7.299661644677908e-13,4.5418812074656543e-13,0.7024429461802356
1001,1.5853120899761932e-13,3.7953824155683674e-13,1.084333220311725e-13,0.6909632094320841
1002,2.095425562408221e-13,1.6487171760793714e-12,1.969769243047523e-13,0.6703091833449435
1003,3.364707523228196e-14,1.5742347756195944e-13,2.213381196931492e-14,0.6772763004642911
1004,2.993968243189519e-14,4.356538587891434e-14,2.514916845511742e-14,0.6796916159393731
1005,2.1106542787469344e-13,4.877415355035327e-13,2.2688277736137722e-13,0.6759256163204554
1006,2.7034223702696034e-13,5.234229543208457e-13,1.8757277832624293e-13,0.6947109011234716
1007,3.8890149988154386e-14,1.175072709947624e-13,1.6308040225258835e-14,0.6797628653468564
1008,1.240843120109131e-13,8.400385333502539e-14,9.793752512410619e-14,0.6804257037991193
1009,6.171453433228283e-14,4.0166780579805575e-13,5.706207631836348e-14,0.6760639606742188
1010,5.711168685472055e-14,2.9034326197472125e-13,3.209981086030044e-14,0.6884701159782708
1011,5.316190712107941e-14,1.8430412795718598e-13,4.7881034195606603e-14,0.6767253878118936
1012,4.638772925909251e-14,6.630745120570574e-14,2.1872300905651202e-14,0.692104738636408
1013,1.8735004658062254e-13,2.0578881397017363e-13,3.2146476350667943e-14,0.7208908072439953
1014,4.263857418497801e-13,1.8385515935743594e-12,4.09797767668338e-13,0.6309970750036882
1015,7.006130631904549e-14,1.9363839717876752e-13,5.148796319799067e-14,0.6649054636247456
1016,1.7749151011300767e-13,6.192001948221108e-13,1.5399218817118975e-13,0.6723097123613115
1017,2.008605316066604e-14,1.3716367253106867e-13,1.9308412738738186e-14,0.673791202553548
1018,5.186542270104486e-14,9.030224469916096e-14,4.337668462553736e-14,0.6864013557555154
1019,1.2950097556562466e-13,2.625764219016727e-13,1.1733115048296723e-13,0.6573804438376101
1020,1.7708680362684837e-13,2.183124580099968e-13,1.7149707041624218e-13,0.6965436234080699
1021,2.843111767723189e-14,3.3615931907802595e-14,1.1648521808528206e-14,0.6845113442104775
1022,1.2945548245570127e-13,4.0649609727035235e-13,9.41012316869301e-14,0.6740891493856906
1023,4.684109597750848e-14,6.747123863711365e-13,3.698296013973873e-14,0.6797449184057769
1024,8.530560709971965e-14,1.6981969671777288e-13,6.096573481567028e-14,0.6824357257166411
1025,5.878328542242898e-14,3.882903380241446e-13,2.954037185041963e-14,0.6732892032247036
1026,1.2705752185409534e-13,1.7155619890148365e-13,9.340337061253189e-14,0.6876059083442669
1027,1.2363147229935672e-13,2.4086683164363256e-13,5.903721034208108e-14,0.6713460405007936
1028,1.3203969549948491e-12,2.749015628556359e-12,9.536648215485161e-13,0.7451102305669337
1029,9.838020285701355e-14,1.6825771042453614e-13,8.540471721351483e-14,0.690380587708205
1030,2.6697097429007385e-14,2.813824641033528e-13,2.0570517405299355e-14,0.6792531684448477
1031,8.942472635095127e-14,1.8316262472199481e-13,9.406501629373073e-14,0.703409437974915
1032,8.357188252931064e-14,9.493918749713877e-14,6.383595771862975e-14,0.6964903733576648
1033,6.890345387139856e-14,5.439124600572399e-13,4.5673052022294745e-14,0.6779417026846204
1034,1.9722837617764897e-13,3.5347165989894864e-12,2.323296644779206e-13,0.6589308726077434
1035,6.286336921296117e-13,6.193832330055197e-13,3.7731951963235567e-13,0.7207051168894395
1036,2.5822750384925587e-13,4.878705979676915e-12,2.2572181820288332e-13,0.6610530172765721
1037,1.2047009010715733e-12,2.501732553056731e-12,9.312844419106003e-13,0.640494805626804
1038,5.699139228772984e-14,2.9969298142041194e-13,4.891283187178157e-14,0.6776151826023125
1039,4.198478208909444e-13,5.135845259691395e-13,4.049633658680681e-13,0.6945547310868279
1040,3.628282247695038e-12,2.794991807938317e-12,1.7072271145356625e-12,0.7544717366341501
1041,1.22043899009761e-13,3.265815453029653e-13,1.4030533861834662e-13,0.6439803422836121
1042,3.5417880221700496e-14,2.5772472375868684e-13,3.839674942321825e-14,0.6773190866631922
1043,6.101518931323192e-14,1.0615154699685256e-12,2.791424102053188e-14,0.670667061759741
1044,6.696836257506409e-13,1.2369903072350662e-12,3.150994719405868e-13,0.7263540606712923
1045,1.1803641872880964e-14,2.855833561031377e-14,8.154320001106799e-15,0.6840214092633687
1046,1.2355516284728728e-13,4.452327638886102e-13,1.3626779948566246e-13,0.6711766437685582
1047,1.9970799361641903e-13,6.61533785360655e-13,1.2438788573204185e-13,0.7044609022676014
1048,6.110029497058794e-14,9.736865115457489e-14,2.0719101086244702e-14,0.6840160019695759
1049,5.29532425547697e-14,4.941258523253584e-13,3.839329257596344e-14,0.6738469285250176
1050,1.338759547446222e-12,2.5972078951284846e-12,9.897215061221206e-13,0.7132424637209624
1051,3.723024143123934e-14,2.880444912875204e-13,2.5698748109558314e-14,0.6832942502514925
1052,7.429270347302688e-14,7.04776330950998e-13,8.052256897809277e-14,0.6722391902061645
1053,1.8797563362239652e-12,2.403163853817183e-12,5.030315052267182e-13,0.6823813101218548
1054,3.737643465337439e-12,1.8755820030005774e-12,2.0256207283951915e-12,0.6791096450062468
1055,9.195732996045025e-14,5.178371031782864e-13,8.593582200603632e-14,0.7154720762511715
1056,4.374436197412485e-14,1.3885706837603548e-13,2.665792076877859e-14,0.6884794613579288
1057,3.8248059950002876e-14,9.517574196419018e-14,2.8472522483490594e-14,0.6850341332086828
1058,2.6907506363460117e-14,8.476632012969879e-14,9.26964210493549e-15,0.6850728304882068
1059,3.8469493181922295e-14,1.4384836237387823e-13,3.4982400588529366e-14,0.6821285168582107
1060,1.2381217063364524e-13,8.635666944081214e-13,1.267638760754728e-13,0.6828856720705516
1061,3.3625237426206243e-12,1.2124503615967543e-12,1.7379816146868985e-12,0.6997201412450522
1062,1.8098353924462749e-13,2.402856918501534e-12,1.0060626580149267e-13,0.6849145251093433
1063,6.47375718367766e-14,2.6594110454012797e-13,7.136041391080299e-14,0.678731452242937
1064,3.349321957098209e-14,2.5325874165209327e-13,3.3230936767804014e-14,0.6771601292304694
1065,3.491258224102692e-14,2.552972982433269e-13,1.1890175040767426e-14,0.6826098538760561
1066,2.3271573044865394e-13,8.130220602735826e-13,3.477159616558174e-13,0.6698907373705879
1067,4.726142734886991e-14,2.4263077337664456e-13,3.4409009250006616e-14,0.6814813978679013
1068,2.8442832086263445e-13,8.178397555347565e-13,2.642732956316201e-13,0.6776183526439127
1069,1.4994175411356776e-13,5.313373908453011e-13,1.1917468625720295e-13,0.6937815998797305
1070,7.191144377375863e-14,2.280833204423022e-13,4.2091107681522555e-14,0.6876334838569165
1071,1.70763112022104e-13,5.072658374235906e-13,1.1028629792796688e-13,0.6750296963786241
1072,2.061434031087898e-13,1.1501081618922838e-13,1.4066323441854803e-13,0.7031331971054897
1073,4.662342563795503e-14,8.190248037934875e-14,4.319861626224638e-14,0.6835962785233278
1074,3.393525190549803e-14,1.8114634772188846e-13,3.189005255756662e-14,0.6848789141396991
1075,9.1030906138721e-14,7.630287298252827e-14,3.7041281512870694e-14,0.6806993353355211
1076,5.172278366808676e-13,9.714568086835253e-13,3.1808093371628946e-13,0.682988953939639
1077,1.0917765247935148e-13,1.6505670156686458e-13,1.0246902180623859e-13,0.6717472259013448
1078,4.4040843520231445e-13,6.219261596102275e-13,1.5119210932734898e-13,0.749508471833542
1079,2.885204136779604e-14,3.7627195726697536e-14,1.2255431355149182e-14,0.6849665013200138
1080,1.5458577002258049e-12,5.45999855039422e-13,6.033687408781295e-13,0.7072733702836558
1081,6.033080498016892e-13,1.318299143350932e-12,5.522385906756815e-13,0.7327818534802646
1082,6.689562813756581e-13,9.033029189939655e-13,3.795845379960194e-13,0.6911383312195539
1083,3.143190692623349e-14,3.133904792363587e-14,1.306889717917025e-14,0.6857615731481929
1084,1.2633452765504756e-13,4.830762011001852e-13,9.718248352816315e-14,0.6841663426021114
1085,1.3148847737026323e-13,9.691552944799864e-14,5.922166887130855e-14,0.6849099777755328
1086,3.853367139359062e-14,7.299067362693348e-14,2.339228764932369e-14,0.6837380411336198
1087,1.4682717766594723e-13,2.0765697756464943e-12,1.2722361336858367e-13,0.6732686200819444
1088,3.781829785331478e-14,3.489825630861613e-14,3.112943786167524e-14,0.6935704780975357
1089,1.1149411533993637e-13,1.6695769952953215e-13,8.926969005436712e-14,0.6854144910583273
1090,3.396189395279345e-14,2.0110056821956414e-13,1.223553967774135e-14,0.675191463448573
1091,4.0342566704591807e-13,1.9245849170068284e-12,1.6323271031774023e-13,0.6592319970601238
1092,4.322175176926218e-13,2.567984120265685e-12,2.88597974158796e-13,0.6826678716461174
1093,4.806289983750521e-14,1.430124830285695e-13,3.9432514644890834e-14,0.6861712299985812
1094,3.8238253107162004e-14,4.711007123219014e-14,1.7960303356633014e-14,0.6837540408712812
1095,6.285356744476894e-12,2.519160805932138e-10,3.869401027904192e-12,0.660933193640085
1096,2.0364600190570284e-13,5.41498181796966e-13,1.2595722360513826e-13,0.6905957541079261
1097,7.811037876059795e-14,3.369466854044377e-13,7.481651213084063e-14,0.6566793223493732
1098,2.241085900060006e-14,1.6879015643080267e-13,1.9345585649186544e-14,0.6847869180957786
1099,1.2799410077041298e-13,1.541163042814518e-13,1.1799084464203732e-13,0.6838067389733624
1100,1.2615222611996344e-13,1.8340533313039845e-13,9.799522978073501e-14,0.7010973459575325
1101,4.6918518762662406e-12,6.466145980858917e-11,1.993825698867431e-12,0.677742073108675
1102,2.444348562901109e-13,5.996961044285506e-13,1.539313506225139e-13,0.6945169891929254
1103,1.5108118793644475e-14,2.0801482575002088e-13,1.3500464769431753e-14,0.677569912886247
1104,2.268463086485519e-14,2.028567316902224e-13,1.673664337948625e-14,0.670998185017379
1105,1.0753518120543534e-13,7.917388243268502e-14,8.364969212665207e-14,0.6988084647920914
1106,3.858742093009878e-13,3.671936075679474e-13,2.2758231182234334e-13,0.6497306204983033
1107,6.66876999076706e-14,1.9188116925961e-12,4.931415287858938e-14,0.6651906875660643
1108,4.538757051003197e-14,1.149447008004262e-13,3.2629261016992855e-14,0.6802314306434709
1109,3.17422151317331e-14,1.3196767362721881e-13,2.934145350242723e-14,0.6873957754811272
1110,3.462558954869434e-14,5.444091004093561e-13,2.2236685277612767e-14,0.6715736320998985
1111,3.115133590989726e-14,1.7688796039468872e-13,1.5810446158974506e-14,0.6827426409581676
1112,1.702029975492871e-13,7.652371596242354e-13,1.3141121679134894e-13,0.683085567865055
1113,2.5176444226703855e-13,2.2679508301213457e-12,1.0395749713174532e-13,0.6908714537858032
1114,2.6612007884828945e-13,7.653628496917783e-13,1.0504184971625665e-13,0.7089227737043984
1115,6.506859735128085e-14,3.653972569624913e-14,4.167612363283885e-14,0.6866318773303647
1116,5.747245819438272e-14,4.239653321911195e-14,1.788503039557532e-14,0.6929584665282164
1117,5.497833175920969e-12,8.27961538230095e-12,5.003800040091286e-12,0.6591001270804554
1118,4.524666142474988e-14,3.4426013783497076e-13,2.6803125288858957e-14,0.6793243559252005
1119,1.2526049233543684e-14,1.6588443883060466e-14,5.294527352938988e-15,0.6820454378263093
1120,1.9320448371417532e-13,2.269367063450544e-13,1.5639920538795266e-13,0.6516376036481233
1121,3.311318963382541e-13,4.2497638424121705e-12,2.929260596071276e-13,0.6843875624239445
1122,7.71241847739469e-14,7.018256692933709e-14,5.993118631823369e-14,0.6800894376297947
1123,1.9299818197957675e-13,1.784493309455498e-13,8.316554302707878e-14,0.6970591847202741
1124,1.2193168293066692e-13,5.38898428491269e-13,8.35945967143506e-14,0.674439494201215
1125,1.4949594054336915e-12,6.138446779149457e-12,6.589180563103973e-13,0.7053986360086129
1126,8.70683034914555e-14,2.2016762214498193e-13,9.452615695314708e-14,0.6502698490745388
1127,3.081074716392192e-14,9.666014036703479e-14,3.002829029026e-14,0.6839547200594097
1128,1.8852510923613444e-13,5.681156431861603e-13,1.975204591099535e-13,0.7006524719414301
1129,5.891724955343183e-14,1.980171433707111e-13,2.890314321689321e-14,0.6752389324712567
1130,5.4147547697279766e-14,4.837395281430699e-13,2.3940717745100462e-14,0.6700594536116113
1131,6.744228647657672e-14,5.899465409970063e-13,2.7550883689073956e-14,0.6873906150751281
1132,9.063923852225434e-13,8.071842026759043e-13,6.803027495155573e-13,0.7024753612349741
1133,1.130106947964066e-12,1.8191265370387752e-11,7.817232954402049e-13,0.6718618275946937
1134,7.170872867517204e-14,1.4207535028793037e-13,3.6795571292368096e-14,0.6789934637024999
1135,2.658071819385945e-14,5.074918471856257e-13,2.565891400447776e-14,0.6702378849149682
1136,4.471135034336775e-13,7.105082055854316e-13,3.786657639628601e-13,0.6826799419592134
1137,9.400443388858611e-14,1.7445052282274388e-13,4.093858442873722e-14,0.6844844440463931
1138,5.758588506096815e-13,1.6993833954677376e-12,4.723455156859673e-13,0.7212343888590113
1139,4.588689551110644e-13,8.972891463088823e-13,2.6676298145555476e-13,0.6624677914427594
1140,4.751506062724479e-14,4.994651838240818e-13,3.8541469405725104e-14,0.686817087396048
1141,5.73907145169821e-14,1.4856571908133286e-13,4.995604271642186e-14,0.6819683712441474
1142,2.859781397464236e-14,3.041238590208346e-13,1.8313924513082293e-14,0.6854652269335929
1143,1.32101170349739e-13,2.5059866130212486e-12,1.3496149040886026e-13,0.688400575920241
1144,1.8103084991134756e-13,5.358451566843294e-13,1.3155713965649523e-13,0.6868061390705407
1145,1.4608999620283353e-14,5.625783068139172e-14,8.567353954588315e-15,0.6835719729191624
1146,2.7877004615238167e-14,8.046471387954767e-14,2.1408439967999482e-14,0.6819307330530137
1147,5.1583514746082845e-12,4.4705721792574663e-11,5.6694300131481106e-12,0.6895349322701805
1148,1.4371391842730568e-14,1.3080167639624184e-14,7.402990401230774e-15,0.6830427050881553
1149,1.222464103159338e-12,1.9392229283784043e-12,8.853038623130548e-13,0.7071533157723024
1150,5.880120146790679e-13,8.101626675265607e-11,8.867408163215902e-13,0.6595664560620207
1151,5.037759216697846e-14,9.944777016946689e-14,5.3510773419587956e-14,0.6830641688371543
1152,5.0622181226419427e-14,3.2567577384299774e-13,4.2501809961572513e-14,0.6820305666478816
1153,1.345929824568386e-13,5.821619744351928e-13,9.077191259844105e-14,0.6911727250029799
1154,3.4285220827168755e-14,1.8613051172356132e-13,2.827888876599879e-14,0.6687576003256254
1155,6.528641400086791e-13,1.4083541727974318e-12,3.4010279801817495e-13,0.6666668576537631
1156,1.2889579240761694e-13,2.0197975174136554e-13,9.437334737348563e-14,0.6710472984763328
1157,8.478976467060931e-14,5.608432763074246e-13,7.321235208548688e-14,0.6777374173921998
1158,1.3608018702286418e-13,2.7094488938426887e-13,7.317383012663624e-14,0.7165258027729579
1159,4.7930133315387466e-14,7.040118200600661e-14,3.0929381834108766e-14,0.6777508386934642
1160,1.2278264829572117e-12,1.7188510099564213e-12,9.27842220745463e-13,0.6820053772826213
1161,8.417098459093474e-14,7.194987838369852e-14,3.6812519463436954e-14,0.6836936633975711
1162,6.142598941525695e-14,2.383262047128691e-13,4.7787403576464327e-14,0.6974184741731733
1163,3.716106071170634e-14,2.693143161296001e-13,8.854348296633084e-15,0.6838840737240389
1164,1.0056037485620166e-12,8.467061978686483e-13,8.544029814852976e-13,0.6996750027639791
1165,6.263285509984884e-14,4.141472390001686e-13,5.222390202084648e-14,0.6711901521019172
1166,1.2356625096416633e-13,1.6224913235094207e-13,6.451068935413276e-14,0.7051206091535278
1167,4.1650057895949796e-14,2.449046289302785e-13,3.292920058253082e-14,0.6826948481495492
1168,4.4928328880346644e-12,6.392014786804675e-12,3.5132349693814856e-12,0.7125989463878796
1169,2.7048545552207726e-14,3.6914174136795294e-14,2.085038125553301e-14,0.6813172557333018
1170,6.437680990458647e-14,1.2974413799357596e-13,5.24275463958795e-14,0.6848139256879222
1171,1.0125818782220388e-13,1.7139641963823073e-13,8.348723773925475e-14,0.684971795801539
1172,2.519492037207852e-13,3.2265117944390507e-13,1.786745067872582e-13,0.6716813195787836
1173,2.9022964171156304e-13,4.179788601656579e-13,2.5827017289139885e-13,0.6774176891893149
1174,5.229313167842209e-13,8.861317303463053e-12,3.47073753661724e-13,0.6624056915199616
1175,1.7160825904677082e-13,1.665185051753572e-13,1.2906148758320888e-13,0.6867452624021098
1176,1.0827056506354341e-13,2.6083298930231646e-13,6.642994036727897e-14,0.6858486990793609
1177,6.348755752199379e-14,5.225467943905147e-13,4.7273423481507695e-14,0.6836475826916285
1178,2.387144247136927e-13,4.988325104087878e-13,1.367963449994007e-13,0.6881098157144152
1179,3.3800250508224324e-14,1.0972019980559489e-13,2.5428646390378894e-14,0.6784757416171487
1180,5.7611076307403e-14,5.750377247251648e-13,3.555608656707494e-14,0.6850092648470308
1181,1.5763439544046946e-13,1.0081952866068391e-13,1.1260121189810253e-13,0.6835014597745612
1182,6.114421210051617e-14,1.8937807112890939e-13,2.9988491239549933e-14,0.6863537479308434
1183,1.8772391121914224e-13,6.93681254586412e-13,9.954809255943157e-14,0.6892485526273958
1184,1.2652057197238724e-13,4.809241601594973e-13,8.543603397144233e-14,0.6785872465290594
1185,1.0746729876554857e-13,3.347230246502197e-13,7.794312562452682e-14,0.6765036756813061
1186,8.23203325603173e-14,2.8873062580781657e-13,7.614293521899655e-14,0.6804993758094497
1187,9.282398201491533e-14,1.7576871940855947e-13,8.730805523411304e-14,0.6845057649596129
1188,1.1597193641694034e-12,9.71763177422689e-11,1.3298331770949537e-12,0.6587494456965942
1189,6.744918038507918e-14,1.1288661351523861e-12,2.665620091853113e-14,0.6728515097231138
1190,1.4403922235993768e-13,2.2768649242924087e-13,1.4287142951729516e-13,0.679956613178365
1191,1.051699393528257e-13,3.100044520896388e-13,4.6540287638773967e-14,0.6537007943872595
1192,6.5817030560855e-13,1.347757633722962e-12,4.0943682735539836e-13,0.719807643792592
1193,3.320731659837811e-14,1.451748846241256e-13,2.100948622830293e-14,0.6803608588466886
1194,6.429480654804276e-14,6.506312095096518e-14,3.398954874308022e-14,0.7011934383888729
1195,7.224052444151636e-11,2.5627666047014514e-10,4.180625900956222e-11,0.6961186115688178
1196,9.744236870745556e-12,5.851094797635084e-12,4.786945453148226e-12,0.7146078494610265
1197,6.384209661174785e-14,4.554902678627121e-13,3.180638080587603e-14,0.6730978140461957
1198,7.298608504491937e-14,1.1047996771039328e-13,6.672554837878377e-14,0.6834746210719459
1199,3.0956738930631393e-13,2.734566428005964e-13,2.2266017985020493e-13,0.7000299629638903
1200,1.4983817483132412e-13,6.922865408122858e-13,1.3717211730332775e-13,0.6956037295632995
1201,7.473910617195021e-14,1.0453030657830943e-12,5.4048349762363996e-14,0.6613734398008091
1202,2.636913643068274e-13,3.3755001765235134e-13,1.6669059009106174e-13,0.7049332841532305
1203,4.507260308007496e-14,3.764574799336771e-13,3.382409545051124e-14,0.6727040538447909
1204,4.565503893724661e-14,3.293396089358403e-13,3.493453647418928e-14,0.681778738182038
1205,2.5982323314735728e-14,2.1258681865258882e-13,2.2409290906328366e-14,0.6839200124668423
1206,1.8165644185620364e-14,3.077235522149051e-14,1.2582520237372567e-14,0.6827144113427493
1207,1.0625179076834433e-13,2.614550955109492e-13,7.959839460600378e-14,0.6991106490255333
1208,1.5983998570313714e-13,1.3361775696463339e-12,1.4249205702711978e-13,0.6811671325413045
1209,3.5709202896080145e-14,4.202396916169192e-14,1.8330440206663662e-14,0.6890315031283535
1210,1.1886178942980725e-13,1.8441635087178147e-13,5.566603777425027e-14,0.6749917754961643
1211,1.0229516812816444e-13,9.331616989452226e-14,5.722329911267853e-14,0.6842471167910844
1212,2.1524297528820704e-13,6.042878432127546e-13,1.9592043488714424e-13,0.6800013459520414
1213,2.3857305861696476e-13,1.039054333111015e-12,1.3913366748118308e-13,0.6525737101386767
1214,4.071238824560785e-14,3.639586670136998e-14,2.6794276490589153e-14,0.6783934541337657
1215,3.886840258988453e-14,2.2547308217022108e-14,3.3801005628875964e-14,0.6829064386780374
1216,1.0868717782465929e-13,5.013769212919586e-13,4.232265739406312e-14,0.6799644349201117
1217,8.361636307774861e-14,2.2801052304218047e-13,9.535558636724346e-14,0.6762168015586212
1218,6.503189581928041e-14,7.04072042265175e-13,4.7103068766437584e-14,0.6912421813758556
1219,5.0556274328633246e-14,4.612018282352379e-14,2.5198529928868042e-14,0.6708588815759867
1220,1.2186810093898599e-13,1.957940327869069e-13,1.044900139622342e-13,0.6946367352153174
1221,1.652812875971545e-13,1.1633532392820277e-12,1.0928040390260865e-13,0.6709272288251669
1222,9.05693006396992e-14,1.2734340034288055e-12,8.286638026171825e-14,0.684254533884814
1223,6.098422492717234e-14,7.152772996217478e-13,6.142961262423392e-14,0.6712982835713774
1224,8.908767899153007e-14,2.599789615648822e-13,4.496636320878803e-14,0.7067253159009852
1225,4.6760276841376444e-14,3.9024354182825036e-13,3.9941311155749594e-14,0.6832244777178857
1226,2.9476756803455906e-14,2.5547795685676896e-13,1.1441407383121428e-14,0.6873085243918468
1227,4.1533830744473477e-13,2.0588541920820687e-12,4.156025192067484e-13,0.685062683664728
1228,8.997303092494522e-14,5.402257848448003e-13,6.914538253503018e-14,0.6813335586572066
1229,8.221639333775812e-12,3.144472393648424e-11,7.21691598520897e-12,0.7063505538855679
1230,4.480279482307804e-13,1.720789468811893e-12,4.1343261531437145e-13,0.7157866992172786
1231,1.9004155763642635e-14,2.748316246242145e-13,1.0912815429621458e-14,0.6787587188882753
1232,8.995416218663127e-14,1.1110110647247148e-13,3.9013860043618696e-14,0.6851970642281231
1233,6.423412951198312e-14,3.3678997933704877e-13,5.573559374546281e-14,0.6853478433680721
1234,3.8113727384338615e-13,1.0037466414998875e-12,3.0007509439975655e-13,0.6962308263988234
1235,5.468071336164278e-13,3.0919084571466307e-12,5.441676201671929e-13,0.6950853748712689
1236,1.8534023434687573e-14,2.62620289391753e-13,1.3241257507808181e-14,0.6805275897670071
1237,1.5119865307312834e-14,2.644476071500286e-14,1.1686750862475532e-14,0.679448932519881
1238,5.779488672474039e-14,4.0376033322221984e-13,3.020489536585064e-14,0.6888857250858564
1239,1.4835953910691974e-14,6.432539902390388e-14,6.653883779240906e-15,0.6794879340217449
1240,1.0690196456387519e-13,3.0645465459907693e-13,5.600023320067237e-14,0.6923812439548783
1241,1.1162999756064954e-13,1.3908071239669715e-12,6.536963753367584e-14,0.6706756666477304
1242,3.313787193044444e-13,1.9160675801218427e-12,2.1609413428974179e-13,0.5983976030067424
1243,2.5846538040392635e-14,1.1186965497258205e-13,1.264098603498359e-14,0.6918125297001098
1244,9.960718053246034e-14,3.832818716729221e-13,4.802698946860653e-14,0.6902644500078168
1245,3.810683138003659e-14,1.503071943680067e-12,2.232815624887305e-14,0.6664555748313432
1246,3.923765386151848e-14,9.811506134260493e-14,3.5645306112181124e-14,0.6901778809144161
1247,1.0469236937566041e-14,5.229757833358391e-13,1.0923806910469669e-14,0.6684665956971003
1248,2.5140077514807468e-14,2.5169097359347962e-14,2.0580677735765354e-14,0.6803920035075862
1249,1.5259854057456411e-13,2.389108647401184e-13,1.099043278462144e-13,0.6265494331833906
1250,3.97299033059129e-14,2.3184948864246974e-13,2.234348058857196e-14,0.6841876025602687
1251,5.200973766615419e-14,6.326466545566233e-13,4.3119182172201784e-14,0.6873281130741816
1252,8.337907701842066e-14,1.801770335696058e-13,8.280976680120883e-14,0.6850531062984373
1253,2.2490332242323707e-12,3.481103662649747e-12,2.2493906149351994e-12,0.7054865748621524
1254,1.929926631410978e-12,2.362399901890221e-11,1.017313993751956e-12,0.6885141893348191
1255,1.094144468944099e-13,5.408026006176225e-13,9.251076516365957e-14,0.6855958325904794
1256,4.7998666940938594e-14,7.773013106935016e-13,2.9793233995961837e-14,0.6819359132205136
1257,5.54160340504872e-14,7.55328273163874e-13,3.245522040096122e-14,0.6763776645180769
1258,7.179615305951232e-14,7.933823352879925e-14,4.189618383560893e-14,0.6806404602888506
1259,2.902693107105631e-14,3.456984350105981e-13,2.4388812871695614e-14,0.6880063858174253
1260,2.0901990669574356e-12,2.904073514626328e-12,1.266976382048051e-12,0.7057828893419356
1261,1.2809228827619326e-14,1.1084722444768798e-13,1.7006263595006213e-14,0.6798044938535895
1262,2.025626797966738e-14,1.1580079419435217e-13,2.1211243244151083e-14,0.6841704868478701
1263,1.3029775397067636e-13,1.0618305798548103e-12,1.4355143365657652e-13,0.6735197168658488
1264,6.866555686730651e-14,3.040396847432711e-13,2.2806235242423395e-14,0.6839956557552795
1265,2.081395691700162e-14,2.7553759929935337e-13,1.885545557941209e-14,0.681970808818005
1266,1.37342606973247e-12,1.910605770635668e-12,1.2353841101773607e-12,0.7516187580302358
1267,1.9361739500470456e-12,9.304204718590789e-12,1.0506120617692244e-12,0.617869164532749
1268,7.838384702815018e-14,4.6269819136828e-13,7.318660226275828e-14,0.6661704007157823
1269,9.674985827548494e-14,1.906628178631823e-13,5.4576274316112047e-14,0.6753945830976591
1270,7.471177886199999e-14,1.0676721655336498e-13,3.317046249977323e-14,0.6763474574952852
1271,1.0839471455032065e-12,6.109795708557377e-13,4.399804770805271e-13,0.7276082725962624
1272,8.816558528170851e-14,8.423004073335005e-13,4.578706871045708e-14,0.6751583674689755
1273,4.5411282309688466e-14,1.4812635448791373e-13,2.6757451857053922e-14,0.6843846727046184
1274,1.4330476531438977e-13,2.8251935523871094e-13,1.269209127175433e-13,0.672030892802286
1275,1.7634473628792726e-12,2.897697841991268e-12,1.8027186962004934e-12,0.6906491430127062
1276,5.900360369008943e-14,2.301766860213001e-13,2.360624636672854e-14,0.6924807238159701
1277,7.669519573947192e-14,1.7488202149667893e-13,3.853334461206329e-14,0.6822196699155029
1278,4.686849100695154e-14,4.248123489830335e-14,2.928202737576917e-14,0.6704592195630539
1279,2.881485853405491e-13,4.521616456997861e-12,3.2071447997727617e-13,0.6671090464107692
1280,4.469636779951675e-14,5.253143689920956e-13,2.6868334656193175e-14,0.6827340216608718
1281,1.5218109370262204e-13,2.3299756065833407e-12,9.962501456347991e-14,0.6732003360550152
1282,3.2373826361742074e-14,5.493665235255434e-14,1.3438896539768719e-14,0.6821279802417848
1283,5.14528319712056e-14,2.76484878087664e-13,3.129435105696177e-14,0.6845316819439177
1284,6.686247046658978e-14,1.4889251566411503e-13,4.695309152274222e-14,0.684776058117859
1285,1.5284995637524976e-13,2.579881645043052e-13,1.0801755175294918e-13,0.7031157106044702
1286,1.6098627698081648e-13,6.360398556369503e-13,8.898061242497773e-14,0.6711123834422323
1287,3.464579070057707e-14,3.806771203169003e-14,2.460837303334665e-14,0.6800912367238198
1288,1.8077021577904976e-13,8.097451265839024e-13,1.5221922563902165e-13,0.6880010129825678
1289,3.035703878845591e-13,2.1920332090387933e-12,1.791655120473044e-13,0.6972408976231236
1290,2.941289167235588e-13,8.182525002396531e-13,2.3516470959254847e-13,0.6742005364561919
1291,3.1999156508728493e-14,1.6082227381387634e-14,2.2946873434613204e-14,0.683482667140197
1292,1.9774197508422748e-13,2.8345603487617883e-13,1.472523298101357e-13,0.704250170220621
1293,1.2086340764898001e-13,1.7197070867621762e-13,8.693128101722041e-14,0.6974015537183732
1294,1.6873891047653823e-13,6.8608878373981e-13,1.0262573289541333e-13,0.680922951886896
1295,4.4896396303858084e-14,3.648898262233483e-14,1.8797009330097175e-14,0.6808374512707814
1296,4.2903683795220275e-12,9.07059299096117e-12,2.9609067505351284e-12,0.7030668130028062
1297,1.718645303122096e-13,2.5489473869148962e-12,8.215956875834406e-14,0.6674210986238904
1298,2.558506506579713e-13,1.5495539410952543e-12,1.5653918840920354e-13,0.6849740373843816
1299,2.0082005127713574e-13,8.439188182836118e-13,1.9713260925889808e-13,0.6953333215089514
1300,1.2300281999231122e-13,4.546515531194155e-13,6.16078784113831e-14,0.6984349502483382
1301,3.310349725374292e-14,2.550849703410933e-13,2.3310441660276814e-14,0.6746385255246423
1302,2.894447800103207e-13,3.741029590338872e-13,1.403555864763847e-13,0.6835430983977858
1303,1.6314549522643135e-13,2.2090278126870048e-13,1.0779780738710826e-13,0.6905950328393373
1304,5.447498644211838e-14,5.946512631745905e-13,3.5180522492259525e-14,0.6743537785252556
1305,5.789846772457707e-14,3.157475240601931e-13,3.9129986336849087e-14,0.6757652265194338
1306,1.236925230529307e-13,2.2100008658998272e-13,7.807268061428279e-14,0.6815081857261248
1307,3.3173543241982987e-14,3.1378496828830225e-13,3.080839946886038e-14,0.6862345915171317
1308,4.423903009129353e-14,1.1377212371574802e-12,3.21726180191312e-14,0.6690614457358606
1309,3.2632487565551706e-13,1.875366563233012e-13,2.491107268715445e-13,0.7018519133096561
1310,2.4333808638722243e-11,2.164216689807202e-11,1.0195085053521997e-11,0.6574738015653565
1311,2.427925383975844e-13,5.491813630085617e-13,2.05527862197325e-13,0.6804715623904485
1312,2.087674150249268e-12,4.112662443483761e-12,1.5937473554035816e-12,0.700965425837785
1313,5.538129690462398e-13,2.8077152364290443e-13,3.1529645150596687e-13,0.6906456475669984
1314,5.378065593065483e-13,2.0887051317130714e-12,2.6345045906775296e-13,0.6980978027917445
1315,3.3501165452726176e-14,4.9742006533005934e-14,2.2976699490887503e-14,0.685895475198049
1316,3.1294574579475675e-12,2.185775237526439e-12,2.7160650294092848e-12,0.6076060901454184
1317,5.663708872140437e-14,1.68898155701724e-13,3.3648766368148354e-14,0.6868782852310688
1318,2.0452930445743008e-13,3.726014992928072e-13,1.6793654690765472e-13,0.6952845992636867
1319,1.5393668284183018e-13,1.6007956335053398e-12,1.5337446560195757e-13,0.6786253841477446
1320,2.910354910530769e-13,4.033781754781117e-13,2.4207383207020773e-13,0.6887004365271423
1321,3.8757650943356004e-14,3.921810316485358e-13,4.7620222325284044e-14,0.6724757503601723
1322,7.803922598143547e-14,6.474844146112504e-14,3.3985804163439913e-14,0.6807432806468569
1323,1.1142936275913788e-11,9.361812249135683e-12,7.030888434464309e-12,0.6917008448857814
1324,2.827054795646386e-13,5.136583762799891e-12,1.8348482194896955e-13,0.6633603698457591
1325,2.4386595722711026e-14,9.821543422245124e-14,6.354318053573115e-15,0.6719306826940737
1326,1.58347978316605e-13,4.797017325180925e-13,6.712089481324438e-14,0.7008588934782892
1327,8.637117473277424e-14,1.687667267495848e-13,7.419838508416166e-14,0.6913388739340007
1328,1.6564034822694011e-13,3.2772516635183053e-13,1.3404668018626613e-13,0.6916110425372608
1329,9.933121464955887e-14,4.636334004774019e-13,7.88590350375119e-14,0.6790792718005833
1330,1.0177517758513229e-13,2.76948997226281e-13,9.920259291056687e-14,0.6885509959596675
1331,2.0156193973359517e-14,6.791383611468105e-14,1.473127982986959e-14,0.6872754470736254
1332,1.2099730009025906e-13,6.895114392150103e-13,1.0788361851176236e-13,0.6859111055149697
1333,1.1175555695148995e-13,1.6524316261485234e-13,5.715188427229073e-14,0.6762028729310259
1334,6.154251375688171e-14,1.6934426017510022e-13,5.099255496897253e-14,0.6850424808391835
1335,1.8182381179952119e-12,4.4899535464704715e-12,1.6044993917873968e-12,0.6905874060641508
1336,1.8962610461830115e-14,2.282124148816296e-13,1.517007864833057e-14,0.6733132113120519
1337,9.430348038339238e-13,9.959271292215416e-12,9.86028938847958e-13,0.6746699434414041
1338,8.707913574354106e-14,1.0869305360319079e-12,5.011316893233082e-14,0.6787959175242577
1339,5.480225807730186e-14,4.403698645075821e-13,6.052732679440576e-14,0.6790879681124352
1340,2.0165404678701285e-13,2.5390802898230343e-13,1.8177968937557494e-13,0.6796315713902004
1341,5.160348882967789e-14,4.864291311019164e-14,3.355214377165697e-14,0.695481567416573
1342,2.0493099137690156e-14,7.039369079858059e-14,1.426882812044889e-14,0.6851258531503845
1343,4.3412609871274364e-14,6.67426241571097e-14,1.5189358602047894e-14,0.681391707691364
1344,5.6561164022269795e-14,4.7451947995582895e-14,1.261241828482966e-14,0.6805739632865879
1345,2.8790795612364787e-13,2.184040851511485e-13,1.6990943548043753e-13,0.726939979265444
1346,1.9819467125028268e-13,4.289667841711311e-13,1.325197608614567e-13,0.6436749043670715
1347,4.148998573713888e-13,5.6946661050691185e-12,3.981505032872707e-13,0.6639486325409962
1348,4.4431682599098585e-12,1.8875746885040714e-11,3.655498624600908e-12,0.6833546674519312
1349,9.36442318630181e-13,1.3435308126207982e-12,9.20173419260731e-13,0.7008414332289249
1350,3.8758966891992743e-13,5.800307190978798e-13,1.5368392359847102e-13,0.6835719284601509
1351,3.6978822861506e-14,5.522674789735229e-14,3.1314891113191503e-14,0.6815985217166599
1352,1.676401755105912e-13,3.1988818862863254e-13,1.606285276478619e-13,0.6817394513927866
1353,4.0514744957856197e-13,5.987900298216879e-13,2.661797169157939e-13,0.6822595710866153
1354,3.741370660430245e-14,2.541136274936156e-13,2.5755298224875258e-14,0.6707209568441612
1355,9.338002070479587e-14,1.3887945233984553e-13,6.078495610975152e-14,0.6880436357751023
1356,6.755363995683989e-14,9.80699783104272e-13,7.540230629403232e-14,0.6646783647214761
1357,4.637918602354293e-12,2.2924843929901892e-12,2.1621014480570225e-12,0.6852620126795955
1358,1.3542677679930232e-14,2.9304987944614956e-14,1.0154074193099168e-14,0.6816327387699858
1359,5.3240228332618845e-14,3.5279259236075773e-14,3.456987049804399e-14,0.6882233106472995
1360,6.703146335048075e-14,9.818042911701157e-13,3.727599041306667e-14,0.6761465755174868
1361,4.079441032985843e-14,2.2046025852139964e-13,3.0896090971258216e-14,0.6680604460532777
1362,6.548765827462976e-14,8.315561964012454e-13,4.634882506310472e-14,0.6851159441517666
1363,6.889686700518825e-13,1.091510046692044e-11,5.699448736710461e-13,0.6879470877873246
1364,8.517178440313166e-14,9.48503344751676e-14,7.104848183907059e-14,0.686106223607203
1365,1.2027926447621892e-13,3.775816458710831e-13,1.3020261629369683e-13,0.6713469815964345
1366,4.075134761959348e-13,6.0618206541807046e-12,3.678378484024207e-13,0.6864910124859307
1367,6.841962733967686e-13,2.8681872844860174e-12,4.04049571315203e-13,0.688965624262346
1368,3.530437941152873e-13,3.4017427451584443e-13,2.9710136010727996e-13,0.7338622891809792
1369,5.1640463686308823e-14,8.123795515906288e-13,6.084984405804895e-14,0.6624803036975209
1370,3.3437821010390676e-14,3.408041080989804e-14,2.7759968529325017e-14,0.6786863116023596
1371,5.066948819807063e-14,2.5233772751381144e-13,2.7777475639223183e-14,0.6786427605024073
1372,1.8510910057549172e-14,1.474132218301069e-13,1.069706618627556e-14,0.6843891394441016
1373,6.791085110282583e-14,2.205583500367525e-13,5.087508450515569e-14,0.6752828954777215
1374,8.653212385048574e-14,8.52057695898377e-13,5.897763132934267e-14,0.6719140668574255
1375,1.7916932296468637e-14,2.3328472621010935e-14,1.1503538092724024e-14,0.6827385156182573
1376,1.5566164794003786e-13,5.674530433680031e-13,7.923716545061363e-14,0.6772607710503508
1377,3.035581170390503e-14,6.193877496052614e-14,1.2628212416490361e-14,0.6863273894414306
1378,4.605956319756604e-14,1.891483165995801e-13,4.524848900203527e-14,0.6725867857283447
1379,2.1276189256813574e-13,1.539499180010899e-12,1.2247556403747502e-13,0.6912907314952463
1380,1.1455982756662196e-13,1.221085768094509e-12,9.401724726151184e-14,0.6833698278700467
1381,1.912805320613012e-13,2.966250832063267e-12,1.4051902360393628e-13,0.67024122311268
1382,3.269098182089912e-13,2.6359646909846e-12,1.8855367352483537e-13,0.6839194749656599
1383,2.7224230400303177e-14,8.35994694867924e-14,2.28807371487251e-14,0.6726801594137214
1384,5.210898392534412e-14,5.211350721884629e-14,4.8685164560829647e-14,0.6839403956779279
1385,1.0125263264505629e-13,8.135519930464951e-13,7.64529815427824e-14,0.6790322559361812
1386,4.67597974016694e-13,3.82220203653604e-12,2.2053231383985058e-13,0.6843221062270459
1387,7.66811943069507e-13,9.806014193660402e-13,3.726641687343789e-13,0.6934327714610845
1388,2.440756629092842e-13,2.365741473401265e-13,1.592417761888834e-13,0.6800273819360882
1389,5.5355088784118e-14,1.738327745956564e-13,4.031099031117775e-14,0.6966114989249036
1390,1.7775036413327793e-12,2.5604090020425147e-12,1.092926367792852e-12,0.6851321816095151
1391,1.3970577388640273e-13,3.1589070087572984e-13,1.2442643337338863e-13,0.681958065443905
1392,2.1460056101715514e-11,3.5983645083058133e-10,2.680716336903662e-11,0.6621506014402258
1393,1.2342032576245318e-13,7.136470740312668e-13,6.862973622023583e-14,0.6841469619423151
1394,1.7674079184341833e-14,2.080663710587887e-13,1.6977607179668725e-14,0.6738231865805574
1395,4.23955059172953e-14,3.25865628357966e-13,3.913670202321628e-14,0.677987689722795
1396,1.8071236434126114e-14,9.32210116161448e-14,1.5822148171009015e-14,0.6828792154672556
1397,5.400143965991872e-14,1.0501032650128524e-13,3.319750078034657e-14,0.6742283606261481
1398,1.2522637525024197e-13,4.839757975103681e-13,1.3468440185015898e-13,0.6609794001094997
1399,1.5411475976117607e-13,3.088160943310483e-13,7.160249782194234e-14,0.6852218673680909
1400,1.384434109107295e-13,3.900123469149331e-13,6.531500990588339e-14,0.6796633099846077
1401,1.8631549428064263e-13,6.770673198216776e-13,1.3387332994030273e-13,0.6628816790063865
1402,4.8333806026022423e-14,6.031797147896122e-14,3.6669106440033877e-14,0.6835779213113711
1403,4.0526308440623783e-13,1.999689653304849e-12,3.237531416193431e-13,0.6803726705315057
1404,2.7348340963612242e-14,1.237867653132835e-13,1.8817528231398225e-14,0.6742113753512967
1405,2.4389035597324254e-13,1.93433291025943e-13,1.6935252369246272e-13,0.6773173412773759
1406,1.9733182211060667e-13,1.1832395231651795e-13,8.744620953521952e-14,0.6936584244947881
1407,3.9204837401540026e-13,3.9946860194254565e-12,2.5354957023477523e-13,0.6887451878807042
1408,1.1801598235626972e-13,1.3032154600659818e-12,8.423561798510491e-14,0.6853338672372047
1409,1.189760138654744e-13,1.8205895471255625e-13,9.366464614871839e-14,0.6816799033025746
1410,2.390492763202553e-13,1.4875770508738163e-12,2.1368354179562544e-13,0.6932778709684498
1411,7.376393435318719e-14,8.295183857773446e-13,4.675748443232976e-14,0.6724234506371431
1412,5.692497577169248e-13,9.245427148944598e-13,3.1342524973368873e-13,0.6322489424084778
1413,1.100725597568734e-13,2.4710664352338813e-13,1.1263040109320186e-13,0.6783045012678486
1414,7.878199671772948e-13,4.889082533488634e-13,4.715484322957455e-13,0.6793941305659246
1415,1.602101292565627e-13,2.2528168741810333e-13,1.1842969754025557e-13,0.6734337513626087
1416,2.7982565065653245e-14,1.4714888875312354e-13,1.1997873039639051e-14,0.6883657916798256
1417,2.3984570948166113e-11,3.2034546913053604e-11,1.5917929309396874e-11,0.7386427372228355
1418,1.4109593894228045e-13,1.9477080096321983e-13,7.67809114159515e-14,0.6991370460484176
1419,3.668223233591557e-14,2.8493251783847455e-13,2.5097727892820328e-14,0.6725482622918207
1420,1.0165360910575482e-13,1.059490878451097e-12,5.347924373839005e-14,0.6785505244624801
1421,6.800468437538059e-14,3.6859166694553145e-13,3.0876169470111047e-14,0.6817798468691763
1422,5.866200577118599e-14,9.146055803239138e-14,2.7418683049440518e-14,0.6855504823848605
1423,1.0391516264913304e-13,1.3456318455394642e-13,9.062235355040122e-14,0.6802571560663637
1424,6.736363724940612e-14,1.0009924657956022e-12,2.885263475834983e-14,0.6742457447748166
1425,7.689258612927508e-13,2.211885138144193e-12,5.240083461201336e-13,0.7121576319681481
1426,1.578732020655126e-13,5.615596720644431e-13,1.4563985613446426e-13,0.6930970263900236
1427,2.9311266172289414e-14,2.8268354697532154e-13,1.9871242157705704e-14,0.6823185370711145
1428,4.914649899565159e-13,6.244640620710731e-13,3.2718547114335184e-13,0.732299258839339
1429,6.15333440318147e-11,7.779500429629698e-11,5.559185376522668e-11,0.6841399648517836
1430,2.4797201822424665e-13,2.730932628010704e-12,1.820941733463486e-13,0.6715384059585631
1431,1.610305259125368e-13,1.4467605593045536e-13,1.2216755801845644e-13,0.6911081044527236
1432,3.4785069865300985e-14,6.281781161167203e-14,2.2326683740549475e-14,0.6886247040180024
1433,6.715655113841834e-14,2.383725885133629e-13,4.064602583394292e-14,0.6781212387490086
1434,2.855135950419589e-13,1.4108743554287173e-13,1.3345846210716142e-13,0.6905136875691824
1435,1.9932492603998892e-13,1.352192595779905e-13,1.22461248993228e-13,0.7078576832194813
1436,3.0712054827924195e-13,1.6797154896725802e-12,3.3729444795330067e-13,0.6942913204256911
1437,5.896702356656068e-14,3.0257146321340595e-13,6.314866391852308e-14,0.6814492113771848
1438,5.5665659423579876e-14,4.048089975420872e-13,4.7800248562050636e-14,0.6718389415618731
1439,8.443748624024861e-14,5.3061815722198e-13,6.442621878991892e-14,0.6660785106738331
1440,9.324414299372555e-13,1.879965728495919e-12,8.06334934553343e-13,0.6381452928297222
1441,8.56396406703817e-14,3.2207809438009497e-13,6.237131718292634e-14,0.6812645986210555
1442,1.2084861892086887e-11,1.119098341519292e-10,1.1250423363543677e-11,0.6806360438175034
1443,3.940353793107029e-12,1.574701064328201e-11,4.034762203967792e-12,0.6812304207356646
1444,6.314610284536087e-13,1.3447383171987407e-12,3.7928818962618684e-13,0.6987681642174721
1445,3.443644037353229e-14,2.33202383244054e-13,1.868691479812919e-14,0.6903867154673208
1446,2.4856588243122147e-14,1.835470497501493e-13,7.053868772554144e-15,0.6880112789571285
1447,2.5713548731757006e-14,2.271575482433422e-13,9.863792788166427e-15,0.6853888275916689
1448,4.720209085747112e-14,4.435311141472887e-14,2.5646160262220375e-14,0.6821674494014587
1449,8.994270345605198e-14,4.2575385082284183e-13,4.0866235942859665e-14,0.697819711221382
1450,5.076921772611575e-12,3.4969656506935504e-11,4.03504651279325e-12,0.6789277100819163
1451,1.1755493247169062e-13,1.6109050605659265e-13,2.773873878856403e-14,0.7039072077022865
1452,3.755016648257377e-14,4.901668941644179e-13,3.0541634887102434e-14,0.6781370339682325
1453,1.0582079144691096e-13,8.741676769588795e-13,9.604686088386026e-14,0.6805870818323456
1454,2.794912640431013e-13,2.679602778111587e-13,2.267979634543502e-13,0.7073408502154053
1455,6.636701118387361e-14,8.606391205542858e-14,5.170115177029892e-14,0.6826302646717523
1456,4.132501268245558e-13,7.038082974880598e-13,1.645881329041386e-13,0.6199312009324786
1457,1.042421707846125e-13,9.306691833660712e-13,8.384640974152002e-14,0.6693100633652648
1458,1.3197037138973537e-12,2.0999519543549832e-12,9.433420425703208e-13,0.7091770105645991
1459,2.2951658228463765e-14,1.4690411561274253e-13,1.504196159013975e-14,0.6769750533392653
1460,7.47367981857531e-14,1.0815829868592475e-13,3.628195196572523e-14,0.6963015503366478
1461,1.4334394652457756e-13,2.384912822207853e-13,7.672950859097774e-14,0.6932989719673059
1462,8.066925184628176e-14,5.503820676818456e-13,4.298095324392956e-14,0.6787483938911464
1463,7.35789979402686e-14,3.887111062139875e-13,5.816856395724037e-14,0.6759005496685859
1464,7.467861425521133e-14,1.7659026180360541e-12,6.810997227089738e-14,0.6688197315030265
1465,7.382900166240077e-13,9.411925865206527e-13,4.661943857684469e-13,0.6869980524934363
1466,2.2229479219455067e-13,5.247094876368256e-13,9.17336797683559e-14,0.70799285141984
1467,2.7462370184475896e-14,1.0443467776362073e-13,1.6893736443272262e-14,0.6781126279674936
1468,9.376833280026757e-14,5.759854569958022e-13,8.210558337097269e-14,0.686181979381945
1469,1.5776635032599333e-14,1.502337549952997e-14,4.5961278660060426e-15,0.6820757572422735
1470,6.897641714030716e-14,1.4385619189742807e-13,5.821362395677595e-14,0.6779758564836811
1471,6.162524091868074e-14,3.1047717434275405e-13,3.0752670907580856e-14,0.6785456110723317
1472,5.420437616577906e-14,3.45334952920654e-13,3.504022056930983e-14,0.6777568595251069
1473,1.484956350573499e-11,1.3906189059825863e-11,7.291688087897252e-12,0.7298671088647097
1474,5.461772615100792e-14,1.6093540671826338e-13,3.473886736903533e-14,0.6835488320386502
1475,5.205573781269087e-14,2.796288552645958e-13,3.9144679466396625e-14,0.6859890407475178
1476,1.0640261193689426e-13,2.6196717030150777e-13,8.55828373215064e-14,0.6817487134598196
1477,1.9938771126121774e-14,7.856779151523103e-14,1.1103289335952856e-14,0.6852290561946575
1478,2.312284012868337e-13,2.5560057181060063e-12,2.174544069748294e-13,0.6725247346592369
1479,7.283982264818984e-14,1.1444710021728826e-13,3.311860253039631e-14,0.684886373631889
1480,9.430524957044556e-14,4.60912881296686e-13,4.5840750872795934e-14,0.6917033266741782
1481,1.6002154174244542e-13,4.662218862943848e-13,1.3931690635456672e-13,0.7207266367273405
1482,1.0430556320024038e-14,1.3880641013865525e-14,3.996251330021345e-15,0.681440940144239
1483,3.643000422046093e-14,2.345309184115647e-13,3.3796315702692145e-14,0.6870045045565348
1484,5.464370038824431e-13,4.7414964114049044e-12,3.4542540637656585e-13,0.6676104829559335
1485,3.7292150714405325e-14,2.8099046156774055e-13,1.7979701493036134e-14,0.6749969529919326
1486,2.076366482928673e-13,3.4632529828793774e-13,2.0101092345141172e-13,0.6885377930477261
1487,4.569350359777934e-12,4.965106951319742e-12,2.92138185841361e-12,0.7290715594775975
1488,2.3805032763999594e-14,1.42464493732997e-13,7.478004075602984e-15,0.6798005477234256
1489,8.306232349614125e-14,5.896694624599047e-13,5.095424758641367e-14,0.6826696973992512
1490,4.0551036254092415e-13,6.04219424340715e-13,2.760659588520004e-13,0.6879133793583605
1491,2.7256706521774117e-13,2.469349466084892e-12,3.2143832818018344e-13,0.6598326853418257
1492,6.050184959190572e-14,4.259388928976312e-13,5.501649125985418e-14,0.6840816384879872
1493,4.045097317047767e-12,1.2373799756456873e-11,4.589005840169518e-12,0.6643658128799871
1494,1.0006431489123613e-13,4.5259684295013145e-13,8.670318743127452e-14,0.6765674981870688
1495,3.5924120045724476e-14,2.035521960536398e-13,3.1948645251748426e-14,0.6720725735329325
1496,1.1333834986103219e-13,2.8292612460513417e-13,7.342274342953038e-14,0.6820056897762697
1497,9.140080008634263e-14,8.896022724809346e-13,8.366343183135566e-14,0.6888434413180221
1498,1.0359022766601408e-13,1.2165605845405377e-13,8.25727080138336e-14,0.6823311530111823
1499,1.6908607724549186e-13,7.270767352653302e-13,1.8047533904029117e-13,0.6849085872410796
1500,5.245500776148148e-14,2.8088411355993084e-13,2.4470300680861267e-14,0.6687490258365869
1501,5.3175376523834817e-14,1.3389082260284396e-13,4.170607482045696e-14,0.671190840570489
1502,2.862781453896714e-13,5.810255272928305e-13,1.447142209118259e-13,0.6921816780173685
1503,4.40725395891071e-13,5.49532052833485e-13,3.57955023681347e-13,0.7198099156841635
1504,2.400496639434479e-13,3.956993579459685e-13,1.4990637985663253e-13,0.6925785722269211
1505,4.337194552015623e-14,3.4560814182056787e-13,2.6577404566813956e-14,0.6761069631320424
1506,1.5441496435779554e-12,4.503980937958007e-12,9.417381109453945e-13,0.6984069518395699
1507,3.5624813490945673e-13,6.290213719262609e-13,2.8975037931681875e-13,0.707389224099461
1508,1.8215405052922623e-13,3.047619108919107e-13,9.746547449849954e-14,0.7222625157330185
1509,4.867499945428331e-14,2.1707603251781693e-13,4.778728784177457e-14,0.6756497587834019
1510,7.977857343238725e-14,1.36260753859797e-13,4.5221587216467774e-14,0.684521643712651
1511,6.855857933489883e-13,7.646058854071392e-11,8.186270104259006e-13,0.659003368296544
1512,2.9770052647354915e-14,4.074195451502698e-13,2.5356520784994197e-14,0.683548360876739
1513,1.475565548851824e-12,1.2830189805267987e-12,1.0080109991245778e-12,0.6582822501892224
1514,3.1010599819646095e-13,5.150861798534415e-13,2.2349661188066654e-13,0.6861576566123404
1515,6.720287525992149e-14,3.553439423343143e-13,6.350048490440329e-14,0.6776471538003535
1516,5.957499280469443e-14,2.1907482552164007e-13,5.475001297865192e-14,0.6871221468085423
1517,9.261844351688857e-14,5.88365114590914e-14,2.702181875332133e-14,0.7005224602879025
1518,1.6617965562880143e-13,4.304205521437434e-13,1.399853528789321e-13,0.6790410293033347
1519,5.011739062990884e-14,9.553527376758082e-14,1.983204512333524e-14,0.694635075610131
1520,1.9807152407515937e-13,1.9472346332627475e-13,6.760094701614073e-14,0.6792233798245434
1521,1.4244186715662753e-13,2.8616011913019474e-13,9.950869864355601e-14,0.6842522138962522
1522,4.7908833454775e-14,4.9936622777205696e-14,3.5954112032613e-14,0.6893820504599717
1523,5.22546803942332e-14,7.844546795233628e-14,1.9598178277690423e-14,0.6870175862859469
1524,5.458591204901235e-13,6.097506030571402e-13,2.0951691685512545e-13,0.7028091427171603
1525,6.918403980305842e-14,1.7903315526642033e-13,8.113189526889802e-14,0.6743343858630396
1526,2.2459998283198834e-14,6.905315470272629e-14,1.4187651392226303e-14,0.6792359266022686
1527,2.2738608145487287e-13,1.8375152751347283e-13,1.8126019653240987e-13,0.6980513180606067
1528,2.0961825660741952e-13,1.3601424717612416e-13,9.29173462811384e-14,0.7012991137104109
1529,1.2124544440617637e-11,7.635716660276945e-12,3.2422811359127778e-12,0.7274445215240121
1530,1.501590041559006e-13,1.5217642650665157e-12,1.2850923902272232e-13,0.6623081827245187
1531,2.740262176894953e-13,1.6808209360262229e-12,1.7134549567532293e-13,0.6888881163205951
1532,1.1948147202422674e-13,2.6074836871467664e-13,8.264861043513342e-14,0.6862645593879279
1533,1.7655659520026252e-13,2.552901259062336e-13,9.202551401710367e-14,0.6902433690207544
1534,1.3609539467036456e-13,2.5032755827383677e-13,1.1778327690311088e-13,0.6991643659654073
1535,7.10216822191603e-14,1.807556169423615e-13,3.963517779345748e-14,0.6820895161363296
1536,5.080568426193435e-13,2.5787504262093544e-13,4.2582209436204175e-13,0.6761874969175551
1537,4.2364300088971126e-14,4.753202871759264e-14,2.172664180586335e-14,0.6894588818831835
1538,8.46654169542194e-13,3.9232183345147126e-13,5.434482953731817e-13,0.6858477076049894
1539,4.4957196565626055e-13,1.1692116706020883e-12,3.2057887426560845e-13,0.6841973264527041
1540,4.597792083260783e-13,1.945439452892199e-12,2.8916583974531093e-13,0.6624071003723657
1541,4.0944596401984105e-14,3.417920922769587e-13,3.312671132885708e-14,0.6801242059911601
1542,1.0248097571471633e-13,1.0063372792497636e-12,5.419668164169104e-14,0.6889952991448809
1543,9.091679252621618e-14,3.330121078739651e-13,7.295477125053854e-14,0.6702288323926041
1544,1.954411476024243e-13,4.70343475472164e-13,1.5066928236898778e-13,0.6832523507298902
1545,5.9679095895720975e-12,5.770293967827843e-11,4.099581452573627e-12,0.6809558504784945
1546,4.056174922035421e-14,5.6773107824695155e-14,3.1308639017470966e-14,0.6801001510699279
1547,1.0015684250076312e-13,1.0226634155091948e-12,7.875449790160324e-14,0.674352690926753
1548,2.946261207378566e-13,8.322548667743695e-13,2.3016529741832693e-13,0.6732525429863017
1549,3.388322959282865e-13,6.085549163052397e-13,2.2243799433378207e-13,0.6660167209396605
1550,5.422069237352744e-13,3.6584421726550716e-13,4.316560440210681e-13,0.6393634676584042
1551,3.464909346124478e-14,7.423105957399316e-14,1.3349169888528928e-14,0.6818699749244843
1552,2.2004767457394668e-14,2.4909422666561727e-14,1.0799414173107481e-14,0.6835802879882976
1553,2.0244186158508996e-13,7.89758246936978e-13,1.6704113062004384e-13,0.6892492025508545
1554,4.640581513476355e-13,3.731786844883474e-12,3.358228231427829e-13,0.6633484987483825
1555,4.098583014430118e-12,1.0500081413080644e-11,2.9615300250732344e-12,0.7405246460810304
1556,7.106684813814905e-14,3.793857953977782e-13,6.512935605546997e-14,0.6758176512666978
1557,2.766347290334139e-13,5.385290407001966e-12,2.1799971057781577e-13,0.6577529411326395
1558,3.2146336022949827e-13,9.030615009196544e-13,1.6570804177619046e-13,0.7117462725727819
1559,1.6578774177656002e-13,7.389169068499984e-13,1.4185591361212376e-13,0.675079348689178
1560,4.55453127015874e-13,9.837073929430736e-13,3.620653078774192e-13,0.6939386334270239
1561,9.15690266339283e-14,4.26175263180348e-13,3.464605144995116e-14,0.6867125691729598
1562,9.486936976064186e-14,1.6347939946477684e-13,4.200449832587202e-14,0.6688983615720645
1563,2.3767417242518257e-13,2.717005791388651e-13,1.9658211710783324e-13,0.7037900280556642
1564,3.606313152778253e-13,6.786147881112471e-13,2.0011641750847436e-13,0.6659052620292641
1565,8.634249196665723e-14,1.6058100861544618e-13,7.401484675958832e-14,0.6998254163190722
1566,6.573797406431953e-14,4.2614745683499335e-14,2.0757534820803133e-14,0.683259407657897
1567,3.495885202267031e-14,3.2197100947751276e-13,3.8940808123760597e-14,0.6807105357118417
1568,4.783095301834135e-14,1.8580137359721774e-13,4.4527639674008396e-14,0.6777955318044405
1569,1.0588627103670653e-13,4.075268970070235e-13,6.080644020685534e-14,0.6802164852793794
1570,8.112661906805651e-14,2.583270034230906e-13,7.926973203208584e-14,0.6789172326563857
1571,6.483894485680929e-14,1.498379184929608e-13,6.375238609128325e-14,0.6726272188796429
1572,8.305178869154655e-14,5.378084362100137e-14,4.0742136689104015e-14,0.6922053050773684
1573,5.893396700481288e-14,2.4847763923094966e-13,4.503581344176601e-14,0.685697788145626
1574,7.014872279269227e-14,2.963171679732214e-13,3.2236336774699275e-14,0.6859876888920553
1575,2.92110413274669e-13,3.604692683647322e-13,1.421522161688986e-13,0.6991158111603
1576,1.6991033056263419e-13,3.085880609927392e-13,1.3542488441417507e-13,0.688455410982715
1577,5.505261799301544e-13,1.2162124769071767e-12,3.0107510052673685e-13,0.7058819252066314
1578,5.618001120670622e-14,5.149920193784717e-13,5.397271631975173e-14,0.6782315311371349
1579,6.200733689091313e-13,1.986289229238234e-12,2.8293540316376523e-13,0.6988672027364373
1580,6.325085800721967e-14,1.186847827857155e-13,6.501933906582097e-14,0.68402200731216
1581,1.5460328728355528e-14,1.793249757260281e-13,6.1157654210083485e-15,0.6857693656231276
1582,2.6302612944050373e-14,2.8588064116221813e-14,1.142235055656731e-14,0.6845269336015918
1583,2.1140328744626016e-13,9.40581289614662e-13,1.1027038027426828e-13,0.6994267438771203
1584,8.701409833048629e-14,4.048477900152668e-13,8.210709759538441e-14,0.6710245410504285
1585,1.1264319974619581e-11,2.2518784108359564e-11,1.2905418392513782e-11,0.6932893062708899
1586,2.8400439722295548e-14,1.3105630819443372e-13,1.1131712999161897e-14,0.6832324424001854
1587,8.359623901368695e-14,1.226309974814728e-13,8.40264447121942e-14,0.6927161972038448
1588,9.88357113526849e-12,1.7295061435660703e-11,7.605588002517587e-12,0.7151686687255279
1589,7.997809106554118e-14,3.124732591915811e-13,5.4442033694164104e-14,0.6798096887767315
1590,1.938404498486743e-13,3.1349009494610575e-13,1.480827457596465e-13,0.6867479844484479
1591,2.186430417194582e-14,2.170420988806331e-13,2.1193132484911805e-14,0.6693927555839764
1592,9.698828383012709e-14,5.137848549240696e-13,6.333784060107573e-14,0.6804718432889786
1593,5.006366183885628e-14,3.4115837781826016e-14,4.201990232434651e-14,0.6851686562702526
1594,5.039238703253192e-14,5.4720953505815137e-14,3.600581291592554e-14,0.682916177471634
1595,2.154150855229142e-13,1.0903572677934943e-11,2.1869622272049567e-13,0.6577762553293723
1596,2.0660391992832794e-14,1.723688543177193e-14,5.7258632476457445e-15,0.680895045021316
1597,8.699828623618906e-14,7.184241320236803e-13,3.617680838233633e-14,0.6719681644375669
1598,3.692874284610272e-13,6.292830439761722e-12,1.3790821816556052e-13,0.6970787902944722
1599,3.047339177786093e-12,4.817351033569796e-12,2.6170971444853264e-12,0.7332027985947207
1600,1.3298899921347806e-13,2.4467965158028804e-13,1.2430761529505322e-13,0.7051995699293911
1601,9.806576848957399e-14,7.329986118034826e-13,9.099305541812574e-14,0.6664149643911514
1602,2.3035302534569834e-13,2.911723391721508e-13,1.531458714530638e-13,0.7037429818301462
1603,2.6835869706673733e-14,3.686164521664412e-14,2.10117534564454e-14,0.684100321191363
1604,2.086355373494442e-14,1.1018901840152698e-13,1.5712134742514927e-14,0.677947663370287
1605,1.4077860876682084e-14,1.9862221639179762e-14,8.30731579790254e-15,0.6800714982033241
1606,4.905661916409493e-14,9.494033794452011e-14,1.628479712814175e-14,0.6838721421547234
1607,9.320737374452754e-13,1.2383219320168954e-12,8.833794930907721e-13,0.7071247710613534
1608,4.5757668607488734e-14,9.562604618561035e-14,2.6868022576931384e-14,0.6913531704805791
1609,8.493308825811642e-14,5.783205962542531e-14,5.3225417930497734e-14,0.6880200955085456
1610,1.054693889200337e-13,4.793319901779161e-13,6.559409480750543e-14,0.6771066432003863
1611,1.3197585114192511e-12,1.2968759078990547e-12,7.396174100432221e-13,0.7159385424805805
1612,5.826860779122323e-12,6.1770624021889006e-12,5.389137035133609e-12,0.7126772711519151
1613,1.0123029011473153e-13,2.7791951073422664e-13,8.356650148505411e-14,0.6832117468526121
1614,4.0454248146158903e-13,1.0019060544897698e-12,1.732794810280198e-13,0.7013187083066441
1615,7.3145141613186e-14,6.165879276609816e-13,3.909705853455304e-14,0.6745507759449538
1616,3.1231957035474536e-14,1.9468493151866848e-13,2.2146131562090685e-14,0.6806700165034272
1617,2.6534118807143755e-14,4.563196575581919e-14,1.2262212063222045e-14,0.6787454504228663
1618,1.8227268371418538e-13,5.335017489725604e-13,1.0219935090701566e-13,0.6774380689079408
1619,2.854476068360536e-13,5.136678331364876e-13,2.2551822233072175e-13,0.6949951252201572
1620,4.920687037419484e-13,8.044306196249742e-13,3.123141169835663e-13,0.6178929314628476
1621,1.3126524230405829e-13,2.7038084163455787e-12,1.2445372948038364e-13,0.679382965597324
1622,2.9744849262576125e-14,3.0275805852639813e-14,1.5124755809060195e-14,0.6852825244073756
1623,2.2503289249738565e-13,1.0184459478597851e-12,2.368233081015601e-13,0.6448941790993559
1624,1.024000238377104e-13,6.894221415008475e-14,3.249494492066531e-14,0.6816348132444545
1625,4.22366045005095e-13,2.184864011980183e-12,2.80234407502468e-13,0.6827738904219587
1626,5.585241475407628e-13,6.97625393297991e-13,3.691021378059415e-13,0.707934802386444
1627,3.4550516270385957e-13,2.5736657528798954e-12,3.6578166352152386e-13,0.6702924634329974
1628,1.8355202583523488e-12,1.8113041165029218e-12,8.886954750126824e-13,0.6607981485198252
1629,1.7458905523355737e-13,9.078241457022535e-14,1.242113235050566e-13,0.6687655223766342
1630,1.8286907018560348e-13,3.6110121755951145e-13,1.468032081986012e-13,0.6861345181067009
1631,1.5788988223916867e-13,1.2571065621419517e-12,1.52038066378794e-13,0.6842410750570707
1632,1.4866903842964886e-13,1.8235700487403663e-13,1.3882852590533326e-13,0.669318581011612
1633,3.5540222621366377e-14,4.3496063186306655e-14,2.7532233390891234e-14,0.6846288040629588
1634,9.049850063301367e-13,2.08009127767121e-12,6.253713164298e-13,0.6970919369254261
1635,6.004899153426996e-14,8.137238496351289e-14,5.892677194976138e-14,0.6829886895720847
1636,1.531556058490782e-13,2.273399134521435e-13,1.42710342676291e-13,0.7103709098300897
1637,4.872864841351949e-13,4.18865101016171e-13,3.784918176920665e-13,0.7459410747047514
1638,2.750899543694523e-13,2.745778676489674e-13,2.2384900503238363e-13,0.6374731748597696
1639,4.4116581214965375e-14,2.8078531422746647e-13,2.7013043307882006e-14,0.6735382488026517
1640,8.345476249168233e-13,1.3192249116407733e-11,5.432841069828926e-13,0.662335369901848
1641,1.86412534361498e-13,1.5882398339076145e-13,1.4957631871812681e-13,0.7005315874586813
1642,2.525423072981898e-13,3.207952027556266e-12,1.904646494208938e-13,0.6723599107644986
1643,5.6585712198262806e-14,2.3318407660703593e-13,4.968490604775571e-14,0.685443748475518
1644,1.6545734814889476e-13,1.2316371675591485e-12,1.410505267190639e-13,0.6777214437955991
1645,8.270376128264387e-14,9.122395915886701e-14,3.468849999751467e-14,0.693400460772682
1646,1.048589478728134e-12,2.6331993877114563e-12,9.623036883069704e-13,0.6874140291125513
1647,1.274433712692824e-13,1.6883685341519374e-12,4.968896675792693e-14,0.6930698936106637
1648,4.367459902505688e-14,9.325207446857925e-14,1.4347356444489625e-14,0.6753123382979538
1649,7.529738133026803e-13,1.3148940090601756e-12,4.583572267978173e-13,0.7185854523675517
1650,1.57974648121352e-13,4.2069241011804545e-13,1.4433523130018975e-13,0.6735625928617083
1651,2.8857873475236076e-13,5.856010463767493e-13,2.1345041737150096e-13,0.7020899203955195
1652,5.4469608725457114e-14,6.859745573413359e-14,3.203740759161462e-14,0.6889565471326933
1653,6.011919974611836e-14,1.2669719062614283e-13,1.7216326682319175e-14,0.6875516901665832
1654,7.360061658751138e-14,1.5077630907277374e-13,6.584835327752457e-14,0.700317103555426
1655,2.459333468482799e-14,2.402261486055212e-13,1.62107624382567e-14,0.6830190926149953
1656,7.32823680663353e-14,6.367393475821969e-14,5.177358249070262e-14,0.6874245598679408
1657,6.612901807296092e-14,8.088076847337592e-14,6.24614564740417e-14,0.693654445541324
1658,3.2132271167470295e-13,2.042362398156472e-12,2.6769676337613316e-13,0.6773911574797239
1659,6.078920595804906e-14,1.9903766993382778e-13,1.8331075739935987e-14,0.6846136261359789
1660,5.4604155486661904e-14,2.578173111166615e-13,3.02840149113343e-14,0.6627526577358367
1661,8.408290441735045e-14,5.3758965654896237e-14,6.541600097653896e-14,0.6823901198338718
1662,1.5858902890306296e-13,7.970511509347796e-13,1.4368770727417754e-13,0.6833323081664275
1663,2.384935592269793e-13,1.4508486036849653e-12,8.582310599507198e-14,0.6647916082758456
1664,1.444331377041994e-11,1.3891572238665312e-11,8.580406910177676e-12,0.7515068914741277
1665,3.758113527669156e-14,1.8573744444434448e-13,3.468527162741293e-14,0.6838597088179086
1666,3.1384554048444904e-13,4.3979081445706455e-13,1.6138438166669402e-13,0.7269392154412344
1667,4.680870511117915e-13,1.223827914681367e-12,1.286172310277034e-13,0.6830255350214429
1668,8.596663358364518e-14,1.4142462240961216e-13,8.363288900084389e-14,0.6844685075455346
1669,3.0772172775650626e-14,2.305246311252559e-13,2.752966096489459e-14,0.6791439677763265
1670,4.1775151742893266e-13,4.016716403204794e-12,2.704031261483288e-13,0.658594533757423
1671,7.737436417499851e-13,3.11162904875426e-12,6.387841496107203e-13,0.6179209840352996
1672,9.75801111753049e-14,1.6104914432016434e-13,6.088587424664216e-14,0.681076549354475
1673,2.915540392586459e-14,1.8649574570619135e-13,1.255200528743677e-14,0.6820203983632382
1674,7.780471750175457e-14,8.039161103911045e-13,3.674801949491539e-14,0.6791914008499589
1675,6.25625910898705e-14,6.148490957360463e-14,3.7102910542810274e-14,0.6797455008607358
1676,3.3378213842223206e-13,1.8943997654318968e-13,1.7898127323307432e-13,0.6886890026216861
1677,1.5414262579203593e-13,1.597684476852726e-12,1.5732277803385112e-13,0.6839220155321527
1678,1.404020467360222e-13,8.685587695650021e-13,6.0159037143609e-14,0.6759033227805048
1679,4.649152850977018e-13,1.5433501511157358e-12,3.7311622457840145e-13,0.6771657901408616
1680,3.266035963304947e-14,1.6977748370909635e-13,2.6881507269426043e-14,0.6722338513587601
1681,4.197161496675741e-14,6.316204335946444e-14,3.665161020046583e-14,0.6816590974107385
1682,7.708032106263367e-14,6.589158175089626e-14,2.9253080389832204e-14,0.6799036119133234
1683,2.807971002413502e-13,4.2540585060245e-13,2.2177768447607074e-13,0.700461020565126
1684,4.0691356740599697e-13,1.1670577496774811e-12,3.4537730876447467e-13,0.5983743363183749
1685,4.0871764224958674e-14,2.4468744624174854e-13,2.5209028446579585e-14,0.6674379266449251
1686,3.59959172951393e-14,2.5412611147139916e-14,1.5685537711083915e-14,0.6867050528293476
1687,1.8455885209123185e-13,1.8289665729607272e-12,1.9056165267787754e-13,0.6827953894506209
1688,5.067880001134715e-14,1.5770706631772753e-13,2.1105786612255016e-14,0.667117871408118
1689,5.008292267499937e-14,3.7251738865254115e-14,2.8922054138393107e-14,0.6890064447012264
1690,5.798566995514794e-14,8.865681119959561e-14,2.9531058033420616e-14,0.6932956664415542
1691,6.858214214773724e-14,1.7921469859280138e-13,3.108036061199714e-14,0.6811865660652984
1692,2.4466620286763766e-13,1.0223353693314805e-12,2.5902877419449477e-13,0.6661728944309289
1693,2.881798644001428e-14,4.458982326025871e-13,1.536041125699276e-14,0.6752359343576245
1694,1.3034046540972293e-13,2.2511586771198533e-13,6.379769946009152e-14,0.7321785125182941
1695,2.494518076583504e-13,6.236111524712403e-13,1.073556452007111e-13,0.6596180067223031
1696,5.117765792654284e-13,6.208557908328134e-13,3.3847997050574317e-13,0.7090925006195903
1697,2.0140249524078079e-13,6.228750060779165e-13,2.1773495837436516e-13,0.684335939801531
1698,1.733742283894969e-12,2.133239071900857e-12,6.578766025639996e-13,0.7380137411411851
1699,4.3665099898886236e-14,7.329742675772335e-14,2.7672110963724243e-14,0.6937415861757472
1700,7.853373672189827e-14,5.003089298284876e-13,3.3405540909598965e-14,0.6837772331025918
1701,5.107056677769878e-13,9.44862144503801e-13,4.411364946057177e-13,0.6956399486865849
1702,4.9123563105486315e-14,1.716850378460087e-13,4.7302002469202763e-14,0.6759966397250536
1703,1.0012844584607675e-13,6.057147782202878e-14,6.365792562536807e-14,0.7002443582983687
1704,5.185048756676107e-14,1.0065794084967609e-13,4.722829995250532e-14,0.6908064070972614
1705,5.490933929978544e-14,4.067098440954075e-14,2.9879571479734687e-14,0.6832524432800711
1706,2.2255843994398928e-13,2.131795934635307e-12,3.502632139481001e-13,0.6822351686190814
1707,2.912928177843878e-12,2.3049025851891355e-12,1.4882502133822226e-12,0.6828048608382232
1708,7.987567661907757e-14,5.769843931559899e-13,4.2090732494827557e-14,0.6788534527295269
1709,2.6296167098180705e-14,1.3613062807357137e-13,1.5448510617460025e-14,0.6790196626388934
1710,4.0633453348017666e-14,2.576223859657207e-13,2.3406264046836987e-14,0.6731005447887582
1711,3.806901243547251e-14,5.23701153258733e-14,2.6973512854651844e-14,0.6820613059389871
1712,2.2826846993721317e-13,2.588886227205251e-13,1.8457317608059508e-13,0.700153116194997
1713,2.258045174255417e-13,1.844540636759006e-13,1.550985798946579e-13,0.7043397853034549
1714,1.0093070876340312e-13,1.1223742013174144e-12,9.021004852714125e-14,0.6748732583248056
1715,7.773071471802725e-14,8.525619475668612e-13,4.44843133475632e-14,0.6867800169915427
1716,9.455959400458086e-14,1.2533720938974047e-12,4.939605428131163e-14,0.6828666722693015
1717,8.197260230733907e-14,1.495212344337939e-13,7.539744950425686e-14,0.6825030880165286
1718,1.3380361320546426e-13,9.674565676820097e-13,1.3024862442481942e-13,0.679285900312243
1719,7.026373468613113e-14,5.517198208789377e-13,6.880552472790204e-14,0.6679030898434576
1720,1.4685301948291282e-13,1.1095237336982847e-13,1.0179200034978054e-13,0.6867928324500099
1721,3.3218563649606094e-14,2.2195692536361034e-13,1.4446351179573714e-14,0.6724972111609532
1722,1.1425972002135845e-13,2.900437475488713e-13,1.109701515027658e-13,0.684933092398569
1723,1.464363624988795e-13,7.951753495371244e-13,1.1838121867611038e-13,0.6763781598710921
1724,1.3796790136944622e-13,6.905603245700846e-14,8.11677748756983e-14,0.6887066677445546
1725,5.714669322868742e-14,3.235906698653088e-13,3.37792874935325e-14,0.6734673557657516
1726,7.10863860483688e-14,1.5994745982008475e-13,5.817340171826107e-14,0.6881063579756301
1727,8.990519563257739e-14,6.636225501890979e-13,5.707489061108057e-14,0.6925942427886185
1728,2.5194297122954757e-12,4.553599478849407e-12,1.91468071324932e-12,0.6990235007135197
1729,4.325979860624863e-14,7.237083365424115e-14,2.928806780222113e-14,0.6870596860419027
1730,4.6043342653374754e-14,2.239898371679075e-13,3.595893246318274e-14,0.6846247970766853
1731,6.837372387837867e-12,4.385367885269806e-12,5.668029915960486e-12,0.7204375332919881
1732,1.013041871896649e-12,1.6027710364781903e-12,8.96986784239455e-13,0.7004812048049643
1733,5.937642254228069e-14,9.43878143672949e-14,3.8088641213249055e-14,0.69550901344046
1734,2.7174125889129823e-14,1.1890825167618808e-13,1.83695988305195e-14,0.683431925351033
1735,1.3864652045522658e-13,8.237067545632003e-13,1.2106495393069552e-13,0.7087378072203137
1736,4.695512775558348e-14,9.478064740202662e-14,2.7256565444176014e-14,0.6762436359131243
1737,6.250352260781474e-14,8.947499326747187e-14,3.782851297251012e-14,0.6988338651601225
1738,2.6563075197453135e-14,2.4992686641826e-13,1.3121464567029636e-14,0.6886914610280656
1739,2.5311718182465175e-13,2.7745878470745165e-13,2.0834422916690953e-13,0.6962302338215522
1740,1.2495740514381592e-13,1.181279059276369e-12,7.562170818707106e-14,0.674386260722531
1741,5.125208128432605e-14,1.3563854819969313e-13,3.354957033337953e-14,0.6858660330239218
1742,5.820928952717556e-14,1.5511184939876954e-12,6.838262160338496e-14,0.6715482710453216
1743,9.970716634436005e-14,1.4896502304161254e-12,4.967262322782776e-14,0.6724996826960705
1744,6.106035028784676e-14,1.680725919248094e-13,2.0947806725706634e-14,0.6944824867823627
1745,6.233295960425067e-14,1.2931228395282798e-13,4.279440477096965e-14,0.6905815113626886
1746,4.720547555510781e-12,6.6302563824473615e-12,3.4435341943818034e-12,0.6712464727228508
1747,1.1774782632338514e-13,2.2724651319710197e-13,9.647098564675778e-14,0.6837017576617654
1748,4.143024910468032e-14,1.4893087872779856e-13,2.8586455965312784e-14,0.6787324832810555
1749,4.162982718296499e-14,8.842135639323169e-14,3.522231837540524e-14,0.6825210286304355
1750,1.3224508053214592e-12,8.617634275572262e-13,1.0017497610004917e-12,0.6976297691231593
1751,5.3567120216950286e-14,3.3174119979895815e-13,2.9164197531129875e-14,0.6765561265521682
1752,1.6051844797432363e-13,1.5241696175081941e-13,1.0978230066943832e-13,0.6806272239075042
1753,6.273437343780241e-14,3.2554412029442113e-13,4.631184805370149e-14,0.6903062137542293
1754,5.303028777855176e-14,3.8206688956836483e-14,4.276863016036746e-14,0.6926812075078488
1755,2.6862126721397614e-13,7.197441847485797e-13,1.1937647392678516e-13,0.6786313244199846
1756,7.714676533178942e-13,6.791896656470823e-13,3.5866154698775354e-13,0.6824177006550599
1757,4.2925787017244835e-13,5.720937375700932e-13,1.1694651688899623e-13,0.6832244200399146
1758,3.025019307703801e-14,4.729057481617143e-14,2.4458282990971276e-14,0.68258100124076
1759,1.9526445845922172e-13,6.083572234697526e-13,1.5542171701144653e-13,0.6708057918440318
1760,2.1423711856631676e-13,1.684930100530624e-12,1.3229359731549096e-13,0.6654856101115001
1761,2.0242499566419585e-14,2.326311169263451e-14,1.5966048114412746e-14,0.680723053519614
1762,2.488969064826429e-12,5.8075416343399676e-12,1.8549227240546807e-12,0.7287630346603692
1763,3.4767115228242696e-13,1.166094493846422e-12,3.216854170276589e-13,0.6708744348899927
1764,7.770898885457173e-14,7.548354913263639e-14,4.226710659782e-14,0.6718138265423477
1765,4.4921794972296024e-14,1.9681416720012062e-13,2.6719765124167177e-14,0.6797243576962501
1766,7.201938728737105e-13,6.140981128551225e-13,3.325145317682903e-13,0.7253321914467961
1767,6.395674409386096e-13,1.6229250969554923e-12,6.049725603475834e-13,0.6163720270138583
1768,1.159071812200042e-13,1.1814193824198388e-13,6.107917092031993e-14,0.6761674143956042
1769,8.93435015727157e-14,1.573274658452624e-13,4.217453551169221e-14,0.6854057313757949
1770,3.938665852931365e-14,1.1703934812587657e-13,1.6788360635110216e-14,0.6963500906014815
1771,7.389263996041514e-13,1.7638712372457166e-12,5.482089772157119e-13,0.6864199981733691
1772,5.468821311692033e-13,4.0775094865149856e-12,3.5568584977890756e-13,0.6696097970474512
1773,2.6592712119758793e-14,2.9996988887772165e-14,1.3437401674661011e-14,0.6809944748587441
1774,2.7320938001098488e-14,1.5714861533163607e-14,1.288547589891228e-14,0.6801226572366431
1775,5.4423317026241356e-14,1.795134024271765e-13,3.3507499079603736e-14,0.6846335889422335
1776,2.3330818062322106e-13,3.3512496732732425e-13,2.1819303183864618e-13,0.6789142285939306
1777,4.5902738580004425e-14,5.795580289006778e-14,2.1719836339204344e-14,0.6902095763944089
1778,2.0640544964756605e-12,3.354165987701363e-12,1.9331907206291762e-12,0.7193675747606904
1779,6.110668757936127e-14,3.252579817420088e-13,4.837149090860352e-14,0.674353296472691
1780,2.3910881506429277e-13,2.2646369558384195e-12,2.2909952674205285e-13,0.6889164448075462
1781,1.2715972807597292e-13,6.675677547016589e-13,9.522173846344212e-14,0.6764331842423417
1782,2.3614860651595853e-14,1.0432462325877618e-13,9.371479423978348e-15,0.6803816202969756
1783,1.874794045557108e-13,2.6807974058213455e-12,1.6306536412209513e-13,0.6612138378754026
1784,9.660887457397519e-14,5.791591217894065e-13,6.183348335122124e-14,0.6636925196333323
1785,8.017491617632898e-13,4.5361586513625695e-13,5.506883101205183e-13,0.7440874445717782
1786,2.2171838712874933e-13,1.029491700403086e-12,1.8480884726340897e-13,0.6796876530454028
1787,1.296037251496423e-13,1.9272489121106193e-12,1.2221691816377184e-13,0.6682409773027758
1788,4.689517149890929e-14,5.3593152736160645e-14,2.902331564303837e-14,0.6762616852705833
1789,5.033462722914194e-14,7.318621003536485e-14,4.401474230831139e-14,0.6817519719421398
1790,1.6899493085661357e-14,1.400785915694978e-13,9.754938460181156e-15,0.680984759045532
1791,1.6304016452425946e-13,3.357112450925784e-13,1.0796717830253366e-13,0.6850197830237448
1792,8.594502459877303e-14,3.9104466564355086e-13,7.437670020226495e-14,0.6727949766558595
1793,2.0713068312580037e-13,4.0561839451273653e-13,1.3286775425777935e-13,0.6859715602302459
1794,7.658918012711147e-14,8.007213649984818e-13,6.902134434374772e-14,0.6942035879415925
1795,1.4939030659762543e-12,4.4891687694558154e-13,7.996030836211069e-13,0.7574540347792208
1796,1.1474008342241006e-13,4.0737209005870546e-13,7.84276306960947e-14,0.687403491459554
1797,1.0835333313029797e-13,4.0360491888744646e-13,8.894569292343451e-14,0.6864031791454182
1798,3.385226747457778e-13,8.024692488527028e-13,2.805573291660061e-13,0.7015340133220889
1799,7.41019697862537e-14,2.2502391393189924e-13,5.188319716100062e-14,0.6844573887472507
1800,5.77611406697609e-14,4.503105198530586e-14,2.825625118049056e-14,0.6925294033135287
1801,2.2492776401718748e-13,2.1286498309307934e-12,9.840386025827887e-14,0.6750053045456298
1802,4.0880111886389354e-10,1.3559200323383403e-09,3.0803958897116923e-10,0.698142385459505
1803,7.568868523477314e-14,8.025805114988118e-14,5.430731693006898e-14,0.6800047304364852
1804,1.1113042601458296e-12,4.2654963941869384e-11,6.011845459742004e-13,0.6578396602941211
1805,5.414894938021085e-14,9.585460375883591e-14,3.932316219675799e-14,0.6859947730146814
1806,1.4151437035287432e-13,6.834881104023401e-13,1.2964998614183802e-13,0.6661546380899381
1807,6.695297680514444e-14,4.241659072324016e-13,6.03577553398665e-14,0.6764154411386698
1808,4.8516973924017555e-14,7.930489519802357e-13,1.8939390139470392e-14,0.6781063471455127
1809,3.243083101620173e-13,8.328182160819812e-13,2.415600039581695e-13,0.6828857761225663
1810,4.609174791064921e-14,2.3692452828363956e-14,2.886942825049705e-14,0.6776393509062473
1811,5.482439423171728e-14,6.907240413868831e-13,1.6017330870114252e-14,0.6836306009092368
1812,2.811346131721526e-14,7.927655863627749e-14,1.451988992475972e-14,0.681296012288658
1813,4.783703640644938e-14,4.457465436889833e-13,2.3673852835841512e-14,0.6780601825623307
1814,1.8041876433446782e-14,1.0496840854262971e-13,8.021930751831151e-15,0.6772840554476716
1815,4.888124320156568e-13,8.912961632243456e-13,1.988058168842117e-13,0.704942818544805
1816,7.643656719801015e-14,1.0409286969764852e-13,5.911877157533048e-14,0.6858705069753341
1817,2.9285578470749896e-13,2.034739979308859e-12,9.851902660108729e-14,0.6896796891116537
1818,7.432837023918721e-13,4.963266993525849e-13,6.533924948300262e-13,0.7038358050398529
1819,6.816386180545599e-14,1.2492447002261853e-13,6.570241268282902e-14,0.6551812046818668
1820,1.0145600044406181e-13,2.948918041351952e-13,4.705089258885526e-14,0.6818884269043337
1821,2.547656964922017e-14,2.8424548118602784e-14,9.254257361841063e-15,0.6815554686414543
1822,1.1648920251073758e-13,7.031220815584433e-13,4.602812668190694e-14,0.681632493174402
1823,8.718016192604326e-14,1.5437897826879085e-13,4.673702387741621e-14,0.6795061245909892
1824,2.2744455850357996e-13,3.092032773712221e-12,1.9994401033409153e-13,0.6815162625513039
1825,5.94766311788618e-13,1.2252186205033829e-12,7.532232080072053e-13,0.651422491914127
1826,4.048775232328318e-14,3.1056770951040296e-13,1.9520881165405288e-14,0.6764810251945164
1827,3.663642546890787e-13,3.722823131774476e-13,1.9175250887293017e-13,0.701557363558095
1828,1.212057187278359e-13,3.5979103561609104e-12,6.845580943906512e-14,0.6611740145162912
1829,5.346543697370099e-14,1.943579202931098e-13,4.3101857835436024e-14,0.6818215912557207
1830,2.6331462511566514e-13,1.723918262747136e-13,2.0308881381497309e-13,0.7006975536583923
1831,3.7380961592987495e-13,8.107060956964864e-12,6.192183520520562e-13,0.662001647092984
1832,1.0778468946198402e-13,1.1195581993873464e-13,1.0854829098758322e-13,0.6969063937198371
1833,7.073613442318362e-14,5.294439174859304e-14,4.8737884608957684e-14,0.6864576589199715
1834,1.6460969646846582e-13,2.627429724056719e-13,1.6075517514292446e-13,0.6846683542535175
1835,8.143300350643265e-14,2.0481932527346046e-13,8.486410335807346e-14,0.6599198424548376
1836,2.8474031345580983e-14,6.931157417001324e-13,2.959425181863486e-14,0.6637091590178897
1837,4.5402621850967795e-13,3.2020896618537737e-13,1.515242923958938e-13,0.6396186341182328
1838,3.6923912592072865e-12,7.319662155539269e-12,1.499675294673733e-12,0.6610954150615725
1839,2.5699244025514303e-13,3.575481649717397e-12,1.5049481448994235e-13,0.6685930215870031
1840,1.0705053408330106e-12,3.312438582393022e-11,1.5322065724344333e-12,0.6588020939176203
1841,2.311478108803232e-13,2.3011672143322775e-13,1.7477146384189777e-13,0.7151286408770829
1842,2.0632960635628568e-13,1.632511375818038e-13,1.8222989162065816e-13,0.6914631299558096
1843,3.4648874499927093e-13,4.0703613657053156e-13,1.9828748299117227e-13,0.7139421047409996
1844,9.471987988297986e-14,2.024700207421472e-12,6.8727274835327e-14,0.6774806842615362
1845,6.780489100313222e-14,2.1090740302604405e-13,2.979010530294738e-14,0.6685591837886022
1846,2.6559813372252765e-13,3.407657114213233e-13,7.86261534287673e-14,0.6981348044471816
1847,4.068023138830683e-14,1.4811204450312107e-13,4.0036115050925305e-14,0.6865989408805035
1848,3.2797996954880213e-13,1.3933192550301672e-12,2.631981460827998e-13,0.6716796849679667
1849,7.214149805838316e-14,4.70582867332703e-14,4.493294723659596e-14,0.6853069780278019
1850,2.064187464959141e-12,7.498139338024013e-12,1.2842563250016026e-12,0.6922934583388269
1851,1.6370973520591834e-14,8.949295995842625e-14,7.573376026612632e-15,0.6820830515644047
1852,6.865926511060353e-14,6.915312775485028e-13,6.432384539485711e-14,0.6705617874365999
1853,3.1669836042648695e-14,3.5455138986039534e-14,1.241189656592039e-14,0.688778889720561
1854,4.623854135827867e-14,2.858012387316941e-13,2.4643950818593614e-14,0.683583978516981
1855,6.822407483577618e-14,4.4688621940424243e-13,4.2421856300249e-14,0.6743831348023377
1856,4.69952254192543e-14,4.7970720911298346e-14,3.595842990423678e-14,0.6799944032798522
1857,1.236723548694149e-13,8.684781773746496e-14,4.216055021753193e-14,0.7003247421933338
1858,8.571980862272811e-13,4.55095902333932e-13,3.57521731520964e-13,0.7011659122654237
1859,5.2060006696782486e-14,2.747777548196233e-13,3.613896335399857e-14,0.673909277038183
1860,4.050667033109214e-13,1.1605322927710732e-12,4.232698226958464e-13,0.7099719162448309
1861,1.4987156252097831e-13,1.3398533482592115e-13,7.34086078341999e-14,0.6664964059425984
1862,7.361440839886792e-14,5.982420490005824e-14,4.8929084194077744e-14,0.6899693572020624
1863,1.8388714038093772e-13,3.324808382373489e-13,1.3492400843784648e-13,0.6878860079799779
1864,6.176352674916925e-14,2.517883611316534e-13,2.233074635464213e-14,0.6838849168387242
1865,3.1881818550550935e-12,3.860816939419036e-12,3.3368806684077783e-12,0.720448027853854
1866,1.4922991790531234e-13,1.5766328315967328e-13,9.201318106297184e-14,0.6772742601169739
1867,3.9552274840013114e-14,5.234551662128109e-13,3.6257651119768954e-14,0.6753109254641458
1868,7.316394815403901e-14,9.0483396250347e-14,4.52577133651759e-14,0.6790754629299045
1869,1.611073774775395e-13,1.5975091225705275e-13,1.3260166288008973e-13,0.6959181992337108
1870,1.3314005162954306e-13,8.140976305308356e-14,8.40260749601859e-14,0.6915757617796772
1871,1.2700808497381753e-13,1.324277934357704e-13,3.5824407887254246e-14,0.681901388661936
1872,6.986253807118562e-13,1.633406929619384e-12,4.682592494851608e-13,0.7004744992591441
1873,4.930134237909972e-14,6.997447682136784e-14,1.8776593433303705e-14,0.6882158308057115
1874,1.650741328034e-13,9.958971884452628e-12,5.836472305712271e-14,0.6576875707629369
1875,4.79705258277664e-13,2.3552834992955277e-12,5.324430049526044e-13,0.6273778977018083
1876,1.6070854042874627e-13,5.610537581238799e-13,9.025690845690028e-14,0.6748872438911349
1877,1.3371594767338016e-13,1.640412598543676e-13,8.468056950310847e-14,0.6864958739897702
1878,2.433811238981032e-14,2.562040900807946e-13,2.363910767465688e-14,0.6763685777434147
1879,3.455829930107066e-14,8.851393921314629e-14,1.907526825897425e-14,0.693228736158926
1880,4.45376976914778e-14,2.9519366222113384e-14,2.7322804150615733e-14,0.6832903053844348
1881,1.1290336380033653e-13,7.154288929058269e-13,1.2481740068186888e-13,0.5939659208765079
1882,4.342126240425322e-14,1.5972174914035795e-13,3.24760596808128e-14,0.6821162544831167
1883,2.43584259841074e-13,3.0188910997542244e-13,1.9941911648707623e-13,0.680939130007755
1884,2.5444668651456574e-12,1.651725990181271e-12,1.4004988308101145e-12,0.7157909702393226
1885,9.047908951198451e-14,7.804489986909223e-13,3.640100480752881e-14,0.6789758348604664
1886,6.827183107422126e-14,9.68510227926327e-14,3.906320298568834e-14,0.6946092849131673
1887,2.966952296595374e-12,2.4223366675876628e-11,2.436563325764745e-12,0.6850801173481159
1888,1.219626438661563e-13,7.014979918416763e-13,1.3512171076254417e-13,0.6778599886863959
1889,1.2719674990542486e-13,3.2309797983728134e-13,1.2830602118011584e-13,0.671053235695581
1890,2.113960489453794e-13,4.087898940450428e-13,1.017881826810204e-13,0.707252339401748
1891,2.368895045222889e-13,2.274303663268487e-13,1.1504535727822217e-13,0.6811154513852671
1892,9.469792366393484e-11,1.0549426333325277e-10,4.625884762757065e-11,0.7019802996190265
1893,3.8400300226985684e-14,2.2115681745253159e-13,2.973830592926809e-14,0.6864443849306554
1894,8.05048615421806e-14,2.199622639061253e-13,5.099120367148009e-14,0.6936344227462541
1895,6.42773275205586e-14,8.490509436917907e-14,3.117529792724195e-14,0.6780251563002822
1896,6.751411062073416e-14,8.76422144573218e-14,3.487380352667859e-14,0.6852850916795432
1897,7.696640192783904e-13,6.237610644851572e-13,7.229042510928026e-13,0.7071696200408042
1898,2.0423652224484233e-13,3.5040473948061537e-13,1.5340836400428925e-13,0.6755496351921465
1899,8.639036990832628e-14,5.726194316838063e-13,4.4548508735737107e-14,0.6630606816645013
1900,1.3763893002765874e-13,5.919863543202637e-14,1.0402831695810205e-13,0.6893574660061859
1901,1.4702292610642936e-13,7.482611071286898e-13,8.404582682554059e-14,0.6711569363513263
1902,6.582698507018126e-14,6.063247216114474e-13,3.0055775234815685e-14,0.6739361346670194
1903,2.725674058616346e-13,3.366349362527449e-13,6.661052608413929e-14,0.6835842113185209
1904,1.1386732965723765e-13,7.751206871116474e-13,1.1338865217930868e-13,0.6872049881436396
1905,3.988642725701163e-13,4.3263608471197085e-12,1.9909717522844987e-13,0.6912983877700754
1906,1.326478922470149e-13,9.412008736487227e-13,1.0313506207475383e-13,0.68245190687594
1907,9.15327924312531e-14,1.9881064643950459e-13,5.4633822447539355e-14,0.6939890051959082
1908,1.0759552220797528e-13,3.3813852682696184e-13,7.846481754675973e-14,0.6846830188238527
1909,2.1884517559991762e-13,1.5073309350660556e-13,1.5270818828025735e-13,0.6880493607604876
1910,1.789418505406374e-14,5.2722809054184225e-14,7.748466092127874e-15,0.6804346752469428
1911,2.478888863884592e-13,4.1146299568599836e-13,1.4635987755954357e-13,0.7005814182572067
1912,9.791553213812834e-14,7.431288159378673e-13,8.098371726875423e-14,0.6773390984977595
1913,1.16062318021374e-13,2.8351694386205015e-13,7.562613599707132e-14,0.6820119889627676
1914,8.411507482868642e-14,4.021057723326326e-13,8.017923088775927e-14,0.6701523078983882
1915,1.6541593578850822e-13,2.1792352600638935e-13,5.533501251087149e-14,0.6901769890799188
1916,1.0328070672833098e-13,2.5205795818307936e-13,8.689545359999856e-14,0.690686997998273
1917,3.5491763308286274e-14,8.025189671756644e-14,2.3012676698722265e-14,0.6846981744340155
1918,1.5357148491005416e-13,1.9775140393318175e-13,7.930392764047277e-14,0.6962228341493756
1919,4.0659480953597263e-14,2.8950120120356356e-13,7.372404915194806e-15,0.6761052270478103
1920,1.2352927930113179e-12,1.8706301495189393e-12,1.0741520979780467e-12,0.6924809506221209
1921,1.896763907476731e-13,3.101619407841823e-12,2.856593268002394e-13,0.6609102114714915
1922,1.488652981561944e-14,1.2322687424255392e-14,6.2018982790285616e-15,0.6811238808615598
1923,1.2898837717005867e-13,1.45153628269062e-13,1.0127702703378642e-13,0.6835744622163474
1924,1.922034205332697e-13,3.2974136544822725e-13,1.4719669161594178e-13,0.6933911629603244
1925,8.137348495495582e-14,1.6950827768170198e-12,5.6548762765949145e-14,0.6713412251760019
1926,1.6816843000609843e-13,2.6510373774418114e-13,7.79605493144451e-14,0.6832413846685086
1927,5.951556208642896e-14,1.4048082905250203e-13,4.445773269919186e-14,0.689577130501857
1928,9.669097381833549e-14,9.216491644059747e-13,5.951028208861845e-14,0.6661824634182267
1929,1.0437019061070851e-13,2.6508703204563803e-13,7.119765741024698e-14,0.6920522780914325
1930,2.2389109898079542e-13,3.348709076067031e-13,1.7047409699287798e-13,0.7019359259749762
1931,1.8756516334457517e-14,2.6455051664689333e-14,5.5301007231739104e-15,0.6819816437608097
1932,5.74110454526443e-14,8.631227983495794e-14,2.4133188555412266e-14,0.6838758423051331
1933,1.4455706798151952e-13,5.525504009317493e-13,1.0332501113361731e-13,0.6840593212284147
1934,8.207815387159608e-14,5.267672843426838e-14,6.111789825244592e-14,0.6823224779509474
1935,9.990082346248963e-13,1.3465506430654167e-11,9.122485091213134e-13,0.6709945921989856
1936,2.0529339480201075e-14,3.2732546090119494e-14,1.7982529586869576e-14,0.6835684104880784
1937,1.8303065019576572e-13,9.833045795748737e-13,6.202887387076411e-14,0.6993141458369792
1938,1.9025393168086163e-13,3.3725056929116305e-13,8.901841675748215e-14,0.6817104387795553
1939,6.420740114232864e-14,1.7844243294096218e-13,3.985286501918263e-14,0.6941757135093212
1940,7.156968967261052e-14,6.264706789150592e-12,5.325170277440204e-14,0.6604808040516218
1941,1.994383149606027e-13,3.5577822068490627e-13,9.031093624315872e-14,0.7144416724913754
1942,1.9629739159625194e-14,1.558647661649088e-13,1.7779345239037627e-14,0.6825518620375078
1943,7.65738417041153e-14,3.3879656390965876e-13,3.3258023836827546e-14,0.6849407145346049
1944,9.534039127829503e-14,2.0823669747683563e-13,6.844127518125711e-14,0.6822755002882331
1945,4.611612093442536e-14,2.1787522177141286e-13,2.8992947859968263e-14,0.6683837263961323
1946,5.637371508108254e-14,6.32181502226997e-14,2.142608295931082e-14,0.6960829582880251
1947,4.268806706536462e-13,9.908808192968167e-13,1.5620335440883222e-13,0.6607880517956801
1948,6.198650611051615e-14,5.284196662145275e-13,4.842378922630369e-14,0.6706614079448627
1949,2.7222533764866938e-11,1.2167216707239642e-10,2.7432876485656713e-11,0.7115253697964363
1950,1.6989142242305894e-13,2.905740871893605e-13,1.3165321554737683e-13,0.6490777172701201
1951,2.628075982715083e-14,1.9373016816954794e-13,1.6318492913122916e-14,0.6752177425718401
1952,2.589236487656784e-13,1.1840546093208468e-13,2.0155095855558903e-13,0.691351035691332
1953,2.1644877627339233e-13,2.69878961164419e-13,8.045133119984357e-14,0.7013679164694622
1954,3.6415474593881404e-14,2.84097167577372e-13,3.2564969410162015e-14,0.6746661825221963
1955,1.4207364664951276e-13,3.285208725042427e-13,8.594486769231965e-14,0.709946685435716
1956,1.2458024748165724e-13,2.293990748453379e-13,4.416086180469226e-14,0.7022881292621606
1957,1.5425575916866412e-13,4.890700288140357e-13,1.4179808949387617e-13,0.6893176505691372
1958,6.887757907223132e-14,9.268808638688156e-13,7.879622517538721e-14,0.6666010032233316
1959,7.00408487929516e-14,2.9653200968928294e-13,8.412488702683356e-14,0.6767111587978434
1960,6.470886866752288e-14,7.269035509120888e-13,3.667537484550686e-14,0.6838777797762304
1961,4.873556871499677e-13,6.417611749610564e-13,2.0215065602410217e-13,0.7053700741147623
1962,3.3481510917079806e-14,2.049061926540398e-14,2.0760115651069343e-14,0.6811264357354958
1963,1.359131664926761e-13,7.321559249471692e-13,8.644206142041642e-14,0.6661167914891848
1964,5.117549487213247e-14,1.729400052682527e-13,4.438600205420313e-14,0.6847103943640832
1965,2.6370877449462763e-13,9.457935443969839e-13,2.1761891000639676e-13,0.6919994317751843
1966,1.259457854595574e-13,8.430175228185446e-13,1.0923798496089286e-13,0.6740844015905167
1967,3.432485307077538e-14,7.015984512441674e-13,1.9316537110513404e-14,0.6626996480859816
1968,5.378397665509965e-13,7.915709232873494e-12,7.308934633070419e-13,0.6740840776677942
1969,7.362119656825322e-14,1.777996647940693e-13,5.875980842277472e-14,0.6890683961100876
1970,2.6323727853187935e-13,1.6578652201931207e-12,2.849224523698754e-13,0.6662658116227249
1971,1.250658678291324e-13,1.0313070389040853e-12,6.644492417280836e-14,0.6873490309808403
1972,3.4452046264134186e-13,6.585465264053374e-12,5.199541246018899e-13,0.683091553353006
1973,2.413889004546496e-13,5.477406264496055e-13,2.057205216472732e-13,0.694798085547518
1974,8.208786573452521e-14,1.3041022616080145e-13,2.968943138465922e-14,0.6751810877525714
1975,8.976962194841592e-14,8.815606907937457e-14,5.875494460306297e-14,0.6969123703194782
1976,3.5778227411932156e-14,1.4925390859903109e-12,2.5907638139497634e-14,0.657922206405783
1977,1.7625723893981796e-13,4.982037561286501e-13,1.0183561138556002e-13,0.681767286307877
1978,5.855424107962965e-14,1.554099854132798e-12,4.843284156332052e-14,0.6622738127247431
1979,5.304433109097462e-14,6.63889855886953e-14,2.6855165005474974e-14,0.693335599830607
1980,4.837129007230125e-14,1.0997542307068815e-13,2.5671667841284413e-14,0.663764189457288
1981,1.702780331169327e-14,2.6911289588044103e-14,1.1542978635288163e-14,0.6801560522348155
1982,2.5769315357598e-14,5.906839155343634e-14,2.1021332560274995e-14,0.684120391617762
1983,3.8274578185223745e-14,1.3881457108351958e-13,1.517399201965634e-14,0.6813314784492832
1984,3.4079965487211796e-14,4.64498670644235e-13,2.935074326286939e-14,0.666069002871518
1985,1.8739945737138794e-13,5.501419599092183e-13,1.4158544921464558e-13,0.6881762525707018
1986,2.909731159153159e-14,3.4463310144960597e-14,1.541739917980112e-14,0.6802256848255638
1987,7.978446003177738e-14,3.197822666045511e-13,5.5945221560480574e-14,0.6751838509982917
1988,8.07487672788237e-14,2.378147003720136e-13,5.106207203674701e-14,0.6881221550691408
1989,2.592287572749229e-13,4.004329338580639e-13,1.549232388905142e-13,0.6980566011974588
1990,5.381616613240648e-14,1.0041385240927853e-13,3.2239590294359624e-14,0.6930318931874353
1991,2.663191181935801e-13,1.3009620244695966e-12,2.666167153349377e-13,0.6808276513882447
1992,9.069451503002483e-14,8.339870378346782e-13,7.038394980517697e-14,0.6720382660190808
1993,2.1373362460693407e-13,1.4106032829264285e-12,1.7571956574273882e-13,0.6863048168539535
1994,1.9728484339198472e-13,2.32670195108994e-13,9.183145897279554e-14,0.6498908143606968
1995,9.526035651530779e-14,9.570460867949924e-14,4.769511570540391e-14,0.6854988219565712
1996,4.515504111408162e-13,5.254382033740683e-13,3.818128635692129e-13,0.6705011080019176
1997,1.665931609010124e-13,2.3706901454653824e-13,1.5247712865881388e-13,0.6814107101701665
1998,1.3792612341575062e-13,5.78056944258395e-13,1.3460695019102213e-13,0.6817112567077857
1999,3.9784400100267186e-14,9.019212697087697e-14,1.9323644110864167e-14,0.702495554392226
2000,1.4352307628851212e-12,1.589416904131932e-11,7.40196046432378e-13,0.6789268112857826
2001,5.832718104012287e-14,1.218432547456135e-12,5.400045146982196e-14,0.6605575088382466
2002,6.538237345065998e-14,4.0361662171878496e-13,4.000124409068092e-14,0.6738010469358414
2003,4.636491818662924e-14,1.9607999218148038e-13,2.8320705511328802e-14,0.6828247554192786
2004,2.7487335956521765e-12,5.810519545737105e-12,2.984751887492022e-12,0.7251898871967569
2005,9.029916254856436e-14,1.6728068468495553e-13,7.189011277737383e-14,0.6933791593066416
2006,3.009176831414635e-13,1.7581340353315266e-12,1.389554000236343e-13,0.6597889153606957
2007,1.7382659193301285e-13,2.752996981357837e-12,1.7341135088267324e-13,0.6715618066606112
2008,2.3426107119789006e-14,1.150278290056292e-13,8.307642563666505e-15,0.6843884020403493
2009,6.893208425025854e-14,1.3345674374169816e-12,3.9286126749681875e-14,0.6641856790636667
2010,4.271427630693036e-14,1.9394248863380378e-13,1.529993048894743e-14,0.6778988538659177
2011,4.449542081444079e-13,3.1101751420819097e-13,3.606085576977317e-13,0.6528141046408564
2012,3.722193802623155e-14,4.634805404439856e-13,1.7650539437258532e-14,0.678973914688686
2013,2.0343596092949712e-13,1.3667898404562462e-13,1.1789391582963444e-13,0.700349205348175
2014,3.3831380463626794e-13,6.552868193302097e-13,2.4872920518581633e-13,0.6961447636247613
2015,5.574593244269627e-12,5.545583585065794e-12,3.8694015687042296e-12,0.7439372377935797
2016,7.183417456036511e-14,1.433298398238728e-13,4.2491739997206126e-14,0.6951634953031316
2017,2.501279972097678e-14,4.6497765518131797e-14,2.0689403246745804e-14,0.682419160194695
2018,8.453494372334937e-14,1.981752909189545e-13,7.299392016977833e-14,0.6724501200660598
2019,2.629903797894718e-13,1.18697557590661e-12,1.8667351214746e-13,0.6848268740286585
2020,7.021586171270249e-14,2.6672718801079127e-12,6.623289558066302e-14,0.6911515134561341
2021,8.321853467559906e-12,1.5515915561016153e-11,5.071192349901491e-12,0.7029129556496627
2022,1.0217786673718204e-13,4.3626425550953535e-13,1.1780220840605982e-13,0.6637643540190765
2023,4.411370936024184e-14,6.951160458899504e-13,5.088680376665794e-14,0.6757679030532018
2024,2.737373327184101e-14,4.867929512692753e-14,2.213142162778991e-14,0.6803836720529943
2025,8.19367397915043e-14,4.318842738368457e-13,4.872467124281214e-14,0.6071142545282783
2026,8.761022652489281e-14,6.93834700479449e-14,7.367297052378151e-14,0.6815064549737144
2027,5.915542229105733e-12,8.091357033315518e-12,4.701344762324499e-12,0.6816516429185867
2028,2.6306288647724358e-14,4.765586902785244e-14,2.1562533886094373e-14,0.6813729727291502
2029,8.336364096613537e-14,2.377472143522392e-13,4.608204496798501e-14,0.6970544431591407
2030,2.8871496162349927e-13,6.433522546290175e-13,2.2832830920619107e-13,0.609765549916483
2031,4.308803386155488e-13,1.4692473434634882e-12,2.6046818767325957e-13,0.7424968505743891
2032,1.0826358560037093e-12,9.348673257547545e-11,1.6920416040432227e-12,0.6594987505755853
2033,2.803659206649424e-13,2.3635502923296775e-12,2.591958608042352e-13,0.6864893967227544
2034,1.0224860855953855e-12,7.067318551240228e-13,8.16716525381568e-13,0.6820134078909177
2035,4.591331801198503e-13,4.4598640092265767e-13,3.6634420186498157e-13,0.7042131698806771
2036,7.614941535990617e-14,2.394777359996878e-13,7.87102207123582e-14,0.6732573404762661
2037,5.069021871082098e-14,8.634210242092722e-14,2.3743338893921764e-14,0.6816417735477444
2038,3.2073770984312294e-14,6.745496336315671e-14,2.0104468473818427e-14,0.6846730226126965
2039,2.626179885166328e-14,2.8728515562539676e-13,1.657359189198605e-14,0.6840118030202575
2040,3.4842030070153086e-13,7.530016936470084e-13,2.622510235810441e-13,0.6919003460963722
2041,5.3361733795752107e-14,6.296232288072625e-13,2.7350896722540007e-14,0.6752144452999346
2042,5.373366178363654e-13,7.463982098956684e-13,2.626853118887778e-13,0.7234035245608539
2043,3.4217590771680086e-14,3.04080761526505e-14,1.09303468567643e-14,0.6814436253800522
2044,3.887052621824589e-12,2.520798654325818e-11,1.6190331988711324e-12,0.7009811706258915
2045,3.3233928192754777e-13,8.197181503178411e-13,1.7294765315877667e-13,0.6957881353097036
2046,7.539652578596168e-14,9.623511523905638e-13,7.360348764361616e-14,0.6815760221797973
2047,1.2979460806486751e-13,3.335957385974061e-13,1.1727976621157452e-13,0.6746946586761624
2048,2.5849795702564837e-14,1.2682182232471956e-13,1.5028070202880185e-14,0.6833585312590003
2049,1.735724054449877e-13,3.778508462932081e-13,8.38019996463942e-14,0.7101218174444511
2050,1.0349226242539686e-13,2.461811917215736e-12,5.811014948436873e-14,0.695417687180452
2051,6.269052754646091e-14,6.12726274189963e-14,3.484726789009357e-14,0.6935760310851038
2052,2.7923895596246304e-13,1.5260467716731796e-12,1.943568555319662e-13,0.6925316249835305
2053,2.5580470802645666e-14,7.086397156067057e-13,2.29075725160398e-14,0.6720338682644069
2054,4.322096312122918e-14,4.118552741491941e-13,2.0495102562237897e-14,0.6732385407667607
2055,7.807377056922477e-14,5.703068289549129e-13,6.804031703906643e-14,0.6743581435817759
2056,8.240304655497953e-14,7.328576541891596e-14,4.5062663125592935e-14,0.6783350084617268
2057,3.3971737104385094e-13,3.601126145998487e-13,2.5720924570688914e-13,0.7103930651326664
2058,1.5132264748252548e-13,2.5324074018789675e-13,8.326392710957304e-14,0.7072602838510648
2059,1.2637775294947492e-13,2.5333704725518907e-13,2.615149661167319e-14,0.6785606409888715
2060,2.438634389456055e-13,9.353664674258006e-13,1.1779135352286763e-13,0.6290287285548402
2061,6.462084312489806e-13,2.3494028015593385e-12,4.934172534076235e-13,0.696794938336825
2062,3.083633113837876e-14,4.5850187809271374e-14,1.3436184000577127e-14,0.6813894058403094
2063,6.073218069220624e-14,3.943326192237309e-14,3.209484735210159e-14,0.6961498225806281
2064,3.26679118036424e-14,3.761446452176302e-13,1.1010372788736456e-14,0.6786203179042787
2065,5.646032138127164e-14,2.538381635168646e-13,3.8631645755954667e-14,0.6778303143102675
2066,4.308473359738384e-14,2.5450817558131354e-13,4.3608016873116103e-14,0.6747943484922871
2067,1.2410198544508604e-13,3.183016824644461e-13,6.730897875681133e-14,0.6467215046461205
2068,6.055271400364707e-14,5.094685664912401e-13,6.079325067408136e-14,0.6769318990816828
2069,1.196629534591128e-13,2.700611102607369e-13,6.255150577006509e-14,0.6558180301595712
2070,1.2788613053340212e-13,1.9964497502913428e-13,9.263615278666236e-14,0.7050103017012589
2071,3.1434803597960477e-13,3.505544925909632e-13,1.2508471183753706e-13,0.6807115430478007
2072,2.0695123086111293e-13,2.7502442218106723e-13,9.188987309188425e-14,0.7126736564794556
2073,2.6626052370443285e-14,6.405322725631692e-14,7.964077667151975e-15,0.6806707484414801
2074,2.1794373221075956e-13,2.1962457292815828e-13,1.6536133410147138e-13,0.6850413733511231
2075,8.909419553796787e-12,1.4400110458453905e-11,5.77589507933348e-12,0.6643450869014487
2076,1.188844679514221e-13,2.005142826133462e-12,8.234428898217485e-14,0.661361027212115
2077,1.0441484886905829e-13,1.7243824374831445e-13,9.352274354778974e-14,0.6869581053848378
2078,5.3179680284823904e-14,7.15800154456517e-14,3.847263338491376e-14,0.6858953699993435
2079,1.9044569846859167e-13,1.934160904079417e-12,1.4128058611770637e-13,0.6969414921128191
2080,2.1653738092362111e-13,3.413748556393836e-13,7.136134152824554e-14,0.6832138452911749
2081,1.3844398317700358e-13,9.758542741479145e-13,1.145546906952723e-13,0.6747175700234948
2082,1.1613266535139878e-13,5.539427022496786e-13,7.501095348317544e-14,0.6904092076234519
2083,1.8412111507040737e-14,1.2856069994638223e-13,1.6283428907023467e-14,0.6709176496311556
2084,2.290560359444558e-13,1.3937021853589468e-12,1.5772564043965952e-13,0.6033037920962669
2085,1.0156537959487743e-13,2.321680251455357e-13,3.9466581117459677e-14,0.7108581977430731
2086,3.810420456751774e-13,7.082854817975591e-13,3.3079875037494824e-13,0.6919619196560234
2087,3.868269936996224e-13,3.552904553588052e-12,3.1667823911689284e-13,0.6654956402780954
2088,1.7977608323992458e-13,4.2713332610184716e-13,1.0457006599588637e-13,0.6725226996757556
2089,1.8752764713130703e-13,2.7015221591084896e-12,1.1053549268668147e-13,0.6744053182570496
2090,8.311551194423631e-14,1.0265615104192724e-13,6.998783788947219e-14,0.6784199398185592
2091,6.08289326370146e-14,1.3713623276560953e-13,2.8914866752631125e-14,0.6713021465402562
2092,8.794201397072104e-14,1.1777640664292758e-13,5.898808484486703e-14,0.6785758621350396
2093,3.4903204651556596e-12,5.4684689962942714e-11,2.1597586233535496e-12,0.6899953816027846
2094,1.9938035731616902e-13,1.3486881411037147e-13,1.2156457927872519e-13,0.7110851196222938
2095,6.27859610368955e-14,1.5695376172228117e-13,7.195927089360391e-14,0.658978828813997
2096,5.613714954618075e-14,3.5046217060689773e-13,5.508463395097592e-14,0.6730075006606058
2097,2.482808137716791e-14,5.655064846458232e-14,1.9504510990047012e-14,0.6785147115238942
2098,5.494775727546521e-14,6.007492038120512e-14,2.1443369284069103e-14,0.6816776618070435
2099,1.2820620539294941e-14,1.9598091527268094e-14,3.532304194694593e-15,0.682516284211306
2100,3.3153049871059177e-13,1.268365723609299e-12,2.647453969844602e-13,0.68549014145392
2101,1.133112770072652e-13,1.0997600407009643e-13,6.695428781478699e-14,0.6821239798562602
2102,4.681457396976653e-12,7.217779652934575e-12,3.822214522846803e-12,0.6829275603464339
2103,2.6372362258439167e-13,4.175771886718203e-13,1.5313525350823206e-13,0.7000763822929003
2104,1.7893052302933852e-13,1.089383632115625e-12,1.2010490429201464e-13,0.6613367999379989
2105,2.593075576855583e-13,2.4281827860130016e-13,1.2060054727027237e-13,0.6832472586771473
2106,4.870564475888022e-14,1.0926728300626324e-13,1.880092711412976e-14,0.6942969931056723
2107,1.0347734029850949e-13,5.751307501836888e-13,6.322250731732137e-14,0.6720065088709817
2108,1.562871496019134e-13,1.1523793926683655e-12,8.564051037049861e-14,0.6955339765409008
2109,4.897427031799786e-14,1.7055270597818162e-13,4.574698888596806e-14,0.6808854014670942
2110,1.6349541133806265e-13,2.6961350112892584e-13,1.3767097863816216e-13,0.6847429818415549
2111,1.0928569118580741e-13,5.771361222841933e-13,8.050168399665118e-14,0.6775223769946024
2112,1.250799871344935e-13,6.806328900770571e-13,9.83440096829108e-14,0.6864298080501612
2113,4.8095897057059955e-14,9.876901718292489e-14,3.736561650987371e-14,0.6805766493664123
2114,2.6804992664543946e-13,1.087667062053694e-11,1.5096554389649865e-13,0.6590755774464924
2115,3.652847044812445e-13,4.583060998137078e-13,2.9112800348106243e-13,0.6731648828019388
2116,3.6713730115457196e-14,1.8339577797111052e-13,3.110856992528327e-14,0.6900941781292204
2117,2.0578457570035944e-13,5.381008017633934e-13,2.0395834399447183e-13,0.6855423183878884
2118,2.0883602111753553e-13,2.750089429488402e-12,1.773164202053645e-13,0.6608939288824331
2119,5.623178978928404e-14,5.077189674725912e-13,3.4127069051190496e-14,0.6821885864192154
2120,9.239514052861507e-14,1.678053257228874e-13,6.20379322940005e-14,0.700922733952757
2121,1.923516977566944e-13,1.0207634311258849e-12,1.1732403793463944e-13,0.6681426093797199
2122,2.272227264771651e-13,1.3458953104695788e-12,9.979683268303449e-14,0.678297103208024
2123,2.378348663677489e-13,2.88200463420079e-13,2.3948089731768074e-13,0.6819561266398523
2124,9.062264044778534e-14,2.445445676220503e-13,5.141338732875724e-14,0.6718530686659505
2125,6.0716778073744e-13,8.003427948047945e-13,3.8769199662337117e-13,0.6998332662507891
2126,2.8430374361847667e-13,4.1039695689118403e-13,2.0074789837668392e-13,0.6842767996480689
2127,2.2588575613568215e-13,2.2591849738148127e-12,1.745502701451342e-13,0.6889899052970577
2128,6.175656516081033e-14,1.6733184853840817e-13,4.2233018052051705e-14,0.6759743710514158
2129,2.890082488046266e-13,2.6979769477175745e-12,1.2184997643386207e-13,0.6859681600064504
2130,3.354002053088169e-13,8.079114066560154e-13,3.418962143004002e-13,0.6833584113104735
2131,7.467626113460816e-14,7.107256116811591e-13,6.312750155510301e-14,0.6869696466601454
2132,3.362410320760226e-14,7.986814469482125e-14,2.0946271032277693e-14,0.6830286283278838
2133,2.770274482958109e-14,5.343543898066669e-14,9.445783773335432e-15,0.6738639814546332
2134,1.3166963365928533e-13,2.2107884946420085e-13,1.2234592986507862e-13,0.6853742458391935
2135,5.654976964887739e-14,1.662490676388835e-13,3.0331176358125273e-14,0.6889063106500544
2136,3.9060342922791376e-14,2.684807001064259e-13,1.9309197308693583e-14,0.6766719673294574
2137,9.667656930810505e-12,1.33097845201947e-11,6.796895772249004e-12,0.6991748601663857
2138,4.252402641885902e-14,1.1976436138380575e-12,3.334097340797718e-14,0.6672903684462653
2139,2.78891783723645e-14,4.022164700457236e-13,2.986192413297128e-14,0.675722537538968
2140,7.224599051040474e-14,1.5265470228708782e-13,3.179095679998875e-14,0.682840916805435
2141,1.0735890782241295e-13,5.837429378124548e-13,8.976676256898097e-14,0.6849516059213784
2142,1.1434985305156447e-13,4.2966991596709833e-13,8.726523673556188e-14,0.7064500346314162
2143,3.2042390171083465e-14,1.3972331318625441e-13,2.7545543548030854e-14,0.6868470188346691
2144,1.5746684567518346e-13,3.596789403845664e-12,1.207604456107974e-13,0.67577279980178
2145,8.234412053884785e-14,7.087204626483733e-13,2.6545476092493873e-14,0.6809673689189367
2146,4.175383714982437e-13,2.6335751728473323e-13,2.944891565923096e-13,0.6893920344824437
2147,8.270303189275306e-14,6.260834862306182e-13,9.728606327557668e-14,0.677209027740173
2148,9.287679044483373e-13,1.2047136083734917e-12,3.31197896509063e-13,0.6818580355087761
2149,4.597678663925471e-13,7.212189906786953e-13,4.064054655368918e-13,0.6710543999040965
2150,7.742483898355382e-14,1.712217682159907e-13,6.16366451672416e-14,0.6817979239101988
2151,9.267882563774829e-14,2.530334801902766e-13,7.058664760663675e-14,0.6843454442569055
2152,1.1326838111617008e-13,4.3633867253908157e-13,8.448464953281219e-14,0.6953822636336554
2153,1.1111551981757017e-13,3.8970746246948677e-13,7.096813288794742e-14,0.6867958144517615
2154,1.240649084185742e-13,4.680795898814986e-13,9.100798116482384e-14,0.6779445551394019
2155,5.373306463258067e-14,3.694891441941085e-13,4.191918526655852e-14,0.6847032402118203
2156,2.9002637554239455e-14,3.8583966651501924e-14,1.6169698028328954e-14,0.6811444276419933
2157,4.704639914756288e-13,4.676463866297953e-13,2.699586207054204e-13,0.7178146065445616
2158,6.199794994194255e-14,7.757891610207006e-14,5.4350579498216944e-14,0.680574176722439
2159,4.6091014507366054e-14,9.619063510460141e-14,3.2065081049669e-14,0.6962310628267006
2160,5.971555412227312e-13,4.5078136851971023e-13,3.623810840689333e-13,0.727204360673204
2161,6.029352861585759e-13,5.300027599881068e-13,4.867442772002455e-13,0.6918215335696004
2162,7.745506886199832e-13,1.0390039704816186e-11,8.181719620007445e-13,0.6764086876617512
2163,1.4606217405949726e-13,4.740080849160508e-13,8.253363591584218e-14,0.6869182207097765
2164,2.2263781653334746e-13,2.4390691961258646e-13,1.5708571341596476e-13,0.6896929335140157
2165,5.4356547519694974e-14,4.121426883116314e-14,2.9912469317807035e-14,0.6806463560031262
2166,3.0408821672519833e-12,3.752385154432655e-12,1.4405091321349714e-12,0.71427838440286
2167,1.1585339370202852e-13,1.8625596002006776e-13,6.844326359379884e-14,0.6723913079651538
2168,7.019230994286812e-13,7.410685590264627e-13,4.4292249858640884e-13,0.7223113051615655
2169,8.377830561714863e-13,7.220923680408505e-13,4.3380482032242777e-13,0.7224964450346306
2170,3.428331595446257e-14,1.7885846098379042e-14,1.0719865573640728e-14,0.6810119856439997
2171,1.8511514899476704e-13,8.576830074587583e-13,1.0219441082857881e-13,0.6753230393864215
2172,1.014815069544869e-13,1.1368438184569204e-13,8.366714828596789e-14,0.6895814373448956
2173,3.1453294882023462e-12,6.126370256531178e-12,2.0854685965019816e-12,0.7161906210705637
2174,1.5295978000122308e-13,8.428821530903048e-14,9.472501284454253e-14,0.7043933452339843
2175,2.997762254797386e-13,4.246734693561642e-13,2.434757625888694e-13,0.6902735114097596
2176,1.7170797316734115e-12,2.969860672110231e-12,1.4073198609709264e-12,0.7129216735833325
2177,6.721791824048282e-14,2.3447596913396834e-13,4.587182674779799e-14,0.6729640108067543
2178,2.2952581639544785e-14,1.6804434294207703e-13,2.0069341376218086e-14,0.680163719021948
2179,4.8932888137161754e-14,5.4102021512954147e-14,3.5576466313806934e-14,0.6829704106377903
2180,4.659759347770779e-13,6.955699765539857e-13,2.2370049178931134e-13,0.702609648311045
2181,1.0382008449201416e-14,2.2992015278756833e-14,4.538457541538975e-15,0.6830580920970533
2182,9.114722357546988e-13,1.3493251033080044e-12,5.948014039823635e-13,0.6821903185627889
2183,5.905000151175086e-14,2.2844241934479867e-13,5.2487347497876973e-14,0.6802176665572915
2184,3.015140108662915e-14,1.3035223811656106e-13,1.4827382072443283e-14,0.6762370802403893
2185,2.2794891974583453e-14,7.827884569179284e-14,7.701598022003846e-15,0.6810442764661275
2186,8.929326368692152e-13,1.2354513413616869e-11,9.869047944544236e-13,0.6713365895207971
2187,1.4544545113814511e-13,2.8121096617125657e-12,1.0742951363189564e-13,0.6654711237264564
2188,6.786334279841119e-14,4.153686387404654e-13,4.89589061603483e-14,0.6733259418047964
2189,1.4189209788526232e-14,2.2565349920360288e-14,4.1886837053535866e-15,0.6827437461412046
2190,7.804850865756024e-14,2.668866120099447e-13,3.136264123976526e-14,0.7014336405787617
2191,4.343852462957625e-14,1.087786705134602e-12,5.0180628370768836e-14,0.6661027710710187
2192,1.2243057559743106e-13,1.2921920047280617e-12,8.011610075563158e-14,0.6811526168719866
2193,6.636116438745447e-14,9.140542949150421e-14,5.176910401572241e-14,0.6798229841282591
2194,4.658059176756116e-11,5.5781002798423365e-11,4.344243031966945e-11,0.692794237670023
2195,1.2117343482142746e-13,7.285978678157818e-13,9.906104785279954e-14,0.6670636943978024
2196,7.028400595724869e-14,6.693950633561686e-14,6.395416680349264e-14,0.6792486909369473
2197,5.842111695287471e-14,4.550256739390704e-13,3.2240096379220733e-14,0.6820765074284282
2198,7.592395720431681e-14,5.560178284049401e-13,8.566065900060404e-14,0.690359140955843
2199,5.4969092036447707e-14,5.933163096529483e-14,5.386255737232637e-14,0.6835409036953933
2200,9.045304880100114e-14,1.3996087474108597e-13,2.861386814335634e-14,0.7020991698023863
2201,7.997549498346559e-14,1.7512981811535204e-13,6.946312610181826e-14,0.6752531917532906
2202,3.8816351888785625e-14,2.4170571743861898e-14,1.0722109156340357e-14,0.6844243010331411
2203,8.59426334463358e-14,5.037318650649171e-13,3.575809832587267e-14,0.6829697650973685
2204,1.0873109990081505e-13,8.08556057871293e-13,6.339615583900501e-14,0.6594258222816279
2205,1.2590813261850986e-13,7.890071870490781e-14,1.1124794483709222e-13,0.6852599019708577
2206,3.892655315153635e-13,4.346966848602375e-13,2.458460212415819e-13,0.7481408261694014
2207,1.3985433039132552e-13,2.1313850537655782e-13,4.798310910928074e-14,0.6816277196980082
2208,1.79539514905529e-13,1.952189063250773e-13,1.2439676241450846e-13,0.7015651398105547
2209,3.0394010080033937e-13,2.585134605141608e-12,1.5377102419263251e-13,0.6697937877412187
2210,2.2294248736415445e-12,2.7845496177255124e-12,1.2933618051551534e-12,0.7035327887628228
2211,7.572278497011141e-14,2.301882252966628e-13,4.7061173732906156e-14,0.7086129423347302
2212,5.845043090399527e-13,2.2619171598287673e-12,4.2879392004262957e-13,0.7017232828191482
2213,6.982522128204071e-14,5.405593620812787e-13,6.073044527585454e-14,0.6714256462873891
2214,2.901653268365461e-12,3.1454806059865944e-11,1.1421391748630343e-12,0.6902795042085927
2215,1.6385417730856983e-12,1.1902397759631743e-12,1.1656268176401324e-12,0.5937421122478554
2216,2.112562321035646e-14,6.910548929131995e-14,7.781567409210907e-15,0.6798983383632731
2217,3.169461132585063e-14,1.420240190309125e-13,2.3984055636831115e-14,0.6749174925265834
2218,1.2712768875203332e-13,8.407539275343742e-14,8.490062600190547e-14,0.6876116528350394
2219,5.631920251171092e-14,2.1346242189537169e-13,5.203032733051379e-14,0.6708675238653086
2220,4.3112727776884694e-10,8.229548060164422e-10,2.0120326956055655e-10,0.6905781595909503
2221,3.8435739751205995e-14,4.086428538057134e-14,2.9872743585817797e-14,0.6948382014175877
2222,1.2719891134865413e-13,1.755384058573809e-13,7.409097801680638e-14,0.6836239170399494
2223,2.522476721709279e-14,3.708820009419552e-14,1.600519612094969e-14,0.6845192155102268
2224,8.630552452013782e-14,2.1830971014275284e-13,8.011932522474852e-14,0.6831340572622139
2225,2.2867479350416502e-14,8.532742417342262e-14,1.716047823911083e-14,0.6822234114573803
2226,2.231228808889989e-12,2.4541495346668603e-11,1.2421221206791285e-12,0.6740076002140996
2227,3.142742053841753e-14,7.813392798244246e-14,3.1032917275964074e-14,0.676101627969183
2228,5.408831582585164e-14,6.680916375679752e-14,1.606468997883698e-14,0.6820431775471661
2229,6.487198979216418e-13,1.9209016419593943e-12,4.204772771032299e-13,0.6596886815852485
2230,5.3460909429800414e-14,2.724491982119121e-13,2.7682272282306096e-14,0.6763718478148804
2231,2.094638622739147e-13,9.447968608630732e-13,1.5039040281788636e-13,0.6804461420571897
2232,2.441949476649506e-13,9.746016694350417e-13,2.6519793931455925e-13,0.6325243967134156
2233,3.67189387866281e-13,2.6350497426853574e-13,1.9545631314036727e-13,0.7017310429248027
2234,4.993604756479454e-14,1.377704859522838e-13,3.5862349710523803e-14,0.6810067461978179
2235,9.62233670829892e-14,1.6382557617498953e-13,5.0361149754285473e-14,0.7029312248690985
2236,1.4370411538348493e-14,2.333269322286094e-14,7.992519372212028e-15,0.6808125005394686
2237,2.1439851693755168e-14,1.6530386678878975e-13,1.3292662339907187e-14,0.6846027524326928
2238,2.2177466273811075e-13,3.736248537795669e-13,1.2502758473268084e-13,0.694067851442378
2239,6.073169070132737e-13,8.301562960241226e-13,4.4003178410074067e-13,0.7423394958022982
2240,2.6038743951810274e-14,3.787918488458351e-13,1.3685544959251873e-14,0.6749404071073514
2241,1.859603415425046e-14,1.3432144118628908e-13,8.132667226087723e-15,0.6814989983686246
2242,1.4041324765074338e-13,1.635100237326067e-13,7.760978415790671e-14,0.6957999202772044
2243,1.0048230006612705e-13,6.104676122936772e-13,7.977013125186996e-14,0.676246388675645
2244,7.48082365975713e-14,6.68421662366278e-13,5.911424733274901e-14,0.6726661888300441
2245,2.9765122732476723e-13,1.3557716657964155e-12,2.0588917033265662e-13,0.694336451619165
2246,8.16139127245621e-14,1.196675496639366e-13,7.168944515625472e-14,0.6915437968214974
2247,3.855891720633981e-13,7.410877989895869e-13,2.4592056817974106e-13,0.6992507574497722
2248,1.5219113941382895e-12,5.685441471759349e-12,1.1220318105161447e-12,0.6841453675820958
2249,5.93995914367042e-13,3.749393940705655e-11,9.979938858197624e-13,0.6594450385920936
2250,1.9811415006220227e-13,1.4517596707924608e-13,8.633558295153493e-14,0.7058931020204909
2251,3.1384373675257516e-14,5.394286850980178e-14,2.406702315001592e-14,0.680045114812674
2252,5.224651544551874e-13,8.915428331808988e-13,2.833194915886137e-13,0.7067422509659081
2253,2.517676543054733e-12,3.4036004513669107e-12,1.7014402101333749e-12,0.7192964690038934
2254,1.118228055451942e-13,1.247690443657926e-13,4.1898844879460656e-14,0.6952551393886097
2255,7.899063130951419e-14,4.3552316210567095e-14,6.42028725505726e-14,0.6861606281017885
2256,3.3349410126609635e-14,1.697721558728963e-13,2.5767360892496654e-14,0.68392502280185
2257,3.41188859452226e-14,3.625059110052792e-14,1.2663394275126385e-14,0.691829794383375
2258,2.354752051223595e-13,9.838789623971742e-13,8.880916733626472e-14,0.6867443499038928
2259,1.0240347235920561e-12,1.4262952550046077e-12,4.513737161228914e-13,0.6938216266338714
2260,4.676289851737236e-13,7.73511226969969e-13,2.1367189676082958e-13,0.7207846954697743
2261,2.3943788355776063e-13,1.0767915790322963e-12,1.3170381745146848e-13,0.6172160694681225
2262,2.8317062145142737e-14,2.66885240152092e-13,1.5805906646576294e-14,0.6830843477975577
2263,6.194832672467959e-14,1.7756982514683465e-13,2.6177982162310402e-14,0.6839058522891719
2264,1.5188211713403584e-13,1.5454163094417564e-13,1.189645835357757e-13,0.6873529683682136
2265,2.438174275232994e-13,1.0042428005078043e-12,2.274514237037971e-13,0.6728273479064228
2266,1.5785922263999227e-13,1.3341746797818833e-12,1.5918561160170224e-13,0.6797502253612038
2267,3.048743011129729e-14,2.8642853592726566e-14,1.167109402254854e-14,0.676463736128062
2268,2.510171997061607e-14,1.1082306104499476e-13,1.5875952858313138e-14,0.6809889238153118
2269,7.416787068370344e-14,2.0147457197814922e-13,3.755867969234911e-14,0.7097803468932398
2270,2.87191766744633e-13,1.8981827288352088e-13,1.5506471305627628e-13,0.6832914479949977
2271,1.5196014230159185e-13,1.8337121630181893e-13,1.3187183455093332e-13,0.684380788722774
2272,4.485079880042374e-14,6.050999173019586e-14,3.925269911010666e-14,0.6874271559237968
2273,1.766156712980952e-13,1.7622681725410581e-13,1.5625410560365636e-13,0.6977812191005797
2274,6.9959728942966e-14,1.5512099185456777e-13,6.029087035912534e-14,0.6980327376630158
2275,2.5026148353137034e-14,3.36767766820196e-14,1.657365434256098e-14,0.6813309193705208
2276,1.7619469278976934e-13,1.4137082126127898e-12,1.9040898871983767e-13,0.6874597170331981
2277,1.4338207173949662e-13,1.14020215697412e-12,6.176334601456945e-14,0.6911759312031791
2278,4.5540441263195524e-14,1.1680884536997502e-13,1.5577766822411387e-14,0.6792870672012213
2279,2.4408674928901875e-14,1.4053616658716214e-13,1.0878127527959396e-14,0.6940449630026706
2280,2.4753423089383022e-14,2.2218729899128082e-14,1.258163883392376e-14,0.6815994832897558
2281,9.029981717782896e-12,1.472686766686835e-11,8.122607037252036e-12,0.697765148174949
2282,7.479564564776314e-13,1.519626816518176e-12,6.750621048741413e-13,0.635473478071799
2283,1.8297366338749103e-13,2.6318994462603206e-13,1.3281164960543274e-13,0.6906004023330752
2284,4.928176982554509e-13,9.549189418376929e-13,3.719045187224337e-13,0.6761345417471603
2285,4.82390296303541e-13,2.2154612389030044e-12,4.660262871817758e-13,0.6944639392080717
2286,4.533948029133365e-14,6.089317832061927e-13,2.330235572204983e-14,0.683900801447453
2287,6.424328858989913e-14,2.8083080954215065e-13,4.952528798735373e-14,0.6786666065920144
2288,5.922404958901983e-14,7.173123444743372e-13,5.614997162809985e-14,0.6706687127181794
2289,1.7847702734924584e-14,2.8408085669223718e-14,1.304123252766676e-14,0.6816748267854564
2290,3.244000359246316e-13,6.835349827923716e-13,2.715484835503545e-13,0.662970775651047
2291,1.477954921208143e-14,2.8318793271480484e-14,7.684022959472176e-15,0.6835294112854171
2292,6.784292858013763e-14,4.745146465722351e-13,4.0599105553366856e-14,0.66919108889997
2293,4.299785549969507e-12,2.2881774739627696e-11,3.0187266441567526e-12,0.7483671186026186
2294,1.5083284374301763e-13,1.179067272355336e-12,1.15771119865289e-13,0.6724406057037413
2295,3.1565960909336743e-13,4.92041756818911e-13,2.9426873343921174e-13,0.6905601578531787
2296,8.446450494263273e-14,2.858724019253424e-13,5.190839813790378e-14,0.6809984016697854
2297,8.823991729451103e-14,8.634246664629101e-13,3.336424855345602e-14,0.6725751141668297
2298,2.1449349092253352e-13,2.2783881360048544e-13,1.7826820827732177e-13,0.7090576319140383
2299,8.526308963568609e-14,3.5525364766963457e-13,8.433913344463156e-14,0.6819450746581424
2300,1.647202798275197e-14,3.408997845030978e-14,1.0486403061476428e-14,0.6821551596163772
2301,2.4730176646704126e-12,3.1716227039236372e-12,2.521489883013285e-12,0.6980626984499395
2302,1.1990941523613144e-13,1.3089051004967474e-13,6.320865623907411e-14,0.6848790920630563
2303,3.3704476922075884e-14,8.219381594264672e-13,1.785696955949297e-14,0.6719832465227228
2304,1.475135706325419e-13,2.495495344103998e-13,1.6279473712038697e-13,0.689560629625339
2305,6.141773177452631e-14,2.459983496728748e-13,3.123911712295898e-14,0.7066186669515446
2306,1.9621194287856511e-13,5.369439322463111e-13,1.881351788481846e-13,0.6814847026951611
2307,5.207457457442402e-14,3.836849882772148e-13,4.576680887055612e-14,0.677624172985088
2308,1.6680323382722958e-14,2.23899625615944e-14,6.679259744470505e-15,0.6830176637275145
2309,6.122497589512867e-14,8.521562214092617e-14,4.1140954716263936e-14,0.6767047824163456
2310,3.7824739616563796e-14,1.1246209093432053e-13,3.029931679941245e-14,0.6802858334674966
2311,2.0061796975252913e-14,1.9026062197128035e-13,1.8539956911860704e-14,0.6843097736593335
2312,8.473561397060169e-14,4.3009302178314187e-13,7.668042628913673e-14,0.678082698828075
2313,5.253633925684677e-14,2.1257455780958518e-13,3.144070589372347e-14,0.6841867478273344
2314,5.6470374115024105e-14,5.485968655464172e-13,5.481171678959961e-14,0.6826775628374889
2315,2.308242833182832e-13,1.9916077967921425e-12,1.2801153141211877e-13,0.6734335737943183
2316,5.2927188993402563e-14,1.0706573239894326e-13,2.924529385061206e-14,0.6958755523897707
2317,9.780902690490572e-11,8.28078002428889e-10,8.733940804246444e-11,0.6801562984997872
2318,2.160789172124343e-13,4.633063082812178e-13,8.776190116934645e-14,0.69328079445404
2319,1.0686925653151577e-13,9.255082862055142e-13,8.270906470743186e-14,0.6816141383023933
2320,1.476883108848978e-13,1.0926791713423702e-12,1.28069411193189e-13,0.6766003495722543
2321,9.112111380220166e-14,2.0437717224768088e-13,6.471410551357318e-14,0.6877629040041938
2322,3.998563324839986e-14,3.622699900661739e-14,2.897682544538723e-14,0.6824695396760945
2323,4.779913992038309e-14,5.69649608429068e-13,3.696715584091313e-14,0.6808953860891052
2324,5.559138496701727e-14,1.1645365959784052e-13,4.7416592018045474e-14,0.7024720023851841
2325,1.8297415480454997e-13,4.857485488045174e-13,7.592262657975688e-14,0.6964739056071266
2326,1.027725453831658e-12,1.0900418072375273e-12,5.72836412367701e-13,0.6751131232304033
2327,1.2533794986782324e-13,8.27960805757887e-13,8.460762958586981e-14,0.6820648518041708
2328,1.830128833892552e-13,1.838229010569484e-12,1.7609085409810483e-13,0.6726858659181744
2329,4.4173998670615545e-11,5.711754570365422e-11,4.116611185461656e-11,0.693734542792663
2330,2.1312649985572304e-14,2.6184513781026085e-13,1.2873280039166249e-14,0.6811991778842639
2331,1.039773845612557e-13,3.8544895330618884e-13,8.706904636008427e-14,0.6776760915992781
2332,4.3469121686733026e-14,2.2524252350912107e-13,2.5372110140579168e-14,0.6857424376532435
2333,2.87234690098808e-14,3.819772034954282e-14,1.4355379189729413e-14,0.6824815897154621
2334,3.1806416829444947e-14,4.397469467073079e-14,2.106962033608635e-14,0.6732024922966957
2335,7.652621579394308e-13,7.548040007426467e-12,6.652600045321559e-13,0.6887202137324493
2336,2.741078388617312e-12,3.71452093040835e-12,1.8399776690888796e-12,0.6812432654493022
2337,1.821442603011329e-13,2.21020270795398e-12,2.0092624741048758e-13,0.6903863897023257
2338,1.1104980818423073e-13,1.0033254146751839e-13,1.0809201656002187e-13,0.6867295281612315
2339,7.69805416958975e-14,1.0217571684868005e-12,5.671008693069252e-14,0.6795915144786704
2340,8.185020363478595e-14,1.4201401810037697e-13,4.428309198199487e-14,0.6951334677636624
2341,1.6618863388571768e-14,3.518303062362121e-14,8.361507949152016e-15,0.6805066220054868
2342,9.435662499756747e-14,9.821889419329488e-13,6.109049148632577e-14,0.6802508504188154
2343,9.198327116570747e-14,2.2120336835325586e-13,7.351100576096244e-14,0.6878418800944928
2344,8.646539885939423e-14,9.162739555788742e-14,7.949325460310874e-14,0.6798718335165177
2345,8.458114626505591e-13,5.421525237478874e-12,7.66048670699299e-13,0.6891338944027666
2346,1.2279201201819754e-12,1.3730583851563758e-11,1.0455732137765737e-12,0.6874437361664605
2347,2.0448060389088932e-13,7.095720906578955e-13,1.3060035313077219e-13,0.6938244597171433
2348,3.05216432997519e-14,2.5792169590429423e-14,1.795297838495482e-14,0.678777696605539
2349,3.667321427461987e-14,1.7531662051582404e-13,2.528526770563016e-14,0.6842068567406386
2350,3.186919994405121e-14,3.7840264258165185e-14,1.3169899225675163e-14,0.6822222760529257
2351,2.320746379648103e-13,6.693553973652226e-13,2.0219870372393904e-13,0.6665963278937852
2352,2.185663478629044e-13,1.0121037034370578e-12,1.588532050858268e-13,0.6985828438540921
2353,5.132572605504852e-13,1.0617678845183592e-12,5.581194849864224e-13,0.7233961505815387
2354,2.7353518302821174e-13,3.69954030509964e-13,2.0227817106512796e-13,0.7253448803443462
2355,7.57516776084388e-14,5.125744772374624e-14,4.9723559139476753e-14,0.6946966859395616
2356,3.457560185986788e-14,3.4232274251258134e-14,1.3442723108942352e-14,0.6868026592885144
2357,1.1131116298004894e-13,1.1221814144835343e-12,1.0589076128052423e-13,0.6773800938448403
2358,7.984947745652508e-14,9.518640603094961e-14,5.6778188262077184e-14,0.6807510416198056
2359,5.601965485624399e-14,6.89934352240458e-13,3.361517579114891e-14,0.6797489963064436
2360,6.581279963076207e-14,1.6164293305583325e-13,2.945367417011252e-14,0.6823253860347904
2361,2.36402915127182e-14,4.7584157055582805e-14,1.4578968250892354e-14,0.6831153602513951
2362,6.322220636270011e-14,8.259900890878481e-14,5.204970808261059e-14,0.6934793164487928
2363,1.7880323813508417e-14,1.8540445340476634e-14,1.1109329882206962e-14,0.6802316748013254
2364,3.2905147500428056e-14,1.1171031140869121e-13,1.704441964988296e-14,0.6827722131682095
2365,5.832335407613641e-14,2.498305024195291e-13,3.164717211010581e-14,0.6819431466283277
2366,4.485726287418368e-14,4.883316666202657e-13,4.0848855131280075e-14,0.681068182818126
2367,1.5904909667054533e-12,5.7468236563436e-11,2.3068822252314692e-12,0.6558688515389803
2368,7.546072846219953e-13,1.1090426416962909e-12,5.29993023795771e-13,0.7049980433192105
2369,5.394493801768413e-14,3.751050794544251e-13,5.5253332813885477e-14,0.6615014004899422
2370,6.970137468891309e-14,4.9649434553558985e-14,5.260408882509263e-14,0.7139622284914366
2371,2.3440557578425645e-14,6.927634030516179e-14,1.7226910478632106e-14,0.6836956425686367
2372,7.351325844442234e-13,7.968757763484975e-13,4.2132214247633244e-13,0.690967067796737
2373,1.1727501028889284e-13,6.069619342893941e-13,8.845828398791436e-14,0.6762748803885188
2374,6.940645371401111e-14,6.823011829597515e-13,3.06235074969205e-14,0.6714053654635791
2375,1.882955247897289e-12,3.3541484790150686e-12,9.204277427205245e-13,0.6268251268484164
2376,3.1990160928717456e-14,7.105263747970697e-14,2.763358943987572e-14,0.67819413463003
2377,2.9003376215957653e-14,4.767697677139066e-14,9.345870886853653e-15,0.6813762512698304
2378,1.685105527527397e-13,4.827411231290292e-13,1.9679920894135703e-13,0.6861824205028825
2379,1.0013445794324161e-13,1.3689284292979786e-12,1.0711529838433071e-13,0.6775116905278992
2380,1.70160797934568e-14,1.3888536811915533e-13,1.2714115983417595e-14,0.6704887430561939
2381,2.5315943426899994e-14,2.8284388472810652e-14,1.767602822142012e-14,0.6809514878026676
2382,6.888768420247579e-14,2.0114736160578734e-13,2.9247458542434944e-14,0.6973050583037548
2383,4.751229131220683e-13,1.1097747962856424e-12,4.170606117519585e-13,0.6631297794170677
2384,3.982966287188587e-14,1.8637993437798058e-13,4.152576514571409e-14,0.6780563747801353
2385,6.468345574336241e-14,4.0677467016019256e-13,3.0340200112696e-14,0.6833952638611663
2386,1.138970242827253e-13,2.557390182176647e-13,7.28908320539108e-14,0.6898325323243626
2387,3.677505682941588e-13,6.650029260554723e-13,1.461338638277922e-13,0.6939363791665528
2388,5.920676847936922e-14,2.454929742807992e-13,4.3020283117485763e-14,0.6763342128309887
2389,3.472603531121413e-14,7.287722724157656e-14,3.138137759466362e-14,0.6845098233374302
2390,3.6123357807662923e-13,5.582168229420715e-13,3.117700237694989e-13,0.7006135083734989
2391,1.3445875111083337e-12,1.5037294782886033e-12,1.1158640656612104e-12,0.7303942622849717
2392,3.5351358686436004e-14,2.8038955656554666e-13,1.6658554526441008e-14,0.6822376720025204
2393,1.293445418647961e-13,1.441502460741617e-13,1.028630245527661e-13,0.6904202645586338
2394,2.074837295508697e-14,4.963740603218724e-14,1.8463922213678806e-14,0.6816950283013284
2395,1.0124597347198513e-13,2.5756835396467444e-13,8.556934950147712e-14,0.6735053164127749
2396,4.048697915336456e-14,6.535054069115836e-14,1.4380680371216947e-14,0.6824525194766465
2397,1.867171302525156e-12,6.691789517214164e-12,9.994095337750745e-13,0.704936521674972
2398,1.8255861938583256e-13,3.924193411411078e-13,1.4619851979944852e-13,0.7034402742632665
2399,2.0929373143975053e-13,4.184198977905826e-13,7.864639876829639e-14,0.691476110718213
2400,1.3879949113149326e-13,6.146647260796567e-12,1.545797392123566e-13,0.6606162764859619
2401,4.717276209601518e-14,1.9988792033812493e-13,2.712306862649227e-14,0.6894749552069698
2402,1.341190261568219e-13,8.988216834717445e-13,1.0908302395645629e-13,0.664929105527699
2403,4.413556686980499e-14,2.1533339211166797e-13,1.9801196251966453e-14,0.689335267257411
2404,3.1199148762247783e-13,1.1726877917716692e-12,1.8256096215370771e-13,0.6888298490375746
2405,1.8799641268835588e-13,1.460448185214818e-13,1.584478630453887e-13,0.6651637399016181
2406,2.2817344572666944e-14,1.647554650027353e-13,7.404330844707834e-15,0.6854840040963609
2407,1.8403583225105277e-11,1.383198550634025e-10,1.2043529029988996e-11,0.680123657808872
2408,1.1990189360668968e-13,1.2775383939791498e-13,4.9256368105801236e-14,0.6971585835330188
2409,1.7038737983695051e-13,1.390296975550226e-13,1.3326286736510507e-13,0.6833382306096609
2410,1.2026836580644507e-13,5.73361403692625e-13,8.162080574341089e-14,0.6947847082046792
2411,1.5720189123069697e-14,1.6406518919076406e-14,4.569212644007956e-15,0.6819271140149794
2412,5.693879391343957e-13,4.196650620462342e-13,2.675385625337222e-13,0.69670852557756
2413,6.48159379822585e-14,1.645005678548766e-13,6.685790971812029e-14,0.6960157992085442
2414,4.0888680492423746e-14,7.366019021196626e-14,9.347332075274152e-15,0.683173035114305
2415,5.771582018138753e-14,1.0243170495189726e-13,2.8003207379438357e-14,0.6907578677055426
2416,4.962880868510976e-13,7.663491014597531e-13,4.208412512913995e-13,0.719510727445595
2417,2.1919322187193506e-11,4.158396874034773e-11,1.3874789820996069e-11,0.7247901964001358
2418,3.6367353787405574e-14,2.0111942090400113e-13,3.1124089334791855e-14,0.672515600634506
2419,1.2297082126530675e-13,8.446694798850951e-14,6.876109781796301e-14,0.6804634549363981
2420,2.19125421920595e-14,2.7252329723248028e-14,1.2489590899588169e-14,0.6844244571344461
2421,1.1947449737346226e-13,2.6717087703644335e-13,7.697395434797011e-14,0.7182551647536457
2422,3.172998456295841e-14,2.855362738000493e-14,2.2616335843499664e-14,0.6801801551016979
2423,3.3417103443221924e-14,4.624323445722368e-13,9.764175181457354e-15,0.6791318356175907
2424,2.3595493259330263e-13,1.8632738551553286e-12,1.7729442021111208e-13,0.6717594463785644
2425,8.771647428193795e-14,2.1284485288540889e-13,8.541979158669809e-14,0.6928991749708076
2426,5.0495918514519173e-14,6.476458021068738e-13,1.9181601813636428e-14,0.6876250634260941
2427,4.148524394738758e-14,9.967015410253356e-14,3.877585122749642e-14,0.6855271851818543
2428,4.566267118503924e-12,6.191367310652921e-12,2.7957058130260093e-12,0.6985564116155729
2429,2.0044301307074422e-13,1.1191931006459232e-12,2.283649822162389e-13,0.6842893676133827
2430,2.60501303810927e-13,1.171646449833571e-12,1.8609142739089456e-13,0.6755367432313506
2431,3.926190214085926e-13,3.664975502999596e-12,2.4664115578608305e-13,0.6833566899877042
2432,1.3218051181006563e-13,7.10338947150553e-13,9.577981049160198e-14,0.6929845278267749
2433,1.6373449645507422e-13,2.3827812580427524e-11,1.8469494106332037e-13,0.6564798523730133
2434,9.146487765409627e-14,6.42070481855808e-13,8.118572029930268e-14,0.6727101636264706
2435,3.784027555971843e-14,1.3463475241903482e-13,2.7049281964633383e-14,0.6748487956938334
2436,2.025904998381898e-14,6.89167724867181e-14,1.0639442451111769e-14,0.6754048945615068
2437,2.651386568574902e-13,1.1110281122418291e-11,3.241918871243755e-13,0.6610163371922682
2438,7.368703721325429e-13,1.212725230949771e-12,5.209739924880514e-13,0.6268361034861301
2439,1.3570255600353378e-13,7.772653062555321e-13,7.606758143202077e-14,0.6741959051549202
2440,5.447855149911202e-13,2.133092482898093e-12,4.655319754903474e-13,0.6863283201179001
2441,1.0200258776046007e-13,6.858475274340882e-14,4.002087052691403e-14,0.6902381163497922
2442,7.460278949278225e-14,2.7549313689456227e-13,6.935147580357218e-14,0.6880573277245275
2443,2.0084785146381355e-13,1.277777469683923e-12,9.280324282634508e-14,0.6812051441695075
2444,5.2834482180474785e-14,6.523174633565244e-14,4.426925665178775e-14,0.6888006175053306
2445,4.59705298028473e-13,9.159210883012416e-13,3.246474954038117e-13,0.7112103291437961
2446,6.865998621503143e-14,5.106233110030926e-14,5.230651609699917e-14,0.6834230250795372
2447,1.5142655642022176e-14,6.311289830034456e-14,7.338892509580186e-15,0.6831736553926021
2448,1.3874020263680355e-14,3.0793560561318633e-13,1.1417843392843615e-14,0.6774239211285021
2449,1.3142263716886017e-13,4.823336783083289e-13,1.3281201913877173e-13,0.6840925807831809
2450,5.344790794609943e-13,6.451804331290277e-13,2.9739713275741775e-13,0.6908992280426901
2451,9.314967945096035e-14,7.869613512569774e-14,7.315090236449371e-14,0.6964933282113634
2452,5.323596820069484e-14,4.948361732556842e-14,2.088958295228883e-14,0.6866634883685038
2453,4.437308168893861e-14,1.6299224818206202e-13,3.069065531802901e-14,0.6761919103795663
2454,2.310900344316206e-13,5.78128264279094e-13,1.8271238341910104e-13,0.6765604753571097
2455,1.526082766186555e-13,1.4068587738074823e-13,1.1553758467983675e-13,0.6749409711861517
2456,3.7032956397865366e-14,7.032873757055986e-14,2.369153891470836e-14,0.6829331616580021
2457,5.706806328316816e-14,6.30471773797149e-14,2.2612702367946364e-14,0.6823483268904965
2458,3.036821577554631e-14,1.0810317636746412e-13,1.5805437856200128e-14,0.6788433117500972
2459,6.088845956192736e-13,4.3162706971359455e-13,4.4312519437277315e-13,0.681319679034641
2460,2.07969248466268e-12,1.3106906535348323e-12,1.2295322519090801e-12,0.7185084995115176
2461,9.850483270844093e-14,1.4662157415112487e-13,4.279972525165985e-14,0.7043223692337051
2462,6.879014038053011e-14,1.1249971680991785e-13,1.7528186889670627e-14,0.6898199807852506
2463,4.031784378092621e-13,3.985641018560835e-13,1.4740437749860583e-13,0.7083172104903497
2464,2.76746713837441e-12,4.7006500726589734e-11,2.4819758855054954e-12,0.6853068448195699
2465,2.7619262424937394e-13,8.512792607279273e-13,1.3333291580219158e-13,0.6687879712524591
2466,1.1252244215963895e-13,3.524046361705345e-13,5.964875028984883e-14,0.683617135102395
2467,6.533360439123787e-14,5.605973032457896e-13,2.919423804132308e-14,0.6790592523291707
2468,3.21507743291374e-13,3.0525573156177733e-13,2.898061861147783e-13,0.669366167334374
2469,6.08716714793237e-13,3.1289411154654647e-12,5.666009173633069e-13,0.6787695677310694
2470,4.6020587609486656e-14,6.236117749484523e-14,3.177993804367651e-14,0.685890051885508
2471,2.851054929056362e-14,1.5023311617866912e-13,1.8222774090395952e-14,0.6838629772770218
2472,2.3111342083446972e-14,3.773406137857459e-14,1.0041733515533147e-14,0.6833888163208031
2473,3.0564244099125784e-13,7.472148363757117e-13,1.5796775375485315e-13,0.6958974420384039
2474,3.094772521451746e-14,9.302397858437543e-14,1.9683250471469195e-14,0.6842182159831282
2475,3.977907751089173e-13,4.766918006544146e-13,2.659447437099516e-13,0.6986410616082139
2476,2.2490302469537308e-12,1.9179550760236857e-12,1.8706524372016702e-12,0.662149478145875
2477,3.9348612707448114e-14,4.4199473232581263e-13,3.2977150307642264e-14,0.6857560450211168
2478,2.9874413774843475e-13,4.1865507844656423e-13,2.041382826179682e-13,0.6987916350946761
2479,3.5327917013713e-14,2.0246230971564536e-13,2.2650431315484322e-14,0.6919910724158399
2480,5.186505139385429e-14,6.530971448061461e-14,3.0314833480601604e-14,0.6586779428529553
2481,3.196616315950257e-13,1.0222349756390336e-12,1.8364905336793272e-13,0.7018923137802631
2482,4.771936195094641e-14,5.873807993306321e-13,2.1938082659422605e-14,0.6808308763313107
2483,3.262785337670808e-13,1.0640779231630508e-12,2.4749835369676943e-13,0.6927262153069023
2484,8.659765565811495e-14,1.7245417483483275e-13,3.3445298132652224e-14,0.6984066891833208
2485,7.516255471901028e-14,5.803944885767212e-13,7.031984557555927e-14,0.6694106797134737
2486,3.218805361631479e-14,7.954409791738536e-14,3.001833764309698e-14,0.6757492657809052
2487,1.8814736975222875e-13,4.2459231067644594e-13,1.9035166935037098e-13,0.6918937772046775
2488,4.981317292363836e-14,4.771921945738888e-13,3.3187047239418777e-14,0.6885993016418069
2489,6.426164887273677e-11,7.30538174912415e-11,4.720924312687359e-11,0.7232170953182504
2490,2.5375913926982317e-14,2.8723475000671877e-13,1.9336506379255436e-14,0.6871256838669069
2491,2.8283993683988567e-14,3.653136727052269e-14,2.4140169514434987e-14,0.6812721159250941
2492,1.025719634364186e-13,6.236585627931062e-14,7.916268319211466e-14,0.6836485700914636
2493,1.0187718405445607e-14,1.9815908008372218e-14,2.928310374950882e-15,0.6828499449591618
2494,5.75754871429204e-14,7.04197255606976e-13,2.118607913620182e-14,0.6751038903312292
2495,3.3028335646044747e-14,1.403297428985719e-13,2.1089605239370183e-14,0.6763731035054661
2496,8.434006366199905e-14,8.960516151107822e-13,8.860846586531701e-14,0.6697676999581745
2497,2.82203027426744e-12,3.0273452703995584e-12,1.5700685480775555e-12,0.7171851679217071
2498,3.991725410963685e-14,3.203530085233845e-14,2.9159745292592026e-14,0.6799617520533502
2499,2.288023707908757e-13,1.7749520169868244e-13,1.654672635023212e-13,0.7057695426628925
2500,2.0800140612668239e-13,1.1016375524404703e-12,1.587706359181511e-13,0.6980197010096163
2501,5.851743990752906e-14,6.793295875354859e-13,3.7133532809344616e-14,0.6859354464220815
2502,1.6395804151255977e-13,3.4696932199505655e-13,8.093578576588694e-14,0.7008480243501254
2503,3.2405599453873376e-12,9.247303851693822e-12,1.563349564643227e-12,0.7095153812668287
2504,1.0320867522379005e-13,1.9413612690212414e-13,9.799730629281295e-14,0.6720258659595857
2505,4.5449191876497443e-13,2.2723828799279948e-13,2.68664934760688e-13,0.7075772410607897
2506,3.383195114866473e-14,6.160722406309807e-14,2.2213041171433093e-14,0.6793036729155574
2507,3.575189314604094e-14,1.4977602889070396e-13,2.0632065837184006e-14,0.6834899109904654
2508,1.0957867692567893e-13,1.3904849321732299e-13,6.036217571974904e-14,0.6810253110772464
2509,8.469247250971894e-14,8.022207105120375e-13,6.647989739408393e-14,0.6756055508740246
2510,2.6298567973587644e-13,1.594709499868342e-12,2.1196823498165216e-13,0.6826115354720969
2511,5.0957537699296055e-14,3.4244439092168305e-13,2.6472827592725928e-14,0.6803449612867553
2512,1.392122281630996e-13,6.991239151272632e-13,1.0593700600170087e-13,0.6645236469834345
2513,4.7687111414197205e-14,3.5723746872478523e-13,1.816367215635361e-14,0.681201234436594
2514,8.504709691057816e-14,2.3192658420869096e-13,5.268890064922426e-14,0.6770314104272984
2515,1.1974552310567308e-13,4.560913634835189e-13,8.732364210385444e-14,0.6802788650442381
2516,1.5266027211024951e-13,8.407145465272615e-14,1.281930437204374e-13,0.6837334804644343
2517,2.8331551053130183e-11,3.43389831716941e-11,2.8576208984106767e-11,0.691011700918898
2518,5.599138495919645e-13,6.058536281298613e-13,3.8382978144002946e-13,0.7223682101117447
2519,6.454972971814046e-14,2.786808333641265e-13,2.907776977217125e-14,0.6868617832835298
2520,6.583634463283769e-14,4.341053216960119e-13,3.961000936248082e-14,0.6680637831246713
2521,1.1850595263325903e-13,1.8444952634464127e-12,8.071935485586544e-14,0.6680369944719132
2522,6.850209222822521e-14,1.6882152625601666e-13,3.2123075271493373e-14,0.6836543255485594
2523,3.2067888517583597e-14,1.8106168777307015e-13,1.441971020784304e-14,0.6742217640043237
2524,1.7932383504272997e-13,2.9987026077032547e-13,1.1938561718988375e-13,0.7243024771567435
2525,2.2705031591281e-14,1.3623063322337766e-13,1.9368235314472795e-14,0.6784941942605656
2526,3.714222871777858e-14,3.367150930739973e-13,3.292589578785889e-14,0.6867865111038555
2527,3.8834109201107295e-13,2.7697046975110827e-12,2.0300410426015826e-13,0.6545175650739111
2528,1.937800559945553e-13,3.5661937537012293e-13,1.631947904691361e-13,0.7375861261971295
2529,1.6425720849804156e-13,4.1963248130995415e-13,2.496914829324107e-14,0.7178809297736735
2530,1.2377381319932844e-13,2.3075845275423233e-13,5.627710715202355e-14,0.6946965220617131
2531,1.6891014281103091e-12,8.169303540837179e-13,5.045310901780338e-13,0.6782330682501196
2532,6.745055954329431e-14,8.852543531948413e-14,4.2139483552334155e-14,0.6861716996238101
2533,1.539205048516109e-13,5.993767960235283e-13,1.0080515714269735e-13,0.6812822174688336
2534,2.1591883173098102e-13,2.0269448091223657e-13,1.8963574376054903e-13,0.707083020801656
2535,5.695128162128603e-14,2.3529973134543396e-13,5.006175428018815e-14,0.6851260816736613
2536,3.1399420748836143e-13,2.6721706471072766e-12,3.641223391783549e-13,0.6770025760517455
2537,5.647097997793062e-14,1.3874481529869737e-13,3.888193060685701e-14,0.6825741110020317
2538,8.163059679234176e-14,2.2736611268036652e-13,5.260064318036307e-14,0.6911472834297456
2539,2.7033584179298383e-13,1.9419312119476036e-12,1.3116373178564706e-13,0.6793922835553531
2540,5.345923150354096e-14,6.88494280984055e-14,3.7990922001819917e-14,0.6865040331205818
2541,4.538874024735122e-14,8.176939282630034e-14,2.2195181413603454e-14,0.6932407892716583
2542,7.117120052574659e-13,4.5277951105235256e-12,6.253243652296548e-13,0.6809087293921039
2543,2.978469891991669e-14,7.133749187798408e-14,2.2109462667346042e-14,0.6812083786528091
2544,5.558151938471865e-13,1.0586655073409054e-12,5.353180300652809e-13,0.7028946704929695
2545,1.9045249150248493e-13,3.875909040870315e-13,7.058672716729792e-14,0.6877149670617655
2546,3.552326398764666e-13,3.798951737864127e-12,1.0578570832700944e-13,0.6549494818260427
2547,6.926887269918116e-14,3.7347669509006793e-13,2.696813226790145e-14,0.6812341104960069
2548,1.292075521799579e-13,2.8526263564191217e-13,1.0429832677160187e-13,0.687552771664923
2549,1.288479573060287e-13,7.466614151040868e-13,6.635287497893205e-14,0.675196031757514
2550,3.481013686953072e-14,3.231488795209042e-14,2.0990463117864515e-14,0.6806421680841594
2551,1.3461763992357837e-13,8.75554189864846e-14,6.329980158085497e-14,0.6851837860303931
2552,7.342402617940335e-14,1.056069365043816e-13,5.907603151908094e-14,0.6769811559875961
2553,5.596512611855039e-14,2.441640477653774e-13,3.125328156976025e-14,0.6694798829150386
2554,5.6062525262300955e-14,6.841505626988864e-13,3.6466189351330387e-14,0.6812960252224002
2555,9.539393256848628e-13,1.9059992585818443e-12,6.003094862174287e-13,0.7141116628423333
2556,1.431714732864975e-13,2.4014428459241226e-13,1.106634739140039e-13,0.6860007297887932
2557,3.925542560653795e-14,2.948893639646213e-13,4.112742370419471e-14,0.6726634901046055
2558,8.54599726802674e-14,7.97503760319917e-14,4.8100741001878124e-14,0.6809512712410651
2559,1.3782578956124904e-14,2.24766173640562e-14,8.381073638674566e-15,0.6828598351974506
2560,2.152858909183775e-13,1.4170933063634708e-12,1.6554382817226272e-13,0.6634046315884916
2561,4.2221661342361745e-14,6.02675568302161e-14,3.767998886558194e-14,0.6798312047845684
2562,8.210520828465501e-13,3.779952576606459e-12,4.984133424044641e-13,0.709642355889082
2563,3.683580095943784e-11,7.638490821373259e-11,2.855949056990228e-11,0.700002011610195
2564,1.372139002559882e-13,3.3686478066108524e-13,1.3591708504124064e-13,0.6854991580534261
2565,3.7083761157398074e-13,4.552782421818616e-13,1.6863918449401716e-13,0.7071214273339137
2566,1.3450387985674767e-14,6.8631758076546104e-15,3.8811162468337105e-15,0.6795734256505966
2567,1.3836772871532365e-13,4.0532251437220555e-13,8.815922602256805e-14,0.6852617351745721
2568,1.0320741372349929e-13,2.0923768006993282e-13,6.599595400415528e-14,0.7084772431524471
2569,8.900017835265043e-14,4.369825889224645e-13,6.973172306322679e-14,0.686949441744946
2570,6.275227699762709e-14,7.193626820055607e-13,3.5880480392316674e-14,0.6839690790104214
2571,5.1242506558361745e-14,6.594943111332787e-14,2.860033138222487e-14,0.6928707846323959
2572,2.662252522836307e-14,1.6665173056499915e-13,2.548029590769829e-14,0.6820467825629748
2573,1.2155383981819835e-13,4.917932258080145e-13,9.874085990596094e-14,0.6934472251683473
2574,2.3288695466819348e-14,4.483064362304512e-14,1.4387580192000224e-14,0.6803582504740916
2575,2.34363960910653e-14,2.6731373557295734e-13,9.434070687687454e-15,0.6814344843733124
2576,5.940932074217371e-14,1.747943878977042e-13,2.876863115179838e-14,0.6863678875437472
2577,2.0385246956023752e-14,2.1175871969401454e-14,1.3627589612729992e-14,0.6834272485168185
2578,1.6579890382549123e-13,7.448018898899258e-13,9.582532446765341e-14,0.6836946189810987
2579,4.400438713734776e-12,1.965128194091013e-12,2.8172365973282614e-12,0.755634464789182
2580,7.109059112380216e-14,2.186604219336469e-13,5.752592760691341e-14,0.686033270257758
2581,8.046072197631986e-14,1.756382200782708e-13,7.975068354238741e-14,0.677810983452946
2582,8.868164796211486e-14,1.0640533945076702e-13,2.9054918415715344e-14,0.7093952184659429
2583,5.729155592219975e-14,4.666180498762091e-13,4.7172992925056333e-14,0.6739979940874037
2584,6.611753716541625e-14,2.6935743913431205e-13,7.133859068705452e-14,0.693012913968414
2585,6.769881373564028e-14,4.160256118644713e-13,2.659197151468909e-14,0.6806398866465315
2586,4.2333713033057786e-14,3.6025080857105044e-13,2.2679416995971785e-14,0.6773616782447789
2587,3.2309698246300833e-12,2.8790622797685073e-11,2.028993155683194e-12,0.681475669273641
2588,1.0474342307749246e-13,1.6454612360557637e-13,7.733291654028731e-14,0.6807620814070106
2589,5.912923996062966e-14,6.300479700589139e-14,3.353781107139631e-14,0.6976148338522762
2590,9.695819053048113e-13,1.373988096125784e-12,6.70598034020672e-13,0.7088032827014104
2591,3.307374272178975e-13,7.233935113942659e-13,2.590476915388733e-13,0.715056082746014
2592,3.753223315161879e-14,4.711454315362219e-14,3.4235681438934876e-14,0.6798810975742526
2593,5.035281753590566e-14,1.4597767811563613e-13,2.298637059178633e-14,0.6988971800077707
2594,9.524185349440134e-14,1.2791382445353514e-12,8.658067364127752e-14,0.6910400807741098
2595,3.5863405173489196e-13,5.274395900567198e-13,3.3633218579406877e-13,0.7348452465608716
2596,3.830117773357199e-14,1.395355680467146e-13,3.446537977405327e-14,0.6838360022637062
2597,1.2526268904828675e-13,4.1676897618808467e-13,1.0411694427519342e-13,0.6657683811965398
2598,1.0363635302982017e-13,3.2307981389869644e-13,8.797722832904e-14,0.6927998067520094
2599,1.5932870302563036e-13,6.565162197147616e-13,1.721782369603202e-13,0.6662742505606729
2600,2.9480648558511603e-14,6.363920637675902e-14,2.1525164561953952e-14,0.6860177708789706
2601,4.564154955051907e-14,2.6108071263413734e-13,2.3397194884986106e-14,0.6672285878768889
2602,2.3398093706647633e-12,2.6313769849774306e-12,1.3968774640115619e-12,0.676912010461092
2603,5.758070541132867e-14,8.185922493192787e-14,4.233640625362115e-14,0.6651451332669239
2604,1.2254053766832558e-13,7.680625431539732e-13,1.0306322468295318e-13,0.67950436755782
2605,2.7716441313144463e-13,1.8299162956934823e-12,4.0136394113272645e-13,0.7244450686033815
2606,6.901295514557055e-14,4.848876510939068e-13,6.37548628773456e-14,0.671857547829859
2607,1.1791730538387253e-13,2.2220031825059178e-13,9.020669995988887e-14,0.7113510650815442
2608,4.821467411751103e-14,7.579863391764325e-14,3.0373444421339204e-14,0.6823935963213443
2609,4.936392443009423e-14,5.242774826096585e-13,4.1888770072703844e-14,0.6770900842384435
2610,5.416331176639096e-14,1.5977134988432892e-13,2.9840816115666655e-14,0.6833705158962402
2611,3.542602528081494e-14,2.5510027454472835e-13,2.1967181554632265e-14,0.6815922962152399
2612,9.419568632547782e-14,1.0225228880259087e-13,5.219442717056548e-14,0.6819424173387233
2613,5.440742030354081e-14,2.91840426983628e-13,4.281836695518166e-14,0.6787566281680484
2614,1.3692952426246362e-12,8.990227156191454e-13,6.411962332284447e-13,0.7432911722455173
2615,3.477792163541563e-14,5.921986390088762e-14,2.7979850086471e-14,0.6838155689358245
2616,4.191584801037188e-12,1.0396195224731083e-10,3.780082723800642e-12,0.6659541775676189
2617,2.378840616095614e-13,1.229727252072663e-12,1.3445818714473593e-13,0.6668261407292448
2618,1.300894494949731e-13,2.7540484521662605e-13,7.654050055795905e-14,0.7223757196450606
2619,9.819298854514521e-14,1.9175286193308212e-13,4.971439773402089e-14,0.6835279037826695
2620,6.931965819242704e-14,4.786183052086968e-13,2.7889179785071846e-14,0.6905684440571349
2621,1.8607718381367015e-13,2.5332147236321737e-13,5.706530203323757e-14,0.6834381146589295
2622,3.4921294803179686e-13,6.507866678714174e-13,2.7650381225098205e-13,0.6672495930455625
2623,1.741891290379796e-13,5.645507801560236e-13,7.6038021470758e-14,0.6784542869543657
2624,6.382769037280383e-14,5.488334949336419e-14,1.2823458006960707e-14,0.6811927886097692
2625,7.684327231274368e-13,1.1803090100662633e-12,5.971048106309897e-13,0.6964170810766518
2626,1.1107946037272033e-13,5.880082556831955e-13,7.978596611258128e-14,0.6881557008135133
2627,5.2054779420891265e-14,2.8288606890796506e-13,3.444109157325316e-14,0.6675267471931875
2628,9.14079609851619e-14,1.668829423191898e-13,6.56140203825494e-14,0.6854901175654959
2629,1.652594800379155e-13,3.71647197121812e-13,1.4202449333622413e-13,0.6991970266448334
2630,8.004234557416385e-14,2.1501490325554528e-13,4.612274903471159e-14,0.6933187543938402
2631,1.0150033332009476e-13,1.3603421781384885e-12,5.167183717699238e-14,0.6732203524647048
2632,7.80841740194517e-14,2.484228647355351e-13,6.539186654889519e-14,0.6713289035804337
2633,6.24128275655945e-13,8.905357831428183e-13,4.933666473393365e-13,0.7148233803687617
2634,1.0655388499127344e-13,1.0389287396506775e-13,1.855312960222568e-14,0.683075064321747
2635,3.9517670186810093e-13,1.4456186093805663e-12,3.3846539058555527e-13,0.6834388556540943
2636,1.585339450543038e-13,1.9588285048131274e-13,1.222575905575247e-13,0.6819075663806871
2637,1.9883470625184256e-13,2.613958481359232e-13,1.5608068743277067e-13,0.6842672017053701
2638,1.254093144538219e-13,3.202947679131091e-13,7.203862643408464e-14,0.6947723909222987
2639,4.0418275923463384e-14,3.8629931377756873e-13,3.981854583878349e-14,0.6811812885920517
2640,5.386859470090573e-14,5.371235580701425e-13,4.6423634153326617e-14,0.6752114672068273
2641,1.0846811834587141e-13,5.813087502175569e-13,1.1094535438344517e-13,0.6463140538020525
2642,1.1070476738070411e-13,5.879239317951055e-13,9.084790548310655e-14,0.668308873672504
2643,4.207787094212994e-14,1.1289815312587436e-13,1.5249877168546252e-14,0.6892060814250727
2644,3.7072831283138216e-14,2.344549753083544e-13,3.3299207324633363e-14,0.681080789148109
2645,8.433760096052514e-13,9.511481380920565e-13,7.445789270704316e-13,0.6984502182458527
2646,1.4717888718772405e-13,4.198158072782369e-13,9.552620091180182e-14,0.6722935139056062
2647,5.0590003562015686e-14,1.4641732792713525e-13,3.533856234054361e-14,0.6768244530307129
2648,1.0366078185341281e-13,6.535775018651394e-13,3.744651755705438e-14,0.6779097950144205
2649,1.7055470783740327e-13,2.394621130722938e-13,1.3409276182441936e-13,0.7022088565747253
2650,8.332441196433928e-14,3.1106090860857557e-13,2.9744355487588804e-14,0.6821677429834381
2651,2.038850662137527e-14,4.3812524924546216e-14,1.5730172072525584e-14,0.6862538053945173
2652,1.1957980213375966e-13,1.0703669079493006e-12,1.0161506689326389e-13,0.6869494930724613
2653,2.1699653133836268e-14,2.0349988100948187e-14,1.2549492066763134e-14,0.6836274395289366
2654,1.8731546136528486e-13,5.879361871163249e-13,9.417132300748438e-14,0.68158941793954
2655,1.9110914058135606e-14,2.0972729156864507e-14,1.471403016743391e-14,0.6809009418124333
2656,1.3377063284185368e-13,2.023512869989522e-13,8.57451213612254e-14,0.6814376741705928
2657,3.675795310337279e-13,7.377427496024195e-13,3.286717327406071e-13,0.7063201801851392
2658,1.356031750375845e-13,1.2400640680483462e-13,7.58107169987505e-14,0.7093726457329467
2659,6.335651167634289e-12,1.1015063214664529e-10,5.692663847693566e-12,0.6747035225504078
2660,2.3421066877830105e-13,3.3803428065997054e-13,1.943326224417857e-13,0.6930228980490938
2661,4.615022813191098e-14,4.4813733751125597e-13,2.279643094073205e-14,0.683265491767088
2662,1.8124514212653585e-13,2.250819435113333e-13,9.54579816341775e-14,0.7037592710927129
2663,2.1420781941745926e-14,5.0562157379959005e-14,1.8420225231054547e-14,0.68231192472158
2664,8.02747845102258e-14,1.168199189700108e-13,7.022142694332477e-14,0.6684951548348181
2665,3.36973064684816e-14,8.614576117514539e-14,3.013750036740656e-14,0.6806166023830883
2666,2.245580021453411e-13,1.167266008051666e-13,1.4490072097034323e-13,0.7244383775396273
2667,5.03399607430322e-14,2.5163838469189797e-13,3.8642303096803705e-14,0.69291186662158
2668,1.509184521378535e-13,3.268813273724405e-13,8.742810107208946e-14,0.7016467208391987
2669,2.3816853752824172e-14,5.617041576883003e-14,1.200273237746672e-14,0.6845827280543745
2670,1.5937760312285067e-13,2.1289179240459837e-13,7.869052709337111e-14,0.6766740970662795
2671,2.4890702459761497e-14,1.7466449544734288e-14,1.3884754251596925e-14,0.6797094622917939
2672,2.495683310836655e-12,2.2785217597474015e-11,3.357660759086623e-12,0.6535025410412345
2673,1.4406339556794526e-13,2.765025889349456e-13,1.325089032040523e-13,0.6813585133873857
2674,1.7034252111569294e-14,1.8023417160178477e-14,5.922995762950767e-15,0.6814105208031833
2675,1.2801268779352352e-13,9.323634071977252e-12,1.0701191150440816e-13,0.6599092566902982
2676,3.1081064230340513e-13,2.2716956301338096e-13,2.3115789180174125e-13,0.7190331112360582
2677,6.7130095322251e-13,4.573703846494661e-13,3.3374828663083456e-13,0.6859611200983636
2678,8.70482955467281e-14,1.1755870581152558e-13,6.337282478863521e-14,0.6900821753079072
2679,5.066323727881902e-14,9.161657690259114e-14,3.854510746794366e-14,0.6867390174884349
2680,9.322645346258742e-13,8.231107403427301e-13,5.218998276315446e-13,0.6355848376406357
2681,5.996492221495107e-14,2.654991164220534e-13,3.2125290309031495e-14,0.6766362007183488
2682,6.286102861055912e-14,1.462814774856428e-13,4.5497973185650854e-14,0.6933772526506801
2683,4.2652205457707296e-14,1.682715172703069e-13,3.65777950305532e-14,0.6769860522297677
2684,9.928533149841567e-14,1.0573440469187276e-13,7.173712490675584e-14,0.6877021947468165
2685,2.2403369269519097e-14,5.255793986181951e-13,1.0366880668998655e-14,0.6728490313864313
2686,1.1800908798631868e-12,9.871807046170312e-12,7.968692886095833e-13,0.6756028718664311
2687,7.002082930870963e-14,2.693993547233026e-13,4.633333339981196e-14,0.676012674899539
2688,2.0191983756777572e-13,3.8997331538248305e-13,8.155377936003874e-14,0.6896730741253123
2689,1.0545199002776014e-13,4.3510875024248634e-13,8.171992995435603e-14,0.6902027772041037
2690,2.5858463896213362e-14,3.044171762498474e-14,1.991224488889987e-14,0.6807890380790923
2691,8.967966858953137e-14,2.7498974634311865e-13,7.07650438016281e-14,0.6834455098200124
2692,2.08436622317426e-14,1.8411103637611603e-13,1.240740199485367e-14,0.6761469902237878
2693,7.13574529718616e-14,3.4170927226002965e-13,4.459344047990005e-14,0.6714719066163525
2694,1.6048419998157428e-14,2.1030217363730856e-14,4.774517860446733e-15,0.6822313308308366
2695,2.2235685711944617e-13,4.980472911431927e-13,1.2484683105411204e-13,0.697016088757664
2696,1.551238676566395e-13,2.262523042419759e-13,4.6589203891647744e-14,0.7124340802663938
2697,4.953635291760078e-13,6.416838921013057e-12,3.5178715922020785e-13,0.6880182043008972
2698,2.2392482183348943e-13,1.4404535629511669e-12,1.3526853351124878e-13,0.6892680138233118
2699,4.01579990922847e-14,3.434201358779973e-13,3.5859526986774155e-14,0.673703143466264
2700,1.2805760926761457e-13,1.5515095628670932e-13,1.0825729369025024e-13,0.6887715280463453
2701,1.7170753596719419e-13,2.3943428100228777e-12,1.677746753265139e-13,0.667539416483487
2702,3.616366851267572e-14,2.036972932726885e-13,2.825547009812559e-14,0.6786421663768124
2703,1.7452903656634403e-13,3.3403741510039824e-13,1.3474566190097336e-13,0.6820132981694769
2704,1.1123850450487374e-13,3.5020830045049027e-13,7.536641916858532e-14,0.683034369663801
2705,2.649748902664573e-14,1.0055010659649472e-13,1.6389694871205225e-14,0.6805972021946218
2706,1.2403030690291576e-13,2.970240877046815e-13,1.0119923057037635e-13,0.6700801168510224
2707,1.1495686321606725e-13,2.503661762993538e-13,5.71405673080777e-14,0.6946591704792808
2708,9.309707127421242e-14,1.2897558985855832e-13,8.030585110918059e-14,0.6650596703635528
2709,4.0905194779419704e-14,5.457315112181523e-13,2.9764130542425446e-14,0.6797834251483437
2710,1.9654735056124206e-13,2.333652898212959e-13,1.7003943121363147e-13,0.6843741399352439
2711,2.5772886547572602e-14,3.595107834758676e-13,2.5849042324187375e-14,0.6866576773929409
2712,5.953265986371846e-14,2.8381034732570693e-13,5.498658530540345e-14,0.6828776652226225
2713,2.4215443532689058e-14,3.6883036061508905e-13,8.845495037554337e-15,0.6838009373634122
2714,2.823909191607017e-13,3.1386220203558124e-12,2.6715444454632564e-13,0.6703108877205523
2715,2.69096546446872e-13,1.8207809765114803e-12,1.8519095980941946e-13,0.69041057471768
2716,4.306211619003566e-14,3.167482583986497e-13,2.5632458058675496e-14,0.6693491005862597
2717,4.8181055853052955e-14,2.417241134240681e-13,4.803444024633413e-14,0.675155695748981
2718,1.200340868742771e-11,1.8371342673559895e-11,4.318810230590841e-12,0.6782007768284529
2719,3.698947820950701e-14,3.2850483019677714e-14,2.022259131074601e-14,0.6829020930163097
2720,8.685319339154917e-13,1.5295415392716299e-12,7.708674707234418e-13,0.6894478962523862
2721,3.931197500354731e-14,7.238210402916172e-14,2.188455229480192e-14,0.6872945618641098
2722,1.9574766947054577e-13,2.6710212621939876e-12,2.242376550675198e-13,0.6972879264329095
2723,1.0360518130455172e-13,3.3483702417508314e-13,5.965187027025034e-14,0.690678927861154
2724,3.1531967516937844e-13,2.69424862499916e-13,1.965597407508731e-13,0.6914950398961082
2725,1.4571120902144154e-13,1.2024231773539733e-12,9.587826202022805e-14,0.6588307531666941
2726,2.2413093673792562e-14,9.655891225030276e-14,1.1140421386214214e-14,0.6856656821270007
2727,3.12243867547429e-14,2.2136953087459675e-13,2.339906534733681e-14,0.6657310374692316
2728,2.475542678741049e-13,4.3017155184459516e-13,1.790801120144244e-13,0.7085306254797615
2729,2.880922053361815e-13,1.2111831312176504e-12,1.7972415265520336e-13,0.6836270131461788
2730,4.286203456736625e-14,3.177045569468422e-14,3.365522036238441e-14,0.6796158397337422
2731,2.5892880706128864e-13,2.4620887060118062e-12,1.853267891620654e-13,0.6784365534607787
2732,2.8803311533849124e-13,3.952092923691326e-13,2.5096013798333273e-13,0.7024985634023324
2733,1.4823405344640393e-13,8.086378551463322e-13,1.230324376147502e-13,0.6875173766748048
2734,1.2051177283514964e-13,7.727261673153323e-14,8.792002338447103e-14,0.6790730515087489
2735,3.973996228844752e-14,2.3814803455545727e-13,2.9170826878651e-14,0.6792014870035927
2736,2.73741554647977e-13,3.0368600407583e-13,2.3254560117710673e-13,0.6927715234342031
2737,3.5520839350944984e-14,2.515474951573401e-13,1.3367255319276829e-14,0.6821507805550937
2738,1.1940751934475505e-13,3.9696968335326154e-13,1.1443882702182823e-13,0.6809329411713406
2739,1.953855956094811e-12,3.0607063945988706e-12,8.195589545256984e-13,0.726171762146987
2740,1.0253998240314353e-12,5.872796560901808e-11,7.756854940047684e-13,0.6602734642685391
2741,1.7799272621966795e-12,7.55630227015301e-12,1.6665605419872182e-12,0.685593931999756
2742,3.272934060502757e-14,2.9507570015811093e-13,2.4971349809222595e-14,0.6798983575310558
2743,3.129130760119252e-14,1.6313296486003956e-13,2.5777732329560767e-14,0.6804823717684485
2744,5.3307917769063777e-14,4.38241229163326e-14,4.166046658641818e-14,0.6800825239974074
2745,1.0076462590239874e-13,7.854185826734248e-13,5.218978450431192e-14,0.67483550098259
2746,4.157925425225972e-13,1.3558401568392914e-12,3.9176113972131835e-13,0.7000578556559048
2747,1.314760400472579e-13,9.802070383428145e-13,9.79918819852324e-14,0.6722222494950983
2748,9.909075937470052e-13,1.7564566641522097e-12,9.36830567871275e-13,0.7276267151348292
2749,2.6708887155563455e-13,5.787251752679511e-13,2.527324291338041e-13,0.690168970846571
2750,1.1642834514996766e-13,1.2387217945161923e-13,9.63885577791523e-14,0.6940607929602265
2751,5.1816968982243464e-14,7.519280231301967e-14,3.31481887487575e-14,0.693881583912298
2752,8.937914719939445e-14,2.851187603625221e-13,6.238359244645755e-14,0.6662773898628075
2753,8.569909847129348e-14,3.4606228050957066e-13,5.879587725194846e-14,0.6897892337176017
2754,5.132580035210141e-14,8.853139651027e-14,4.165760514504679e-14,0.6990434537758119
2755,3.0608812466589605e-14,7.23414711770098e-14,2.7319510554282333e-14,0.6855763372732326
2756,1.9218177086687372e-14,1.9598134237378213e-14,7.771902942370566e-15,0.6816586875822395
2757,9.509808645577767e-13,3.827323076342242e-12,1.166252386863994e-12,0.6422773492638953
2758,1.599471924708063e-13,6.328554224871478e-13,1.451165853898298e-13,0.6234452412827522
2759,1.1048266683185044e-13,6.027382739794239e-13,9.831873249800904e-14,0.6770145859860349
2760,1.22087510410605e-13,1.6879844160930008e-13,9.261171402952846e-14,0.709469755704049
2761,4.9672827627877423e-14,4.967334276890621e-13,3.7765350381396284e-14,0.6882792617485393
2762,4.541392309239418e-13,1.6472477203083303e-12,5.895466053540977e-13,0.7194108044030145
2763,8.986175494723073e-14,1.2540513019331248e-12,8.087136738118819e-14,0.6601267843332608
2764,2.0633736328756745e-13,3.0676614030055487e-13,1.3543166263356302e-13,0.6910879987291991
2765,7.224837896199109e-13,1.5700245905129988e-11,5.129171171078619e-13,0.6912878339120653
2766,1.5910691032062315e-14,8.282709224656316e-14,1.316975798110401e-14,0.6702925242279889
2767,1.4094564853739741e-13,1.358017811761043e-13,6.859386949048891e-14,0.7092368225799873
2768,3.2485797582198684e-12,1.9775246761933796e-11,2.0789879932437437e-12,0.7042386005981826
2769,1.8405216024772603e-14,6.724594923352669e-14,1.497854051673668e-14,0.6683844606042839
2770,1.030590695877008e-11,1.8071247363942207e-11,1.2873652864250532e-11,0.7568681300617754
2771,1.1685763728167557e-12,1.3859353470565361e-12,1.0626802714652131e-12,0.7006553568644449
2772,1.5680590002875545e-13,5.524890807241804e-13,1.0994742367320272e-13,0.6692174081108533
2773,9.577012175527913e-13,2.7454462077549515e-12,4.702774617661999e-13,0.6940976420766674
2774,3.371162175433567e-13,8.550087823264383e-13,2.1219633907211204e-13,0.6832034687511623
2775,1.2761979197253231e-14,1.2593539641654646e-13,7.187963917700348e-15,0.6850131130719092
2776,1.5482355669389519e-13,2.0071230624624955e-12,9.89636261458975e-14,0.6921149966248776
2777,6.323472843062792e-14,3.2146642590678453e-13,5.0605524738986856e-14,0.6653707586723613
2778,6.834789020649361e-14,5.0731245513660095e-12,3.5373884185498565e-14,0.6581587816763204
2779,2.8692127382787337e-14,2.4449067230997865e-13,1.2665743620442394e-14,0.677746024786029
2780,1.1287011773543601e-13,2.0906659484538763e-13,7.363718808766679e-14,0.691619702387834
2781,7.194540057366484e-14,6.256729809210912e-13,6.609349172609311e-14,0.6800845400895923
2782,3.6771959006239373e-13,8.643957631178729e-13,3.524591041518623e-13,0.6623663457809016
2783,4.53526211210531e-14,4.0766611947070474e-13,3.002454461867142e-14,0.6842506172717548
2784,3.103064611298963e-14,2.2037090691059252e-13,1.7682675944882552e-14,0.6788732393353711
2785,4.314390131876531e-14,3.854954607197228e-14,2.4358657702727507e-14,0.6811396541888826
2786,6.504542295628367e-14,1.249077390636712e-13,6.036522813860619e-14,0.6890318443183787
2787,5.288821240495361e-13,7.559851734597012e-13,4.3622144237452295e-13,0.715046449273359
2788,7.245243937713985e-14,2.339796155820981e-13,5.163755507469572e-14,0.6895493928343057
2789,2.3751176465720987e-13,2.4224591063616054e-12,8.836888886468463e-14,0.6714135213027476
2790,2.6521179230828514e-13,5.72594622123995e-13,2.0458074248057737e-13,0.688420511467848
2791,1.0270058190396042e-13,2.405708329262063e-13,3.4904405311441917e-14,0.6896587594528683
2792,2.3250062292960967e-13,2.8714624861344966e-13,1.772506965803955e-13,0.7023160040844232
2793,2.6310815405000373e-13,4.290480090390028e-13,2.2875545550657256e-13,0.6908039161819033
2794,4.351418425340497e-14,5.575288005336702e-13,3.913093233638417e-14,0.6752970208064653
2795,2.0352889491197539e-13,2.277946535950602e-13,7.935468954467072e-14,0.688650167256128
2796,6.304484387639962e-13,1.2578228348243896e-12,3.75913302757537e-13,0.6818155885441228
2797,5.311993614386354e-14,5.581252939207586e-13,2.0666976374640593e-14,0.6784985623788089
2798,2.0187534946783758e-14,1.979471982517598e-13,9.616188522799542e-15,0.6712971334782196
2799,1.6417584024508134e-13,2.670346769768331e-13,1.296466446977682e-13,0.6637511373963207
2800,1.0147558249766417e-13,3.0843655161266384e-12,7.340216127971125e-14,0.6601549023413099
2801,3.583590301419314e-14,1.4443406338934797e-13,2.0568323956315306e-14,0.683160924265394
2802,1.081161370964447e-12,1.3282295979577778e-12,1.069146120306048e-12,0.676123630721122
2803,1.7051860836303167e-12,1.1300815800392618e-11,1.6325895252325744e-12,0.6658713251876179
2804,4.3695545704331487e-14,4.846276249597132e-13,4.2068739516612566e-14,0.6843437369854655
2805,2.4767963598706204e-14,1.8373167003301135e-13,1.4978115314468913e-14,0.6785636328451801
2806,2.238950281447695e-14,3.709100586696637e-14,1.4255061284952784e-14,0.6831546169298235
2807,4.5169658301282707e-14,5.2175448161286364e-14,2.7510659955977064e-14,0.6824307383270934
2808,1.7386282457839104e-14,3.182973877985853e-13,1.0908578206135222e-14,0.6734848376538138
2809,7.737622486704575e-14,1.1093361905762698e-12,6.540282316119881e-14,0.6882391080958769
2810,8.422727553537472e-14,2.0485628081166883e-12,5.953121276410242e-14,0.6647878361836774
2811,8.545432385851154e-14,7.035883275191742e-14,4.9826198560204786e-14,0.6795112689374946
2812,3.515439291066834e-10,7.955940881667894e-10,2.389433296291379e-10,0.700391612004023
2813,1.5944599030194185e-12,4.7802554549246374e-12,1.0095266728412264e-12,0.6636306557920761
2814,7.654360197444591e-14,1.7752867886141172e-13,5.131996746541471e-14,0.6808448249532375
2815,1.87477754751632e-13,6.854163308051414e-13,1.4669202679831497e-13,0.660180008833413
2816,1.0666669957664261e-13,4.742821775888271e-13,5.151624775070493e-14,0.6786452612490393
2817,3.959213224540249e-13,1.4799934211975167e-13,2.099015908704669e-13,0.7202070121187717
2818,6.288646667678397e-14,1.2388960901470086e-13,5.141436680383625e-14,0.679499235766707
2819,2.4449104789683857e-13,6.232995380809849e-13,1.90324789621444e-13,0.7028563045198097
2820,5.2190037797099727e-14,1.8544092320454662e-13,3.9466239234235557e-14,0.6807821518101264
2821,9.917390211800151e-14,8.148112784167768e-13,7.083631229763392e-14,0.6709022094029933
2822,5.254670265214367e-14,4.150954739847225e-14,4.25755344346261e-14,0.6832869129546453
2823,1.1131472190334247e-13,9.614350312580777e-14,9.534955143765265e-14,0.6896103546023369
2824,1.044656104712169e-13,1.6512049853626141e-13,7.361007234065216e-14,0.6900306847761385
2825,5.6648526743541677e-14,7.75006866828056e-14,2.3964660404236925e-14,0.6821040615206584
2826,1.308924948974941e-13,2.345764958639266e-13,8.830400503773866e-14,0.7008447101339698
2827,4.050213065260014e-14,1.7400633329994812e-13,2.4864206802251274e-14,0.6798048215568997
2828,5.214687608895254e-13,7.872018347703766e-13,2.260082520610392e-13,0.7065490487031638
2829,1.266171629158873e-12,1.7184169425188704e-12,1.1151858957831745e-12,0.6817394570040051
2830,6.046358628918996e-12,2.3667036961184014e-10,1.0360226002857072e-11,0.6539629127481021
2831,6.7181096645213e-13,1.5596285676922608e-12,2.825332773983656e-13,0.7004426855943165
2832,8.15012797974304e-14,1.5489973390709418e-13,9.335086016170883e-14,0.6762475046445615
2833,8.809984095907365e-14,1.7325798861414073e-13,6.816571418746083e-14,0.7006689189467579
2834,1.2925025993515238e-12,1.9284974142990227e-12,4.1577148733923303e-13,0.6356826570816339
2835,5.244548741391371e-14,1.3144484989470824e-13,2.6835868922045978e-14,0.6949812341015786
2836,2.1295969388486608e-14,1.56503632699503e-13,2.0797376048935724e-14,0.6799826838541776
2837,4.8539224609779983e-14,1.4921474598705631e-13,2.9818674154463836e-14,0.6957069783005864
2838,9.678766463602684e-14,2.343933194370513e-13,5.824607072942765e-14,0.6889157731900923
2839,3.8660442278348225e-14,7.163551485139605e-13,3.5939285440115923e-14,0.6732641385198803
2840,1.2345831041849115e-14,4.912709075851624e-14,7.696036382942805e-15,0.6798741972073913
2841,2.171016350975295e-14,9.860869178707988e-14,5.705732340263152e-15,0.6845174860849511
2842,1.745271698637054e-14,3.2342414913618625e-14,9.058642358897486e-15,0.6815473519964144
2843,1.5391512411450884e-13,1.6111175252739778e-12,1.2565524531106977e-13,0.6739651596406475
2844,1.6952525454241015e-14,2.9569066545552194e-14,1.2492976224979684e-14,0.6813815767294727
2845,2.480299609173256e-13,3.641412900653469e-12,2.0453247388727704e-13,0.6921037013991735
2846,1.9035627513933276e-13,1.1536894750599401e-12,1.8080242758519716e-13,0.6847686662629713
2847,1.815047470634108e-13,2.009006780698068e-13,1.1123690629194518e-13,0.6921137959230691
2848,5.1847606699641055e-14,1.8493975378775194e-13,2.3607771167836696e-14,0.6642416040122043
2849,1.024114584304319e-13,5.037683379853962e-13,5.273877906527437e-14,0.6883728829969187
2850,8.125520924597448e-14,3.2543197422125836e-13,5.348300746710215e-14,0.675278553465614
2851,9.84707630767657e-13,1.1249370527610163e-11,8.364876473711209e-13,0.6852284249092918
2852,3.396824498518561e-14,9.043854655530057e-14,1.800065852517831e-14,0.6799521012289915
2853,2.452209207497947e-13,2.111642328622383e-12,2.462333184972542e-13,0.6886607918830123
2854,7.356884047589439e-14,7.627019084100781e-13,5.238948513991228e-14,0.6737610669515561
2855,6.542420507481416e-14,1.3613827130540158e-13,3.6161829053977125e-14,0.6492846295499476
2856,2.3021875398228382e-14,2.4609349314318718e-14,7.172064753546438e-15,0.6822753023006953
2857,1.6992195024764526e-13,1.3676657899240964e-12,1.18046881870842e-13,0.6726498923177132
2858,2.4640868834634516e-14,5.003547933041402e-14,1.9290819600211052e-14,0.6816754110972397
2859,5.826533177205693e-14,6.825141954405163e-13,6.082055180622242e-14,0.6719181034364737
2860,5.103658090440391e-13,8.201753056561671e-13,4.52864126900607e-13,0.6538086619868408
2861,2.375467443665633e-13,2.0053372280197854e-13,1.7201003300686148e-13,0.706396684620995
2862,3.3843649366845675e-12,5.1799020441656594e-12,1.5645530501162267e-12,0.7115206006681547
2863,1.1748515625082826e-13,7.267619119091017e-12,9.106026386056585e-14,0.6584675589139806
2864,1.1555842493730317e-13,8.072932954236295e-13,9.834415547075912e-14,0.6718314399739029
2865,1.3969154174566002e-12,3.475425445794143e-11,2.068605634458789e-12,0.6685127121541882
2866,4.3945087753256593e-13,6.343050374798638e-13,2.1454617674577798e-13,0.7026529807248153
2867,1.7977409646802852e-13,2.9387957673260624e-13,1.6172760833777874e-13,0.675442015437875
2868,2.820179760866903e-13,1.7254143476175879e-12,3.003745648150444e-13,0.6749999959458364
2869,3.1504590170324325e-13,1.3463256670487406e-13,2.315117596539946e-13,0.7185843014856801
2870,3.158475417296791e-14,5.643720716320893e-14,2.322227991053106e-14,0.6803966761392075
2871,3.545470711935523e-14,4.542394658970464e-13,1.020414719983448e-14,0.6776906051440165
2872,1.247516296436944e-12,1.7022546830695183e-12,7.044229131294809e-13,0.717223811801523
2873,4.4628868480063033e-13,2.9178988847458017e-13,3.100386303702667e-13,0.7144057475030422
2874,4.186095136555992e-14,6.992154016350215e-14,1.6144630560312345e-14,0.690805346169509
2875,4.229928291530758e-14,2.0043530911425935e-13,3.2414999605730216e-14,0.6793713097053115
2876,8.2031670718085e-13,4.350101749364011e-12,8.847137466386253e-13,0.692160090157995
2877,8.697567996744273e-13,1.1821078450440256e-12,6.927571265385016e-13,0.7158808643231168
2878,4.770580251034245e-14,2.646364453083046e-13,3.1066804518493933e-14,0.6815555554057937
2879,2.1182701272475634e-14,3.645392167927163e-13,1.4981875633122578e-14,0.6724259896873264
2880,9.021756746384277e-14,6.34988979404188e-14,8.36076697625561e-14,0.6865188575175125
2881,2.922347014159191e-13,6.378935686434444e-13,5.533253131231368e-14,0.6910603108059149
2882,8.966761728610872e-14,1.3252940707907835e-13,3.8214361328169916e-14,0.6890677695919294
2883,2.0820244105537122e-14,1.3251888186019677e-13,8.437626878168178e-15,0.6743330415687524
2884,1.2612092698181196e-12,2.412388329004837e-12,1.1033222188752773e-12,0.7496508343145252
2885,1.814563970969069e-13,8.812919690407644e-13,2.0610652101206756e-13,0.674453629355412
2886,1.0676230100162931e-13,2.9996499197254625e-13,7.042740035821059e-14,0.6891899830603506
2887,4.172270783189819e-13,1.654464294432387e-12,4.759335960122276e-13,0.6877035569807048
2888,4.417904826961322e-14,6.914484149355489e-13,3.898939318556279e-14,0.681082987372065
2889,1.9098893511636985e-14,1.7110254308172675e-13,1.6189140921006935e-14,0.6794096750207246
2890,1.183656899338579e-13,7.273178652165917e-13,7.860565520835934e-14,0.6778027011430823
2891,3.9872420244820424e-14,1.2728183641629792e-13,2.6809406430175676e-14,0.6921033328399062
2892,5.3116150878173765e-14,4.771676039753247e-13,5.055611253097625e-14,0.6868279767571949
2893,4.9312239581703426e-14,3.3961031446609884e-13,4.627621548777971e-14,0.6813006598385982
2894,2.674341142149648e-13,3.846982154197693e-13,2.3050245710271046e-13,0.6982360761496238
2895,1.969074553191682e-14,3.2119351552112486e-14,1.536916480382853e-14,0.6813390819123015
2896,3.848180357350873e-14,8.340936124360084e-14,3.218097445462347e-14,0.6903993122279644
2897,1.2057907043270476e-14,1.3917672041317036e-14,7.763959908470037e-15,0.6809071412193589
2898,3.450562395648579e-14,9.406426295909925e-14,1.0738024866545754e-14,0.6841407789499498
2899,3.6856394200403827e-14,2.1478519957116246e-13,3.396214094095842e-14,0.6729056793265045
2900,3.356083781259219e-13,1.1364186220363336e-12,2.1518896561379378e-13,0.6914324149955065
2901,2.1362404986021305e-14,2.937105034061509e-13,1.6375983804790935e-14,0.6726659121544799
2902,2.1399118054954127e-14,2.9577051960923306e-13,1.3799882747326692e-14,0.6753326978825498
2903,2.446907366694228e-13,6.247260168066852e-13,2.135679489619794e-13,0.6674803481495474
2904,5.055748897231503e-13,1.1247056503323912e-12,3.550731594643334e-13,0.6968330945353955
2905,1.7390729758860632e-13,2.0925508670322032e-13,9.16713879738513e-14,0.7019994186703116
2906,5.470120432504101e-14,2.3993702958642764e-14,3.970703682388439e-14,0.683125396957621
2907,5.2479893145206183e-14,4.181987907833495e-14,4.053772496988596e-14,0.6884141174668912
2908,9.229669686176015e-12,5.821019677278986e-12,5.684946813534613e-12,0.693886645231396
2909,3.580147892617414e-14,5.432591698112872e-14,2.3330022985134155e-14,0.6899230712209828
2910,3.7794949135098685e-14,4.681646798841438e-14,1.424718743586892e-14,0.6864633781719022
2911,3.5633702514467395e-14,1.246181225457768e-13,1.8066197360754525e-14,0.6972175322589464
2912,5.5985137955418505e-14,3.310191290581714e-13,2.242272932915993e-14,0.687785533076385
2913,9.535588570711924e-14,2.800766686080701e-13,5.995644799442138e-14,0.6291077143105213
2914,1.826450979688674e-13,9.140873305104814e-13,1.4483909372838034e-13,0.6868349207215942
2915,1.8493392020761845e-13,3.5945762236317223e-13,1.0753859142665638e-13,0.7092783124535345
2916,6.471759429391944e-14,8.270390226296613e-13,2.5889705534572015e-14,0.6857958013599272
2917,4.508118676024079e-14,5.451682880475942e-14,2.8590236878856116e-14,0.6838174151082057
2918,3.940221523440472e-13,1.6126279016449133e-13,2.419045007948708e-13,0.6677116932463832
2919,9.198123561096226e-14,2.4949559156131e-13,8.550265661720437e-14,0.6768922681745607
2920,6.051704540842552e-13,8.448331349517336e-13,4.3704121303011707e-13,0.6605640676163602
2921,9.045154193456181e-14,2.330248439677449e-13,9.818543193084198e-14,0.6569631477555958
2922,5.564705078902825e-13,6.457082086396401e-13,3.3449186398858067e-13,0.6836887631856371
2923,6.51922181378141e-14,1.8678502633309522e-13,4.7976812087994677e-14,0.6849913680751343
2924,1.1042842208096566e-13,3.6867300696809476e-13,3.7784169223711914e-14,0.6918678593938239
2925,1.263662978483746e-13,2.7309461963370757e-13,7.29518332717117e-14,0.6389415595855098
2926,6.575742251679965e-13,1.4403829967321762e-12,4.954440740365919e-13,0.7113614718895406
2927,4.0729389197112886e-13,2.1593879892114e-12,2.665320318373721e-13,0.6798213114903774
2928,1.8998259859153687e-13,4.661305840017405e-13,1.9720816886797497e-13,0.681009412970161
2929,3.6773461178968286e-14,1.34522456946022e-13,2.7697183060558378e-14,0.6848168328695465
2930,9.125599837507232e-14,1.202856382110659e-13,5.115094720329768e-14,0.6640419461880811
2931,5.675354549959061e-13,4.515008860317559e-13,1.6320385067964227e-13,0.6817731822608039
2932,3.6648828741460617e-14,6.008570142567264e-13,3.262929318273872e-14,0.6704675900458824
2933,9.707175155232878e-14,5.6750472032346467e-14,6.645592490739445e-14,0.6830360371386632
2934,1.0653416631788264e-12,1.40988670954316e-12,1.1356328908210844e-12,0.6587343199062161
2935,2.8595057205842606e-14,1.7098889329233885e-13,3.029227398749929e-14,0.6794435889052692
2936,6.70646951913493e-14,9.200408569320755e-14,3.391855430255996e-14,0.6948902801610529
2937,1.1511732909253456e-13,1.4800945445819066e-13,6.919541115093601e-14,0.6977965148631483
2938,4.418078369994415e-14,5.6466202751679695e-14,3.227354434321933e-14,0.6718595421174541
2939,1.204651298558543e-13,2.644436131379141e-13,1.0546555360145687e-13,0.7109365299693309
2940,2.961549971278618e-13,8.22500753506381e-12,2.429546907131494e-13,0.6850487911782693
2941,3.0274842162750437e-13,2.7974880467378785e-12,1.7988241230966494e-13,0.6836619384819642
2942,6.838269752621562e-14,5.262880752786915e-13,1.9271252805793658e-14,0.6818135908979457
2943,4.186769149782659e-12,5.506737987688629e-12,1.918189728499766e-12,0.7052769908681512
2944,2.5687064690244233e-14,3.846192323235828e-14,1.4260481870856514e-14,0.6817311767954379
2945,2.878765208022802e-12,1.8176579788748468e-11,2.4064312645551486e-12,0.6978270001767669
2946,7.293600433842882e-14,3.0940677017553915e-13,5.0321367319681925e-14,0.6800005813071038
2947,1.9176725035106542e-13,1.8416405000080078e-12,1.4003894710577834e-13,0.6925776947347912
2948,4.3966775215387654e-14,3.683135590551064e-14,2.1173038169265823e-14,0.6807013062585611
2949,6.555831275490398e-14,1.0593212739666049e-13,4.897487707418044e-14,0.6962552850018255
2950,5.095319326714495e-13,4.960090339401603e-13,1.607891068692594e-13,0.7354628314264119
2951,1.2491606559682496e-13,1.7156247766972297e-13,6.714700169728045e-14,0.6913932810304686
2952,3.2548826200320575e-14,2.4559652609744274e-13,1.579722185504791e-14,0.6772598374343943
2953,5.95404152817447e-14,1.0067855105790415e-13,6.445067188201819e-14,0.6982796864467673
2954,2.0662306764384297e-12,4.419973612643285e-12,2.1074172401126422e-12,0.6827761811902746
2955,6.514249677953949e-14,7.567695949641752e-14,3.3455040513538213e-14,0.6922630801680498
2956,2.1950572712688507e-14,7.562497268043046e-14,1.788566727595701e-14,0.68027495930437
2957,5.136224213116239e-13,1.4111220038706752e-12,5.095819124058899e-13,0.7348089758073911
2958,7.66931522301397e-14,3.2676611474759044e-13,6.712953570858145e-14,0.6938121044950094
2959,1.015998050624435e-13,8.411322807314543e-13,6.573579673660477e-14,0.6949947863002308
2960,7.080928391151773e-14,1.1698185926254865e-12,3.532704405159966e-14,0.6701441135024652
2961,2.499037407301566e-14,3.103823232578206e-13,8.925130533611687e-15,0.6826616232923698
2962,4.153040906132178e-14,2.081589496555576e-13,3.314879315984431e-14,0.6752886704285629
2963,1.2029036122589298e-11,2.1911134583147676e-11,7.879565757395007e-12,0.7231128880288452
2964,3.687793706719565e-14,5.369791383146916e-14,2.4072609225114648e-14,0.6812552281655371
2965,2.4567381668727317e-14,3.9688618057031144e-13,2.5940197490902866e-14,0.6665338818653254
2966,1.816570679686574e-13,2.107466911319372e-12,1.2051410731565976e-13,0.6812181710673031
2967,3.961632229273456e-14,2.898358225787401e-13,3.493388030797827e-14,0.6838716038735584
2968,8.177300352442188e-13,9.185398129148167e-13,5.019111290549558e-13,0.6992215573787689
2969,2.158088265986618e-13,1.6791163224317697e-12,1.686311888735647e-13,0.6872956996201538
2970,8.400697113471031e-14,2.3313494653438406e-13,4.963352135053289e-14,0.6748234189755749
2971,2.2061108580298215e-13,4.4979588072917854e-13,1.449131324780301e-13,0.6823306419479195
2972,6.842781781302537e-14,1.5183883968169167e-13,4.888149323980342e-14,0.6978706237510778
2973,3.9851460566214865e-14,4.37066155528842e-13,3.7264340719698136e-14,0.6717398001055699
2974,2.1558939834817335e-13,1.0372902265975142e-12,1.0702592771363616e-13,0.6617253992502811
2975,3.4065890202669e-14,6.039154956104655e-14,1.1241246224315253e-14,0.6851382640714292
2976,1.3046813944568226e-12,2.220209214365994e-12,1.2247788470616435e-12,0.733514586626552
2977,6.28476900977226e-14,1.4071740927304608e-13,4.1162238090404507e-14,0.674919527664315
2978,1.7050229186551027e-13,3.0985266653973964e-13,1.1251174884103681e-13,0.6713267353188712
2979,4.854132891472114e-13,2.3920595106156655e-12,2.6703689187002053e-13,0.6990880738128908
2980,1.1067809521244501e-13,1.0954045633036772e-12,8.050451429220375e-14,0.6844356595480349
2981,1.5344376131963702e-13,1.7372670648653483e-12,6.371856344988959e-14,0.6652239143761107
2982,3.8280668923042485e-12,1.6482064867432968e-12,2.5131537335739247e-12,0.7099443326354958
2983,1.1487158540833847e-13,2.2030433436103866e-12,1.042955077497647e-13,0.6829942752723582
2984,5.938577094632981e-14,2.0124691676655015e-13,3.169381377599153e-14,0.7090356844943017
2985,3.874533487384503e-14,7.250037636215718e-14,1.5495647034962484e-14,0.6809825919219292
2986,2.8407287645053517e-14,5.148676202735306e-14,1.4512340314633557e-14,0.6816396397014615
2987,8.888688887393587e-14,2.7293431647751493e-13,7.237448777204595e-14,0.6796193931077141
2988,2.341779055915081e-13,4.0785346177582963e-13,1.3230771182541834e-13,0.6941181309171952
2989,6.842511080050865e-13,1.6197479035626916e-12,2.9898799642413686e-13,0.7014087070943787
2990,2.1203645453707164e-13,8.677906703790511e-13,1.2581054786607305e-13,0.6907825598376803
2991,1.8072538459788944e-13,1.2739276904480786e-13,1.026996170366624e-13,0.7024043488316238
2992,1.1118962936247906e-13,1.0048184776365395e-13,9.183198258766517e-14,0.6785879724833649
2993,3.525270791026881e-13,5.366160939242515e-13,2.7735823801015065e-13,0.687167431000853
2994,8.71143090930432e-13,1.3474495159421862e-11,4.4471498236978796e-13,0.6647953708976274
2995,1.9030705157053817e-13,3.431433541255713e-13,1.4766903849054193e-13,0.6702714450657368
2996,4.678240481217617e-13,2.4767324196716384e-12,2.946221563058066e-13,0.674302467261441
2997,7.82093083575103e-13,5.45932718577908e-13,5.43884271542518e-13,0.6951941234641709
2998,6.325703889797234e-14,3.6536456421071107e-13,6.234907627996002e-14,0.6786123850964941
2999,2.4901367349110914e-14,6.268694724463918e-13,1.1880784574038647e-14,0.666205004407675
3000,2.7003219000518314e-13,1.2695135833186094e-12,2.835905239759668e-13,0.6748623827879783
3001,6.810011081169608e-14,8.573227660787155e-14,3.4260480196295654e-14,0.6790248399251141
3002,1.3891077959072911e-13,1.3186714235933655e-12,6.83855431314155e-14,0.6831292672548444
3003,7.62204442906297e-12,3.273985302357879e-12,4.804428992899547e-12,0.7278480517910794
3004,1.5898333236199035e-13,2.2002891650150595e-13,7.201514268493693e-14,0.6816094345704187
3005,3.276190649938602e-14,5.322259886561124e-14,2.1291405870552106e-14,0.6746587072848342
3006,3.8095840164450003e-14,1.6379886899944084e-13,1.901017582892722e-14,0.6835978174232877
3007,9.669040283337823e-15,1.7298826626975297e-13,7.212354700260312e-15,0.6799236619845033
3008,9.223299159559333e-14,5.822380579283519e-13,8.32308808010813e-14,0.6646908098715357
3009,8.365094498301042e-13,1.2361707116620058e-12,6.16826937295744e-13,0.6971015561954118
3010,5.366878649836512e-14,2.4900522294230683e-13,3.357039487101294e-14,0.6718169109604787
3011,1.4368062379345348e-13,4.949308560346423e-13,1.515237879222065e-13,0.6681862251251005
3012,1.598029932352391e-13,2.8594280912869147e-13,1.379883540982258e-13,0.6840928987483494
3013,9.977275564958661e-14,1.028587803332535e-12,7.33424608468519e-14,0.685627739148913
3014,4.022800089344372e-14,2.6968412024874997e-13,2.793424988757123e-14,0.6715969750657678
3015,5.148735330729474e-14,1.5074724172284647e-13,3.0833165452039896e-14,0.6896522404567804
3016,1.1052485746886537e-12,1.0335716179978178e-11,8.063309035342312e-13,0.6830716550117358
3017,1.5903653182449813e-13,5.038142964291099e-13,8.027358909631626e-14,0.6771588558098302
3018,1.984168736410061e-13,1.7685841066447011e-12,1.7887043158985733e-13,0.661969987442717
3019,6.577696823434042e-14,7.196161485626245e-14,3.8621362995932076e-14,0.6879020669090096
3020,1.2987776066896934e-13,1.7373986963017528e-13,7.136958512083738e-14,0.68621553198318
3021,3.077703463296467e-14,6.789876281612429e-14,2.6366484590117533e-14,0.6882814829878043
3022,7.910512082721691e-14,5.659529267935304e-13,1.0711502626820216e-13,0.6874073698825669
3023,2.1086573711181614e-14,2.5738620829981768e-14,1.4976241708189482e-14,0.6813709217880387
3024,2.6247799655713774e-13,1.6011988116331387e-13,1.80248856898027e-13,0.7002086769207381
3025,4.5442260213356853e-13,1.3535241188218422e-12,3.5269833051593855e-13,0.6197529408847913
3026,4.3271286511767015e-14,9.102433316328339e-14,2.0446591599924776e-14,0.6745006091194228
3027,9.257454386174567e-13,4.429046258239983e-12,6.489976505280801e-13,0.6812160220579244
3028,3.1733758519677134e-14,8.895029353640944e-14,1.5414757760156594e-14,0.6811025140341371
3029,8.118245299818365e-14,1.369072606138438e-13,2.4246376929040087e-14,0.688344855554169
3030,8.66196881333297e-13,4.849011257911053e-13,4.577397454681915e-13,0.7116513054235838
3031,1.3066785488300328e-12,7.001078629706953e-13,8.236496757357082e-13,0.7021877636667341
3032,1.141641374969806e-12,1.177273514745574e-10,1.3243640385532973e-12,0.6583461989706848
3033,4.16027294674598e-12,8.70084046386593e-12,4.024847798306007e-12,0.6720834530540742
3034,1.7723939585230117e-13,1.699521358866243e-12,1.8573420136750104e-13,0.6853341046080459
3035,1.7247565202840219e-13,4.553193584385799e-13,7.228172532974418e-14,0.6679954193910816
3036,8.624422868097815e-14,9.110168966090093e-14,7.297277132342454e-14,0.6802601645642425
3037,2.5304229050464895e-14,2.144761521867443e-13,2.0546726416198695e-14,0.6785290488682222
3038,5.276785004948535e-14,3.216619869902172e-13,5.596194969627335e-14,0.6776761293469462
3039,1.4733545622209915e-14,1.5835855745122328e-13,1.434676157814889e-14,0.6852415017900058
3040,2.3202357543727214e-13,6.498283489588371e-13,1.1752901924817712e-13,0.6751924306445289
3041,4.2107790085719485e-14,2.197100498812241e-13,2.98057854396768e-14,0.6733705234597437
3042,1.4029445679946537e-13,6.491066319747321e-13,9.42882609191218e-14,0.6693447924975772
3043,1.7017606709658886e-12,4.829535201268621e-12,1.7809249183388606e-12,0.6881413303664885
3044,5.335803255612874e-14,3.806993868688459e-13,2.2128434888049086e-14,0.6864836869877763
3045,3.065198604311442e-14,2.3457530792126213e-14,9.692314597533829e-15,0.6808421156834811
3046,1.9092370377650677e-13,1.4322378736777357e-13,1.1794653505499852e-13,0.6856760313501582
3047,4.41204534886311e-14,8.893292865298085e-14,2.878100666595872e-14,0.6829627674887888
3048,8.028951424500088e-14,6.127893301657794e-13,6.533024494073266e-14,0.6914223719504662
3049,5.062235138524371e-14,1.241399478449116e-12,6.446908754091448e-14,0.682187053054804
3050,2.920616954326963e-14,1.466430731298802e-14,1.4106600303024673e-14,0.6809977556753438
3051,2.0981483795519825e-13,4.4395933317484553e-13,1.6595587469124082e-13,0.68023403811967
3052,1.2766810478179853e-13,5.526440265314985e-13,1.0452417277471946e-13,0.7210998498136177
3053,1.7038102721769925e-12,8.143499413876166e-13,1.2853044644497555e-12,0.6221652377571445
3054,5.529332626341312e-14,5.167534709592562e-14,1.139770777996725e-14,0.68187014827854
3055,4.365411906696078e-14,3.22695222658906e-14,1.9953366102478824e-14,0.6817134860611986
3056,9.043642379664871e-14,6.640647495465437e-13,6.798475657951236e-14,0.6871029281348455
3057,7.391448995186232e-14,5.198179774803139e-13,6.994233447047249e-14,0.6677382583846339
3058,2.6835142304493356e-13,4.0107005462980596e-12,2.9439972983184255e-13,0.675277296488639
3059,4.292885833486392e-14,1.2810950794097052e-13,2.94428468908137e-14,0.6840765170520171
3060,7.461304724236119e-14,1.3910384575892914e-13,6.400927446965571e-14,0.6681774234544718
3061,8.234327970351022e-14,1.7049624961206255e-13,5.098913470153153e-14,0.6616893237805925
3062,1.1292964256938746e-13,5.403179024646471e-13,6.808995676985876e-14,0.6683021258329973
3063,1.5121629175835638e-14,1.4719673445076347e-14,1.0155507629498684e-14,0.6825576004688628
3064,4.740758827694445e-13,4.259231059999007e-13,2.558423048053183e-13,0.6991183151490986
3065,4.3690882613558835e-13,1.72758839525946e-12,2.880527610054619e-13,0.6989810262341052
3066,1.1161518746808902e-13,2.3919856820615537e-13,7.457588039622291e-14,0.6826481045747641
3067,2.8090413991566693e-14,2.2009050365294526e-13,3.156679606268806e-14,0.68017780634691
3068,1.0972582968584481e-13,1.5945751371080951e-13,9.418395727678038e-14,0.6976630939636379
3069,1.2620575320881449e-13,2.255610107231508e-13,7.36827251281055e-14,0.6725157228414901
3070,4.248511432228225e-12,3.3461881284011874e-12,3.5815083656371495e-12,0.7402161054778844
3071,1.863512411083459e-12,2.2609249158111968e-12,7.190015042431832e-13,0.7065955006983131
3072,5.2387924957564944e-14,1.498011254799417e-13,3.6680507640860286e-14,0.6917986407061107
3073,1.3163275711258242e-12,1.700954161681138e-12,8.681266140930134e-13,0.7239561853930354
3074,3.6825908025593315e-14,1.6464387287910725e-13,3.334599648334656e-14,0.6825374606763944
3075,8.572211077921573e-14,1.3411435796664236e-12,5.861781807436018e-14,0.663904073057347
3076,8.836540908847963e-14,2.693034620586618e-13,4.731193461788549e-14,0.685127170738997
3077,6.942895662361766e-14,5.540265009159981e-14,4.2880040578928366e-14,0.6801610186696052
3078,5.142480591153674e-14,1.2429683668299163e-13,2.806562369101614e-14,0.702619251946453
3079,3.060624575249937e-14,2.5796263160676596e-13,1.4936658400050152e-14,0.6809132645139471
3080,1.1605594109973247e-13,1.3629511383939714e-12,1.3684536823620095e-13,0.6848212592420169
3081,5.088060778165215e-13,6.967677604094853e-11,4.2885153573798333e-13,0.6591397643700475
3082,1.1850574329098482e-13,2.1183396280690244e-13,8.104477808149246e-14,0.6987868219148368
3083,1.7543934524229317e-12,2.9571282769041647e-12,1.6677321357192837e-12,0.6534855937876273
3084,8.621048813310191e-14,2.9496224347646723e-13,4.862853628202872e-14,0.6853128549875691
3085,1.3605031294724197e-13,1.5784975538066962e-13,7.698517110822264e-14,0.7033031541155651
3086,1.5012625660156632e-13,3.7179122342885946e-13,1.1329677521519761e-13,0.6732831854373217
3087,6.20599202512006e-14,3.624585037911074e-14,3.321706438101925e-14,0.6838072475802619
3088,1.8036529298579792e-12,5.708458502424311e-12,1.5718529043536227e-12,0.6947130049928092
3089,2.4823962217472446e-12,5.876238752436365e-12,1.5676033680041162e-12,0.689733286749106
3090,4.812624534801997e-14,2.64441788699991e-13,2.1995392995272146e-14,0.6842353159969207
3091,1.907155356482814e-12,2.7777062429684136e-12,1.4826038337198512e-12,0.7318915812298655
3092,5.84733917706708e-14,1.1827915610999947e-12,4.226498799320799e-14,0.6911948604683857
3093,5.887042740676444e-13,1.1305483030908352e-12,3.438074465900341e-13,0.656718589051161
3094,7.982194547502547e-14,7.00924780732044e-13,3.653047572771121e-14,0.670891942869639
3095,8.319455061424785e-14,1.1868552729984224e-12,8.127999449275492e-14,0.6587695203197654
3096,4.1297902381742165e-14,2.306595703499249e-13,2.8870504496936836e-14,0.6894604108820204
3097,4.598370370406626e-14,2.0114064305061022e-13,3.585345146872701e-14,0.6856921397789847
3098,4.4881679716403855e-14,1.1772909529916325e-13,3.4629198791207097e-14,0.6880281408957671
3099,6.041542639633874e-14,3.056644577594373e-13,5.716240970449985e-14,0.6697008680057479
3100,4.589017171894008e-14,2.9038162473812913e-13,3.026285162952742e-14,0.6827812585572246
3101,3.6094768453461695e-13,4.387586106336292e-13,1.927889677692871e-13,0.6828207312209997
3102,2.7781295731992343e-13,1.72982516686549e-13,1.8492555482598125e-13,0.6815362887806259
3103,5.965159323559961e-14,7.363969844951682e-13,2.6389771287723912e-14,0.6713575084460899
3104,2.326703564351774e-13,3.034253431113401e-13,1.451902741471571e-13,0.7175608686171472
3105,5.891947494391684e-14,1.5915037598391947e-13,4.2437592138592225e-14,0.6767892305098939
3106,2.180116265834084e-13,1.9854044088555203e-13,1.0987798513511924e-13,0.6970627714530565
3107,3.460578934929915e-13,3.1191495711066165e-13,3.0076852536887413e-13,0.6872764351312071
3108,8.037168423989301e-14,1.8067765943847125e-13,6.813154160508006e-14,0.6810782826447394
3109,1.243682644744771e-13,5.022350130373534e-13,9.181244879553938e-14,0.6849938070576173
3110,1.2348212388925101e-13,1.3289339793884762e-12,7.821580205218564e-14,0.6778845335589722
3111,2.3068791356738627e-13,1.2890313215201514e-13,1.7050862552871415e-13,0.6906159247097093
3112,5.794055728190189e-14,1.3876311004062544e-13,5.131624859330846e-14,0.6962813063757494
3113,9.560399949593023e-14,2.7348615765005153e-13,6.342697302512856e-14,0.7125489198602736
3114,5.767762692717837e-14,4.931734844928316e-13,3.450546756371756e-14,0.677816434239503
3115,1.4849207358115246e-12,3.265760945831132e-12,1.4124956947588966e-12,0.694846972101368
3116,3.0266496454874693e-13,4.312224005903907e-12,3.304326925003336e-13,0.6803148070117458
3117,5.6239116471337054e-12,9.314344067113357e-12,4.996574915278971e-12,0.7298976572230458
3118,3.6646406662798584e-13,5.075675423915366e-13,2.2570504858467653e-13,0.6877925605163909
3119,2.0900097802978028e-13,2.595279344380429e-13,6.354922573289087e-14,0.7157583910506219
3120,2.1698699156397432e-13,9.758862539346109e-13,7.815634222793348e-14,0.6771712652174756
3121,3.416442289576644e-14,2.863731359216516e-13,2.060020502785373e-14,0.6826797388202976
3122,2.011500720575386e-13,2.594265431513202e-13,1.727986725320523e-13,0.6940357937826775
3123,1.1246741595491326e-13,9.929992393842109e-13,5.0910440305826016e-14,0.6889152224874124
3124,1.9585356865827973e-14,2.7884145225718865e-14,1.1282794780697476e-14,0.6816016887314618
3125,1.291337481779265e-12,1.0059978570967911e-12,9.405923165025206e-13,0.713505114801228
3126,2.3813507673117327e-13,1.3255986571394396e-12,1.7139496662674405e-13,0.6747284334211144
3127,2.4426405398565974e-14,5.4573769744713104e-14,1.5108625335488586e-14,0.6840551024419256
3128,7.109292836016834e-14,3.6879184219500374e-13,4.892528969032487e-14,0.7084026015247218
3129,3.966307696874119e-12,1.7761473131795523e-11,3.05239012358196e-12,0.6732108791416976
3130,2.5427483200861873e-13,1.1263817842166945e-12,2.530808854922922e-13,0.6826704243314452
3131,2.6557173801138027e-13,2.060920463398259e-13,1.226078148801317e-13,0.706455722055398
3132,4.17763465734062e-14,3.327448406076584e-13,2.630738006911074e-14,0.6713474709336879
3133,5.934986064762324e-13,1.0397468527080018e-11,4.5094401117332855e-13,0.6684910112613579
3134,6.857159057232734e-14,3.7838869350880356e-13,5.823742000402667e-14,0.6799363588623237
3135,1.6310947950944539e-13,2.014183758839248e-12,1.0698620061143602e-13,0.6694746336113895
3136,7.243485748669329e-14,2.2990308393879564e-13,5.5827552530129207e-14,0.6732099036686122
3137,4.8318391373051844e-14,2.265972003283404e-14,1.9763783616005943e-14,0.6702143460453953
3138,6.308868902151952e-14,1.7348373023368398e-13,4.2006647362865004e-14,0.685905332909897
3139,2.411330503931233e-13,4.1651974946680685e-13,9.710301235123904e-14,0.6829165883769747
3140,4.328071205865778e-14,4.868210835004705e-13,1.887038870709805e-14,0.6776360883843153
3141,2.532496867328671e-13,1.607972634317328e-12,1.0352505707779555e-13,0.6931295835704077
3142,8.931897181656694e-14,5.194165764945597e-13,7.202331306710728e-14,0.6992421979550272
3143,3.0899259232916806e-14,5.741548872081758e-14,2.4552756991366365e-14,0.6816690274747088
3144,3.592882200386087e-11,5.460656817544768e-10,3.763984535467368e-11,0.6770395032712259
3145,2.3567991454130405e-13,2.2141238443270128e-13,1.5344052354969728e-13,0.6882756126928143
3146,3.4309473152752643e-13,2.446199544285554e-12,2.507718847235824e-13,0.6913673901697621
3147,3.0288273762012257e-13,7.592233008208123e-13,1.9572982195201826e-13,0.6680593468132429
3148,1.9719757587455455e-13,2.6655686314560647e-13,1.0183665598619995e-13,0.700860771513544
3149,6.215663982418378e-14,2.6567401356611844e-13,4.0216858018104537e-14,0.6827000155695714
3150,3.2018122329913044e-12,6.342704193691781e-12,3.53727333755971e-12,0.6880262679420411
3151,4.79454767575832e-13,4.175109247329911e-13,3.7847836480910773e-13,0.7075884092948399
3152,7.611603446211994e-13,4.322647155454994e-13,4.63387562272552e-13,0.7130401056376285
3153,5.77933851627747e-14,1.2885116002081552e-13,2.99825708462255e-14,0.6713015173765597
3154,5.388420188384666e-13,5.367949591218488e-13,2.6106836586073015e-13,0.6499967660696712
3155,9.982889183517178e-14,1.3794489028059603e-12,9.126819519894436e-14,0.6744111226522364
3156,1.6622308704294021e-13,3.726503459769372e-13,1.236659175679588e-13,0.7140001967083662
3157,7.488704061234772e-13,4.1962454263141137e-13,2.932102923721487e-13,0.7047294272459113
3158,2.9754817733613525e-13,3.335056528345151e-13,2.0538033344163833e-13,0.6990412575309165
3159,1.774330706716781e-13,5.918645312207217e-13,6.549508202724623e-14,0.673646446139901
3160,6.170810109586149e-14,2.394684177422769e-13,2.9354037744150997e-14,0.6678062542865518
3161,6.804338131648585e-14,8.565942573881286e-14,5.0150824731383146e-14,0.6874125666159671
3162,6.394684130926405e-13,8.932678392085061e-11,6.323832225212736e-13,0.6578907729184721
3163,1.074465423153252e-13,2.064060749011744e-13,5.844207346168535e-14,0.702662015054375
3164,6.592799956830892e-14,1.9060525343261316e-13,5.574728702026761e-14,0.6835602432023734
3165,9.614931498126068e-14,2.86372273709497e-12,7.115648791150409e-14,0.6671300429210533
3166,5.3884197467311975e-14,2.74904328559994e-13,3.7808214993871893e-14,0.6709768440865446
3167,2.7655042882805598e-14,3.612810103246755e-14,1.5783502653067033e-14,0.6817431831150316
3168,5.493177993786976e-13,7.224840768361353e-13,4.3197183598937506e-13,0.7067712543648668
3169,2.070831021930886e-14,4.2280977979130525e-14,1.1427597045310446e-14,0.6818222449335736
3170,3.3091584947039454e-11,7.742347774715135e-11,3.7062782278566496e-11,0.6918630545958877
3171,5.685978621621294e-14,1.3250496033497443e-13,5.33352585741431e-14,0.6870548880309798
3172,4.5073268991786225e-14,1.3019198579450757e-13,2.505753057189093e-14,0.6866239866940305
3173,1.3433458895970147e-13,1.4707374976656376e-12,6.52386895898014e-14,0.6613285813451512
3174,2.7182351137563682e-14,6.982279253549947e-14,1.3534907960794498e-14,0.6918170434189961
3175,1.297057313058718e-13,5.723246405768507e-13,6.2689485034216e-14,0.6908337149245198
3176,3.2001630611169496e-13,1.0502483088565395e-12,2.5934721344169313e-13,0.6820544531743508
3177,1.3233729958490599e-13,1.3651497696453632e-13,7.073997911413759e-14,0.7096771935001016
3178,7.815272010681852e-14,4.988875285141206e-13,2.2303059814920176e-14,0.6777784359932412
3179,1.7453868009278367e-13,7.824347631501247e-13,1.2820282308173907e-13,0.6705635881982743
3180,3.3444564581561284e-14,1.6929803679516984e-13,1.876110013232041e-14,0.6749825276085175
3181,1.3554364845607244e-13,2.413443440459722e-13,8.698689885004178e-14,0.6921991709037684
3182,3.2893903151808836e-13,1.1770364607657603e-12,2.614820020822049e-13,0.6761370321444702
3183,6.447311786898237e-14,2.603747739989702e-13,6.856939046880066e-14,0.691072819090914
3184,1.9994941205020826e-13,9.874220857704486e-13,1.3557462531101387e-13,0.6610670097812544
3185,9.322462871014109e-13,9.126354244173317e-13,7.247545203333568e-13,0.6908455254451837
3186,8.773314638670174e-13,3.8072565696829134e-12,4.380842750940132e-13,0.6926336369593628
3187,6.710080556837604e-14,6.973835454000669e-14,4.9582420875031004e-14,0.6969478888669982
3188,5.817965079415806e-14,5.418852195531763e-13,2.3254883628701164e-14,0.6720449250045931
3189,1.4044552267437094e-13,3.969068471150632e-13,1.026564706299142e-13,0.6763104236568325
3190,9.675639462750881e-14,3.349507970816283e-13,3.8766785003382976e-14,0.6873905910702888
3191,1.862221475030345e-11,2.7420407173797112e-11,1.3507887771821814e-11,0.6958007185487076
3192,2.6378937710696394e-14,2.6599462279009117e-13,1.2760810260537954e-14,0.6771628397400491
3193,2.6887975247012854e-13,6.03081510384049e-13,2.372120219508291e-13,0.6841189378581476
3194,7.240646982027898e-14,7.829352847386071e-14,4.49083282652141e-14,0.6805202587740495
3195,1.1790277967052874e-11,8.359696688217951e-12,9.726634353758273e-12,0.7372321847360581
3196,2.5220756399344906e-14,2.0880559238146287e-13,1.2278678283059788e-14,0.679966427932959
3197,1.2015425161825528e-13,1.8552956283408257e-12,5.139137901729451e-14,0.6841772236744873
3198,4.778545372900757e-13,5.821498375256831e-13,3.1448937544360125e-13,0.6882181408058387
3199,2.0882651202489736e-13,5.552513498803609e-13,1.1140208416277592e-13,0.6929614552180283
3200,3.963211867293775e-12,3.867637968105291e-12,2.6614704748655907e-12,0.6887356260209344
3201,3.99773414780776e-13,6.094472897524971e-13,3.5759283979841263e-13,0.6863311580615118
3202,7.103611476648521e-14,6.907612503823604e-13,5.242619244240728e-14,0.6901531525247264
3203,4.561561858488105e-13,1.08095348969725e-12,2.673979259381518e-13,0.6886202942987438
3204,2.5718979779141204e-13,9.002103844304494e-13,1.4213255016716433e-13,0.6734814639843535
3205,9.990811291081734e-14,2.386997061129084e-13,9.101378290743943e-14,0.6876226359396241
3206,1.2063854843825208e-13,1.5541300557389498e-12,7.469480146650862e-14,0.6937565699336119
3207,4.9470896664375347e-14,1.0894177476821457e-13,3.406162230195209e-14,0.6837005837936886
3208,3.5042028124101334e-14,7.609422918323538e-14,2.8195171750053623e-14,0.6900198137911502
3209,3.8889398999119846e-14,1.4808150664750022e-13,3.069686769039577e-14,0.6822160647134297
3210,3.985177543980146e-13,3.9009649886369347e-13,3.762621168319566e-13,0.7016301123774611
3211,1.978645404434553e-11,4.3293231192614205e-11,1.971066241045204e-11,0.7113395847845823
3212,5.82761310617336e-14,3.5074471365683957e-13,2.2835119963112052e-14,0.6802383051021025
3213,3.226258163063088e-13,4.272120184494517e-12,2.007170134190329e-13,0.6641779635159765
3214,2.2309589035849517e-13,1.4688676440589924e-12,1.0957617585718807e-13,0.6751925546152051
3215,9.081589008601032e-14,5.35374836090676e-13,5.104618207579494e-14,0.675327087752521
3216,6.840467785272563e-12,1.0160514235833458e-11,6.787079458189934e-12,0.6532617919961922
3217,1.0165693416859095e-13,2.4762799488583623e-12,5.73132898345688e-14,0.6581308890716173
3218,1.3338934468902483e-13,4.2009610516266303e-13,1.0231380437613184e-13,0.6824828288808931
3219,3.011296619522832e-14,6.919638810995153e-14,2.3066565789865147e-14,0.678093776066089
3220,1.4134995104512018e-13,1.5012832496625332e-12,1.3116672597797698e-13,0.6719760119158309
3221,7.311329334897154e-13,1.2900022073113255e-12,6.204688553253973e-13,0.6511158009030623
3222,1.046589401296185e-13,2.2657906190394526e-12,1.0006842035824884e-13,0.659869653408532
3223,2.6331903686168338e-14,1.4845251431298035e-14,1.1933684942432647e-14,0.681663135625422
3224,7.511068395053516e-13,3.436055166399944e-12,7.248541411759753e-13,0.6858173432119656
3225,3.9466912471530666e-13,3.735375476890986e-13,2.14513426760507e-13,0.6991662310785614
3226,8.227709714167832e-11,9.369280616116979e-11,2.8557433940928992e-11,0.7224782583070919
3227,1.9020673498106296e-12,2.0727048977897277e-11,1.7154569475775011e-12,0.672017051896546
3228,1.8847570666607628e-13,2.5794205434007807e-13,1.2337761388408949e-13,0.6810899974487257
3229,1.6540468328670427e-13,7.439232451038443e-13,1.355164119663226e-13,0.6717155084130354
3230,2.1769752017835965e-13,2.9163961898025327e-13,1.4701875874119661e-13,0.6830176799267065
3231,5.3666946119812265e-14,1.4934094510713746e-13,5.643951709605814e-14,0.6820417388167698
3232,1.1495710421866673e-13,2.7904995442661886e-13,7.67018504123354e-14,0.6897427034273278
3233,7.815373302414739e-14,6.89007662377378e-14,6.370675295554415e-14,0.6823372765386011
3234,5.843600104291674e-14,6.339842189763739e-14,4.123076332124866e-14,0.6896723018260673
3235,4.232801506461251e-14,2.3649028247665417e-13,1.2582060827171083e-14,0.6844584408623632
3236,8.006982045014717e-14,4.133150139844698e-13,4.2448043059323334e-14,0.6862505079305266
3237,2.0409164622525476e-13,1.558711321703572e-13,1.760787811235933e-13,0.6864901556633413
3238,5.920737180018615e-14,1.956678374108419e-13,5.672968854745701e-14,0.6869401450443547
3239,1.3584020061478944e-13,1.0802970078661506e-12,5.2758617263159824e-14,0.6944489929301199
3240,1.0166289762409501e-13,3.4537653055796305e-13,4.5214858769273173e-14,0.6968824046314694
3241,2.603460563759149e-14,2.4888784669463188e-14,5.1770699093121586e-15,0.6810550115420483
3242,5.283752451170769e-14,3.7527089871958706e-13,4.2184627295997017e-14,0.6761539590661414
3243,9.723374113101525e-14,4.9581498015724627e-14,7.351854686950683e-14,0.6920020825578831
3244,3.7287938015514064e-14,2.995966919895427e-13,1.449341104360664e-14,0.6801912656053901
3245,2.498575867696622e-13,8.266530772158989e-13,6.610187564930701e-14,0.6909499945584685
3246,9.16161845306552e-13,1.8490177356509388e-11,6.230773482460966e-13,0.6673260224255501
3247,1.6024560412197244e-13,2.1921562264639135e-12,1.2042847205574267e-13,0.6682976089738076
3248,5.5077799997259954e-14,4.572621958265232e-13,3.794920693356343e-14,0.6627190186118241
3249,1.6275862334616285e-13,3.5082902067744727e-13,1.0943863311884006e-13,0.6809533616469707
3250,1.2663553731709946e-13,3.115963776374819e-13,4.251644964186302e-14,0.6880620400130283
3251,1.459394440862357e-13,3.0833938037408603e-13,1.1124607747193236e-13,0.6659840678650653
3252,9.664176747853566e-14,1.2664293671793015e-13,6.704475071065945e-14,0.6875587849528528
3253,2.1296894555159258e-13,2.0852879180034894e-12,1.7836592810219952e-13,0.6670624975231476
3254,2.0351567949756083e-13,1.2662075926766173e-13,1.054315507025922e-13,0.6733376547519583
3255,4.253491662062326e-14,1.8555185457147094e-13,3.969921746976844e-14,0.6823133922531269
3256,3.9977622982280924e-13,6.461101142463326e-13,3.29150679336924e-13,0.7017568225041032
3257,2.3588810794117463e-13,4.743726673902805e-13,2.2234350629907467e-13,0.6741748851170997
3258,1.3132907865822492e-13,2.912726811901505e-13,6.300854395476823e-14,0.7020818885532207
3259,4.7143839649218696e-14,7.62671044706453e-13,2.5228810681388376e-14,0.6647538704564795
3260,2.606993314137168e-11,3.648447382283506e-11,2.4487120135590886e-11,0.741991062881425
3261,6.839974900785774e-14,1.4571465742591204e-12,6.186233716209828e-14,0.6659803753194865
3262,9.857305911884625e-14,1.5686736388214391e-12,4.852229117266803e-14,0.6631080972380005
3263,1.3488272818451375e-13,1.6922549887914216e-12,1.0266759225524456e-13,0.664062101743184
3264,1.9371354059595844e-12,2.4577514304618378e-12,9.767200870471785e-13,0.7573019786737859
3265,9.511361367438917e-14,3.100177185864978e-13,7.054396307568307e-14,0.679260849027196
3266,1.3221235529802666e-13,4.241262907906191e-13,1.1872030200414737e-13,0.681294911832083
3267,2.8209708763597268e-14,9.525859824018342e-14,1.1926630126427885e-14,0.6853533158195205
3268,7.29462978265133e-14,3.0321896197892155e-13,4.3435138693849836e-14,0.6798004649055656
3269,1.1544736609444418e-13,3.7396844951026585e-13,9.049489921363787e-14,0.6883180289587472
3270,3.317575967372869e-13,3.5585393064153413e-13,9.708423427226716e-14,0.7417220349889249
3271,4.734449380878677e-14,2.7391095449947595e-14,2.440684538322126e-14,0.6815616103413049
3272,8.110253303334864e-14,2.281823295815196e-13,5.985502484067435e-14,0.6745423681219108
3273,3.5145092489480737e-13,4.286714000678186e-12,2.5400339372146744e-13,0.6640143725526286
3274,1.1356563485843655e-13,2.2118802100285186e-12,6.702479808327827e-14,0.6642557405051775
3275,6.861135617702803e-14,1.182360038402044e-13,6.184497158375177e-14,0.6877952202223241
3276,7.938349542815797e-14,4.613262960246655e-13,7.783860609056551e-14,0.6832512640045024
3277,8.263937091578861e-14,2.483673293016287e-13,6.207356876049789e-14,0.679168638313422
3278,5.466701571744101e-14,1.4570640919250935e-13,2.738863030173967e-14,0.6683909896179102
3279,3.153377095764583e-14,2.048529615878723e-13,1.4500164487413627e-14,0.6724672773241764
3280,5.751945669176094e-14,3.260736821770934e-13,2.001239136384313e-14,0.6767367347783875
3281,4.929210461724588e-13,7.28560771764762e-13,3.1536763876845895e-13,0.6607614561449736
3282,5.205787651726686e-13,2.6091068931217135e-12,3.460306427239469e-13,0.6816354660782963
3283,1.6164547630581437e-13,1.5890340869985357e-13,5.5408977423262286e-14,0.7150706384796649
3284,1.1962054431551044e-13,1.3244345604178857e-13,4.494126796845576e-14,0.6827052618376911
3285,7.00168769061093e-14,5.597729055757266e-14,5.443194731641163e-14,0.6845652569551021
3286,1.9172844943787442e-14,2.2274931135072192e-14,1.1022424464428953e-14,0.6827298199059442
3287,6.284112536851201e-14,6.3824901615123e-13,4.1515385336529135e-14,0.6711259783565765
3288,9.262066943005309e-14,1.6259248531976303e-13,3.30484432787444e-14,0.6834770299261436
3289,4.522902912978037e-13,5.709262616882417e-13,2.7147557173390854e-13,0.692629363166634
3290,2.8516476957166845e-14,2.3246770296632794e-13,1.5732159366852837e-14,0.6772879108902998
3291,1.2002274455883892e-13,1.859863253302928e-13,9.533348653364719e-14,0.6829184988688212
3292,5.290886875508801e-13,6.332967750633432e-13,2.4570055453214597e-13,0.6824784967291635
3293,2.75214229534025e-13,5.741379046993767e-13,2.3004008521276583e-13,0.6931704186426941
3294,4.898127946228378e-13,4.764551700090317e-12,4.314209815354141e-13,0.6759252202580683
3295,2.1576736845618944e-14,1.1747169467382114e-13,1.671169548428654e-14,0.676634399581235
3296,1.4828708838553358e-13,7.433111392891416e-13,9.959070852759866e-14,0.6762704677938018
3297,6.154932337898621e-13,3.208493219787888e-12,4.034698900752852e-13,0.6806199937418569
3298,5.721984450495416e-13,6.245336132652388e-12,5.594646698590573e-13,0.6569022952520754
3299,1.5289182123113946e-12,1.2032426624411177e-11,1.095359889249437e-12,0.6915033973113168
3300,8.379102880855244e-14,1.9327246171220652e-13,8.11658826284625e-14,0.6704314163769596
3301,3.981880024612865e-13,9.422831299171157e-13,1.7558319322732762e-13,0.6987849224940874
3302,3.788370268307139e-13,3.17761122206741e-13,2.001835068233004e-13,0.7000871153781191
3303,7.14486348153152e-14,9.697001830100014e-14,3.0290183532689864e-14,0.6865987879631575
3304,8.366238907584006e-14,9.507660421691902e-14,5.964770522046007e-14,0.6853926336334553
3305,3.533238648525906e-13,1.795539187587977e-12,1.6905559668551066e-13,0.711700041370932
3306,1.3118603180282411e-12,9.224762648943985e-12,9.151188384593819e-13,0.6951134564413224
3307,3.4247266617588884e-14,4.651837857791715e-13,1.2573673718674455e-14,0.6762061097892001
3308,9.56791197263378e-14,3.725289693671835e-13,7.881300676312855e-14,0.6942275118606631
3309,1.3497455837468556e-13,3.457623824149915e-13,5.079880954695515e-14,0.6940626511350274
3310,1.8299947090268034e-13,1.4200091982145796e-12,1.8681443014393666e-13,0.6699448534607655
3311,4.2478936451814034e-13,7.223096373452407e-11,3.6433073120029317e-13,0.6581518536928342
3312,1.1094776957342576e-12,1.586930201363206e-12,2.6705883543573606e-13,0.6888838236045558
3313,2.7363274174212457e-13,7.697091432124774e-13,1.8907201064583588e-13,0.6926956578157842
3314,5.782160832991227e-14,1.6710902873566435e-13,4.868939137736649e-14,0.6820350571011659
3315,5.72881069291649e-14,7.074625530082975e-14,4.780686717183222e-14,0.6804000744537916
3316,4.29745204434783e-12,5.772861112627899e-10,9.487647776538867e-12,0.661214695419767
3317,7.69411595556699e-14,1.1448090388955566e-12,6.467249150856785e-14,0.6754875877464656
3318,2.4529405499673905e-13,3.7808455856380426e-13,1.684931308933548e-13,0.6995195834781043
3319,5.852989552254967e-13,1.4577056501385164e-12,2.979641480544995e-13,0.698401637095958
3320,2.9575569439479656e-14,9.153004542679908e-15,1.1327925080732764e-14,0.6787534178234637
3321,3.9694186769740573e-14,1.0245974506366357e-12,2.7583207904693565e-14,0.6668203762965277
3322,6.725707227996212e-14,1.0338945871708332e-13,3.94298077888742e-14,0.6686718363838736
3323,7.864247730890982e-14,7.157883988260657e-13,8.55614020287422e-14,0.6750144090561662
3324,6.440175703789175e-14,1.7096711708772296e-13,5.644542379521956e-14,0.688651008636225
3325,3.6289739629312525e-13,1.6079923783812855e-13,2.427712630812625e-13,0.7081179120810702
3326,3.454760319655191e-14,3.305539010906185e-14,2.5897309578693076e-14,0.6804358591383789
3327,1.3176473359856477e-13,1.888272508744763e-13,8.67895476208589e-14,0.6929659246059601
3328,1.620891700910497e-13,1.184016926387626e-13,8.428092773679225e-14,0.712195869954303
3329,2.6068534584121327e-13,1.046395776367858e-12,1.8613727593024954e-13,0.6939051070716232
3330,9.910614135127719e-14,1.9856019924177472e-13,7.807829374542091e-14,0.6842920204391703
3331,4.675081571844224e-14,5.969159792175299e-14,1.7287990411115205e-14,0.6850651775021106
3332,1.203563686650883e-13,1.7524330766672005e-13,1.0359064045115671e-13,0.6818684697675053
3333,7.34528646407871e-12,1.3475647519158031e-11,6.0445953060981734e-12,0.7316664230078459
3334,5.000934897729179e-13,5.564445730020177e-13,2.687898281518424e-13,0.6246227463008835
3335,1.8750224829806074e-13,2.06085261594774e-12,9.207679202175974e-14,0.6713379154680297
3336,3.857140694991892e-13,8.144869476603106e-13,3.036362767304736e-13,0.7200097319670021
3337,1.5520878248469743e-13,5.46864747305068e-12,1.3592144154049034e-13,0.6644960821344285
3338,1.0010974257358737e-12,1.2625299923373846e-12,8.727526539031897e-13,0.7128512457944453
3339,5.277673496936928e-14,7.73118405006631e-13,2.511174336741449e-14,0.6733207272627624
3340,1.5778732411332067e-13,1.2098089350831217e-12,1.1460002020074138e-13,0.6924523904861417
3341,7.739107045009765e-14,7.116933614116764e-13,6.16098199849429e-14,0.6810678182228003
3342,1.746458327733692e-13,1.287111470806645e-12,1.4273059350851784e-13,0.6926254260586575
3343,3.292332867139721e-14,4.8263924552524635e-14,2.0140420206544807e-14,0.6806561125384178
3344,6.454693825646164e-14,1.3521856447313982e-13,3.108611241405288e-14,0.6702073133637896
3345,3.72799564236899e-14,9.177790389303719e-14,3.328376452997805e-14,0.6699968708766392
3346,8.585859873392348e-14,7.886366723784536e-14,4.995617934078978e-14,0.6831592613307294
3347,1.1656309830939415e-13,4.2401984304721445e-13,8.743344897271166e-14,0.6882399259717203
3348,7.803301706649984e-14,2.014620518353087e-13,3.624464496684301e-14,0.6920621843310073
3349,4.531421950862199e-14,1.922015922796241e-13,2.788417463908384e-14,0.6784671543980949
3350,2.3413998283411642e-12,2.057885197698272e-12,1.5884181676061675e-12,0.7321578551782295
3351,1.2040968212842805e-13,1.5745654003186568e-12,9.900212922215197e-14,0.6747600198897998
3352,3.0691805857888795e-13,2.188112796899551e-12,2.4969746652614945e-13,0.6770961776084732
3353,2.8270925987759696e-14,9.605340029924745e-14,9.01901466337375e-15,0.672095403179992
3354,6.189223308099925e-14,2.7104716437634867e-13,2.774094801284177e-14,0.6870393466961104
3355,1.3202706187270396e-13,7.726375058829775e-13,1.2031553743737503e-13,0.6762733034382109
3356,1.9206318529756847e-14,4.552833190326952e-14,1.2010350321422094e-14,0.6832628433359786
3357,1.4696356322723683e-13,1.977781747453157e-13,6.874321606322473e-14,0.6891314749664161
3358,4.058972140074466e-14,1.7520755449928177e-13,2.0324008466755997e-14,0.6823086542019154
3359,6.620485987546827e-14,6.568395486851396e-14,4.003631306874879e-14,0.6721710041019833
3360,1.4487615347767862e-13,2.616306265199417e-13,8.905698861882531e-14,0.6869705645600334
3361,9.91148551676687e-14,2.8490799885115276e-13,9.45784529149772e-14,0.6578835037944373
3362,1.5832658045819854e-13,4.007986504915973e-12,1.5810110253304237e-13,0.6580827587167732
3363,4.562972082183617e-14,1.569966791898487e-13,3.237878130445955e-14,0.679366237623617
3364,2.8478024708092316e-13,2.39507991849228e-12,1.6239329547396328e-13,0.6897930036589969
3365,3.215746746711111e-14,7.378872151844949e-14,1.6285061386773152e-14,0.6898341534484643
3366,1.8643113498006724e-13,5.433494300304328e-13,1.0983882706916156e-13,0.6837684785772581
3367,6.146704597763172e-14,1.0038373742773568e-13,4.6777595527827975e-14,0.6750494792533572
3368,1.976155658447266e-12,1.852108424259493e-12,5.861193869095367e-13,0.6808007151179482
3369,2.8042136096840437e-13,2.139088120367575e-12,2.035362102779478e-13,0.6663444936071755
3370,7.905175218953594e-14,1.3713623524920097e-13,5.988366541348085e-14,0.6864060437888838
3371,4.0076708398259777e-14,3.181556244083692e-14,2.4082598371191026e-14,0.6813035049010068
3372,7.118777583906834e-13,2.233117616470605e-12,4.1632166065907843e-13,0.6864293707127217
3373,1.6746152443913878e-13,5.633477759025809e-13,1.0722414267023192e-13,0.6856404059217311
3374,7.522597612315277e-13,8.897328548565542e-12,4.4141185225710855e-13,0.6725039454991929
3375,4.2542777793321844e-14,6.073835567763515e-14,2.353683514158874e-14,0.6807382739672903
3376,3.9462305383887735e-14,3.748658916747741e-13,2.2613762126291594e-14,0.6695842364104465
3377,1.6560825414776146e-13,3.945601199462724e-13,1.1581859163424504e-13,0.674687654938316
3378,3.487442487597188e-14,1.5288164551179466e-13,2.107436715214051e-14,0.6808323055563961
3379,4.275230235059841e-13,5.926668537365091e-13,2.0063535665688058e-13,0.7331244286848232
3380,2.390508387097998e-13,1.8557123525232962e-13,9.141652380654397e-14,0.7091290837037377
3381,2.287491905402906e-14,1.2732804818166643e-13,1.5927423936900857e-14,0.6727761895337607
3382,1.4558677295222056e-13,3.390101603021376e-13,1.2101894221410682e-13,0.6879816072527319
3383,1.3908964508218133e-13,1.563123847430762e-13,1.1015605484865424e-13,0.7152083612047135
3384,1.0966934745945277e-13,1.0826119379919878e-12,8.972369468624354e-14,0.670608323183842
3385,2.571237211773409e-13,4.491991332239927e-13,1.6344841817980906e-13,0.7006210743333213
3386,5.170483695174688e-13,4.786917594422165e-12,4.045696884781963e-13,0.6691690556763206
3387,1.637901530435507e-13,1.199904902449266e-13,7.094233329245247e-14,0.7003743062727154
3388,9.455563097995685e-13,2.2863085068583965e-12,9.14978111584895e-13,0.7026954421889968
3389,1.5723641674980402e-13,1.3902396315827055e-12,6.606901559715923e-14,0.6659469952224754
3390,6.457035415673449e-14,7.983873884149301e-14,3.7500742934612086e-14,0.6909737242327537
3391,2.0864891824945393e-13,1.5998346463239875e-12,1.2173365576575913e-13,0.6626565632410347
3392,5.653066166418989e-13,6.48641457158088e-13,4.4954270232789275e-13,0.7141216549323872
3393,1.8457722532353924e-13,4.557836082121175e-13,9.988945941621983e-14,0.6808309277403168
3394,2.3997116746285305e-13,1.04583210238284e-12,1.6740875881726023e-13,0.6160563798519434
3395,1.1389864288926867e-13,1.9713662375641301e-13,6.745634445440987e-14,0.6829549100715667
3396,2.578149211172211e-13,2.9556797001131625e-13,9.919546220751946e-14,0.6857558041461743
3397,3.5252461903001776e-14,7.853812674420571e-14,2.199959275760632e-14,0.6790879800915718
3398,5.6668930009547404e-14,1.1357593217430424e-13,2.2012597284156567e-14,0.6837622536870185
3399,1.583404616703684e-14,1.0098964880517533e-13,5.265983905049384e-15,0.6836916469677817
3400,1.3651272154952237e-13,2.378352001717792e-13,6.675960783212513e-14,0.678621967259096
3401,6.083470202312298e-14,7.83107682880367e-14,3.8807790447445504e-14,0.678313503175741
3402,7.082262665641253e-13,9.182681127742073e-13,5.85904690557673e-13,0.7151473919861019
3403,7.211064707445415e-14,8.517733183357666e-14,6.953119343958274e-14,0.6885099412174895
3404,4.3849413154507855e-13,1.388502543031495e-12,2.4931275309091444e-13,0.6822188694728538
3405,1.2158070449607317e-13,1.7465964131895125e-13,8.022796927819164e-14,0.6866582068789284
3406,9.762678021014128e-14,7.535753937996311e-14,7.517445364738466e-14,0.6936704725667369
3407,2.3750504092310782e-12,2.033292711165281e-11,1.1597938554206331e-12,0.6989472277229651
3408,1.4868490064655552e-11,1.9406694854977273e-11,1.2647060009492408e-11,0.7169095727382228
3409,2.1308898742665782e-13,2.822316231275089e-13,1.0381793573510043e-13,0.645928577450104
3410,9.147005187732403e-14,8.637308466854396e-13,3.664737157016665e-14,0.6736329013161594
3411,9.862104625866908e-14,7.391292610548065e-14,8.271998704217383e-14,0.6834452671406325
3412,1.478684883898011e-13,2.074073488143711e-13,1.340763133186719e-13,0.686477413988905
3413,5.925236863302982e-14,9.678837256736436e-14,4.895454362147457e-14,0.6812552367162426
3414,7.171512464615977e-14,5.793746049204653e-13,2.0394674657829572e-14,0.6796930401702411
3415,3.6108350183072156e-13,7.226466825071342e-13,2.8762152085397605e-13,0.6962695221940521
3416,9.541895158641128e-14,1.4437937820228826e-13,8.204310695370853e-14,0.6773586500959936
3417,1.0986735637880063e-13,1.2063871515839137e-13,7.470035594939558e-14,0.6854391814616975
3418,6.820817409426e-13,7.900223136937931e-13,6.071176697548363e-13,0.6970989930909127
3419,1.2693165998525974e-13,4.966016723591717e-13,6.607036883888881e-14,0.6901572772359941
3420,4.486159253837396e-14,5.580002629020281e-14,3.1024618591483563e-14,0.6827489954128396
3421,4.215684037626083e-13,3.29528258964376e-13,2.427067334518183e-13,0.7000260989530943
3422,1.4116500001437798e-13,9.954094877249158e-13,1.4497284747246999e-13,0.6665541773632867
3423,7.025416935523831e-14,3.9468862270965474e-13,6.549056935728251e-14,0.6863287011918147
3424,4.054135220222154e-11,1.23984178306134e-10,2.5556608074230574e-11,0.6915666205633897
3425,1.9308272308620698e-14,2.2267057175527388e-14,7.843262446504572e-15,0.6797361707722303
3426,3.12450422931642e-13,2.117215645076657e-13,2.1922165833847562e-13,0.6469516917015425
3427,2.0558094865366876e-12,2.037602377130364e-12,1.2075073045118185e-12,0.7154385308269411
3428,2.962319262090593e-14,2.4281169605106523e-13,2.2058337541971388e-14,0.6681017617142061
3429,1.1464998188075376e-12,1.6651228785230025e-11,1.0016474457062464e-12,0.6784410998167004
3430,4.065474077026822e-13,5.159963690733363e-13,1.9396756257808437e-13,0.6962753630476073
3431,3.219974876916087e-14,3.785929051610242e-13,1.6496399562903296e-14,0.6910279311356134
3432,2.9676234464523435e-14,3.358133172054175e-14,8.351792707987136e-15,0.6827370561892167
3433,3.6514086959429385e-14,3.2154645848101163e-13,1.5810952195781052e-14,0.6846212997683324
3434,1.2185123724650152e-11,3.783043274266216e-10,1.1808949921939192e-11,0.6622681425622432
3435,8.775791949205406e-14,3.7905058815366395e-13,4.5658606083944326e-14,0.6772479540435598
3436,6.861456809774987e-12,9.276171912418237e-11,2.8502531365258863e-12,0.6718957666744245
3437,4.4567825438409966e-14,1.1838275085878714e-13,2.7024278947851578e-14,0.6743785982544068
3438,1.4997518591844206e-13,2.0021319155940187e-13,1.0994710093938063e-13,0.6896679501922336
3439,3.715420185461905e-14,5.225034694567572e-13,2.068928139862541e-14,0.6767841133289039
3440,4.575352789492764e-14,3.740057448585356e-13,2.923565798362915e-14,0.696464459085837
3441,9.721097689266014e-14,8.964081396077753e-14,5.2693307654695846e-14,0.7102479876484722
3442,9.300254912789082e-14,3.734183819239885e-13,5.605391382687923e-14,0.6919807614758611
3443,2.9693732523569054e-14,4.516240378624312e-14,8.873271643598049e-15,0.6832361847453285
3444,9.870190016866885e-14,1.4879986014226896e-13,7.953797011165057e-14,0.6902908232645132
3445,5.105812237917282e-14,1.0646593909437677e-13,3.5488800075010875e-14,0.6886188076750841
3446,9.444920170740828e-14,2.709529712747443e-13,9.92052594350544e-14,0.6772183068387676
3447,8.106262237850192e-14,8.8023161062326e-14,3.968346587135465e-14,0.6940922587935348
3448,4.8959974443664384e-14,1.5805301548329164e-13,2.6176661957849774e-14,0.6906802357989363
3449,3.944886137741305e-14,3.9014391325395954e-14,2.2904837155021523e-14,0.6840490192058496
3450,3.2888422559646324e-14,1.4690569567837585e-13,1.3673113485025021e-14,0.6783373721584212
3451,1.707578195734679e-12,2.4148732065090746e-12,9.655691928738863e-13,0.7111342390999198
3452,8.374931975886299e-13,1.9199585338410233e-12,8.708325027933528e-13,0.6724001201917418
3453,1.814511556896828e-13,2.3688129905552562e-12,1.1496418023322755e-13,0.653376213525189
3454,8.79639212204509e-14,2.8793345026383203e-13,8.467203707208049e-14,0.6859239188197535
3455,3.0395781207059855e-14,1.9396405733637073e-13,1.3562954123522683e-14,0.6742397241410799
3456,3.5493806501609966e-14,1.0275776892852558e-13,2.405209638839195e-14,0.6853979747451376
3457,2.295664225045996e-13,9.325915347249812e-13,1.6271182414781758e-13,0.6848668927210383
3458,7.820202198906147e-13,7.790156041770259e-13,4.303704974469866e-13,0.6823678654443939
3459,4.601552059921285e-13,7.27763348852595e-12,2.1854640821840888e-13,0.6667562787421047
3460,7.305202752747868e-14,4.791290872275976e-14,5.093008853121965e-14,0.6827469043317251
3461,1.3501753380103084e-13,2.0896971066490042e-13,1.0930762831860591e-13,0.6817113532975781
3462,1.329772274614612e-13,2.4794731287348763e-12,6.610503498094064e-14,0.6721282672311645
3463,1.7729753746855838e-13,5.353742025100157e-13,1.3038559217948426e-13,0.7099722607177682
3464,5.517285179314405e-14,2.9064166193142295e-13,5.3041663324177584e-14,0.6847462607256602
3465,1.774156357928962e-13,2.532591887937496e-13,1.5569453848891571e-13,0.6503378403926036
3466,1.765601793550876e-14,2.3067985750026838e-14,1.3882812782114804e-14,0.6814520355779677
3467,4.015406777821266e-13,5.527515508727412e-13,1.9871105007383523e-13,0.5840408189658775
3468,4.263794733146852e-14,6.92717077223337e-14,1.9541547543812473e-14,0.682101033948129
3469,9.539168458418709e-14,5.597243649720515e-13,4.94533613402173e-14,0.6665963646431919
3470,1.214531831773788e-13,1.89326333414315e-13,5.6220408023521063e-14,0.68860738974181
3471,1.1750471567865367e-13,1.7691564552088584e-12,7.427255101013942e-14,0.68269012576784
3472,1.578564009130707e-13,7.719159753783424e-12,1.5004314359143808e-13,0.6615804471104638
3473,1.762413818318228e-14,1.7877563307359408e-14,1.1206259434128587e-14,0.6799615188792814
3474,2.3049239599769896e-13,1.9935512462328848e-13,1.6611429398338746e-13,0.7143068639445118
3475,6.158672446088132e-14,1.9825373524252785e-13,5.3031325498963065e-14,0.6952477514278144
3476,1.6825438871039265e-13,2.7761040198100047e-13,1.1285043771575398e-13,0.6618267533835024
3477,1.5123560272505477e-13,6.832143327330162e-13,9.569149259853582e-14,0.6923186108586379
3478,5.833133057071152e-13,8.328483349515567e-13,1.788702191015352e-13,0.7095197714399546
3479,1.4146116289822148e-12,2.1758499737640506e-12,1.138303607318923e-12,0.6352325935280533
3480,2.065830050833083e-13,9.045529618965453e-13,1.9411887739696072e-13,0.6761755533574615
3481,1.1296203651913353e-13,1.0924055210197606e-12,4.950785666153644e-14,0.6802606887125876
3482,1.6610330772470055e-13,4.862332469996055e-13,1.5341920351820267e-13,0.6829454049759078
3483,5.1424910334498017e-14,1.2592202380443176e-13,3.8989885341624244e-14,0.6777297298016492
3484,4.0267410508116046e-13,7.68384922841517e-12,3.2290063946143994e-13,0.6623625051346608
3485,2.516066443210483e-14,2.6222765053608825e-13,1.1993398704824132e-14,0.6714799745037453
3486,4.337563328323709e-13,3.2266378930975953e-13,2.2594263923679325e-13,0.6937836711935234
3487,1.0994489915823125e-13,1.0696404918985607e-13,7.42188307920449e-14,0.6820115827140398
3488,8.707275246471532e-14,1.0454853584384044e-13,4.7365159055938245e-14,0.6764462232531514
3489,3.4808938084047375e-14,1.3387026476591946e-13,1.4003612016894337e-14,0.6852737896493636
3490,1.567034132674371e-13,2.198610125539949e-13,1.0794724298629407e-13,0.6851282003859523
3491,2.5939098619656337e-13,5.86784274887616e-13,1.3150960696035555e-13,0.6838251283043064
3492,2.890214678783297e-14,1.3187436193533512e-13,1.4311275405017785e-14,0.688895227323519
3493,1.3288858839317982e-12,8.038149699349019e-13,7.921676644743396e-13,0.7037691629258915
3494,7.991187129790386e-14,2.9800205682126345e-13,4.450417406496503e-14,0.6966123571502976
3495,4.556915218592084e-13,5.187603058770104e-13,2.6489140679524374e-13,0.7055329086841085
3496,2.326260496264486e-13,1.3487285231083137e-12,1.22903402591973e-13,0.681242203421425
3497,5.235232155903629e-13,1.3796962360730677e-12,3.605872993941621e-13,0.6691012365976349
3498,8.850241627463991e-14,7.651955479912085e-14,6.732993158613838e-14,0.6783256473776419
3499,1.1749215065842006e-13,4.4794635947466627e-13,4.611534205945576e-14,0.6859027138270903
3500,4.7279273453934395e-14,1.310145385459692e-13,2.3090402752276676e-14,0.6739408333145548
3501,1.2820677902509597e-13,2.0997512377846537e-13,1.0081281644097611e-13,0.6866120562772267
3502,1.1200867046232091e-13,3.8859997708746097e-13,7.370616582317455e-14,0.6854034828778822
3503,3.466717115067025e-14,1.0636151401012373e-13,2.3160487723971176e-14,0.6847365354711655
3504,2.2846971654645817e-13,3.578799273044199e-13,1.0500474126170363e-13,0.6856962430290878
3505,2.3223697096452996e-13,1.2294124834498796e-13,1.8817029728640425e-13,0.6952161935390905
3506,2.30026529976434e-14,8.054801634169141e-14,1.4057684922375583e-14,0.6830759226169902
3507,7.605992272475961e-13,1.227741142391718e-12,3.468757087903967e-13,0.6831550243776292
3508,4.528849816847792e-14,5.02962178737091e-13,3.206164018356335e-14,0.6697837511048419
3509,7.891931972301892e-14,4.636130451368313e-13,8.083382368477825e-14,0.681993373890873
3510,1.2914313135226758e-13,1.4875601870387152e-13,9.152958296391865e-14,0.6897583686688449
3511,6.772166139994118e-14,1.6932780919063083e-13,3.2622597389970754e-14,0.6830598966043908
3512,1.4268282211019666e-13,3.185039432006852e-13,1.1587074912451126e-13,0.6861588616855443
3513,2.894342558208445e-13,2.118436673833554e-13,1.7675602884784276e-13,0.6835919733217451
3514,1.9215327287468388e-13,4.4715676394586373e-13,1.5143061959245947e-13,0.6797503019392025
3515,2.9781454653948705e-14,2.692436268222681e-13,1.82995075463105e-14,0.6849388414062559
3516,7.807001279129427e-14,9.275665742117948e-14,5.148006502898108e-14,0.6818508703261614
3517,2.4520131521360007e-14,1.6261599022739295e-13,1.8600842946482484e-14,0.6807488673541229
3518,5.0788347373136565e-14,1.151456772718931e-13,3.5839756025396356e-14,0.683360351040028
3519,1.6324493476464366e-13,1.8003230844801093e-13,6.959357894909173e-14,0.6830543960852082
3520,5.851867103951254e-13,8.949498521631037e-13,3.872165574747522e-13,0.708331888448447
3521,8.307004116783481e-14,9.046777966996452e-14,6.989751274007752e-14,0.6952101870789192
3522,3.1538890081358956e-14,3.5894987728425145e-14,1.98416858137283e-14,0.6872848188853823
3523,2.9692547789633345e-14,3.855187806277206e-14,6.828229135102482e-15,0.6818082900659647
3524,2.7612064283653003e-14,1.0075187719101504e-13,1.4403294276028764e-14,0.6798267961014062
3525,1.0625958032615618e-13,5.615795602322868e-13,5.64704776004146e-14,0.6767823519941885
3526,1.3575425466647261e-13,1.0475074823073687e-12,1.1466626875921998e-13,0.6901194967678748
3527,4.6599293683081763e-14,9.421896419241452e-14,3.211176003154453e-14,0.686622054874897
3528,7.450534770739166e-14,1.768175642344164e-13,4.031186960369495e-14,0.6750888935173862
3529,4.768855446967922e-14,6.433647921526891e-13,2.747091245721392e-14,0.674667698785197
3530,1.1436904633730317e-13,1.2767212086493328e-11,6.628002067493043e-14,0.6581394550885307
3531,3.682456487098372e-14,2.2336711169332276e-13,3.3937211794923726e-14,0.6774062515469268
3532,5.222824926752314e-14,2.0365271018444686e-13,2.348617230610769e-14,0.6764286890334915
3533,1.7355454958515843e-13,1.5533945069207828e-13,9.7373776496052e-14,0.6890449023398105
3534,2.362763805668273e-13,2.1492744150827744e-13,1.875435354017742e-13,0.7095876789535396
3535,2.489573215117536e-13,5.050322530735115e-13,1.3059861640127508e-13,0.7334884079406038
3536,7.874282991202682e-12,2.1730395662527766e-11,4.738493935613194e-12,0.6824509602913167
3537,3.22625175055703e-13,3.785646931138026e-13,2.327552617139343e-13,0.6890785684983711
3538,4.120656060022912e-14,4.407526260984922e-13,1.974251626461075e-14,0.6905538348830305
3539,2.1364244366609088e-13,3.250361474549098e-13,7.74262810505313e-14,0.6895684528106358
3540,5.729890439698746e-14,3.4721341776738335e-14,4.3399079275612424e-14,0.6777000933361705
3541,2.2497154560345392e-14,3.239664288673211e-14,1.6383655161944325e-14,0.6824652821815107
3542,1.662843691874974e-13,9.422097763831449e-13,7.996059798292818e-14,0.6599653660319745
3543,7.615294911867541e-13,1.0189935833422646e-11,4.520381996651632e-13,0.6623538512882078
3544,7.35487643180595e-14,3.356412269816002e-13,6.773521354863075e-14,0.6801021903229412
3545,6.880567180016048e-14,5.127527275171973e-13,4.148608801150668e-14,0.680814527021721
3546,3.219226372487787e-13,9.937838260590603e-12,1.9390785544915407e-13,0.6566074360249331
3547,9.730904875995392e-14,2.6122184498911855e-13,3.794547494030291e-14,0.6746187293378171
3548,1.183349663833963e-13,3.1384747024588225e-13,1.081159224891624e-13,0.6717600274685538
3549,5.864772963974009e-14,1.8469399402516806e-13,4.3073798390933316e-14,0.6794596771884244
3550,5.0796671690233686e-14,2.611637766737283e-13,2.542248944634982e-14,0.6747222049278208
3551,2.995086984315401e-13,2.9617978318279275e-13,2.1543905609520898e-13,0.6909464160329662
3552,8.202925119043671e-14,1.1908341275787556e-13,3.9756463324584896e-14,0.684381318022497
3553,2.922949618796254e-13,2.9509307986929815e-13,1.7778957420248142e-13,0.7018199319718406
3554,1.7361171557524813e-13,2.1209272122340626e-13,1.2231687790080658e-13,0.682060953474138
3555,5.803637432788775e-14,1.5707665653863687e-13,2.5832048667371182e-14,0.6981031539849937
3556,9.883660284792678e-13,4.3713511079041055e-12,3.1891685499153383e-13,0.7043960860231891
3557,1.286167084313271e-13,1.046871437192644e-12,5.092831466112433e-14,0.6797613044152968
3558,3.8775147145889476e-13,3.564816132384889e-13,2.7849336666856915e-13,0.6951984653482214
3559,5.006309069535677e-14,3.238619124622583e-13,3.32178011080491e-14,0.683981722407043
3560,3.555275248719084e-13,1.0672208776084477e-11,2.1661746802038595e-13,0.672883357774117
3561,1.3005169352918953e-13,3.5961531814296147e-13,1.279688180981515e-13,0.6863402161339763
3562,1.3270655519926827e-12,1.175700225697646e-12,9.083385218093148e-13,0.657678551459685
3563,1.5215079210975036e-13,6.75970257855686e-13,1.6476589455848137e-13,0.6348186942588654
3564,7.035686273369813e-14,2.4020938108051844e-13,5.6610032286760114e-14,0.6831728243560065
3565,8.73173948539566e-14,5.273907888263487e-13,9.490990689800285e-14,0.6758566312782932
3566,3.639489012182797e-13,5.241864663319545e-13,2.5352889040655676e-13,0.6797834812023211
3567,3.705614518846297e-14,3.435357716418288e-14,1.2635584910918627e-14,0.6860465816804208
3568,6.569635958316696e-13,6.023032217331677e-13,4.388583441961973e-13,0.702659400110133
3569,4.167919496692194e-14,3.8140609487548275e-14,2.76618865040338e-14,0.6986015686881728
3570,2.7229526269571434e-14,1.805768642880259e-13,1.6008193089197818e-14,0.684748642554041
3571,2.774660848329386e-13,4.900172805724212e-13,1.5892395489084727e-13,0.6808828133041971
3572,1.461662495512284e-13,2.610196794459894e-13,1.0617692865838407e-13,0.6884226851048879
3573,1.0221379089520847e-13,3.0768090222562574e-13,6.721019732091055e-14,0.6857808841683436
3574,2.656832837365964e-13,1.3355135202773812e-11,1.6046865141315444e-13,0.6569181431143079
3575,1.2480073032906889e-13,2.0945082589571536e-13,5.5072571073415545e-14,0.6226842769712675
3576,2.6149165530977566e-12,3.94432751470909e-12,2.1991100567016618e-12,0.7009270078502595
3577,2.8065025326398373e-13,4.840201601142586e-13,2.6065157590793655e-13,0.689962350053247
3578,1.0846718960690813e-13,5.181909234246519e-13,2.4106398208305887e-14,0.6727475780819077
3579,9.695330496219888e-14,2.9578441461606584e-13,5.4509659537530286e-14,0.6729195986234118
3580,1.3716448776497495e-13,1.663255230358151e-13,1.313318281428278e-13,0.6911744848126545
3581,1.1424836657113597e-13,1.012130225604107e-13,4.539737244652608e-14,0.6964272787095979
3582,5.874305188155504e-14,2.9573826155529054e-13,2.6209384358931718e-14,0.6679387215612224
3583,1.3507806793248715e-13,1.0050140011557972e-12,1.295055246551242e-13,0.6777036841260269
3584,3.436299894927371e-13,2.3432541325508913e-12,2.900103596630053e-13,0.5976201305609721
3585,2.960705906132155e-13,1.0185862789763007e-12,2.233159475273775e-13,0.6989267372060567
3586,1.5792045629728892e-12,1.4449317199162842e-12,9.72958143268848e-13,0.7499793076887726
3587,4.4072031624347144e-13,1.2260595671619063e-11,3.669893672467125e-13,0.6628650047729024
3588,1.684427294715746e-13,4.64347727904995e-13,8.193534519542502e-14,0.7046768500818871
3589,1.5130494000482297e-13,4.473832527638295e-13,8.002348216379686e-14,0.6787395470426418
3590,7.311801161372175e-13,9.031960764377605e-13,4.813791080543087e-13,0.703188675979618
3591,1.2677194739955192e-13,1.945724805516968e-13,4.154297828642199e-14,0.6876627519377507
3592,8.784348291007207e-14,1.2779349325968137e-13,5.748566054383951e-14,0.6596194422018016
3593,5.1728556684933724e-14,5.133130359968157e-13,1.774334569098263e-14,0.6776425116229803
3594,6.126162244780306e-14,3.187806092971349e-13,2.1823807844195738e-14,0.6813263972813729
3595,3.048009453721533e-13,1.5048156390556506e-12,2.7152081516496303e-13,0.6831856214848813
3596,1.3873878691343277e-13,3.0145835684496e-13,1.1017481587726004e-13,0.6775937770376913
3597,4.329254414670484e-14,9.140722182630663e-14,2.033558544926536e-14,0.6904402785410639
3598,2.948138056547669e-14,3.758628977270334e-14,2.321469499242661e-14,0.6799305632186587
3599,7.872535332528612e-14,3.781692709168249e-13,6.192693302766521e-14,0.6829911167384125
3600,1.0832833303490839e-13,9.281633071982256e-14,8.87738522394564e-14,0.6816502586647403
3601,3.01310845148344e-13,1.6174463180081121e-12,2.087098863591423e-13,0.6993111135438085
3602,4.589978859931255e-12,2.204286715213155e-11,4.2775063570581516e-12,0.6805190960934852
3603,3.070250275321461e-14,3.373283342975861e-14,1.6745476886885328e-14,0.6868700030317996
3604,5.0315847993891355e-14,9.568684467783595e-14,2.897041383615868e-14,0.6774489212373738
3605,4.8489084495456465e-14,6.200254687061912e-14,3.500564034676172e-14,0.6842454348283354
3606,5.63870865352139e-14,3.649888797707679e-13,5.3763650450489365e-14,0.6729357282398268
3607,1.220630576099583e-13,3.933983277046348e-13,6.743964160273127e-14,0.6840311515668873
3608,1.0466023672447346e-13,1.8140771124503756e-13,9.283305348171652e-14,0.6937421932234429
3609,5.988169059355095e-13,3.623449154758361e-12,4.2280288579466703e-13,0.6478481014099089
3610,1.2006495896749672e-11,2.4211359493761183e-11,1.3328482702935408e-11,0.7447113618720322
3611,3.3872308598913624e-14,9.093047726194999e-14,3.3538795774128054e-14,0.6764478656463325
3612,8.263852570292393e-14,2.8987194134572134e-14,6.079395851115508e-14,0.6875926642154809
3613,2.3355164235668476e-14,2.2514659472672936e-13,1.540619807335811e-14,0.6651970265200362
3614,5.097972192772837e-14,4.093107220632954e-13,4.0111624939659275e-14,0.6739815141801955
3615,4.528359156834231e-14,3.419412527324954e-14,2.60272234426497e-14,0.6939993715379387
3616,2.3600282024472003e-13,1.0068319549884637e-12,1.2151840824124326e-13,0.6702994682214921
3617,1.7710894258291053e-12,1.9506594058784743e-12,9.244692276997624e-13,0.7502281706314534
3618,4.3706514796366733e-13,3.724470204132531e-12,2.797001301210135e-13,0.684705827810103
3619,6.767477610160597e-14,9.36555962467299e-14,4.088655353492948e-14,0.6951568658347241
3620,1.07247988321658e-13,7.418244070390401e-13,1.0215548261241982e-13,0.681102056032978
3621,8.190802872999069e-14,6.885840912694741e-14,5.603060056827105e-14,0.6888974268280436
3622,6.1025138056650246e-12,4.330221767652534e-12,4.194732553676745e-12,0.7222783730598167
3623,2.5561266105407166e-13,3.7148369279585424e-13,2.488318681355004e-13,0.7255959373433143
3624,1.3790924523034357e-13,4.413479438112078e-12,6.437296680747342e-14,0.6668689990998246
3625,4.192633453071266e-14,6.447527365014811e-14,1.3894793534599161e-14,0.6807160892116372
3626,1.307362738620801e-13,3.7650486611504165e-13,7.215383452399595e-14,0.6784397696086671
3627,3.2952413858640683e-13,2.831443566597885e-12,3.932040996184902e-13,0.680736859299941
3628,1.0270737875451447e-13,6.332825434356992e-13,9.31100888702626e-14,0.688123436504975
3629,5.781142323889154e-14,4.3242013562026015e-13,2.503983230631234e-14,0.6704150851641316
3630,4.2438690062803264e-14,2.1414497745299433e-14,2.1136107741320792e-14,0.6887429881549906
3631,2.3977170534954335e-13,1.7476737321914104e-12,8.055502187886161e-14,0.6932400209654588
3632,1.4193841744962721e-13,1.998775833600191e-13,1.101261243907456e-13,0.6872510075452738
3633,4.223916979812217e-14,6.241776977452726e-14,1.872711107061384e-14,0.691499522322556
3634,4.6841359160646866e-14,8.790931681728653e-13,3.0361987088415005e-14,0.6673038784385426
3635,1.2177504583177465e-13,5.988954937968304e-14,7.821729691603027e-14,0.6831367171776946
3636,4.234821887281391e-13,4.2803808461127777e-13,3.3824287058184813e-13,0.6954326228820719
3637,1.3797131900802097e-13,4.396186746189459e-13,1.1156478955957526e-13,0.6784243530768436
3638,4.291072134268175e-14,9.762592231711334e-14,3.0102804640657745e-14,0.6767884706961922
3639,2.3505179521447827e-14,3.787125454517463e-13,6.281259993039355e-15,0.6726788431667956
3640,3.201594563267773e-13,1.710399781195852e-12,1.2898997647263516e-13,0.6671022023278056
3641,1.7212971854193236e-12,4.6736944015299644e-12,1.0827976530716912e-12,0.7124353574356064
3642,8.269516833593243e-14,1.0840903537610363e-13,4.3949891526836646e-14,0.6942010056925938
3643,1.2712272191984213e-13,2.511784138049596e-13,5.711530213427218e-14,0.6740790603798814
3644,2.4147982004864513e-13,3.6017838604340453e-13,2.1804725138724072e-13,0.6921485289232805
3645,1.1905543175474195e-13,1.8774447122645826e-13,8.272625156337545e-14,0.7049222676549107
3646,3.2094247241736245e-13,1.2433298063685425e-12,1.7979008691100566e-13,0.7019988101674244
3647,5.46277352232447e-14,1.2412043918886462e-13,2.5293508236689644e-14,0.6802550972613972
3648,1.4232543474399934e-13,1.2872229656153285e-12,8.236794633173803e-14,0.6682671421091072
3649,7.252026262712188e-14,1.6325938278592506e-13,5.867921545453154e-14,0.6933107542106882
3650,8.547306724037295e-14,4.1374993293642804e-13,2.775507252387112e-14,0.6636643848207313
3651,4.918166678625363e-12,3.924152670403576e-12,3.2469968225565404e-12,0.7302432252792641
3652,3.60308196372282e-13,1.6777108722033349e-12,2.0237059292370424e-13,0.7043004269362427
3653,1.0509190410507792e-13,8.36895136215023e-13,9.584683794177052e-14,0.6797387634753249
3654,1.0730494803161072e-13,8.840398636932212e-13,7.078480942522247e-14,0.6730600171693368
3655,3.389618072963822e-13,1.3180597563395233e-12,3.6943850032635934e-13,0.7052472504321485
3656,1.3298129999021785e-13,1.325412853647097e-13,5.1975179055398293e-14,0.682245139265433
3657,5.1268840320578165e-14,7.411104331973615e-13,7.237864589436521e-14,0.6660148128343281
3658,4.300453565426321e-14,1.3444515420417942e-13,2.926632409134225e-14,0.6953127308283001
3659,2.0443650931765414e-13,2.0143301671074092e-13,1.0202823102140244e-13,0.6826320505060721
3660,1.065978371796459e-13,9.618216746005622e-13,6.872823801859019e-14,0.6856201349582989
3661,6.878011618374695e-14,5.032884206824162e-13,3.311704375448441e-14,0.6880747176648583
3662,1.8323169816205682e-13,1.4412743568750185e-13,1.3009812742206768e-13,0.7096530255745165
3663,1.6645138776799615e-12,2.0572676783034142e-11,1.2963538329415648e-12,0.6950013205234427
3664,2.3551146540830292e-14,2.377187464822771e-13,1.1823995373691655e-14,0.6767328127287329
3665,1.4658032409476386e-13,4.316605705103253e-13,9.891146822872751e-14,0.690252618282102
3666,6.392592967050254e-14,9.766919841980907e-14,2.923308738939711e-14,0.6852512111829128
3667,6.650575830978467e-14,4.985515111187794e-13,3.9127209407032364e-14,0.6776863663573749
3668,1.7393419553483288e-13,4.495269597784651e-13,1.1167800762840154e-13,0.6842166757094674
3669,6.521367384500875e-14,4.103677520454695e-13,5.429053234776044e-14,0.68426671702764
3670,5.978460206622615e-14,6.545747795642954e-13,5.007695060932132e-14,0.6714398283162154
3671,6.231379280868073e-14,1.5184742528965885e-13,4.617934123754665e-14,0.6827582106750925
3672,1.2845347895377852e-13,1.185855754127847e-13,1.0440453149464717e-13,0.6793200866726693
3673,2.0863759762959959e-13,7.502028915295234e-13,1.1478217212372977e-13,0.6777416995493695
3674,6.304932053189897e-14,1.0409293299571989e-13,3.8250408748187247e-14,0.6651793979981449
3675,1.4889866954653584e-13,1.7252811672705877e-13,1.2518829953921905e-13,0.6752758985327091
3676,2.1191952823628234e-14,4.443676408873254e-14,1.1527278199125786e-14,0.6805403846665286
3677,1.9795073424157093e-13,1.831828737501077e-12,8.980609982639429e-14,0.6633956692152424
3678,1.8912934260297953e-13,5.705583795761683e-13,1.5440106122095381e-13,0.6845781660289504
3679,9.468011293456623e-14,2.368711384454875e-13,7.532712015309597e-14,0.6940181559766643
3680,1.5141868834012078e-13,1.3930324969471403e-12,9.229193478703198e-14,0.6745410122268367
3681,6.051814055823325e-14,2.2019066087878433e-13,1.580148053367458e-14,0.6768909760110546
3682,2.9979423677091907e-12,3.3488455537830035e-11,1.3835138224670678e-12,0.6895393339567818
3683,6.328883507936287e-13,2.1617556416710007e-12,2.2415926313342388e-13,0.6651867975248024
3684,1.5565453313759565e-11,9.172592266775849e-12,1.0377821960217057e-11,0.7501179072540254
3685,5.580003277778851e-14,9.676891070062018e-13,4.3802760641995845e-14,0.6629479295777856
3686,5.684767780690328e-14,7.502722027605939e-14,3.570537501559163e-14,0.6929945985320956
3687,3.7273669076000006e-14,1.2073033299955555e-13,3.4785992631260215e-14,0.6825705257360823
3688,3.343427252602426e-14,2.0024762762820362e-13,2.9421044114980747e-14,0.6759618782554753
3689,5.060283395011863e-14,1.188651024570771e-13,2.5147188056048378e-14,0.6794643725384958
3690,1.7863530998908043e-13,5.327274259238222e-13,5.412351055566249e-14,0.6959930554032325
3691,3.1681823176981576e-13,4.2023663134435035e-13,2.90843601611536e-13,0.7261022997088731
3692,1.2277952381726025e-13,4.597129604084173e-13,7.569575590468054e-14,0.686402345134411
3693,1.0094817790488631e-13,2.4596512248898483e-13,1.189629300486507e-13,0.6799424475757405
3694,1.2747346081581445e-13,3.9219487328817295e-13,1.3169393084004516e-13,0.6555489373975434
3695,3.160077659472229e-14,5.6352691983693515e-14,1.0130985327904239e-14,0.6827626901736948
3696,7.427474239881824e-14,9.562853616441164e-14,2.762328351671949e-14,0.6876105332979933
3697,1.1796230276307915e-12,1.027132476099464e-12,5.34315590089798e-13,0.6687924253055826
3698,1.5944729809445943e-13,2.3137211678067735e-13,9.371411394989512e-14,0.6824755561945495
3699,2.5639187335830195e-14,2.3783853456695163e-13,2.1241129658207763e-14,0.6794561986636836
3700,4.392979779400841e-14,2.1251353868053806e-13,1.890489214391656e-14,0.6852284788561519
3701,1.4124178524394e-13,6.113830660461545e-13,8.648450898447615e-14,0.6941514483653008
3702,8.484121244928249e-14,2.4153940636194626e-13,3.767896737690437e-14,0.6865710911224596
3703,1.3099563903789594e-12,9.833488981799864e-13,1.1436272812111402e-12,0.7252475008368492
3704,1.771811243304489e-13,1.2875140249444544e-13,1.0269462288574473e-13,0.7075692296493798
3705,3.9949753308242544e-13,1.486915815132599e-12,3.508382016431936e-13,0.6190352444275049
3706,1.2439578751959982e-13,3.6623302998314763e-13,7.643968081859097e-14,0.7006716513540596
3707,1.0980498833873786e-12,2.7958388519569793e-12,7.947840928595277e-13,0.6899905228754506
3708,6.122739653195987e-14,1.044713354276116e-13,4.375443810368649e-14,0.6773861186171416
3709,2.7110231019698977e-14,6.543546941221391e-14,1.3234675411134036e-14,0.6967418388812803
3710,2.0152585328795756e-13,3.1447158847448225e-13,1.3018861595190132e-13,0.7000320252962411
3711,1.7808814459695447e-12,1.0736960826311805e-12,1.1825795634278965e-12,0.731793058058247
3712,3.82005373142092e-13,7.62759960315667e-13,1.8704821020607218e-13,0.7124371651210822
3713,9.466709965890467e-14,2.8973612993763734e-13,7.011505435003663e-14,0.6822929053916595
3714,4.2259783568913013e-14,5.805912312055849e-13,3.1708814300680314e-14,0.6734575351118111
3715,3.2001011880272583e-14,9.937178237617905e-13,3.503093140854479e-14,0.6658911799138878
3716,5.1620079893305815e-14,6.993626242538051e-13,5.768649958049772e-14,0.6629963992978446
3717,4.056446962427671e-13,1.2671815238824472e-12,2.4137687688731767e-13,0.6770195515477099
3718,1.6853854933922805e-13,1.1140525189489702e-13,1.206131977302639e-13,0.7006973616895266
3719,1.234839104849419e-13,4.1030908812548826e-13,1.0058534255269042e-13,0.7027766999206506
3720,4.746391482318586e-14,7.644491944927452e-14,1.9880930781682627e-14,0.681213986047078
3721,2.739558205244064e-14,2.9778308791845515e-14,1.9013226573580508e-14,0.6802051444596146
3722,5.803989336994959e-14,1.3480567615414762e-13,2.852423175198678e-14,0.6785766546439845
3723,1.6994105102032616e-13,4.668881938131296e-13,8.98543155432975e-14,0.6964169483631849
3724,2.2344900534062513e-14,4.588858843924001e-14,1.1688065822359792e-14,0.6870646074414253
3725,8.174158637817385e-14,9.044400527980165e-14,6.567637940788032e-14,0.688266745879082
3726,5.428355134428284e-14,4.3572165317301836e-13,3.2839806764908254e-14,0.6844150714110583
3727,3.868448789078844e-14,5.423917128233708e-13,1.5272356255870268e-14,0.6813839560491033
3728,1.95833179473628e-13,2.732618328552979e-13,9.10776957134596e-14,0.6990021314821206
3729,3.236171606382117e-14,1.4843076925524895e-13,2.4892538013899896e-14,0.6757108570891432
3730,2.460521293178053e-13,2.182665511015736e-12,1.9450093980167753e-13,0.6813698366400786
3731,1.217031353811535e-13,2.0065208735434038e-13,1.0390874474406731e-13,0.6914533529779874
3732,9.170129104461798e-14,2.0619784283885226e-13,8.494965915591121e-14,0.7002394801937044
3733,7.010147682850864e-14,5.250573854304502e-13,6.884206962502208e-14,0.6832234743982554
3734,3.5853786614289946e-13,2.714643590695068e-13,2.357170249384862e-13,0.6339518366148695
3735,3.549376948735545e-14,5.640969564098409e-14,3.0615044171047185e-14,0.6912720179185271
3736,6.353558103313619e-14,3.2471208163452077e-13,4.811331084007337e-14,0.6869652670167852
3737,2.2430840837279625e-14,1.6832885402886247e-14,9.88829503384543e-15,0.6830324933922384
3738,7.14114007076141e-14,2.453051039780531e-13,4.0921008826547156e-14,0.6733425028185593
3739,2.6247366176771386e-13,2.0627425776220038e-13,2.3803700409877253e-13,0.6862628544564359
3740,1.3522647923771378e-13,6.932550780898942e-13,1.0785375466217209e-13,0.6887642830610275
3741,4.107592638558985e-14,2.726596818519771e-13,1.6633089849039718e-14,0.6771650139533449
3742,3.4061971558803324e-14,5.161405322078035e-14,1.9467369967735152e-14,0.6785739773185924
3743,1.3464139737962462e-12,1.4121752537381989e-12,1.1412511416758528e-12,0.7024272774811834
3744,9.473068153659259e-13,5.727370957125582e-13,7.642487623255409e-13,0.6501181803061626
3745,9.700616504360365e-14,1.0917920756764889e-13,4.737524506806427e-14,0.6810654968430754
3746,3.7942156027120143e-13,1.3310209779921349e-12,2.339175911944282e-13,0.709364706359338
3747,5.989688496825975e-14,1.1289000222087855e-13,2.057807506957585e-14,0.6942495355848223
3748,3.1405254161123696e-14,1.4533944101085953e-13,1.7156486963610614e-14,0.6853335849882569
3749,4.2759098585474215e-14,3.3097123299981386e-13,1.6091511739156834e-14,0.6886018089717254
3750,1.6485724189037762e-14,2.245386269877959e-13,1.1399311576140305e-14,0.6797586109081749
3751,2.038537565012639e-12,4.2049561227492024e-12,1.3203806378565646e-12,0.6851187789812684
3752,2.2037475112131212e-13,1.303443195636261e-12,1.169572683546719e-13,0.6869447934674099
3753,6.666622135430107e-14,2.789171707816438e-13,6.031931181778178e-14,0.6876593089953531
3754,2.4292475159874914e-13,5.386360587145453e-13,1.6459560360047412e-13,0.6981330958660692
3755,5.4772498436979535e-14,6.916201388432878e-13,1.68587806096237e-14,0.675348033971386
3756,1.1910007414329702e-13,4.5154451710177755e-13,8.640428411034828e-14,0.6815117245074361
3757,9.500616041455913e-14,1.6268253112149813e-13,6.703669969746537e-14,0.6866772551846225
3758,1.4401389581042121e-13,2.5665987643092736e-13,1.235763750662583e-13,0.6818241630273405
3759,5.52510123278798e-13,5.549991869301136e-12,4.814073424833538e-13,0.6755729443073506
3760,7.62098820541889e-14,9.921886195317826e-14,5.5278242159289855e-14,0.6842807306849863
3761,3.508715238076986e-14,2.7687283732170636e-13,2.2295784301219865e-14,0.6781665518996306
3762,1.744396167045907e-12,5.843861311876447e-12,1.460449783901761e-12,0.6699246643402148
3763,1.0473580344301611e-13,2.342644943849812e-13,7.080683285624133e-14,0.6670847210392822
3764,4.536196087637241e-14,6.506419658011855e-13,4.234251836731541e-14,0.6712934322131332
3765,5.693442891407998e-14,1.7839952447805684e-13,4.864010744654531e-14,0.685841922450345
3766,1.1401340336774372e-13,1.4401099121061407e-11,1.459762025458228e-13,0.6554983442707453
3767,4.260292852638032e-14,8.510907611593468e-14,3.246139380602656e-14,0.6749478708545211
3768,2.2099466863130962e-13,1.2688002009541744e-12,1.7733931180044361e-13,0.6816944677382708
3769,1.0712188346379676e-13,4.182861970746724e-13,6.219225761718277e-14,0.6854778741428162
3770,1.0677794278196495e-12,1.4707054643155206e-12,4.084343507002385e-13,0.729426289931871
3771,1.2758034398663825e-13,1.857611215501053e-13,9.342697051910627e-14,0.6922316392417998
3772,2.421979651132333e-13,1.2915997921522434e-12,2.374422905375096e-13,0.6186367096335743
3773,9.889659565399538e-14,8.001972048457202e-14,8.416514163150892e-14,0.6893687214702368
3774,3.1859742797161295e-12,4.073722351372859e-12,2.202830952846294e-12,0.7514596299733967
3775,4.5578591413241366e-14,8.280275606795091e-13,4.188430401874318e-14,0.6750077957578469
3776,2.88987255990721e-14,1.4988517133066156e-13,2.434015128774009e-14,0.6854021733626723
3777,2.9199716807520357e-12,6.260586725295694e-11,2.2326880312058308e-12,0.6948805402847938
3778,1.238479592538822e-13,1.2648666164223636e-13,8.439548926910041e-14,0.7160915177082643
3779,7.391104281809495e-14,1.4306965608252036e-13,7.005311440132484e-14,0.7040653755771927
3780,3.773607974640071e-14,2.4983173490914673e-13,1.8480747165327192e-14,0.6820749847800471
3781,2.567290713117654e-13,1.0598111828839985e-12,2.8777083780816544e-13,0.7340061088092625
3782,3.6332253842583336e-14,7.234638377699091e-14,2.8403112089252107e-14,0.6823348029050976
3783,1.6941715926487424e-14,4.426577689653113e-14,1.3983452050986238e-14,0.6803070391761139
3784,6.930695775121374e-14,3.5563341189781516e-13,5.057236069910278e-14,0.6654604664683574
3785,3.961077304400205e-14,2.2324610089155854e-14,2.1968410736342625e-14,0.6800112525990698
3786,3.692573194986643e-13,3.6566763890509703e-13,1.2770498223717173e-13,0.6829520997242071
3787,2.344114931804465e-13,5.893117721501945e-12,2.5137318704570436e-13,0.6667815657390748
3788,1.4085342475707205e-12,1.4156326834437896e-12,8.155678029595115e-13,0.681503847753629
3789,2.1044660444909932e-14,8.534556997172842e-15,4.741225704941441e-15,0.6808835326810367
3790,1.976843248413821e-13,1.3272819338327976e-12,1.884189642083542e-13,0.6797932762943674
3791,9.530981176586831e-14,3.466405355593174e-13,5.997810199948949e-14,0.6885781108634547
3792,2.344092651601899e-13,4.08390357805338e-13,9.943775343139874e-14,0.7019841348286718
3793,1.1154911031559116e-13,3.4630668561495174e-13,9.633178582737684e-14,0.6945182172232307
3794,1.342990930761126e-13,1.2176208562921231e-12,1.5470971578126296e-13,0.6770271101675462
3795,4.9638362918779e-14,4.130942713339793e-13,3.888110412562132e-14,0.6786657844495494
3796,1.7141390835375532e-13,5.134892136522064e-13,1.6233762954584304e-13,0.675549345795298
3797,1.895844703541999e-13,1.0217234451607959e-12,1.0976310057544414e-13,0.6772395617386792
3798,1.4473489045229119e-13,1.9045532553003118e-13,8.885059930507425e-14,0.6938409852329641
3799,9.56544178577654e-14,6.124953819062925e-12,1.0337077786510824e-13,0.6568977110408014
3800,1.7870509264667096e-13,8.460774962522663e-13,1.1330824410983604e-13,0.6729693203262286
3801,1.8669586167790307e-13,5.0671287899518e-13,1.644110296289745e-13,0.6670635592075996
3802,9.435531346840076e-14,2.1471367527893216e-13,8.180181925668713e-14,0.6913127916748636
3803,1.851623154353043e-14,1.159715869579792e-13,1.4048081648056896e-14,0.6852045970561449
3804,1.2705432631699628e-12,2.602125327150229e-12,1.0460906507465842e-12,0.7090650925412774
3805,1.8711322474978274e-14,4.0552214595911587e-14,1.0327214493566314e-14,0.6840999366191681
3806,4.770951410934549e-11,7.984782545694671e-11,5.619065796526175e-11,0.6714192413259298
3807,1.04884443348655e-13,1.6193517279467576e-12,9.717582948457904e-14,0.6705720539554022
3808,8.618889910679914e-13,6.109232058496263e-12,8.458243086001185e-13,0.6786206494260114
3809,6.499733365886657e-13,2.315048516093913e-12,6.299925624046769e-13,0.6788287897652481
3810,4.928173814703322e-14,3.316026830800948e-13,3.266004590269132e-14,0.6970598075189628
3811,4.0726408452578744e-14,1.3474410514058548e-12,4.5106965808671304e-14,0.6674700788658811
3812,2.4670019644210243e-13,2.6588860439567206e-12,2.653582969377569e-13,0.6797018470882904
3813,3.109339024157331e-13,9.238644929187057e-13,2.562982589177545e-13,0.6593135333154351
3814,5.36511816325693e-14,1.2737952397269306e-13,3.800125439865643e-14,0.6981083197286353
3815,1.3009515864778718e-13,2.0082353132924157e-12,9.406059574617774e-14,0.673656123742694
3816,3.3998692835668367e-13,6.693782947624111e-13,1.4956903355816054e-13,0.6636656365939416
3817,1.5536838058386897e-14,2.0118383565280983e-14,1.2090147944575664e-14,0.6819082352390978
3818,4.882086325259608e-14,7.706038126239927e-14,4.0801319553664806e-14,0.679834374494385
3819,8.635584784700925e-14,2.0390307512683722e-13,5.4879720589457444e-14,0.6879242424911354
3820,7.384168050194045e-14,4.92358839538018e-13,3.15251179279645e-14,0.678071138355881
3821,1.5697985285981255e-13,1.057206033687754e-13,1.3428223280918813e-13,0.7052649580407888
3822,1.9264242440236e-13,3.5696387380997305e-13,1.584852361052365e-13,0.6846508334914688
3823,6.71289951805933e-14,4.85245883349082e-13,3.316345632385289e-14,0.6885414690012113
3824,6.330622505830529e-13,1.9829917596181484e-12,3.0894815130158783e-13,0.6879089605878107
3825,1.003866321609317e-11,1.3859979111941904e-10,9.493982722158213e-12,0.6728154024662217
3826,2.021552421504574e-12,2.359543150821226e-12,1.7070553106874313e-12,0.6670752725098282
3827,9.451090149751416e-14,2.806588919625351e-13,9.898183122879943e-14,0.6787792307033669
3828,5.801139180380252e-14,1.238197791980769e-13,4.452244886905068e-14,0.6867780990258325
3829,3.429696759637326e-14,3.2580228264780464e-14,1.2424329900264294e-14,0.6830724622006528
3830,6.944547360422965e-14,4.243525845734026e-13,3.6100716804108e-14,0.6622861244541127
3831,6.188264792372813e-14,2.0894980840582718e-13,5.794205110644014e-14,0.6810700222151354
3832,1.5464581544219085e-13,1.5465994265008548e-12,1.6953062614821395e-13,0.6704283127008239
3833,5.747724302930856e-14,1.2199224197338853e-13,4.227903483107899e-14,0.679070352576673
3834,7.992370736831065e-14,7.853489756913611e-14,3.6999205730085667e-14,0.677417688712012
3835,7.599118840049303e-14,6.440178761005699e-13,4.059364138130819e-14,0.680007661919808
3836,4.866767847272435e-13,4.0106663448924993e-13,3.695900545132804e-13,0.7264164836378768
3837,2.3836344487964678e-14,4.994127290146675e-14,1.4608056638919926e-14,0.6808477439917624
3838,2.799452019636518e-14,1.6331149901244898e-14,1.8661348962792813e-14,0.6845834960986394
3839,6.346645590541875e-14,4.930704081443245e-13,2.5744023031045013e-14,0.6742887534783222
3840,1.706291810212911e-13,4.97360008507896e-13,9.334492924011536e-14,0.6972631611046382
3841,9.222693287546963e-14,1.279928344233583e-13,9.032495131133086e-14,0.6795431675913278
3842,2.6135719741272493e-14,1.697537639985387e-14,1.7267914669907233e-14,0.6812783002096694
3843,2.6730197666296804e-14,3.5900853675265365e-14,1.7258457766778146e-14,0.6823355397325941
3844,3.284579103096366e-11,5.781557538804322e-11,3.3392015345097445e-11,0.6972453982336446
3845,7.176350303771136e-14,1.0487263230985279e-12,3.7200970148325083e-14,0.6814214919926599
3846,7.813446817205471e-14,1.273293943162161e-13,3.865851653169657e-14,0.6990147881908342
3847,3.457543609156862e-14,1.016250681293012e-13,3.674390717601269e-14,0.6781254408182577
3848,4.3566112763955346e-14,4.602137377607315e-13,4.726787970158125e-14,0.6719366223667749
3849,3.7997595116127084e-14,3.318868745728814e-13,1.994087858762118e-14,0.6834316839056556
3850,1.6934342642406458e-13,2.014525128404317e-13,1.1263388347839537e-13,0.7061480917036533
3851,3.806426966129359e-14,5.954678198131785e-14,3.5852541373460337e-14,0.6861644681484904
3852,3.8487618411961436e-14,2.9585512415449553e-13,3.6626134413532624e-14,0.6816080788034015
3853,2.7638374322075517e-14,7.39295957969991e-14,1.340859035571629e-14,0.6848326078266836
3854,4.365270411783089e-14,1.627110074103879e-13,2.377904088521841e-14,0.6798509751388337
3855,1.0160577455096238e-13,3.3413574789064935e-13,4.0628885444761676e-14,0.6681465702829883
3856,4.9489307719870504e-14,9.892453494259235e-13,2.9214705383234214e-14,0.6703892834804719
3857,2.8316905652249162e-14,1.32325986713351e-13,2.3069260338989236e-14,0.6918988555262331
3858,8.348311236141004e-14,1.8537604668074976e-13,6.06601302018302e-14,0.6931281476456206
3859,3.4538701571104354e-13,3.8906204734621833e-13,2.1449726022404703e-13,0.7034428259939887
3860,2.775004131620482e-14,2.2008341332047066e-13,9.652003658903683e-15,0.6759996978566051
3861,4.2693992111491614e-13,5.142269595341456e-13,2.198334122963404e-13,0.6843063314328901
3862,2.190753142489761e-13,5.660896264721423e-13,1.8432887554102024e-13,0.724769032956101
3863,2.583518918270303e-14,1.6476710718581818e-13,1.1632075819347928e-14,0.6723807571979705
3864,3.6574338529619824e-13,4.749545933571123e-13,2.6208307768144645e-13,0.7335804778616876
3865,4.0011695397328556e-13,8.516282847989229e-13,3.812688212872665e-13,0.7013131270883605
3866,1.195553415967734e-13,6.910305904276877e-14,8.338079059145126e-14,0.697915339237079
3867,3.185451894530467e-13,8.377936255182001e-12,1.9426692838278594e-13,0.6659926364052808
3868,8.449778277925824e-14,1.897057890810548e-13,5.731839166731942e-14,0.6933373000472784
3869,7.77624444286884e-14,1.2513835137203853e-12,6.24856740013888e-14,0.66654397524253
3870,3.025268228024099e-11,1.1686329387650346e-10,1.2017255972878323e-11,0.701458052592352
3871,1.2778295455282403e-13,1.45525721804871e-13,8.3459591680371e-14,0.6893940385256428
3872,2.3212696090150756e-14,3.100633629736074e-14,1.3374211603997903e-14,0.6814101009105797
3873,1.5992848024124166e-14,4.1255286696543747e-14,6.722328820281044e-15,0.6828844710835256
3874,8.869277142700471e-13,1.615759116871268e-11,9.377849821236157e-13,0.679880170506658
3875,2.3215817333308995e-13,1.1039633125335224e-12,1.9670755672623624e-13,0.6929099564207718
3876,5.673088912567779e-14,6.016766182955099e-13,5.0323440645711144e-14,0.6902538524009287
3877,4.963796559271573e-14,2.4533518316404604e-13,5.815481051251733e-14,0.6813487366831396
3878,4.8418249693920325e-14,4.663240302582491e-14,3.138194501016033e-14,0.6630204441142269
3879,1.3198585425972184e-13,6.014465809541947e-13,1.3328760995950667e-13,0.6827663705626037
3880,5.399514505905008e-14,3.133670205927276e-13,3.472355766336275e-14,0.6881377370445989
3881,1.3350869911614753e-13,2.328205673618246e-13,1.3184816285554492e-13,0.6873750072554685
3882,3.8156242881959844e-13,3.284523342157201e-12,3.6403971766733374e-13,0.6729580573010026
3883,1.2680514647170772e-13,9.039046845980296e-14,9.934095837076085e-14,0.6842110235476866
3884,9.368740060459521e-14,7.045170698655665e-13,2.7432603997552222e-14,0.6909212767786812
3885,1.150594613004005e-13,1.014857204720087e-12,9.07567409364525e-14,0.6602049768785946
3886,9.447348161634562e-14,2.859611064509548e-13,4.3100805284572434e-14,0.6921097955375444
3887,4.435302999050924e-14,5.673235402510879e-13,1.795857419167213e-14,0.6765727889665868
3888,4.955817009759304e-14,9.050902381911762e-14,1.8459169902413077e-14,0.6818572958291043
3889,3.363487666231793e-14,4.965760410617992e-13,1.199064818967434e-14,0.6720733176742215
3890,5.300339392113897e-14,5.204031549527787e-13,1.9793443160568165e-14,0.6749105201801285
3891,3.244227170158279e-14,2.360408754189167e-13,2.7154419977921474e-14,0.6848670955689158
3892,2.4097330644144796e-13,3.6151569541914287e-12,1.788361731649366e-13,0.6669792599976063
3893,4.7148480286002293e-14,3.277707398847507e-13,1.6750387093390098e-14,0.688278681319207
3894,8.424294275337081e-14,8.597175828952032e-14,5.917379243326128e-14,0.7020724984118715
3895,5.527557897231021e-14,3.710198617341847e-14,2.9826586385330033e-14,0.6882138330023736
3896,4.570914462616992e-13,3.91924365183762e-13,2.5816834380316347e-13,0.7072749317972921
3897,7.017917498226652e-14,2.4914711112157975e-13,3.5926444396394635e-14,0.6834862318530213
3898,3.795391531352648e-14,1.379212007588942e-13,1.76229065513593e-14,0.6733621641295031
3899,2.4089499043069086e-13,2.6131575810460766e-13,1.1686450323843738e-13,0.6814755704835989
3900,5.220511786608704e-14,2.763416356105051e-13,3.532189663492874e-14,0.6798138204205315
3901,4.6291425066341504e-14,6.803610273556225e-13,1.619457737119916e-14,0.6715865113248582
3902,2.5054260520606622e-14,2.2562489450463368e-13,2.1870128579537495e-14,0.6718755786161636
3903,3.938425751822253e-13,2.234280690054102e-13,2.836087651425477e-13,0.6829335078189616
3904,1.1556269252632967e-13,4.070847808915591e-13,4.2899069677757984e-14,0.6638393090455793
3905,1.180423510391964e-13,6.897956601147297e-13,5.038410369763404e-14,0.6744824112218339
3906,1.8358382764332277e-13,6.788849045149488e-13,1.3640483754075008e-13,0.6747613954299595
3907,6.325219460048216e-14,5.448008050433833e-14,5.00476233195438e-14,0.678749060363043
3908,8.182093101576052e-14,1.569016854287387e-13,5.524451523445374e-14,0.6827589111402631
3909,1.5323446954662196e-12,2.0375369774453334e-12,6.359602975950131e-13,0.6957535955938511
3910,3.421775843398803e-14,1.1716835325562648e-13,1.4616472534005228e-14,0.6760366407746915
3911,1.1248541199674685e-13,2.1155797994174465e-13,1.130969362237826e-13,0.7076311505283229
3912,1.4314848708633965e-13,6.888462657126994e-13,1.378318064876392e-13,0.680728734220611
3913,2.5024418117621386e-13,5.840212487498347e-13,2.483508591241004e-13,0.7052314125583508
3914,3.415378022431293e-14,2.133343014119135e-14,2.5692363032421886e-14,0.6822410360560752
3915,5.931440293196389e-14,1.2797507457078208e-13,3.171235667981382e-14,0.702350758027751
3916,6.051658737053388e-14,2.0587069364256223e-13,5.67376128615702e-14,0.6629376160446554
3917,6.79598579276293e-14,1.5020484657985134e-13,3.606573216091101e-14,0.6792642912419978
3918,5.58051918872006e-14,1.1303010942671781e-13,3.985956640269964e-14,0.6840846728067845
3919,7.763557071207286e-14,2.8947082630759574e-13,1.6460471358303527e-14,0.685354816733161
3920,1.6832833656238768e-14,1.7090740736643572e-14,1.0347975862816497e-14,0.6821493887808174
3921,2.901859481459981e-14,2.162464184361041e-13,2.5395966037869048e-14,0.6798491409223061
3922,2.546018432906738e-13,1.7934629218187687e-13,8.259471774773976e-14,0.7200083346338942
3923,4.085926943042629e-14,6.534227351719816e-14,2.64996898311901e-14,0.6863169276562985
3924,8.092571519416857e-14,1.2883191615932703e-13,5.5230321741871876e-14,0.6816649958840572
3925,1.0864288054160132e-14,1.1198363130851883e-14,4.975387388184702e-15,0.6814303512917832
3926,8.835113291431327e-14,3.1186736299976613e-13,9.769997837395606e-14,0.6756355896126479
3927,3.980035601936737e-14,3.2185946866588067e-13,3.57217657960062e-14,0.6774653787899296
3928,1.3136170986983115e-13,1.190502978892696e-13,8.868339368505996e-14,0.701082896196749
3929,2.1658150601429837e-13,3.6189181435659923e-13,1.0930905066900109e-13,0.6982794541632756
3930,4.834491393179681e-13,7.973795619558587e-12,3.7584572130745127e-13,0.6593309588206466
3931,7.078375706642536e-14,3.973303625619429e-13,8.491986899023584e-14,0.6623556001140969
3932,2.3591651391772868e-12,5.660548283774902e-12,1.2915214362361548e-12,0.6882165782386437
3933,7.559974865925273e-14,3.091778691271918e-13,5.3480379931885266e-14,0.677392142865574
3934,8.11954954563148e-14,1.2974776752446223e-13,5.783487863952607e-14,0.6806735728634521
3935,4.460905901493627e-14,3.1070202030716203e-13,2.385965932883689e-14,0.6735204629687359
3936,1.643603156811741e-13,1.1583246396636495e-12,1.4448574280121262e-13,0.6685687566176057
3937,2.813207610816135e-13,1.1717680178501818e-12,2.1745275040090784e-13,0.7034974962705747
3938,7.938485919475649e-14,2.2308381062852317e-13,3.739325712352041e-14,0.6834845232428052
3939,3.993755134072683e-14,6.958174298352564e-14,2.458032518839908e-14,0.6872721653955522
3940,2.5201357406185096e-13,4.570180905938517e-12,1.7307503094685788e-13,0.6781746623455547
3941,1.0706841137971014e-13,1.3796602926737353e-13,5.1816083730010694e-14,0.6936084195564035
3942,4.047503516977519e-14,8.856225998717433e-14,2.128885649606675e-14,0.6736142457579263
3943,8.769766318998996e-14,4.192450984044608e-13,4.4686131589493596e-14,0.6639312157873064
3944,4.71823193800373e-12,6.178274614719276e-11,2.8289177637723047e-12,0.6740562796825543
3945,1.2989093157258632e-12,1.0990133038141135e-12,1.2545227695387272e-12,0.724463535216637
3946,1.9643709443532437e-13,2.1878359719238334e-13,1.9814148219074818e-13,0.7055263711721637
3947,4.1911039080307596e-13,3.7028764064137795e-13,3.1469988864559627e-13,0.6912874647357967
3948,6.12850105510577e-14,1.7395239403545534e-13,2.6730015724868853e-14,0.6977721440256573
3949,3.77996704344331e-13,5.208985023152806e-12,4.467337520363858e-13,0.6653933839057572
3950,3.9469542926986645e-13,3.2026234162952743e-13,2.8010044043351747e-13,0.7102148123085499
3951,5.113934896810755e-13,2.4969060994357936e-12,4.1513481213170946e-13,0.6815305512514896
3952,6.008473380391185e-14,4.230583148586788e-14,3.4214591056198085e-14,0.6827105442236643
3953,1.2734645894521867e-13,1.1951322582885712e-13,6.56964389041564e-14,0.6793926773068961
3954,1.017310446190432e-12,8.591032578368866e-13,7.340930056403906e-13,0.6837447782454547
3955,5.452091313270767e-14,1.688025797229822e-13,2.2714596978007427e-14,0.6775792895932682
3956,1.1850609740190768e-12,1.308844194056297e-12,6.897431812389913e-13,0.7058002948760986
3957,5.359213029691646e-13,2.7713978205722053e-13,4.113672137891791e-13,0.6853121269959956
3958,4.529843547262377e-13,3.679105231060369e-13,3.535032006984141e-13,0.6947696267976425
3959,2.6907160686436447e-13,8.950214380388886e-13,2.2206770621992577e-13,0.6840728258248419
3960,5.175610770094441e-14,2.836464776920752e-13,2.827113540385942e-14,0.6822716090013273
3961,2.4676674309319235e-13,6.136660039929056e-13,1.4130508194966443e-13,0.7047032300615683
3962,3.126632059936548e-13,5.672416464696243e-13,2.918713666481792e-13,0.6726037786516826
3963,4.012465324366765e-14,2.2432824334226285e-13,2.1348796342112422e-14,0.6846000511781313
3964,7.320825945169209e-14,4.654870307086916e-13,5.231901284743838e-14,0.6877181405958254
3965,5.5816007676726494e-14,1.9889962571506397e-13,2.365283712708196e-14,0.682746424007928
3966,3.6657975307286697e-13,4.277525866432704e-13,1.8414057285675854e-13,0.7069474542280659
3967,1.7398064575714639e-13,1.92232594413166e-13,1.0317603750856673e-13,0.6951001639594324
3968,5.265538723143302e-14,6.738705078467807e-14,3.079170150605613e-14,0.6823670638434123
3969,4.74404530734609e-14,2.118760701380687e-13,4.052122756182088e-14,0.6816546766960527
3970,1.0709707390894207e-13,2.0323702764231207e-13,6.585788211639081e-14,0.6867599602730479
3971,5.02723409407089e-13,1.0396045583525535e-12,2.5896798560578205e-13,0.628573352836247
3972,3.8558764312992234e-13,4.934028005687168e-13,3.6183105605130923e-13,0.7050046486081556
3973,7.985987671735821e-14,4.127095459151313e-13,7.982555344107325e-14,0.670008241571486
3974,2.540522122137058e-14,1.1789179542549703e-13,6.518214050506447e-15,0.6834629820194096
3975,2.564908619173331e-14,2.5856439878334633e-14,1.9163007730351507e-14,0.6805158308008685
3976,6.964379478225129e-14,9.948277235157887e-14,6.079413018782614e-14,0.695103264565114
3977,1.5263899021893464e-11,1.0952360127973989e-11,9.721093143068836e-12,0.6844822563405615
3978,5.705924082331482e-14,1.6672484250946727e-13,3.6600835892106854e-14,0.6797695186396595
3979,2.378848021262048e-13,6.683620440384433e-13,2.495297577855853e-13,0.6998733735177666
3980,1.5507220563435743e-13,9.038572485004468e-13,1.5687768240913518e-13,0.6943137784488499
3981,1.3772462179744407e-12,2.806295790812821e-12,1.3653919332478042e-12,0.7353642074856908
3982,1.302854950110579e-13,9.512678642034309e-13,8.62442798399612e-14,0.688273732556263
3983,8.788593287396945e-13,1.3593154328764949e-12,5.295302571804796e-13,0.7136869696900249
3984,3.165568601223603e-13,3.221900185635448e-12,2.9213639002567275e-13,0.6618862770526903
3985,3.237945226267871e-12,6.926103108732398e-12,2.6507068080291707e-12,0.742195320269093
3986,1.0049702385773795e-13,6.02524845221239e-14,7.700789061326954e-14,0.683871872187592
3987,3.4985705585072804e-13,6.313236905230037e-13,1.45674200180558e-13,0.6977852244628593
3988,1.4659210373307706e-14,2.917251413775089e-14,4.2221278017647625e-15,0.6821033414802514
3989,1.2867390236436156e-13,9.201160402568881e-14,9.852581646151066e-14,0.6786592508840841
3990,7.450286350267767e-14,1.2745612403221257e-13,4.637737581624655e-14,0.6888761743437499
3991,8.205381703721355e-14,9.66554911724099e-14,4.1499367007364074e-14,0.6809873977093958
3992,2.855520142544216e-13,4.605532800578865e-13,1.6471411390005038e-13,0.6981757282628678
3993,4.563565993360795e-14,3.534090342261505e-13,2.9669549569876305e-14,0.6757151006546337
3994,3.9174906582954015e-14,2.5197544935731363e-13,2.777108630565329e-14,0.6845343882218003
3995,1.502432749349196e-14,7.599589456533524e-14,7.613126454341358e-15,0.6829316273680888
3996,7.583365485075742e-14,2.2458781583855892e-13,6.20128658694156e-14,0.6941233159741387
3997,5.5271774067888533e-14,5.996490341090624e-13,2.65429628673783e-14,0.6748729523678776
3998,3.728779523736648e-11,5.0458011624706304e-11,3.390041539104552e-11,0.7252049072179944
3999,5.499109935350563e-14,1.0657508091791986e-13,2.254771092059545e-14,0.6825774594617542
4000,3.846546370828337e-14,5.230002887478632e-13,1.7182212122192445e-14,0.6841970646113623
4001,6.217366538724829e-14,1.0308170154176355e-13,2.1479118589289006e-14,0.6848901613906492
4002,1.4386867350842575e-13,2.1212351884704897e-12,1.6786307040950312e-13,0.6730561143078375
4003,6.067170560507585e-14,6.862510607435002e-13,3.2778367718822664e-14,0.6847946120018605
4004,7.998721448375937e-14,3.7117245594464543e-13,7.743701901140367e-14,0.6776825887616724
4005,9.109736476701927e-14,5.17314701802984e-13,5.401493595817648e-14,0.6906254535715561
4006,1.8270327504841356e-13,4.306793843114777e-13,1.492003122148198e-13,0.6895677864202299
4007,3.7074949263877834e-14,8.33398709337604e-14,3.3638126739349974e-14,0.6838538457057439
4008,3.781564314637194e-13,2.2819102225183318e-12,2.6899981036557317e-13,0.5966906005014607
4009,1.0010099990954008e-12,1.742706648111967e-12,6.154648628894945e-13,0.7256519143702462
4010,7.470512434721824e-14,8.822966211551296e-14,5.782758776498596e-14,0.6799309239315334
4011,1.1073191736347137e-13,2.0639032737388409e-13,8.966077360046256e-14,0.6883351412776392
4012,5.80547432639936e-14,9.913758668334453e-13,4.19882650035159e-14,0.6743462150567211
4013,6.288789171177663e-14,4.452468052644983e-13,4.497782153197508e-14,0.6792156896262895
4014,3.879686564544776e-14,1.028539995932564e-13,2.5843232681772374e-14,0.6805647784785833
4015,1.7964641906428173e-13,3.476628700998957e-13,1.1031973334968247e-13,0.6910016103298403
4016,4.909629279978121e-14,7.18001906324067e-14,2.618083227037146e-14,0.6825287015468348
4017,7.09793757111358e-14,4.515162620374564e-13,5.3551889982518126e-14,0.673754887963878
4018,1.7294740287424735e-13,2.873191340671102e-13,1.6334027581075264e-13,0.6701716297131497
4019,4.3872398135529887e-13,6.521599646193094e-13,2.958026604334576e-13,0.6971848906949163
4020,1.1952032421836705e-13,4.1259818946851047e-13,6.324132670976376e-14,0.6884454314247705
4021,2.664569050788286e-13,2.575200131756855e-13,2.2450384333119486e-13,0.6850361772987525
4022,8.260665153845335e-14,4.4484685116160555e-13,6.063545163229147e-14,0.6817536703369115
4023,1.5741689428863698e-13,2.6923045694117434e-13,5.377668819606658e-14,0.6912229925335851
4024,8.175972101839476e-14,1.3235550400689647e-13,5.1290075727658944e-14,0.7029346771189011
4025,1.0488810957687059e-13,2.4783384184512817e-13,6.106054914691171e-14,0.674727525585331
4026,3.1949002783073785e-12,6.777626095350328e-12,3.2065812277707006e-12,0.7465890084858984
4027,2.096950230577236e-13,2.1773570360582676e-13,1.4735781631745616e-13,0.6918137124623172
4028,3.948260058678961e-13,2.906579627208235e-12,3.258793584265655e-13,0.6894192734267562
4029,3.6443212263601673e-14,8.662414473353572e-14,2.078256572328776e-14,0.6771285971393809
4030,2.3938857669589312e-14,1.144200041158245e-13,1.1769854919973992e-14,0.6846914197085425
4031,1.2909162692027214e-13,1.869603603341674e-13,8.963784077533576e-14,0.6907001386745832
4032,8.066678452751903e-14,6.161654942193798e-13,6.109282381073604e-14,0.6639589856145903
4033,7.461930453360513e-14,2.7167017892371154e-13,2.9141070878067826e-14,0.6851416365883779
4034,5.608657051379275e-14,5.6693053897531e-13,3.8487342740801474e-14,0.6718890141783049
4035,7.802739985212216e-14,1.259988970013056e-13,5.575475351483592e-14,0.6637913206941448
4036,4.909442278862431e-14,7.469055437273067e-14,2.3125895285765812e-14,0.6811748761392664
4037,2.605918644888704e-14,3.480209979500581e-14,1.7334306639601636e-14,0.6840398216387257
4038,2.071403425140987e-13,2.883858804816988e-13,1.8000771204275984e-13,0.6867327832616865
4039,2.1151031472723106e-13,7.386047289657593e-13,1.9723099690296917e-13,0.6760400489205495
4040,9.86942332463781e-14,3.662143663274397e-13,3.5961721076845647e-14,0.6676512172765797
4041,1.3564934032945548e-13,2.0548599029714145e-13,1.034213282157911e-13,0.7002901103114709
4042,9.873303134816917e-14,4.140610393315806e-13,6.53550287976468e-14,0.6931025014840998
4043,1.8586357967484564e-13,1.6076459898927722e-12,1.7547892902738002e-13,0.6854905231273734
4044,1.0228091529791396e-13,3.791295345302276e-13,4.9861699913948154e-14,0.6828912289405707
4045,6.392990051411821e-14,4.42585447487217e-13,3.9740133176951666e-14,0.6788989008287899
4046,3.3521669271683527e-14,2.2351439984875215e-13,2.5737757748091787e-14,0.680016373761464
4047,4.6196529788071396e-14,8.148312762955134e-14,3.594795571018124e-14,0.6860136123548728
4048,1.7824470090577238e-13,4.685595788825486e-13,1.501328149244761e-13,0.673342731304001
4049,4.893653549918689e-14,4.4818321493289863e-13,4.9099907368869635e-14,0.6792953358788509
4050,1.3659496021189694e-13,3.58743378894955e-13,1.0984785071887239e-13,0.6866188088664785
4051,8.753576883424606e-14,7.603319879602462e-14,4.0876603427573236e-14,0.685568507068092
4052,4.697654884979611e-14,3.5794079523039646e-13,3.3863644669877445e-14,0.6855641702772118
4053,2.0739485218337149e-13,1.9071059207540076e-12,1.2748746098991699e-13,0.6865254673466552
4054,3.444999462143125e-13,2.8862003991751787e-12,4.1740091503272716e-13,0.6555764653458027
4055,1.2149803893890558e-13,1.5779689773267058e-12,7.192318721647676e-14,0.6627099104953231
4056,1.384092119552733e-13,3.2236077549156586e-13,1.1777041670796827e-13,0.6833935761416796
4057,3.5136830628102544e-14,4.622183303554725e-14,1.4795428478958638e-14,0.6833388303348329
4058,4.931413646694071e-11,3.2036330020734556e-11,2.2748248381880576e-11,0.6856207137228921
4059,7.7470290760996e-14,6.481234755571969e-13,3.605719649035275e-14,0.6621981208474608
4060,6.402809226651313e-14,2.8604952001124445e-13,3.2457821614756213e-14,0.6876735305471812
4061,1.1249069875126096e-13,1.0470625449659755e-12,7.631129270506411e-14,0.6667544692201772
4062,9.982699632945485e-13,1.7395647514547454e-12,7.473853471715146e-13,0.6471074617700652
4063,2.1070378277933178e-13,2.4595099899064523e-13,1.222935652981818e-13,0.6948260548524559
4064,1.257599461371396e-13,3.3006720375325925e-13,1.329462403530192e-13,0.6701511790161021
4065,9.233834405265028e-13,8.3464643764122e-12,7.776911460106601e-13,0.6928167176200077
4066,5.779186644825632e-13,1.5010747923663523e-12,3.9071837337933204e-13,0.6945581810374278
4067,1.094459535910206e-13,3.3705206443072885e-13,6.850001608079051e-14,0.6870920851652045
4068,1.9791502372873842e-14,4.3992739000248216e-14,1.0605646917351248e-14,0.6801003882021177
4069,3.260880584202832e-14,1.222539749370117e-13,2.2390661838577833e-14,0.6666461329121376
4070,3.790089691791707e-14,5.4405924656720387e-14,3.5980168798455085e-14,0.6858066274435259
4071,4.7816238767693773e-14,3.7625744876728273e-13,3.220574741207068e-14,0.6746003928303252
4072,2.733810377689084e-13,4.162978421481407e-13,2.0188868807187805e-13,0.6916608185856603
4073,2.9352752895486456e-14,3.2283842077698157e-13,8.741783317180438e-15,0.677163702523103
4074,8.711740981991496e-14,2.347996504776225e-12,2.257916760529114e-14,0.6642639800760662
4075,1.0985019700514203e-13,8.391201638114185e-13,8.908288662694687e-14,0.6784022308769636
4076,1.1008420048404292e-12,4.834926175054268e-12,5.130722423707483e-13,0.6892742400988936
4077,8.244307447506236e-14,6.645419591339995e-14,4.903049107532743e-14,0.6952162034169305
4078,5.308104176101497e-13,2.4139569418766795e-12,4.0691741774398234e-13,0.6717450237250887
4079,7.789376225565046e-14,6.636476313398176e-13,4.091882105731882e-14,0.6930035407131072
4080,1.2455085869999663e-12,7.488939444852125e-12,9.080768441247682e-13,0.6841294747311621
4081,9.874367802068845e-14,4.3159945680710664e-13,4.191664223683804e-14,0.6786320040060673
4082,6.51863476116367e-14,3.7576490497964103e-13,5.794172092887516e-14,0.6690632277721307
4083,2.402629064898068e-14,2.0128195147009828e-13,4.577249961935794e-15,0.6824283712077885
4084,2.339262185698965e-14,3.3430406983594134e-14,6.593846901626995e-15,0.6884761370602064
4085,2.3633223179614225e-13,1.479843742241407e-12,1.840503056096547e-13,0.6768586401827633
4086,4.50317619883082e-13,5.49697584574884e-13,3.142591617578942e-13,0.6592047731159255
4087,6.224907573437174e-14,7.695510727476387e-13,2.9922406579421045e-14,0.6718546463991515
4088,1.0469779427593605e-13,5.677200276096271e-13,8.204877652774384e-14,0.6795902318262961
4089,1.0256445597934361e-13,2.411441150217184e-13,8.151895158537736e-14,0.6946154579927679
4090,8.981230495942188e-14,3.9447129992055787e-13,4.986363362907884e-14,0.667164431445417
4091,6.381158560244183e-14,1.0810817665535395e-12,5.969133232919645e-14,0.6645176373189315
4092,6.806348958126066e-14,9.663417707682383e-14,3.2986036273319333e-14,0.6828282474307343
4093,2.7375770560829882e-14,1.7745323517578932e-14,6.458795472334082e-15,0.6821402932400815
4094,9.30923604318098e-14,2.0083443645304582e-13,6.331007562075678e-14,0.6907371871173382
4095,5.397025561581396e-14,7.590973106550521e-14,5.304694545881896e-14,0.6844154462043661
4096,1.4342016974131988e-13,1.8338875111077633e-13,1.296496261212782e-13,0.6887605299649294
4097,5.145725533491487e-13,1.041078417514612e-12,3.388775225038847e-13,0.7077981171198189
4098,1.959313330481492e-14,1.800043944583068e-14,1.0982226878451558e-14,0.6824924201588146
4099,2.4326147593525034e-14,1.9125195815821312e-14,1.3639801809494642e-14,0.6844884161604569
4100,8.011828521760823e-13,2.0180430913413612e-12,6.240195169551299e-13,0.7026264819316566
4101,1.3927322573012436e-13,2.1780528643596355e-13,1.0001098704506146e-13,0.6743210710352286
4102,7.970666887256924e-14,1.1225266140950463e-13,6.124150830844794e-14,0.6895321776450146
4103,1.0428330715643792e-13,2.015211476247716e-13,9.698681321074295e-14,0.6900556546577719
4104,4.953590484399651e-13,1.221104065978731e-12,2.689803048868098e-13,0.6877094004768878
4105,8.592636945886094e-14,1.6980214507383166e-13,7.675603894773902e-14,0.6768023452721537
4106,7.91371370962053e-14,7.548426995528074e-13,3.650050403816112e-14,0.6788602344342507
4107,9.492717696485662e-14,1.7394263827375609e-12,9.090601999777374e-14,0.6645086588017876
4108,3.804994808406621e-12,8.338561639013202e-12,3.174536977430595e-12,0.7150603345013223
4109,5.450813840253111e-13,1.6334264206110992e-12,3.0520793894198305e-13,0.6969089078716934
4110,7.661521416009037e-14,2.2958516390002895e-13,5.1908792816704236e-14,0.6719551379297627
4111,1.7143876040423724e-12,2.892836718872609e-12,1.2315748505335785e-12,0.6513287961366586
4112,3.9190933302910724e-12,6.282297267135405e-12,3.3583446829756984e-12,0.7255468500079587
4113,1.1113091377467641e-13,1.2557428860184364e-13,9.226240230566048e-14,0.6848172190599143
4114,2.6373873533620197e-13,6.775106856387681e-13,2.3955360350023994e-13,0.6627640799211804
4115,4.337262390396737e-14,3.0242992382439365e-13,4.2009800863851115e-14,0.6669073043827666
4116,2.701743614040454e-14,4.395214058011157e-13,2.68376156590848e-14,0.6795051383145619
4117,9.232057970489481e-14,8.561517358551014e-13,8.52491510841203e-14,0.6749137667298782
4118,2.9049618881682776e-13,1.224188839216307e-12,1.094664312198941e-13,0.676533667021431
4119,5.671582002986259e-13,9.155616189183468e-12,4.220047994034933e-13,0.6684269967721775
4120,2.238380623995141e-14,2.597956688393998e-14,1.2408642222890056e-14,0.6831594616989605
4121,1.5365615553311666e-13,1.7477902666895847e-12,4.482248267115868e-14,0.6803148937877268
4122,1.0001604279384737e-13,2.443383024674834e-13,7.717142555819929e-14,0.6933596860268153
4123,6.859497750436654e-14,4.867810224093855e-13,5.159652135218041e-14,0.6708551928837551
4124,1.3851446163412017e-11,1.8145673742669417e-11,9.781270280908538e-12,0.7138197967782617
4125,2.013118506211982e-13,9.00423132892574e-13,1.91259613117635e-13,0.6825603411125485
4126,7.977762155179349e-14,1.9286546572144446e-11,7.437928191395476e-14,0.6555477020447142
4127,3.5200011942184815e-13,2.4338679336014025e-12,2.2107532813091755e-13,0.6612481548538198
4128,3.754439309304306e-14,5.152422019830269e-14,2.784381485716467e-14,0.6849268887250218
4129,4.3474314403910424e-14,3.108229608192103e-13,3.223935462830921e-14,0.6814003256091382
4130,5.128940406335615e-14,1.8713023488423022e-12,3.6094994935019556e-14,0.6650990936730523
4131,1.3453799798667509e-13,2.7353606098610323e-13,7.794388363771229e-14,0.6877609319344629
4132,1.8840785533636755e-13,2.776117193624319e-12,7.877317231160538e-14,0.6742231368029025
4133,9.67355493652959e-14,6.779382369896057e-14,5.1235307872817987e-14,0.6951483099255711
4134,2.202698631715932e-13,1.0005734782018734e-12,1.2612185535330427e-13,0.6774654297449161
4135,7.772426376650767e-12,4.712605541246801e-12,4.839962289714709e-12,0.6617989060003311
4136,4.3148008137729955e-14,8.853817135750103e-13,1.8566060469187455e-14,0.6670829903829144
4137,9.23848285374854e-14,1.057432745181278e-12,9.299457004309171e-14,0.6733194995176746
4138,6.039697712531949e-13,5.599848672352604e-13,3.4008869102147924e-13,0.7018015715410002
4139,8.001439566047286e-14,2.5518960775918423e-13,5.701023248178381e-14,0.6821173019357957
4140,1.138202694853448e-13,2.410850762809325e-13,4.988196743405504e-14,0.6951416316675022
4141,4.4852331101538623e-13,2.9086328595946997e-12,1.2956086223461737e-13,0.6939306975575164
4142,1.870185782111173e-13,1.5487484598490917e-12,8.758445999158117e-14,0.6810458623513114
4143,2.4842648164663816e-11,4.350507236056583e-11,1.668889928047619e-11,0.7033425497007556
4144,2.308615494753763e-13,3.8157322017853077e-13,1.7198024206359406e-13,0.684416045085527
4145,2.6818036460120058e-14,6.732976231371622e-14,1.300428883519636e-14,0.6782158325659111
4146,1.5220324695130158e-13,1.5056575873821747e-12,1.628117529839771e-13,0.6843775127490517
4147,2.4880010250489132e-14,4.9449721793307695e-14,2.2153725384624063e-14,0.6878438782528974
4148,5.615602971737384e-13,2.23996561744613e-12,4.314943982726439e-13,0.6823926099983509
4149,3.917378632675772e-13,2.1379472878874958e-13,2.8561550626646493e-13,0.6997438690508716
4150,1.0435898761354806e-13,2.8544878536013724e-13,3.2067385189608846e-14,0.6728715234523406
4151,1.7637476341680574e-12,9.270984607524173e-13,1.2527305927084497e-12,0.7207767366431653
4152,5.013412054473328e-14,8.005956680277967e-14,2.871302701803769e-14,0.6981521611218341
4153,1.129458553928784e-13,2.149445420221914e-13,6.827048484561024e-14,0.6815956271020696
4154,1.2564379988349222e-13,1.0847104145175179e-13,8.794036444591785e-14,0.6787689887278248
4155,6.945510703680453e-14,1.2392780447676022e-13,2.2697238589010946e-14,0.6747461770661175
4156,9.333609544032863e-14,1.4018520008987732e-13,4.2246820895007625e-14,0.6875884981651325
4157,1.856172675856536e-13,9.978817082448211e-13,9.333860413966118e-14,0.674204231693875
4158,1.1255286542717564e-12,1.590833344754537e-11,6.646043006784828e-13,0.6768678179156268
4159,1.458194071589735e-13,6.222935474706165e-13,7.255809081407189e-14,0.6766129658382851
4160,4.182084796873674e-14,6.057287476276703e-14,3.2131779449169996e-14,0.6853060982190072
4161,2.5841725055044564e-14,4.0893774788134685e-14,1.1697353037736856e-14,0.6796478250005749
4162,2.289301571712381e-13,5.580501729514991e-13,1.8822647745067471e-13,0.6457809408719186
4163,1.472840947426424e-13,1.9084104481144032e-12,7.293313785452062e-14,0.6663173074950464
4164,9.64954089134163e-14,7.937817317302703e-13,4.466027539860126e-14,0.6677973836136516
4165,2.6019144806593528e-14,3.519585046332902e-13,1.661257050649827e-14,0.6744703218282666
4166,8.942911905649102e-13,1.7131959894652304e-11,8.214425332486795e-13,0.6703710499219596
4167,2.917742567370347e-14,1.1270141759993353e-13,2.0499241592455333e-14,0.6807019204134122
4168,5.210115781905142e-14,4.769091000442923e-13,4.442990649705442e-14,0.675165046431357
4169,8.447896775722658e-13,5.793965756928546e-13,6.420252565479815e-13,0.6976563448435626
4170,9.649003810980036e-14,1.8018012174897362e-13,9.580674438167871e-14,0.6986785948043689
4171,8.652145172077599e-14,9.872572999928224e-13,5.24068954292749e-14,0.6817551988642663
4172,1.8850597400758682e-13,2.4665106081635305e-13,7.153581061993428e-14,0.6609294471913018
4173,9.614665318993968e-14,1.695863965440598e-13,6.988986111355306e-14,0.6862939563405235
4174,2.451959429565611e-13,2.0456979500753103e-13,1.6787490042621874e-13,0.6806361922936048
4175,1.1325114613940848e-12,1.8753517529794867e-12,9.394287294314758e-13,0.69672532370314
4176,5.92234484096365e-14,4.133627041033346e-13,3.533292224955642e-14,0.6721427540760487
4177,2.822268860343182e-14,4.3612478193440216e-14,2.0839745754485898e-14,0.6842086793971248
4178,1.0493143569729213e-13,9.692527992824787e-13,9.15076418164044e-14,0.6928125445381739
4179,5.205758715187303e-14,5.344291193013615e-14,1.8162412556787887e-14,0.6868980058701709
4180,3.029589350977618e-14,1.2953105524907857e-13,1.7296063196420965e-14,0.6922885220265016
4181,1.1355593560957755e-13,2.2532307594514594e-13,9.628163137268693e-14,0.6933077738853172
4182,4.178087857164777e-14,9.799694376932193e-14,3.443242799591227e-14,0.6859789178124629
4183,1.244178691866945e-13,7.48299583226603e-13,1.1355649406615938e-13,0.6900398973375559
4184,1.3306573930687957e-14,1.693240053538294e-14,8.315959347771818e-15,0.6824799413792789
4185,1.900133957740048e-13,4.664477642015464e-13,1.203321755466739e-13,0.722188062290661
4186,2.81448988964187e-14,3.058034570179025e-14,1.592195410300304e-14,0.677306231262628
4187,4.175596406957142e-13,2.4130497610918663e-12,2.8993565126184927e-13,0.6673211618384812
4188,3.172089596503737e-14,3.395681075700064e-13,2.057346170340639e-14,0.6802900558104739
4189,2.273033426074968e-13,4.3066584876477574e-13,1.5163651635560216e-13,0.6870672730146907
4190,1.0432028116632207e-13,6.80414486443587e-14,4.449928797036349e-14,0.6912952486367431
4191,2.963572588987788e-13,1.73572480303717e-13,2.438359340340043e-13,0.6771883740264457
4192,1.0570351017210073e-13,1.2983887156690676e-13,7.548561103721942e-14,0.6865777862782124
4193,3.6162269585984236e-13,8.752571539610935e-13,2.345814038124318e-13,0.6823681187233888
4194,1.1828986802912948e-13,1.2355870611347896e-12,6.430793150608668e-14,0.6971110905753448
4195,4.7592786736737955e-14,2.360107755137121e-13,3.153713224509838e-14,0.6671572843391914
4196,1.1472227752275874e-13,9.81767443823498e-13,4.0256311022877874e-14,0.6785461322404445
4197,2.29928916270509e-12,6.014622353522267e-13,1.7486359011252067e-12,0.6550391466938891
4198,1.6722299721199437e-14,2.0761230732320692e-13,1.117345421745771e-14,0.6773791558574885
4199,2.0226773189791257e-12,1.2269750806244005e-11,1.6978895063628412e-12,0.6903437073517125
4200,6.241327667510306e-14,2.7012669382300115e-13,4.798083289384044e-14,0.696900216769427
4201,4.1190770567619727e-14,2.2652723034627437e-13,1.9284995694239546e-14,0.6825243963161484
4202,7.307319033285754e-14,3.5520932661828433e-13,5.160969188400197e-14,0.6684912445576628
4203,9.47537589233444e-14,4.903850951923019e-14,3.66312399233164e-14,0.6965971273952164
4204,4.704606932847957e-14,2.365446906048011e-13,4.768901147615907e-14,0.6820018353057093
4205,1.843939640185757e-12,4.472181529966638e-12,1.1198948371319878e-12,0.7102701366646216
4206,3.08843631059394e-14,1.246257205189254e-13,1.508699455286726e-14,0.6830334331665654
4207,1.9161595379375801e-13,4.2722798964942507e-13,1.8443242380358133e-13,0.6961180403479375
4208,2.155104472365874e-14,5.944584749623594e-14,1.2693791892750281e-14,0.6819292602594942
4209,3.452873923169627e-13,4.202288504133499e-13,1.555736674459341e-13,0.7249379555461928
4210,4.907338725583743e-11,1.0574117944278027e-10,4.845034608351233e-11,0.6755845801671967
4211,6.429512311997123e-14,5.602733442307389e-13,4.1793449269358224e-14,0.6866678831982427
4212,3.085246440854038e-14,1.8612054175661241e-13,2.6644462075379565e-14,0.6863550756592304
4213,5.750488828015963e-14,3.2450079079410985e-13,4.79080661700654e-14,0.6842606114048977
4214,2.0122399814367878e-13,1.1386486145538198e-12,1.3821533679288195e-13,0.725909668346867
4215,4.190093189104087e-13,7.443253792257161e-12,4.220326707188094e-13,0.670754712636699
4216,1.340654581334822e-13,2.9337454546453674e-13,5.884320158879605e-14,0.7001501599210315
4217,5.29281727107936e-14,1.0099050147768356e-13,4.627406464659458e-14,0.6732775632990524
4218,5.357925271157589e-14,3.1469704992436793e-13,5.228767656634658e-14,0.6837839990039356
4219,3.4787611719703944e-13,3.2950167579478175e-12,1.7353832784678883e-13,0.6918874896364287
4220,6.682694740552332e-14,3.5387706633791975e-13,6.774972994862353e-14,0.6939067711995449
4221,1.8191072354818692e-13,5.559194045757031e-13,1.5456046556698926e-13,0.692021462583216
4222,2.1767456237646824e-14,1.756623854924011e-13,1.5653240393097456e-14,0.6809097222692799
4223,1.6925063026584124e-12,2.0721827768929767e-12,9.620263880717814e-13,0.7024536480894312
4224,1.804315997282764e-13,1.2413560650021135e-12,1.7917376561526567e-13,0.6824447803199292
4225,5.991041687409708e-14,1.443412926040414e-12,3.674859124981415e-14,0.6699015175516252
4226,7.071769956390613e-13,2.0625923888313962e-12,8.270580330636743e-13,0.6610645388223929
4227,5.4920256648334466e-14,1.0583394561885612e-12,4.214627972176322e-14,0.6750061589933466
4228,4.5431160149657246e-14,8.189051663172132e-14,3.8249131441765773e-14,0.6901704642281402
4229,5.1586370038169036e-14,8.524469280608806e-14,3.0324896584376634e-14,0.6823598443181254
4230,1.6921674493050548e-13,1.6418435151957378e-12,2.1580560624188817e-13,0.6615401485061738
4231,7.015689646299137e-14,9.686421340271822e-13,6.488930259814387e-14,0.6903429784812033
4232,2.4346563224236993e-14,1.2847728446425662e-13,1.5836640002375286e-14,0.6809941429120954
4233,1.2243916783738477e-13,6.3252049790974e-14,7.760324424688167e-14,0.6922370605054311
4234,9.981396432554782e-14,2.4502957190732535e-13,6.399885749807258e-14,0.6876610114704818
4235,2.8108903469722337e-13,5.784985027202356e-13,1.0983706600414009e-13,0.7249437442747876
4236,8.035985054522466e-13,1.0666908306892342e-12,3.861168590652459e-13,0.6989029093878344
4237,8.174266289881681e-14,2.0429102175818806e-12,6.566844670340735e-14,0.6638644787570229
4238,3.2175596880692883e-13,2.3157319920886427e-13,1.672520708247534e-13,0.6883318344596774
4239,2.2701573930506614e-13,1.7241961919267969e-12,2.2314940670317822e-13,0.6726021184818819
4240,2.5056248197505426e-13,1.093294833258945e-12,1.9976697988004963e-13,0.6700836705625989
4241,2.456053011391173e-11,9.9946102180575e-12,2.025501292693407e-11,0.6408530582091772
4242,6.32356862726781e-14,3.5266027286713465e-14,3.574699680982688e-14,0.6843147262115963
4243,9.848476582108063e-14,1.890807808453674e-12,4.34375477409832e-14,0.6609948131430429
4244,2.0331373029748938e-13,2.2499879943289174e-12,1.354444121769015e-13,0.6752274747181218
4245,4.199689457096159e-14,7.659414312112358e-13,2.1774034330521654e-14,0.6824687002925203
4246,2.9942355238765147e-13,2.832427790598433e-13,1.4854086818855322e-13,0.7010913303820416
4247,4.378380023251917e-14,6.29425409015699e-13,3.749941994077738e-14,0.6726369484502357
4248,6.65280508588148e-14,2.868835506011601e-13,4.533077594676501e-14,0.6829716560197994
4249,7.41765466717692e-12,9.692610972125764e-12,3.817034858157217e-12,0.6919682456180454
4250,3.850259156598737e-14,1.6183612644850918e-13,3.3028499737106024e-14,0.6724357257655356
4251,2.608785240098929e-12,5.7464766686706576e-12,3.0915895238904732e-12,0.6985854792175814
4252,5.0932705746065507e-14,3.5554256029994174e-13,4.6230562684863355e-14,0.6739923387358431
4253,2.8886775478096186e-14,4.068055768159025e-13,2.0236572116986794e-14,0.680914545507403
4254,2.9870059163307048e-12,4.6283319609861075e-12,1.5635829573708733e-12,0.6819652164762374
4255,2.431072439330168e-14,6.718586196989583e-14,2.1133481640879307e-14,0.6844725471630226
4256,9.136720946519598e-13,3.5824880938780574e-12,1.0942885179719358e-12,0.6865665316057857
4257,5.250540978814983e-14,8.843278549043508e-14,4.2947537111798066e-14,0.6931403972557746
4258,6.325172333049838e-14,5.119331615832286e-13,4.033179758428529e-14,0.6963078548549675
4259,5.070640590472267e-13,2.075084754425241e-12,4.4071662195752614e-13,0.6776933230634313
4260,4.460976417857353e-14,1.8042668311962453e-13,2.4643931646418423e-14,0.6757013064227066
4261,2.8301368184753483e-14,1.0906532409207148e-13,1.15159397979599e-14,0.6674156165652676
4262,1.6140083430708657e-12,3.769736877663041e-12,6.076151204982305e-13,0.7416217714082449
4263,1.8695276172064877e-13,5.372131879095592e-13,1.4703312839765963e-13,0.6895423016801943
4264,8.747130595835024e-14,6.958051323684478e-13,5.597720340817407e-14,0.6831557060417254
4265,5.0848346690275305e-14,1.7305879572506e-13,3.3777715635478234e-14,0.6837463541072794
4266,4.0225508031098585e-13,1.4349111939431154e-12,3.192368243479119e-13,0.6184734196518548
4267,1.9476073226728052e-14,1.7227050611793626e-14,8.569078281138308e-15,0.6833579885947983
4268,1.3576956268729533e-13,1.18486362000367e-13,4.607116622773283e-14,0.6795511308650021
4269,3.685835540089454e-12,3.44990253618846e-12,2.653466982043373e-12,0.7439941653516143
4270,3.285708703134102e-14,7.245959586955544e-14,1.884661973791531e-14,0.6871492351347115
4271,2.883498349710463e-13,2.275522070790602e-13,2.537918352965426e-13,0.6916061406082008
4272,5.6460318239551756e-14,2.0342373027727575e-13,4.9853932137570535e-14,0.6933446192764677
4273,3.432911195151171e-14,6.836806654463078e-14,3.905910151378272e-14,0.6815909971133806
4274,7.359643808365342e-14,4.705902555403786e-13,4.5425433403896857e-14,0.6829310145403724
4275,4.164396959074324e-14,3.1079595743604617e-13,3.9497111150719107e-14,0.6790502082905732
4276,1.4863541010531843e-13,1.3209444433314066e-12,1.0847042940031501e-13,0.6879161777265835
4277,1.7818290438348138e-13,1.5582787883209065e-12,1.069350951429849e-13,0.6612371672003065
4278,1.5556525332239484e-12,1.6915188787294696e-12,1.5219595074146952e-12,0.7267989590298385
4279,2.8102206044204782e-14,3.546155925951806e-14,1.157298055671801e-14,0.6840124725771602
4280,6.437657001295424e-14,2.2198989120690504e-13,2.2114205899478118e-14,0.6747502772021108
4281,6.407648434017724e-14,2.1071233089661657e-13,3.853462461689827e-14,0.6810999381064903
4282,3.9395994519240854e-14,1.996504643744632e-13,1.3678979218867035e-14,0.6743512980872766
4283,3.335213200090779e-13,1.8582578445751252e-13,2.813461832169207e-13,0.6815648831543513
4284,4.73952996220061e-13,2.2211134587212015e-12,5.037788080066467e-13,0.6777530670282431
4285,5.533063544665264e-13,3.970795978911372e-12,3.183685836684624e-13,0.6631337199127302
4286,1.5096811515739353e-13,4.742401745565036e-13,8.208019039442232e-14,0.6913356285309419
4287,2.863301380278625e-13,6.364476692935675e-13,1.659594473724899e-13,0.7008568857097999
4288,4.604846482017237e-13,3.686644225782008e-12,2.799635543645605e-13,0.6761599404446315
4289,1.209790838759042e-11,2.85163436615632e-11,3.2131804485341545e-12,0.6923793455469422
4290,1.9679923554268944e-14,1.3749559659621252e-13,1.3930017110277285e-14,0.6752963466511573
4291,2.0732754239011346e-11,1.5373670242894966e-11,1.50215275272587e-11,0.7127148773986847
4292,4.0667185553518486e-14,3.7797017089852763e-13,3.607222291221855e-14,0.6774380595132243
4293,8.168889677555242e-14,7.052091475263692e-13,8.389351183515494e-14,0.6767275964317377
4294,3.109483327307443e-14,7.487367086886413e-14,1.4151122626063634e-14,0.6818699921132065
4295,1.2094202890200388e-13,2.305447911097354e-13,7.163532728911409e-14,0.7000849658506922
4296,6.073375135484944e-14,4.560760580507916e-13,2.4700584106083554e-14,0.6766785187879577
4297,4.5258701637807195e-14,2.4709030353308195e-13,2.3465296973198767e-14,0.680228606791934
4298,1.1141638669921532e-13,4.897829780575032e-13,7.655025554375931e-14,0.6735580676177051
4299,3.5732902742937286e-13,4.882914555345226e-13,2.600857068435071e-13,0.7155918456846848
4300,4.941024941788331e-14,2.857711833915995e-13,2.9738241218334424e-14,0.6809359776962083
4301,2.7295671421673874e-13,2.231878378964656e-12,2.500706901822034e-13,0.6757918239687569
4302,7.482074874991341e-13,1.510608522315187e-12,3.6941149823982246e-13,0.7158111120807007
4303,1.280003130921804e-13,2.6577622651481493e-13,7.366167720250142e-14,0.6726750576286576
4304,1.3991961786518153e-12,2.5395807925354e-12,1.0607784895465688e-12,0.709080760856159
4305,1.1381229828546112e-13,3.553348194838771e-13,9.693227502604741e-14,0.684114144614432
4306,5.1363811229791714e-14,4.025442133865443e-14,3.78270066785736e-14,0.6779513730027247
4307,2.1469980067318936e-12,1.2274521861556001e-12,1.440842924568375e-12,0.7141075632534921
4308,6.108983321326315e-14,4.3393339141578713e-13,3.648283953606372e-14,0.6705962543172064
4309,6.037152032369105e-14,3.427604928027257e-13,4.086004914169361e-14,0.6746896177093731
4310,6.778050089298316e-14,1.1086865764159339e-13,6.394181301857487e-14,0.6799761581292841
4311,2.0801572021604027e-13,1.994459615339866e-13,1.682585529906274e-13,0.6973540196544491
4312,1.504359119216019e-13,1.750246062251311e-13,1.2232439979146914e-13,0.6904203148384113
4313,4.239913543105625e-14,1.0984623868039594e-13,1.7755616147753615e-14,0.682853888196405
4314,1.0533930741611066e-13,9.716500663661047e-14,4.970566856030253e-14,0.6879692174436058
4315,1.3549636948985401e-12,8.401603770469815e-13,1.0648472140130925e-12,0.7301969200372695
4316,7.615054369368448e-14,3.758512538452951e-13,6.326469718267487e-14,0.6726016772910952
4317,5.3195489576829326e-14,1.5447086798838887e-13,3.031896807556592e-14,0.6782602384046186
4318,1.9784642264014036e-14,1.1350103033958391e-14,6.006700464699884e-15,0.6820852297416422
4319,9.829739998344953e-13,1.2495832798093869e-12,3.602457128645568e-13,0.7319105811882765
4320,4.655697043150358e-14,2.7658906434118126e-13,4.2350377530957965e-14,0.6766995538317133
4321,9.123050679800329e-14,1.4130621396503424e-13,6.412225364018449e-14,0.6854425594559871
4322,5.085191068528192e-14,4.2537281154001443e-13,2.374651781986963e-14,0.6856358165037818
4323,1.282111261812709e-13,1.9542954445982113e-13,9.527795293580518e-14,0.6807334786630236
4324,5.488813696071214e-14,4.563799844601959e-13,3.6375306890170504e-14,0.6777237154601607
4325,6.165239924188192e-14,2.6054598255512126e-13,4.4453339780555614e-14,0.6832959190593101
4326,1.4103571434996573e-12,4.2902342463014715e-13,8.737181960432221e-13,0.6688089147442952
4327,3.581536070796215e-14,8.486849930214201e-13,1.965381610042157e-14,0.6681781277555274
4328,1.619409412671952e-13,1.0617019899277575e-12,6.492363853973745e-14,0.652271687501343
4329,6.875220141629482e-13,4.1614437755351143e-13,5.384572775187887e-13,0.7053046944201924
4330,2.492094314803456e-13,1.9349507300579295e-13,2.0333065175433878e-13,0.6776789894443936
4331,7.334047106002136e-14,1.6743178734378772e-13,2.4481457329126048e-14,0.6798236930626445
4332,1.0129317186503159e-11,2.0591844476382522e-11,4.166769449642277e-12,0.7135467158746905
4333,5.6624894511072296e-14,9.03857332293344e-13,1.937304352123207e-14,0.6641015799628803
4334,2.0541736914400782e-14,2.686713962993755e-13,1.3400102240195422e-14,0.6841712335997727
4335,1.1783604583494616e-13,1.6472616518768662e-13,9.92670557113172e-14,0.7163884894689545
4336,4.1165596475273075e-13,1.586832667158698e-12,4.0451940094856976e-13,0.6805835513339844
4337,2.8436159569499545e-14,1.1306344004018408e-13,2.7789500481341306e-14,0.6821923319716007
4338,7.405129702598866e-14,2.841494721300359e-13,6.382168887918784e-14,0.6880386526754592
4339,3.987539805484527e-12,3.91325266891534e-12,2.6530242788939083e-12,0.6511443578172476
4340,4.970435677073489e-13,5.266959800386255e-13,4.74306207859808e-13,0.7029020978952758
4341,3.129492974557277e-14,1.9772956313229923e-13,2.5818321895251606e-14,0.6836061734880786
4342,4.618346393790277e-13,8.792926012175855e-13,3.756482176740149e-13,0.7097177908523008
4343,2.1013976368977313e-14,1.367644255586917e-13,1.062636359282469e-14,0.6813462112681009
4344,6.410742515992554e-14,2.635175831361823e-13,5.182196078060755e-14,0.6833032517402898
4345,2.0208343715796988e-13,3.570146415142422e-13,1.3644061184376216e-13,0.7169728489592672
4346,1.6466954787572146e-13,2.085746667845343e-12,1.1848309221163994e-13,0.6921364880283363
4347,2.9890147970362807e-13,4.987906347921402e-13,1.8847819035963329e-13,0.6917702707985882
4348,2.853313938015989e-14,1.826207506530572e-13,1.6191000749923098e-14,0.6843726324674207
4349,2.641368223256729e-14,3.832502538277179e-14,1.9539698751662446e-14,0.6833268481772393
4350,3.2602052679009933e-13,5.443406190208808e-13,1.7448393946921733e-13,0.6820369091175962
4351,6.050924268782877e-14,9.79473499516389e-14,5.316653445871167e-14,0.6827821233368013
4352,4.4283603210256314e-13,5.414780529977405e-13,3.820655576741341e-13,0.6966472084051929
4353,3.6651148865430214e-14,4.518055208806445e-14,1.2770450038432871e-14,0.6824464457982685
4354,3.5604045592467443e-14,4.963110464685355e-13,2.909335820142036e-14,0.6775852216000203
4355,8.329296322912788e-14,1.2029421593619123e-13,4.2802266015225975e-14,0.6870726960594766
4356,1.016764468150694e-13,1.802660160070823e-13,9.800467072803605e-14,0.6442306028329767
4357,3.108523921005383e-14,4.054028377508991e-14,1.6020436756469807e-14,0.68017587835202
4358,9.514932687702486e-14,2.2685576075290761e-13,9.40351164430738e-14,0.6853074129729066
4359,1.0244397925844696e-13,9.288434980148757e-13,7.607099913893401e-14,0.674018422345398
4360,2.483035036372146e-12,3.107906460061589e-12,1.2601197968452208e-12,0.7186642962973565
4361,7.725779337600957e-14,3.1873908132290063e-13,5.9303460879614e-14,0.6706796865910292
4362,4.0736270729963876e-14,2.562440326586832e-13,3.131333289387605e-14,0.6812398980022408
4363,2.306948831492658e-14,1.2903349118688947e-13,1.0603074041631834e-14,0.6829262642830145
4364,4.124446172197528e-14,4.222014298537273e-13,3.118208042440282e-14,0.6891776657779701
4365,4.9404791565206935e-14,1.0508141249679374e-13,2.253010747559401e-14,0.682950149255339
4366,1.0434189494085572e-13,1.5650230336892405e-13,9.014693984773625e-14,0.6792641207226552
4367,7.566349539121186e-14,1.819012448021863e-13,5.2211642055803194e-14,0.6872222126170527
4368,4.8840339598315263e-14,1.1082088705754523e-13,2.6184501181667803e-14,0.6738636621797923
4369,8.518130168905057e-14,7.234780678017979e-14,6.613446998511307e-14,0.6838389448123052
4370,8.560996944212477e-14,6.479269010153284e-13,8.99932096675797e-14,0.6793028048123233
4371,5.321523124380558e-14,3.656481800070952e-14,2.761846946409289e-14,0.695732973923441
4372,3.135951190772581e-14,1.2093301712049779e-13,1.9445556969571877e-14,0.6870473900635261
4373,1.2871711599061896e-13,1.7856708631488553e-13,8.092524042858835e-14,0.7015773856430314
4374,2.6844243113692365e-13,1.6299412312023193e-12,2.796624887506922e-13,0.680672111682361
4375,6.910739731557371e-14,9.139871094626344e-13,9.821852495859095e-14,0.6702623436431168
4376,6.526071414719045e-14,2.5609523157369784e-13,5.6260215057888927e-14,0.6749749568058178
4377,5.661231899605442e-13,5.179818083808619e-13,2.9063880814237627e-13,0.7145299587864429
4378,3.4412632945023075e-13,2.862272411873027e-13,1.9993735804427462e-13,0.7006393654621206
4379,1.6495003267246064e-13,8.067928616667394e-13,8.118937058075155e-14,0.6927575131470803
4380,5.340359099513189e-14,2.2248216404429276e-14,3.675202338518285e-14,0.6870717623387463
4381,2.0434745914943297e-13,2.3858139513611517e-13,1.5042253094866412e-13,0.6886011710157618
4382,3.6400574686896624e-13,7.491219004189611e-13,3.2806184184847593e-13,0.6855413544224576
4383,8.28518094522004e-14,3.5378071298239745e-13,8.624084972379622e-14,0.6752243380295113
4384,3.243380106811401e-14,3.023335553043598e-13,3.11418325225114e-14,0.6761228579271119
4385,4.359158299825453e-14,6.0658183953366e-13,1.8575915344083023e-14,0.6727359595359304
4386,1.3543183805884591e-13,7.699042286434364e-13,7.37464493881574e-14,0.6608414411282866
4387,2.1629564030619237e-14,2.0723944399355948e-14,9.024821990159653e-15,0.6810248133144341
4388,3.0063246685693347e-13,3.7374511796706624e-13,2.814460425966143e-13,0.690710125368787
4389,6.460667516746731e-14,3.129864397738385e-13,4.8258952505848643e-14,0.6728664945578202
4390,1.0920580281180821e-13,4.072640553499495e-13,7.3789905298203e-14,0.6928849281393923
4391,2.0847052184265362e-12,2.872272599299489e-12,6.670532197732603e-13,0.6527771779656177
4392,8.495383531343437e-14,6.100939771959839e-14,4.051010117468597e-14,0.684283437608974
4393,5.648916114415257e-14,4.546760764757395e-13,1.7572601868238115e-14,0.6839260861917864
4394,7.393522156215717e-14,2.891933358112367e-13,5.3573938740144273e-14,0.6735849793767557
4395,2.8035681087959134e-14,2.7333287481618017e-14,1.9947034905645064e-14,0.6835508098418359
4396,7.447985042558578e-14,5.3477801096795266e-14,5.3532955228016526e-14,0.6870397374616004
4397,1.6469636910962038e-13,2.9015796502495734e-13,1.5089339472067693e-13,0.6827302181860432
4398,2.1724113157585972e-13,3.169143661666196e-12,6.314658802379992e-14,0.6710776493273443
4399,1.547461311592058e-13,4.0005603647870634e-13,7.380265390098467e-14,0.6988782934960909
4400,9.590760302413392e-14,5.720036125094245e-14,7.273439177189727e-14,0.6823035808571148
4401,1.4419101667790986e-13,6.717867771635028e-13,5.6396476766545995e-14,0.6729653825255809
4402,1.0117249498475219e-13,3.7825417497085573e-13,4.667229821140244e-14,0.6811628318857401
4403,2.251952323186133e-13,4.705956719731549e-13,2.2596500263426073e-13,0.6593725374783389
4404,2.329276193517515e-14,9.22101665439451e-14,1.883045307643851e-14,0.6859309419873171
4405,5.1613027379882695e-14,1.0958397145227494e-13,5.3124853953427516e-14,0.6856079557444901
4406,2.211853782002305e-14,7.859855441328241e-14,1.5244952862853797e-14,0.6779097081627696
4407,6.378064323180991e-13,2.055949123905116e-12,3.762372488181379e-13,0.6325847706888453
4408,2.5918932614161223e-13,3.1013249142364944e-12,1.8941712894111556e-13,0.6813770919572562
4409,1.4342563144016405e-13,4.862647753783846e-13,1.018060729872582e-13,0.6557174411602318
4410,2.7426697634916736e-14,6.314572205342663e-14,2.113995129137294e-14,0.6887989092501812
4411,3.43854718261576e-14,3.854459731402105e-13,2.6032747598999858e-14,0.6795439940411597
4412,1.6260980268753782e-13,9.434204098405595e-13,1.396860117920397e-13,0.6780415402899962
4413,1.4839964140742004e-13,1.7074918507645874e-12,5.08830768243454e-14,0.673686450853711
4414,2.49993747904961e-14,2.0683011167977207e-13,1.1301935794530827e-14,0.6858334895514417
4415,1.0994546878540844e-12,1.650988958226727e-10,1.5433691257614117e-12,0.6583685326622799
4416,2.9902847490805423e-13,3.3574979790522855e-13,2.48035496261595e-13,0.682170496310573
4417,2.7344038433956602e-14,1.965172663383629e-13,1.0841451585719066e-14,0.6788333007600158
4418,1.3666572822877817e-13,1.1356815989377957e-13,7.334259633194999e-14,0.7042097737430595
4419,1.210630888453676e-13,1.1770942758962132e-13,9.909373994061823e-14,0.6877413831301965
4420,1.6070893041626266e-14,1.740020577610664e-13,1.5878751964778684e-14,0.6846137456304859
4421,1.2750399073517089e-14,2.2032285265493565e-14,4.251820028117946e-15,0.6832526597951073
4422,4.339035035657618e-14,4.523090726821538e-13,3.8569966692082534e-14,0.6761275880387985
4423,1.8257520434077053e-14,2.4919800181978155e-14,6.454112708561227e-15,0.6804094317776617
4424,1.2474094683778634e-12,3.0960432203432794e-12,9.966368654842955e-13,0.6468441707780584
4425,3.819925498249698e-14,1.1059775672377285e-13,2.0356192844722918e-14,0.6854621992097236
4426,3.2966008570902326e-14,2.3170062037106323e-13,1.717759346369337e-14,0.6722334520512959
4427,1.2507427934682959e-13,7.201675588515499e-13,1.1088337297526674e-13,0.6899220128543675
4428,6.530927029826349e-14,3.5404124656367094e-13,7.154368672719838e-14,0.6901980813127011
4429,8.770049677176988e-13,1.0897291145820874e-12,3.237181277513699e-13,0.7137861404335126
4430,1.8205820867524454e-13,4.835910999571903e-13,1.163970403485756e-13,0.6811780858144629
4431,1.189262845838109e-14,1.9694991658961127e-14,5.783200717697938e-15,0.6813944346795324
4432,4.341936058426349e-14,2.878531244003739e-13,2.1464174159892318e-14,0.6898497974034399
4433,2.7701293697551308e-14,1.3651233705387803e-13,2.2071411277728484e-14,0.6769282135239336
4434,3.44071625809033e-14,1.1749018069764521e-13,1.3132738141867837e-14,0.6866258710215334
4435,5.070088811367153e-14,1.9206629674950232e-13,5.4518752783256195e-14,0.6732066349650268
4436,4.2681980824277804e-14,2.8321797519249607e-13,2.9425962347366155e-14,0.6782195043226238
4437,1.8559371384687752e-13,2.656636628811078e-13,1.3678328213527266e-13,0.6750922323844861
4438,1.0369105331714305e-13,1.696957629673291e-12,9.178127630751528e-14,0.6823577729868703
4439,8.162209388866516e-14,9.447190540805367e-14,5.086905838720059e-14,0.6759314910392277
4440,8.207686827663991e-14,1.131045003891645e-12,6.324316168183323e-14,0.6913740252610296
4441,2.4673701959698936e-12,5.516578894607443e-12,1.3961496798431444e-12,0.7415752186905593
4442,8.001489513526507e-14,8.556226270916047e-12,1.1395999919260998e-13,0.6600172249774914
4443,1.119943928519659e-13,6.4336730882368e-14,6.055714029522527e-14,0.7000924522988499
4444,7.175905676840291e-13,2.4724278568803544e-12,5.112798630156496e-13,0.7031754272058606
4445,1.6217733079800617e-13,5.848674733334001e-13,1.0308575620288204e-13,0.7103494297945872
4446,3.008220121018649e-13,1.182505930434447e-12,9.96293943092737e-14,0.6906141310581007
4447,1.883005297503768e-14,2.4079519501256493e-14,1.0363937742659921e-14,0.6811314497550484
4448,5.888019644789353e-14,4.0276065347725496e-13,5.614844438497376e-14,0.6870816094160546
4449,9.878562597878998e-13,1.8750648919339957e-11,7.930776921503046e-13,0.6973578342469409
4450,5.798837798899175e-14,5.27057714561736e-13,4.0230407795107105e-14,0.6829208201845176
4451,2.8866172889897234e-14,2.8363588943116284e-13,1.4030855947308132e-14,0.6780167175224051
4452,1.2095073018831447e-12,3.2916971052269577e-12,7.412936179083008e-13,0.692412951606093
4453,4.238608384323043e-14,3.057085422779828e-14,3.4962107377356047e-14,0.6787472446041647
4454,1.2561813215565042e-13,1.4160599611567902e-13,5.728838208546545e-14,0.6897272741189227
4455,1.3456244316836216e-13,5.00903964253151e-13,4.873921713884241e-14,0.6757968398043885
4456,8.099844370208057e-14,2.8498078582610276e-13,4.117934039560104e-14,0.683416283025872
4457,2.796983214905455e-13,2.8107860740596363e-12,1.1203117894874141e-13,0.6790699479868636
4458,3.7012854693887e-13,1.9672972636936183e-12,1.9898495820630584e-13,0.6925395834085066
4459,1.1238559762020313e-13,9.01585907903427e-13,7.9026819927306e-14,0.6778604308492504
4460,2.1865079734204824e-14,1.654096964814352e-13,1.2430005437447993e-14,0.6831381989992223
4461,4.484700896945752e-14,3.750988006042101e-13,4.849654229218605e-14,0.6679085455572931
4462,6.605622929359718e-14,2.71280999334512e-13,4.0686106573617666e-14,0.6953517160902265
4463,2.9740965243920825e-13,3.1895965027285397e-12,1.7662575518526376e-13,0.6852330195601098
4464,9.153075711793114e-14,1.0962220873948555e-12,7.907290971025402e-14,0.6813122662890236
4465,1.179369303916114e-13,1.0107010853080164e-12,1.0831331279698084e-13,0.6828574203245807
4466,1.3012257660752584e-13,2.949261149683434e-13,1.283356382989152e-13,0.6666330029227538
4467,3.1596794434151457e-14,5.282083619908637e-14,2.5650901946925976e-14,0.6823129645024892
4468,7.253621431437598e-14,3.255114600693825e-13,4.4565778205483457e-14,0.6759376942820381
4469,1.566544353035215e-13,1.6682105082641177e-12,9.821923989398234e-14,0.6768360947899055
4470,2.6823708167045185e-14,2.0592531130123387e-13,2.291845829149076e-14,0.6739787221304141
4471,6.244399644032972e-14,8.955641386602922e-13,4.6296158987180404e-14,0.6778279527439736
4472,1.0473962292237721e-13,9.297830496477758e-13,7.695166188902182e-14,0.6760905155446381
4473,5.750159161371661e-14,6.726761752315505e-13,3.525873922339554e-14,0.6889522559475154
4474,3.4786617438254604e-14,8.648753604060744e-14,2.5043079123385678e-14,0.6851395349600352
4475,3.035391950648841e-14,4.407715945267951e-13,1.8131675018722716e-14,0.68384737073211
4476,9.268265880051503e-14,1.5945524821182756e-13,8.56202383944215e-14,0.6893608192796818
4477,8.473187391464289e-14,3.905764761630302e-13,5.165715069000562e-14,0.6679826136911288
4478,2.585029690182254e-14,1.1553903910200904e-13,2.1027684221236167e-14,0.6827237309480552
4479,1.1822874936514333e-13,3.797811366548453e-13,6.655412001010153e-14,0.701229169475846
4480,2.7115307972766055e-14,3.426781858249598e-14,1.2881466187096986e-14,0.6893571933847852
4481,2.542662248532732e-14,5.342075085318621e-14,1.5696362468471546e-14,0.6941477042448241
4482,2.5545262409025636e-13,1.2269477466267793e-12,9.587818064562822e-14,0.6988497462123633
4483,1.495411785986023e-14,3.311294834406075e-14,9.684889604572925e-15,0.6762288417550735
4484,9.388418427974636e-14,2.2251842823178606e-13,5.1963256160199595e-14,0.6875527810014319
4485,7.752558776883131e-14,1.3786127191867965e-13,7.026049794312587e-14,0.6726478440104984
4486,5.940858819968464e-13,1.357747496419611e-12,5.86989967790815e-13,0.7065940360189416
4487,8.824799132280393e-14,3.304072429007106e-13,5.78978148281282e-14,0.6883263299125246
4488,3.268576555343662e-14,1.1083454048848308e-13,3.1663499715513895e-14,0.6859358164423611
4489,7.760618515705025e-14,1.5521610126513613e-13,4.9587500494339657e-14,0.6949800086847973
4490,8.06209656958976e-14,4.942827662694523e-13,6.751005218842218e-14,0.6808665691351052
4491,2.607565114900061e-14,2.588878046088604e-13,2.4016542774816208e-14,0.6794459489232395
4492,1.1079550837085122e-13,5.223054012647907e-13,1.2147471862673513e-13,0.6739014816877897
4493,5.572121243190826e-14,2.6806806689986125e-13,4.709033170035379e-14,0.6767527546966449
4494,3.136539751577004e-14,4.913294031288371e-14,2.4113842701562847e-14,0.6808200432336889
4495,1.6665662383097737e-13,1.354534089772409e-12,9.323264104977004e-14,0.6829325111524668
4496,1.520229015420601e-14,5.882261049828958e-15,4.693015599335888e-15,0.6782127945625689
4497,1.423309118311919e-14,1.7240150848199754e-14,6.099013509280378e-15,0.6820788817189168
4498,2.889423758374335e-14,4.04438435882165e-14,1.5646580630387634e-14,0.6884465189417824
4499,4.331599098866728e-14,1.2116983180361078e-13,3.666016428093986e-14,0.6806477375677786
4500,2.2403128250266125e-13,4.703487130054798e-13,1.3026248097861063e-13,0.6682258340588305
4501,1.6156780034820566e-13,9.206784954646095e-13,1.1628498577007038e-13,0.6686251502746018
4502,6.976137269096338e-14,5.809925430721169e-13,5.010448348725793e-14,0.676532088208478
4503,4.5061641302956055e-14,1.955826515680036e-13,2.573035236629957e-14,0.6744032062066253
4504,3.622125985865888e-13,3.2542005414262244e-12,2.1386964484135963e-13,0.6861405315517913
4505,1.4263885629163918e-14,1.97141502869847e-14,1.068728293163679e-14,0.681422648782609
4506,6.978323436874304e-14,8.288695733445329e-12,6.224871332948212e-14,0.6576365441840608
4507,1.0610651046452153e-13,1.3245690813028438e-13,8.669211662634924e-14,0.6509113457635977
4508,3.21375792570667e-14,6.963241051032596e-14,1.5435366051166424e-14,0.6787746919726487
4509,1.0857315237382057e-13,7.055943257897006e-13,8.111550078832244e-14,0.6779103663691786
4510,1.2071496656518216e-12,2.4842957760430443e-12,1.3111324015376418e-12,0.6886639120755718
4511,1.165889906753647e-14,1.7216217202882595e-13,8.319030249657094e-15,0.6852156686072703
4512,4.952168292096611e-12,6.549694857770619e-11,3.813353545571805e-12,0.6726315905340016
4513,1.6114803515657362e-13,1.6783994341395781e-13,1.5900612040910078e-13,0.6868089716183021
4514,8.664537003858421e-14,1.1617124544704086e-13,6.87580985513608e-14,0.6875205651740544
4515,5.969760054297994e-14,7.058190855828907e-14,4.500957136784936e-14,0.6980110341100954
4516,8.635621608119664e-14,8.426211432315808e-14,6.743093645602891e-14,0.683870234148344
4517,5.863323554704913e-13,9.612339355504092e-13,4.732250766421215e-13,0.7128543758415617
4518,5.49504402514354e-14,1.8776302859203166e-13,3.3104379829684633e-14,0.6818253254750744
4519,1.822872111141112e-13,1.4100306368211325e-12,1.0015978303969444e-13,0.6610281739966013
4520,7.81641157593056e-13,1.7356417669063796e-11,1.139200470787829e-12,0.6615511113137472
4521,5.872995133706408e-14,1.2152119826704867e-13,6.217130284253084e-14,0.6863722578971647
4522,1.9056241248185368e-13,2.6597573515827305e-13,1.721177943888686e-13,0.6991451059817336
4523,8.91805831601477e-14,5.515592099673898e-13,1.5141925917461984e-13,0.6778197459760122
4524,3.921887970508066e-13,3.59967833644171e-12,1.7518678439019202e-13,0.676049749169033
4525,1.7925477149337746e-14,1.1412631011406285e-14,8.672723553255633e-15,0.6805976856616326
4526,3.4593981089798115e-13,7.72940832283626e-12,3.358067845578448e-13,0.6790080482431222
4527,1.0395311684526165e-13,1.2689580251450346e-12,8.31489235185622e-14,0.6719387938006548
4528,5.327561202207368e-14,2.200078136068015e-13,3.142708297231346e-14,0.683016260486329
4529,7.022737438398395e-13,2.2373296325678006e-12,7.073950942359777e-13,0.6623476632346865
4530,1.7124642337246957e-13,6.723590720527394e-13,1.3979374492954488e-13,0.7032781596179121
4531,3.208100032182981e-13,5.944151527606296e-13,2.3297619835685197e-13,0.6798669996554964
4532,5.944245217760394e-14,1.5190897148214656e-13,4.268217182679825e-14,0.6943573678494431
4533,1.343655131090155e-13,3.572110528265535e-13,1.075433545317426e-13,0.6780652642366476
4534,5.978685475491916e-14,6.89602822513845e-13,4.021694298670809e-14,0.6644246018782723
4535,7.270911357862646e-14,7.234312614958372e-13,2.844603336873628e-14,0.6799252697499469
4536,1.8308560553545574e-13,1.5730700568646694e-12,1.0917016794871563e-13,0.6818028365552891
4537,1.6170043654794781e-13,7.571135170263618e-13,1.742470456479585e-13,0.6748683021985926
4538,3.479222104926858e-14,3.489867258957137e-14,1.4702781623323708e-14,0.6802889807266184
4539,1.4856167461094032e-13,2.51452360271473e-13,1.1047128683802865e-13,0.674752980080666
4540,1.5766194748638716e-13,7.429414442349932e-14,1.0744382214347083e-13,0.6836678931198549
4541,2.5450244176129632e-14,1.5470331852274262e-14,7.125536798841877e-15,0.6820844628673512
4542,1.636917657067993e-13,1.2841556544511895e-12,1.3000608254576965e-13,0.6713616445049411
4543,4.37639465462927e-12,8.721376833086019e-12,2.1952742727827434e-12,0.7445787618402392
4544,1.2880479833279666e-13,2.0347214804561369e-13,6.186748792709532e-14,0.7131029644981026
4545,1.4749521488468094e-13,8.60256790259105e-13,8.686114818213892e-14,0.6742840089835227
4546,9.757485254039476e-13,9.518697600683889e-12,6.680004339373266e-13,0.6719472423748811
4547,1.989897113522631e-13,2.1346429477741026e-12,1.3505786352775594e-13,0.6892834770551417
4548,8.731999325582245e-14,4.93478713074962e-13,3.9651317690115295e-14,0.6744538205035496
4549,2.5863281136756014e-13,8.457388084258196e-13,2.0585601177402306e-13,0.665086486923974
4550,3.1989058968521446e-12,4.479578127181347e-12,2.0674444804297013e-12,0.669582725642249
4551,2.409736711001676e-14,1.6746858333054164e-14,1.2028669944119678e-14,0.6811784417484887
4552,5.5688961870090435e-14,2.1533289444813274e-13,4.64845939827112e-14,0.6822045463253744
4553,5.240039341589845e-14,3.9025534089578763e-13,2.3772727113249093e-14,0.6716931017348543
4554,1.9084419449998255e-14,1.7675879164407094e-13,1.2316733714382486e-14,0.6820528488548007
4555,9.403813441929336e-14,2.420129150378446e-13,9.012852345786192e-14,0.6950397208798677
4556,9.855593454807179e-14,2.360614000916295e-13,5.687854079627957e-14,0.685519116820069
4557,4.212870652044575e-14,2.2170108162076758e-13,2.7280796644169152e-14,0.6810886854422279
4558,4.1176064387620894e-14,7.37138142428882e-14,3.35701912877876e-14,0.6865461736451834
4559,7.39846772233194e-14,1.2019630282332386e-13,5.361786888338886e-14,0.6895100659632589
4560,1.308665882032594e-12,7.171093088440203e-13,6.569006171989991e-13,0.6604498160770162
4561,5.149785584443545e-12,1.3877992456903502e-11,4.405835247297522e-12,0.7159842999069952
4562,6.221063788010444e-14,9.519098391817356e-14,5.4389070465271714e-14,0.6902422140643466
4563,2.7817305136838606e-14,3.5193740332150264e-14,8.213571916082368e-15,0.6809198355360422
4564,3.648731011252256e-14,4.758583566957236e-14,1.596020262574687e-14,0.6832006607786753
4565,3.87319649514961e-13,3.125202536749546e-13,2.456863743617138e-13,0.7106414302135817
4566,3.3650020753188587e-14,2.1485622906291598e-13,2.0659829568998776e-14,0.6845032162847928
4567,2.1180264368870672e-14,2.859558866373996e-13,1.6115687759016532e-14,0.6724171644687885
4568,3.1604905412381454e-13,2.8857933310544058e-12,2.257222662501233e-13,0.6674831504788017
4569,5.1915438682193345e-14,1.6236677727742697e-13,4.965392101157878e-14,0.6914208469504957
4570,8.434545851057192e-13,9.44305401945065e-13,6.837828190446967e-13,0.701942811079789
4571,4.1372183649050016e-13,1.1451372149381879e-12,2.7814944819085525e-13,0.6832158389152028
4572,1.2706360888826967e-13,3.160306011529174e-13,1.0457291914868111e-13,0.6710567217320204
4573,2.679073456989493e-13,3.259345448730614e-13,1.6003002818608504e-13,0.6913522940303665
4574,2.9549948104847197e-13,4.122779329071339e-13,8.171248667764723e-14,0.6888701081392355
4575,1.6050357083862185e-13,2.1681872436240866e-13,9.981900360573637e-14,0.7045893228380009
4576,2.4449698618033433e-14,1.378341523325818e-13,1.0223029606507574e-14,0.6825307832099498
4577,5.878494684465655e-14,1.228809749051961e-13,5.454677790942998e-14,0.6840655036794487
4578,4.890519973510122e-14,6.100233393628065e-14,1.6372177586908156e-14,0.6818258406186942
4579,4.712829337648538e-13,7.202322752174739e-13,2.4170574372724017e-13,0.6646570880373475
4580,6.784546263224525e-14,3.2932110870054774e-13,4.0399613548870426e-14,0.6839743801625445
4581,1.2727574254412176e-13,1.1138045057856525e-13,8.104907801494928e-14,0.6786985308513976
4582,8.532112771109117e-14,5.583623130750479e-13,8.387264930441181e-14,0.6708957931230544
4583,1.8646959240299846e-14,2.3750806242910196e-14,3.4547108142526607e-15,0.6810737668012734
4584,8.213179819998156e-14,1.193595475048454e-13,6.343923164391294e-14,0.671502272383077
4585,4.4743726621411587e-13,1.863655489563802e-11,5.183029785858324e-13,0.6655265260575106
4586,1.8230266855465398e-14,2.7348524516596894e-14,1.600115424125879e-14,0.6816428026650101
4587,8.928362128308552e-14,8.493642102724201e-14,5.207730493290977e-14,0.7171734126517549
4588,2.3788274876326348e-14,1.6410185915298527e-13,1.4399683474333322e-14,0.6858444223878906
4589,3.5237119026800373e-14,4.647122308736941e-14,2.3071776071943772e-14,0.6859485965338535
4590,3.8467715608218643e-14,6.281033523516504e-13,3.124539047177697e-14,0.6865960213239305
4591,1.619246694778259e-11,9.267199690986935e-12,8.152106840541809e-12,0.710438577469904
4592,1.4751781595457242e-13,4.776393382156778e-12,1.027574547735196e-13,0.6686079925857484
4593,3.057983105860817e-13,1.2538691730665561e-12,1.8979661818057864e-13,0.6732812373811612
4594,1.4787394983408146e-13,2.4203597409913124e-13,1.0474383880047014e-13,0.7042939380626194
4595,3.728319877499073e-14,2.9615806611636807e-13,3.371334074848804e-14,0.6819752909766976
4596,3.9370503583735905e-13,2.0288326915538307e-12,3.708343807076536e-13,0.6592346025281586
4597,1.55791612672819e-14,1.5220932129312812e-14,8.954694089985333e-15,0.6833762701251545
4598,2.2045744827501658e-14,4.298339912746492e-14,1.187937805932015e-14,0.681220949778799
4599,2.3585037048695223e-14,1.4332099157129516e-14,1.18584223124089e-14,0.6797619310673326
4600,3.281208493876519e-14,1.8961893130443337e-14,1.5939141477625225e-14,0.6826993922586553
4601,3.4802522912033945e-14,5.992106952592934e-14,2.1607514141395285e-14,0.681898183451267
4602,6.325257526963804e-14,5.34723314334028e-13,3.88224887613683e-14,0.6793824329215568
4603,1.9263375421592506e-13,1.261904807861971e-12,1.2550792572895852e-13,0.6783894562802744
4604,4.845317866613215e-14,5.310673219769913e-14,2.1729472205657126e-14,0.6735163646633737
4605,1.2234834274678527e-13,9.340809895716104e-13,8.988820093924925e-14,0.6788725245802197
4606,6.236048704655293e-14,2.677277903648264e-13,4.2547038944578567e-14,0.6783865712059196
4607,1.9057496338776826e-13,3.137791578772559e-13,1.3761007300816913e-13,0.7062054791604169
4608,5.025044421649703e-14,1.3279831085473078e-13,3.2995128183619e-14,0.6814556012803223
4609,1.1383230786336037e-13,6.773797749435122e-13,1.398438643661059e-13,0.6984121044166386
4610,1.1484468607896222e-12,1.933472970363845e-12,6.255774388245996e-13,0.7129669388988986
4611,4.5737139869051526e-14,5.859157684379602e-13,2.7619484954263916e-14,0.6729192157567013
4612,3.9455062702513966e-14,2.1395575512488528e-13,1.547642878473158e-14,0.6827689580095466
4613,1.076007478811458e-13,6.67880026640853e-14,5.505870874761599e-14,0.6968736699549481
4614,6.731257832826773e-13,1.0181136841858563e-12,3.2376017851525545e-13,0.6915326039190404
4615,5.895949274457491e-13,4.2060959096008376e-13,4.760504119960014e-13,0.706252890941687
4616,2.277299517835793e-13,1.6845717382042586e-12,1.1778537412957845e-13,0.6809153148380573
4617,4.064197061058341e-14,1.4856248248073948e-13,2.8072829723954382e-14,0.6876093078055419
4618,6.754630121172643e-12,6.724629580539705e-12,4.134205803551453e-12,0.6826079690770712
4619,1.056936643059913e-13,9.532807638899132e-14,4.5225780513669766e-14,0.6831432642182336
4620,3.386632203155251e-13,3.259479365263261e-13,2.665236952183061e-13,0.6646320556144929
4621,2.977128687464073e-14,1.5631032320032454e-13,2.5604438290804405e-14,0.6760866976575926
4622,5.871483815937512e-14,1.1972666431828414e-12,5.513145345402363e-14,0.6695540686196182
4623,4.026686270815609e-14,6.548792695906049e-14,2.7833608279732217e-14,0.6895268416614272
4624,2.583024029818494e-14,2.2408210617922263e-14,1.1675528337037683e-14,0.68203185609309
4625,1.8288505325791098e-13,2.012488639050825e-13,1.5024138297480621e-13,0.6787475748627912
4626,1.416790302944011e-13,1.1128442439815019e-12,1.377528398964004e-13,0.6821605459437705
4627,4.474742393816395e-12,6.8055837206341224e-12,3.6156660047332912e-12,0.7496702077332884
4628,6.718671447419682e-14,5.123523005095428e-13,6.458512380082712e-14,0.6917137226322666
4629,1.3244126042166779e-12,1.3994200075376645e-11,1.5709031580784984e-12,0.6805442276585382
4630,5.957897643902644e-14,7.533450308270694e-13,4.780587432523248e-14,0.676833704666933
4631,1.6652207749947783e-13,6.875184260058662e-13,1.687746331183108e-13,0.6697609639610164
4632,4.314538311158735e-14,1.5703207909282477e-13,2.6880147602263504e-14,0.6854839079664089
4633,1.9386470906180173e-13,9.218219015881964e-14,8.802117023265621e-14,0.6820195125357713
4634,4.0503892931291424e-14,2.5705125452444143e-13,2.6699314227571695e-14,0.672833240928594
4635,8.436553807562593e-14,1.0719743224864842e-13,7.310371375291152e-14,0.6959849106613547
4636,7.653979911280224e-14,9.88208845150812e-14,6.328731966707509e-14,0.7031982551212422
4637,1.7227787372491857e-12,1.000328109033088e-12,1.3062938447982835e-12,0.692039911611937
4638,1.2423018354547562e-13,3.2217664436655533e-13,9.963388467065493e-14,0.6975053165224381
4639,4.8913147055458876e-14,8.293967314812913e-14,2.275840205289464e-14,0.6955103967222385
4640,2.615754215371064e-13,5.818558613400611e-13,2.0827715195871966e-13,0.6907256653241347
4641,1.0834704751377863e-13,1.2177911851704165e-12,7.837017291984096e-14,0.6858953373739496
4642,7.541754269443926e-14,5.52392862979754e-13,6.178756211357907e-14,0.6773120953352191
4643,7.69619852669804e-12,1.0270254706796295e-10,7.175595509088575e-12,0.676400165411178
4644,5.506365546422203e-14,1.2237099373244032e-13,2.7128354234387113e-14,0.6882167328265496
4645,2.43228519498385e-14,3.217506076376778e-13,1.9617896243635184e-14,0.6772889488725923
4646,5.5174036081619045e-14,2.6761364076636778e-14,2.8383680462316002e-14,0.6802538706047926
4647,2.668828216679503e-13,2.5464765855405797e-13,1.0958170395362831e-13,0.7153738607652486
4648,2.91411379967261e-14,2.829664832936732e-13,2.90014250583242e-14,0.672737726860214
4649,1.5762947995883252e-13,6.577616523894275e-13,1.2736492451098918e-13,0.7094313179724849
4650,9.678055421134093e-14,3.227692558985433e-13,8.021650597208073e-14,0.6862618304148782
4651,5.4528297652406516e-14,1.0486235437015383e-13,3.9383719851493405e-14,0.6758772955043242
4652,2.5141430637275948e-14,3.818996555798373e-14,1.479229187848098e-14,0.6895251386740711
4653,6.731445406025788e-14,1.0235329574432854e-13,4.4166814188649246e-14,0.6893740915344096
4654,5.2513308829830377e-14,4.60672702752409e-14,4.007943576714812e-14,0.6823113947117235
4655,3.099094160097691e-14,5.61887426331786e-14,2.2732561417037904e-14,0.682103603251744
4656,8.339832491489025e-14,5.105918235304851e-13,8.152669819812207e-14,0.679371216747677
4657,1.9215457876166769e-13,2.9562685080196298e-12,2.305095207879857e-13,0.6922747080447152
4658,2.2187922292963752e-14,4.790900762004449e-14,1.3937562182717527e-14,0.6821658840577584
4659,8.98668542383704e-13,3.0312214255699445e-12,7.898725035481779e-13,0.7295385167235509
4660,7.554423045367803e-14,1.741327497761614e-13,5.643090376360748e-14,0.6835356433468405
4661,1.2202624007975799e-14,1.4946038997272907e-14,8.56317105677907e-15,0.6821163086744491
4662,1.6666911304271015e-13,1.0556005473552703e-12,1.5276749869391217e-13,0.6809950593917165
4663,6.602631077456161e-13,9.954367934913562e-13,6.258458522061899e-13,0.6512100088235456
4664,9.671491017593802e-14,9.427989921182459e-13,6.960264500177708e-14,0.6862164294347167
4665,9.230692102472342e-14,2.2440939466693365e-13,3.9453423666070295e-14,0.6884835964068771
4666,9.269498435209159e-14,2.2449219763148082e-13,6.018452174580978e-14,0.6659435543289873
4667,9.954288127573158e-14,2.771860189244446e-13,7.116077577083771e-14,0.6774739201471676
4668,2.505777260740712e-13,7.282813279354629e-13,2.151644640260136e-13,0.6858454529312439
4669,3.2796675776778223e-13,2.0945792386893946e-12,3.262066900682191e-13,0.6580818204791286
4670,1.783656526104744e-13,1.4392626760117103e-12,7.91218202068123e-14,0.6913929630361964
4671,1.048242588981046e-13,4.70185891067305e-13,8.074007190534298e-14,0.6725337794225197
4672,7.171877899263484e-14,3.1656443023182513e-13,4.950965098675466e-14,0.674493963480927
4673,1.5529093981324862e-13,9.921375608159198e-14,1.2043917487480075e-13,0.6804638273199088
4674,5.871804797472329e-14,2.4836503175183377e-13,1.858540838961956e-14,0.6851429568079765
4675,2.9285062033196505e-12,4.0696313549837445e-12,1.470653969593664e-12,0.6991072242148221
4676,7.040909651379914e-14,1.4605364163233395e-13,3.0704022027091944e-14,0.6850659032352269
4677,6.638389557460879e-14,6.810742655987103e-14,3.184590354043045e-14,0.711697761528194
4678,6.840609173379272e-14,1.4202426909328505e-13,4.5012244824398163e-14,0.6911318205588032
4679,1.3574344693054502e-14,1.8624558562437255e-13,8.647622465177695e-15,0.6838793061324395
4680,6.170271087704881e-14,1.9579393077205406e-13,2.484324972981069e-14,0.6967896691523492
4681,5.310554558212863e-14,1.974569435561676e-13,3.7091890802498635e-14,0.6903590149770025
4682,8.296476172052951e-14,1.1418120028014425e-12,9.509107282598588e-14,0.6633688955305843
4683,5.044936690707131e-13,2.2761626826951536e-12,2.0594589635391075e-13,0.6678867940034252
4684,3.218151468935286e-13,1.3193710827917991e-12,3.7785897204780414e-13,0.65327503560693
4685,4.4178887597485975e-14,3.276945809627011e-13,3.872078433459066e-14,0.6819156242068857
4686,1.8043663475435904e-14,1.9238736083819853e-13,1.3398426984501355e-14,0.6822239320608787
4687,3.428075967262659e-14,2.7587249913007548e-14,1.909415800319632e-14,0.690341003407957
4688,6.141360035606289e-12,1.2361536069934328e-10,6.52115323724994e-12,0.6780316353775561
4689,4.14741657999567e-13,3.027462633509393e-12,2.2726933978307612e-13,0.663960166258039
4690,1.1052011919623559e-13,2.940909657165774e-13,7.450581346938367e-14,0.6883255764783826
4691,1.5068002085148373e-13,3.84157885190094e-13,1.1043828360918065e-13,0.6798409971583169
4692,2.4337840665909648e-12,9.446090217672281e-12,1.3562950288732237e-12,0.6882339585979935
4693,5.253245382580901e-14,1.840759719314359e-13,4.395528460989104e-14,0.6817007211619057
4694,3.372693646856703e-14,3.753023469451084e-13,1.4750662083664288e-14,0.6742603284539654
4695,7.929690968604011e-14,2.461872903290163e-13,4.849177079941718e-14,0.6887083812151105
4696,2.72215779793491e-13,4.098147482052057e-13,2.681700589700036e-13,0.696336240787059
4697,4.49847213293293e-14,4.3198915322161406e-13,3.7541646346027724e-14,0.6859637461486272
4698,2.2354695406430466e-13,1.0388993582521038e-12,1.9449477389184682e-13,0.6724746059946483
4699,2.79419143773967e-12,3.5114296793586844e-12,2.265394720132078e-12,0.7295729037141427
4700,6.340397690692133e-14,5.483152907066474e-14,5.3824039468204626e-14,0.6897131896112114
4701,8.566637717319658e-13,1.5706616990303669e-12,6.690187327489498e-13,0.6712864233413711
4702,2.941538159501006e-14,3.028320609905536e-13,1.1444309742568449e-14,0.6772958316665608
4703,1.5621790377274774e-13,1.1813899903499382e-13,1.0499595902076906e-13,0.6790481534088031
4704,1.1794030844175266e-13,4.967432823802332e-13,6.015310624710703e-14,0.6806753433891573
4705,1.576875402019744e-11,1.5692465865329883e-11,8.507032261199971e-12,0.7130802578176372
4706,4.902950962515986e-14,2.0499333812728788e-13,2.4955147527523333e-14,0.6730704687244724
4707,1.9349821684101665e-13,1.2489926489132721e-12,7.137516503908851e-14,0.6913381946564187
4708,1.0970791740737782e-13,1.3338169967097915e-13,4.938548991353259e-14,0.6930271433666348
4709,1.1127703510118799e-13,3.0742266783728086e-13,7.605813835298274e-14,0.6921538547438104
4710,1.6558933747620578e-13,5.024185895303839e-13,1.769841789411171e-13,0.6754260315676219
4711,5.056737967534031e-14,2.334388822606472e-13,2.8487722171809046e-14,0.6765389299718663
4712,4.199977120139155e-14,1.5746455258277904e-13,1.465025943986891e-14,0.6777041554625611
4713,6.721683676471275e-14,2.5411471873638243e-13,4.778256893236221e-14,0.6902210006257519
4714,2.0273945760620406e-14,1.3379406284378271e-14,8.317511356653789e-15,0.6816996629990172
4715,8.493485895625366e-14,1.1339858292800007e-13,8.022286505376242e-14,0.6693253828154411
4716,3.559402226234924e-14,1.4289499096833146e-13,2.9315693197633664e-14,0.6843031911121216
4717,6.852521502002078e-14,1.9462344660318373e-13,5.3476098281630915e-14,0.6848563444917091
4718,3.8942959438484554e-14,5.535776989928324e-13,2.4182544689055748e-14,0.6665605522022815
4719,1.3152887602079394e-13,4.9669068242022276e-12,2.074886284138231e-13,0.6681586740829516
4720,5.988749197346677e-13,1.0377540584186866e-12,4.834918250314568e-13,0.6954081483127084
4721,5.959809359301417e-14,1.3700153365578132e-13,3.041286440513133e-14,0.6818752388935536
4722,7.113307686289515e-14,2.1264367379967757e-13,3.7790351053376773e-14,0.6823071651509963
4723,5.937344311753079e-14,1.2801744781358057e-12,4.0434039685606096e-14,0.6780925644736271
4724,9.377200559773325e-13,2.0485670361010998e-12,6.404466394464847e-13,0.7284929515561089
4725,1.4908240707826467e-14,1.9682724195513167e-13,6.857294832729354e-15,0.6783056253450923
4726,5.408854153349243e-14,3.2583342609438297e-13,3.758374663623804e-14,0.6900525107863359
4727,2.928750212036119e-13,2.489130528606149e-12,1.7479178500445463e-13,0.6928242382477038
4728,1.562339261363694e-14,2.901532294770987e-13,1.5543002707301578e-14,0.6825987908174284
4729,3.5622812144249386e-13,1.831782450429899e-12,3.355748356031705e-13,0.6975622811238281
4730,1.0249900359489127e-13,2.0680259649773172e-13,9.998883930383677e-14,0.6773200813564472
4731,4.250168574810282e-14,1.4799077545012772e-13,5.950696607692806e-14,0.6780100561678409
4732,1.365676713653768e-13,1.531741666853111e-12,4.341171157161637e-14,0.6688693615258672
4733,5.837431571208372e-14,2.5860229026342927e-13,6.779861646940158e-14,0.6765293922740966
4734,7.132161282285902e-14,2.883184894880484e-13,3.711240608316746e-14,0.6810931094863918
4735,2.2002033173391773e-14,1.445687408996703e-13,1.6371914734333438e-14,0.6842453433026094
4736,1.3048799515878793e-13,1.0343206658325648e-12,9.732941318627679e-14,0.6668669681763276
4737,5.323307982471362e-14,4.513685802099699e-13,2.1371754015290315e-14,0.6870423622138333
4738,2.8636777744419023e-14,3.427111053226694e-13,1.4151685342405677e-14,0.6786555027414579
4739,4.292928027195499e-14,3.347292317150681e-14,2.5337313534951445e-14,0.6684298370324541
4740,1.7047492150483432e-14,2.2985250260380977e-14,3.455307605284795e-15,0.6815129115362651
4741,4.067139576957121e-13,2.8233669121406896e-13,2.62312574479476e-13,0.6825880261312705
4742,1.9309100035547737e-13,1.1243272640412123e-13,1.233876635189113e-13,0.7153279467951507
4743,3.353505454652014e-13,2.3646584524858286e-13,2.5593870753092354e-13,0.6951514056883752
4744,4.18384298283709e-12,7.807729713652278e-12,3.869911718996207e-12,0.6838825293933042
4745,2.494102133673974e-13,3.2891373870153723e-12,2.0347874992845695e-13,0.6949840356071946
4746,3.6607813864167874e-14,4.9696983780594444e-14,2.2103689577704607e-14,0.6923130855895578
4747,1.219415183953142e-12,6.527959335168181e-13,9.557777507763317e-13,0.7211220135446638
4748,8.390431940384434e-14,9.488250575435173e-14,4.3010569644318025e-14,0.6885104512737599
4749,2.4190700481409313e-13,4.2280371239139604e-13,1.3059341514700603e-13,0.6888579641410615
4750,6.297351527884672e-14,4.287505936164506e-13,1.6067606831426738e-14,0.6893075720057823
4751,8.984054366918816e-14,3.0044743399773585e-13,6.187440190566928e-14,0.6806038179784082
4752,6.646804172787986e-14,3.573109589515955e-13,6.351591638479806e-14,0.6907776709529572
4753,1.533922650575256e-13,2.2455775584009876e-13,9.039557802359488e-14,0.6912410137301777
4754,1.2287278575372462e-13,1.27651292883526e-13,6.155246125341029e-14,0.6852834091056138
4755,8.555665398550967e-14,6.4540328972832e-14,4.071406278836731e-14,0.701878215407487
4756,5.1067108681247606e-14,3.091200564935645e-14,3.681763681416599e-14,0.6732015408168082
4757,3.295571987679938e-12,4.270137476441875e-12,2.295382611054211e-12,0.7016953589743935
4758,8.464095732238459e-14,3.2015508303914714e-13,4.4564909562135265e-14,0.697421126475092
4759,2.359686907727109e-14,6.075847612192535e-13,1.2809480090276717e-14,0.6797105875506532
4760,2.9878872615489747e-14,3.1270909281263127e-13,2.050441991348827e-14,0.6740764829097315
4761,3.780845275296087e-14,9.825652789981433e-14,2.924109678862156e-14,0.683425323915435
4762,4.964109439581754e-14,3.511110438500282e-14,1.6028556523731315e-14,0.6835863982792943
4763,8.851564145312331e-14,2.273964938306191e-13,3.2015435770264564e-14,0.6645807345514185
4764,1.4686868510146224e-13,3.1304075961280204e-13,1.3246475097396762e-13,0.66609808843059
4765,5.443529277757247e-14,3.749803566385039e-14,4.2027643031988644e-14,0.6903183077403809
4766,5.207611769854342e-13,1.778714122575474e-12,3.61228116206501e-13,0.7007732025813311
4767,1.2722823858082312e-13,8.278023872005107e-13,5.975562563661572e-14,0.6754435508948518
4768,1.5555739960182354e-13,2.0776508664752764e-12,1.7177267305459082e-13,0.6681877247086959
4769,3.140467756978644e-14,1.192268156836237e-13,1.3113787393866597e-14,0.6802649284887593
4770,6.894389803996603e-14,2.668852687035509e-13,5.830317134586736e-14,0.6814079340081662
4771,3.9407858195027944e-13,1.3719596508363864e-12,2.9216109641218827e-13,0.6842977283347864
4772,2.939683373628782e-13,3.0625764390539863e-13,2.0387603863998758e-13,0.6895489425107371
4773,5.213912513137629e-14,3.0788510375596237e-13,3.677064403991527e-14,0.6858765947225038
4774,9.733038227662981e-14,2.0939375782619248e-13,4.895916407715642e-14,0.694463768019341
4775,5.922546554965271e-14,1.2252952304611797e-13,4.827258911765489e-14,0.6748672411136795
4776,1.570868310855595e-13,9.391656134365502e-13,9.657783757669393e-14,0.6851307034026831
4777,1.4809210662285566e-13,3.5172499038282376e-12,1.0801844093138795e-13,0.6592551806912524
4778,8.024991451772132e-14,2.3855575673945264e-13,4.555207923554773e-14,0.6891335001331754
4779,1.221947671911132e-13,1.157053440343536e-13,8.181658321445677e-14,0.6805450879852287
4780,4.073863386624903e-13,5.288347660256598e-13,2.3288303628820534e-13,0.7083926547318697
4781,3.9629808756961877e-13,7.326826448645131e-13,2.137551339951434e-13,0.6895455904537812
4782,4.735345362465344e-13,7.404022788034887e-13,1.6646990295615867e-13,0.6982232358655892
4783,2.949506289297731e-14,1.1454841380547174e-13,1.3544879370326636e-14,0.6783049134304747
4784,8.322900820166244e-13,1.7553829115790931e-12,7.377454878924747e-13,0.6728970550291706
4785,3.244755261058589e-14,1.2712375015608602e-13,2.369416841602041e-14,0.6778052862442564
4786,2.3563944498406384e-12,3.2610282135294433e-12,2.6229769197340467e-12,0.7578562178649009
4787,7.136686923417284e-13,8.287542546225599e-13,3.4056463238820447e-13,0.7465885201469064
4788,1.2136207610510475e-13,5.663719769498166e-13,7.706889213227254e-14,0.6736065848381259
4789,4.9951379073546274e-14,5.564847741120493e-13,3.383388389216522e-14,0.6698401423258474
4790,9.334390601019092e-14,1.0812798468333875e-12,3.239914783784449e-14,0.6800235630013048
4791,4.443882143584601e-14,3.518686610473874e-14,1.996708553603974e-14,0.6759208257310092
4792,4.361600470086865e-12,1.3523932156647759e-10,4.753253750011628e-12,0.6646613208140479
4793,1.1465283730040238e-13,1.4995007273898432e-13,1.1233835331834419e-13,0.6683280981756979
4794,3.827580075168997e-13,8.814736336760171e-13,2.7487871221154873e-13,0.699387000547722
4795,2.779238810583284e-13,3.549152589744069e-12,1.8595143237012218e-13,0.6758696787408554
4796,1.5251703138692252e-13,2.425106975631513e-13,1.2027777570032776e-13,0.6828731385641731
4797,4.4266799819117504e-13,5.008630712220073e-13,2.6593116036822816e-13,0.7112766662030481
4798,6.199811292741785e-14,1.6015521600806082e-13,2.790709520392561e-14,0.6903789303672966
4799,1.3095286667829603e-14,2.6257697600065985e-14,8.255475849521909e-15,0.6796735918498598
4800,3.442645056395754e-14,2.38937230680822e-13,1.4409455164455264e-14,0.6716880686930381
4801,2.3556354382070883e-13,4.315935631281291e-13,1.477144444611246e-13,0.6824465416138992
4802,5.5851518581743336e-14,3.2435675389350303e-13,5.266418743753765e-14,0.6783682027831673
4803,1.1744216560285223e-13,2.0847834754285304e-12,1.0263431402683414e-13,0.6807500373397488
4804,2.0742430753349441e-13,7.812792553802403e-13,1.8142993588010806e-13,0.677589974924922
4805,2.069957266649874e-14,2.9710299378706716e-14,1.7788297207033004e-14,0.6811024198657833
4806,2.318268453777099e-13,9.765308029074612e-13,9.062125514007083e-14,0.6993372019263916
4807,1.0561966191942993e-13,6.234712873633506e-13,1.1862198911287874e-13,0.6821738055441529
4808,8.113085840021269e-14,6.73179469337222e-13,8.673558290431192e-14,0.6834782773337793
4809,1.2165821435624627e-13,1.6354010766010623e-12,7.99038466790273e-14,0.6627548372547608
4810,5.315177771373468e-13,2.028151492510759e-13,3.5712104162603045e-13,0.6863485290552489
4811,7.491132196410082e-14,6.988463752702789e-13,4.339141317625903e-14,0.6747396817489062
4812,2.0742718235695986e-13,1.4950261292180182e-13,1.6428985754166794e-13,0.7106250359909609
4813,1.38821264736253e-13,4.0098265858133277e-13,1.223781325987176e-13,0.6723904782789759
4814,8.738926360068146e-14,7.05346833134533e-13,4.2382298720930106e-14,0.6742373088898603
4815,1.7596610232285334e-13,1.5967642724047472e-13,6.61535044243097e-14,0.710850780736655
4816,2.1121500077251987e-13,3.687988831507118e-13,1.0561678662605175e-13,0.6887917683052365
4817,5.861827412995765e-14,4.4916485464969905e-13,2.33095484815976e-14,0.6714363121776842
4818,1.801010225196496e-13,6.369428785615484e-13,1.1472660153700653e-13,0.698269012896344
4819,1.3295646443078225e-13,8.404479114367586e-14,9.815671534086238e-14,0.6831189933698625
4820,8.774433922797113e-14,2.32175806199117e-13,7.396623356194006e-14,0.6739335255813785
4821,4.0718097768736763e-13,2.374644566899808e-12,3.4467308133050496e-13,0.6761335602845066
4822,7.395721157261621e-13,7.315331996571084e-13,4.4277486544507173e-13,0.7500105750747025
4823,6.097727222565372e-12,1.8663532546267608e-11,6.488978167756681e-12,0.6771985654719174
4824,1.6566394545407956e-13,4.186457545319458e-13,6.083827411042677e-14,0.6900964863714762
4825,3.5601473825347465e-14,6.458482471410379e-14,2.631504421582448e-14,0.6816542751679663
4826,3.6123871965061046e-14,3.7105484893959144e-14,2.271696963240141e-14,0.6819297409558203
4827,1.1370853372346956e-12,1.7742940479250336e-12,1.0610124377825891e-12,0.6997954940074124
4828,1.3338932072438388e-12,1.5475950225691607e-12,9.420410071500336e-13,0.6062455184175632
4829,1.3947845070212284e-12,3.1450131956372814e-12,6.33109078767315e-13,0.7396763970144093
4830,3.6477599457782265e-14,7.106901670099235e-14,3.4812752680554476e-14,0.6851503650366795
4831,5.088958025924524e-13,1.1724763427612168e-12,5.204866234787904e-13,0.6876248897984624
4832,1.5763842824568668e-13,8.948361590953151e-14,9.32495432463038e-14,0.7004346710746177
4833,1.400710661973642e-13,1.8077760214748148e-12,1.1800984148136713e-13,0.6819385030830745
4834,6.140437731845465e-13,4.5453665075783627e-13,4.0643158346357043e-13,0.713405283424072
4835,5.0540003014848967e-14,1.5569898254193013e-13,3.523327972946124e-14,0.6844278157805093
4836,1.5590415392411163e-12,5.490042450082986e-12,1.738779914997879e-12,0.6841760715295095
4837,1.659249168299827e-13,3.0633778365106976e-13,1.5726295072438344e-13,0.7011226496309974
4838,1.1814792735064098e-13,1.6246385313793028e-13,9.587791512816782e-14,0.6592340511095245
4839,2.335240725402046e-12,6.063761735107278e-12,1.6964132441730933e-12,0.7480126815382391
4840,2.8747689128852e-13,3.572425600645169e-12,1.942515805557475e-13,0.6882792866497767
4841,3.743459752958716e-13,2.699831805544749e-12,4.66593270630623e-13,0.7035322266281583
4842,1.8757531687872484e-11,4.6434668424964855e-11,1.0865419044843088e-11,0.7391092232195661
4843,2.2377489036726587e-13,3.597966944580882e-13,1.7980779869518994e-13,0.6434195210284088
4844,1.033514896309467e-12,1.3762779230736435e-11,4.388610667546711e-13,0.6902270723308902
4845,1.5812310614599132e-13,1.269182858520017e-12,8.181436990644608e-14,0.6840890896623023
4846,1.3810896126488847e-13,1.3794946758135137e-13,6.789241968512413e-14,0.7002356583252549
4847,6.1208392351538e-14,8.575812065300271e-14,4.9282292810425715e-14,0.6856284464709461
4848,1.1949265129882481e-13,3.152190290339088e-13,9.369431097347834e-14,0.6697789735335391
4849,2.063222201907272e-13,7.632326283536444e-13,2.0853528346046564e-13,0.6810650607862044
4850,4.297431730245135e-14,3.36689123898512e-13,2.2395725785944244e-14,0.6786754197673872
4851,1.7101630396436817e-13,4.560893004675804e-13,1.1431727502155406e-13,0.6829904341837392
4852,1.489805673230627e-14,2.39496505194822e-13,7.637569330123438e-15,0.6865312705165707
4853,1.8660961339901255e-13,3.3072384075353195e-13,9.934407494697275e-14,0.6762431923125405
4854,1.5912638272747595e-11,1.9156558489351806e-11,8.073419907702419e-12,0.6837785321986303
4855,7.8207863795938e-14,5.090732971139322e-13,7.603532320950873e-14,0.6793512541393284
4856,5.017907450979959e-14,2.416706544641778e-13,4.568924786290253e-14,0.6679053260129877
4857,1.3749634591569522e-12,4.434502014955863e-12,1.4723776432744997e-12,0.6083020152538665
4858,2.4188118411924186e-13,1.3565006810663364e-13,1.4597913108696333e-13,0.6984663211973384
4859,7.200906999497808e-14,1.9454280593642358e-13,1.946499179600433e-14,0.684622791048605
4860,6.959854079487122e-14,4.116216271894982e-14,3.617043439878281e-14,0.698158415115904
4861,2.555321961793328e-14,2.931280858456581e-14,9.96877505403837e-15,0.6859014532761648
4862,7.601206098726437e-14,2.263464758520836e-13,4.576434347064905e-14,0.665097309963312
4863,1.7371841774780532e-13,8.785722232894448e-13,1.1703844446096884e-13,0.681465081172064
4864,1.5493414673847307e-13,1.515012723532702e-13,8.875189814922401e-14,0.681248130853055
4865,3.558468503489145e-13,2.62474550457059e-12,1.4891366540029726e-13,0.6713183471554658
4866,3.315876001701185e-14,4.1421776244215425e-13,2.3735156626709356e-14,0.6751730820571538
4867,9.449098705265388e-13,2.1743141314159757e-12,3.95070024487646e-13,0.6349645235692151
4868,1.7288476977504494e-13,1.1989726815374612e-12,1.217096132838482e-13,0.6903707676683553
4869,8.744044386032796e-14,3.1886457113536026e-13,9.66739036953003e-14,0.6777825491153635
4870,2.7043662659002044e-13,7.915588201785424e-13,2.318538176977299e-13,0.7092744854395278
4871,3.077672066001539e-13,4.795606549948983e-13,2.6558396942966134e-13,0.6918149744335096
4872,1.478908912547333e-12,3.8345716383635305e-12,9.074364504224505e-13,0.689901188010117
4873,1.1333364681190686e-13,2.5633051181183503e-13,5.365296627838469e-14,0.7029984135413543
4874,1.0556343575382358e-13,5.336897624704445e-13,6.847931383049564e-14,0.692804976599291
4875,1.2194075392078313e-13,3.5599292655535315e-13,1.4521273689467114e-13,0.6958834196790121
4876,3.6088312643157137e-14,5.937881017288325e-14,3.446819342650772e-14,0.6836198464850896
4877,1.7222945755339535e-13,2.0602664929608484e-13,5.706302217710386e-14,0.682497951789992
4878,6.801081981304013e-14,3.61270507958553e-13,5.729226808903179e-14,0.6725583089573774
4879,4.373043026631887e-14,6.837257410635386e-13,2.0612012328540007e-14,0.6878791592025664
4880,1.643679872181294e-13,2.8756669995820937e-13,1.1347466077420484e-13,0.696353881165851
4881,9.407552252094485e-14,6.279269176182178e-13,1.0412080307901244e-13,0.6579750088363653
4882,3.4375833351617394e-14,2.5386810793210593e-13,2.1309086738470765e-14,0.6822592680575326
4883,3.16945529287237e-14,1.6239452550948476e-13,1.3094778564995842e-14,0.6868585415650159
4884,2.494094303748766e-13,1.950144491267277e-12,1.1656728014260054e-13,0.6907687234983314
4885,7.85081318810413e-14,6.065491354978491e-14,4.937015321339031e-14,0.6800574691675138
4886,1.4279073175135875e-13,1.0268354874708306e-13,1.276609135976155e-13,0.7062533303862437
4887,1.9709465318893982e-13,7.059764752088805e-13,1.3279040847988543e-13,0.641597732444643
4888,6.30835243144374e-14,1.688146991688341e-13,2.7631047486807575e-14,0.693190720572602
4889,2.1159486164253863e-13,1.5894681141021913e-12,2.138543118967591e-13,0.6617108910839307
4890,9.153100025991246e-14,4.5083125886742027e-13,5.601291650091598e-14,0.6838658090506214
4891,7.283073796112771e-14,2.9721383376842906e-12,7.337105831581253e-14,0.668612042532186
4892,8.453484592837133e-14,1.1004028372794913e-13,7.124651285391086e-14,0.6842570833920035
4893,5.472479790660356e-13,2.0370416387275147e-13,4.046664609625942e-13,0.6832828394253738
4894,7.361746892807816e-14,9.195285224714402e-14,5.3701599997587616e-14,0.6890429974009749
4895,4.1594411839279104e-14,3.38113327398266e-13,2.5812852422407824e-14,0.6796291502250824
4896,2.5623894023712986e-13,2.3713312556333117e-12,1.578705158990035e-13,0.6960781976988073
4897,3.613388866875427e-13,2.0773496766323477e-12,1.9921520095379043e-13,0.6798840399831534
4898,2.9234703641893614e-12,2.7473162413273e-12,2.419539921350045e-12,0.7184424182865768
4899,5.616514414232159e-13,3.299837836685808e-12,1.7891682305831414e-13,0.689616868540179
4900,1.489612518488868e-13,8.906390416286564e-13,1.0163090769078093e-13,0.6633383464999497
4901,2.6778327759166255e-13,3.2791573899723605e-12,1.4337759945708714e-13,0.6603436342236819
4902,9.110252854555783e-14,1.1510036902850864e-13,7.787968116486686e-14,0.6885369438037742
4903,1.108790599150246e-13,3.3712685477969954e-13,7.552051307192461e-14,0.6754152391396928
4904,3.9669909971346563e-13,2.0630929994908892e-13,2.5438798139061034e-13,0.7333893328905106
4905,1.3434522186724657e-13,4.4890154968138625e-13,5.785784619494288e-14,0.6784711053012871
4906,1.3493583085383725e-13,1.488056677299966e-13,1.121803996385815e-13,0.6825029658502899
4907,1.646187800926551e-14,2.6025627448753946e-13,1.5192380891454674e-14,0.685052568546962
4908,6.775406242077558e-14,3.4738182566288204e-13,4.80390259404881e-14,0.6872652867634315
4909,5.553237968856924e-14,1.7487354067302827e-13,4.5473784968864065e-14,0.6882122232171242
4910,4.2353342505936196e-14,3.157771562927881e-13,2.9866348272912385e-14,0.6846818050951697
4911,5.6677538251498954e-14,5.389778020972134e-13,2.606486191575433e-14,0.6872995449288283
4912,1.2439405835902865e-13,4.015719412756357e-13,1.0696520830503929e-13,0.679739795421483
4913,5.330838303420043e-14,6.42593427593644e-14,2.6133430570692185e-14,0.6865927033766639
4914,1.4117957904959115e-13,3.064811679345402e-12,7.265221870723266e-14,0.6629958036530297
4915,1.0894080198026394e-13,1.080122720147744e-13,5.571723315140451e-14,0.6861057045112829
4916,1.6519233483317845e-13,9.631242942158302e-13,6.961332425244911e-14,0.6704477154795313
4917,1.209232552138317e-13,1.9910499423548553e-13,1.1276026189495576e-13,0.6825153007463086
4918,3.8237993826311166e-14,4.520862040009606e-14,2.2882775407821166e-14,0.6851682588632684
4919,1.0495145769067247e-13,1.3925592413763432e-13,3.6672009362532005e-14,0.7050719599239528
4920,2.4488605483289336e-14,1.105410910480468e-14,1.1862197960593745e-14,0.6801784222305287
4921,3.4657277934967606e-14,1.2806825086684267e-13,1.8660754302774142e-14,0.6860288384428713
4922,7.498184496701063e-14,3.2250068166279173e-13,4.3458781021521864e-14,0.6705013181723188
4923,1.9634970649606293e-13,1.2636942237970944e-13,1.5785034438283747e-13,0.698590301850345
4924,3.3322156477167825e-14,4.6462052793718756e-14,2.464942545592356e-14,0.6803603478649165
4925,2.2178142705700109e-13,1.529923569872708e-12,1.8437736802052383e-13,0.6957943848101422
4926,8.676072421475007e-14,2.520968193478785e-13,5.6172247734385896e-14,0.6540745390520897
4927,3.318060721903398e-14,2.865168585480927e-14,9.048343727378704e-15,0.682012845214922
4928,3.803840835107941e-14,4.6378274947190245e-14,1.8966226032428584e-14,0.6799294614233077
4929,5.4405208694630505e-12,5.850951023467993e-11,5.2105636114774335e-12,0.678245883359341
4930,2.3913890884114814e-14,1.9844394851743975e-13,9.241182981735439e-15,0.6855420327512547
4931,2.858063486962118e-13,1.8006832772006326e-13,2.0776394387759114e-13,0.7015689281048253
4932,9.443312221370888e-14,1.3453112052108477e-13,8.230692420574138e-14,0.6748274032375775
4933,3.594198383854007e-14,5.881018171397514e-14,3.4436455157005506e-14,0.6819547760416753
4934,1.5211093144626607e-14,2.529066056588738e-13,1.0249085926545041e-14,0.678821760910796
4935,9.025487624471801e-14,1.6504061078250895e-13,7.405051252311815e-14,0.6840603701595682
4936,6.328066388267315e-14,1.1784418023368442e-12,4.657852427159905e-14,0.6807794282503892
4937,3.011428913033216e-14,3.299345642075591e-13,2.8285624003448872e-14,0.6856416398833971
4938,4.870646891359636e-14,4.423167193092041e-13,2.687798811248026e-14,0.6736173131270334
4939,2.6491266518827953e-14,1.1471446254827475e-13,1.6590780654206015e-14,0.6830388413218316
4940,2.374849844235188e-14,1.0030385553507637e-13,1.1119413926123204e-14,0.6868625349074137
4941,1.5603694315581536e-13,1.3751968074569938e-12,1.3372475199120178e-13,0.6719397277774988
4942,4.2948954868203937e-13,2.0965152015079572e-12,2.7984276522402125e-13,0.6860376302851364
4943,4.403525070477745e-13,6.184847150751392e-13,3.9177853660973145e-13,0.6809062253567391
4944,5.261430951367381e-13,1.00274456579377e-12,4.18645584243852e-13,0.6823789943475276
4945,1.0603859098746828e-13,8.503659054510293e-13,1.1543754481209368e-13,0.6928641440230422
4946,4.344603990633231e-14,4.116594034099608e-14,2.8103195372803172e-14,0.6829780079657212
4947,1.7670778488479342e-13,3.242797935823705e-13,1.7103963500904296e-13,0.6783931241021491
4948,6.227290728082283e-14,2.6330177865107977e-13,4.036091837071977e-14,0.6759005669970065
4949,1.0717332966063969e-13,2.2662322035489448e-13,4.97014371138706e-14,0.7008951996918767
4950,1.623833052540164e-13,8.887767819268693e-13,9.476973348418748e-14,0.6558737991232192
4951,6.04195276398663e-14,2.229338054059342e-13,3.785268768513185e-14,0.6937224954541307
4952,7.685416326024062e-14,1.246575739231457e-13,5.179499893164649e-14,0.6768768419802654
4953,3.944404418883454e-12,5.333875682953274e-12,2.1753733645203198e-12,0.7013165867421776
4954,1.3510195530724968e-14,1.6543830078023092e-14,6.152458603272546e-15,0.6784647194028366
4955,3.8729598190408416e-14,5.676019265625676e-14,2.1533176999845724e-14,0.6839796592132188
4956,3.402819458800922e-14,1.279422579067596e-13,2.945936967933024e-14,0.6827540130878333
4957,1.309036058171006e-12,5.5445172684789785e-12,8.092113960479431e-13,0.6083893140952569
4958,3.412838800355234e-13,6.984013895771561e-13,1.7432762906424167e-13,0.7337094263406471
4959,7.955701357964792e-14,4.1729726285350645e-13,4.0042407373815007e-14,0.6765588957932778
4960,2.629684416224261e-14,4.039598053476842e-14,2.5055503371178305e-14,0.681546049733879
4961,1.3992950746984047e-13,2.8768873909878133e-13,1.1497709942151103e-13,0.6530511915305397
4962,3.2271090943091246e-13,9.089195743695044e-13,2.3556794147168145e-13,0.7367322903126479
4963,5.751858195782157e-14,5.362795298131274e-13,1.5260567495804063e-14,0.6736246830201708
4964,2.2171367187643221e-13,1.9581187514875396e-12,1.1976604242804234e-13,0.6938502505363431
4965,1.1001497886390674e-13,1.8402346302056842e-12,5.66694179760337e-14,0.6719113835395547
4966,1.913179173586098e-13,5.870462296664595e-13,1.7652609631220977e-13,0.690379929629853
4967,3.379790246013682e-13,3.787220275892636e-12,3.8013509702534985e-13,0.678565012360923
4968,8.336948506673344e-14,2.261555492448205e-13,5.356848223303765e-14,0.6987436344148591
4969,1.3273423814815536e-13,9.535621362320618e-14,7.559155264034125e-14,0.6812340929871425
4970,1.1666325432679665e-14,1.8268446523970204e-14,6.2992744637792254e-15,0.6816926931787748
4971,3.111390247858861e-13,6.79793708023419e-13,3.032546001883533e-13,0.6958969940547831
4972,3.3278548309872545e-13,4.842446038417392e-13,2.654561018728954e-13,0.6865650794352405
4973,4.773648727994899e-13,6.030926453737248e-12,5.461662624386436e-13,0.6686753849964588
4974,6.784807996843445e-14,5.0856747079675705e-14,4.06622234619846e-14,0.6866352303419262
4975,3.150442734837677e-13,2.0704937364396626e-13,2.2558061251531865e-13,0.7071017069509253
4976,3.96855935846703e-14,4.0626332885738026e-13,2.944013010222248e-14,0.6850487937801517
4977,2.623702501039318e-14,2.293574612709401e-13,1.6058710738039177e-14,0.6800682571774814
4978,7.872752456013182e-14,5.5374283038649067e-14,4.218602949260524e-14,0.7027747073909267
4979,1.800827743101246e-13,1.3034195676811268e-13,1.4141503603772363e-13,0.693331447080709
4980,1.881082203108705e-13,3.873521706908122e-13,1.2975776120233827e-13,0.6915224669675808
4981,7.149241035972267e-14,3.773389872990143e-13,4.335254289682712e-14,0.67914622319513
4982,3.816736970412822e-14,4.5029672587736134e-13,1.9029527368169846e-14,0.6750225598865655
4983,6.168826994203368e-14,4.567383360199702e-14,4.834080659090963e-14,0.6821222147962545
4984,1.2669708927150668e-13,2.6580247690066657e-13,9.761820677334491e-14,0.7067462284001522
4985,1.8736644459918408e-13,3.475101193266768e-13,1.0502371654419629e-13,0.7031636769068428
4986,7.014563304478764e-14,1.1343463262825e-13,4.5303548834196166e-14,0.6745238133298699
4987,1.4322801863449804e-13,2.6049059864238525e-13,9.739558226945345e-14,0.7087060390971601
4988,7.606048719352844e-14,3.2711149149982525e-13,4.458765737357364e-14,0.6707265133416513
4989,1.7959967601786107e-13,6.239790608634864e-13,1.5551965876782642e-13,0.6885588452394587
4990,2.2269684934804965e-12,9.011830164241433e-12,9.367186235130254e-13,0.699526343413163
4991,4.653832056217845e-14,1.253151916280741e-13,4.056977116949859e-14,0.6772390869678929
4992,3.8006146754978566e-14,4.286336465449516e-14,2.846162738475754e-14,0.6748407341190614
4993,1.7980999908103151e-13,1.116928084756822e-12,1.0514882464265337e-13,0.6810184393834788
4994,3.695355895108931e-14,5.735218471874047e-14,2.1935645160468347e-14,0.6797207099851221
4995,6.517332568296668e-12,1.8089369572866e-11,7.011720536509153e-12,0.6650575293693691
4996,2.7888647166094427e-13,1.1230404208493356e-12,1.5057823179052407e-13,0.654709686851129
4997,2.7486340338162415e-13,1.7843126404995474e-13,1.9602373653327786e-13,0.6822814430983272
4998,9.730803052331332e-15,1.8131304953066767e-14,5.125622268132873e-15,0.6826012731704395
4999,8.174393235117235e-14,8.209851958518437e-14,7.287707516380859e-14,0.7061227496247738
5000,6.789892967740882e-14,1.490171922377069e-13,4.74266373009072e-14,0.6866660689585842
5001,3.758447363058408e-12,8.108612329641189e-12,3.767349726122936e-12,0.6982501077582128
5002,4.2007403387659025e-14,3.706144056785009e-13,2.7862588961097484e-14,0.6686585431772982
5003,1.4680369694132182e-13,4.763844697642373e-12,2.1396619959085632e-13,0.6615766895498382
5004,1.488475574179618e-13,1.34838288756209e-12,9.37677680831572e-14,0.6623036639357451
5005,9.276856822527859e-14,2.970644116342485e-13,5.0623903143598074e-14,0.6969162539113313
5006,5.477039905208888e-12,3.531550283253636e-11,3.725747984159424e-12,0.6930871675780509
5007,3.778946947512716e-14,6.084592830020072e-14,1.8896106168181814e-14,0.6714338601042982
5008,1.0183055348975078e-13,1.0195382261245604e-12,1.0570106513617425e-13,0.6733998827665346
5009,3.1692881118787364e-14,4.5160903166563406e-14,9.288504464689961e-15,0.6832248161081225
5010,5.5449210090725974e-14,4.056349219423591e-13,4.850140107151216e-14,0.6796066897863057
5011,9.43551313101526e-13,7.612828815425362e-12,8.776193425120717e-13,0.6638113526743836
5012,1.4893484558239228e-13,3.6205792528902423e-13,6.773557099952972e-14,0.6968754038098268
5013,2.7590215364594182e-14,6.773772642913284e-14,2.3680578446013133e-14,0.6945292961900122
5014,5.194846359046766e-13,1.021785664167811e-12,4.181091987590259e-13,0.6925382107903715
5015,6.036308556221604e-13,2.5127138797137016e-12,4.820693680907578e-13,0.6628145983995637
5016,4.782993793721732e-13,5.475923005514241e-13,3.531643085087719e-13,0.6563351782649989
5017,6.338458647321128e-14,5.611194915844518e-14,2.4600538974145003e-14,0.6804157348698936
5018,1.2691796164825015e-12,1.1803115579856119e-12,9.031553383001004e-13,0.7169196842238307
5019,7.773923454360822e-14,1.1752177494050316e-12,2.8294118828336128e-14,0.675256807502592
5020,7.396517358987542e-14,2.75818359955148e-13,6.69978032862681e-14,0.6844891697226558
5021,4.4340614044671445e-14,8.110624017778571e-14,2.4161925130897935e-14,0.680163956945762
5022,2.4700546353448104e-14,2.3381778389199154e-13,1.9516825516774293e-14,0.6818723720731213
5023,5.19714781738758e-13,8.886533042347414e-13,3.579421256549472e-13,0.6812352607725188
5024,2.1986624274276986e-14,1.9041787698473735e-13,9.534816941544568e-15,0.6720815123728243
5025,7.159359645479626e-14,3.860648354431662e-13,7.03043327059574e-14,0.6872308630903717
5026,3.1214474326926586e-14,4.2108449879938334e-14,1.4465593454137178e-14,0.6828353288641665
5027,3.342701340702811e-13,2.5064050634960595e-12,2.740363996258384e-13,0.679549639869947
5028,9.21234441461957e-14,1.0879988281894188e-13,5.083278493499592e-14,0.6972937614191324
5029,1.572341595192195e-13,4.876897209060364e-13,1.1986601552458515e-13,0.6962214090628549
5030,1.3328519353528656e-13,8.725459455895337e-13,1.2285657608685425e-13,0.6782560851890593
5031,3.0817791429436296e-14,8.032294636356412e-14,1.5863885152878403e-14,0.682386825827416
5032,1.7271891390485527e-13,6.178630917589076e-13,1.231332646528369e-13,0.6835017406032421
5033,7.588297261954286e-14,5.540564642785064e-13,4.638913313488337e-14,0.6735039862513077
5034,2.4827857745730346e-14,3.2537405961123956e-14,1.4314458952812186e-14,0.6757252223847899
5035,3.7511614091108495e-14,2.630282082267305e-13,2.960430695624859e-14,0.6813926190370694
5036,3.6034647811772116e-14,9.115353770659219e-14,1.6095828752526113e-14,0.680902629555203
5037,2.363696366591652e-14,5.169161321860792e-14,1.7124676061411942e-14,0.6833433157356922
5038,5.585563129585118e-13,3.529165564855445e-12,3.037682352696911e-13,0.6941032904549502
5039,2.727591329526011e-13,5.7754243637389114e-11,2.1316621687902997e-13,0.6558204542350723
5040,1.09611015693086e-13,1.0538930950196373e-12,1.0155783291659226e-13,0.6713233943097293
5041,3.943945175344526e-14,4.694445086744237e-13,2.9358685043446676e-14,0.6714354631869355
5042,1.9790003419498223e-12,3.478501753742988e-12,2.3168201986818594e-12,0.650583325966727
5043,1.409328601512129e-13,1.792839232471353e-13,6.611055660450724e-14,0.689255643618526
5044,2.601740051761805e-13,2.838945075575851e-13,2.056538170092237e-13,0.7095859957509674
5045,3.3726994998143035e-13,8.828936965760253e-13,1.5267421565664206e-13,0.700717183726374
5046,1.5425759113170797e-13,8.838646836304234e-13,1.6477057876192498e-13,0.6891163271095138
5047,4.459610147455669e-14,6.720380936466526e-14,3.412345229525052e-14,0.6693396736693102
5048,1.4014204405623918e-12,4.82284605319362e-12,6.027619582921677e-13,0.7018817010568454
5049,6.540091534969931e-14,7.116264273928616e-14,2.5835863339761635e-14,0.6816710545215756
5050,2.3364539112670243e-12,2.2022917304772125e-12,1.8890379992548155e-12,0.6366342341614655
5051,7.960281561914174e-14,1.4017674704529874e-13,5.349462089583674e-14,0.682890380959725
5052,3.3031463908823785e-13,3.939041057956172e-12,3.2886836159028187e-13,0.6739111621194752
5053,1.3030577636605017e-12,6.7052278969203146e-12,6.516938179513947e-13,0.695816673344234
5054,1.8185417685085942e-13,4.291019194153332e-13,1.4282551846533223e-13,0.6814542373642325
5055,6.218539674079126e-14,1.560510429609747e-13,3.9161163377283544e-14,0.6869883001782
5056,1.2339945361814795e-13,2.666397445852497e-13,1.0638973825757967e-13,0.6689757201063913
5057,7.20976280241211e-14,2.2514227033374705e-13,2.8416242380134095e-14,0.6876327827048954
5058,4.514123839131896e-14,1.0949971592238558e-13,3.98661363261435e-14,0.6805643737781792
5059,5.994568011097755e-13,3.3844474632614883e-12,6.439411477166918e-13,0.6861001347017008
5060,5.5639125413425564e-14,1.46238163046444e-13,2.96938491299304e-14,0.6858158417977392
5061,5.1483874831548234e-14,8.49125726979545e-14,5.43041530646631e-14,0.6761384949204512
5062,4.876753743384717e-14,1.1879530921653925e-12,2.7287670782863287e-14,0.6673835350899026
5063,1.1538548295500992e-13,7.942115580846876e-13,7.615093888263233e-14,0.6661692446621601
5064,8.39136181421483e-14,1.4491678042142474e-12,7.163442061331292e-14,0.6753457592509221
5065,1.6016209841968512e-13,6.208201441128623e-13,1.2050797206951048e-13,0.6648779578594258
5066,5.939672861121324e-14,3.2033509556620496e-13,4.8585034905866335e-14,0.6869175189174712
5067,5.462421795351288e-13,9.979460218644066e-13,2.8847812169430044e-13,0.7070265852147714
5068,4.552379345297415e-14,5.72465385283169e-13,3.191591781987216e-14,0.6730258557072375
5069,6.077330601104962e-14,3.399766191426334e-13,2.0698253470263385e-14,0.6703855155181373
5070,9.898408834216986e-14,9.289382668833406e-13,9.19982645274765e-14,0.6822107458428945
5071,4.2137236613490364e-14,5.878160292257344e-14,1.7017944266411367e-14,0.6877380267716944
5072,1.2132419459759376e-13,2.2197531751878185e-13,7.598197169535629e-14,0.7207723111612723
5073,4.533571965212003e-13,7.07354438793043e-12,3.958563794808865e-13,0.6596453137870413
5074,1.8222333241316784e-13,7.177434224883278e-13,1.1342718327766084e-13,0.6736008772073546
5075,1.190375548438012e-13,5.544424591910757e-13,7.718331185281938e-14,0.700440051080659
5076,7.272240778531148e-14,3.151495944718961e-13,5.96599201695527e-14,0.6820286800269969
5077,2.691621712071178e-13,4.881121122844483e-13,2.200292014392469e-13,0.6934001016896219
5078,2.2545709723838858e-13,2.5407465919313296e-13,1.6862751222919573e-13,0.7106586207984946
5079,1.1551613503747434e-13,2.785148065911426e-13,5.979460745855648e-14,0.6996970909996889
5080,2.503871284175158e-13,3.6280286898491745e-13,1.972500882215827e-13,0.7103060037014075
5081,6.967855650433618e-14,1.0027835754223687e-12,7.266313225519498e-14,0.6652568146499107
5082,7.09154600469621e-14,4.86300935136646e-13,5.881554065266266e-14,0.6690607749682386
5083,7.087645894149145e-14,1.654561942998207e-13,1.9025669700354892e-14,0.6864868780132383
5084,1.4180412633507584e-13,6.926840194874084e-13,1.2924258930903783e-13,0.6880818237084896
5085,3.700275674800895e-13,6.95534615606667e-13,1.858139464652126e-13,0.6972758585936389
5086,9.79136201029559e-13,5.802076618889456e-13,5.852888390354277e-13,0.6829563848616089
5087,1.1169208920320686e-13,6.181781742788211e-14,8.49471120259251e-14,0.6861873858782929
5088,2.7036468204202785e-14,4.102955923274963e-13,8.689961773450427e-15,0.6780945367587264
5089,8.074071104850945e-14,1.6928006477222414e-13,5.435597532831403e-14,0.6903298091841862
5090,1.3920824236787608e-12,2.278800722422456e-12,1.2744402119674147e-12,0.6549079092917964
5091,6.842534352591007e-13,5.940111218915871e-13,4.574945743688661e-13,0.7141707306029275
5092,3.4991567614744064e-13,3.666806312729195e-13,9.844718309372414e-14,0.6889932360092643
5093,2.325524588491478e-13,1.2299635289608084e-13,1.764143323809204e-13,0.6784343881066889
5094,8.906557656504424e-14,1.0772218672579692e-13,7.720008601561922e-14,0.6802528839500155
5095,1.2262281712606336e-12,1.6269475210638153e-11,5.914451731948835e-13,0.6656006973498734
5096,1.5375356363469055e-13,9.395466252612848e-14,9.172653852130007e-14,0.7008940437575802
5097,4.599569049452363e-14,4.845072498347158e-14,2.1956063797098305e-14,0.6792512848274782
5098,2.7052407035681474e-14,3.024681703788369e-13,9.374695361216001e-15,0.6822492468927521
5099,1.347834277842942e-12,4.338734059754111e-12,1.3772467479733362e-12,0.7081466450006701
5100,1.6416123388436607e-14,2.6010078622582784e-14,8.480779257232369e-15,0.683639941731235
5101,2.3225067227485994e-14,2.3834067359975676e-14,1.2490857948155142e-14,0.6831968156679068
5102,1.926973556309592e-14,4.503226505107215e-14,9.984217975783649e-15,0.6841279178916011
5103,3.290424229146558e-14,3.166355235037938e-14,2.976707818476386e-14,0.687214323936496
5104,8.206720923829861e-14,1.3043727060697879e-12,6.784485751507444e-14,0.6650895880680764
5105,3.7464471165221794e-14,1.547933981995435e-13,2.8111412147300098e-14,0.6735658849531319
5106,4.553625793239119e-14,3.2585194224214545e-13,3.101598218342722e-14,0.6800245632184669
5107,8.991695450262509e-14,9.020256893476286e-13,5.146551126133981e-14,0.6862402675382328
5108,4.980398966131111e-13,1.5457524763293396e-12,3.3839587956668907e-13,0.623265025470755
5109,1.434272874204442e-13,4.636936450947793e-13,1.0025524335989307e-13,0.6704461394314422
5110,1.9742667005792214e-13,1.1023090150374971e-13,7.13568528134816e-14,0.7042092621792108
5111,2.9118558639894947e-13,1.4559708512933952e-12,1.395376597392629e-13,0.6665533299878007
5112,4.763821091911048e-14,2.254200865095436e-14,1.526987279606337e-14,0.6833750318211969
5113,1.965293458369494e-13,5.30152232287323e-13,8.610146181974447e-14,0.6214135394373443
5114,6.315811186931286e-14,7.264570928594854e-14,4.413876530305113e-14,0.6843184501980432
5115,3.994785626764537e-13,4.051571458089506e-13,2.7793856417867587e-13,0.6990448925294913
5116,4.901716212973991e-14,2.0157632726805258e-13,3.040898480284858e-14,0.6761399383307435
5117,5.3198456073255053e-14,2.3004577432894857e-13,3.759670715320093e-14,0.680972625449067
5118,2.360631882446492e-14,1.3954435346186304e-13,1.5188120012228184e-14,0.677269177872222
5119,2.9106825908111187e-13,7.77667106590038e-13,3.2243738609370945e-13,0.6924036328680814
5120,1.2651248561537013e-12,3.2246953629603332e-12,4.631828873897548e-13,0.7092165483627468
5121,2.4354690415314873e-13,7.37207118896662e-13,2.700351399026949e-13,0.6609418734617065
5122,1.3676234685752627e-13,4.701989101158413e-13,5.341147919446319e-14,0.6974380283034407
5123,3.337792812666779e-14,1.5983920761894678e-13,1.965707872526836e-14,0.6852535174170044
5124,3.22112512117286e-13,6.007584140780873e-13,1.183658343446457e-13,0.7539842205587775
5125,2.5053398016219264e-13,5.487204594494065e-13,2.1667484217195057e-13,0.7019223822630011
5126,2.209765341297986e-14,6.188207327809182e-14,1.167542760572867e-14,0.686458555603167
5127,7.137060606615012e-14,5.59326847898887e-13,6.89449209005396e-14,0.6016935774765443
5128,1.0668842301905408e-13,7.564181642330908e-13,1.2043097370711545e-13,0.6639224922080758
5129,7.114090288417754e-14,5.340727758410389e-13,4.676803904693194e-14,0.6706841414503287
5130,9.22345989205652e-13,6.676818865979491e-13,6.420040315944229e-13,0.7218966158572584
5131,1.5179781001694882e-13,9.658036118927929e-12,5.958911383558664e-14,0.658160999813117
5132,7.343775135661723e-14,7.313825959487453e-13,5.837541077749715e-14,0.6833251520234626
5133,1.1295608892978631e-13,4.574367063541955e-13,7.841060891242526e-14,0.6979606892331504
5134,4.209209059271849e-14,9.314432687377234e-14,2.81979715945598e-14,0.6752393654896878
5135,5.962680822206379e-14,1.363595924441122e-13,2.7812409634533486e-14,0.6958347114850767
5136,6.145281168457732e-14,2.2107772190785875e-13,5.371194102654319e-14,0.6727686508675106
5137,4.508503297148193e-14,5.219448523703679e-14,3.441808624066593e-14,0.6672571122151567
5138,3.160121907576703e-13,3.7626734646159776e-13,2.797604080517291e-13,0.6113842555816518
5139,6.140192975983824e-13,1.304868783100523e-12,5.535232110408771e-13,0.6405047170817852
5140,6.677695444715592e-14,1.6428833498310174e-13,5.1653331335795973e-14,0.670569559111027
5141,3.554629975436951e-14,1.1766393917663997e-13,1.7078402339462583e-14,0.6766614632273559
5142,4.338310304962516e-14,3.3964335297255035e-14,1.613816622562576e-14,0.6882406320946757
5143,6.105362192131157e-14,1.3284512039897033e-13,3.2301255246009227e-14,0.7018185695400462
5144,3.814300361342839e-14,4.816013098268159e-14,2.972924263721887e-14,0.6813247524667532
5145,5.38232123642371e-14,5.387967885092973e-13,1.5105114739183615e-14,0.6862020956759807
5146,4.1551600836495324e-14,3.0602543981990835e-13,3.6707529783437265e-14,0.6811615554732271
5147,9.167963609762073e-14,5.537255433628874e-13,1.0561717966903622e-13,0.6757115458254702
5148,5.3406823657527076e-14,1.294790916454335e-13,2.726508651377764e-14,0.6723759172658902
5149,1.2736806130518992e-13,2.817900147778122e-13,5.786492761350842e-14,0.6891688081261236
5150,4.4324445637516175e-14,2.6548602591394475e-13,1.9884169252358336e-14,0.6893315485096536
5151,3.438600643750998e-14,2.912923315180379e-13,2.0724725011685324e-14,0.6709227629413362
5152,3.760001699947601e-14,1.5190248371995945e-13,1.5757423937948173e-14,0.6939120549010113
5153,7.13429846393516e-14,3.3636011103157585e-13,2.6662117490969746e-14,0.685158298292663
5154,7.670572519265243e-14,1.0053802001171661e-13,6.857387627073008e-14,0.690314239700092
5155,5.030098843467291e-14,5.141847053366105e-13,2.6421190974193194e-14,0.6831834854965564
5156,6.34777891458302e-14,7.569076626472913e-13,5.726347112123074e-14,0.6799231761891861
5157,4.3570053627977117e-14,2.471381157893272e-13,2.7293574782109092e-14,0.6822082244034391
5158,8.951939003110595e-14,5.754085317613441e-13,7.67093517957398e-14,0.6773798762529623
5159,4.9512387036247295e-14,3.2716862565388635e-13,4.153424167593824e-14,0.6827351295796689
5160,3.1613412500157524e-13,4.1381805392483946e-13,3.149421138456479e-13,0.6862845288589596
5161,3.345204898358423e-13,5.649390969887663e-13,3.7132523726002884e-13,0.6639501632889733
5162,8.473907838719587e-14,2.434182983226241e-13,7.801092674326103e-14,0.6790709529537707
5163,6.724554121686618e-13,6.61943289116016e-13,4.583338676907682e-13,0.701858959812671
5164,1.4339807578737093e-13,1.0838706927233821e-12,9.343226025152919e-14,0.6756588552612811
5165,6.034808226307652e-14,7.118974530780871e-13,2.772801721293392e-14,0.6737282444257289
5166,1.753118869183253e-12,3.960100599375508e-12,1.5749495821745937e-12,0.6994624374667182
5167,2.8186862055606213e-13,4.3176615162062603e-13,2.6237957851483713e-13,0.70345915221842
5168,4.1809794910149837e-13,3.2398362167906596e-12,4.004931924339036e-13,0.6667020780791063
5169,7.68916712635819e-14,3.3311224311742545e-13,6.416091564500802e-14,0.6680823202506871
5170,1.9832060973840116e-13,4.1514283771376735e-12,2.0706441992583358e-13,0.6665565044415416
5171,1.6468106730041396e-13,3.587585271631398e-13,1.0786478495706239e-13,0.6806292070890777
5172,9.690775647758567e-14,2.183465128870444e-13,5.8511580550647e-14,0.6956782454275526
5173,4.915454971659527e-14,2.4735796508146555e-13,6.290626705188012e-14,0.6827062393305823
5174,1.3211282748178546e-13,1.8751019924161678e-13,6.432140531738944e-14,0.6916787641006522
5175,2.4326733514551464e-14,1.4316591106699632e-13,8.205642794754582e-15,0.6824688291293569
5176,8.300113061260393e-14,6.9116287615201e-14,6.965998583679028e-14,0.6807616619102191
5177,1.647842598132681e-13,2.65033907918118e-13,1.2025689141304794e-13,0.6596966460580006
5178,9.71873724591696e-14,9.681259840352392e-14,3.880673873931803e-14,0.6856508264318109
5179,2.8606103407367524e-14,4.915862832200354e-14,1.2979124935921728e-14,0.6803865212132223
5180,4.300905962142567e-14,3.521670433039348e-14,2.6434953131789875e-14,0.6881395308184437
5181,6.105814161621838e-14,2.8298700720521294e-13,2.261614119373673e-14,0.673060244487715
5182,6.171389319635596e-13,8.186391509568276e-13,4.658371732125983e-13,0.7095439879922196
5183,1.0251087729237401e-13,1.326214076634088e-12,6.222423481000574e-14,0.6662751668249257
5184,3.669134807924272e-14,2.1027062373264224e-14,2.218394520798662e-14,0.6826855051855091
5185,1.0090794206346269e-12,1.1377187339014162e-12,4.2970633169242374e-13,0.709131555701606
5186,1.0835464585851791e-13,6.802752499560109e-13,9.363914928481304e-14,0.6837054907868151
5187,1.6185181512759754e-12,1.6353229697479216e-12,1.653454820951946e-12,0.7077528779278509
5188,5.688099040979442e-13,4.956250580438256e-13,3.986242841329687e-13,0.7151926327263937
5189,7.520301089879655e-14,2.095683036281943e-13,2.0470619164588412e-14,0.6936630826385226
5190,3.6329873116276424e-14,5.3499742899034395e-14,2.054340744279221e-14,0.6924859922903124
5191,1.985587752316281e-13,2.511071714131587e-13,9.054072090093899e-14,0.7308418960543349
5192,6.363662076088329e-14,1.2084093575416994e-13,5.846508373329471e-14,0.667472025754978
5193,3.71522018943763e-14,4.1493485644640794e-13,1.9247807423298818e-14,0.677745546324877
5194,6.81074967739129e-14,6.564385738872738e-13,6.333436598861376e-14,0.6792127377586439
5195,2.000279309855074e-13,6.824196176239541e-13,1.4002285009848023e-13,0.6878319677372928
5196,1.9276674808627033e-13,3.2929957649491402e-12,1.5841888817206575e-13,0.6772913472144865
5197,2.8166866310210033e-13,6.89316560758219e-13,2.733745018397668e-13,0.6925461471662857
5198,1.838551121936011e-13,6.624260654944767e-13,1.0803866709150012e-13,0.6911157359543723
5199,4.856208785027956e-14,3.187464726607551e-14,4.08747808936421e-14,0.6831565451808274
5200,3.247633616168428e-13,3.968180043760957e-13,1.8990151758571314e-13,0.702313303865958
5201,2.236680505605425e-13,4.550475148708542e-13,1.7298052991903427e-13,0.6957558269321453
5202,1.445574762024603e-13,2.0985900173972164e-12,1.7706889426356414e-13,0.6884373914333992
5203,7.336359490521093e-14,9.188367603682836e-14,2.671707299303258e-14,0.6882795220182742
5204,1.4190418090706722e-12,1.5019008438353515e-11,1.1687310064767919e-12,0.6648814336687792
5205,7.521177582848496e-14,9.326702604204308e-13,6.207302300850127e-14,0.6714446857833536
5206,6.212306429766917e-14,4.796374603788461e-13,5.6236933371488824e-14,0.6843023932364304
5207,6.810851045961717e-11,6.956953537746556e-10,5.807589671711854e-11,0.6898863307142165
5208,1.8154023807409145e-13,3.6640642255986476e-13,1.2861750035620976e-13,0.6832434081356041
5209,3.05085403552254e-14,2.0634520173159478e-13,1.3980164692362616e-14,0.6826205167802982
5210,4.778398575996496e-13,2.2241266717127938e-12,2.505986784772238e-13,0.6863008847169112
5211,6.990932933605037e-14,9.663767351998085e-14,4.0301587564563656e-14,0.6913569847645704
5212,2.941566168784695e-13,1.1599189409319642e-12,1.8842021502846067e-13,0.6673538991366513
5213,1.2443857206291387e-13,7.89857299522189e-14,1.0118605822132998e-13,0.6803192630701232
5214,8.314376918763978e-12,2.720394604639076e-11,3.677361874197472e-12,0.741176130110398
5215,1.7696176001934057e-13,1.6465511138135096e-12,1.19757129236365e-13,0.6665027667913819
5216,7.785670324837463e-13,4.848526230533246e-13,3.7957276633707043e-13,0.6906572346575558
5217,2.196742804658964e-13,1.3112006996054935e-12,1.3101192884579745e-13,0.6741051977645839
5218,6.4189074915604975e-12,1.7179269991184372e-11,4.317215967981584e-12,0.7409300105646253
5219,6.982779287591457e-14,2.862264848190982e-13,3.623190172185909e-14,0.6760662580607459
5220,3.9669937797915076e-13,2.865897294391634e-12,3.118737426824584e-13,0.6827714538085274
5221,6.206422874431513e-14,2.7408201927311377e-13,3.685232751563777e-14,0.6680959459597944
5222,8.177721841796127e-14,1.0670557461359364e-13,3.7068351720327895e-14,0.6871555798628833
5223,3.915493327674124e-13,5.830525593859893e-13,2.6613261923914747e-13,0.7023393930285238
5224,1.8774357130832197e-13,1.4083144482586384e-12,6.731825547241394e-14,0.6920299971825443
5225,4.83041604002535e-14,4.976267068635557e-13,1.6626010079636676e-14,0.6726780238124774
5226,2.919856709225674e-14,2.8400858536192993e-13,1.7653505007957198e-14,0.6751197513658553
5227,1.0044560235981025e-13,3.2893355806611565e-13,5.674607313633579e-14,0.6830773547815625
5228,3.06986629983382e-13,4.305444006487505e-13,2.848681888583609e-13,0.6694932911283104
5229,9.560289511845184e-14,1.8027541160926804e-13,6.051610029717858e-14,0.6921569094411097
5230,1.1145862507350245e-13,1.835088437744921e-13,5.3762309018080676e-14,0.6788988174404949
5231,1.646200287008159e-13,5.058231666314606e-13,1.1315549467629931e-13,0.6670444063667673
5232,3.4344297063871674e-14,1.5154600105331367e-13,1.641809085647062e-14,0.6772107323573436
5233,4.424887396635749e-14,9.200124808035924e-14,3.1465775355638786e-14,0.6971093250089325
5234,1.5053706127877827e-13,4.4902496050856826e-13,1.3430887559089945e-13,0.6794147290987894
5235,6.616884647175237e-14,2.0414076256091727e-13,4.907630214891236e-14,0.6746099265292287
5236,1.1121914787687722e-13,7.597995045690727e-13,5.0017585240773e-14,0.6816718425368891
5237,3.9000706498061675e-13,4.721447381380155e-12,3.224402290870731e-13,0.6769497704284732
5238,3.7923536438439114e-14,1.2938413420599915e-13,3.0605005036689105e-14,0.678655010368675
5239,2.393598718495384e-12,1.3090501687355033e-11,1.2594735752163077e-12,0.676241093169665
5240,6.788844133120012e-14,1.4113594608415091e-13,4.784191140833324e-14,0.6810269635636359
5241,4.996878401609017e-13,9.582324322557174e-13,4.751125011390245e-13,0.6621585235930979
5242,4.3254557227398386e-13,3.609445892350263e-12,2.3584760137706193e-13,0.67788451606757
5243,5.790883921944036e-14,2.5150742306864604e-13,4.989301171708087e-14,0.6764964713307563
5244,2.3119525181513903e-14,1.232315306095104e-13,1.356128319285976e-14,0.6777310106204822
5245,6.850573937627834e-11,1.921744751336077e-10,7.161734038806789e-11,0.7032791140140034
5246,1.8395443157374796e-14,1.7378545364630687e-14,5.695271603921092e-15,0.6813428212306463
5247,3.2523815684631343e-14,2.0233911876637766e-13,3.801698814530325e-14,0.6741399114893284
5248,1.3412977918951986e-13,6.536461413198599e-13,5.626882466768401e-14,0.6774655868182891
5249,5.380604222377727e-14,2.4872823010757083e-14,3.346838283393023e-14,0.6746485782088711
5250,6.470433612357923e-14,3.900717832663239e-14,4.253967069708194e-14,0.6780846281035338
5251,7.446479368474927e-14,3.420078347227151e-13,7.393657369637118e-14,0.6922678647271823
5252,8.282058045460627e-14,2.0550588260715238e-13,7.365422201161052e-14,0.6868904863018542
5253,1.5911522426079435e-12,1.7245738591063587e-12,1.03549495932308e-12,0.7045497400336899
5254,2.129101672158759e-13,2.3714557962630953e-12,1.1121748695656585e-13,0.6774459584674333
5255,1.1362957327908087e-13,2.436295018633271e-13,1.059585655358652e-13,0.6804570723557845
5256,5.030924957672053e-14,1.3882923792200624e-13,3.3802200632121495e-14,0.6850280291168019
5257,5.694645996314386e-14,4.918794684838556e-13,2.893954981193559e-14,0.6698248481523479
5258,5.283782986664334e-14,3.182175567132432e-14,3.914304492105005e-14,0.6816228970128577
5259,3.867258559817074e-14,1.5714247340612544e-13,1.7449496967745172e-14,0.6877604293753393
5260,6.663406655708618e-14,5.292206847138866e-13,5.75473235555477e-14,0.6858596626028884
5261,5.5799274423515e-14,5.41361270876262e-14,3.191018611016839e-14,0.6862533216539305
5262,3.695284722384598e-13,3.201530592524705e-13,3.0452216275205167e-13,0.6915078050456941
5263,3.94717559114842e-14,3.1017364231752857e-13,2.516362156530941e-14,0.6765989767212887
5264,1.405938923116871e-13,1.6121925827819366e-12,9.85653302456291e-14,0.6724749197252095
5265,4.4043559070333795e-14,9.981608390252977e-14,2.594377245729541e-14,0.6824383390427101
5266,3.285290812767005e-14,7.987022585952971e-14,2.1873070731595528e-14,0.679756818927126
5267,9.009519539147646e-14,3.471329908637571e-13,6.585890640755961e-14,0.6925604932010174
5268,1.0393166899972712e-12,1.2936443763305106e-12,8.618865623624277e-13,0.7204826736357063
5269,1.2009556533065762e-13,1.5445772569839088e-13,5.576231997560868e-14,0.6852188383752946
5270,1.1579352229700816e-13,7.274829899694343e-13,4.5463036748864634e-14,0.6771090822585393
5271,5.857076742528118e-14,1.4573227941915886e-13,4.5035686508136286e-14,0.6741951594187412
5272,1.817713473469168e-14,2.5497362633734207e-14,9.424367591251815e-15,0.6828806174511556
5273,1.9252606673090776e-12,5.674151261279688e-12,1.1180005791103804e-12,0.6406091494645807
5274,2.6486731737664297e-13,5.226734107557634e-13,7.052346017806608e-14,0.6889287275029347
5275,1.1135133800164236e-13,2.0411610831218547e-13,1.1248066548224053e-13,0.673983220156515
5276,3.5269631263804136e-13,1.1491042235151377e-12,8.426127557581058e-14,0.6922170625417493
5277,2.843686400122793e-14,4.408950312913921e-14,1.4052573367411747e-14,0.686994336929638
5278,7.706115039781473e-14,4.874608044255628e-14,4.808405135898321e-14,0.6862890267395414
5279,1.530730742079476e-12,1.3938591859468947e-12,1.0291265816851056e-12,0.7179722287226469
5280,1.7012092183995003e-13,6.339276651454801e-13,7.710179721547311e-14,0.684421079652384
5281,2.150165063045301e-13,5.081198130497887e-12,2.8341075837417056e-13,0.6610569527168991
5282,2.1365847315293206e-14,4.2827441250780313e-14,1.742912787622692e-14,0.6846042218385264
5283,6.257864113233632e-13,1.0009363424560883e-12,3.479443314652322e-13,0.6903806527843699
5284,1.8362178640587104e-12,1.6997573723375075e-12,1.4345020991355024e-12,0.6989203516975977
5285,1.0003841338823322e-13,3.656418236392576e-13,9.227476280170818e-14,0.6634411467151949
5286,2.2218974621636698e-14,5.90116027807645e-14,2.1814097300581546e-14,0.6883704106905497
5287,1.258495044828559e-12,1.6753829028446678e-12,1.0856584812427393e-12,0.6901712194085121
5288,1.3412892357725e-13,5.977030143224402e-13,1.1282675772923694e-13,0.6270386147749377
5289,3.4160517907213617e-14,4.753946962441223e-13,3.0139970634858536e-14,0.683043011877453
5290,5.1996457547430555e-14,5.5481979803706e-13,5.234295911499777e-14,0.6726131083036307
5291,2.845606634189487e-13,7.073389983478373e-13,2.5749738861132424e-13,0.7145663901232183
5292,9.62269310529985e-14,1.9137574852155396e-13,7.04679075410097e-14,0.6615648917679209
5293,1.9833957758372245e-13,1.4480946579262013e-12,1.9045405574237488e-13,0.6905017318495084
5294,6.761892321868864e-14,7.340464064853999e-14,4.969458712271562e-14,0.6883421880425885
5295,1.3616554715594226e-14,3.2761857722171934e-14,8.366234736738189e-15,0.684145391144557
5296,4.082090829677664e-14,8.598378860728162e-13,1.8839799224392885e-14,0.6694790872687009
5297,8.280639678995803e-13,2.1993581906096625e-12,5.479720956609101e-13,0.7111066323355771
5298,7.909052598177289e-13,7.345551486082533e-13,3.3313215914381574e-13,0.7038897369755432
5299,1.9852252486708054e-13,3.6581082574863764e-13,1.3969461551680125e-13,0.6695362185593694
5300,1.9353749702166718e-14,2.6035606375357412e-14,7.82609601334281e-15,0.6815546556317713
5301,2.7809790540331315e-12,5.14656670823946e-12,2.262713437452681e-12,0.6989955027936958
5302,2.141219666356159e-12,1.1365538776973586e-11,1.2600647924962148e-12,0.6846912243636325
5303,5.969374073192239e-14,4.795669015250953e-13,3.5738539434620876e-14,0.6703008877462707
5304,8.181928564193043e-14,1.2629436821786133e-13,3.2434051212569896e-14,0.7049019041121938
5305,1.1534246787571286e-14,2.649088271297716e-14,3.912245086082857e-15,0.6807516081957147
5306,1.5767539157331706e-13,7.27926766065797e-13,8.182466263747094e-14,0.6853376597340685
5307,4.773437863872475e-13,5.087255891441051e-13,3.5658058453417796e-13,0.6883893643971533
5308,2.989471465879264e-12,4.129510167434017e-12,1.0077490937750045e-12,0.7285821840167046
5309,7.714047693222873e-14,4.656464699205128e-13,6.950653411136749e-14,0.6807569501921534
5310,4.1070493589949753e-13,4.325328974062764e-13,3.254399894160147e-13,0.7039189141825772
5311,5.512152602729858e-13,1.323291662768723e-11,6.856114800474684e-13,0.6833236356847919
5312,1.153961336641774e-13,3.5329961571989873e-13,1.283893056763231e-13,0.6768103204085492
5313,8.389247716209095e-14,1.875656889071218e-12,3.393255981655693e-14,0.6714368665823713
5314,6.775960062315151e-14,5.322437211113578e-14,2.0093075991977235e-14,0.6863240902137477
5315,1.0707680358907653e-12,2.6592577073925798e-12,5.625739311138426e-13,0.689060281647835
5316,1.5036806429328472e-13,2.8329040303033475e-13,1.2188426969430793e-13,0.6853594697138761
5317,1.4859500303376223e-13,5.853688378240888e-13,1.3718271110878006e-13,0.6702575299685123
5318,4.3527485068465027e-14,1.2257211940675143e-13,2.444367565394578e-14,0.6802259863878135
5319,2.1233096834878125e-12,1.1510143763775892e-12,1.4647668826279646e-12,0.6580756299430505
5320,3.160316869229883e-14,1.6109795662455875e-13,1.947481917208693e-14,0.6835776510532015
5321,1.1684399825524622e-13,5.422678979775679e-13,6.59192613234304e-14,0.6715462245163508
5322,3.500269836498304e-13,9.387593998682786e-12,1.9513694181966049e-13,0.6627228363824542
5323,6.050571221264479e-14,3.1617593990456996e-13,2.5891897693138008e-14,0.6845393417577725
5324,1.0042014206524368e-13,1.2781494300205178e-13,7.440048464423334e-14,0.6729962271288968
5325,3.4700160896747725e-12,5.918986063973853e-12,2.714103272374949e-12,0.7305505835451186
5326,3.521547669166449e-14,8.403540414548774e-14,1.3163087784260154e-14,0.6902866038493812
5327,2.0083473575398443e-12,3.733987701661848e-12,1.0624281826093535e-12,0.733879464911297
5328,4.5057260693338827e-13,2.8077639899884994e-12,2.801394559482044e-13,0.6960900944715831
5329,1.584126647730656e-13,6.498768389762764e-14,1.2003283530453565e-13,0.6957504756050185
5330,1.025512329154295e-13,1.3584695973633632e-13,8.14348853476601e-14,0.6824340443126857
5331,1.1286475900585914e-14,2.2680969003085306e-13,3.241248404341599e-15,0.6784701122087426
5332,5.6038164985762256e-14,1.737438833727213e-13,3.1153999847191285e-14,0.6948531065543648
5333,1.0791963571102474e-13,9.082157199168277e-14,7.005540073927417e-14,0.689484846580308
5334,7.966531819930525e-14,1.165072197431791e-13,6.381883607831818e-14,0.6839662787737325
5335,5.6370703309678446e-14,6.687362737390946e-13,3.2494034299320505e-14,0.6683321659860667
5336,8.004670666164134e-14,7.122419982906395e-13,7.158702131306469e-14,0.6720926070498535
5337,5.076150021353714e-14,2.5719417926293595e-13,3.0809654127513947e-14,0.6726770846784348
5338,2.965254693120434e-14,2.4011833626566224e-13,1.4249505748690073e-14,0.6831282070896123
5339,7.581042462034347e-14,1.0126909288231542e-13,6.182430994827529e-14,0.6746323324390687
5340,1.971347943652267e-13,1.6882185676486682e-12,1.0104177943511479e-13,0.6812028437678237
5341,1.0514594674862671e-13,3.2024477866265325e-13,1.0238275801965183e-13,0.6687766214599833
5342,3.965034505335525e-13,1.5574947998548072e-12,2.1971553140322005e-13,0.6852367075567599
5343,4.286839277195908e-12,7.505843250781923e-12,1.5227809943959338e-12,0.750991330621764
5344,2.2158317029000995e-14,1.6462282347575208e-13,1.1810568508462318e-14,0.6709468638378894
5345,2.8853789718053383e-13,7.62159957719534e-13,2.8714932707510773e-13,0.672953462426085
5346,5.926254065693589e-14,3.035310070595347e-13,3.752417314922557e-14,0.6857845730497502
5347,3.5489731705690603e-13,8.284119858160496e-13,3.0170836796107053e-13,0.6812597541837022
5348,4.569791348316023e-14,7.889048078222184e-13,3.490622072317466e-14,0.6741989340865985
5349,1.0571169414414685e-13,1.2527782386472225e-13,5.627714064610287e-14,0.6905783562629949
5350,6.817014097759021e-14,1.0952933871838742e-13,3.7487526543753583e-14,0.7029396430007182
5351,6.110042697076371e-14,5.580517695319977e-13,5.822869684368842e-14,0.6804505395004525
5352,5.906595725911164e-14,1.8123557355720926e-13,4.814390391938473e-14,0.6651682014868129
5353,2.253800766282442e-13,6.785758458616497e-13,9.606690190645289e-14,0.6902476926974487
5354,3.331431613868569e-13,5.312546654224128e-13,3.251919107745449e-13,0.6853313434519805
5355,1.297474691754996e-13,2.8523202902433894e-13,9.69548310572082e-14,0.6862660678219982
5356,3.2189730001707724e-14,6.98952042901801e-14,2.724287694585608e-14,0.689538774691755
5357,2.3684956479726966e-14,7.261047255572249e-13,1.8469431078384287e-14,0.6677199942234437
5358,4.069821013826572e-12,1.0745534674353494e-10,3.3298051473744435e-12,0.6679119833861478
5359,3.4355558546134586e-13,5.681275512724605e-13,2.1049241291315084e-13,0.7257291905814782
5360,1.7623141993945985e-13,1.8131248951007504e-12,1.5368408851646686e-13,0.6859004528494552
5361,7.047884830420112e-14,1.4618008912273476e-13,4.519816566600643e-14,0.6893455017358064
5362,8.10133125782854e-12,1.763099472561277e-11,8.045023188070235e-12,0.6594931383617222
5363,6.614699754860885e-14,6.285140970914099e-13,2.9832564917376845e-14,0.6853688633767888
5364,1.4003989340924866e-13,3.05960634728843e-13,8.787585529926323e-14,0.7012696076184511
5365,1.3310724898004302e-13,9.453377743592462e-13,1.1911874605407508e-13,0.6598314087837934
5366,2.093915588892084e-14,1.5846856812682783e-14,1.649341795854229e-14,0.6824706666287966
5367,4.595760388831837e-14,3.0553979478987126e-13,3.550566601709124e-14,0.6837596495286562
5368,6.140864523723292e-13,2.8019591531952236e-12,5.582082627598936e-13,0.716966669820249
5369,6.739894870800653e-14,1.5258149221952962e-13,5.97938643874039e-14,0.6813035139755812
5370,3.5967442976378056e-14,2.904975978494907e-14,2.194777439222435e-14,0.6747318645182532
5371,5.140925690844594e-13,1.8616831551963325e-12,4.4255959545687276e-13,0.6880304648540914
5372,6.348972429082064e-14,1.772708686767916e-13,5.701276817473048e-14,0.6843282779213041
5373,2.645993136597344e-13,5.46172393730559e-13,2.2066324719519682e-13,0.702284189965576
5374,7.309847644141203e-14,2.453021996102678e-13,4.658981125612696e-14,0.682860039838124
5375,3.9041369514393056e-13,7.127204466658131e-13,1.5577156788778906e-13,0.7274599724216386
5376,3.135576681491743e-12,5.8132739844917725e-12,2.8406911078428842e-12,0.7167892223689705
5377,9.231145114678901e-14,9.652832574125012e-14,5.2649696429361074e-14,0.6761290837312117
5378,1.0339081271790544e-13,4.1836909198919157e-13,4.388359716808002e-14,0.6855658416461665
5379,9.538285372636737e-14,8.307037187654745e-13,4.029751635192145e-14,0.6643500651494832
5380,1.187867041451857e-13,8.799462565016095e-13,7.624628910976171e-14,0.6896752665285021
5381,4.749654571747951e-14,2.801761645345797e-13,3.918727660082915e-14,0.6837216684536542
5382,1.9700684216823157e-12,8.307685547847334e-12,1.5888526588394957e-12,0.6851089579926338
5383,4.827533317302739e-14,5.953681392028497e-14,3.657778396666556e-14,0.6903709391888697
5384,7.296672751651672e-14,4.821592413547613e-13,5.548131343090517e-14,0.6825652040017303
5385,1.4032327532658629e-14,1.4135061635795508e-14,6.171568961180958e-15,0.6818482115922961
5386,7.041083041371739e-13,1.6042550020967944e-12,2.3647386449107625e-13,0.7462537526618689
5387,1.098497674260218e-13,8.84410396552812e-13,7.933364450504308e-14,0.6854198978515342
5388,1.491673447305248e-13,1.533291230929403e-13,1.0071404781101462e-13,0.703950909676496
5389,6.077900591972443e-13,2.4546329803276855e-12,5.385992351293518e-13,0.6759073333116248
5390,2.242797091106864e-12,3.975585208871065e-12,2.0522199962151316e-12,0.7543660823721439
5391,2.157181345057381e-13,2.6507747681919607e-13,1.1862072818041794e-13,0.7011210778029635
5392,6.03115394336295e-13,5.711888868742944e-13,5.199442234882578e-13,0.7195093797519803
5393,5.266728822155877e-14,8.144394404970611e-13,4.22054695535699e-14,0.6750308671616949
5394,4.335060312328958e-14,5.634935145094188e-13,1.3255827487666465e-14,0.6870998972386587
5395,1.4976435472713e-12,1.532397783843449e-11,2.501797658814723e-12,0.6568047369655687
5396,8.514826528231101e-14,5.909269025825327e-13,7.557272458227405e-14,0.6725176089006709
5397,1.6067350121004415e-12,1.3575446947754285e-12,1.0356479932894005e-12,0.6964136346476153
5398,9.601887521591539e-14,5.194321788849518e-13,7.877563640048212e-14,0.68438903389615
5399,7.445172342890187e-14,2.0842149422898873e-13,3.8223328661877284e-14,0.6842082034796476
5400,4.6324424758390885e-14,2.665265539643582e-13,3.777973650915615e-14,0.6640287371206796
5401,2.8336253034301586e-14,7.604340974959745e-14,1.6725851932300362e-14,0.683524634432979
5402,3.375453607366014e-13,9.747995183643797e-13,2.7742845169040056e-13,0.6955100555322133
5403,1.472780424477716e-13,1.7696419155646886e-13,9.539276497671885e-14,0.6914148379350081
5404,3.080545901744832e-13,4.418238202965431e-13,2.416194157492501e-13,0.681912928330712
5405,2.775878265603079e-13,2.2061200919472926e-13,1.8671280313055413e-13,0.7232684288406744
5406,1.169889425375514e-13,4.871361284515577e-13,9.583179380254632e-14,0.6889635363826528
5407,9.692037806849394e-14,4.828237654052045e-13,8.732642802529689e-14,0.6704215389472665
5408,3.6811951299169407e-13,2.2841441787587306e-13,2.6424241390200553e-13,0.7049658618518151
5409,3.378095936944e-14,2.0579338845452766e-14,2.834727017226961e-14,0.68288150196895
5410,2.334245911252946e-13,6.605202437307526e-13,1.8464602058226097e-13,0.6750716242939234
5411,9.389708421480947e-14,7.605327660645695e-13,9.955520604663027e-14,0.674532354940311
5412,1.5377781206222663e-13,4.087935206801813e-13,7.018269051787774e-14,0.6671768292610067
5413,3.9430553854050626e-14,5.341415461230578e-14,3.516847680573015e-14,0.6801060464698822
5414,4.205819396151222e-14,5.457576889085836e-14,3.588717008037514e-14,0.6808035260881298
5415,1.900930095775689e-14,1.3682286460748272e-14,1.0704427410945113e-14,0.6865863567974884
5416,1.7548940891588852e-14,3.0573114631760156e-14,9.60026107740449e-15,0.6781855523295235
5417,4.0139105867606064e-14,8.644636250280901e-14,3.754751973214134e-14,0.6833504277572502
5418,1.3286459703829997e-13,2.147166968096354e-13,8.879714871261027e-14,0.6990261839004234
5419,1.8121733768121545e-13,3.636271967477455e-13,1.1626372323393148e-13,0.695866832108004
5420,1.248346511729895e-13,1.494237236615033e-13,6.990411322844848e-14,0.6828575559775345
5421,1.4922610297019006e-13,5.623552460325601e-13,1.170356904998824e-13,0.6951468273706268
5422,2.127485126967131e-14,1.6834654436352197e-13,1.053822473004657e-14,0.6835095181886572
5423,7.732909106683817e-14,2.1469041303633202e-13,7.888084893283799e-14,0.66997153168777
5424,7.448465409908457e-14,1.4419929484346868e-13,5.279471835847266e-14,0.6826639712729957
5425,6.827615284625924e-14,1.0187702866412325e-13,4.904193520544666e-14,0.7009219814906829
5426,1.197523365798052e-13,1.6110771618547664e-12,9.37510984138082e-14,0.6635198824485997
5427,4.302759927606293e-14,4.3505688774905876e-14,1.931853729281013e-14,0.6819873003521935
5428,6.80167816916873e-14,3.360176691124523e-14,5.345986058348541e-14,0.683844925579615
5429,6.061482685091796e-14,8.377000198589767e-14,4.9723236476339515e-14,0.6804109856719152
5430,3.744975703606121e-12,8.26787232866849e-12,3.411665534680732e-12,0.6760340086300858
5431,1.461892539628499e-12,7.503506560528718e-13,1.0973607003387578e-12,0.7236412269761786
5432,9.409781935112748e-13,2.0130559249323146e-12,7.877899855087341e-13,0.7014568171114661
5433,6.526138879362351e-14,1.589379762505318e-13,4.1322893411296416e-14,0.7051747051998973
5434,6.955475758934144e-13,3.759052131252048e-12,2.596997945177304e-13,0.6689549302041996
5435,3.453876776363718e-14,3.306844851012028e-13,2.0323101278788182e-14,0.6820243021240457
5436,1.226147750138264e-13,8.177259795198844e-13,8.60613005583689e-14,0.6791306969302241
5437,6.731116338836304e-14,7.278982381528165e-14,3.2073804629570406e-14,0.6943757716391701
5438,2.5055742945810937e-13,4.414910465890333e-13,2.332000668021021e-13,0.6885892557562329
5439,1.6249533736383213e-13,2.4654483307704006e-13,9.793601781583457e-14,0.6831214053672738
5440,4.5145705592376094e-14,1.3249501296613318e-12,2.730623085737214e-14,0.658831765135983
5441,4.3667171572942566e-14,1.5167476327598053e-13,3.1327748670104427e-14,0.6674014753836672
5442,9.52729013658781e-14,4.427440280325187e-13,6.536441697185067e-14,0.6700899438292254
5443,8.179251132245594e-14,6.283371433913712e-13,2.4227192463037744e-14,0.6857725850306451
5444,3.932329361536009e-14,5.973879657688742e-14,2.907598612246044e-14,0.6896216310851742
5445,3.8016562926091193e-13,4.879836868921648e-13,3.3846441861342193e-13,0.6556630000704899
5446,2.7023754276376146e-13,2.3881102777341213e-12,1.4238589019640633e-13,0.6744703449890949
5447,1.823990057467439e-13,6.030956993673799e-13,1.286808679686742e-13,0.6736212825111579
5448,2.248847466168143e-13,2.372337209172564e-12,1.7618039144285843e-13,0.6717487531772349
5449,3.176771107640353e-13,1.5075480060947513e-13,2.400664413717717e-13,0.7251214818796143
5450,1.279044774606196e-13,4.0895957684367983e-13,1.0286203050562163e-13,0.678554786083987
5451,1.1868360176688772e-13,3.3447737078123267e-13,8.622841200438191e-14,0.6969113373197615
5452,5.889574263797892e-14,2.6185800085665207e-14,2.000117796969545e-14,0.6706403893098468
5453,2.1052817016590414e-14,2.0736364980667215e-14,1.160310288959057e-14,0.6814335075672716
5454,2.5606611876567684e-14,1.7717790892856182e-14,1.9475717030595523e-14,0.6800602952833288
5455,7.363557097360238e-14,6.316422411588351e-13,8.497389728101498e-14,0.6788670320529491
5456,1.7886426941735246e-12,1.5083838019778926e-11,1.2011131685143645e-12,0.6984678349108435
5457,6.563161873125537e-13,8.963136104113888e-13,5.493594100279444e-13,0.68109145250055
5458,5.639219973962569e-14,2.654721650318093e-13,3.659789931319388e-14,0.6665027946903137
5459,7.772912894677966e-14,1.169628013243724e-13,3.9459813027255074e-14,0.6845191086933482
5460,6.81139348990354e-14,3.906613763223385e-13,6.182857052801263e-14,0.6774064352968707
5461,1.6424543441983736e-13,8.52602512140918e-13,1.6034338240542895e-13,0.6868588882731274
5462,2.4748222994334145e-13,3.117825613746695e-12,7.11831833956868e-14,0.6771844419417903
5463,3.679610774283064e-11,1.8447574205698871e-10,2.3196424513129523e-11,0.6965139551844913
5464,2.567619382569778e-13,2.1161839068714077e-12,1.2798040218853431e-13,0.6629628348426195
5465,1.8071098036530954e-13,3.110695838334965e-13,1.6246779296132726e-13,0.684687717462657
5466,3.1504527778486082e-12,5.102017567197706e-11,1.9922028023361284e-12,0.6861811263428536
5467,3.7488174574111693e-14,5.249375714234482e-14,1.8391475436344533e-14,0.6870358134969138
5468,2.1066401796357626e-13,5.5477232823234e-13,1.145478696673911e-13,0.6622945394716225
5469,4.543772497141185e-14,1.0543871276452549e-13,3.092204527237816e-14,0.6844156028120778
5470,2.226596251958123e-12,2.2288217213188992e-12,1.4874886214186355e-12,0.7140468063531443
5471,7.835676723539921e-14,4.263496193001798e-13,6.488500432504192e-14,0.6693724175711395
5472,1.0078940545897659e-12,4.780053085394725e-12,4.1750444265095967e-13,0.6789694621111266
5473,2.3397503142098575e-13,3.7338137331017866e-13,2.100714591192082e-13,0.6879111709888093
5474,5.403514462125524e-14,5.2947720699843554e-14,2.629895160545284e-14,0.6829225476947614
5475,5.183534334654061e-14,1.0336709165555156e-13,3.6253162433866754e-14,0.6816209909797181
5476,7.772960971388897e-14,1.6193665079160223e-13,2.4395069655463898e-14,0.6827776157471817
5477,1.3676024369628263e-12,4.002203663215469e-12,8.223706275044322e-13,0.7037452265503816
5478,3.550483964440253e-14,2.3529879641217213e-13,4.059338107096489e-14,0.6732346306322142
5479,5.1607503476359876e-14,7.457170723229451e-14,3.3518206307637836e-14,0.6870718826830853
5480,7.13888631044369e-14,6.031730949405204e-12,2.496991410551993e-14,0.6574098358571063
5481,1.7594686237595829e-12,1.3831913786431673e-11,8.216082004762108e-13,0.6902288589684759
5482,9.013152108057827e-14,8.247988982842638e-14,6.381886172644162e-14,0.6936771171633154
5483,1.4059374785143343e-13,1.895456486156095e-13,4.873480245250498e-14,0.6952644937322475
5484,1.0147527483872872e-13,5.780166848434715e-13,6.392264330027528e-14,0.6862278663262259
5485,1.4636233392052792e-14,1.775836005870428e-13,7.266688971089986e-15,0.6746813927893527
5486,6.855617192884526e-14,1.358315151080821e-13,4.890970227771762e-14,0.6850941640150268
5487,4.460470122341714e-14,1.2552365272864583e-13,2.708684347934826e-14,0.6709263653145172
5488,2.2825194827098883e-13,3.6803682786332795e-13,1.2383838047845423e-13,0.6955381668230984
5489,6.183416017006857e-14,8.235444956887916e-13,5.087557913478429e-14,0.6795045477512758
5490,3.143630782562029e-13,1.1405404427862669e-12,2.385106074552292e-13,0.6650093219504924
5491,2.1536134349244883e-13,6.116709085052975e-13,8.350201292155454e-14,0.7329291922040284
5492,5.341474246595603e-13,1.3498305677054248e-12,2.0241709300243544e-13,0.6884683998767287
5493,7.69342855908223e-13,2.5544846178872917e-12,4.059947540691171e-13,0.7001518817967736
5494,2.9137403200046754e-13,5.3183460801576044e-12,1.2659200787777115e-13,0.6908001162286382
5495,3.817004289278627e-14,3.6223980493431366e-14,1.2676335185840134e-14,0.6793715677165892
5496,3.650962187428386e-14,4.701447367611902e-13,4.290388118278166e-14,0.6729853031458333
5497,3.060458860788794e-14,1.0834087214955199e-13,2.717747265756783e-14,0.6850055622926448
5498,1.644627910914025e-14,2.911629772044385e-14,8.656067895458451e-15,0.6815617875079625
5499,6.102248580099039e-12,7.238579465658878e-12,2.6119651767061265e-12,0.7051895259763115
5500,9.79886230189542e-14,6.35735817359908e-14,5.87935351399815e-14,0.6922533874167129
5501,3.38414005787464e-13,4.124843065518745e-12,2.933620955121918e-13,0.6712737411638955
5502,5.383570385281403e-14,1.6515205426898055e-13,5.619414946534952e-14,0.6741550425300374
5503,1.0331877166181163e-12,1.7452377635317792e-12,8.840981097986956e-13,0.7130203107837587
5504,4.61981449188272e-14,4.644927827900974e-13,2.3918499249462806e-14,0.672762197238626
5505,5.6311704523793314e-14,2.661558854275695e-13,3.490976906579299e-14,0.6664731395168928
5506,7.099407724305092e-14,1.517789676578227e-13,2.7364396721285676e-14,0.6867882966063916
5507,1.5738416357074764e-12,4.718245400284864e-12,1.9351597418866227e-12,0.6814829447888769
5508,3.268888675107011e-13,2.806162342865808e-13,2.138270875447929e-13,0.6796074443380349
5509,6.650487151658577e-14,3.018710525953935e-13,6.666414840749845e-14,0.674164664541604
5510,4.54030917402893e-14,7.653491697003686e-14,2.4286735754530263e-14,0.6837495111802128
5511,7.071616130938094e-13,2.5311420218952842e-12,6.315177846605873e-13,0.6824135266011581
5512,1.9456684367238397e-12,1.7211548093322334e-12,9.96042206536608e-13,0.6809601203829516
5513,8.250783996275403e-14,5.810115321760419e-13,4.5627412334711766e-14,0.6778773853671737
5514,2.5537459768096975e-13,3.3965588474000196e-13,1.9970561982347365e-13,0.678064795472892
5515,2.565162216727166e-13,6.529865388856233e-13,2.0946458901057778e-13,0.6898558044398669
5516,3.957951860603111e-13,1.3750490833948448e-12,1.8981928632649318e-13,0.6723462902125903
5517,6.660131229627458e-14,1.8166492632074584e-13,5.34567068648704e-14,0.7007459989516065
5518,1.2927864757804792e-13,7.943583121197975e-13,8.107858068586236e-14,0.6827994556806516
5519,9.065673841644595e-14,3.5148090612286117e-13,9.75786633032831e-14,0.6783647152304184
5520,4.32646575335078e-14,1.9655558623228788e-13,3.836421694613106e-14,0.6902254608052317
5521,3.725346015423207e-12,1.877939380956755e-11,3.985905783706542e-12,0.6686414938652888
5522,1.1952355208738789e-13,9.821404896270217e-14,4.6387772648007944e-14,0.6832716158940457
5523,4.773467700496511e-13,5.782161686378645e-13,1.964642022080901e-13,0.7534595369361341
5524,4.650006328200301e-14,7.621167688712409e-13,3.9623997197793164e-14,0.6656327517761383
5525,4.193630341709294e-13,1.3099257676062667e-12,2.424811153845127e-13,0.6618611350568244
5526,6.065341712106013e-13,2.1238165492510548e-12,2.4716024221409253e-13,0.6641782704857178
5527,1.5722893897542523e-13,7.406185306612239e-14,6.401046615681911e-14,0.6861533338029403
5528,8.610283390718222e-14,6.096669066916875e-14,7.358458243755048e-14,0.6805174209410325
5529,3.2364088456663906e-13,3.244557023675796e-13,1.863872564656425e-13,0.7056592095876113
5530,7.355019918517203e-14,5.72867614620176e-14,6.425236807189067e-14,0.6752290851611178
5531,2.605641829101602e-13,2.748762698362026e-13,2.200678351316929e-13,0.6916483208769932
5532,1.4104375293610244e-12,8.847349456923215e-13,1.0279796537046896e-12,0.6232559867261444
5533,1.0164524255218243e-12,9.002090023209514e-12,9.73795269780107e-13,0.6847185443271883
5534,6.889896960752261e-12,3.8672231271582785e-11,3.975595843247296e-12,0.7096940374816768
5535,2.5868415850943197e-13,2.710319007214415e-13,1.4942108819443085e-13,0.6910681068315171
5536,2.1019304870074736e-14,1.7072132809125837e-13,9.127610823510466e-15,0.6834781099867542
5537,4.6519746105403475e-14,3.9211067702989316e-13,4.0336864399526644e-14,0.6862607322866097
5538,2.2329973683452063e-12,7.625493823194841e-12,2.006607997377727e-12,0.7030562762869522
5539,2.454346980007232e-14,2.1859463400185262e-13,1.7852820978906236e-14,0.6873358386626933
5540,6.813676299831202e-14,2.427516411321583e-13,4.6071126526627465e-14,0.682968782284297
5541,1.1262055329185289e-13,7.017935025410201e-13,6.750233648621682e-14,0.6818994829372969
5542,6.909871670331759e-14,9.800083582482973e-14,4.778954582192079e-14,0.6904449747526087
5543,3.369815081901024e-14,4.148616014507171e-13,2.6680658266992104e-14,0.6833146319491789
5544,5.781694916316227e-14,1.2687221041066893e-13,4.351444900488637e-14,0.6842070203798357
5545,4.05638441978921e-14,5.115798487381123e-14,1.6905865988288436e-14,0.6822857230494265
5546,9.87493426594839e-14,3.31970440882054e-13,5.095448389293966e-14,0.673972837754991
5547,1.484731620014727e-13,2.2374553060115643e-13,8.48900196124595e-14,0.6924710612976923
5548,1.627347579328593e-14,1.419707705629839e-14,1.1262752522494514e-14,0.6812743091024458
5549,2.6541272127191298e-14,4.619676692045868e-14,1.3821734745594461e-14,0.6863878330681473
5550,8.343348877270812e-14,1.71842014388499e-13,7.032364025747813e-14,0.6842524406616576
5551,7.326113303346931e-14,3.1653742764657266e-13,4.9981199524173614e-14,0.6842104128329083
5552,1.962160008158615e-12,6.340062662675899e-12,1.565889891965108e-12,0.6924921376863494
5553,5.569663361547904e-14,8.27346573682985e-14,4.1596802155668184e-14,0.6744698218768462
5554,6.72841917634611e-14,9.223944258154806e-14,3.246583312170048e-14,0.6749538866162765
5555,4.661543974861914e-13,7.020170048035423e-13,3.0421007300127246e-13,0.680518230405869
5556,9.718162986714172e-14,6.442070947266736e-13,1.0495959071886227e-13,0.6717824955936521
5557,9.88297533964027e-13,2.3694615930373623e-12,7.659856738631804e-13,0.7082299244590103
5558,3.1073366000973246e-14,4.2744253216403454e-14,1.988233402967369e-14,0.6826600630651228
5559,5.727125920047023e-14,7.057270801329126e-14,3.156779012312615e-14,0.6948506951681338
5560,2.2232998288639355e-12,4.177687457097492e-12,1.2513407530051048e-12,0.679625588201452
5561,1.1619034484133717e-13,1.7084021117029048e-13,2.669322944879217e-14,0.6813077073195017
5562,4.1777703270309225e-14,9.529139900557986e-14,3.459312043517509e-14,0.6834823791519739
5563,1.1232328578847529e-13,7.252633689628421e-13,3.3939562763555486e-14,0.6819297961192206
5564,3.98780890650743e-14,8.259215827037046e-14,3.113040539616343e-14,0.6830214489542413
5565,8.814814257239138e-14,3.11916582044211e-13,4.422526145271243e-14,0.6890921824960969
5566,8.141623532522624e-13,3.930584743796931e-12,7.066930491959697e-13,0.6439112497551832
5567,3.399861274963666e-14,3.371030970861508e-13,1.5617791010276766e-14,0.6723219048260944
5568,1.520241580495153e-13,1.7520135785951985e-13,4.7853528801651264e-14,0.7012806689133868
5569,2.1930511626844563e-13,8.253514897802368e-14,7.404979297524349e-14,0.6827371644845698
5570,1.773982192117164e-14,1.0239606663601706e-14,1.1882878426568111e-14,0.6800015401211568
5571,3.7824798625221706e-13,4.606835622995015e-13,2.413228713270722e-13,0.6851468576409389
5572,3.640310637946427e-11,5.2266855029713205e-11,1.596533036149624e-11,0.7393189660739153
5573,4.3913737149221115e-13,7.790310570412446e-13,1.576914672705373e-13,0.7398044450907036
5574,7.546047678911172e-14,3.5108710263173355e-13,5.012265440899336e-14,0.6640931341273244
5575,2.3188032436304796e-13,1.6903654763811875e-12,1.6964835128192802e-13,0.687914081645431
5576,6.931486403950452e-14,2.697641341906884e-13,4.414122003260826e-14,0.6962147475103848
5577,3.127289324765204e-14,3.332643001761671e-14,1.9472677888494942e-14,0.6733618776139337
5578,2.953194374979232e-13,1.5793217585403738e-13,1.51305863837328e-13,0.7015063147409819
5579,4.055595773908726e-13,1.56133567968397e-12,3.2010613253283124e-13,0.6895054516789969
5580,5.0651321549688925e-14,1.6745913575325736e-13,3.399884294132543e-14,0.6417033632489619
5581,3.65994180874181e-14,2.0049382116202375e-13,1.1271226766480188e-14,0.6792402315069921
5582,1.1038274669441707e-13,1.2626851906740491e-12,2.7441035128304624e-14,0.689756727166241
5583,1.6307728301131955e-13,3.9012575523388344e-13,1.6240264324888143e-13,0.6747811113600619
5584,1.441677840690519e-14,2.2176237733797362e-14,5.8808229008546624e-15,0.6814816435216926
5585,4.333936932532249e-14,1.468157436883866e-13,1.4009403348182316e-14,0.6836817894130945
5586,1.3859376310211044e-13,9.273292858798854e-14,1.1179423882520263e-13,0.678847949084593
5587,8.80319554434997e-14,1.420095470243e-13,6.21745475990778e-14,0.6904114878096153
5588,4.539589204743967e-14,1.8939155641430739e-13,3.533557703900702e-14,0.6883611991477665
5589,2.3255745446297485e-14,4.7731432569013856e-14,2.0463286953431676e-14,0.6837803435977549
5590,1.2840109395747452e-13,2.7480633661782175e-13,9.99730472323235e-14,0.7004775672336109
5591,4.139635530676145e-14,3.9303459631970177e-13,3.997406348655437e-14,0.6797676166403107
5592,2.7623064915702857e-14,1.3310464733198694e-13,2.922917248250135e-14,0.6783370074059348
5593,4.910293298075947e-14,1.4827568853251067e-13,5.884146246661926e-14,0.6833633585483767
5594,3.896180266711594e-14,3.453846554587133e-14,2.286775338417792e-14,0.6872250689135398
5595,6.828560218258504e-13,1.877951439753916e-12,4.4828485000146504e-13,0.6416541677463101
5596,3.210963084718132e-12,8.09692355527771e-12,3.4468902623140898e-12,0.7623234842903912
5597,1.662179808004237e-14,5.567972951074953e-15,1.1004962381814047e-14,0.6809323339082767
5598,9.415059452644539e-14,1.1285535281669595e-13,5.417348293835683e-14,0.7089821891509928
5599,1.9173816343070892e-13,1.4220439253502204e-12,1.622127565999215e-13,0.6759782141249161
5600,7.932216785231198e-14,1.1106368257275663e-13,4.5764782607185673e-14,0.681224160711281
5601,6.998135466375316e-14,2.0332802353016467e-13,5.66351665194913e-14,0.6879085233435035
5602,1.1240884571979395e-12,3.304947541757871e-12,7.597496430316224e-13,0.6702055587316863
5603,5.11270742259701e-14,6.898071273147433e-13,4.5126924275493305e-14,0.680191429052502
5604,1.5130368691265295e-13,2.875649226598707e-13,1.2351518405127436e-13,0.6949264563038013
5605,8.807503334054036e-13,2.1409525114657996e-12,6.158735383738763e-13,0.7094913298613392
5606,1.5323535197792064e-13,2.513100770262642e-13,1.2024344479465585e-13,0.6811740059696604
5607,3.6317900611144114e-13,1.9234217537147568e-12,3.701641864447214e-13,0.674246143019991
5608,1.9971753656947732e-13,1.265139779903947e-12,1.8166934149394934e-13,0.681725374556845
5609,9.815236936975704e-14,1.593249652685438e-13,7.183069726761598e-14,0.6805983190541156
5610,4.967917789171726e-13,6.007469057946775e-13,4.614964801290168e-13,0.6974042934249155
5611,1.526677983559574e-12,1.713131252833854e-12,1.2007032049883728e-12,0.6256194305780809
5612,3.4766405162719674e-14,2.2850900117424837e-14,1.7220669007234038e-14,0.6780009809532203
5613,2.8121465057509004e-14,6.364613290139204e-14,7.151262630729235e-15,0.6815781748329754
5614,1.088311904639489e-13,2.1279363929936807e-13,7.59532130425422e-14,0.6901529977330938
5615,4.098035563965729e-14,6.876929635469968e-14,2.6500951745608176e-14,0.6785761714098044
5616,4.67543136973564e-13,8.494434916992019e-13,1.8510534093199088e-13,0.704958054726012
5617,1.932843199490161e-13,3.887452287934694e-13,1.488218019299478e-13,0.7146773683140054
5618,1.6191445799261584e-13,4.046663013560345e-14,5.345420304196593e-14,0.6998976196395233
5619,2.1210388261198647e-13,2.101276168146411e-12,1.9732748102236573e-13,0.6881670701724942
5620,2.8484001366433747e-13,4.971960132471469e-12,2.605440621483977e-13,0.6760879088018555
5621,3.648989836464322e-14,4.094532747240082e-13,2.5600798233741507e-14,0.6727944668353303
5622,1.1260098391963369e-13,1.3685697673921262e-13,7.657943269170554e-14,0.6817763405211735
5623,7.132084284212215e-14,4.2032200390317063e-13,7.011664180064029e-14,0.6816247164271771
5624,5.329296935982768e-14,1.1699630732064212e-13,5.1031239389504814e-14,0.6859196945850272
5625,8.879478817535541e-14,2.9132764946132633e-13,6.232057885624144e-14,0.6671005161915673
5626,7.392625058040115e-13,2.013083824560196e-12,7.030855342346271e-13,0.6902861279959325
5627,2.8334687619822562e-14,3.5154644879866235e-13,9.736075041301603e-15,0.6729186038806801
5628,8.373994144634775e-14,4.402072996199347e-13,5.855274612762761e-14,0.6749507811386138
5629,3.594859770259591e-14,2.415644342978875e-13,3.336229460596066e-14,0.6709780192497419
5630,1.9387902428858726e-13,3.8080216707508885e-13,1.5334931884190725e-13,0.7098838301724755
5631,5.451619561691717e-13,6.034645185321312e-13,4.803972682748016e-13,0.692362220492214
5632,4.152124540727217e-13,4.780786281404291e-13,2.9967381986060686e-13,0.6830951603420544
5633,3.989805347020178e-13,3.1838272384505293e-12,3.9958469355435516e-13,0.6902220082236454
5634,7.310578980733889e-14,4.434106968252685e-13,4.758946045576283e-14,0.6881419434910641
5635,4.621590855268512e-13,1.6557949587651727e-12,4.508458915949437e-13,0.6933937808731571
5636,5.879794872938183e-13,9.412370730162186e-13,2.153175170011548e-13,0.7261143882991746
5637,7.986644243876599e-14,1.0356870280011348e-13,5.527678735650496e-14,0.6841704187914729
5638,3.1896148836477546e-13,4.292087664979539e-12,2.9901057778569624e-13,0.6647508542606374
5639,1.8791653750623977e-13,8.626394291076433e-13,1.5177574582961905e-13,0.6842300840828102
5640,4.1590046840142445e-13,4.1706349712119256e-12,6.362782384361475e-13,0.663028218850377
5641,2.2489063277279382e-14,2.1265193437323397e-13,1.3851360761152029e-14,0.6765339218662121
5642,1.689163851243392e-13,2.6599533624239664e-13,1.0744239747183765e-13,0.7118141224840656
5643,8.075647137015676e-13,7.782499643550915e-12,3.9714009337660567e-13,0.696573010663269
5644,7.762334496748609e-14,9.931282175027328e-13,4.9975361671498756e-14,0.6659913355892059
5645,6.509496212989658e-13,6.655544712227599e-13,2.8873114307788104e-13,0.699083954282105
5646,2.9186455115978823e-14,3.8288693054354433e-13,3.071288438742352e-14,0.6720954748161603
5647,3.419664922575448e-14,5.4549908600678473e-14,2.1918902980916787e-14,0.6824982700985857
5648,5.919598145960281e-14,7.087578527592303e-14,5.255312524255802e-14,0.676682214497123
5649,2.1254080173186648e-14,1.8325542919141908e-13,1.1610030011822005e-14,0.6753395618055947
5650,1.8408045133826253e-12,3.213088397797821e-12,1.7232565899227768e-12,0.7240501759573817
5651,5.076465584241583e-14,1.580601560291997e-12,4.153375513911591e-14,0.6691618342214497
5652,1.6638987111153983e-12,3.389024747095734e-13,6.478937122744068e-13,0.7579636456444859
5653,5.699559493373005e-13,6.964979356146795e-13,5.089228060454708e-13,0.6950835237512365
5654,6.033748269268809e-14,6.161634376095577e-14,4.3666870233554975e-14,0.6831722020520828
5655,2.6819510261910515e-13,4.371986103921061e-13,9.415738601333337e-14,0.6821429662406444
5656,4.2521766795043084e-14,1.1083164897616987e-12,5.806098576753686e-14,0.6578909894684329
5657,2.9576179087663387e-13,5.63204272915333e-13,1.1538384761087263e-13,0.7009903241530993
5658,8.802490176480081e-14,2.6543073680025976e-13,6.736964538032517e-14,0.6813997839286458
5659,3.5059133906285428e-12,8.945267513248377e-12,1.5356134268941959e-12,0.6904747433029115
5660,5.853535443621892e-13,4.713840029586343e-13,5.04037224743959e-13,0.6928576296544634
5661,4.27773402465563e-13,5.713552240011118e-13,2.893396831425374e-13,0.7141053664148785
5662,2.6464143646033983e-13,8.200451910607531e-13,2.400234901009051e-13,0.6465965712326579
5663,9.131348174626362e-14,1.889529111269002e-13,6.026645758663729e-14,0.6859107260184828
5664,8.590307832108419e-14,6.024583028682631e-13,7.839963462545617e-14,0.669347017374821
5665,2.127859817438998e-14,1.2413741106011234e-13,1.5094246715753853e-14,0.6842220335151069
5666,1.0871421597281507e-13,8.620785320635381e-13,4.809805861192134e-14,0.6787128566415049
5667,2.9614208784632326e-12,1.5740851351258495e-11,3.277212585163453e-12,0.6857520053046755
5668,3.579141072663278e-14,4.0056958996402195e-14,2.8753496752677514e-14,0.6798054795537609
5669,2.99405091491999e-12,7.736035335638403e-12,1.172185994569459e-12,0.6976101601263508
5670,2.666223348201404e-13,2.7946607143774e-13,2.327170815547053e-13,0.6778475473751314
5671,2.3423442919151367e-14,1.868018746856941e-14,1.7546108064564026e-14,0.6804549216409214
5672,9.50547473497007e-13,1.1857981216119532e-12,6.868815559902586e-13,0.7092005250276998
5673,1.7619660276184134e-14,1.6040820542482622e-14,4.475577425621008e-15,0.681039127445547
5674,2.1088957522777742e-13,1.1259736645807828e-13,1.0671850725596866e-13,0.6897025336278603
5675,2.106265594700872e-13,3.153043577589417e-12,1.5582219463554846e-13,0.6694385791488457
5676,1.0184156142710389e-13,1.7607603135053306e-13,9.531383274076829e-14,0.6830160221725237
5677,4.924909202498811e-14,1.257088994884106e-12,6.45892452398132e-14,0.6741064042027574
5678,2.5561504351629567e-13,3.7826614461448314e-12,1.234443214256367e-13,0.6935454165155533
5679,6.158115288426207e-14,8.414339544249096e-13,2.7869437341439538e-14,0.671133812633343
5680,5.999399962450524e-14,2.720355547036408e-13,4.36643155583359e-14,0.6763194341096096
5681,3.2753171550142744e-14,6.544293734714865e-14,1.746606778022078e-14,0.6845176452130545
5682,8.37601271937256e-15,3.0952648162672963e-14,4.184817966242935e-15,0.6828296364925336
5683,8.235267856827648e-13,8.375758912768978e-12,4.4627851117580985e-13,0.6768637769564521
5684,1.940592030495791e-13,1.6128966914921853e-12,2.2233361894769646e-13,0.6806206747773104
5685,1.6917510082973336e-14,1.9128199106629034e-14,9.393585853694628e-15,0.6797098530514631
5686,2.1560766198372208e-13,9.922267295166267e-13,2.5898495890502617e-13,0.6634388323058374
5687,7.301709566716999e-14,4.842558938185601e-13,6.359816069093847e-14,0.677156080986606
5688,9.766175469371256e-14,1.5631174598195656e-13,9.24321363716422e-14,0.6820119693758897
5689,2.8521915958381185e-14,1.7450833874568456e-13,1.7119325082679832e-14,0.6742622609657701
5690,3.587403024430198e-13,2.6770301434073524e-12,4.235829612281907e-13,0.6720455756847514
5691,5.713082297880906e-14,4.39028224892509e-13,2.087985529757019e-14,0.6781745338113978
5692,3.713024676862896e-12,3.549393681889158e-12,3.1188956132679757e-12,0.7225142170675098
5693,6.094230919545487e-14,1.0431250948400337e-13,5.089663157296455e-14,0.6817973838071338
5694,1.1352879449144884e-14,1.814230590856281e-13,5.3588098456314035e-15,0.6812054965237622
5695,9.2650325592604e-14,2.8946971572025725e-13,5.829869392752396e-14,0.675293244374916
5696,1.6150622421517274e-13,1.911019710812562e-13,8.103820138651606e-14,0.6834310210659169
5697,8.295180422911394e-14,1.5138434778592325e-13,6.277223641441691e-14,0.6839940934267361
5698,3.0505218876457444e-14,1.14567287564892e-13,1.345766626220762e-14,0.6842152013734448
5699,5.0421314431650177e-14,6.990028814128693e-14,4.5417451335790025e-14,0.6873339249345009
5700,2.9456495405018065e-13,7.745765976516754e-13,2.4345939116229895e-13,0.6983346603345126
5701,1.4833449269365825e-13,5.083033507064399e-13,7.389879500416737e-14,0.6847034429549239
5702,2.6085778791440107e-14,5.1292599670175035e-14,1.3240613894815736e-14,0.6773380416096189
5703,7.349746194006882e-14,2.974221616301381e-13,7.39317426666951e-14,0.6828145289910026
5704,1.9633083281256064e-13,1.3817801421951774e-12,1.409515328443575e-13,0.6727500649692957
5705,4.4652984876205027e-14,5.3522788808390594e-14,2.0104689845511868e-14,0.6842998295789584
5706,7.290220602300684e-13,2.271037105159641e-12,4.522350159409696e-13,0.6975766549585387
5707,3.445072991474987e-14,5.020962472763654e-14,1.491135043480678e-14,0.6802722634805832
5708,1.000901520416742e-13,3.046565484969697e-12,4.4788077037005014e-14,0.6601962745655328
5709,5.81320385043674e-14,2.5052594314558404e-13,2.697695488483028e-14,0.672570471977815
5710,4.6213968071592306e-14,1.3011790333807434e-13,2.975344934645688e-14,0.6853980171727017
5711,5.85199913468771e-14,1.092139021268455e-12,7.201573924761683e-14,0.6671052815305302
5712,5.35068795995529e-13,7.961352638569615e-11,6.048069206521817e-13,0.657706976449117
5713,1.0594425651572195e-13,5.116410290121494e-13,1.181425739031672e-13,0.6829252184834331
5714,9.091485764772546e-13,1.4328342514550528e-12,4.721232549143985e-13,0.7168647626414895
5715,3.940450880049131e-13,3.102056665211e-11,2.3418852951472143e-13,0.6590544410428265
5716,4.0717452208091025e-14,3.122309435007479e-13,1.903728846097398e-14,0.6835442008567043
5717,1.184971208182231e-13,5.678008851349594e-13,7.144978475070868e-14,0.7032082815188915
5718,2.288725364973179e-13,2.3262604409797086e-12,2.0834386456132988e-13,0.6724851286096964
5719,8.697601826814943e-14,3.0298760407102945e-13,7.907024591850429e-14,0.6902226072154007
5720,3.4870635585799747e-13,3.834078656717302e-12,2.6153861093663603e-13,0.6816681490279735
5721,1.196823209755401e-13,1.6921630567765857e-13,3.9196814288932965e-14,0.6882089582039044
5722,2.9109616533062533e-13,2.5548743669968047e-12,3.785611762049615e-13,0.6719356094981777
5723,1.417887002268551e-13,6.512680634744919e-13,1.5066724644174879e-13,0.6815462270053103
5724,7.681327700652969e-14,7.240866602814081e-13,7.358883172007242e-14,0.6862315601261798
5725,5.922184665629884e-13,9.972271587186474e-13,3.3854174582118734e-13,0.7418127780780196
5726,2.782099117808907e-12,1.196242623286958e-11,1.8942854724940178e-12,0.6871587027271744
5727,2.7898333614241425e-13,1.0910252399005944e-12,2.8186483020471077e-13,0.7063712449977174
5728,1.5433543484324917e-14,2.902477976739185e-14,9.015814880603865e-15,0.6816588613786735
5729,6.513076540264168e-14,2.1563083720589452e-13,3.871777402607732e-14,0.6992034996044822
5730,1.257039025178189e-13,1.383617496915748e-12,1.294927650371596e-13,0.6828942690917756
5731,1.3053348724434012e-13,8.878536760097174e-13,1.339421470769046e-13,0.6798139702936169
5732,4.526309952674878e-14,5.820082763491638e-14,3.341508124245492e-14,0.6843304487876594
5733,9.060199791235741e-14,8.62233034945784e-13,5.883093610113855e-14,0.6809783519071061
5734,1.4174557284278923e-12,3.7453657499023816e-12,1.2579635455352044e-12,0.6975476591731422
5735,3.5019947837670056e-13,1.3798110358951688e-12,3.242976855901172e-13,0.7143718686304055
5736,1.6979381673712335e-14,1.9563966024259416e-14,6.7495423778069485e-15,0.6863355264242272
5737,4.516371348623794e-14,1.794375292935686e-13,1.9564619251239752e-14,0.6823819854238536
5738,5.084243805791689e-14,2.211368581331776e-13,3.1447322641732834e-14,0.6827806364104617
5739,4.6959754644833316e-14,1.0415526291191317e-13,3.058969659484943e-14,0.6886604688421357
5740,3.929846913222269e-14,5.802540596681005e-14,1.6406591474578173e-14,0.6814566366490908
5741,3.882748352436315e-14,1.1691011251343347e-13,2.6438608682060792e-14,0.6788415433547925
5742,1.8067484357822636e-11,1.7689829226875062e-10,1.3156381375845554e-11,0.6966471579973585
5743,2.4541860751950616e-14,7.496580335156243e-14,1.965254556071489e-14,0.6817238314077259
5744,2.3033495695836956e-14,1.0864795503708126e-13,2.384678620194314e-14,0.6784783063514623
5745,2.5094551215285947e-11,2.063128430176389e-11,1.6804857359626968e-11,0.7327497503720224
5746,3.181988328038887e-14,1.5989711053864355e-14,1.6352943659738923e-14,0.6872686614340637
5747,3.448211259027345e-14,1.0694305129476869e-13,2.4734293397906637e-14,0.6787918866146356
5748,1.4146273897179064e-12,1.820755742218236e-12,7.289671343506631e-13,0.7488878319505602
5749,3.4711858054845434e-13,2.7388786274669274e-12,2.793228953224477e-13,0.6733497775247088
5750,4.821899892327044e-14,2.972783027557401e-13,2.443220615248498e-14,0.686077716620639
5751,8.53220515745904e-14,9.993490612928547e-13,5.008270816676889e-14,0.660294330411125
5752,9.937257493166193e-14,4.489098733833834e-13,8.510440954482868e-14,0.6773331514792517
5753,2.3911561266464407e-13,2.2092578907893887e-13,1.6935261480292447e-13,0.7120779743883758
5754,2.1098426347089637e-14,1.5864385836822686e-13,9.867997132406085e-15,0.6739505630161148
5755,3.221391788434816e-14,3.513307237598696e-13,1.2497006868505918e-14,0.685197060497012
5756,3.8100407368065023e-13,8.870344123795875e-12,4.645898764240866e-13,0.6564439859008416
5757,5.494870925113055e-14,7.72346089408213e-14,4.123571245293743e-14,0.6780855011893436
5758,2.296479268862434e-13,2.411642260000408e-13,1.5458473729137733e-13,0.6691986106394324
5759,3.3062330232535136e-13,4.126343343975051e-12,2.774612738044815e-13,0.6722332829551305
5760,1.938425311397706e-13,9.751300488378225e-13,2.1154134136985362e-13,0.7090798280201852
5761,5.2590732610246654e-14,1.9409781106637748e-13,3.233560749263907e-14,0.6883211669977755
5762,2.4618892716867165e-13,5.217429083251486e-13,1.9594226034870845e-13,0.6860902418440673
5763,1.48579039444322e-13,2.709194664450299e-13,7.117850213777264e-14,0.6619757658976596
5764,2.538228868404956e-13,1.0504649295249548e-12,2.4103505571175404e-13,0.6657487836288055
5765,1.373893742819096e-13,3.968639218102794e-13,1.2329687769032018e-13,0.6749055156542454
5766,1.3798388059341855e-13,3.3595340508130653e-13,9.440034613737332e-14,0.6848237390397116
5767,8.719377459091927e-14,4.856453834167356e-13,3.264539063265828e-14,0.6810778808430769
5768,7.234632982081742e-13,3.8497967335251025e-12,3.293180263629092e-13,0.6657590944436379
5769,5.914267259860878e-14,1.0515829163909959e-13,3.0839715696280125e-14,0.6815026818832848
5770,5.3640491767403786e-12,7.785131896958365e-12,3.192029008788897e-12,0.7027734143193811
5771,7.305024567847763e-14,4.3688569441017506e-13,5.908021503397011e-14,0.6748467116733081
5772,3.110595141669299e-14,1.831681495956719e-13,1.5941787800921225e-14,0.6845063304470387
5773,1.2044491610008268e-11,2.8130328892049027e-11,1.320248149669937e-11,0.7484960397239775
5774,1.3849904673226668e-13,4.579761665144289e-13,9.98191605269414e-14,0.6935255187563598
5775,5.566149870261977e-13,1.3855463581913965e-12,6.287169340690375e-13,0.6744779261061922
5776,2.270464459600728e-13,3.1211504424855964e-13,1.5625179369722517e-13,0.7053939930396155
5777,5.791413070376032e-14,4.335260899545233e-13,2.5045079080498154e-14,0.6774516799603589
5778,5.8602437718547e-14,2.1207708831067832e-13,5.1918416346893066e-14,0.6927307252888568
5779,2.091240536603032e-13,3.6433387854224253e-13,1.3414240274628615e-13,0.6834758996963501
5780,4.950218978013518e-14,8.794641021224181e-13,3.3970471521202044e-14,0.6685684590105666
5781,1.9861522667930785e-13,1.5404319862453058e-12,1.4540370840898922e-13,0.6949691507557872
5782,6.671134791705853e-14,8.335119150856273e-14,5.010390686030923e-14,0.675513683015015
5783,2.9239010750162354e-14,2.09862184134662e-14,1.9018653190309052e-14,0.6811459715652746
5784,1.3479981163282632e-13,2.201785638070893e-13,1.073100801392198e-13,0.699510961980559
5785,5.443060925801838e-13,7.810709735084518e-13,2.6595712868360356e-13,0.6822560911357869
5786,1.74276859218362e-14,2.5270361704250358e-14,6.77769494066228e-15,0.6826504182303325
5787,1.4271308088672414e-13,3.8020880038148745e-13,8.866274387805265e-14,0.6850126024452038
5788,1.062630451550828e-13,8.631056767906324e-14,6.230918829937261e-14,0.6776055078487844
5789,6.875661322083411e-14,1.309687846093279e-13,5.766130632093181e-14,0.7002568661118858
5790,4.3892983293829245e-14,1.3411012361297108e-13,3.1890498231344576e-14,0.6737226041150279
5791,5.643257740977653e-13,6.599785149531539e-13,5.687072033416213e-13,0.7181998799555004
5792,4.688658094041346e-14,3.5571694186799904e-13,4.778353677209545e-14,0.676037322107004
5793,1.2291330600754353e-13,7.745940191676364e-13,7.001287016286243e-14,0.6725346445804462
5794,2.7840944862938568e-14,3.251732396044208e-14,1.3819758657152561e-14,0.6846452142926864
5795,3.674132158201717e-13,1.4730647074119457e-12,2.771215850497901e-13,0.6847452746354975
5796,1.7707477656235117e-13,2.2690873591632823e-13,1.1182109405277038e-13,0.7077746893046424
5797,2.2384158566171048e-13,1.7561417998762677e-13,1.6849223332035217e-13,0.7091283729532734
5798,9.428386418010643e-14,2.651166088919668e-13,4.2438094417301376e-14,0.6907443388132378
5799,6.090132913670469e-13,1.134964608402223e-12,4.547785388145285e-13,0.6734491920797154
5800,2.3077183301111332e-14,8.827205559394084e-14,1.454179776032216e-14,0.6777947051625233
5801,2.9282711353971007e-12,3.9287086651653906e-11,2.0057202471990774e-12,0.6838425723661203
5802,4.897491011702185e-14,4.954736492584223e-13,1.5583014209076922e-14,0.6825600673793815
5803,9.262325824377385e-14,1.0647574123170079e-13,4.8313690679947086e-14,0.690310784894973
5804,1.2333411338549782e-13,2.9353668579905916e-13,8.339841322746286e-14,0.6867324245336931
5805,5.052669292218961e-13,5.258467937395156e-13,4.0607300817926946e-13,0.681358353892574
5806,2.3586085676401354e-13,5.660447967720773e-13,2.1679752863983446e-13,0.6616470489738276
5807,6.52658467225734e-14,9.617235711543197e-14,3.379640379991854e-14,0.6735433024412487
5808,4.659795102790496e-14,1.240603892124089e-13,1.3138775205298376e-14,0.6854566780035384
5809,1.9816049757369557e-12,2.1946189561382163e-10,3.882555918334531e-12,0.6597098089638166
5810,1.452867899002914e-13,1.7969884051134606e-12,1.3676827529852324e-13,0.6743891697376967
5811,1.01985295863116e-11,3.173439733260846e-11,6.565942580983501e-12,0.7398064152803272
5812,4.698927773224113e-14,9.220760161306045e-14,4.4294737366617715e-14,0.6927500566642266
5813,3.134069174742481e-13,5.357676780454784e-13,2.935493972655942e-13,0.6805541923968121
5814,4.71370300976396e-14,4.0472488726153077e-13,4.1393525434312903e-14,0.6690106684633065
5815,1.1651988266410434e-12,8.525885707275727e-13,7.994945156702162e-13,0.75185965616256
5816,5.521170976621541e-14,7.832385605619976e-14,2.631610903742867e-14,0.6908204261213541
5817,4.0382456830169847e-14,2.380884941973978e-13,3.600071922957302e-14,0.6732710036449134
5818,4.03370446098109e-13,2.1664214563700985e-12,2.0694204509654492e-13,0.6896806666569318
5819,4.103262367520921e-14,4.888960675992161e-14,2.6818907520300446e-14,0.6825964965391904
5820,1.489634645956359e-13,1.0326298960520056e-12,6.340563570583923e-14,0.6873473704152275
5821,1.8336231443007176e-13,3.165937947761485e-13,6.808780280903602e-14,0.7058339471928775
5822,1.9453858696146696e-14,2.6899721405463332e-14,1.4745151970189984e-14,0.6778887275257148
5823,1.1055322783473427e-14,9.75025264940934e-14,7.315572525943465e-15,0.6829545375541783
5824,5.450902084585989e-14,2.012197929937877e-13,4.30834899977833e-14,0.6767776163411326
5825,5.081532952972524e-14,6.191056152537502e-13,4.8350215769368395e-14,0.6751681033638306
5826,4.144277341481134e-14,2.394868296714028e-13,3.1421436666347954e-14,0.6807266598858405
5827,1.0940406267828287e-13,1.7221904860300403e-13,7.733051425591825e-14,0.6931821336329449
5828,3.9445994967873463e-13,2.6495304184339194e-13,2.8040052714420795e-13,0.6970822994480841
5829,8.154692110155207e-12,6.274418353652924e-11,7.35380658568222e-12,0.6830631712626201
5830,6.319424405069031e-14,4.250638969692041e-13,6.026936845632081e-14,0.6865236518089659
5831,2.6400122924652083e-14,4.540406119946084e-14,1.8256146588541027e-14,0.686021688306937
5832,1.5299729523212485e-13,2.788253667200139e-13,1.4352449906794532e-13,0.6793293166148942
5833,5.417485323208073e-11,8.390640107247412e-11,3.512771055146866e-11,0.7523894016165287
5834,1.6676969472156094e-13,3.4010813059507783e-12,1.858242022631584e-13,0.6646508585865376
5835,9.399097652656246e-14,6.504716532681759e-13,1.0719968323063471e-13,0.6624490116548258
5836,1.4436157932094053e-13,1.1750782995206924e-13,8.279427332009835e-14,0.7068214721279219
5837,4.057611250477105e-13,7.526170773312794e-13,3.321541419818613e-13,0.71591308824718
5838,2.966170914295643e-14,2.9569854708478334e-13,1.6739431258161577e-14,0.6712798802531325
5839,1.3288626448792985e-14,2.8970126670819304e-14,7.328322816409538e-15,0.6863793346972671
5840,6.945647929936004e-13,3.531456911170926e-12,9.11495993908759e-13,0.6287210368871456
5841,1.0408679910297638e-13,1.8512178879235166e-13,1.0257786977622055e-13,0.689763850037707
5842,8.586798948159778e-14,1.5238476926785964e-12,4.069920950891479e-14,0.665290851163445
5843,3.9512146262974424e-13,5.846569485538046e-13,2.523804958963287e-13,0.7022236029035411
5844,2.917596670533574e-14,2.7430741675442475e-14,1.569005857151553e-14,0.6900585216470063
5845,4.810373321704454e-14,4.1703600413531087e-13,5.309333738451293e-14,0.6718515957705676
5846,2.769534785034581e-14,1.2797232285396577e-13,1.4400511268395506e-14,0.6770510078524239
5847,1.0576462923655244e-13,1.065260368629922e-13,1.0252968252005779e-13,0.6790524825628381
5848,2.658696682781053e-12,5.360006091832689e-12,1.523608600435446e-12,0.699090390629135
5849,9.558211820483988e-12,6.056729085313137e-11,7.261063009347117e-12,0.6789734472229612
5850,1.5597126663275445e-13,1.2017140379587597e-12,1.057094935198381e-13,0.6729698177863611
5851,2.8366934617416054e-13,2.8444176139661407e-13,1.4552837339759253e-13,0.6849357990082353
5852,7.952086010952835e-14,2.415878009967057e-13,3.8698314498507304e-14,0.6696230352623388
5853,2.7440690968166083e-13,1.408628705137185e-12,3.173015577840742e-13,0.6670594158087624
5854,8.71560376557022e-14,2.2538558298906904e-13,8.297194248072604e-14,0.6830933156830724
5855,1.1962957764012486e-13,1.5607249270738194e-13,9.255149477745009e-14,0.6899324075609912
5856,8.795517017654736e-14,8.697337742375228e-13,5.1002798225640086e-14,0.6677250123524573
5857,1.0207628100334246e-13,1.6247955909704243e-12,9.316449643648616e-14,0.6701620365027339
5858,6.689284400780512e-12,7.381167008283811e-12,2.0455148820060863e-12,0.7138599695637822
5859,3.024197839457319e-13,1.1801330614179382e-12,2.2504625736231972e-13,0.6835065151273738
5860,1.5829343474552793e-13,9.213540526642767e-13,1.5200889643819875e-13,0.6699590755073587
5861,7.550374854144401e-14,1.4720700687973314e-13,6.269614117677539e-14,0.6680557868850883
5862,3.021102889911291e-14,2.8697981440669756e-13,1.66598831846988e-14,0.6846564820676576
5863,3.168302861256453e-13,3.0532885253786526e-13,2.8205424714189007e-13,0.691155478724977
5864,1.973356377025712e-13,6.2239263156628e-13,1.2272925033752359e-13,0.6758333134290296
5865,3.297870368072204e-12,9.049640786083303e-12,1.7591830790508714e-12,0.7117758674314245
5866,3.486193665425179e-14,1.703926128482015e-13,1.3479876940218173e-14,0.6795634085370693
5867,5.6311845207053216e-14,2.030927828491368e-13,2.5503648544750017e-14,0.6813426526437979
5868,4.228015263525697e-13,2.036516448394319e-12,3.5210084934145353e-13,0.677079276490258
5869,3.787374766607436e-14,2.181747791228446e-14,2.52683436150264e-14,0.6805590673990082
5870,4.2149576563993886e-14,1.0269891871901797e-13,4.345279464408697e-14,0.6804522211663425
5871,4.2156341269813175e-12,3.683259997897358e-12,2.478079344264812e-12,0.7158465309999883
5872,2.6040301634624738e-14,4.260182741321662e-13,1.2977620123378718e-14,0.674499818077311
5873,7.41984436433627e-14,5.067391899928058e-13,4.7938236753203835e-14,0.688632433564635
5874,4.833318210646592e-14,4.4288575302152625e-13,3.767785634867775e-14,0.6666600145632401
5875,7.517704755770593e-14,1.6967393477009478e-13,6.763468205234751e-14,0.6876206367916893
5876,6.710793811011924e-14,2.206430523241842e-13,3.2769235842887415e-14,0.6901511900650803
5877,6.072637156308469e-14,7.819150008998524e-13,3.412787339208547e-14,0.6706236670492217
5878,4.433288555566863e-14,1.282401228391599e-13,2.8145178982604707e-14,0.6717983929440379
5879,4.614136966958639e-13,9.663072814241898e-13,2.913880084089041e-13,0.690977860474959
5880,2.1792560675142577e-12,2.5741632481347454e-10,2.021618714503539e-12,0.6595592114696046
5881,5.790489947961664e-14,9.253084160441816e-14,3.930271034199174e-14,0.6885039975168183
5882,2.2647992258274426e-13,1.1410092218283199e-12,1.1315654005110503e-13,0.6913639471924398
5883,2.68384443034093e-14,3.458363588388361e-14,6.340480425396289e-15,0.6811031019140501
5884,5.89037759399809e-13,3.0997758809595276e-13,2.2908937503807114e-13,0.7053053225274197
5885,1.3271165279781474e-13,1.4258391803571333e-13,9.767392799427892e-14,0.688471690559527
5886,8.89787572117427e-14,9.770362183231206e-13,6.045242298144956e-14,0.6760812936292495
5887,1.1234649118541628e-13,3.894795792129744e-13,4.173150808150006e-14,0.6741303535469342
5888,8.380894621798722e-14,2.201598661904168e-13,5.836923325568094e-14,0.680416826007422
5889,1.252411483098519e-13,3.6337309526337457e-12,1.322308708020586e-13,0.6714550716336817
5890,9.721382014001832e-14,1.861175612390788e-13,7.275182864744673e-14,0.6749339933739975
5891,2.606915226934644e-13,5.698425315685457e-13,1.3797691790464633e-13,0.6856230197590776
5892,1.6497056543861668e-13,3.798001833004444e-12,1.481297020351428e-13,0.6590253909584135
5893,2.327077928571996e-13,1.0620135885002295e-12,1.1889823293185392e-13,0.6840616257104557
5894,2.9243000317745665e-13,2.110689928831605e-12,3.7802041006900284e-13,0.6599571011785883
5895,7.85298851791444e-14,9.839412292576616e-13,7.839326685301015e-14,0.6636973414861131
5896,4.0581020119359757e-13,2.160809871755538e-12,2.0161480086430724e-13,0.6609428628260503
5897,1.1564469934360232e-12,2.2903239847839066e-12,1.0637227605280465e-12,0.6739006565883756
5898,5.36088015520054e-13,4.5092783620778267e-13,3.6639020523515494e-13,0.681659677560674
5899,6.875874314047867e-13,6.692804025550013e-13,5.498162936920614e-13,0.697531099547632
5900,1.7688949939736875e-14,1.796065675162279e-14,6.021278666485709e-15,0.6823444923677016
5901,1.6708548972195974e-11,4.807537588885376e-11,8.366711329321435e-12,0.7033465715590864
5902,7.940667533676497e-13,9.183404586531973e-13,5.347071116149581e-13,0.6875575782672968
5903,1.5869405489288247e-13,5.827476018987134e-13,1.024797658334806e-13,0.6790280179062392
5904,4.890063785901794e-14,6.246923303740614e-13,2.398102358192388e-14,0.6778986836608965
5905,7.966754965521384e-14,2.281031305020813e-13,2.774655837659951e-14,0.690991829673294
5906,1.2814066571768651e-13,9.088231176044441e-13,1.1122918713477543e-13,0.6748523092479445
5907,6.386554842239197e-14,1.9700789625856057e-13,3.4775373858099843e-14,0.6793621023651213
5908,1.9403193409672626e-13,2.5172959599302887e-13,1.8540714297171135e-13,0.6830817243957427
5909,1.070516573831393e-13,3.0741969287886046e-13,6.181067849191268e-14,0.686349612637423
5910,2.212879452496961e-14,2.3208967874729315e-13,5.974442661650654e-15,0.6797236996295396
5911,4.615625623763887e-14,4.743645711013306e-13,3.1771544112523605e-14,0.6792391814931762
5912,3.3234771202594374e-14,6.155163490201005e-14,2.0396617557418383e-14,0.6907987342798151
5913,1.3522304705983556e-13,3.4497011445405154e-13,7.800817001284246e-14,0.683104787155753
5914,9.36010594850426e-13,7.772283815649469e-13,2.8748742009303556e-13,0.681486180232605
5915,2.0669111219017547e-14,5.5076716988502486e-14,1.040701902312285e-14,0.6772377731918823
5916,1.0632644332906759e-13,5.283816840661055e-13,8.879702955361079e-14,0.6826191225845832
5917,4.624848747024523e-14,2.2401348754291912e-13,3.546093597595783e-14,0.6835925589432008
5918,3.885826440722291e-13,3.0549398780674368e-12,3.135391148076964e-13,0.6863327296508942
5919,4.2952028515085365e-13,8.286702280543541e-13,3.2598654341369134e-13,0.6404485253675375
5920,5.753203486196925e-13,4.3237470304132954e-13,3.823961216693974e-13,0.6728964751353488
5921,3.3617955918277945e-13,7.564458888093475e-13,2.6282111755724153e-13,0.6202392461913405
5922,3.0672328426370423e-13,3.338893570406155e-13,2.5507145420582595e-13,0.6760723832878284
5923,8.874319615660647e-14,2.3174551328324516e-13,7.29069921113716e-14,0.6688030932535185
5924,1.8015154071875363e-13,2.41663809106989e-13,3.557819369156883e-14,0.6827680397080258
5925,2.9480532302641005e-14,6.095944342462268e-14,1.742804609557867e-14,0.6850990920444019
5926,8.400619921849195e-14,1.7529534161666352e-13,2.4341302277525302e-14,0.6960708439815789
5927,3.792626799343189e-14,2.9175802637034876e-13,2.0078055636691105e-14,0.6844251858827193
5928,8.891844474435793e-13,1.6210753149034281e-12,7.288291442601254e-13,0.7054232433671132
5929,4.361467314758475e-13,2.6995227369072057e-12,3.5793754810709374e-13,0.6960082465375308
5930,1.2822143424972603e-12,1.1277207489478939e-11,4.745407316134732e-13,0.6759071648993995
5931,1.2510257640168397e-13,2.125585325149662e-13,7.953701427051848e-14,0.6976015031919814
5932,1.0013650611767106e-13,1.8707538085849154e-13,7.190455136431573e-14,0.6716128805215703
5933,1.8768818288376355e-14,4.0810236605618993e-14,9.340116259361563e-15,0.6851335376733914
5934,2.5894153233434955e-13,3.3357339953517206e-13,2.2442860928296787e-13,0.6892770686477888
5935,5.091702128716144e-13,8.870353063334159e-13,4.336908601090426e-13,0.6936768686166033
5936,5.300458661659265e-14,1.4745180820515868e-13,3.624627430573513e-14,0.6753147569252178
5937,1.495982917992203e-13,5.032679509745887e-13,1.2513224492893876e-13,0.6708177866123151
5938,3.335881638913922e-14,3.0951640278217065e-14,9.902732711624065e-15,0.6798373631201684
5939,3.8017896189253523e-14,5.5446226973691164e-14,2.996352143614032e-14,0.6838296167436055
5940,1.9034347103253228e-13,1.262590682995763e-12,2.3107351488230364e-13,0.7036599126644433
5941,4.110284027226957e-12,5.84509886645266e-12,3.933893181495498e-12,0.7144048094050959
5942,1.4839900145133812e-13,1.2134782495114895e-12,8.6931525514611e-14,0.6868532892665826
5943,1.4104090424494418e-13,2.3342902770356813e-12,7.863635045610089e-14,0.6608977115858579
5944,4.3677048532714624e-14,5.067497697560351e-14,2.939127997669491e-14,0.6714700201235246
5945,6.252346943081399e-14,3.67798201606516e-14,4.076343641330616e-14,0.6809601162152831
5946,1.8499189636462935e-12,1.6442585725957847e-12,9.550064701403217e-13,0.6825855524104554
5947,7.749007530805696e-14,1.0784178970096538e-12,3.9917511976997196e-14,0.6833530336793047
5948,1.0557920489160415e-13,3.5067802621230826e-13,6.306836137993398e-14,0.7174689172999933
5949,5.44432374136317e-14,4.586250175787581e-14,2.428536555655307e-14,0.6938426792854443
5950,2.1409493881977232e-13,8.330032922670056e-13,1.6362249401495267e-13,0.6671878036751877
5951,8.949971473086892e-14,3.5941367948760586e-13,7.941906690377522e-14,0.6792283007816877
5952,1.4633524673100675e-13,4.0377889689864027e-13,1.0954039822097775e-13,0.6929661760572344
5953,1.0507111267370911e-13,2.634144301184173e-13,9.102464662767834e-14,0.6826345991517883
5954,6.179587291246439e-14,2.5206048983595933e-13,4.1282965975131656e-14,0.6804151077580173
5955,3.5138426604859337e-13,2.986568373181607e-13,2.9729203714918813e-13,0.68514745462453
5956,7.201699426217486e-14,9.392154654017787e-14,4.7020815478367244e-14,0.6871299999416806
5957,6.72100115666038e-13,1.477014700211676e-12,5.860459969684118e-13,0.6606536097708158
5958,4.4965684428312815e-14,1.1469478965243912e-13,4.178817018332525e-14,0.6767148065671791
5959,3.41418740547106e-14,1.5723228164286857e-13,1.7167773454247634e-14,0.6871582030493301
5960,9.534762787931274e-14,5.386043147510212e-13,7.897212338937864e-14,0.6783949758100789
5961,5.970544875091772e-14,4.02070443094923e-13,3.979954034101082e-14,0.6836303250398487
5962,1.0929546865665229e-13,2.344885907601074e-13,4.5189576488329634e-14,0.6900225643010345
5963,1.3618638951657386e-12,1.332189750652025e-12,3.832199348335013e-13,0.7460266597103328
5964,7.484874489474696e-14,8.317137086873772e-14,5.674233572890149e-14,0.6807231949875131
5965,7.394024930508309e-14,3.261808876618101e-13,3.0435878826909956e-14,0.6860221155744511
5966,3.9942893979643496e-14,2.8510726835230967e-13,2.6003449069690955e-14,0.6867033805581741
5967,2.3579695630345455e-13,1.514225454649772e-12,1.3676583300851454e-13,0.6845784097386058
5968,2.646243429387191e-13,3.5881925462065645e-13,1.541078182810905e-13,0.6670419734786265
5969,2.0767880274262526e-13,7.889566430168966e-13,1.235138897398699e-13,0.6884778288309462
5970,1.2080316819052264e-13,1.2499842226363496e-13,6.591202542878574e-14,0.701406769035384
5971,7.339644227385958e-14,1.6638592146435416e-13,6.124818944350776e-14,0.6822149438725319
5972,1.158486582695057e-12,6.723029928791067e-13,4.0450963244956804e-13,0.711672283289954
5973,9.201179573671893e-14,1.0087319495484826e-12,3.8544450893235545e-14,0.6915892648103181
5974,9.010892395487087e-14,1.181796478411242e-13,6.868109925739541e-14,0.6792928143870085
5975,1.819549655797471e-13,6.250008760985626e-13,1.3760844145305832e-13,0.6866131994000171
5976,1.2011881725010306e-13,1.1340074366047546e-12,9.066188900849337e-14,0.6628626896475908
5977,5.517092781313438e-14,1.2560347509480907e-13,4.362160270939384e-14,0.6815982981002889
5978,5.210745657984182e-14,4.1544250394121257e-13,4.9826931444831133e-14,0.6706550764414715
5979,2.5543328189859677e-13,4.3354958078395604e-13,2.212579088286928e-13,0.6795719959249255
5980,1.2328135689200184e-11,2.2057495430200338e-10,7.861129566624631e-12,0.6675028000026941
5981,6.414755938590423e-14,5.847322162299445e-13,3.2986896936461827e-14,0.6807914204138796
5982,1.2445282295820995e-13,6.914284380145081e-13,9.718997524584622e-14,0.69231232854072
5983,3.641764365387398e-14,3.2531601288696017e-13,3.311151081474342e-14,0.6774420387810096
5984,9.795221941419913e-14,2.1113807387648148e-13,6.408144466044673e-14,0.6123872037424007
5985,8.57742661906189e-14,2.940440356635178e-13,4.1200919052531386e-14,0.6958777111489326
5986,2.998310506453785e-14,1.3774412338074484e-13,1.0655265806275411e-14,0.6779016843705904
5987,2.472612055212875e-14,1.115559578322507e-13,1.778473581930594e-14,0.6812821551226079
5988,1.2414763936587124e-14,4.307436918797686e-14,9.566397223873573e-15,0.6823891572596039
5989,5.1989242177627544e-14,1.2887794587085207e-13,3.2551639251720636e-14,0.7023704483988695
5990,2.868895975163452e-14,2.493498291672972e-13,3.2195047613573027e-14,0.6955287543300074
5991,4.943579704827396e-14,3.4527549400204325e-13,4.029538891075859e-14,0.6822195302462205
5992,6.734368467858956e-14,3.6092598827278366e-13,6.321255084218621e-14,0.6854697411763482
5993,1.950025489743644e-14,2.2878413901749547e-13,1.6771670627939702e-14,0.6847656778583768
5994,5.980216396563669e-14,4.846075797171952e-13,4.172127636605214e-14,0.6952231272123754
5995,1.3118350807133926e-13,8.17902240038267e-13,7.383359019735695e-14,0.6779826940561179
5996,2.7451910562715514e-14,9.845739308320235e-14,2.5404903813542516e-14,0.6770775731711183
5997,5.849694208041033e-13,1.473379458723292e-12,4.649892488666661e-13,0.7482636754866689
5998,1.2490842828265777e-13,1.1029632371134005e-12,1.2149614629744982e-13,0.6661122181481914
5999,4.533665711612839e-13,5.6764973730942575e-12,4.972387716808458e-13,0.613637640797242
6000,8.788378208492191e-14,2.757248376753395e-13,6.968048816527745e-14,0.6754944966931362
6001,5.605021644242733e-14,5.389800599637964e-13,5.104798822131959e-14,0.688142385048559
6002,8.393361240094749e-14,5.3740488359621136e-12,9.684592044894565e-14,0.6632887636282249
6003,2.769625814880683e-14,3.362078721578736e-13,1.948113774694921e-14,0.6739926181558985
6004,3.6413254237121173e-13,7.316681556820285e-13,3.8902840243481607e-13,0.7065189491258934
6005,3.672231972270307e-11,2.83246694902394e-11,1.727119561630872e-11,0.6622135454555973
6006,1.2414225440832752e-11,8.519499617372398e-12,9.445816518375687e-12,0.742731459857896
6007,1.384831630615443e-13,7.381221736436775e-13,1.0306255019819341e-13,0.6853205534105655
6008,6.57453960686118e-13,6.809601929450672e-13,5.496153254412892e-13,0.685019728844054
6009,5.0684994855483044e-14,1.1791970321955365e-13,1.520085352595617e-14,0.6786819393513724
6010,2.612048447005497e-12,2.386195871537729e-12,8.118702456871556e-13,0.6818543068075087
6011,4.608059334663544e-14,5.613824698190899e-13,1.4009880895922961e-14,0.6799957618466579
6012,1.5268300523835832e-13,1.2409458531439042e-12,9.806515192341935e-14,0.6670438463421305
6013,3.643354839793994e-14,6.281363644534788e-14,1.9717694125091932e-14,0.696492015547119
6014,6.57542278762094e-14,4.2413325578017726e-13,3.0673047938926474e-14,0.6797638042015024
6015,2.5374902131581738e-14,2.0876157587879772e-13,1.76621398687781e-14,0.6847259945468978
6016,2.9960023241013195e-13,2.775848022344829e-13,2.1504981207591832e-13,0.723209154768847
6017,1.6852843745030905e-13,2.161704323030911e-12,8.28318075328699e-14,0.6779326574120205
6018,2.0797875760983094e-12,2.9997085555263484e-12,1.258862644114457e-12,0.6924499373417348
6019,1.754173849771163e-13,1.5528318037021217e-12,1.7976480555369339e-13,0.6897808924026322
6020,8.330906029372127e-14,1.5465419349190796e-13,3.418516114528227e-14,0.6563929746072972
6021,3.828022391512852e-13,6.698074645293396e-12,1.5714968813571224e-13,0.692181270144647
6022,2.0700166019652187e-13,2.0483002442600518e-12,1.1048372712505821e-13,0.6635987941437633
6023,1.4845118745209432e-14,8.266123522451182e-14,6.327416400535457e-15,0.674940238968702
6024,2.3462692267335477e-13,3.8834142091217474e-13,1.1806853254419115e-13,0.6940454259049147
6025,5.608678359433284e-14,3.251908106958186e-13,3.749339017974185e-14,0.6741054822748993
6026,1.0695182783928133e-13,5.057811084517484e-13,7.491715755570063e-14,0.6865189994743559
6027,5.1091436373351786e-14,3.2313145006301955e-13,3.758520217480391e-14,0.6677323999494547
6028,3.2847047031215e-14,1.1186732597019504e-13,1.9252541986508276e-14,0.6839671797759366
6029,4.7977470998892214e-14,2.3843351440047144e-12,2.7530207653490728e-14,0.6663391467212932
6030,9.435595070969135e-14,1.5512790192256744e-12,5.789203980316953e-14,0.6715130809549009
6031,2.5660454474117488e-14,1.9231366150217692e-13,1.9407447049531505e-14,0.6730209450994152
6032,5.5770396233914616e-14,3.088728955403407e-13,3.761192049228932e-14,0.6809508109232411
6033,1.611281264401222e-13,1.0355285699821239e-13,9.013432557323492e-14,0.6897916014364455
6034,7.178988176224105e-14,7.113995957113262e-13,4.326454937869063e-14,0.6607947880547727
6035,1.504751580748738e-13,1.6154235426511578e-13,6.070290454082118e-14,0.7151268417015672
6036,2.793588798246618e-13,5.005355713231294e-13,2.1978136908121311e-13,0.6670809694129275
6037,1.3787856625997802e-13,1.0578426543466269e-12,1.4025174235895888e-13,0.6660103400063235
6038,1.9302912887722591e-13,7.00157506348856e-13,7.605790426021225e-14,0.6871682591736317
6039,4.603228609126766e-13,4.176307208987604e-13,1.8038744288430186e-13,0.6979397029965184
6040,2.1699311308085025e-14,3.0721151669210435e-14,9.929620948617744e-15,0.6850508753443136
6041,4.280726093792359e-14,1.9318202224479434e-13,3.13537071327785e-14,0.6768770091352053
6042,5.26392071499598e-14,4.523037023177677e-13,3.6442217121626346e-14,0.6881273492821492
6043,5.578712898730474e-14,2.138263254569013e-13,3.209031132828991e-14,0.6776683679549024
6044,5.644804988929292e-14,9.33372358538701e-13,3.2023805861085944e-14,0.6922938091622199
6045,6.822851275911693e-13,9.817718061173748e-13,6.478311911864655e-13,0.6810398881440051
6046,2.4834418855295678e-12,1.087928152257602e-12,1.9235658904946617e-12,0.6826839256158564
6047,1.1354952285367723e-13,4.0190154470054156e-13,8.270608376229175e-14,0.6345237333429395
6048,7.061301601166751e-14,1.3791554722747244e-12,5.429340691066519e-14,0.6657599014462903
6049,1.3646250566352235e-13,3.855898379373222e-13,8.567093156887771e-14,0.6575203441869235
6050,2.8957931642350075e-11,1.728712740594092e-10,2.2834943460780227e-11,0.6800768234825227
6051,1.8892616153795647e-13,3.7651580205430335e-13,1.5786182182246592e-13,0.6820538939442485
6052,7.74556556494874e-13,2.1692240316593454e-12,5.623281167415122e-13,0.6968544782779645
6053,1.127533582056286e-12,8.5004935215726e-13,3.2489604947546596e-13,0.7030047157895751
6054,1.6222576884899996e-12,2.312906960773549e-12,1.057970278271563e-12,0.7103114676428959
6055,1.293475178142197e-13,8.060470908030235e-14,8.201514904024314e-14,0.7011452804901637
6056,9.413535401988716e-14,1.1750171946213805e-13,4.985703640831641e-14,0.6894492332998198
6057,6.997740724850761e-14,2.0283276625989036e-13,2.6267681557130035e-14,0.6817119652347173
6058,9.842093812697393e-14,5.840129314678124e-14,6.979055107475567e-14,0.6867526814108714
6059,6.785871850811691e-13,1.0209059002659899e-12,4.681853530765037e-13,0.6830368824710604
6060,6.805556613103699e-13,1.4407079261392115e-12,2.0085273605895473e-13,0.6960060131154023
6061,2.782206842765587e-14,1.8295261721332722e-13,1.5644903314078107e-14,0.6726375918078702
6062,5.869958789742877e-14,1.9489104947979834e-14,3.1792016134208034e-14,0.68327043557656
6063,7.282067447814573e-13,9.380135347800897e-12,7.941348575884707e-13,0.6891256376053206
6064,9.91674629761693e-13,1.4391732463390386e-12,6.540216037284789e-13,0.7111874590162188
6065,4.015006269860041e-14,1.8112509856877762e-13,2.1866975602651397e-14,0.6705411779956194
6066,3.662040400877708e-14,8.610652190509871e-14,1.839897821732825e-14,0.676324338343693
6067,1.3777048514315496e-13,8.674577805284867e-13,9.541843148297115e-14,0.6855925544863567
6068,2.8335532928749304e-13,4.169231285365876e-13,2.5027213978380223e-13,0.6714092628797517
6069,9.534035083873996e-14,1.3103873441735618e-12,6.314213381906618e-14,0.6811179736920167
6070,8.129406306882017e-14,8.528317697756769e-13,3.845953195591627e-14,0.6688879187626299
6071,3.4150027335238735e-13,7.679481011059113e-13,3.071409207986313e-13,0.6494225246424321
6072,7.637862662757633e-14,3.3029325666665105e-13,6.74202501119638e-14,0.6775358200131449
6073,7.110266398287198e-14,6.495449104190464e-13,6.535187295873546e-14,0.6765183789771981
6074,2.9708140704063415e-13,4.774820220933767e-13,2.381351715743828e-13,0.6754687183245551
6075,2.0149104112483757e-12,1.0039926399612231e-11,1.3003448387658483e-12,0.6902667579357512
6076,2.8514253494138275e-14,9.541555541704818e-14,1.9274838400654192e-14,0.6856511230231263
6077,8.762255780410123e-14,4.203807114767894e-13,5.963539380043255e-14,0.6793792740092612
6078,2.6302991928384023e-14,2.914203827685667e-14,1.0760239052097762e-14,0.6813966722227633
6079,3.51444561159526e-14,2.5218560946548767e-13,1.9612841855004233e-14,0.6752896791207604
6080,5.432729052609371e-14,2.592552502681818e-13,2.737040687545083e-14,0.6801369327469728
6081,3.6589812942940196e-14,1.8669846531740031e-13,2.7987278768979307e-14,0.6828262934344821
6082,1.8849182511968967e-13,1.4987930885825818e-12,7.839484563289407e-14,0.6807154257141519
6083,4.110826084003964e-14,1.0126489417903584e-13,2.178760822823261e-14,0.6819044907577336
6084,7.355888953781884e-14,5.610357728692814e-14,4.070348170376274e-14,0.6944111820776016
6085,7.009570947764562e-13,1.5394775372283407e-12,3.2203275066571713e-13,0.6891444462991785
6086,1.203519551794042e-13,2.0216507453243517e-13,5.008332450890515e-14,0.6837612728471868
6087,1.078251983705116e-13,6.504935602426126e-13,7.493183496487945e-14,0.6701923715940211
6088,4.09319779213638e-13,1.0550174482029816e-12,1.9778274219987407e-13,0.686426290590316
6089,9.110409172271115e-13,2.9898982188985754e-12,7.302715731237669e-13,0.6699355424731038
6090,2.3960445374629405e-14,2.282519792214852e-14,1.4249203893417098e-14,0.6830273719911929
6091,6.269338568456268e-14,6.374196743353862e-14,4.6181449436119015e-14,0.679413555393694
6092,3.458942058463809e-14,1.2123553792233063e-13,1.6571176709466942e-14,0.6824322510045022
6093,7.028071344525871e-14,4.3159362512048756e-13,3.916761243617009e-14,0.6856326302455272
6094,1.2235908777644627e-13,9.624645096809896e-13,6.805694570690662e-14,0.6911203847150318
6095,1.3330039389564525e-13,1.6459149040208153e-13,9.336898169314303e-14,0.6911753009597306
6096,1.6603596068576654e-13,1.8660005431896349e-13,1.21321072675606e-13,0.6748063259758055
6097,2.6509755210286407e-13,7.14515569004422e-13,2.0320762706584798e-13,0.6919548260164448
6098,5.933741354562868e-13,5.841997376034647e-13,3.2651492464557073e-13,0.7148587735369801
6099,1.267780540522929e-12,9.323468557284563e-13,7.057585797806319e-13,0.7305149263236672
6100,1.2517577787760394e-13,3.0005414507632306e-13,9.854593798405032e-14,0.6901520870160311
6101,9.250065071970683e-14,7.574347660454299e-13,8.175559337087401e-14,0.679109485889785
6102,1.0518483685685117e-13,9.256582674182044e-13,7.819356079071166e-14,0.6862539167574141
6103,2.8425181180587574e-14,7.009167236845176e-14,1.921691569500193e-14,0.6792838074790779
6104,2.9605132429417796e-14,6.213173905375212e-14,1.4510004728684546e-14,0.6880865184473806
6105,5.735459747714061e-14,3.704508201508881e-14,2.928725358076484e-14,0.681417889741715
6106,8.408962238544562e-14,2.4001463013353534e-13,5.4154699098357444e-14,0.7021005872986279
6107,1.279929836614987e-13,2.0187176098539704e-13,1.2656660612914244e-13,0.6981997153139673
6108,8.484551932498196e-13,8.82786806614575e-13,7.012377018824017e-13,0.6691291168914176
6109,2.5058620678290084e-13,8.542327610974266e-13,1.782842666946079e-13,0.6975243440130725
6110,3.467558826453117e-14,3.054743146149744e-13,3.344363300526475e-14,0.6786187661520671
6111,1.91897691380013e-13,2.192464636135532e-13,1.3967195558334972e-13,0.6872402506764047
6112,3.811141419788099e-14,8.238382697626565e-14,2.7105410865670137e-14,0.6745356186816934
6113,7.366762395998627e-13,8.074571576707908e-13,6.263389861213012e-13,0.700978814822156
6114,4.2623442933467217e-14,9.645158131052531e-14,3.4763981001970856e-14,0.6771918723417911
6115,7.786040650818813e-14,9.188045948727158e-13,6.256592709231312e-14,0.6811878520355095
6116,1.3824897518546678e-13,7.308805417687894e-13,1.3330118185665117e-13,0.6821588064311073
6117,7.106502145140973e-13,8.899041021119452e-13,7.174766935010511e-13,0.6737752709304914
6118,1.1033728029632836e-13,7.33101009237561e-13,1.0271440835207371e-13,0.6616851157159545
6119,1.0354614195134872e-13,3.9550881408618776e-13,7.677335037117646e-14,0.6641962589521426
6120,4.4815405022123584e-14,3.3992997681918366e-13,2.6925875429180536e-14,0.6887940871354659
6121,6.874125585767963e-14,6.297117603477597e-13,3.7022388740075376e-14,0.6716626202920452
6122,6.908671393791013e-14,1.1466152725015683e-13,6.040864991029895e-14,0.6775387520261574
6123,1.564194229844798e-13,2.5910289500189806e-12,7.563543751827719e-14,0.6959032421349548
6124,1.5214907687630317e-13,3.0050174179555604e-12,8.205964479327446e-14,0.6726708287518705
6125,6.110482036882854e-14,1.0314225079918706e-13,4.111759559256811e-14,0.6796978864527773
6126,3.513379275483506e-14,1.2797171153839e-13,2.1080161893751808e-14,0.6829584906226955
6127,4.380505804318387e-14,4.986875169836578e-14,3.210495404242099e-14,0.6875672134163324
6128,1.4767582486453564e-13,6.136470288787419e-12,8.64199059730831e-14,0.6570699407137
6129,1.4160983912660788e-13,2.175042233046212e-13,1.1897567245016055e-13,0.6646040744497441
6130,4.111834574194281e-13,1.1413159121223639e-12,3.636607908346294e-13,0.6940035327454097
6131,4.263434375847172e-14,1.403893227076496e-12,2.6754712170021556e-14,0.6587055593350669
6132,4.965510511582973e-13,3.97471108035498e-12,4.294473512701851e-13,0.6777744633611291
6133,3.8834965476590707e-14,7.057819545157216e-14,2.6272516335074077e-14,0.6756570828263648
6134,1.65554047816983e-13,6.826402528903896e-13,1.3578872432146405e-13,0.7233945637010037
6135,9.064221017310501e-14,3.52902352809485e-13,4.810838936126125e-14,0.6813528858765494
6136,5.716058114333549e-14,6.071331760304441e-14,2.0511772512785777e-14,0.6810526236193255
6137,5.990599242638121e-14,2.60120474899343e-13,3.5695698943003664e-14,0.6795229098876007
6138,1.1603455480434695e-13,5.071252341998373e-13,9.160529634927614e-14,0.6742478966945782
6139,5.6212629313729e-13,9.99563478424322e-13,3.504405905319636e-13,0.7004315391881392
6140,2.4216284395735054e-13,2.448274311328299e-13,2.1265983310563526e-13,0.6961074226535857
6141,8.861311517743558e-14,1.5401984416528566e-13,3.812107773548096e-14,0.6826779160473961
6142,3.9160673134306516e-14,7.907140961907753e-14,4.9140372800022986e-14,0.6879841160785872
6143,5.755053859101751e-14,1.5158970939157506e-13,5.604137721096074e-14,0.6669265894393902
6144,6.259357407297713e-14,5.262802264719655e-13,5.3369681732409253e-14,0.666215812653536
6145,1.2756548354506489e-13,6.600275798108737e-13,1.034941518625728e-13,0.6884336167131551
6146,1.8751442588105633e-13,1.1576049019878176e-12,1.3721204564707827e-13,0.6669287433760474
6147,1.0706571977673582e-13,2.303479241239755e-13,7.250606846995805e-14,0.6845130535657518
6148,3.0252483743202647e-13,2.2308394659631794e-13,2.0287752177686767e-13,0.694886699737981
6149,3.2340760406649624e-13,3.3629136265769095e-13,1.9572920334014275e-13,0.7207703892607242
6150,3.9675571098174153e-14,1.1810861549560853e-13,1.5970761034404407e-14,0.6819907846977002
6151,2.7641992137080635e-14,1.9851976037787552e-13,1.1115080579613859e-14,0.6827195893216412
6152,8.758045470296014e-13,1.0694184763458752e-12,4.936438370751968e-13,0.6959297418128699
6153,1.9692587785785107e-13,2.452920465987315e-13,1.384192963216735e-13,0.687818916287506
6154,2.1145341330626047e-13,2.0548362306651726e-12,1.1908839467361327e-13,0.6668810361792566
6155,5.965190832877168e-14,6.397348793800123e-14,3.6578447465056774e-14,0.6775496254209429
6156,7.175265654505212e-13,2.6591941651987487e-12,4.469609201237521e-13,0.6810245626023971
6157,6.177805947561834e-14,2.944062922537643e-13,3.466065266872559e-14,0.6800424696004483
6158,9.254957350198909e-14,5.502776426366418e-13,5.763537563399026e-14,0.6680714901071042
6159,6.621842400170046e-14,8.737164072105863e-14,4.6869073205040496e-14,0.6897568720392883
6160,1.0544797261865224e-13,7.23642002880618e-13,1.0122332127131396e-13,0.6906589073187206
6161,2.0195836948519335e-14,4.644783890392213e-14,1.5165289490703422e-14,0.6858756875968538
6162,1.8290181847362507e-14,3.9401531725027773e-14,7.02320251721058e-15,0.6831954824738204
6163,2.573982337291342e-13,5.995330130635892e-13,1.8301855879230946e-13,0.6961952399229631
6164,5.703853681059791e-14,5.431528569320427e-13,2.6203248796197296e-14,0.6679519146680832
6165,1.6980332809826311e-13,2.5554977474181593e-13,1.3809033226899956e-13,0.6792902670567855
6166,7.785925287270908e-15,1.205969558052896e-13,5.786049744471449e-15,0.6849065065849572
6167,1.7976722373679523e-13,1.873416788520326e-12,9.934616743723539e-14,0.684268325503217
6168,3.7096282671461973e-13,2.5759011408419716e-13,3.1727112538611e-13,0.7132577968761324
6169,5.689912149687303e-14,3.912070213512335e-13,4.501547205698849e-14,0.6823698835272808
6170,1.8363973089546439e-13,2.0749953157389445e-13,1.0458450309354451e-13,0.7041279474506155
6171,2.5611624328333724e-14,1.444336877445507e-14,1.2782734048765627e-14,0.6822499904199504
6172,2.494812336745589e-13,6.586564845978474e-13,1.7309901368647525e-13,0.7030608687316999
6173,1.151143803646696e-13,8.38374439205991e-13,1.190100175805758e-13,0.6825807063607499
6174,3.659084854494408e-12,3.754657869000743e-11,1.839905141738039e-12,0.6629357810044894
6175,3.9173756850394e-14,8.120519877661976e-14,1.0942413695226662e-14,0.6849684847344178
6176,1.8932830520567114e-13,8.316929266697221e-13,1.4955300594830763e-13,0.6754787550773471
6177,1.3921164686589065e-13,1.420755842483035e-12,9.114360508205417e-14,0.6718759825773304
6178,4.207699308615587e-14,1.2821154429058762e-13,3.175912469678879e-14,0.7006400830228813
6179,3.1605727811102217e-14,6.99110258326137e-14,1.72411530336978e-14,0.6814980717143044
6180,1.2860099345925026e-12,3.8838493622055236e-12,1.0070317243883666e-12,0.69815039151581
6181,5.784798057808925e-13,7.387908714881351e-13,3.803860004814931e-13,0.7109554076334461
6182,5.931590620864434e-14,7.4571315249562e-14,4.126227977630861e-14,0.6703670012240763
6183,3.071241535059034e-14,4.143572827700278e-14,1.6230607262862674e-14,0.67864192535053
6184,4.1260848630409835e-14,1.7310600702786128e-13,1.883763024425969e-14,0.6828163580561523
6185,2.3941306465240825e-13,4.505412672813377e-13,2.4983763587105557e-13,0.6604362555372063
6186,5.718048411020506e-14,3.0580397381843305e-14,3.3889356534861834e-14,0.6871920862351544
6187,5.159768196540083e-14,7.150610677213572e-13,4.260831867447613e-14,0.6687130739883287
6188,4.74988201405928e-13,4.566503094202524e-12,1.7925309946318067e-13,0.6916578276257497
6189,1.9221958100335776e-11,1.490640441377759e-11,1.1922621024478914e-11,0.6808882202079986
6190,9.952149875169901e-13,8.958507352867165e-13,4.2833616859957973e-13,0.6949861181143205
6191,2.6438467558659354e-13,1.0478282757567487e-12,2.0994503946359873e-13,0.6601688220689539
6192,7.168117626640127e-14,2.33964949224259e-13,5.034264752187578e-14,0.6742129069811199
6193,1.160062268038751e-13,5.63630596062191e-13,8.297445482478015e-14,0.6871474499988836
6194,1.3907968013117717e-13,8.789988775588713e-13,9.336066920128916e-14,0.6793730148347095
6195,6.248039277535835e-13,5.977807905047997e-13,5.001599558594703e-13,0.6735450211213901
6196,2.468061703271473e-14,2.8963662598422647e-13,2.375520454188928e-14,0.6817916786298156
6197,3.5001551578559575e-14,3.2419016450159356e-13,2.1009898602459778e-14,0.6769275010563434
6198,6.196937667936109e-14,6.917117002692486e-14,3.9865889948829174e-14,0.6839753466600087
6199,4.3447072387094094e-14,2.3958848394486616e-13,1.7729091817463004e-14,0.700754715083167
6200,6.940333886616153e-14,7.50196865265161e-13,3.0498712537654967e-14,0.6625181914423592
6201,1.2591325989956678e-13,2.387049690628051e-13,6.35661096314843e-14,0.7145712391473353
6202,9.164620730288354e-14,3.2795336291212866e-13,6.039382417400988e-14,0.6865685293218121
6203,1.6733155314470311e-13,4.771490353058939e-13,1.347756805341507e-13,0.6525694948271848
6204,7.480942011593235e-14,6.083049807279218e-13,8.977894227779878e-14,0.6682621047686552
6205,2.103696538693721e-13,1.8343128757693496e-12,1.373163619848621e-13,0.6941616732801776
6206,1.6620469620433308e-13,1.295185806609601e-12,6.511319428794532e-14,0.6941437060129829
6207,4.706939630455205e-14,1.4412155142065466e-13,3.6701833012846684e-14,0.6844228072965052
6208,2.5218012934193264e-14,3.0648130528086357e-13,1.7742453413924053e-14,0.6788080076337792
6209,2.385511921883775e-14,4.790755586296483e-13,2.3864275022675007e-14,0.667028547739028
6210,9.450590539157311e-14,7.307671527297908e-13,8.9299586007531e-14,0.6833331251458731
6211,5.627464272813277e-13,2.4874955186278683e-13,4.4837394869387923e-13,0.6701874781865627
6212,1.865137510009174e-13,3.387416883018802e-13,1.0564381434992095e-13,0.6893275298178196
6213,1.9505590537693743e-13,1.5664220308501905e-13,1.1313192822813735e-13,0.6923633842321578
6214,1.5725363307537995e-13,1.4569875034212083e-13,1.196671270912445e-13,0.6906220193835907
6215,3.2618270502446576e-13,3.6077272013086145e-13,2.632016070038981e-13,0.6816085027821828
6216,1.328695421062092e-13,2.089180529516929e-13,1.0137650784755799e-13,0.6851253771863413
6217,4.8180249640681824e-14,1.4329935675770175e-13,2.4119380708304708e-14,0.6885174649243708
6218,6.552603857171778e-14,1.0807514819804269e-13,3.6770467400744466e-14,0.6987344887689687
6219,3.71392346743733e-13,2.533970923528627e-12,2.4053943747881413e-13,0.6743912803009152
6220,6.198540697083079e-14,1.7084382141995814e-13,3.9599945233167184e-14,0.6843337881495245
6221,6.686773389125415e-14,2.8306324804308415e-13,5.928339303250092e-14,0.683369328523986
6222,7.105664122079054e-14,4.508863906743593e-13,5.864176669167635e-14,0.6718629134906223
6223,6.998686711745502e-14,8.605400437670686e-14,4.7125477228297826e-14,0.6876793433504644
6224,3.7824021445178934e-13,3.983975169989601e-13,2.820627383146899e-13,0.6889624126721173
6225,1.8121562790828402e-13,1.1443003725741757e-13,1.5015926402658648e-13,0.675880324706668
6226,4.07710706354507e-14,6.537452054673821e-14,1.8439367433053125e-14,0.6896794499654788
6227,1.730216651140452e-14,1.1807609399214696e-13,6.005388270656076e-15,0.686092323018238
6228,1.2692781609164967e-13,6.90184210742701e-14,9.602667581854305e-14,0.6950686366297305
6229,1.433206416067309e-14,1.5432481350062538e-14,4.249078175217768e-15,0.6809845338459126
6230,6.217266942151492e-14,3.3321360831221167e-13,5.018785989702275e-14,0.677138695429312
6231,2.419135089287409e-13,1.88242489350031e-12,2.006609347252013e-13,0.6917462843179237
6232,3.180909330131595e-14,3.466775752342473e-14,1.4257654286062942e-14,0.6941919146163855
6233,2.6511014024604136e-14,2.4268452443125473e-13,1.4968802832114158e-14,0.6829995219304692
6234,6.745055598678111e-14,1.3959228268247694e-13,3.348929617404795e-14,0.6921917073661461
6235,4.1189608657107224e-13,4.772003359752963e-13,2.7510369075074283e-13,0.7243296480970457
6236,3.676322192726502e-13,1.846246421356992e-12,2.639719963748805e-13,0.6983602598193102
6237,5.244690878483482e-14,3.6909703126653234e-14,3.0593641337244114e-14,0.6796524319448508
6238,1.148269310913932e-13,6.774856914781382e-13,9.536716393706054e-14,0.6807740278716665
6239,1.0746420846756104e-13,2.2086475791064338e-13,7.735272914473641e-14,0.6890236897859723
6240,3.7018973867222944e-14,2.993216794116991e-13,2.670423113400532e-14,0.6726797714771238
6241,3.447732697810533e-14,2.5058708050605517e-13,2.935071261089778e-14,0.7007717534317635
6242,1.2064956313981627e-13,1.659378570666737e-13,5.692866493938419e-14,0.6862737012619619
6243,6.942398596656787e-14,9.659058039543107e-13,8.379310485344367e-14,0.6620630530553171
6244,5.762931614525053e-13,2.5758756179723204e-12,5.113351318787088e-13,0.7130178613588214
6245,2.762537765734939e-14,3.387085722486879e-13,3.8929408143258753e-14,0.6662955930311
6246,1.2087898707023883e-13,1.251563106414655e-12,1.5626704360911803e-13,0.6881973365263547
6247,5.604872304057926e-14,1.4317693171463728e-13,5.170614996894624e-14,0.67699387363391
6248,1.368285560932039e-14,2.6831619619375575e-14,4.152805378990323e-15,0.6823453938530293
6249,3.0067945475955746e-14,4.89157630272498e-14,1.0432124980019278e-14,0.6811002385860775
6250,3.873651484440266e-13,4.753232500150506e-13,3.0910416765177486e-13,0.7112607210874557
6251,1.724206167754141e-13,2.851096834000912e-13,8.372013488103956e-14,0.6914413007558323
6252,1.6546379662987272e-13,5.06762527722394e-13,1.547075190180826e-13,0.6808813224663026
6253,9.957154362593588e-14,6.778938330305109e-13,8.933299750478218e-14,0.6847998782352078
6254,3.707816947345735e-13,7.062040617999063e-13,1.6887104462492956e-13,0.7027867374708876
6255,5.560481454717758e-14,1.346895109362533e-13,3.669434374596364e-14,0.6818985049030744
