Sample,Raw_RMSE,FCED_RMSE,SRCG_RMSE,AlphaMean
1,1.0784830693038798e-11,1.0841029020354969e-11,5.1714977502149945e-12,0.793134243413806
2,1.5913921291711962e-13,1.3019278292481288e-13,7.090601755899272e-14,0.8079175219871104
3,5.045056817857436e-13,1.8470741458093777e-13,3.1160019110717785e-13,0.8198464456945658
4,1.2579803528783337e-13,1.671451867636735e-13,6.286336323241536e-14,0.8165878454223275
5,2.622441602606221e-12,1.598605927189412e-12,9.774000931441717e-13,0.8678204521536828
6,3.37604921764494e-13,3.300378410586197e-13,1.243975405400881e-13,0.818681743182242
7,1.742986607513283e-13,3.889132971027134e-13,5.4775307080854065e-14,0.7783309709746391
8,5.064064333484448e-13,2.495526993736248e-13,3.2569711505148173e-13,0.8131259428337216
9,1.2221834927083786e-12,2.7293679322743053e-13,4.937211579039086e-13,0.8411377757787705
10,8.865805825772778e-12,4.825593975926825e-12,1.784667623700578e-12,0.8503055520355701
11,2.933425110015785e-13,2.853662307014953e-13,1.4932664798107494e-13,0.8173321483656764
12,2.952466428175818e-13,1.458807616603389e-13,4.5880862623487455e-14,0.7916863182559609
13,3.105406758186477e-13,1.6309922261358937e-13,1.9824545029703681e-13,0.8385107077658176
14,2.1444620517066977e-13,1.285271763471257e-13,1.1451737071701886e-13,0.8235623490065336
15,1.472262779896973e-12,1.2059241417203748e-12,7.470984139106759e-13,0.8435987237840891
16,6.67035730750063e-14,3.807586663315746e-14,3.2876255010923123e-14,0.8296248529106378
17,5.489433864146539e-13,5.405436153413576e-13,5.147904100680811e-13,0.810059315059334
18,1.1552550622009344e-11,1.202510859816975e-11,4.908394272382153e-12,0.8628512881696224
19,2.6002968567862628e-12,1.9688134759075605e-12,1.283310221972303e-12,0.8127017259597779
20,1.7989289966850573e-12,4.109966244437049e-12,8.208861431711274e-13,0.770611148653552
21,1.542071681503241e-13,4.291773168666913e-14,4.9349472158174386e-14,0.8404876166954637
22,1.0451918879108621e-13,1.0094092862444281e-13,6.635672647729108e-14,0.8140147944912315
23,9.361862075714843e-13,3.549281272431729e-13,2.744065689678196e-13,0.8606486167758703
24,9.464876486337262e-13,2.8919468678288185e-13,3.840921269873557e-13,0.8454255126416683
25,9.855184360561917e-13,7.358698223224161e-13,6.156431066626915e-13,0.8222304582595825
26,5.576255649847321e-13,1.8524251269680718e-13,2.1294850057719477e-13,0.836352563649416
27,4.207620457836889e-13,3.2802160970369784e-13,3.2957400493570353e-13,0.8420252233743668
28,6.896886321184708e-13,2.825727130133351e-13,2.763101867230406e-13,0.835810081474483
29,1.7514942733771248e-11,8.855599302981871e-12,9.585298611760771e-12,0.8637680049985648
30,1.0408312767832918e-12,5.176258095610833e-13,3.832264425781612e-13,0.7807713374495506
31,2.111487707578428e-12,1.2334240783128197e-12,1.2531676323959493e-12,0.8047509307973086
32,1.21523138373889e-12,7.720817550272667e-13,3.378306738518966e-13,0.8237120386213064
33,4.0330849708345226e-13,3.090308252829707e-13,2.2682915408128975e-13,0.8421714551746845
34,7.639727120776222e-14,8.056836117981009e-14,6.228259632535153e-14,0.8150899566709995
35,2.1797425268188533e-13,8.046696149456808e-14,5.951529859207293e-14,0.8069004151038826
36,2.6016411069507733e-12,1.0392911747461282e-12,9.31251684851551e-13,0.8591573975980282
37,9.192385525642112e-13,8.12086297060826e-13,6.703543755086319e-13,0.8599374853074551
38,2.143273535406765e-13,2.1188174075320933e-13,9.804060053883105e-14,0.794379367865622
39,6.444149462678407e-13,7.909016603356959e-13,4.99059778207543e-13,0.8440419748425484
40,2.307056041702334e-13,1.7934642398301309e-13,1.797953137892148e-13,0.8187538988888263
41,3.814358456290002e-13,2.468719306631306e-13,1.6596187415665516e-13,0.8445129692554474
42,6.445870958403344e-13,3.2010018085173265e-13,3.847143179309146e-13,0.838705038651824
43,4.023982000277481e-13,1.9721487675604752e-12,1.747372931975293e-13,0.7642718474380672
44,2.6601676907009854e-11,1.6345213552557877e-11,1.6444594019652948e-11,0.8726717948913574
45,3.4329977251420797e-11,4.565208011273736e-11,2.2456003751959527e-11,0.8605823427438736
46,1.5968497236565818e-12,6.581001693358517e-13,8.894807071115134e-13,0.8342868523672223
47,5.701765592411758e-13,8.174949774299493e-13,2.9675048201583273e-13,0.7917597077786922
48,3.4589540841608744e-13,9.441059141975347e-14,1.713115758677993e-13,0.8143036851659418
49,6.254700450113284e-13,3.409833816461668e-13,3.810732053357948e-13,0.836105129495263
50,1.8156762961907788e-12,1.2551872963649393e-12,1.3809983422985104e-12,0.8576096300035715
51,1.156175945317856e-13,4.375975388174446e-14,3.386279310925261e-14,0.8022800240665674
52,1.6791768917967746e-13,7.552605016544893e-14,8.247430961153131e-14,0.8401216816157102
53,4.498829013108789e-12,3.459788701197767e-12,1.4616241093707052e-12,0.8236886896193027
54,2.654703648863944e-13,1.5410479869566372e-13,6.556232275888506e-14,0.8139479821547866
55,1.4460460620920266e-13,1.331356624612124e-13,8.057411053210832e-14,0.8146041983738541
56,4.1432428642416124e-13,3.3797819607288574e-13,1.1975051104316284e-13,0.8327789297327399
57,3.414844650497559e-13,1.648236954822885e-13,1.7151510847626474e-13,0.8335625041276217
58,6.635665491243419e-14,4.3268340904509975e-14,3.0125102608776694e-14,0.8441258020699024
59,1.3322581111185617e-12,1.0022899804100859e-12,9.381855959686654e-13,0.8334812983870507
60,5.659845216257019e-13,9.60249242197387e-13,3.582827023071105e-13,0.7726123386994004
61,1.0543567703015924e-12,6.122805365803466e-13,3.224234136265796e-13,0.8194822423160076
62,4.61182724615968e-13,1.5588401851147132e-13,1.7100849301796806e-13,0.8396677566692233
63,2.085787543273403e-13,1.1268098679482469e-13,1.0389010243455365e-13,0.812549215555191
64,8.643341306363208e-13,1.3445398715546237e-12,9.38852783798717e-13,0.7691049987915903
65,4.054968168417949e-13,3.656928359363207e-13,2.951329990837529e-13,0.7902528948150576
66,3.155744458724123e-13,1.7389917891233753e-13,1.2891627449393216e-13,0.8360759681090713
67,5.53784118667553e-13,6.59139909068829e-13,2.611692809119707e-13,0.7919424013234675
68,4.2542266842383517e-13,4.660022022155923e-13,3.081997441560651e-13,0.8400989230722189
69,4.78753466449352e-13,1.991799273360185e-13,1.4660322718223733e-13,0.8145499136298895
70,5.257814818442769e-13,3.2965558355649454e-13,2.331311668573321e-13,0.8480112865567208
71,5.409887204770178e-13,9.595263999678462e-13,2.5904042087788443e-13,0.7932899258099496
72,5.83556805066494e-13,2.5902362619620805e-12,3.327884329247857e-13,0.7526312752394005
73,1.0222142657885185e-12,1.0510790718776404e-12,9.576524760418813e-13,0.858564792200923
74,7.350811349384594e-13,5.283141679786798e-13,4.3345187095656725e-13,0.8393722107633949
75,3.7583900500920957e-13,2.0217842665719004e-13,2.1626201368501762e-13,0.8568160641938448
76,3.7182021036061533e-13,8.529852577359689e-13,2.419238103343563e-13,0.7873098771087825
77,5.505956443623546e-12,3.189459544358333e-12,3.479975834342839e-12,0.858574079722166
78,9.319272820310365e-13,6.25423123202825e-13,5.873491023886043e-13,0.857509370520711
79,2.0445077962168802e-13,1.493972879963174e-13,8.086178897399375e-14,0.8313259690999985
80,3.974514321526614e-12,2.664242645683973e-12,2.090076465600471e-12,0.8569198302924633
81,1.5200368285721997e-13,6.550636944399802e-14,4.32051590095675e-14,0.8273145243525505
82,6.449754149476372e-13,3.9758420256923486e-13,2.169812611563456e-13,0.8299662733450532
83,2.3127232561896093e-13,4.667571241012546e-13,1.8924395602607964e-13,0.8007731362245977
84,1.8386041317252924e-12,4.713541605995017e-13,6.831586328211665e-13,0.8405547719448805
85,1.2330390858554277e-13,6.158995331895504e-14,4.533561162241639e-14,0.8247306181117893
86,2.5881628833702003e-11,2.5476114801938976e-10,1.0975862601471301e-10,0.7525472844019532
87,2.354679839416596e-12,1.5815533950317224e-12,1.134536762812234e-12,0.8241232920438051
88,2.234958511504393e-11,6.44504390463451e-12,6.709110039252906e-12,0.8307597927749157
89,4.505811988233844e-13,5.160210489500496e-13,4.6832545401702e-13,0.8516917821019888
90,3.8404586163391044e-13,2.1252150447388207e-13,1.7387674602683566e-13,0.7940902118571103
91,2.293355526285669e-13,6.811697945153382e-14,9.477626917454209e-14,0.8334551762789488
92,2.0028752551855506e-12,4.853776616103214e-12,1.6729258234795058e-12,0.8207847472280264
93,5.2023741092393046e-14,5.957698267461361e-14,3.0615438334076965e-14,0.82983516510576
94,1.205235434821953e-13,9.80575644469102e-14,9.248100662690537e-14,0.8147001039236784
95,1.5244005096257297e-12,1.6246357936463617e-12,1.2683444157262436e-12,0.8166226610541344
96,1.232834464749329e-13,1.4025348350362106e-13,8.8237581192956e-14,0.8137348772957921
97,3.0788624522968386e-13,2.565751060887253e-13,9.862265842848382e-14,0.825055692344904
98,2.3474026750722784e-13,1.802134373593068e-13,1.0097128985283403e-13,0.7937688905745744
99,2.3393152209649736e-13,1.181737631932065e-13,1.2381923397115694e-13,0.845510320737958
100,9.723620122883163e-13,9.859589688653224e-13,7.69461423984119e-13,0.8023159954696893
101,2.21533729519919e-13,1.7559613483644828e-13,1.2019925646356917e-13,0.8443519711494446
102,1.2379245848005333e-13,1.6105242445589519e-13,1.0494248505285939e-13,0.8096663258969784
103,2.2387727562017666e-13,6.470566149696229e-14,1.0147596167188673e-13,0.8241317585110665
104,1.8573929628736938e-13,3.613321360106674e-13,6.317012702795269e-14,0.7947564508765936
105,4.799293899012167e-13,3.3148388135067e-13,1.5750389985229542e-13,0.8318343037739396
106,4.8400559592794e-13,6.208446062789239e-13,5.041316001704708e-13,0.8448666859418154
107,1.0930632659917825e-13,2.7685378919065183e-14,4.563786599036226e-14,0.8264884551987052
108,4.711391873823368e-13,4.633987964408068e-13,4.10907707448694e-13,0.8326327461749315
109,6.315138149216036e-13,1.2995589328399742e-12,2.3539563374485785e-13,0.7674502327572554
110,5.357218868062789e-13,1.1987445807269497e-13,2.615713464722285e-13,0.8355448078364134
111,2.8864453292594164e-13,1.7809945071976417e-13,2.111175086673103e-13,0.8363123448565603
112,1.4044508378193812e-13,8.517748929775138e-14,8.086522013371641e-14,0.7938778716139495
113,1.6516765779455181e-13,1.3919249768012748e-13,1.008417485495508e-13,0.8186688529327512
114,6.266066285602839e-13,6.860305709452762e-13,5.181995126742346e-13,0.8129410089924931
115,8.553944064780955e-13,1.398886909563992e-12,4.216302989485248e-13,0.8100526105612517
116,1.1777973912312951e-09,4.460041198269962e-10,6.015444023588458e-10,0.8271002849563956
117,3.9506416952275473e-13,4.817149973994613e-13,1.5814156615635516e-13,0.7846312310546637
118,5.171642841517484e-13,3.0362557801387963e-13,3.2974774290071184e-13,0.8507395207881927
119,1.0198036950516997e-13,3.737067657391866e-14,3.4991643635795957e-14,0.8246278366073966
120,5.233689011361063e-12,1.7191862413675412e-12,1.1171018982093525e-12,0.862460495531559
121,4.304765695414499e-13,2.6491930385724785e-13,2.647603236202234e-13,0.8420003656297922
122,5.363141818796136e-13,4.795342881536347e-13,3.4083724231883185e-13,0.829417709633708
123,1.825121080848069e-13,1.450678826571419e-13,1.4423912026829657e-13,0.8365481298416853
124,4.95884489255541e-13,3.666569823346998e-13,2.647064428779944e-13,0.8479838471859693
125,6.711530046811624e-13,3.301986368583857e-13,3.453584522848678e-13,0.8205269983038306
126,6.283940094947729e-13,9.899136377137165e-14,2.1378950566519574e-13,0.8404828779399395
127,3.032019771354209e-13,1.3838151738048593e-13,9.786461004250933e-14,0.8532956801354885
128,3.297507154292825e-13,1.7154056298822257e-13,1.718607810363969e-13,0.8290871633216739
129,5.249197158468384e-10,3.761893835181567e-10,3.571602526577764e-10,0.8580809012055397
130,2.1145658182785413e-13,6.784526867685124e-14,7.622321393549823e-14,0.811216907389462
131,4.437434102468626e-13,2.894079424439728e-13,2.1057539887891715e-13,0.8310325935482978
132,1.0942195069918598e-11,1.02336113149639e-11,8.377965927221237e-12,0.8020917577203364
133,4.264405639883834e-13,1.7524766188039118e-13,2.234510572796471e-13,0.8093565293587744
134,6.964968428681336e-13,3.4648849826480095e-12,4.016109755274599e-13,0.7463778749806806
135,8.087981110693812e-13,1.9688399651964096e-12,7.567484029418448e-13,0.8473103299736977
136,1.2748289220922745e-12,1.524950895788103e-12,7.613040430851858e-13,0.8417720157653094
137,9.86963389636775e-13,7.285916934487062e-13,3.486027242285423e-13,0.8131908517330885
138,5.159360617764424e-13,1.2217643102134544e-12,3.1525132303782874e-13,0.8280133636668324
139,3.7652242203557813e-13,3.861743822587698e-13,1.4505694878931593e-13,0.7763556221965701
140,1.8195158342386135e-13,4.678780465526265e-13,1.437538242718112e-13,0.7670377891045064
141,2.805296313033003e-13,1.0035667689876885e-12,2.4117369667075993e-13,0.7983700488694012
142,6.523098820786566e-12,3.464402910126041e-12,2.9593648346765038e-12,0.8673544093966484
143,4.482978777076238e-13,4.1456593309497793e-13,1.964650251767527e-13,0.8266382128000259
144,3.597835161674767e-13,1.4282551297793053e-13,1.688922883066695e-13,0.8152593582868576
145,3.3938656989999963e-13,8.388540471408054e-13,1.4220562004627141e-13,0.76671441802755
146,1.3746350773667817e-12,3.16351018041677e-12,3.4157372681113897e-13,0.7694523989222943
147,1.511051205570401e-13,1.280325188370162e-13,9.640288994192393e-14,0.7934217177331447
148,6.122281505785672e-13,3.765715113532414e-13,4.4100840861735163e-13,0.8545059412717819
149,1.3504458732331565e-13,2.1274706538946817e-13,8.685084785065056e-14,0.7976161360740661
150,9.332147168488448e-13,2.272817143734397e-12,1.3189379487695578e-12,0.8417745389044284
151,4.933474426551664e-13,9.224061289195946e-13,3.235348861168376e-13,0.7686770813539624
152,5.209525318075658e-13,2.4823872153630978e-12,2.4677631413250776e-13,0.7585116811562329
153,2.5697729255160657e-12,1.89607096424763e-12,1.6085526682286633e-12,0.845929691940546
154,5.375735718934395e-13,5.30352004853385e-13,3.864328128765781e-13,0.828381890617311
155,1.3932976790466722e-13,1.1756994235669356e-13,8.899640507825824e-14,0.8231594046577811
156,6.654424039824214e-12,1.718426317016513e-12,2.5652371374754197e-12,0.8134388487786055
157,5.22796433619708e-12,4.858924810693809e-12,4.328958409780358e-12,0.8591401401907206
158,1.0856367839856701e-13,1.3561235224782197e-13,3.7900240837573214e-14,0.7915062220767141
159,8.316795046398499e-13,3.9984991289354633e-13,3.876790252454021e-13,0.8450291134417057
160,5.956654781742195e-14,5.0511676654289217e-14,2.674849926481325e-14,0.8304549213498831
161,5.141574444520894e-13,1.6669966805781809e-12,4.087539819493018e-13,0.8075963974930346
162,4.775822649497155e-13,1.5573838939434824e-13,1.6383361666030472e-13,0.8135331530123949
163,3.111751837819232e-12,2.713987166386655e-12,8.416926380072735e-13,0.863777844235301
164,6.032060728184193e-12,3.82851941565448e-12,2.8033072019898727e-12,0.8195452030748129
165,2.5125113257064994e-11,1.2917011462453287e-11,1.3529922772285704e-11,0.8053645953536034
166,3.0182214240594293e-13,5.355804501815341e-13,2.7801325127676666e-13,0.8313834115862846
167,4.758192791679311e-13,6.296925197271834e-13,3.220048778256947e-13,0.7835727465804666
168,4.671885416835255e-13,2.201598168463811e-13,2.632489632904227e-13,0.8452419821172953
169,5.2174597812830666e-12,1.936703872230713e-12,2.357506210996754e-12,0.8580827083438635
170,2.060170410946256e-13,1.6941614379416166e-13,1.5081415413885546e-13,0.8236202960833907
171,8.792782671014718e-13,2.364844540610828e-13,2.1397456444306034e-13,0.8434696037322282
172,1.5030906890912456e-13,3.080484578068009e-14,5.698772594744467e-14,0.8140370599925518
173,9.450247037744056e-13,5.597554804017027e-13,4.799610618062142e-13,0.8439135119318962
174,3.1173950658750813e-13,1.7599815669469135e-13,1.5583429913410678e-13,0.8212765334174037
175,1.872463450857491e-13,1.6473794674922858e-13,1.1095603717321225e-13,0.8204009480774402
176,5.055274433782828e-13,8.38553336291223e-13,2.438438228101604e-13,0.7928553852252662
177,1.4721515141206078e-12,5.60514800014316e-13,4.278836813899479e-13,0.8433433618396521
178,4.781138510125241e-13,7.564512469346839e-13,2.761800006882667e-13,0.7897826189175248
179,7.213842234508242e-13,3.0672658525307897e-13,3.441396556557472e-13,0.840064219199121
180,3.681018188407846e-13,1.6642865862352925e-13,1.6871024504548645e-13,0.7973318903706967
181,3.718077216530623e-13,1.9075888623613098e-13,1.520451353397419e-13,0.8463370185345411
182,4.75447044245733e-13,3.882234801689422e-13,3.5130259937549243e-13,0.8181695798411965
183,4.692198350372219e-13,2.1861430561703707e-13,1.16746362054546e-13,0.791154682636261
184,7.929650181995937e-13,6.036974086635908e-13,5.813361003263213e-13,0.8391835635527969
185,1.998199143493633e-13,9.533446492420633e-14,1.2166923916701911e-13,0.8264996103942395
186,1.3844658973777305e-12,1.1252869773282768e-12,1.0070336511947702e-12,0.7862979996018111
187,4.090372260739249e-13,3.1295015907962153e-13,3.254891899357697e-13,0.8426822507753968
188,1.9089451337560996e-12,3.688106918898898e-12,1.8888237858897094e-12,0.7595865735318512
189,8.975817867652143e-14,5.604773709566345e-14,4.3260256486011797e-14,0.8202641630545259
190,2.7402884746441545e-13,5.7196311452603e-14,8.902152203249496e-14,0.8310287171974778
191,3.4166135297830333e-13,2.203446477858031e-13,1.6634354198422796e-13,0.7908337345346809
192,6.363637349784842e-13,9.114562704918518e-13,2.8528933283600564e-13,0.8528783868998289
193,5.869417574350126e-13,2.1581818364462925e-13,1.4643608817662745e-13,0.8626520060002804
194,1.5464747406220968e-12,1.3343225571983472e-12,6.902848117699493e-13,0.8253179859369993
195,1.29461726242497e-13,1.1166676213453819e-13,8.652836139994031e-14,0.8381574308499694
196,6.071176553715094e-13,5.283347279714359e-13,3.5464730724731953e-13,0.8383948780596256
197,2.5126729751266157e-12,1.5005162549423428e-12,1.860562652420684e-12,0.8032064747996628
198,3.1452929749008965e-11,4.3477388504772505e-11,1.3553608474716792e-11,0.8449663367122412
199,2.5600178171316898e-12,6.937127641825727e-12,4.138470664352521e-12,0.7993849671445787
200,2.2336149904033367e-13,1.2595584528380934e-13,1.5276077140631841e-13,0.80837796125561
201,1.7186618307626265e-13,6.612049453685132e-14,7.502621321750208e-14,0.845559449121356
202,3.1652634143921257e-13,1.0499177973707499e-13,7.039793349812552e-14,0.8329045005142689
203,2.582894098401279e-12,2.185624054091772e-12,1.7660193398013328e-12,0.8421477250754833
204,3.2274936184590097e-13,1.8011875412474774e-13,1.5108683740231696e-13,0.842647273093462
205,2.1221975634320417e-11,2.6673105400157487e-11,1.0405288579912507e-11,0.8203310802578926
206,6.464501430577878e-13,2.349826890197139e-13,3.445722381557473e-13,0.8387349108234048
207,1.1835422081234805e-13,5.23357845506107e-14,6.300762875227433e-14,0.8107764147222042
208,9.040951991419368e-12,5.285897486288903e-12,5.707798822364688e-12,0.8610713060945272
209,3.935582500085734e-12,4.741794372683263e-12,1.6458119421263318e-12,0.795874426420778
210,4.368446390250655e-13,3.6916429656415146e-13,2.940194813834869e-13,0.7697827917523682
211,3.904941696135585e-13,5.2409444610910905e-14,1.18447843125533e-13,0.8376465694978833
212,5.372558332813797e-13,9.858161166172452e-14,2.0852701197222453e-13,0.8546333782374859
213,7.519006595775804e-13,3.3715648737710253e-13,1.5822128210848757e-13,0.819968081638217
214,3.248017909385622e-13,1.0009009768676319e-13,1.1590240347274578e-13,0.8374605694785714
215,3.859868909037202e-13,1.9814030221482905e-13,1.8452063116638202e-13,0.8113206102512777
216,3.02549387072276e-12,3.848162815331594e-12,3.3911746517311495e-12,0.8571261972188949
217,5.962282572604588e-12,5.865095335039671e-12,4.39586779854496e-12,0.8544669926166535
218,1.382210487267047e-12,1.1169161947570984e-11,8.629256522526801e-13,0.7553667391650378
219,1.7940636659608067e-13,3.9534952873321373e-13,2.6840593797848586e-13,0.8268949246034026
220,1.2073862141550317e-13,9.282041592111434e-14,6.224784753894898e-14,0.8237390220165253
221,7.664609280873172e-13,4.1609607051035835e-13,4.2552956008013573e-13,0.818419125676155
222,1.4879180601092734e-12,9.225300685133152e-13,9.85366151778722e-13,0.8408425766974688
223,3.1803622323626763e-13,4.269305118529575e-13,2.3747406734177653e-13,0.782482931111008
224,1.0877805956321208e-12,2.3253494468822774e-13,3.8547538897726395e-13,0.7996757414191962
225,1.1408604512495116e-12,5.061741111482322e-13,4.244671793680824e-13,0.8437307994812727
226,1.1603267458297961e-12,4.154072295985722e-13,5.589380059103627e-13,0.845040250569582
227,2.3694014595620427e-12,1.331011791925471e-12,1.0317890295366697e-12,0.8281880598515272
228,4.717342693629129e-13,4.350339246644292e-13,4.148382803109216e-13,0.8469616387039423
229,4.2079993666512273e-13,2.715796846071285e-13,1.8597269923191573e-13,0.8091483518481255
230,2.3482871089386106e-13,2.395252035601305e-13,1.537654175072742e-13,0.8054285309277475
231,1.4680727300721151e-13,1.0037387943601725e-13,8.912239231720155e-14,0.8035348105244339
232,6.105561415346233e-13,7.91730155744865e-13,6.432947958370195e-13,0.8128964778035879
233,5.484474452023024e-13,1.8048624995455694e-13,1.9339204187071019e-13,0.8424939144402742
234,8.505030485618422e-13,5.186842147393536e-13,5.655551381209632e-13,0.8296858575195074
235,6.727281602006536e-13,3.367593765732879e-13,4.5193254331269654e-13,0.8209278317168355
236,1.3673840567582543e-11,3.3125023586666064e-12,5.696276590913539e-12,0.8471135772764683
237,3.46819265835261e-13,4.503037199036379e-13,2.3817367161337973e-13,0.8420078903436661
238,3.178434484415071e-13,1.5645691662323545e-13,1.235682423359439e-13,0.8098031546920538
239,3.5158331128790924e-12,1.3007355109678464e-12,1.749284602533807e-12,0.7925625523552299
240,1.465101858900813e-13,1.350952614632803e-13,8.797341303725285e-14,0.7851296815089881
241,1.7794994617493933e-12,8.305050209754418e-13,5.129347365175652e-13,0.8487373344600201
242,1.7139695877551062e-11,2.973722633295558e-12,5.203346797854947e-12,0.8600446529686451
243,4.795627751423459e-13,5.796120785525395e-13,2.4607193292415897e-13,0.8481239747256041
244,3.987650853721589e-13,2.700933780388893e-13,8.21419633915918e-14,0.8090884873643518
245,5.678552821148799e-13,3.635819617243734e-13,3.473432208042551e-13,0.8319170482456684
246,4.827903759001047e-13,6.345095991364858e-13,3.064345873444504e-13,0.7798188492190092
247,1.4920677181493828e-13,1.321518643883828e-13,5.882299185250228e-14,0.838248336315155
248,1.7128818565920778e-13,9.279331191849876e-14,7.779137984099565e-14,0.8456832371652127
249,7.663260252703104e-13,1.4224252138470678e-12,3.604299600617615e-13,0.7687342650722713
250,8.948736507565023e-13,6.04848912408531e-13,5.161429477008059e-13,0.836832943558693
251,1.4287515962711305e-13,8.121365964479666e-14,5.0270243945171804e-14,0.830398759432137
252,1.1974344499320408e-12,3.5636669009545197e-13,4.275816732422691e-13,0.8464166294783354
253,2.8377234394116576e-13,3.25317201319652e-13,1.7134502504892793e-13,0.7987244747579098
254,1.4019538385884284e-13,8.59813229633552e-14,4.1642033864896696e-14,0.8136272193863988
255,3.961533765610434e-13,1.9105093605453575e-13,1.1434875679078286e-13,0.8319647774100304
256,3.2590264518466335e-13,1.344775799691143e-13,1.0980494368456753e-13,0.8454127751290799
257,3.483671005876374e-13,2.7202105956098255e-13,1.5039023656251158e-13,0.8505762182176113
258,5.367204892816185e-13,3.5714351540269914e-13,3.8164835675615013e-13,0.8271667001768946
259,6.678187259766237e-13,1.112159225029871e-12,5.313463508137581e-13,0.8024912188760936
260,1.4276733404084537e-12,8.599145433376789e-13,4.037230011270232e-13,0.8519425891339779
261,8.28008437946308e-14,1.31262983259245e-13,3.493959013510315e-14,0.7918261151760817
262,4.354102709353505e-13,3.007790429276557e-13,1.7490280335382085e-13,0.8140385983511805
263,8.44330171241155e-13,1.8283621957567915e-10,5.531539309455084e-12,0.7185763389454223
264,1.1716943039865625e-12,1.671180903664094e-12,1.1557247045415188e-12,0.8048531593754887
265,3.659697275164289e-13,1.3236013208669642e-13,1.190127934005653e-13,0.8129644261673092
266,1.3613582099413721e-13,6.453433463296532e-14,7.73993448695632e-14,0.8331263558939099
267,1.0265980463795859e-11,8.047114267099911e-12,4.231343480077047e-12,0.8168306555598974
268,1.0423911168598909e-12,9.170372083256762e-13,6.514274965752514e-13,0.8518110275268554
269,6.566332776892576e-12,3.186739444367774e-12,2.842225979078216e-12,0.8407055707648396
270,3.010221399989179e-13,2.153495381093964e-13,1.5940554163529037e-13,0.818384755589068
271,1.3903723941021805e-13,6.126883885980306e-14,5.2270118179411884e-14,0.8324933316558599
272,3.480604276506658e-13,2.7489674101991897e-13,1.1675391252339248e-13,0.7950932188890875
273,1.5845104104922636e-13,2.039556052325523e-13,1.2441417918433802e-13,0.7962121911346912
274,1.2217770080535585e-13,1.4261536395364525e-13,2.8945738303618075e-14,0.7908083746209741
275,1.5689220559774702e-13,1.168220520053303e-13,5.960049230136442e-14,0.8096492500975728
276,2.2211044156570106e-13,1.5325854420581957e-13,1.181204133890326e-13,0.8018775799311697
277,7.065781897015261e-13,4.67854245553227e-13,3.0193213567405573e-13,0.8511171899735928
278,2.305904629577688e-13,1.3702541465621118e-13,1.6180293755113039e-13,0.8375047318637371
279,2.8111026062205065e-13,2.9516689649742494e-13,1.5371167012704586e-13,0.7941920074634254
280,7.941238345006885e-13,1.573186231912025e-13,2.4116131117415297e-13,0.850031303241849
281,1.903958482676164e-12,1.2005293669383056e-12,1.2199693325899432e-12,0.8557354580610991
282,6.950534481309027e-13,2.325904074401146e-13,2.424130824301642e-13,0.8291066518053413
283,6.099572523641077e-12,5.997289153385279e-12,4.319885081587019e-12,0.8540288485586643
284,7.079481055625057e-13,4.1609683402263293e-13,2.47612211424566e-13,0.7813804118428379
285,1.8560738245665717e-13,7.698145681504637e-14,7.252802759074028e-14,0.813443199545145
286,3.754924878630058e-13,1.212885053112205e-12,3.7420417068750443e-13,0.7808697618544101
287,1.1034732967882873e-13,7.109722696490427e-14,4.4161686000247946e-14,0.8243710735812784
288,9.69018348670152e-12,7.209810983357894e-12,6.0700320841891306e-12,0.8393944472074508
289,8.589217470093808e-13,3.9598392957258747e-13,4.994668369153392e-13,0.8496385857462883
290,1.6912837369192966e-12,5.63279155425725e-13,3.6390167341711043e-13,0.840264792740345
291,2.5980609657973853e-13,1.1363076343892445e-13,9.284997725427673e-14,0.8343621309846639
292,1.532186931781723e-13,5.162048271794013e-14,7.167643928287702e-14,0.8319983936846256
293,8.411106913298045e-12,3.1008995827603468e-12,3.074947555988128e-12,0.8419072311371565
294,1.1919996127908402e-12,2.811059826556797e-13,3.253309729693439e-13,0.8396840780973435
295,3.776469617457447e-13,1.145706006933477e-13,1.0376934586919353e-13,0.8382983211427927
296,9.757453971159804e-12,1.9398255260358014e-12,2.3379063343420453e-12,0.8676880210638046
297,2.366452630585545e-13,1.1283807315446225e-13,1.1584324564605616e-13,0.8424851350486279
298,8.131832158957503e-13,6.104889302860634e-13,3.904562373162212e-13,0.8373558595776558
299,5.295056240683396e-13,2.4531519663421013e-13,2.216718474632559e-13,0.8366033650934697
300,1.4460981972720898e-13,1.1876127134928814e-13,3.8313126224887465e-14,0.7929493474774063
301,5.374926303150404e-13,3.3435410133050974e-13,2.443894886233017e-13,0.7981649147346616
302,7.037749616311471e-13,5.141002621415133e-13,1.9034267001126558e-13,0.8431609854102134
303,6.933375852077629e-13,4.878852026057417e-13,5.048242390602732e-13,0.8355735847726464
304,2.7038587023659973e-13,7.154916929124587e-14,6.390270185738969e-14,0.8118030857294798
305,4.642594704977314e-13,3.661561073700338e-13,3.435081650940322e-13,0.8322931136935949
306,4.4385600350355325e-12,2.433566589834274e-12,2.02775013660465e-12,0.8511598717421294
307,1.1910420688157398e-12,3.298338494736427e-13,2.743410828747594e-13,0.857394938915968
308,3.034834277502082e-13,3.0790684664570774e-13,1.9462015063464717e-13,0.8268354076892137
309,1.1976836099666731e-11,9.785676556325687e-12,9.185681438773856e-12,0.8063963310793042
310,1.9325794155563866e-12,3.0918227607523164e-12,9.933067149124996e-13,0.7832362843677402
311,7.42485746401822e-12,5.434454280281471e-12,5.704662820086214e-12,0.8571049220860004
312,1.16745967876817e-12,1.2792851478234565e-12,8.577096937577482e-13,0.8239412792026997
313,1.3636447499718906e-11,8.315994280753549e-12,5.224644429808695e-12,0.7834248536499218
314,9.527619808453073e-12,2.7270291888985818e-12,4.2467804429515795e-12,0.8321240998804569
315,1.1110618903016072e-12,8.126258412616255e-13,6.728578614923871e-13,0.8458925921469926
316,2.3710194725714233e-13,4.14784210943935e-13,1.0633638987936537e-13,0.8298195825889707
317,2.080489977861749e-12,8.754221755602436e-12,1.353535799654036e-12,0.7447553462581709
318,3.041435223637453e-13,2.013434660612422e-13,1.4916040114343265e-13,0.7946515920571983
319,9.725974819295314e-13,4.838709358004805e-13,3.1154517645003404e-13,0.8053490223363042
320,1.5337694454086245e-12,6.419467125736589e-13,7.960988644681436e-13,0.8374070946127177
321,1.6332146048871084e-12,7.33416336835861e-13,8.882439694952896e-13,0.8431119166314602
322,2.174131183287933e-12,1.0547156936412124e-10,3.504154227217041e-12,0.7321376548497938
323,2.450754916018566e-13,7.734612569404998e-13,1.6535947413968497e-13,0.7700691209640353
324,9.6236917399011e-12,7.597109664454395e-12,6.86329475043648e-12,0.8459605246782302
325,1.3199687801957577e-12,1.0044115117003234e-12,8.509236621911715e-13,0.8509667921811342
326,1.6729586204912489e-12,7.749791861158408e-13,4.2756505240177044e-13,0.8280367886647582
327,1.9732945253842718e-13,2.641878136967553e-13,1.823303235095845e-13,0.7955642831511796
328,2.932915453553614e-13,1.0650284661903217e-13,1.4246823627647057e-13,0.8027820567600429
329,2.7226150784755633e-13,1.501708018817016e-13,1.4588232672437338e-13,0.8329571012407542
330,1.1959088663396101e-13,1.971538973147374e-13,4.7715995734862176e-14,0.8057742518372834
331,1.2529929289372913e-13,6.716044603732747e-14,4.8868273289557125e-14,0.8265658123418689
332,5.83643741739743e-13,3.755629198387861e-13,3.166119776186784e-13,0.7920816681347788
333,8.106912449806016e-13,5.337195604510367e-13,5.505001175232182e-13,0.7906378277577459
334,1.8749428600829212e-13,9.931394434838198e-14,9.065929351544973e-14,0.8408230876550078
335,6.500497824438171e-13,1.7823159693264669e-12,3.5273790520774533e-13,0.7758774682413787
336,2.523047281197508e-13,1.5404657505648282e-13,1.3972092502996173e-13,0.8239560125395655
337,1.9372517866918552e-11,1.5821497297239073e-11,4.540705242136261e-12,0.8653006330132484
338,4.807234836954357e-12,2.872993795639799e-12,3.4082943193996697e-12,0.8506067767739296
339,4.512983867172658e-13,8.024833896046358e-13,2.969856897572983e-13,0.7761687895283103
340,1.2583078085589213e-12,1.5161175967343292e-13,2.3254954368332113e-13,0.8605712205171585
341,6.157361765153911e-13,7.283161045609212e-13,4.48515438925779e-13,0.8183457810431719
342,1.2301989773460169e-12,3.076562355462762e-13,4.991628853461815e-13,0.8430068235844373
343,8.089715670277493e-13,2.108682126339601e-13,3.490300010728573e-13,0.8334038658067584
344,3.1105254387724493e-13,3.3336000147664533e-13,2.0668948303903905e-13,0.8411203660070896
345,1.3029304999707424e-12,6.181812753728621e-13,5.682598878188765e-13,0.8357885947450996
346,9.016152487508287e-13,3.5224623374688455e-13,3.0544936501264604e-13,0.8305125860497355
347,3.934142955368702e-13,2.400677912170541e-13,1.8227443835336325e-13,0.822073082625866
348,7.613232837176212e-13,5.810270511399643e-13,5.434742567343458e-13,0.8607882715761661
349,1.7746055614690134e-12,7.203335092973419e-13,1.0793248514637844e-12,0.8162618054077029
350,1.824206081569133e-13,1.1424932420809665e-13,1.0618580376948209e-13,0.8417752865701914
351,3.929535808639322e-13,1.315258100338248e-13,1.2022283990664386e-13,0.8466188382357359
352,1.9918744509532661e-13,1.16777143584913e-13,1.2376294143993265e-13,0.8358296558260918
353,8.388350197594583e-14,3.963431717943552e-14,2.3886199120538217e-14,0.8262177266180515
354,7.721024004301008e-13,1.4740108706092777e-13,2.795175410760939e-13,0.8455658558756113
355,1.2253214553300264e-13,1.3952231701367958e-13,1.1533617739657632e-13,0.8134865757077933
356,3.888184409477933e-13,3.1775649688535253e-13,1.9122099934527533e-13,0.7749233265873045
357,2.246239341828626e-12,1.2124090410323988e-12,1.5136492250886619e-12,0.8285177553072571
358,3.8277137197969805e-13,2.4530258377989333e-13,2.3391205981845134e-13,0.8364884624257684
359,2.0409048538836766e-13,2.4242017435266285e-13,1.6390956715316078e-13,0.8387133907526731
360,2.029803618754597e-13,7.561523954609117e-14,3.8879775308365775e-14,0.7935841809026897
361,1.8990371916788378e-13,2.5739006319555506e-13,1.0698132948075997e-13,0.8196775982156396
362,3.390555180387715e-13,1.0701757101220965e-13,1.786420490855214e-13,0.8284579260274768
363,8.021310989303915e-13,7.269131772714557e-13,4.967536615122799e-13,0.8253628697246314
364,6.62379013412368e-13,2.0364499084482129e-13,1.950507074446836e-13,0.8676921144127846
365,3.911686691230842e-13,4.5164596682840354e-13,2.843050522114234e-13,0.8517426159232855
366,1.9035116466752986e-12,5.810887191589922e-13,8.62407616950824e-13,0.8580068692564964
367,2.5526573209311145e-13,7.489736330518152e-14,6.771050846279963e-14,0.8135425457730889
368,7.052907917206273e-13,6.755221240827203e-13,3.121631309581061e-13,0.8441552642732859
369,1.7357875051040594e-13,1.3596548823310333e-12,1.126198462885077e-13,0.7599986017215997
370,1.2426823182973145e-12,1.870711991313772e-12,4.943128534003115e-13,0.8331839209422469
371,6.274930352722586e-13,1.6027233865700747e-13,1.3641287752468888e-13,0.8143741795793176
372,1.3036330713676006e-13,1.0044191787915449e-13,5.6661115425324615e-14,0.8186589915305376
373,1.577408577294715e-13,1.1190842843858081e-13,5.1222955273869616e-14,0.8286720929667354
374,1.0698868470448157e-12,6.515884144132239e-13,3.717955278426572e-13,0.8351441847160459
375,9.174176735727766e-13,3.062841802038612e-13,4.710890481229967e-13,0.8069384533911943
376,2.6094845616412143e-13,5.5824354863798855e-14,1.0933201361204761e-13,0.8386779865249991
377,3.051018750071692e-13,1.5951089901887633e-13,6.15597727103937e-14,0.8053230828605592
378,9.274020554099529e-13,1.3295030154972821e-12,4.816798387810813e-13,0.7740438939537853
379,1.6824961681028244e-12,3.948077210636623e-12,1.171349132114741e-12,0.7752668662462383
380,9.66644651118624e-13,3.847461124376469e-13,5.935334371133961e-13,0.8197736283764243
381,1.874579003509956e-13,1.2419989810715492e-13,1.2652653891327838e-13,0.8397781187668443
382,2.655119837954152e-13,1.6439957879592728e-13,7.709030432214786e-14,0.8257634228095412
383,6.466764601080552e-13,5.128920522878815e-13,3.095466029945654e-13,0.790591889899224
384,1.9633062701107167e-12,5.776044768063866e-13,5.08062512710869e-13,0.8550293311476708
385,2.1322115540101748e-12,3.157215255548024e-12,1.5531603579901701e-12,0.8360946470871568
386,3.6820776656406343e-13,1.1188945922583421e-13,1.644900819472725e-13,0.8234629653394222
387,3.241329018218763e-13,3.431993065191774e-13,8.227134839842231e-14,0.8297714080661536
388,2.3236926059489473e-13,1.521554305482265e-13,1.1504397067927781e-13,0.8386643983423709
389,2.113125272493903e-12,8.50961886084301e-13,9.509180471785282e-13,0.8309599526226521
390,4.138337421161169e-12,5.950856614185627e-13,9.84758761583779e-13,0.8554986868053674
391,3.824694370055848e-13,1.630771096802316e-13,1.0897567800287919e-13,0.8432666666805744
392,2.0523557589014453e-11,2.640426734571128e-11,6.772445143259433e-12,0.8504842959344387
393,3.4197869607653663e-13,2.1291068468168172e-13,1.8617634937535682e-13,0.7918231802992522
394,6.167847895124161e-12,3.0114067831726868e-12,3.785123464245327e-12,0.814816627651453
395,1.8767388857746318e-13,8.473626172578583e-14,1.2098877075769972e-13,0.8156045695766807
396,1.4150740582341666e-12,6.061079576284093e-13,3.8123102938976443e-13,0.8502238042652607
397,3.3232371183979265e-13,9.477935575295098e-14,1.5923143968457048e-13,0.841508648917079
398,1.2247621031870648e-13,4.729596221423602e-14,3.7550388485754117e-14,0.8081714613363147
399,2.21830348511525e-13,1.217822993368012e-13,1.1480781525531314e-13,0.812619099020958
400,1.387610012993197e-13,2.315922613537872e-13,1.2734881633835306e-13,0.8056713690049946
401,1.0488871479319224e-13,2.1392593599019147e-13,4.292066947155884e-14,0.7872381282038987
402,2.241494923572135e-13,1.818846399474873e-13,1.465996949706567e-13,0.7962272169068456
403,7.847287301311406e-12,6.136781207939925e-11,1.099199496861356e-11,0.7648193425498903
404,3.995233216980018e-13,7.614086408327898e-13,2.943022310084592e-13,0.7788782013114541
405,3.3331455188095325e-13,1.8248313989027554e-13,2.335832236827863e-13,0.8221426783129573
406,8.356525024992419e-13,2.1076034435368675e-12,4.4156243124364905e-13,0.8218515666201711
407,2.589079824947973e-13,5.696711169689405e-14,9.67801118739633e-14,0.8225289173424244
408,1.507183079660104e-13,1.7991334721507816e-13,9.26150990006035e-14,0.7870337038300932
409,2.9616449018028405e-10,2.4083225200511267e-10,7.688404742444055e-11,0.8413577906787395
410,1.0565642385188845e-12,3.525512165953357e-13,3.369119482777341e-13,0.8005749168805778
411,6.923730818136096e-13,2.6194607267034624e-13,1.9460775484236595e-13,0.8111343183554709
412,7.242665190920549e-13,5.927209016326723e-13,3.831547959925642e-13,0.8445820786058903
413,3.489387730492429e-13,2.840853902976825e-13,1.5438681480776057e-13,0.7721405368298292
414,2.4073684900051873e-13,1.223570982472526e-13,1.3660628813539016e-13,0.8448027111589909
415,2.793746123762907e-13,2.2531473789804774e-13,7.419574448999979e-14,0.795405067037791
416,2.714966333948763e-13,1.2975871839917986e-13,1.4481031523528125e-13,0.7936737869866193
417,2.1068181051073282e-13,1.739221813341651e-13,1.2241342558378245e-13,0.7831563740968704
418,4.0423775390356994e-13,3.57344807645235e-13,3.4629531588197137e-13,0.8392938869073987
419,1.6712659459929952e-12,6.179476709812538e-12,1.844140848778142e-12,0.7605789333116263
420,3.99490325082113e-13,1.8675527155150097e-13,9.582870099115956e-14,0.8164984388276935
421,1.272737603144731e-12,1.2353929450245118e-12,5.443334048142845e-13,0.8280677758157253
422,1.3609745290762624e-12,2.1994522963426044e-12,6.345805088764263e-13,0.7754970952868462
423,3.919207314647313e-13,2.3490999764889643e-13,2.647818370999577e-13,0.7767724085133523
424,3.8073015741086723e-13,3.265489992512864e-13,8.585343483828142e-14,0.8173355689272285
425,8.285339144155508e-13,6.959028792336298e-13,4.618714290932841e-13,0.8079605388455093
426,4.238664959349947e-14,7.642761001091095e-14,2.1414271545888387e-14,0.8225068340077997
427,1.276098399816469e-13,1.056167982108132e-13,7.804199604047983e-14,0.8260160595178604
428,7.937531875645905e-14,1.4667814284847157e-14,3.0980857114183824e-14,0.814078152179718
429,1.410050808086209e-13,7.837379221768913e-14,6.643626151619122e-14,0.8332074962556362
430,1.2561730101065025e-13,1.2700621372421485e-13,5.862985598246048e-14,0.8105487924069166
431,4.036871908024317e-13,4.0239926701681793e-13,1.425972015533951e-13,0.8303754782304168
432,3.201410440334061e-13,1.4331257555981376e-13,1.828254822674396e-13,0.8476591482758522
433,2.968702600914101e-13,8.971310665501366e-14,7.300706033595235e-14,0.8286574618890882
434,1.1477593574804265e-12,8.056716361580109e-13,5.382278042953807e-13,0.8329448945820331
435,1.1291244188474709e-12,1.2087609794728963e-11,4.695870512619678e-13,0.7547600248130039
436,4.5451792150042236e-13,4.172864403445114e-13,3.9883437029848764e-13,0.8466500241309405
437,1.349586418465298e-12,7.504691509664457e-13,7.945677890458079e-13,0.8467976920306682
438,9.28845321348533e-13,1.3583948505867112e-12,9.725531896768073e-13,0.7994864633306861
439,5.629973739855673e-13,2.8931804395198e-13,1.4597752823067097e-13,0.8443688370287419
440,6.4888955726883e-12,3.549537825971664e-12,2.6359182978159077e-12,0.8725195191800594
441,2.224177276431911e-13,1.8323361457964026e-13,9.520343252188371e-14,0.8034003825858236
442,4.675723077654727e-13,4.766083158562101e-13,3.091146898209137e-13,0.8158698745071888
443,4.858409113807984e-13,9.68817750218726e-13,3.398565719393296e-13,0.7677111113909632
444,6.577961462178483e-12,9.244725152214753e-12,4.702126931294868e-12,0.8112381476908922
445,4.236411818941594e-13,1.388586055827649e-13,1.439768273799348e-13,0.8078699490055442
446,8.348166165079243e-13,8.44024853495682e-13,6.477293646216696e-13,0.8458569757640362
447,1.7153844254256158e-13,9.350460908962852e-14,7.499767919928645e-14,0.8220991294831037
448,4.096925923223794e-13,2.898815677319876e-13,2.2112734228409822e-13,0.8205845255404711
449,1.795229981172073e-12,7.859737609773944e-13,9.432106996292225e-13,0.8614558398723602
450,5.543905915117063e-13,6.20332154036492e-13,4.130864077064625e-13,0.8227189794182778
451,1.7562050624358186e-13,1.2037745969840544e-13,8.918068759978087e-14,0.8174730136990547
452,3.3685287854877197e-12,9.549784408792937e-13,1.3861500150171493e-12,0.8347646215930581
453,2.4257795952396167e-12,3.4517684097665415e-12,1.2386437984461917e-12,0.7652280333451926
454,2.4205903070327494e-13,1.0494186635851332e-13,8.270139477767524e-14,0.822119008935988
455,3.831651919959007e-13,1.035109431651397e-13,1.307987520040317e-13,0.8512782536447048
456,6.54647924710555e-13,1.886831801122196e-13,2.6669668637477e-13,0.8053613354451954
457,1.343120134856326e-12,6.311859580166227e-13,3.70246487230624e-13,0.8611811257898807
458,1.768825534417222e-13,6.510806678380834e-14,7.659958645556911e-14,0.8089645178988576
459,2.424257454129546e-12,1.763758157303564e-12,8.946156615405637e-13,0.8401071831583977
460,1.0141181161891369e-13,3.61884053142952e-14,3.7013769719495654e-14,0.8314995657652616
461,7.281685537375011e-11,4.350181382134077e-11,2.2148743522950718e-11,0.83073820322752
462,2.6373474986626613e-13,2.39383565889316e-13,1.1428064606591057e-13,0.8095244236290455
463,1.4989511650361254e-11,1.5049008108835622e-11,3.5851926920757567e-12,0.8681428000330925
464,2.082626347428189e-12,1.4821326575996245e-12,1.255971494728336e-12,0.8325680214911699
465,2.6156728711853055e-12,3.738331776074698e-12,1.3518294285275626e-12,0.826777783036232
466,2.4593159005935216e-12,1.68650553695597e-12,1.563583536879888e-12,0.8462568841874599
467,4.90063368794425e-13,4.769861700652429e-13,2.569107429667386e-13,0.7998932468704879
468,2.2690215075855042e-13,4.0208392836912296e-12,1.3635697284884692e-13,0.7490786146838218
469,1.9817138257302707e-13,7.777616381845276e-13,1.1994747629653224e-13,0.7740529685281217
470,3.394098430027008e-13,1.9630758003578612e-13,1.227184183555785e-13,0.8353079307824374
471,7.090016314781969e-14,6.259897131156125e-14,2.1144316439463323e-14,0.8081709193997085
472,9.70427488050006e-13,3.328225534332565e-13,5.641505531038353e-13,0.8083976907655597
473,6.178806027934849e-12,1.982241443023564e-12,2.1618797416190617e-12,0.8663287118077279
474,5.244737485592422e-13,1.225965724184583e-13,2.0653087820189542e-13,0.838186664506793
475,3.1799403573405705e-12,2.1073995992439984e-12,2.0689332346428568e-12,0.8560148760676384
476,1.1668106404255166e-12,1.379464014472383e-12,6.776838703794107e-13,0.8168462356552482
477,3.941385811149405e-13,2.0975717558274154e-13,2.477141927596644e-13,0.8083319237455726
478,9.820194718977742e-13,5.367865056973152e-12,7.335303606428534e-13,0.7438081560190767
479,3.57126322215628e-13,2.328732185282608e-13,2.0151286110547754e-13,0.8425396595150232
480,3.95217051400008e-13,2.6850503918836413e-13,2.5386048611134643e-13,0.7916271855123341
481,1.5580651072275662e-12,8.809535990561677e-12,1.317982761256452e-12,0.7520696508465334
482,3.148143271559988e-13,4.823812993889971e-13,1.9462947939182378e-13,0.8472007215023041
483,4.54387709756197e-13,2.6027808637748217e-13,2.9722603589218305e-13,0.8232046205550432
484,2.2168411264666618e-13,1.6573346996933097e-13,1.1563711866114084e-13,0.8443632841110229
485,2.235181795348652e-13,2.1081674959186687e-13,1.720542882346565e-13,0.8207686306908727
486,2.899322794233924e-13,1.159195741358015e-13,1.2644377160100197e-13,0.8133990677073598
487,2.6407243519651586e-13,3.056643556647423e-13,2.712384936147498e-13,0.8100206698291004
488,3.726263649542961e-13,3.198356613322122e-13,2.289835929721643e-13,0.8270000636577606
489,3.273108486596087e-13,5.849929436105015e-13,1.7939651649336777e-13,0.7768293660599739
490,3.1599160310859257e-13,4.049635578726734e-13,2.0560856687627413e-13,0.7981591439805925
491,9.182124856541909e-13,6.055872385054092e-13,4.2182745371413685e-13,0.8488974831998348
492,1.310892617052903e-13,1.5937602536818186e-13,1.0883121220159158e-13,0.8090999093838036
493,3.8852270334070445e-13,2.519306806615903e-12,2.459907250539283e-13,0.7499268651939929
494,1.4316518618450092e-12,1.333789752287228e-12,8.032175135878837e-13,0.8270989151671528
495,1.6075898422133568e-13,9.90787524092142e-14,9.09750080203925e-14,0.8384205043315888
496,2.656112624111952e-12,3.2543114730670107e-12,2.836068403566305e-12,0.8440475523471832
497,9.32582062490528e-13,4.964923385489805e-13,4.666378282462949e-13,0.8506358794867992
498,6.281759538191555e-13,5.255748372134904e-13,2.7549898674180285e-13,0.8199679352343082
499,2.9720256128203865e-13,1.219570749794974e-13,9.291067518098982e-14,0.8204641841351986
500,2.144220812214357e-13,1.9528813234411133e-13,1.827589634532556e-13,0.8340745281428099
501,1.0560076233112337e-12,1.1778101069125853e-12,7.843356123838433e-13,0.8399816555902362
502,4.2019153390790193e-13,5.994890010345901e-13,3.2565096527675134e-13,0.8495447389781475
503,7.285035107451592e-14,3.8665087811974853e-14,2.1559542969092905e-14,0.8272428529337048
504,6.698471660184944e-13,6.662089679880147e-13,1.5505665538718184e-13,0.8354191575199366
505,5.068275329167863e-13,5.4316869575005e-13,4.4813082266535234e-13,0.8405491102486848
506,5.869227883373192e-12,1.997473466739301e-11,4.317189799624894e-12,0.761114354338497
507,9.40263082791712e-13,3.365842963143789e-13,3.978437799776642e-13,0.8449879191815853
508,6.319433967600854e-13,4.426385695718374e-13,4.076586709610107e-13,0.8429042480885982
509,2.0365966475229254e-13,1.435994671749087e-13,7.455337665095587e-14,0.8144226724281907
510,1.520755289585214e-13,1.48212711615365e-13,6.795048895059164e-14,0.8122764287516475
511,1.475615324278108e-13,6.835408658711733e-14,5.4945459616794254e-14,0.8432409051805735
512,3.971359762835706e-13,2.442623797983959e-13,1.756616416599327e-13,0.8400880908593535
513,1.7667447935903158e-13,4.368093650085638e-13,6.99444335568586e-14,0.7779113279655576
514,5.847475925204052e-12,6.3939321792451095e-12,3.234939135032626e-12,0.8498772948980331
515,7.543459756171246e-13,4.737981385073659e-13,4.348550590332347e-13,0.8365224573761225
516,4.351769640352486e-13,3.9338995708525146e-13,2.1033324937289045e-13,0.8001593914814293
517,3.919928457552873e-12,1.1856100488002404e-12,1.0805998104195129e-12,0.8636622488498688
518,2.7029197079528244e-12,1.477271729762566e-12,3.85737578954438e-13,0.8450256451964379
519,2.7227057034793888e-12,1.304179641073404e-12,6.352296763740457e-13,0.8637832377105952
520,7.794588616464918e-13,5.110957468011606e-13,3.618376774846628e-13,0.8415103703737259
521,3.332546929984217e-13,2.1893197994142654e-13,9.507054422775624e-14,0.8229635249823332
522,2.761995619892272e-13,1.509904296730658e-13,1.8524598819588525e-13,0.7926329902373255
523,1.4580123678948694e-12,3.156838251492064e-12,7.546414872713076e-13,0.7767241142690182
524,2.279677057794427e-13,1.0301247471340862e-13,1.1963445008135681e-13,0.8451630879193545
525,1.0842114095072923e-13,5.4103085864979644e-14,3.8676108791729575e-14,0.7999799313955009
526,3.7797581687821486e-12,2.1742387977716445e-11,2.577040457713693e-12,0.7449728483799845
527,6.540601364784759e-13,9.736761587488208e-14,2.2443081803673262e-13,0.8028620628640055
528,1.9452027371628573e-11,2.050479029521774e-11,1.1178653607160531e-11,0.8483078487217426
529,3.6759238238425684e-13,1.2406640350067294e-13,8.374865583928188e-14,0.8500043086707592
530,4.336794622514142e-13,9.554052138553887e-14,1.6815970787187865e-13,0.8067781074903906
531,1.0553611110579937e-12,1.9525905652712657e-12,6.39007698616502e-13,0.7792876219842583
532,1.2145972275399432e-13,6.3628989745254e-14,3.001413508435474e-14,0.81259856056422
533,3.1319424565727273e-13,1.702937077086162e-13,1.375357734928386e-13,0.8338190412148834
534,1.415541558934178e-12,2.467654808517651e-12,1.354257083014319e-12,0.7977689252234995
535,3.84217981380068e-13,1.1780690064480865e-13,1.230600642579605e-13,0.8166309334337711
536,1.5180927754794618e-13,1.6329246455442736e-13,7.057361401897136e-14,0.8155807400122285
537,2.6980653328275153e-13,1.0119057147940635e-13,5.6581033736523285e-14,0.8388519128784537
538,7.366277114044229e-14,5.721078563660471e-14,3.845943515200292e-14,0.8329021666198969
539,5.721366973977398e-13,1.0918637761724953e-12,4.826797033751448e-13,0.8090524928644299
540,6.979994330230254e-13,5.164013964653447e-13,2.3383742146336705e-13,0.8399308063089848
541,9.040001349183485e-14,4.7615965942669424e-14,4.297708198044664e-14,0.8250166641548276
542,9.15687940725438e-13,1.1735026232461549e-12,6.272869800510244e-13,0.8410544555634261
543,7.049376579177577e-13,1.0229348494267894e-12,3.4172750774361144e-13,0.7936201765201986
544,6.082750608602044e-13,5.10586657554466e-13,4.087091148727885e-13,0.8195094415917993
545,3.357141670840484e-13,3.075387364465158e-13,2.472143525318838e-13,0.8428385879844427
546,2.209046566395512e-12,1.1459668525631874e-12,6.946132758709262e-13,0.8372670944780112
547,3.860425424136636e-12,2.9214801824563307e-12,2.0916965545978254e-12,0.7821072005899623
548,5.803500343579377e-13,5.767770844867006e-13,4.506839066924525e-13,0.7877458049915731
549,1.5121882107562317e-13,6.045091850780117e-14,6.750939347512047e-14,0.8326001763343811
550,4.27802624259573e-12,6.854875182456615e-12,5.849073694395343e-12,0.8211668912321329
551,6.343277521473405e-13,1.0539808362080245e-12,8.676700137116032e-13,0.8300325473770499
552,2.286150783930557e-12,1.2931971854763242e-12,9.684162525916206e-13,0.8361465658992528
553,2.7478419512153565e-13,1.2724227259026174e-13,1.1338457497881565e-13,0.8394392987713217
554,2.088575036448332e-13,1.6763345794353862e-13,7.61726228076459e-14,0.8258513456210494
555,2.38496474113717e-13,2.013321093255766e-13,1.0811754725156069e-13,0.8332151407375932
556,1.6224016858233457e-12,1.952313880424329e-12,5.331675079326514e-13,0.7872236953116953
557,1.5320460190004122e-12,1.1728282217158138e-12,1.0185894159784113e-12,0.8449548363685608
558,4.778163661007937e-13,3.257320680829189e-12,3.195601578454067e-13,0.7548645952250809
559,4.153145526639526e-13,2.768416080239668e-13,1.5151314941376202e-13,0.8407852072268724
560,6.6880651043422735e-12,3.6139680373447597e-12,3.3253922874408105e-12,0.8524102464318275
561,9.951717784862786e-13,1.0894708885772346e-12,3.716537577420629e-13,0.8410150583833456
562,8.517719574687342e-13,5.020797973113531e-13,2.739290382267314e-13,0.8262799022719264
563,4.910566916729087e-13,6.429208427989947e-13,3.5612947684226534e-13,0.7694351197686047
564,8.92301101422434e-13,3.511787747392331e-12,1.2875316403386914e-12,0.755407698219642
565,1.9106826117763642e-13,2.2260627306683122e-13,6.604287502135161e-14,0.7875106797553599
566,2.584232973546816e-13,3.319832772528948e-13,2.638762890715509e-13,0.8448902368545532
567,9.256660492640425e-14,7.982084078241319e-14,3.654975120565711e-14,0.795982423145324
568,1.1982464055930108e-12,9.13670422590644e-13,5.978257068849422e-13,0.861678795516491
569,2.1812195254557465e-13,8.539271010298919e-14,6.4072767063978e-14,0.8388063138350844
570,2.3500080968542585e-13,1.9381855817780465e-13,1.359943590784321e-13,0.8452093802392483
571,8.901232372629267e-13,3.315663136069834e-13,3.1816485087735257e-13,0.8562166638672352
572,1.150017226620411e-13,1.677535737020919e-14,3.4442509264299805e-14,0.8249374745413661
573,1.2290069638709605e-12,3.161176681050422e-13,4.121238589333532e-13,0.8376462645828724
574,1.697846392898526e-13,1.9949552566152545e-13,1.0095119466701707e-13,0.7975611802190542
575,1.462337759442603e-12,3.188919063322236e-13,2.330831852983188e-13,0.8479667045176029
576,7.816353098051477e-13,2.216384673698699e-13,3.4076575908207577e-13,0.8386320497840642
577,2.098310979489387e-13,7.649084620093549e-14,6.86978455016831e-14,0.8060131304897368
578,2.6012468332761424e-13,1.6808035570020896e-13,9.543440390194588e-14,0.8408889394253493
579,1.3222815019244082e-12,1.1222974391989513e-12,1.0891730778527794e-12,0.8287592355161906
580,3.2359265263024016e-11,9.457989078887236e-12,1.6058575724196648e-11,0.8634855881333351
581,1.504276503671459e-11,8.920926241710264e-11,3.457842049587657e-11,0.7544930568896234
582,3.857508812895796e-13,2.2645310282844546e-13,2.5270432750814985e-13,0.8389915715903044
583,1.6457101239482372e-13,1.4851730574232718e-13,4.901279092409466e-14,0.8156955316662788
584,1.203939727589578e-12,2.412752652986945e-13,5.85500590951208e-13,0.8371889652684331
585,9.668897917634765e-12,6.595639586914225e-12,6.187847941278626e-12,0.817534801363945
586,3.721284108573304e-13,4.1912748936622373e-13,1.9741143334705483e-13,0.7705845570657402
587,2.399458386946727e-13,1.2089659562356201e-13,5.6056713384697204e-14,0.8258124712854624
588,8.283785541218516e-13,6.411430230840084e-13,7.016467951389718e-13,0.8350981418043375
589,4.22146232862885e-13,2.597544743740156e-13,2.847106545480347e-13,0.8393382200971246
590,4.014074902485866e-13,2.3459168119475775e-13,2.42461266387573e-13,0.8522769853472709
591,6.648669774137784e-13,4.229320957175226e-13,3.012837950765495e-13,0.8418059416115284
592,1.2642030044373388e-12,1.130857579120304e-12,1.144678016514702e-12,0.8528649333864451
593,7.159183910641814e-13,3.581471077213859e-13,2.74126145996373e-13,0.8397909726947546
594,1.0143815325549409e-12,2.7981834085204473e-13,2.61123812365155e-13,0.8362195417284966
595,1.3555550618465593e-12,6.752643101580433e-13,8.151680112650772e-13,0.8393664367496967
596,1.1425836187019276e-12,1.0368401326127358e-12,7.759148576598058e-13,0.810571077093482
597,1.6685846016173204e-12,1.746612160765694e-12,8.402264420498859e-13,0.8395905572921037
598,1.757080113810303e-13,8.659547171341592e-14,7.225090439440157e-14,0.8214767524972558
599,1.2621842354238486e-12,1.2329984948493548e-12,1.2073169885468845e-12,0.8230836998671294
600,2.58825243870166e-13,2.7143775014550085e-13,2.1068200757568538e-13,0.8198583262041211
601,5.297933760227567e-13,3.859084850762143e-13,3.4632814863077743e-13,0.8378404697403312
602,1.6164193433528848e-12,1.0306378784359396e-12,1.0452520400605386e-12,0.855191807448864
603,5.875828310801927e-13,2.687590749913144e-13,1.676505120161345e-13,0.8406384496018291
604,2.2420274481045817e-11,2.1080949881622123e-11,1.116811723226099e-11,0.8435409463942051
605,1.867948593642083e-12,2.075934360675772e-12,1.4051069709195176e-12,0.8594073306769132
606,2.4157444817587363e-13,1.171601661255765e-13,1.3848322764919457e-13,0.8067679791711271
607,3.7151359074309543e-13,8.937393416252997e-14,1.7159506335913266e-13,0.8397139590233564
608,1.0062765558236702e-12,1.5334829400819469e-12,5.342624400826054e-13,0.8020308692008257
609,1.569744751333987e-12,3.333208188923516e-12,8.334368860610187e-13,0.8267686430364847
610,5.353088297010952e-13,1.0732791693142557e-12,3.482339040980034e-13,0.7711661651730537
611,4.813377034841471e-13,9.606901158329983e-13,4.74284659261338e-13,0.7682758844923228
612,4.0762567542568563e-13,9.376772512861232e-13,2.256990026955497e-13,0.803465491347015
613,1.4974500330658857e-12,1.1827092682499337e-12,1.2224025424764236e-12,0.8516766022890806
614,7.07661522922456e-13,6.383143674168181e-13,4.327752598619802e-13,0.8499245572835207
615,4.895072283430697e-13,5.363722669428368e-13,1.877192796749724e-13,0.8253718500956893
616,3.0943950734143444e-13,3.040136791172325e-13,1.1912338086525977e-13,0.8066068892367184
617,1.0345338071931717e-12,1.994167981303356e-12,2.741462801450492e-13,0.8377461804077029
618,1.803858913451543e-13,5.096099020294892e-14,5.775317980191435e-14,0.8027639507316053
619,5.110992719736575e-12,5.6836285793915036e-12,2.3861635700286013e-12,0.8381967021152377
620,3.3328606216699365e-13,4.695964987074305e-13,3.830454117511228e-13,0.8376942163333296
621,2.9641507948707935e-13,2.538449943320687e-13,2.3932975262541417e-13,0.8316683230921627
622,5.552976260717038e-13,8.179782445611861e-13,6.488250151272732e-13,0.8169233292341233
623,1.1640595310796554e-13,3.213042683506459e-14,2.95964245607493e-14,0.8233775665983558
624,1.1052641716272224e-13,5.6227375325416985e-14,4.5774341463916935e-14,0.8296452190726995
625,5.3860931510014786e-12,2.147331305237544e-12,2.4944281205539907e-12,0.8618325743824243
626,1.8760532067576166e-13,8.071411671446792e-14,5.6646420453176556e-14,0.8415887344628572
627,3.594148276682526e-13,1.897910631391779e-13,1.4794186186455208e-13,0.8120083132758736
628,8.718380432703961e-13,4.373135697429889e-13,2.490620257182448e-13,0.840434149093926
629,4.516645382988465e-13,1.7095506017260798e-13,2.1890185659184402e-13,0.8016310054808855
630,1.027119780819438e-12,1.804051458920877e-12,6.683319967986463e-13,0.8544197164475917
631,4.748644933946903e-13,4.4963094071367606e-13,1.7706307285934365e-13,0.7962061339057982
632,9.957137841871791e-12,9.090837532136718e-11,1.2203976380750609e-11,0.7449048807378859
633,1.8959596661483533e-12,1.6565727508405054e-12,1.4928906420995385e-12,0.8662310838699341
634,2.549097641536496e-13,1.453245226850781e-13,9.396664761699825e-14,0.799387223739177
635,1.1793759262062945e-12,8.047679952843157e-13,7.84452510390738e-13,0.8134233634918928
636,2.805273892098756e-13,7.156095896780912e-14,1.0628876166537581e-13,0.8143818516284227
637,3.230787699057219e-12,1.6198227329357366e-12,1.603736049440307e-12,0.836438749730587
638,6.960641009091136e-12,2.3989193093013528e-11,3.747241745944887e-12,0.7588298085145653
639,6.538978084230182e-12,2.563261265494736e-12,2.599444162347921e-12,0.8108138561248779
640,1.324431875575527e-13,9.246565291921349e-14,7.489302476195433e-14,0.845475398004055
641,2.720672373179312e-13,2.517670903633428e-13,1.1881926720213136e-13,0.8126989794895053
642,6.638835198734268e-13,2.3098107424268362e-12,4.596550329139754e-13,0.7651203381363303
643,3.1031853540328925e-13,2.7248269863763753e-13,9.599805597328269e-14,0.7957548058591783
644,3.9711620815553197e-13,9.35638454804594e-13,2.5991873197531763e-13,0.7678899492137135
645,2.447728011464006e-13,9.866473303208221e-14,1.6569263159205605e-13,0.8021194268018007
646,3.257807113845829e-12,1.833107237133799e-12,1.304096262732936e-12,0.7971867660060525
647,1.6570646322184298e-12,4.799077336124725e-13,7.509972689955701e-13,0.8495519794523716
648,7.896185107923042e-13,4.5277280328783654e-13,3.225059177040268e-13,0.8414622705429793
649,1.5667207301864032e-11,2.0554108189539544e-11,1.1337513779765493e-11,0.7751793672796339
650,2.165378380276681e-13,9.609970909579843e-14,8.745812195943707e-14,0.8119170730933547
651,2.139259295503457e-12,8.91695550545036e-13,1.0051686161000577e-12,0.8443111632019281
652,3.246091780314821e-12,1.386358784054893e-12,1.5357532476310366e-12,0.8553017824888229
653,1.9596217387564385e-13,4.720222239444538e-13,1.5223873703983506e-13,0.779910962516442
654,1.6642418444687162e-13,1.4003386209973513e-13,1.0182822612658675e-13,0.7925928141921759
655,8.383161051533602e-13,3.500711032122376e-13,3.659496586022351e-13,0.8236643768846988
656,3.295553094462192e-13,2.535700940373733e-13,9.716593467872536e-14,0.8515524946153163
657,5.4518344644791515e-12,5.61565514656877e-12,2.5325375532957402e-12,0.7795760861132294
658,6.069727929295119e-13,3.00667258702751e-13,3.472576877633081e-13,0.7988897981122136
659,6.405304506347486e-13,2.766538596515974e-13,3.3043200569890625e-13,0.8367737168446183
660,1.0199291757528877e-13,3.029038885187406e-14,3.57118985342126e-14,0.812367407232523
661,2.337709079616957e-13,3.284934546189594e-13,2.2154495492075881e-13,0.8069493957795203
662,4.608679291507715e-13,7.608934496100216e-13,2.407790309180793e-13,0.7696851208806038
663,1.368559713647594e-13,8.23696216658088e-13,4.4402089043336694e-14,0.7630934799555689
664,1.1525334397533708e-12,6.60883384940426e-13,7.445476364623948e-13,0.8469787232577801
665,1.8272251398819242e-13,1.7767401652294134e-13,1.3273126738352333e-13,0.8060263833962381
666,8.209520835546461e-14,5.31083171293209e-14,4.306534938469312e-14,0.8351802183315158
667,2.030531450341316e-13,1.78669534659912e-13,9.077333233735703e-14,0.8228384982794523
668,5.117181528571064e-13,4.523171971110198e-13,3.967982098547673e-13,0.8188622746616602
669,2.930974779641515e-12,4.2338841031259066e-13,1.1529861181239433e-12,0.8437184445559979
670,2.139180560792437e-13,2.649393913835044e-13,1.87205549275744e-13,0.8364626670256257
671,1.1470881301102629e-12,2.008398650821403e-12,1.057383831315661e-12,0.7791578343138099
672,4.995124506704914e-13,4.680525505452804e-13,2.465107733019947e-13,0.7733212547376752
673,4.172847994477626e-13,5.306443355302969e-13,2.103361252061669e-13,0.7996471363119781
674,1.5795889316938126e-12,1.2894660360106257e-12,8.034130410363865e-13,0.8520517572760582
675,1.4427975236701594e-13,1.125886232137066e-13,5.339961886113467e-14,0.8023767232894897
676,5.848884195767873e-13,2.910848283850847e-13,3.138656941221383e-13,0.8032159185037017
677,4.395092433729701e-13,3.792602619446554e-13,2.113951032480592e-13,0.8396752342581749
678,1.754343744503215e-13,8.036398830009566e-14,7.660513197277209e-14,0.8423639088869095
679,2.098057251824964e-12,1.2541550311609785e-12,1.0741895942992864e-12,0.8468633614480495
680,1.3796452614529046e-13,1.335419584364531e-13,5.219170730098016e-14,0.8444504424929619
681,3.5405053834877884e-13,2.689153300091026e-13,2.797284540587402e-13,0.8422261964529753
682,1.8433906422492385e-13,9.00124329800442e-14,7.163341005036797e-14,0.8200145415961743
683,6.358351166425088e-12,3.375981451686693e-12,3.3370897810688345e-12,0.8478002294898033
684,3.180058006598459e-13,6.709345168394207e-14,1.3128633116780033e-13,0.8119997925125062
685,4.0365481377517874e-13,2.8553276482150464e-12,1.5276074806853496e-13,0.7535818719537929
686,2.954032906644638e-13,3.487718999129573e-13,1.318450287381089e-13,0.800692686624825
687,2.199379227345128e-13,1.2623034357156865e-13,9.323979297592219e-14,0.8024287667125464
688,5.014248252401092e-13,8.748009377541148e-14,1.1981507454123414e-13,0.8562256474047899
689,1.6379264946973557e-13,6.913201640189162e-14,4.5759168121150775e-14,0.8170017156749964
690,1.2338188142869456e-11,1.4887555681184017e-11,1.1256323263255043e-11,0.8004705473780632
691,2.398355788954291e-13,1.7207354729250108e-13,1.0646422126853418e-13,0.8189246959984302
692,7.315137598919697e-13,3.476877003903349e-13,1.86878417424574e-13,0.8206537909805774
693,3.82853013902587e-13,1.711859188413884e-13,1.88287945338357e-13,0.8461547888815403
694,4.758647334991668e-13,1.3859941851748591e-13,2.606406807202018e-13,0.8347803093492985
695,2.190145618778156e-12,1.7931362792439873e-12,1.705146384084874e-12,0.8239450145512819
696,3.4820460926485983e-13,3.5789428077275425e-13,2.362873771772871e-13,0.8202224772423505
697,9.798543446936113e-14,4.7888563120295745e-14,1.8124178707292036e-14,0.816388994269073
698,4.748101990529452e-13,3.235390315584396e-13,2.2701597093287882e-13,0.8388810766860842
699,2.3503542909736374e-11,6.170842893649099e-12,8.032657188188723e-12,0.8585166107863188
700,4.1141026308320075e-14,3.532775743587562e-14,1.3043044368619686e-14,0.8138592129573226
701,1.3981048873337045e-12,2.466698462223804e-12,9.682079517241493e-13,0.7848120090551675
702,1.0936282932277539e-13,5.151929547569252e-14,4.3777729525433077e-14,0.822353033721447
703,2.1821206608001067e-13,3.840343110766803e-13,1.6825637490046725e-13,0.7739899670705199
704,5.326620818134194e-13,4.261540704934762e-13,2.278199062181901e-13,0.8505105640739202
705,3.0184387604703377e-13,2.668289416983211e-13,1.250870136832575e-13,0.8086111936718225
706,6.23682170455471e-13,2.8861322149405845e-13,3.5503768505492994e-13,0.8441133130341768
707,5.563162470696299e-13,8.143444121842115e-13,2.341494031197489e-13,0.7909047001041472
708,7.323462639606339e-14,2.960476797947108e-14,2.9961672017239976e-14,0.8312628231942654
709,3.833264229977086e-13,1.6767983983250373e-13,1.0537348739926746e-13,0.8408534115180373
710,2.7595598684923577e-13,1.1029851019817693e-13,9.389111505976853e-14,0.8364389644935727
711,8.194265186502237e-13,3.650946421737813e-13,2.749657368035442e-13,0.8226907953619957
712,1.42571546901869e-12,6.081082247177299e-13,5.13504297935952e-13,0.8567406255751848
713,8.089042213048049e-14,2.0943597613384972e-14,3.4911984625659943e-14,0.8227409334853292
714,9.2744495735962e-12,1.0219926593353752e-11,6.920324396846749e-12,0.8649544224143029
715,1.5095827327939918e-13,4.4865967131052076e-14,7.445413091823249e-14,0.8353538239374757
716,5.809682067172922e-13,3.434293783841621e-13,1.9086568570779139e-13,0.8097453492693603
717,1.415385450933862e-12,2.373191057237958e-12,1.1285362147341916e-12,0.8014771347865463
718,2.5466265840160826e-13,1.8533863967887072e-13,1.983937643351252e-13,0.814226751960814
719,5.166025613569684e-13,3.621937083321491e-13,2.5489142083943066e-13,0.8222416419535875
720,7.596474972284516e-13,3.657523709281643e-12,4.4580366654470163e-13,0.758479562913999
721,4.279084923206448e-12,1.3162617636733994e-12,1.0798649042470217e-12,0.870465936511755
722,6.085505729593655e-13,2.3747210881478537e-13,3.206353623835827e-13,0.8439379684627056
723,7.073992761316628e-13,5.780314790210914e-13,4.4301112808818086e-13,0.8139052268117666
724,1.0141753261893798e-11,7.1717805171054535e-12,3.562989852529169e-12,0.794380035623908
725,2.323876142511271e-13,7.183149892265871e-14,1.0855549388454893e-13,0.8187439067289233
726,7.792846445970524e-12,3.667881168244596e-12,3.604158461593899e-12,0.8449328251183033
727,1.668135040839639e-13,3.364812969923248e-13,1.175380403700078e-13,0.7705024224240333
728,4.71636416891985e-13,5.06465587897339e-13,4.0565413928535233e-13,0.8460251718759537
729,7.307384720135658e-13,3.281387424805477e-13,3.8073003677421753e-13,0.8239521572366357
730,5.533173827249752e-14,4.6427311811915664e-14,2.6820616760930303e-14,0.8098192585632205
731,1.460255194493947e-13,9.371052494526855e-14,5.506027826956655e-14,0.8245812298730015
732,3.132767877381748e-13,1.763888075922357e-13,1.1928854392413632e-13,0.8288864465430379
733,1.1403951337156385e-12,1.6116446505644597e-12,6.272969970763585e-13,0.8120684111490846
734,1.6752067003646305e-12,1.0781746570232205e-12,1.1922824500318996e-12,0.8384225089102983
735,1.0144067103759893e-13,8.391501266885224e-14,3.744163920848024e-14,0.8307861560955644
736,3.354793043359189e-13,1.3030688176328654e-13,8.411850834131264e-14,0.8345296144485473
737,1.5396060316509526e-13,2.402395918805727e-13,7.747920667815482e-14,0.8067401805892587
738,1.380334452391259e-13,6.600391995232316e-14,4.489406427984624e-14,0.8246668560430408
739,6.934938159859302e-12,3.000747939479305e-12,3.0136002947792348e-12,0.8242928963154554
740,3.789724946350041e-13,5.938791989118378e-13,4.0690006953876084e-13,0.7927954953163863
741,5.536539725873117e-13,3.5402839601780985e-13,1.570253170372577e-13,0.8433621313422919
742,2.278596349939831e-13,3.4598588118976324e-14,8.542097370250231e-14,0.8303400730714202
743,3.44365758670672e-13,4.729931707540718e-13,2.667886245586438e-13,0.7809570166282356
744,3.224447551010117e-13,1.328622841448598e-13,1.899280261837551e-13,0.8275551335886121
745,7.52692790634284e-13,3.161057340386054e-13,2.356622958584469e-13,0.842321528494358
746,2.908745369567431e-13,4.2672609055055814e-13,1.0352636893483169e-13,0.8275693830102682
747,2.908933966487984e-13,2.3383844092819345e-13,7.922674725722649e-14,0.8234177442267537
748,2.407918981403236e-13,2.913770656979752e-13,2.215895599970751e-13,0.8317354807630182
749,2.737944984814761e-13,1.2278266435581121e-13,1.0879475264923241e-13,0.8439291194081306
750,1.3597796072317932e-13,2.0681642048312117e-13,1.1306312955824547e-13,0.7861521181650459
751,2.660394399039219e-13,2.549340389775394e-13,2.197480466202216e-13,0.8400397378951311
752,8.856525604520136e-13,1.0053496013522078e-12,2.298326339259997e-13,0.8524822294712067
753,3.158277840162933e-11,7.234218608668887e-12,1.329648435660901e-11,0.8390353042632341
754,3.268501013977603e-13,9.969813801452605e-14,1.228791726759464e-13,0.8381294902414084
755,9.422368466597328e-12,1.0002662602113595e-11,6.895143862268665e-12,0.8280450891703367
756,9.137270502431932e-12,3.215479544066017e-12,3.669695687154257e-12,0.8659938406199217
757,1.5925601260105105e-13,1.9893585695731118e-13,1.1117431551774552e-13,0.8362188640981912
758,6.231403209440956e-13,6.899085602698495e-13,5.697355618750755e-13,0.8402938105165958
759,8.230212742078779e-13,1.541609031898352e-12,1.1074842452815922e-12,0.8360132694244384
760,7.559701308414916e-12,4.843056974399104e-12,4.2006814764717626e-12,0.8336187124252319
761,1.8972420317807721e-13,4.0080190546621716e-14,8.275861273309358e-14,0.8023969085887075
762,2.399634263384885e-13,2.2491546823145762e-13,1.7016781171642698e-13,0.8354030899703503
763,2.48087057233614e-12,7.948650596610747e-13,8.35969796739643e-13,0.8577863600105047
764,1.9705742684782314e-13,9.987592450786079e-14,8.24636868251686e-14,0.8397058937698603
765,2.1468307579081787e-12,3.112720187195464e-12,1.0099252670343917e-12,0.7631449409760535
766,5.548232890311363e-13,1.2368583944461884e-13,1.8636900324159818e-13,0.8493449740111828
767,2.30846302087186e-12,1.2003409561562544e-12,8.13551110148815e-13,0.8252914376556874
768,1.6965307541541842e-13,1.8876832744958013e-13,1.2047849830919317e-13,0.8409549165517092
769,4.2172002622266004e-13,2.054563557631434e-13,1.636156364894252e-13,0.8214837688952684
770,2.4735337406972683e-13,2.32868027620908e-13,1.140490281757228e-13,0.8278303196653723
771,2.3245806394650763e-12,1.3317765849757914e-12,1.366620660953943e-12,0.8474480248987675
772,1.5126065480480454e-12,1.0545277432775232e-12,7.14376919802633e-13,0.8511850658804179
773,8.82293449638104e-13,6.566363337913487e-13,3.924285260133829e-13,0.8199268857017159
774,1.0801811779149473e-12,8.440406296578285e-13,7.121696815094834e-13,0.8613324441015721
775,8.870748232751406e-13,7.135706643691607e-13,2.484226958526012e-13,0.8173917712643742
776,1.931078075126577e-13,1.2739426271829597e-13,9.398167473774405e-14,0.7974155163392425
777,7.973982253777152e-13,9.344536290974931e-12,5.352337988728826e-13,0.7494944142876193
778,8.491577354498831e-13,1.5377544295636565e-12,6.776082060351817e-13,0.7908843967132271
779,1.7309916244244452e-13,9.08979450606182e-14,9.299671348077053e-14,0.8145171865820885
780,3.4020009565027954e-10,7.849261752499027e-11,6.819668812816986e-11,0.8620848603546619
781,2.586317096465768e-13,6.998944241593042e-14,8.448975545518569e-14,0.8347033465281128
782,6.433757240188484e-13,1.0697184549705508e-12,7.157712618514873e-13,0.8406408431008459
783,3.2084243474396977e-13,2.1750323977758225e-13,2.103928848780491e-13,0.793422837369144
784,1.912280651013323e-13,1.1019592044027713e-13,9.050620951181749e-14,0.8360042592510581
785,8.092053654219018e-13,1.450998510581282e-12,6.871149772698296e-13,0.7610245277173817
786,4.941005853377582e-13,5.394250002929637e-13,3.571800006978006e-13,0.8402803339064121
787,3.458385128924285e-13,1.6814427128176938e-13,1.1133351640167409e-13,0.8364832537248731
788,7.559582077310704e-13,1.904744424122359e-13,2.651447090416948e-13,0.8366606302559376
789,5.422382197711361e-13,4.4914119916855836e-13,3.9367776243592613e-13,0.8422570124268531
790,1.6106169069063122e-13,9.516333400587709e-14,8.008415409362819e-14,0.8477880679070949
791,1.606262967524203e-13,1.0353314808382485e-13,6.999705674845452e-14,0.8083691913634539
792,2.757950879701957e-12,8.694441981398344e-13,9.737172853684697e-13,0.8736588887870311
793,2.122520466855161e-13,2.549558448484444e-13,1.0626992516850273e-13,0.8255786523222923
794,1.043190770788226e-12,9.99926147771597e-13,8.446425187694681e-13,0.833364842645824
795,1.3004902986748434e-13,1.3317944882039668e-13,7.606568740750633e-14,0.838717476464808
796,4.364736908989066e-12,1.8783943614543816e-12,6.765930424554319e-13,0.8645054183900356
797,1.2138239640826718e-11,1.5274048216322477e-11,3.211221803214648e-12,0.8391230348497629
798,3.1783868030319665e-13,1.3991211635897074e-13,9.483736888645837e-14,0.8375207338482141
799,1.1498391858189505e-13,6.48362900522054e-14,5.6363843513859376e-14,0.8205350808799267
800,6.897640611536096e-12,1.1305933860918002e-11,8.494254640805551e-12,0.8367455892264843
801,9.628649459131864e-13,1.0296147100609152e-12,3.869632202735001e-13,0.7923504904843867
802,1.266407395159763e-12,2.23266864719508e-13,4.4952357093292507e-13,0.8350841151550412
803,1.190733298938051e-13,5.352579617288058e-14,6.931609019687937e-14,0.8078199399635195
804,7.385650706549655e-14,3.704640713586717e-14,2.2033103349608753e-14,0.8348403951153159
805,1.2068267296352081e-13,6.058855857488144e-14,3.273010905231374e-14,0.8260135615244508
806,9.239617889403184e-13,6.795034033259308e-13,7.597786754694698e-13,0.8508652824908495
807,1.95002390940718e-11,1.6774836482283682e-11,1.2121377927975734e-11,0.8362197741866112
808,5.08067468413547e-13,3.597126849082104e-13,2.690681733734845e-13,0.8145715568214655
809,1.5336118789728557e-11,1.2401773647419508e-11,9.788187507403783e-12,0.8249424405395984
810,1.7208791769633473e-12,7.183551869805391e-13,8.321824980465004e-13,0.843738653883338
811,1.734896385480913e-13,1.9658280940714002e-13,7.291535831981139e-14,0.8104385799728334
812,6.930110089506482e-13,4.883898499212268e-13,4.669691135936268e-13,0.7912298259325325
813,2.455541855034537e-13,1.7958753206922035e-13,1.6784633876649406e-13,0.8220740957185626
814,3.840168515077708e-12,4.16288027142041e-12,3.4961040517211528e-12,0.8656504295766354
815,3.326875190925613e-13,4.1601098966591723e-13,2.5602555958465e-13,0.8127012331038713
816,1.6191828581844918e-13,3.2297393137248825e-13,1.296538677491711e-13,0.7849366859532892
817,2.762046946920685e-13,1.0442863560498757e-12,1.2409728050100531e-13,0.7793306658044458
818,2.160426693205108e-13,2.0645701997577845e-13,1.3472098140075376e-13,0.7891307298094035
819,7.818451112067617e-14,6.670733053097417e-14,2.6646929457937472e-14,0.823588813841343
820,3.267564397746201e-13,3.694632415567111e-13,2.708730202981885e-13,0.8403130389750004
821,2.696966878331415e-13,3.81380736307037e-13,7.796394217101608e-14,0.7932707181200385
822,7.798773150865742e-13,2.4061721705201045e-13,3.327834766678877e-13,0.8478269331157208
823,2.0359365759762887e-13,7.793751199447377e-14,8.389766901919125e-14,0.8312048237770796
824,4.1360608176523124e-13,5.242303711720044e-13,1.4887064178953926e-13,0.7936809625476599
825,1.019587881049267e-12,8.685493836084698e-13,5.303383440685435e-13,0.8140877440571785
826,1.2618221529717025e-13,4.827338526483136e-14,2.560765408052869e-14,0.8378546698018908
827,2.7131622273463113e-13,2.0877002339269287e-13,1.896375022094136e-13,0.8129583051428199
828,1.5391286190037399e-13,7.069518470572867e-14,6.096313894674771e-14,0.8059201368130744
829,3.496830393236541e-13,2.905475369922356e-13,1.5771386671631396e-13,0.8077903701923788
830,3.865677816866457e-13,2.7477858917163257e-13,2.770758204274772e-13,0.8352133482694626
831,3.7316636400121193e-13,1.8390187623065992e-13,1.4804221003230085e-13,0.8227797258645296
832,1.962287987072936e-12,1.4273549719325146e-12,1.2625190672710817e-12,0.8401001131162047
833,1.0714516587795908e-12,2.4773639237160937e-11,6.525990006420895e-13,0.7368774608941748
834,2.0643175867329277e-13,2.88295076469046e-13,1.4988830316445257e-13,0.7734514590352773
835,1.7045575337563457e-13,5.417848578651928e-13,7.831705045071457e-14,0.7748030953109264
836,6.76406163193252e-13,4.078185299759878e-13,4.0425957154375444e-13,0.8415050927549601
837,3.4667501358978975e-13,1.2307857252908378e-13,1.8314506596524041e-13,0.814661225117743
838,2.011914540576665e-13,2.270937568306775e-13,1.180362533740185e-13,0.8430346012115478
839,2.770808103290737e-12,1.835549349229156e-12,8.345065082198585e-13,0.7947050620801747
840,3.080031211831701e-13,1.677591736711927e-13,1.6650008707262497e-13,0.8340120496228337
841,2.444886998156456e-12,1.6486695692905614e-12,1.3263738383082584e-12,0.8257246708497405
842,5.019216188851603e-13,2.692294403775575e-13,2.5642193204405935e-13,0.8382769359275699
843,2.712799817921575e-13,1.261179845825424e-13,8.061492052349618e-14,0.8254323650151492
844,6.752436816974345e-13,5.729445959659547e-13,3.9597070495189243e-13,0.8269532058387995
845,5.453030157708591e-13,2.8195411251159883e-13,3.3506474675920214e-13,0.8390491366386413
846,8.91504599704172e-13,1.667385861609171e-12,4.060999043008457e-13,0.8392110902816057
847,3.176109137074303e-13,2.979025246482521e-13,9.414817445892177e-14,0.8251698836684227
848,4.49434097984844e-13,1.0329110453429149e-12,1.560747284564504e-13,0.7757789676077664
849,6.599077898733686e-13,5.014151667141234e-13,3.019058190107819e-13,0.8307523135095835
850,2.0070392835073886e-13,2.264277501362416e-12,1.0841541188772945e-13,0.7457879851339385
851,8.785145804934184e-14,3.939603281767566e-14,4.154882134084893e-14,0.8352516205981374
852,3.0505931070775974e-13,2.892777180167467e-13,2.099800820538904e-13,0.8144463379867375
853,2.625567542769298e-13,2.737700142181736e-13,1.232015445827811e-13,0.7927521395497024
854,1.6554190018541057e-13,9.348767996372135e-14,9.098207020065972e-14,0.8052130918949842
855,8.738208820417135e-13,1.8099877918960376e-12,1.0322022596026869e-12,0.8515517029911279
856,3.647867713886631e-13,2.4546224641837765e-13,2.184526320664577e-13,0.8038365361280739
857,1.013397373683301e-12,3.999578050296839e-11,1.0634678601350996e-12,0.7369156052125618
858,1.0729232731692101e-12,6.727583269040679e-13,4.623437633299918e-13,0.845072278752923
859,4.910665466408427e-13,3.372073839553628e-13,3.2040658902367097e-13,0.8453074801713228
860,2.824638098478244e-13,8.265209987215001e-14,6.684342395469896e-14,0.8415502244606614
861,1.16247208787343e-13,1.1765865429659628e-13,8.179533619216813e-14,0.8343768475577236
862,9.951348574199537e-13,3.1399795084487614e-13,4.4423531242614354e-13,0.8575606785714627
863,2.635081201687013e-13,5.699454460044561e-13,1.268956745719179e-13,0.7730338224209845
864,2.283066413655142e-12,1.442571271479759e-12,1.2391711122366885e-12,0.7961918599903584
865,9.459845692533305e-13,5.573260443941555e-13,3.435618799129429e-13,0.8120252618566155
866,7.587317354747655e-12,3.3994575147559206e-11,5.732171416029296e-12,0.7748956384602934
867,2.031372783235073e-12,1.6099729791698158e-12,6.788272307417166e-13,0.8060945024713874
868,7.536376007081726e-10,7.136481315635504e-10,6.1573840471777e-10,0.8419323716312647
869,1.1431115628540404e-12,1.1179422395178062e-12,9.350972823328206e-13,0.8578036442399025
870,1.8680196729181598e-11,6.2221769509643556e-12,5.167851325333525e-12,0.8093823364004493
871,2.163152051647256e-12,1.4794832246679685e-12,1.4415212285648885e-12,0.7807791287079453
872,2.2417806801461638e-12,1.0626763315353094e-12,6.370667802125782e-13,0.8531646680086851
873,2.050757092481948e-13,2.117318920463463e-13,1.3676805663179497e-13,0.8299307534471154
874,1.4625172060948514e-13,1.339196112114696e-13,9.848977385151485e-14,0.848041720315814
875,1.132647114348718e-12,1.7754654845624262e-13,3.953507010890777e-13,0.840062665194273
876,5.073029978547608e-12,3.2673588727534773e-12,3.429195104877208e-12,0.8386242730543018
877,8.659881185355838e-13,8.094125416703782e-13,2.945673455613909e-13,0.7927097918465733
878,1.315981163613389e-13,1.9270905351955332e-13,7.408189692197843e-14,0.7774898146744817
879,7.185346964415128e-12,2.976944751895002e-12,2.7433431382341528e-12,0.8235907645896077
880,5.288520796117344e-13,3.404193511885645e-13,2.666442532100296e-13,0.800390352588147
881,2.3438272859973128e-11,2.8184327971158555e-11,1.9691496582883533e-11,0.8579059593379498
882,1.1721772426889722e-13,6.326674621999862e-14,6.027524877394676e-14,0.8333481289446354
883,3.8472815039276403e-13,9.5015931270707e-14,9.855334234580869e-14,0.8315515009686351
884,1.1920347516057707e-10,6.123378157388976e-11,3.6799284420534596e-11,0.8569470420479774
885,2.223525899485127e-13,1.5194983351905386e-13,8.21192900196767e-14,0.8276925684884191
886,1.2019305185231302e-12,1.3362958129255278e-12,7.061104093049113e-13,0.8321333585307003
887,4.339969443396314e-13,2.2699680782960282e-13,2.248946105204926e-13,0.8082539103925228
888,3.9409673200174243e-13,1.5597435333984906e-13,1.92553602779587e-13,0.8013951603323222
889,2.5975278920665173e-12,3.935072928887349e-12,2.9128666804769284e-12,0.7637589670252055
890,1.0775305617824793e-13,1.1200150507538755e-13,6.904262992994806e-14,0.789972887840122
891,1.2756770092160126e-12,5.435689805077709e-13,5.626606219598082e-13,0.8577530838549137
892,2.0690284755045465e-13,1.923066382253137e-13,1.2807573285152224e-13,0.7979089411906898
893,1.3087506875371317e-13,5.673825140190613e-14,3.778116736724599e-14,0.834571715630591
894,1.2889407792518045e-12,8.730076314524239e-13,7.969431478226115e-13,0.846172409877181
895,1.506662385679985e-13,1.9812814653906918e-13,5.1760493880067247e-14,0.8080577497370541
896,1.0169423088844435e-13,7.94681582634953e-14,3.4162861652567064e-14,0.8308693742379546
897,9.970295251089406e-12,4.398817519901149e-12,5.845143369662464e-12,0.8420143585652113
898,5.953673175704224e-12,4.0645614406309895e-12,3.616937384707443e-12,0.8464581295847893
899,1.1268493961212282e-12,5.727129547192105e-13,4.943660358826408e-13,0.8459424909204245
900,3.368067315360304e-13,2.156335253861853e-13,2.353208660636872e-13,0.7874367672950029
901,1.8713714437176877e-13,1.532334111423369e-13,8.025504896187015e-14,0.8384066700935364
902,1.85926925243181e-11,1.5498956144310417e-11,9.53028479749816e-12,0.8110558077692985
903,2.0931123114491093e-12,2.8873579392570616e-12,2.0523522680643684e-12,0.8225649481639266
904,1.9031790121126082e-13,1.7917418372620474e-13,7.269742729614705e-14,0.8431729938834905
905,1.4244834179485138e-12,4.825155860334523e-13,6.371994081442146e-13,0.8118256466463208
906,1.8076698356514736e-13,1.9296525734829999e-13,1.52713765897095e-13,0.8094650037586689
907,1.6654271164519438e-13,1.318778239105202e-13,5.847562741170376e-14,0.8323128530755639
908,4.588178328817708e-13,4.53620165981962e-13,2.601414800062057e-13,0.8471179384738207
909,4.96769811039585e-13,4.780124891606336e-13,1.6139282356142484e-13,0.797234873753041
910,2.351806725467208e-13,1.5738152836301648e-13,9.512838266122588e-14,0.8152494495734572
911,2.726501115331679e-13,6.754571243701053e-14,1.0860934172986297e-13,0.8206410240381956
912,9.5834519227206e-12,3.3220082184526357e-12,3.4366999418696786e-12,0.8579936936497689
913,2.437335529782829e-13,2.1515031844462331e-13,9.197331117012265e-14,0.7958170099183917
914,1.3706529955801045e-13,7.196704593524117e-14,7.10206852729478e-14,0.8283154493197799
915,3.434996496119815e-13,4.541794492044742e-13,1.7099236155573613e-13,0.7950852007605136
916,2.257491192215568e-13,1.290845717110402e-13,8.19256172957321e-14,0.8066067272797227
917,6.882041106118013e-12,4.004572386864174e-12,3.842234932168411e-12,0.8536408126354218
918,2.4983934511162537e-13,6.012984392085483e-13,4.266819247569377e-14,0.7771971534471959
919,2.7259268782447713e-13,3.052757584422534e-13,2.330453240993267e-13,0.79111048867926
920,2.436441954200537e-12,1.014807092632341e-12,1.0324144559487768e-12,0.8433081988245249
921,2.4058318696505986e-13,6.49151998376969e-14,7.320007127296936e-14,0.840534595400095
922,4.62400213948158e-13,4.332137344587391e-12,2.567942657850921e-13,0.7519600529456512
923,3.79402045629101e-13,2.207112065331313e-13,2.1682061454397117e-13,0.8272793935611844
924,5.709804790970184e-12,3.948286047373023e-12,2.501056706314002e-12,0.8443849135190249
925,1.8018228017357453e-13,1.1807515149331977e-13,9.632192195888075e-14,0.8095524365082383
926,9.331509236351866e-13,6.000230434850603e-13,4.415944489357115e-13,0.7957760855555535
927,9.163098257127632e-12,4.434736151894002e-12,4.457497873247102e-12,0.8069639928638935
928,8.408537588711149e-14,2.3931930651115648e-14,2.3324526340578255e-14,0.8213747834786773
929,1.894842905882676e-13,2.934832518098596e-13,1.370862688623338e-13,0.77294961377047
930,2.365013057753993e-12,2.4039675379287216e-12,2.200235564683515e-12,0.8601548485457897
931,1.037555441854793e-12,9.09619540369878e-13,2.989173878813232e-13,0.8262910375371575
932,1.553148849992191e-12,1.2666844939568905e-12,1.1849826811374982e-12,0.8583746708929538
933,3.115470596054744e-11,2.374374388564004e-11,9.369685669348643e-12,0.8216765575110913
934,2.71674057854468e-13,2.570384059164832e-13,1.8894241914748198e-13,0.8314781846478582
935,6.487619303317269e-13,7.0122516010848e-13,4.2341991273167174e-13,0.8164509281516075
936,2.723090116740585e-13,1.932823517035741e-13,1.642783314577631e-13,0.837933698296547
937,9.397743795393522e-13,4.1505989045897524e-13,3.945274187894947e-13,0.802976418659091
938,9.288272342927342e-13,4.902500031919775e-13,2.257469916887824e-13,0.8490154925733805
939,4.1551757919446587e-13,2.715945224313031e-13,1.9006373007999602e-13,0.8386479606851935
940,3.072497953485802e-12,1.020048569100769e-12,9.798737751373957e-13,0.8603328786790371
941,3.9611778503703784e-13,2.275075786963569e-13,2.0135751893320192e-13,0.8394851393997669
942,3.644838732269234e-13,5.402869477621052e-13,1.2808280271553721e-13,0.7980769283138216
943,2.3869976317270695e-13,1.7847590627126034e-13,1.174121861822536e-13,0.8200500760227442
944,1.8853057403919463e-12,6.645991331895896e-13,7.172824042034603e-13,0.8238525038585067
945,1.0121232298122417e-12,2.1285779374707363e-12,5.373779875255719e-13,0.7651858333963901
946,2.400256550948042e-13,2.3494382352922253e-13,1.5039312290460965e-13,0.7761433096136898
947,7.88641298169854e-14,3.786539566052355e-14,3.563379851307022e-14,0.8292911412194371
948,6.992355132572626e-13,1.345286061726166e-12,4.1859247546089243e-13,0.773994981078431
949,1.257651316441299e-12,7.884748803686959e-13,9.281130552104997e-13,0.8149574793875217
950,9.382989652038018e-13,3.733603100465731e-12,4.85512422273284e-13,0.7576447092927993
951,6.444163154562149e-13,3.833181718109727e-13,2.0271559282543765e-13,0.8547998152673244
952,4.803661164040763e-13,3.207450043674752e-12,2.680381772979304e-13,0.7612573658581823
953,4.007837247725364e-13,1.6244608673656825e-13,1.078897682404231e-13,0.825209292024374
954,2.261193339594318e-13,6.216014633752052e-14,7.531664891036637e-14,0.8321049615740777
955,2.1726963263055594e-13,4.5079609312187737e-14,1.0919125497646013e-13,0.8006174522452056
956,2.8435501189059105e-13,1.607238169420159e-13,1.1077279434509493e-13,0.8484530337154865
957,2.8915827476395304e-13,9.699505628514721e-14,1.6825902600238104e-13,0.7971181944012642
958,2.4379145302011896e-12,1.5452207484753625e-12,8.486126354620238e-13,0.8395739795640111
959,1.5266033446940526e-13,3.266689727968875e-14,5.764839722715573e-14,0.8365142583847046
960,1.3089050039584377e-12,2.5259129628788857e-12,6.743143731081656e-13,0.7684778536204249
961,4.553198746685839e-13,1.2327578997360516e-13,1.424927717535433e-13,0.8598691333085299
962,3.934415038386065e-13,1.4412889227601406e-13,2.001204629174175e-13,0.8486157968640328
963,3.757943771090943e-13,1.7695982877331604e-13,1.5436963430203432e-13,0.8385743618011474
964,2.91123912357519e-13,2.59357343399784e-13,1.359310677146044e-13,0.841681388579309
965,1.595982695865905e-12,1.0742052215966908e-12,8.336045587535144e-13,0.833490371517837
966,3.794844528331274e-13,2.3367232159575337e-13,2.013498411558467e-13,0.8072250452823937
967,1.0312936678333476e-12,6.047645768636984e-13,2.88283544026512e-13,0.8233712391927839
968,6.687724916518668e-13,4.883912030813969e-13,3.5554802073624554e-13,0.8175224032253027
969,1.0905087115004957e-13,7.748646840564809e-14,7.051322939861712e-14,0.810103471763432
970,3.309166331356571e-12,2.8733798967160844e-12,1.864439763571602e-12,0.8703811712563038
971,1.345857558346889e-13,6.430650157450476e-14,7.071361597239079e-14,0.8006212100386619
972,5.164422860131175e-13,3.148912611137044e-13,3.0955607689526844e-13,0.8143626518547535
973,8.90655423249401e-12,2.3030623518515515e-12,3.786977369717385e-12,0.8501683253794908
974,4.642751233705292e-13,1.944140663269934e-13,2.717436102161528e-13,0.8305005993694067
975,8.863560894919578e-14,1.348183120170167e-13,3.9887944131720705e-14,0.7896999295800924
976,1.624335209809791e-13,1.0152418004191413e-13,6.757388836734264e-14,0.793861489649862
977,2.8053863783944344e-13,5.937145968182712e-14,1.1281920501209583e-13,0.8371399639174342
978,1.5805210086165645e-13,3.575950428840566e-12,1.632077469101102e-13,0.750417152652517
979,6.280792235210669e-13,3.641956203070633e-13,3.303305926133666e-13,0.8460041042417288
980,2.3368400629005304e-13,2.586337372208925e-13,1.9228694865040186e-13,0.7944915736094117
981,6.558110550738873e-13,2.2636959066686202e-13,1.959379317069216e-13,0.8585153136402368
982,2.796279972122452e-13,1.039241686725142e-13,1.1623446411724064e-13,0.8388450795784592
983,2.37668508018708e-13,1.229048748762647e-13,1.1372884302568713e-13,0.8289251355454326
984,8.20680469016174e-13,5.081317198002718e-13,1.9368639970866642e-13,0.8448374722152948
985,2.382481437888229e-13,1.080426079329313e-13,1.0596732108438124e-13,0.8494157586246729
986,2.643314287590981e-13,2.845678656800563e-13,1.496847376611029e-13,0.8339637394994497
987,1.294424932485647e-12,7.592991809907593e-13,7.795243151334042e-13,0.8414649311453104
988,2.615595421481379e-13,2.134322884219942e-13,7.920916084975839e-14,0.8239455070346594
989,5.969436099793613e-13,6.539112348635291e-13,4.740631153153528e-13,0.8425725180655718
990,3.1689837528000687e-11,1.1873221642618098e-11,1.246784611338113e-11,0.8166797056794166
991,6.347337596511857e-13,2.298761693241653e-13,3.3028880631627746e-13,0.8229355735704302
992,3.029345941297942e-13,4.731705379877642e-13,1.7225282162114813e-13,0.8066797606647015
993,2.689528102766712e-13,2.3192123838034145e-13,8.22878711664972e-14,0.8495438173413277
994,3.511300283515194e-13,1.3971598372837805e-13,1.5893329456808124e-13,0.8120847389101982
995,1.806736146144905e-13,2.124079122988277e-13,6.50000682679436e-14,0.784643102157861
996,5.172494682115643e-13,2.564469414401035e-12,1.8466312104541222e-13,0.7565472448710352
997,1.4521647207342092e-12,5.49845779744195e-13,7.361643399731621e-13,0.84171500839293
998,1.4338145420390842e-13,7.403172579283315e-14,5.626209780821383e-14,0.8349929017946124
999,2.58543613981862e-13,1.1969855627851277e-13,8.300238895523308e-14,0.8438782896846533
1000,1.1179910963306286e-12,4.389550819754021e-13,4.152176027044306e-13,0.8119208449497819
1001,4.0451691563889053e-13,1.711365385369304e-13,1.771020779357541e-13,0.8096347475424409
1002,1.5518366456481728e-12,1.9462765261293597e-12,5.377445184034531e-13,0.8321614798158408
1003,4.705471960489056e-13,2.723712536453957e-13,1.9824195995231582e-13,0.8273158624768258
1004,4.5013837788896854e-13,3.500125866910703e-13,3.195790109945372e-13,0.8497739434242249
1005,1.4467943887304085e-13,2.8096302542109936e-14,5.303011005389146e-14,0.8013780658133328
1006,4.07915895325968e-12,1.4387520870914989e-12,1.2555193472261957e-12,0.8187917444854975
1007,1.677467391004192e-12,1.6549174691261698e-12,1.1927016214673609e-12,0.8362021395936609
1008,4.62068549863202e-13,1.008523739092881e-13,1.7513350577008097e-13,0.8507252227514982
1009,2.6824974545867125e-13,1.5517543787299057e-13,1.0901641901280399e-13,0.8289924262091517
1010,4.2976360919970505e-13,1.6356796196934537e-13,2.810126028734686e-13,0.8142849273979664
1011,1.911992960762936e-13,9.962585705095477e-14,1.0904281747226863e-13,0.8219707692041993
1012,1.1490069433026377e-12,1.0253782304296604e-12,7.63403109573865e-13,0.8496866583824157
1013,3.132523017869013e-13,1.5389513335703634e-13,1.612931777611267e-13,0.844526594877243
1014,3.987248148849645e-13,3.2099421900379025e-13,1.633518584670148e-13,0.7881642984226346
1015,5.397515866511129e-13,2.149149278330326e-13,2.727521197398751e-13,0.8267083395272493
1016,3.5542472076917873e-13,2.636551943254557e-13,2.4945508714964506e-13,0.8209321709349752
1017,3.2342938559453894e-13,2.510603755038468e-13,1.6316391951595392e-13,0.8176742402836681
1018,3.7632005402422114e-13,3.424013405173262e-13,1.1728515097781854e-13,0.8430498976260423
1019,2.251195131853873e-13,7.913283497228314e-14,5.63132794450929e-14,0.8025487022474408
1020,6.647647440379708e-12,3.013526078614564e-12,2.809303820508333e-12,0.8524771679192782
1021,1.1368964132349836e-12,1.3880799813731248e-12,6.029142625762616e-13,0.8242214476689697
1022,4.920286896640595e-13,5.423918232192237e-13,4.450265431064773e-13,0.8237771492451429
1023,2.3210151652962626e-13,5.906207935469478e-14,7.195423715303741e-14,0.838074080273509
1024,9.328321353059689e-13,8.066692668947588e-13,8.4489457433743e-13,0.8452117264270782
1025,8.197834411641574e-13,4.95946279201016e-13,4.152441988314466e-13,0.7720782798714936
1026,3.012019628454541e-13,1.0843671205157065e-13,9.851281616338009e-14,0.8378318900242447
1027,6.747148757072585e-13,7.10767506131549e-13,2.5256708672103965e-13,0.7732445654924959
1028,1.117649062330189e-13,5.5884142614171895e-14,5.86401122593686e-14,0.8223024046048522
1029,2.620385839685468e-13,3.018952305892336e-13,9.626357177819161e-14,0.7846816228702664
1030,1.4164564647425936e-13,1.9396353242393872e-14,5.0368681860112414e-14,0.8116550631821156
1031,2.568724679756933e-13,1.140672155365731e-13,1.0166021299154641e-13,0.8393021944910288
1032,5.07686378846883e-13,2.9882904416529733e-13,2.760971890329167e-13,0.8092070957645774
1033,3.2565372607306944e-12,2.7665114584455538e-12,2.292929738333203e-12,0.8069529043510556
1034,8.905417533825631e-12,8.334123787843947e-12,4.144809659383629e-12,0.8246620275080204
1035,5.537109825299932e-13,7.381918354893838e-13,4.229762251260358e-13,0.769299823930487
1036,1.7941215427887744e-13,8.58895577903769e-14,6.838091084892955e-14,0.8347278365865349
1037,1.4446735661235388e-13,1.1332924605669405e-13,7.591155696562884e-14,0.8279503125697374
1038,8.489970653002861e-13,7.23039081023373e-13,2.0487485919083922e-13,0.8244843307882548
1039,2.876776841990987e-13,7.055147372151092e-13,3.7194289832779753e-13,0.8442636653780937
1040,3.5333705660699735e-13,5.129158587151821e-13,3.6953455398721997e-13,0.8287607878446579
1041,1.067094277182991e-12,7.324803199926577e-13,5.124990932064943e-13,0.8461386322975158
1042,6.380582302870953e-13,3.090916042101724e-13,4.264076323535887e-13,0.8054449031129479
1043,3.473279232204472e-13,1.713988496705169e-13,1.7892820229797865e-13,0.8409409817308188
1044,9.079809357392252e-14,1.2459897193975951e-14,3.6341694222255606e-14,0.8177478693425655
1045,3.075094796592298e-13,1.1564121443580228e-13,1.514257145597501e-13,0.8379442084580659
1046,3.4492006009768493e-13,3.003882655264031e-13,1.581379274729834e-13,0.8380966477096081
1047,1.0497225417549718e-11,8.267691802492589e-12,8.471290698573307e-12,0.8452119071036577
1048,4.640988739813278e-12,2.5622927039588447e-12,2.775634505164391e-12,0.8629603892564773
1049,2.312887253430249e-13,2.315279272687404e-13,1.182547992036748e-13,0.8028705084696413
1050,1.0337961802770582e-12,1.181104309817549e-12,7.656993318575197e-13,0.8293669249862432
1051,9.377059483273632e-13,1.2798842687154697e-12,8.818192904843246e-13,0.8491850659251213
1052,5.61006772600731e-13,3.461736496291014e-13,2.9382204684105937e-13,0.8282316952943802
1053,4.44096085517316e-12,2.401186252077784e-12,1.3208316047157622e-12,0.8475259210914373
1054,1.8751829329936684e-12,1.3819544768892681e-12,9.976641869815488e-13,0.8326918471604585
1055,3.0299656394822256e-13,7.696365952900741e-14,1.1550849163498065e-13,0.8108428429812193
1056,2.8828124073573022e-11,1.0841499700160182e-11,1.0875933014665148e-11,0.8708495892584324
1057,7.739693533216129e-13,3.219258046047077e-13,4.852676861631849e-13,0.8404294114559889
1058,4.442455679714889e-13,2.860810082687816e-13,3.131489815870262e-13,0.8515720907598734
1059,5.397828803367107e-13,1.5368314472680089e-12,3.348478566028998e-13,0.7789065261837095
1060,1.282005427502041e-12,1.9693423216514847e-12,8.496599940580113e-13,0.7741529872640968
1061,1.7216017774034517e-12,5.522174768796905e-13,3.856626699031829e-13,0.8522985711693764
1062,1.0753314580902704e-13,3.438395056765305e-14,3.7574310020325283e-14,0.8119581278413535
1063,4.0219811377692484e-13,2.9568762835142365e-13,2.723181832827205e-13,0.8308789409697056
1064,7.41394389365302e-14,4.4103005682252795e-14,2.431442604984013e-14,0.8299909362569451
1065,1.5359261697413492e-12,9.856057718683874e-13,5.233191035864404e-13,0.8427182368934154
1066,2.911687722753746e-13,1.2733122978564144e-13,1.4381810983374877e-13,0.8266321580857039
1067,2.302058317438352e-12,1.5041137139422749e-12,1.3040681019832817e-12,0.8010268805548548
1068,1.0288445340212593e-13,4.3288970042831405e-14,5.62039045915612e-14,0.8287604864686727
1069,1.8591109518997161e-13,1.0683570254954297e-13,1.199145849658641e-13,0.8123416412621737
1070,4.053132354312671e-12,6.219157835697263e-12,1.7917775744912357e-12,0.7882007140666246
1071,1.1435290835840934e-12,7.566189343346045e-13,4.806303617362489e-13,0.8506897240877151
1072,7.431767486372867e-13,1.258803001446479e-12,4.746680917084676e-13,0.7861991971731186
1073,5.724847810330281e-12,4.703217687042128e-11,7.2436582132153824e-12,0.7492916324874386
1074,2.375788570471827e-13,1.5912902631364972e-13,1.5318054451126698e-13,0.827478775382042
1075,2.9957932560648094e-13,1.6565017290214996e-13,1.0030063914878099e-13,0.835807790979743
1076,1.790675661118185e-13,1.7491197800564836e-13,1.268266501574619e-13,0.8175289185717702
1077,3.0351212755080943e-13,1.568244890391561e-13,1.7096846322371962e-13,0.7779751926194877
1078,2.4855360573472307e-12,5.10632827508256e-12,1.0448778730707665e-12,0.7716399190947414
1079,1.6069214976956009e-12,5.343359906288482e-13,7.350922322242087e-13,0.823199774324894
1080,4.5614756962928136e-12,7.31109420413333e-12,4.799240353871044e-12,0.8468956921249629
1081,5.9901119413671846e-12,3.820748543444048e-12,2.3613874853150768e-12,0.8623517490923405
1082,1.633654309936922e-11,9.163954083927884e-12,9.345321417433407e-12,0.8676847979426384
1083,4.81211987500394e-13,3.90749778043211e-13,1.5079348911241026e-13,0.7806862706318498
1084,2.4466676073153617e-13,2.274835996253972e-13,2.1079672962083946e-13,0.8348124898970127
1085,1.6320406706991378e-13,3.0290511460451053e-13,9.754765302210153e-14,0.7735157386399806
1086,1.8326323330270136e-13,6.574337215232926e-14,8.51385175735472e-14,0.8317128321155906
1087,9.928475757255765e-13,1.2035456595829374e-12,4.31616506155086e-13,0.8253359464928508
1088,4.628992711478416e-13,5.045558815846513e-13,2.118700439017949e-13,0.8424976535141468
1089,1.7949517308852216e-12,1.2288502508267009e-12,1.073759347211701e-12,0.8228128744289279
1090,5.310195594663785e-13,1.259454128285759e-13,3.313647555363989e-13,0.7986682645976544
1091,1.9155530779610614e-13,1.0401044970721749e-13,7.60326738211938e-14,0.8448065724223852
1092,1.1101297818603409e-13,6.874170242184578e-14,5.28244858367477e-14,0.8364638367667794
1093,4.199860491364146e-13,7.082002699155782e-14,1.2822740972186948e-13,0.8364838141947984
1094,3.5800555053027893e-13,1.1084428070802525e-13,7.31852123288671e-14,0.8470983393490314
1095,1.4260010474941177e-12,1.4114810286666557e-13,3.9112210534884004e-13,0.8482431039214134
1096,3.1901570356046746e-13,2.400895219875315e-13,1.466854540717094e-13,0.8166970605030656
1097,1.71531815623322e-13,2.008527947227834e-13,6.246081663245567e-14,0.8018098834902048
1098,1.1016775798037868e-12,4.469570889797722e-13,4.2441326367037254e-13,0.8423628631979228
1099,3.75380843381457e-13,1.1355434771906421e-13,1.7541297415858986e-13,0.8001630344428122
1100,2.4939074903692305e-13,3.5627834027349385e-14,8.383236698965118e-14,0.8118535622954368
1101,2.5468658321363376e-12,1.0341492303187065e-12,9.614514303290401e-13,0.8359026599675417
1102,1.3877917388051253e-12,9.250712729632052e-13,6.576263297998649e-13,0.8483034405857325
1103,1.812902059029106e-13,5.6303632688802526e-14,6.542520592787808e-14,0.8140884421765804
1104,4.213829482397861e-12,2.816460037935485e-12,9.781038999002761e-13,0.8646527539938689
1105,6.103018761467327e-13,1.8592480824776694e-13,1.3864162956361108e-13,0.852629154920578
1106,2.606286708375645e-13,1.595206792622444e-13,1.681768205182428e-13,0.8036997199058533
1107,2.0258476553952308e-12,1.1418814156315464e-12,1.0072397151761206e-12,0.8542104389518499
1108,3.6325225788012644e-13,2.0091919237007417e-13,2.499014494068796e-13,0.8097714142873883
1109,2.8996908826088833e-13,1.5332613731962538e-13,1.1004195697312909e-13,0.8483195558190346
1110,4.4038682314984884e-13,4.319537991210926e-13,3.904759694792404e-13,0.8450195401906967
1111,3.54021485194164e-13,4.777375297680016e-13,2.642034143767627e-13,0.8225430887192487
1112,4.567668037321043e-13,3.011805750925576e-13,2.513031207548427e-13,0.8018099443987012
1113,2.3519332419765e-13,3.447300533747315e-13,1.43730943811962e-13,0.7964928420260549
1114,2.9338596440735466e-13,1.8383603904128627e-13,1.9261634151763938e-13,0.805677517876029
1115,3.6019502007008794e-13,2.57540780411447e-13,2.504276633254375e-13,0.8356977723538875
1116,9.38933682462073e-13,9.88090393262627e-13,6.834931539257927e-13,0.8189196990802884
1117,2.0239779145911974e-12,5.516641435034314e-12,1.5801385368647949e-12,0.7739807386416941
1118,2.2632375421302734e-13,5.6141650923790174e-14,4.846483599935716e-14,0.8376506699249149
1119,4.240348903302837e-13,5.235044768140117e-13,2.846160701895764e-13,0.8024946966208517
1120,5.674903087197558e-13,1.8450610822001306e-13,2.699339350156064e-13,0.8545030284672975
1121,3.8623612687706533e-13,2.2079173590942572e-13,1.3197239055685828e-13,0.8477343570441007
1122,1.254138655880889e-13,8.376694235785453e-14,6.707910331072419e-14,0.81711688619107
1123,1.690469579273416e-12,9.410415374840373e-13,1.0155660875161297e-12,0.8442468386143446
1124,8.651200255286481e-12,2.7282991450080422e-11,6.402899999754856e-12,0.8018044349737465
1125,1.140129141906151e-13,4.9122194028975984e-14,3.443385528739871e-14,0.8247209360823036
1126,2.461706569351607e-13,1.0938370155468217e-13,1.1301011434970553e-13,0.8118722395971417
1127,3.7824159266370715e-13,1.978358075960356e-13,2.0430203731502445e-13,0.7980620729736984
1128,1.1086532935264916e-12,6.288460612315509e-13,6.64295763685732e-13,0.8482834309339523
1129,3.392851035758569e-13,1.6326225269521814e-13,1.768773604815436e-13,0.840210921689868
1130,4.332247215832316e-12,1.8944156881286564e-11,2.2364260715591303e-12,0.7498341792495922
1131,3.5930926532032065e-13,2.924917483719317e-13,2.0225154297332845e-13,0.8032990709878505
1132,2.0324718022299714e-13,1.0951692318352637e-13,5.120792315530859e-14,0.8021930006332696
1133,5.660459254814126e-13,4.697092618130971e-13,1.8648688313817065e-13,0.8133232394233346
1134,9.712575000451658e-13,6.888720338695095e-13,5.106961171904561e-13,0.8072326536290347
1135,3.311466069687948e-13,3.093557016228012e-13,2.3237586962309656e-13,0.8231655834242702
1136,4.2110849950082594e-13,2.801568190381532e-13,1.6813786749755405e-13,0.8416853327304125
1137,5.16299992002153e-13,2.557898914785021e-13,2.6347611411683273e-13,0.8400050044059754
1138,2.1692112737692893e-13,1.4113389204662817e-13,1.4180878037618678e-13,0.8031694177538157
1139,1.356135750684782e-12,2.858290204007296e-12,6.221490905827537e-13,0.7619063544087112
1140,6.235681761316757e-13,2.23491956303175e-13,3.031348898396056e-13,0.807244851719588
1141,3.3247914508648788e-12,2.3970168397885773e-12,1.7492714128581733e-12,0.8192577719688415
1142,3.168143797950592e-13,1.641370969212784e-13,1.3719550465672568e-13,0.8395215675234795
1143,8.66865793713712e-13,8.178335812947305e-13,6.023778893927886e-13,0.800438670348376
1144,9.14991077579393e-13,8.450593607641285e-13,8.04890145442523e-13,0.8307592637836934
1145,3.704883961816405e-13,2.9692750526154653e-13,1.9416777782615606e-13,0.8270942015573383
1146,5.732265882231792e-13,2.7947393998481065e-13,2.512124531888693e-13,0.8485253892838955
1147,9.5644655561592e-12,3.099026674300084e-12,3.6615166621578716e-12,0.870770862698555
1148,2.0617475489709614e-12,1.2727438176423186e-12,9.54800467077307e-13,0.8266427228227258
1149,7.671228815495158e-13,8.96326785781443e-13,7.593983767256098e-13,0.8367296624928713
1150,6.03741526697269e-13,2.465940012071427e-13,3.2997990749456257e-13,0.8191178636625409
1151,1.2268167917844957e-13,1.3709463960458262e-13,4.565014826385946e-14,0.8141820361837745
1152,7.325561172515854e-13,5.229906011689505e-13,4.685394368115479e-13,0.7863726295530796
1153,1.3306819268901205e-13,1.3238673630442073e-13,4.0208998222124964e-14,0.7892495627515018
1154,5.479557762046927e-13,5.432743518681797e-13,3.476017836189103e-13,0.7885047201067209
1155,2.870435357076084e-13,1.5729221104010926e-13,1.0542846872156377e-13,0.8286774341017008
1156,2.0812934686901527e-12,5.871223552883553e-12,1.313318121748529e-12,0.8135508769191802
1157,7.687468386482469e-12,4.729915951616768e-12,2.1675781462375654e-12,0.8044643208384514
1158,9.076326729218621e-13,6.362250056465846e-13,2.5543216699965426e-13,0.8479005470871925
1159,1.0461843696734461e-13,2.4944674785799074e-14,2.1954102885508165e-14,0.8234406230971217
1160,4.3870085806121497e-13,1.0356128266451278e-13,1.9812647470761495e-13,0.8126111520454288
1161,4.7632020537485216e-11,2.472101575021161e-11,2.5696307845563034e-11,0.8248499792069197
1162,2.6467186799020048e-11,1.317695571177755e-11,1.277852297822551e-11,0.864763779938221
1163,2.1770576565254558e-13,3.076513186787612e-13,1.7292140308518366e-13,0.8375743582844735
1164,7.952505617039269e-13,5.254494787822933e-13,6.064076008663447e-13,0.8468586318194866
1165,5.313278980884288e-13,7.734121577154639e-13,2.894523791568032e-13,0.7994874595664442
1166,3.2758136946151807e-12,6.207517305830714e-12,2.197228861255068e-12,0.7812743002548814
1167,1.635770687585793e-13,7.415894152415093e-14,6.217076348282928e-14,0.8017771310172975
1168,2.374300138859242e-13,9.149968866965555e-14,9.106845215168024e-14,0.8236472530290484
1169,4.4585181190192454e-13,3.222508635291916e-12,1.664568307505665e-13,0.7575537251774221
1170,1.2861507425209266e-13,1.3433377790550997e-13,6.601431436468226e-14,0.8071024367585778
1171,2.191357790654399e-12,1.3725637923850774e-12,6.732222856326754e-13,0.8617507461458445
1172,8.947073047720078e-14,7.258747256979635e-14,4.728631947869801e-14,0.8395664282143116
1173,4.4146897463229893e-13,1.368657380801546e-13,1.0661843397220985e-13,0.8593446545302867
1174,7.715786382321407e-13,3.404814223239313e-13,2.5121518032120543e-13,0.8398897161707282
1175,1.1203245109355832e-12,5.742012015284405e-13,6.028067474078718e-13,0.7844143363647162
1176,9.756122335984698e-14,3.5511252791997524e-14,4.9905094506080567e-14,0.8002711925655603
1177,8.957768226554511e-13,4.595583667176293e-12,4.796383163268183e-13,0.7508860562928021
1178,2.448283403579896e-13,8.810762275976399e-14,1.0088604828549817e-13,0.8090149679221212
1179,5.984141339428186e-13,8.27963599527627e-13,4.106524635408736e-13,0.8474427957087756
1180,1.6349621581363637e-12,3.7781595023819513e-13,7.013858994250034e-13,0.8430085010826588
1181,9.421395696290044e-13,1.8648206948241356e-13,2.9632594262417335e-13,0.8467549152672291
1182,3.51381804754446e-13,2.0001227018602181e-13,1.6646840383731046e-13,0.8355693340301513
1183,1.4095505077861665e-13,7.816869855802235e-14,8.427375218577308e-14,0.8083329603075982
1184,4.099040278343716e-13,1.6003790222561205e-13,1.986794786758075e-13,0.7925481075420976
1185,3.7935632788052894e-11,8.10305186573435e-11,4.351306560175876e-11,0.8535365469753742
1186,1.1768279047078108e-13,2.1557008093388385e-13,1.6090292773672958e-13,0.8362401438876986
1187,1.265950425761514e-13,1.0553975091316369e-13,6.670172574859457e-14,0.791524716373533
1188,2.7388512577384133e-12,2.680830043984171e-12,2.4130797030428395e-12,0.8508780285716057
1189,3.192084261011627e-13,1.441668114938489e-13,1.64594446699857e-13,0.7885438865050673
1190,6.187302258363802e-13,5.076790738188285e-13,4.488675304033944e-13,0.8480758469551801
1191,3.878165580045269e-13,1.5210799530023426e-13,1.1757064137650534e-13,0.8626191787421703
1192,5.201790423758255e-13,7.635596244476209e-13,5.923723972272545e-13,0.8245145650580525
1193,8.266473002244416e-13,2.6517676472879104e-13,3.097223683139e-13,0.8374396305531263
1194,2.7922173146966497e-12,3.664636081699617e-12,1.7218719041167409e-12,0.8169470211490989
1195,2.436145281869933e-13,5.997846490741059e-13,1.1023324210574917e-13,0.7686016250867397
1196,3.929021485872754e-13,1.878674370186617e-13,1.513976258946238e-13,0.8317853596061469
1197,6.434544742965331e-13,7.577647892042397e-13,4.695873444957362e-13,0.7696936668828129
1198,1.544914816408005e-13,2.839980317816073e-14,4.8517741421163555e-14,0.8317838909104467
1199,1.7014874248312237e-13,9.561802095988809e-14,7.087144096321267e-14,0.8330047795549035
1200,2.88255268657098e-13,2.321942809478955e-13,1.9286536833982645e-13,0.8361792569980026
1201,2.194882662705349e-12,1.6276313502248402e-12,1.2484489528357716e-12,0.8413707379251718
1202,1.0631407899285626e-11,1.1051465785001978e-11,3.668313229574616e-12,0.8268452793359756
1203,2.203970320666361e-13,1.360776569329297e-13,8.445778405710964e-14,0.8446180392056704
1204,1.2357044603067579e-12,1.830618996335016e-13,3.695743298868813e-13,0.8566939890384674
1205,5.734222090650493e-13,2.6231182387011785e-13,1.865088436768611e-13,0.8269780658185482
1206,1.0750767374901761e-13,1.562060679369074e-13,5.829350877964732e-14,0.813008432276547
1207,2.551196999989072e-13,4.9469046448488804e-14,7.892751933449408e-14,0.8520915258675814
1208,2.2699336350693606e-13,4.8464936067682515e-14,7.170784977161004e-14,0.8178253889083862
1209,2.226845441680312e-13,1.0547795703126565e-13,1.0371792359929899e-13,0.8266937403008342
1210,3.352253266428856e-13,4.061611209013963e-13,3.444466805404776e-13,0.836138055473566
1211,3.255755089336827e-13,3.991330457551456e-13,1.9679018144406427e-13,0.8342048907652497
1212,1.2962577250497312e-10,9.483285155239189e-11,9.101247760218293e-11,0.8477092705667019
1213,3.887953507320438e-13,1.562345293821247e-13,2.214580414822628e-13,0.8393958235159517
1214,1.7444566359507565e-13,6.432640332925866e-14,5.1279291909315496e-14,0.8487215582281351
1215,2.4373920800429965e-13,4.7731906923200945e-14,8.629547537101728e-14,0.8160990841686726
1216,3.614256746001954e-13,8.500580102304953e-14,1.4480353730126796e-13,0.8380701145157218
1217,3.627689638946369e-13,3.6422638319134497e-13,2.0789263966443005e-13,0.7916305856779218
1218,8.479427242966697e-14,2.4319789487001025e-14,2.9503431995381454e-14,0.8060520874336362
1219,1.0048863935565222e-12,1.3158025464157708e-12,9.629253380102165e-13,0.8426105335354805
1220,2.3562266223640937e-13,2.0345043134958606e-13,1.982039500544012e-13,0.8397186368703842
1221,7.625814315924811e-13,5.941534026818831e-13,4.484166533038782e-13,0.8376658633351326
1222,2.701933387702201e-13,1.1398754285742284e-13,9.122373910755384e-14,0.8374065965414047
1223,3.3859368817300525e-11,2.2523754040695237e-11,9.445632904652118e-12,0.8364325489848852
1224,3.556307957820008e-13,3.16627634432052e-13,1.3189688338883914e-13,0.8036938400939106
1225,3.549163755391556e-13,2.833522735009869e-13,2.1572011460683054e-13,0.8355861065909267
1226,1.862564646494331e-11,1.877640088543794e-11,1.790588876396543e-11,0.8669712744653225
1227,7.197137412133995e-13,2.1953567512016022e-13,3.7346120584289193e-13,0.82687126994133
1228,2.4200279825108884e-13,3.334909666510667e-13,1.1747422204942337e-13,0.8469666294753552
1229,2.6024510003912525e-13,4.20660910085518e-13,1.660173761549143e-13,0.7842595327645541
1230,1.9213800825558617e-13,1.1621975383716022e-13,5.0621051446539e-14,0.8352190794423222
1231,3.7036525854036245e-13,1.2551931056797633e-13,1.3015764186609898e-13,0.806607473641634
1232,3.7844138260366773e-13,7.606077967711806e-14,1.283652225576098e-13,0.799696128256619
1233,2.039579495010122e-13,2.397020587881849e-13,9.647285649463665e-14,0.8124229211360217
1234,6.341529925558198e-13,3.784001752282164e-13,1.7447518235627337e-13,0.81777653247118
1235,4.251077575388726e-13,1.187378424216529e-13,1.4371140942711817e-13,0.8225490771234035
1236,2.402287538608576e-13,3.649714011802751e-13,1.6001453293956233e-13,0.7801838294137269
1237,8.43582727751915e-13,1.855190243138053e-13,2.1253679176124815e-13,0.8540553081780672
1238,2.064401560585407e-12,1.283563918575925e-12,1.1566312383070169e-12,0.7994115699082613
1239,2.536081922202088e-12,1.006639726873831e-12,6.243863431063893e-13,0.824137506633997
1240,8.656208916512398e-13,7.586043859711687e-13,7.769902318441092e-13,0.8600710235536099
1241,5.953899288602984e-13,3.876624168179045e-13,4.0948272116973633e-13,0.8431268967688084
1242,2.1366491789663138e-12,1.308107452932105e-12,1.3102062667583949e-12,0.8483230374753475
1243,4.846983041666952e-13,4.3746963287713474e-13,2.680416103278255e-13,0.8408685883507132
1244,7.932638780713542e-13,1.1440018875206384e-12,9.478337297759154e-13,0.8314513916149735
1245,8.125977924935417e-14,1.0670422764490297e-13,3.977577061740822e-14,0.8256710831075906
1246,5.844645824225651e-13,6.80958837922002e-13,2.457524753054349e-13,0.851888968795538
1247,2.8580258324396722e-12,3.944532928351726e-12,2.680889939278527e-12,0.8143575749360025
1248,1.7222562484444157e-13,1.9084270330129799e-13,4.885749205099743e-14,0.8092631048522889
1249,4.13848813969459e-13,4.0526932417993046e-13,2.383664346856027e-13,0.7932059088721871
1250,3.03246222427251e-13,2.240964441630793e-13,1.4410664526157645e-13,0.8470693387091159
1251,2.588318682316116e-13,1.3468235959406573e-13,1.5979547033367577e-13,0.8073167479597032
1252,4.942797227350255e-13,1.1529195612718526e-13,2.3400824426639186e-13,0.8062911964952946
1253,3.5094522640043e-13,1.262438282563598e-13,1.6783676878495497e-13,0.8395678732544184
1254,2.98954511423992e-12,1.7035271177381504e-12,1.1210369509761241e-12,0.8021799375303089
1255,6.413533611221208e-13,3.241014072695208e-13,3.6583836424044834e-13,0.8589338090270757
1256,4.0783727075829234e-13,1.531996868191387e-13,1.3528009097816478e-13,0.844862425327301
1257,3.091916861648637e-13,4.133338848462513e-13,2.077533730983667e-13,0.8093101562932133
1258,3.1097582842864773e-12,1.1402922413423388e-12,1.3199947586777844e-12,0.8660511128604412
1259,3.2184978795400666e-13,8.962822342518881e-13,1.4601146257728336e-13,0.7747620609588921
1260,2.4779426367496647e-10,2.1302498929682594e-10,1.5866622437066563e-10,0.8609479323029519
1261,1.928384000082528e-12,1.3872167907449609e-12,1.0553784210952404e-12,0.8417239371687174
1262,3.9825024588541924e-13,1.8952715862818662e-13,2.3194862884955963e-13,0.8405296176671981
1263,5.217317971566435e-13,2.8617216904674735e-12,2.2248355578818067e-13,0.7528619123622775
1264,2.2623763421343346e-13,9.855350190625387e-14,9.609017202422886e-14,0.7982887228950858
1265,6.532768105966438e-13,2.51428826125036e-13,1.800256351788956e-13,0.809557463042438
1266,3.832661448207364e-11,3.6565120820264274e-11,1.4371151834997822e-11,0.8189826812595129
1267,1.82473007497143e-12,9.269588748814156e-13,9.054874946078006e-13,0.8452904239296913
1268,5.744831302883737e-13,6.580964649401795e-13,3.510365451971247e-13,0.7689423192292452
1269,5.927451853923669e-12,4.511077534334179e-12,3.0998727584531467e-12,0.8478018954396248
1270,3.264355077925377e-13,5.813013336319767e-13,2.546569191059891e-13,0.7614113159012049
1271,1.6151381423012568e-11,1.0113337466340608e-11,8.402770180157042e-12,0.8156408371403814
1272,2.548783048390492e-13,6.27503336563208e-13,1.2442858380898132e-13,0.7758652777876704
1273,2.496124869834169e-13,7.321588865320684e-14,1.1615437566149997e-13,0.8108033000491559
1274,1.323461675651619e-11,1.1114913457387471e-11,1.1305776342239709e-11,0.8669678933918477
1275,7.509250905540749e-12,4.450398725694243e-12,4.674908298808529e-12,0.8669506795704365
1276,5.031446613434373e-13,5.222860412047037e-13,2.4877744738834026e-13,0.8221497314050794
1277,1.8172471039316217e-12,1.6061240791764841e-12,1.231967834189379e-12,0.78397073475644
1278,1.4240976703180317e-12,8.297973403202852e-13,6.017359512742373e-13,0.8169351287186146
1279,2.758414140456451e-13,1.032173957303761e-13,7.437214978936045e-14,0.8131655568256975
1280,1.026427635203994e-12,4.168436233223237e-13,3.106143840972569e-13,0.8564386937767268
1281,7.818414788054826e-12,8.18087240617935e-12,7.014612686056923e-12,0.8120492670685053
1282,3.700231794532877e-13,3.4556549335966015e-13,3.0250725855865253e-13,0.8350051254034042
1283,2.8627605657578594e-13,5.814493772690653e-13,1.7861216274033784e-13,0.797374521754682
1284,3.013984388386636e-12,3.577737478830281e-12,3.103496837245581e-12,0.8617924708873034
1285,1.939461912490561e-13,6.422562575579474e-14,9.044974712843155e-14,0.835446615703404
1286,1.0606141672480869e-11,2.323737161811337e-10,6.674995667942734e-12,0.7392583882203325
1287,2.3019272428558304e-13,1.271118060928647e-13,9.746467077720107e-14,0.8309161096811295
1288,1.6317775138029273e-12,7.593070652024421e-13,5.944331181707061e-13,0.826559079065919
1289,2.5071038782964996e-12,9.325023933897345e-13,1.5249490530892582e-12,0.7994073434732855
1290,1.0884970525517886e-13,1.741938005313031e-13,4.5008134007716565e-14,0.7968246861360967
1291,7.167825432512392e-13,4.808565892292921e-13,1.9190728036374654e-13,0.8375996489077806
1292,5.568916276842203e-13,6.101573995670139e-13,4.791761517919958e-13,0.7978918389417231
1293,8.101901398210768e-13,4.662913471239376e-13,4.1646480729387787e-13,0.844726848602295
1294,4.0342461787966877e-13,6.874815699489991e-13,2.867511566280534e-13,0.7703202931210399
1295,2.384064544345557e-13,9.995222095359245e-13,7.761058453957107e-14,0.7655347743537277
1296,2.0737971413246162e-13,1.960991962466988e-13,1.9435670892368966e-13,0.8192413097247482
1297,6.500999678334295e-13,3.382747101916265e-13,3.39648860955125e-13,0.8286072932183742
1298,2.6951705381932423e-13,1.525636975450642e-13,1.3094620630943242e-13,0.8371868696063757
1299,5.177761965660224e-13,5.629889585894714e-13,2.483853468083491e-13,0.8438520111143589
1300,8.00398789887198e-14,3.2427904566035435e-14,3.082814586487658e-14,0.8383398883044719
1301,3.5266971493991814e-13,5.667718915211405e-14,5.081615122902224e-14,0.8294305577874184
1302,2.7865266155594534e-12,2.8404990999350325e-12,1.5193208245563056e-12,0.8672514446079731
1303,6.547138697490485e-13,2.56060383910176e-13,1.7605576466302041e-13,0.8079797504469752
1304,1.3036407570093282e-13,4.1802011338181754e-14,3.61800543890188e-14,0.8395754447206855
1305,8.27115426163061e-13,4.163207353370217e-13,4.028927942034429e-13,0.7798169030807912
1306,1.27255230776123e-13,2.714876218121661e-13,1.571333865004356e-13,0.8158198706805706
1307,2.5063959612363128e-12,2.1913275478438365e-12,1.2408286027173237e-12,0.8391733722761273
1308,1.8772581769120893e-13,1.8111864180662472e-13,1.2480696655892149e-13,0.8421961568295956
1309,1.6837214120464334e-12,1.0695235148696653e-12,1.192189859565269e-12,0.7777925105299801
1310,6.229801248580053e-12,7.701725091027362e-12,5.902806511367552e-12,0.79640002399683
1311,1.9364915686890547e-12,8.066723127323021e-13,1.1740198744233796e-12,0.8186606090515852
1312,1.2069422200048356e-12,9.576154081878892e-13,4.360003610995033e-13,0.8167907061055303
1313,6.169422558278126e-13,3.167115333976677e-13,2.293934109768732e-13,0.7799294914584607
1314,6.515464562327637e-13,5.074633542566176e-13,5.217464355919931e-13,0.8198933601379395
1315,2.302661409025185e-13,1.518892957305705e-13,1.3252841331374038e-13,0.8095531389117241
1316,1.929041276969165e-13,2.7372401912602176e-13,1.3114015940508322e-13,0.8391757065430283
1317,1.5228378813616457e-13,7.046210339794176e-14,5.817226010008377e-14,0.7991169258020818
1318,3.9874373598611873e-13,2.8908808928263984e-13,1.5742859950746937e-13,0.8431142840534449
1319,2.6105484179004785e-13,1.549398574384962e-13,1.0752002339166995e-13,0.8444451723247767
1320,1.0451898159215938e-12,8.690380634099115e-13,2.9122315095183537e-13,0.8489502169191837
1321,8.80722854400018e-13,1.12858767539453e-12,6.547220714097565e-13,0.7882333998568356
1322,3.081077229393037e-13,1.6485436241576977e-13,1.6804668487179585e-13,0.8401031080633402
1323,1.4591586642339433e-11,9.785582580126702e-12,9.649036990423299e-12,0.859605074301362
1324,1.9749470370667187e-13,1.0078155526431955e-13,8.080077690944047e-14,0.8008828797377646
1325,8.70510280249948e-13,4.583110449647792e-13,4.4123476161064443e-13,0.8218698188662529
1326,1.6051560972867913e-13,2.4392651928297423e-13,7.283313053239587e-14,0.7844589960761368
1327,2.458941887769982e-13,1.84473555280291e-13,9.306825324090366e-14,0.8330981934443116
1328,1.2131149971368865e-12,6.022172606736604e-13,5.860793645645693e-13,0.8298187272623181
1329,4.4957698721391846e-13,2.583516743371835e-13,3.024141528630813e-13,0.8165225131437183
1330,9.688272499591481e-13,7.594221027246658e-13,4.730497636987571e-13,0.7856588555499912
1331,9.2902874095289e-14,5.909995784435049e-14,2.4918054783770022e-14,0.7999922452494502
1332,2.8700960046696444e-13,2.1705973878874332e-13,1.7289476205339134e-13,0.7923731003887952
1333,8.874987840574178e-11,1.266767954962282e-10,1.0282706015554823e-10,0.831843164563179
1334,1.3478787743150549e-12,8.722081834906806e-13,9.288184426273473e-13,0.8052089932374656
1335,3.0103630712054493e-13,7.490511622229539e-14,1.169795543906846e-13,0.8157192382961511
1336,2.94911320095874e-13,1.0765973525403862e-13,9.883655688428807e-14,0.8350726682692766
1337,9.453924235323757e-13,5.755790978036195e-13,6.75222677303065e-13,0.8338801570236682
1338,1.0666985853665329e-12,8.929580605656013e-13,8.119356099283929e-13,0.851124930754304
1339,6.438104875686432e-13,2.385124026152427e-13,2.7990382871093073e-13,0.8324949026107789
1340,3.6922757702649273e-13,2.562076137483136e-13,2.3379473993292146e-13,0.8282157575711608
1341,1.9660248144258918e-13,1.1219285696893069e-13,8.400396762789205e-14,0.8203896081075073
1342,3.205111497859648e-13,5.785027252517918e-13,3.9721311976295633e-13,0.8358894053846597
1343,1.7125684761444912e-12,5.363445246476021e-13,4.737330954507626e-13,0.8181149190291762
1344,2.1734604290701255e-13,4.3474460347144883e-13,1.501329561290621e-13,0.7735088085290045
1345,7.353171808781766e-13,3.634970608369424e-13,2.7987226262373534e-13,0.8307139186188579
1346,3.762911597499894e-12,2.137981952204995e-12,2.5681411199433345e-12,0.8583233673125505
1347,1.6979425338091545e-11,2.2977881958947287e-12,5.537972299639531e-12,0.8617155734449625
1348,1.154382253368187e-13,7.119650311769895e-14,5.3744530451635754e-14,0.8070154180750251
1349,2.745364407794902e-13,1.8968949277207118e-13,1.5848238187499042e-13,0.846129820868373
1350,1.699520459575143e-13,3.1876183624456763e-13,1.0196495307272204e-13,0.7804777879733592
1351,1.7058735770890221e-13,1.3857964741845852e-13,6.717085599380291e-14,0.8266636103391647
1352,2.44454676371409e-13,2.9224902551509743e-13,1.3924998172781098e-13,0.774813620140776
1353,2.983169853547775e-13,3.780633678685938e-13,1.6874226296035856e-13,0.7835622254759074
1354,3.137483651001372e-12,3.751838943949828e-12,2.4103197720837667e-12,0.8349972749128938
1355,3.355208841907009e-13,3.147467003016983e-13,1.3708706725550786e-13,0.8212974598631263
1356,3.6513657924047657e-13,6.067333799623837e-13,2.1866990726248062e-13,0.8015605435706675
1357,3.0654544555181454e-13,3.128904309937397e-13,2.3140417312511945e-13,0.8174499632790685
1358,6.118166364636044e-13,1.575547396181584e-13,3.238460768177464e-13,0.8199490604922175
1359,5.861675070692244e-13,7.891736206252218e-13,3.499874357751197e-13,0.8686116345226764
1360,3.5184984582958393e-13,1.6163894854801684e-13,1.443936774895844e-13,0.8483590807765722
1361,2.9882367725436694e-12,1.5558380181882265e-12,1.1506128979340901e-12,0.818101548589766
1362,2.444891541344276e-13,1.0593439499927273e-13,5.3739051296376986e-14,0.805429472308606
1363,9.249530693163448e-13,4.911051361359582e-13,6.404660032302443e-13,0.8370865330100059
1364,4.916106389777555e-12,5.839761731545916e-12,3.690871587968115e-12,0.7804323773831129
1365,8.479352281371481e-13,8.788573550785329e-12,1.1302942228161481e-12,0.750840321322903
1366,9.993449797491115e-14,7.711462186429044e-14,3.7473496761899456e-14,0.8281205905601382
1367,3.593882395623128e-12,2.021973279834701e-12,1.3257315704527577e-12,0.7928333153016865
1368,3.4916509041605005e-12,1.4915733183920832e-12,5.9038079873194e-13,0.7829123986884952
1369,2.595050228695401e-13,2.582648011666902e-13,1.1709311687300351e-13,0.8095301027409733
1370,1.2173295519345768e-11,1.020958530697546e-11,4.271663760277859e-12,0.762098268000409
1371,4.025272311623964e-12,4.392655817308579e-12,2.9282089842819624e-12,0.8460009209811687
1372,7.473878007815894e-13,4.1288732907517854e-13,2.553478127289775e-13,0.8358075732365251
1373,5.488827207058243e-13,1.641582838730719e-13,2.3627814582324704e-13,0.8281779170036316
1374,3.441407762322075e-13,4.1935838815826373e-13,1.6960495793155548e-13,0.8294222828000783
1375,1.4449454545589064e-11,5.138549301369175e-12,4.722974384140657e-12,0.8541022766381502
1376,5.178621046184938e-13,3.619152842677495e-13,2.721256141653073e-13,0.8411435537040234
1377,2.7316540804030863e-12,2.228943200827843e-12,1.0596732538757886e-12,0.7882203846238554
1378,9.982009682391973e-13,6.106042727222169e-13,6.44250346450989e-13,0.823633080534637
1379,1.3395921839118883e-11,3.411321430802927e-12,6.220766401048626e-12,0.8434397649019957
1380,1.1380790590984693e-12,7.033294484098796e-13,2.834107035390446e-13,0.8469138875603676
1381,2.035127811444217e-13,1.1944281536917925e-13,1.0795085857700903e-13,0.8285088825970888
1382,1.5960945966717453e-12,5.568387249733915e-13,4.5333632709452023e-13,0.8236412325873971
1383,4.044978068883349e-13,2.1217934765342862e-13,2.025538070636346e-13,0.8358949307352305
1384,4.258616415015336e-13,3.2269349049933666e-13,2.983071484985822e-13,0.8480029106140137
1385,3.873042025960316e-13,3.970092234892587e-13,2.827103584252476e-13,0.8105863254517317
1386,5.737393328089206e-13,3.201712094831808e-13,3.7932214664444473e-13,0.8199184130877256
1387,2.937366692503856e-13,9.31666514368254e-14,1.3544887755427989e-13,0.8013908682391048
1388,2.052285662414698e-13,3.423196943729621e-13,2.249003601579056e-13,0.8298072637990117
1389,2.028577125757355e-13,7.21297926345103e-14,7.026579099019512e-14,0.8344960253685713
1390,1.6237454317987584e-12,9.488096355508645e-13,9.938130631469406e-13,0.8355419976636768
1391,2.428736893352145e-12,1.0494447161259292e-11,1.3327381501012094e-12,0.7543654483743012
1392,5.007203716174663e-13,6.951514727660207e-13,6.028459971262411e-13,0.8170378316193819
1393,2.228882905090468e-13,3.341767447291325e-13,1.3444168223947494e-13,0.7801313105039298
1394,1.5083399418965208e-13,5.4245333440682456e-14,5.737305331757195e-14,0.8410276370123029
1395,8.821769130125668e-14,2.848864450786834e-14,3.5407141335646e-14,0.8310550162568688
1396,9.149738198517992e-13,8.038354633438931e-13,2.9230835503200826e-13,0.8505288563668728
1397,2.554049163322696e-13,6.285365197533496e-14,6.363354830336933e-14,0.8194193441420794
1398,7.727711195608108e-13,4.877249801036001e-13,3.9880369212175443e-13,0.7978282298892736
1399,6.477618197994751e-13,2.2164323619572121e-13,2.7675497652337533e-13,0.8191017834469676
1400,3.132689229106424e-13,1.807842533043793e-13,1.663964607039503e-13,0.8144313529133796
1401,2.355289562095213e-13,2.757187728894352e-13,1.7489751716021018e-13,0.7915367858484388
1402,5.26557913543642e-13,9.036086176599832e-14,1.965106907811334e-13,0.8471096057444811
1403,4.67270722625481e-13,2.65951886187593e-13,3.321055829192404e-13,0.8403647283092142
1404,5.609022031279203e-12,8.299635862983827e-12,3.139418171276551e-12,0.8144474068656564
1405,6.289774733805347e-13,2.835897468022309e-13,2.0303693473726627e-13,0.8300367526710033
1406,3.661663471452695e-13,5.272960933616079e-13,1.5961545146799298e-13,0.7984097662381828
1407,1.5935452557607872e-13,6.361922595932681e-14,4.1509064234787954e-14,0.7831912495195865
1408,3.522003842426754e-12,1.5589392315932393e-12,1.6977089006722014e-12,0.8221392078325153
1409,2.788059526109279e-12,9.90505044753859e-13,6.129291599330669e-13,0.852261446043849
1410,2.318197529588118e-13,2.506631511771105e-13,1.1767853439202076e-13,0.7945882996544242
1411,4.927902239481414e-13,1.8512692561601694e-13,2.402318764348579e-13,0.831205229088664
1412,3.270964776800872e-13,1.1868342640350332e-13,1.761963542948774e-13,0.8115731442347169
1413,1.4084187727340181e-13,1.3719916493457814e-13,1.281383483148133e-13,0.8384335657581687
1414,2.1611237727561454e-13,2.3966389984412375e-13,2.185574473293219e-13,0.8410137675702571
1415,1.7321558864792904e-12,4.554767321278829e-12,1.0479466168882609e-12,0.7542915922123938
1416,2.7191328231212736e-11,2.1213857405807817e-11,6.855793143713063e-12,0.8468893952667713
1417,1.281761564166737e-13,3.8554185986596566e-14,4.214146179924444e-14,0.8460412118583918
1418,7.260388385284179e-13,7.58168245389783e-13,6.402742392898364e-13,0.8496486205607653
1419,1.4957466717374933e-12,1.4091674249077292e-12,4.844554163902243e-13,0.8030322069302201
1420,1.561673321250253e-11,7.611033690454374e-12,7.636037214269672e-12,0.8752680629491806
1421,4.1209430703137284e-13,2.697565549500409e-13,2.0602859649697107e-13,0.7839725848287344
1422,2.771432615346629e-13,2.2038389994898579e-13,1.2698048732877468e-13,0.8090700327418745
1423,2.1635415193149561e-13,1.0557253486306672e-13,7.873411098821822e-14,0.8275669617578387
1424,1.5498008130585845e-13,1.958038933175885e-13,1.1984015421789364e-13,0.8335384167730808
1425,7.355336350138144e-13,4.749017100581633e-13,5.01749767443191e-13,0.809379948489368
1426,5.386772486056288e-12,2.9496262197874697e-12,1.7077586530725202e-12,0.8527701504528522
1427,2.04112651580088e-12,4.806650214088243e-13,1.0029402654840873e-12,0.8357227858155966
1428,7.658322776373407e-13,4.244613870658293e-13,4.940385724294584e-13,0.7810422208625823
1429,2.336281893056472e-13,1.221971959683596e-13,8.45449876757649e-14,0.833776918053627
1430,1.1776562831686216e-11,5.431357601535201e-12,4.238149364373589e-12,0.843318285048008
1431,2.6318467686529215e-13,1.719116319659334e-13,1.8251630360353933e-13,0.8392795395106077
1432,2.909931466224117e-12,7.232582108405962e-13,8.170390059046071e-13,0.8334937650710345
1433,3.36162350619792e-13,5.268502214324792e-13,3.766431729679797e-13,0.8439692027866841
1434,7.178159013195003e-13,3.167525607774652e-13,3.405539840418922e-13,0.8318748582154513
1435,2.2237796729425241e-13,2.2379809290404298e-13,9.076208704329355e-14,0.8416604261845351
1436,3.514228991636124e-13,3.293908015845319e-12,2.4014377843371e-13,0.7506884570699185
1437,2.822469586831204e-13,1.9657386132558935e-13,1.362605063488192e-13,0.7965093397535383
1438,6.009348849039376e-13,3.1545212056075334e-13,3.2403968811012746e-13,0.8150697581470012
1439,4.0232020695029943e-13,5.155199882235584e-13,3.7618567984042084e-13,0.8465956028550863
1440,9.231416072873576e-13,6.490350971400643e-13,4.927141068301484e-13,0.8249687826260924
1441,5.778347247065262e-13,5.10999094425821e-13,2.733077019164516e-13,0.8336851667612791
1442,3.4608444811623905e-13,3.928261180432821e-13,1.3472361191339805e-13,0.8260474024340511
1443,2.7604759404406815e-13,1.1409153510207878e-13,1.298479670701645e-13,0.7898203618824482
1444,7.532396297783968e-13,6.538876050101538e-13,4.394061775694338e-13,0.8560991115868092
1445,9.254089214331885e-13,8.076264012694717e-13,5.437627610224213e-13,0.772881732834503
1446,1.4581662954288698e-13,2.2493776013288042e-13,6.976201540492317e-14,0.8051572255790234
1447,2.6990849056306688e-12,5.143547193929708e-13,8.470187939365933e-13,0.8552178412675857
1448,1.1399309834433897e-12,9.574689694358329e-13,9.386012246263443e-13,0.7823521334212273
1449,4.4149094455572234e-13,1.42981504577224e-12,1.5493612796971838e-13,0.7707747081294656
1450,1.7476645758254599e-12,9.772131610575425e-13,6.906436537026742e-13,0.7865303401835263
1451,5.673513244612693e-13,5.736381044591692e-13,3.7374109812147284e-13,0.8299364864826202
1452,2.1507987862692277e-12,1.1647625023606273e-12,1.3582419331061553e-12,0.8318782944232226
1453,7.491251230513487e-13,3.868674549976482e-13,3.2012774813791575e-13,0.8290155263617635
1454,1.090702627170491e-12,8.874351701373734e-13,7.120068563837054e-13,0.8430952973663807
1455,8.52012010484824e-12,5.736618829792765e-12,4.589838091267893e-12,0.8490438394248485
1456,3.956071092691421e-13,1.829305985591921e-13,1.6822360359974396e-13,0.7895217063836754
1457,2.986828558226244e-12,1.207216369221667e-12,8.99949925541355e-13,0.825638915784657
1458,3.82176753153127e-13,1.296245027405976e-13,1.6635679707075221e-13,0.8277510918676854
1459,4.0242715293869413e-13,1.738334588164696e-13,2.509482856233593e-13,0.8099852658808231
1460,4.0673593651212826e-13,2.387860971362776e-13,2.523927654366418e-13,0.8350967021659017
1461,1.4436467772833529e-12,5.699292375650206e-13,7.584510651360157e-13,0.8121859963983298
1462,2.031080711028743e-13,9.262260604932313e-14,7.730321304906435e-14,0.8502533528953791
1463,2.134671764874771e-11,8.54432450076898e-12,7.314400800104045e-12,0.8352927772328258
1464,1.7173187200583917e-13,6.122276519139158e-14,5.6280679918807e-14,0.7935294470749795
1465,1.6886445671145692e-13,2.1237487693928922e-13,1.162869651944949e-13,0.7873057628050446
1466,6.845808184660194e-13,1.391020601529759e-13,2.5072609145067014e-13,0.85328836068511
1467,5.553660254051721e-13,5.539362665640907e-13,3.69574554092432e-13,0.7900298613123595
1468,1.8314630440855413e-13,1.4236057627119698e-13,1.1007686425267626e-13,0.7883581837639213
1469,2.75805908205254e-13,2.82703053149155e-13,2.027969569950515e-13,0.8469703633338213
1470,2.3807462996112108e-11,1.255494600727632e-11,1.0685329362558651e-11,0.835980224609375
1471,1.36561230542441e-12,7.153356362735286e-13,8.02201675969418e-13,0.8439462210983038
1472,6.436646678551906e-13,5.271411820738669e-13,3.011695417014476e-13,0.8215923584997654
1473,7.361675006369106e-13,9.656844647939444e-13,3.974397983817355e-13,0.8267608158290386
1474,1.7480046490476678e-13,8.466517553296784e-14,6.386380080855089e-14,0.8351192321628332
1475,2.9334373934402e-12,2.0541513955499085e-12,4.584899787504808e-13,0.8512444525957108
1476,7.625832770418913e-13,1.0484978201644302e-12,5.127835273819441e-13,0.8358395330607891
1477,3.405212469321048e-13,2.3638064157489613e-13,2.0333758647577121e-13,0.8523809500038624
1478,9.069892625059184e-13,9.416083077089605e-13,6.420624348260056e-13,0.8531639538705349
1479,2.2453736907137897e-13,8.930679641087634e-14,7.672651799047909e-14,0.8126734552904964
1480,6.634607715252963e-13,9.30672432657945e-13,5.767979659785366e-13,0.7744170187506825
1481,9.090791334848158e-13,1.0646586793943452e-12,8.262008946126972e-13,0.8037783388979733
1482,8.232409215498993e-13,5.807459763878353e-13,2.356323683071364e-13,0.8153379276394844
1483,2.741326300755559e-12,1.4563558523254142e-12,1.1775881553508213e-12,0.8250846048817039
1484,4.757672052134988e-13,3.4729748686058e-13,3.033389705472124e-13,0.7859415332786739
1485,8.68859840597341e-13,6.579521827002532e-13,4.835890838878251e-13,0.8551836099475623
1486,1.64949664749909e-13,1.3637911638368165e-13,5.4393513336216236e-14,0.8399550594389439
1487,7.279152763073788e-13,4.026562553381629e-13,3.176183431767391e-13,0.7972826451063156
1488,9.384725894302427e-13,1.5525044146446217e-12,8.661182812736014e-13,0.8534096136689187
1489,7.726356903019456e-13,5.200622311298978e-13,5.448745439439057e-13,0.8556376617401839
1490,1.0297408015595977e-13,3.5857481264184624e-14,3.750146193997717e-14,0.8151737058535218
1491,2.395373549414146e-13,2.0516693343633418e-13,1.4985483117387636e-13,0.7995922663249075
1492,1.315995636650365e-13,3.6224845054937795e-14,3.6432599166574734e-14,0.8203618932515383
1493,2.599696338534762e-13,1.4886798545443589e-13,1.3399598495834814e-13,0.7982594000175596
1494,1.1893614641540405e-13,2.719874874212497e-14,4.58001655407461e-14,0.8241806417703629
1495,1.8188224187786408e-12,2.362935575496905e-12,8.55113141262448e-13,0.8232498241588473
1496,4.248784381171495e-12,2.8139406309997187e-12,2.5209761535175882e-12,0.8068517470732331
1497,1.7491098160892577e-13,1.8404906316618336e-13,1.5315389243065261e-13,0.8127049914561212
1498,2.50003263646956e-13,1.651525457771529e-13,1.824423559347936e-13,0.8339427676051855
1499,2.2209154187461137e-11,3.8244542448414494e-11,1.044911288286582e-11,0.8231899783015251
1500,7.774424109926547e-13,1.0128115212856477e-12,2.0695453116411105e-13,0.8006463936530054
1501,1.1446249586403317e-12,7.750540865920572e-13,4.520789770769676e-13,0.843681825697422
1502,6.197179826410262e-13,2.610933981296831e-13,1.9613649505418252e-13,0.83624601457268
1503,3.3784524093822205e-13,1.2438670645014866e-13,1.2728153792746138e-13,0.8346250103786588
1504,3.810240299300653e-13,6.53614791614533e-13,2.3096662340537334e-13,0.7756839119829237
1505,1.26301828505013e-13,8.588363737115632e-14,6.532629618873345e-14,0.8520342715084552
1506,3.8273456217915397e-13,1.4064919947483978e-12,2.0968484401384425e-13,0.7626795095391572
1507,2.370321904323163e-12,1.3636466101865344e-12,1.0832362699892462e-12,0.8272625863552093
1508,2.045707108215609e-13,1.904585828294745e-13,8.646588752343737e-14,0.7963111059740186
1509,6.850163702862021e-13,1.8851654903433138e-13,2.573201269328086e-13,0.8521595533937216
1510,1.8707687355908443e-12,3.676373349815008e-13,8.39838050837908e-13,0.8532860517501831
1511,3.59694368601036e-13,1.1043511165250867e-13,1.5566158667836158e-13,0.8501072704792023
1512,2.505346221926393e-13,7.178198548935646e-14,1.28352202620861e-13,0.7994699738919735
1513,1.918101561877365e-13,1.035363007508357e-13,7.77510204223015e-14,0.8352283466607332
1514,2.398913551330316e-13,6.856655493503169e-14,9.019084276944044e-14,0.8241929633542895
1515,5.592944864963738e-13,1.7838675309174016e-13,2.733623087774837e-13,0.8261554414406419
1516,9.505169760896648e-13,6.027134696601682e-11,2.513623974366626e-12,0.7322992935078219
1517,2.3846475431051344e-13,6.507235934901178e-14,8.582090334592954e-14,0.8216978687793016
1518,1.455344730529274e-12,7.398377796645786e-13,7.148158104428173e-13,0.8358056474477052
1519,1.7258035591799953e-13,1.2203743072443096e-13,7.646424902987226e-14,0.8186591351404786
1520,7.414124857457087e-13,4.2273205511452263e-13,4.479271826219443e-13,0.8508823733776808
1521,1.2549425241555877e-13,6.4086708115473e-14,7.171305449783446e-14,0.8066299044527113
1522,2.6717142952137163e-11,1.90202349910849e-11,1.1743451082091346e-11,0.8505060989409685
1523,4.49410721817086e-13,3.031535172079447e-13,2.2333251591941095e-13,0.8405345533043146
1524,3.3385773243715586e-12,2.3937559364178654e-12,2.0710785445452468e-12,0.798816903680563
1525,2.6681429343452385e-13,4.73423414458578e-13,9.704633723708165e-14,0.7697211222257465
1526,2.390260887039754e-13,1.4429023660700397e-13,8.031444005070142e-14,0.8387970140203833
1527,2.520850897610056e-13,2.1608922379279563e-13,1.1417416931011499e-13,0.7793253705371171
1528,4.210222615230176e-12,2.9956997866665934e-12,2.271302136849584e-12,0.848691600561142
1529,1.7481163691913337e-12,7.527360382325662e-13,6.461291753483662e-13,0.84490748308599
1530,3.324970198285559e-13,3.9064730445716853e-13,1.1626746790119538e-13,0.8112703301012516
1531,3.61436833746878e-13,3.435378184737475e-13,3.234961031964857e-13,0.8234137471765279
1532,1.5412008324271737e-13,9.667636142320177e-14,7.281832763712563e-14,0.8228161497041583
1533,4.721512906490645e-13,5.464213682059262e-13,2.1844043300333898e-13,0.8435617323964835
1534,2.3986675554491023e-13,1.3433291017444346e-13,5.860829100690002e-14,0.8444018613547086
1535,9.917088365880824e-14,6.335555963771102e-14,5.285224025839938e-14,0.8342383820563555
1536,3.031802268335152e-13,2.1318313318270427e-13,1.358422860034513e-13,0.8111774167977274
1537,3.071615488344088e-13,1.822788515075393e-13,1.3363818859015196e-13,0.8164105415344238
1538,1.134092364409234e-12,3.939180570174073e-13,3.4782704022533914e-13,0.8425738830119371
1539,7.00492394449572e-14,9.185768226855299e-14,2.071214209367824e-14,0.8200105097144842
1540,7.80942440001643e-14,3.163364226783127e-14,3.1123454971491426e-14,0.8174455173313617
1541,1.1151357198164293e-12,4.541084505500968e-13,3.1064329992522453e-13,0.8376967716962099
1542,5.951617545728421e-13,4.148183550283709e-13,2.3768505467129454e-13,0.8301479261368513
1543,1.0331420456765173e-13,1.1618492921306853e-13,5.953622376521941e-14,0.843316875398159
1544,2.1844241481037723e-13,1.1381719437472554e-13,8.667005512294727e-14,0.8118155324831605
1545,3.1336961831218325e-13,8.615947365703996e-14,1.0039778814518283e-13,0.8295520259067416
1546,5.395077367442876e-13,1.186819451383367e-12,2.5525779118394216e-13,0.764567764941603
1547,6.322350888039904e-13,3.595586703402955e-13,2.5438269608345456e-13,0.8521225027740001
1548,4.560579751779893e-13,2.0121852579380643e-13,2.2027209969697425e-13,0.8373188871890307
1549,1.4355457204723825e-12,4.802065566179031e-13,6.658346737108293e-13,0.8562085349112749
1550,5.179494241179202e-13,5.322711174438032e-13,2.589645340836933e-13,0.8100308744236827
1551,3.330083260273606e-13,1.608311716578905e-12,2.289614446747569e-13,0.757201054925099
1552,2.033007911943446e-13,5.6480011831024846e-14,5.764455067085012e-14,0.8205576688051224
1553,5.030738276197333e-13,2.0153349469703082e-13,1.4664695471611285e-13,0.8036781459115445
1554,2.90271798770646e-12,8.16230374861028e-13,9.361114798989778e-13,0.8633635833859443
1555,2.26516467059611e-13,1.0496182205609897e-13,5.4713123452849327e-14,0.835541177354753
1556,1.7661151695733198e-13,3.0744091082044013e-13,7.015886996363422e-14,0.7945967041887343
1557,1.1493507419435268e-12,7.65012484494052e-13,5.35931781738758e-13,0.7856511201709508
1558,8.712213710411796e-13,4.208222190552528e-12,5.641571637971656e-13,0.75607491992414
1559,3.44180271469327e-13,1.415208956349391e-13,1.5480970184475302e-13,0.8199483910575509
1560,3.497000236129359e-13,3.082004328468753e-13,2.750126254001108e-13,0.8270121136680245
1561,2.911579438459868e-11,1.9936787959659418e-11,2.1197273560030857e-11,0.8592788424342871
1562,2.0539272035749323e-12,2.195364970769658e-12,1.0549920310307734e-12,0.7859125300310552
1563,2.0550468464078143e-12,8.186354995518172e-13,9.36291290204578e-13,0.841475711017847
1564,1.0754484710316765e-12,8.695055424591462e-13,7.71618285713198e-13,0.7969253587536513
1565,1.446589388453245e-12,8.82266900538756e-13,8.920484885754886e-13,0.8461456686258316
1566,1.8420052578054014e-13,9.933512468303753e-14,7.006556621696222e-14,0.8303739540278912
1567,5.375103222534518e-13,3.1497578016806495e-13,3.8736980641959473e-13,0.8266350330784917
1568,2.242821248335003e-12,1.6256102593703005e-12,1.6874446052725405e-12,0.7877413086593151
1569,6.316329424439226e-13,2.897192519851216e-13,3.780715469956703e-13,0.8085719164460897
1570,1.901844775351861e-13,6.363040492949767e-14,7.411480572655942e-14,0.8126856869086623
1571,1.5248014280109942e-13,5.3006232422970105e-14,3.6528341207240505e-14,0.8364390222355723
1572,4.715935636132071e-13,9.084948574957957e-13,2.803326408129961e-13,0.7743777784518897
1573,2.1006132717056217e-12,1.6557162933244544e-12,1.457065083253843e-12,0.8509516749531031
1574,5.562934837890679e-13,2.033255911757347e-13,2.654274419652208e-13,0.8514977052807808
1575,3.295837263629465e-13,1.2365580028285788e-12,2.513278621088058e-13,0.7607622913084924
1576,3.88101404248283e-13,4.2307114199662983e-13,3.2838427291860694e-13,0.851773913949728
1577,3.719133721369695e-13,3.194628341873655e-13,2.997505107581224e-13,0.8150387424975634
1578,3.2333127785021945e-13,1.9054350223762025e-13,1.2228761381150737e-13,0.8243767749518156
1579,4.393728662325533e-13,4.2571014322081473e-13,3.245376305442518e-13,0.8019334404729307
1580,2.410662340528634e-13,9.469282380998939e-14,1.4523913119526716e-13,0.8052436888217926
1581,1.711798518626981e-12,2.37398758582405e-12,2.2087537136903706e-12,0.8214537721127272
1582,3.592281899185724e-13,3.414358074577834e-13,2.380580074102892e-13,0.8187002710998058
1583,3.824052112922085e-13,3.3160964339265973e-13,2.512991239577806e-13,0.8142773825675249
1584,2.842920299014196e-13,9.982275483446697e-14,1.474951117931614e-13,0.8429972220212221
1585,1.726765195448231e-13,1.0816998024213173e-13,6.104083227608679e-14,0.8087203261442483
1586,1.520796090955247e-12,8.932415005232703e-13,9.207286372322533e-13,0.841819093003869
1587,1.6002854860259626e-12,9.38951541425563e-13,4.020200154703057e-13,0.8353249404579401
1588,1.1296807059060194e-12,6.746107020341941e-13,7.061649625073829e-13,0.8452193770557642
1589,4.150281832226011e-13,2.347422984259144e-13,2.279862844829131e-13,0.8171527873724699
1590,8.441506700080466e-13,4.930391205184968e-13,4.158639694455812e-13,0.8547826744616032
1591,4.060115046297591e-12,1.2479402409289154e-11,3.955868082171347e-12,0.8322243165224791
1592,5.695496802258223e-13,5.008482127312437e-13,4.4730630959791526e-13,0.8265515660867095
1593,2.715486443180514e-13,7.636921251173383e-13,1.2507914592105057e-13,0.773827244155109
1594,6.895623404543605e-13,6.75466671366301e-13,5.559546749158037e-13,0.8027575351297855
1595,3.812612430097622e-13,2.313302570162509e-13,1.8711212897496177e-13,0.7855936513282359
1596,6.904067527995719e-12,2.1802756893304497e-12,2.7418059164680925e-12,0.850192541256547
1597,2.220447999949074e-12,2.690865898139911e-12,1.6990911551982037e-12,0.7872489780187607
1598,3.201066362237371e-13,3.434277763255208e-13,1.3487996189833978e-13,0.8233542697504163
1599,1.489990861154045e-13,5.821493958045757e-14,6.847977679773626e-14,0.80940314643085
1600,6.17470071404452e-13,2.1035940009137761e-13,3.382530287449704e-13,0.8395750049501658
1601,2.1402085157973187e-13,9.24312587043085e-14,6.843390633203366e-14,0.8299634048715234
1602,2.3141523966409736e-13,9.888322034629252e-14,6.869316140374199e-14,0.8363335624337196
1603,2.2053351840975493e-13,9.26920058248626e-14,8.123830863284906e-14,0.797221623454243
1604,3.508840489730924e-13,2.1157299093022573e-12,2.425907115154333e-13,0.75336884111166
1605,2.578637232578856e-13,1.4861491935999e-13,1.359211220153329e-13,0.8162859143689275
1606,2.2049917124308886e-13,2.9717448582289974e-13,2.2671445119568099e-13,0.8378863418474793
1607,6.802233387886708e-13,3.542513395482192e-13,4.1161158843535756e-13,0.8028093080036343
1608,3.475160549340522e-13,4.533557673281408e-13,1.8086289571320843e-13,0.781632581492886
1609,1.925966275777799e-13,1.0084125937679383e-13,6.38552354044012e-14,0.8325628563761711
1610,1.1099836036305233e-12,1.850915875407594e-10,4.986416858745717e-12,0.7146292910561897
1611,1.00147934224483e-12,7.638570814609373e-13,7.161719938036672e-13,0.8023105100728571
1612,2.388774970767276e-13,1.5498048549168286e-13,1.5077071965173436e-13,0.8053230216726661
1613,2.0169853335517106e-12,1.30223769123012e-12,1.305519053336173e-12,0.8428953666239977
1614,4.692857205399867e-13,2.7163603410684634e-13,2.736852636408593e-13,0.8333208885043859
1615,4.917004659444125e-12,6.575672924118713e-12,3.4687034354873927e-12,0.8384165868163109
1616,4.859428037311406e-13,1.976583011217846e-13,1.7612473823918647e-13,0.7947831500321627
1617,1.2708343265515351e-13,2.165443402248952e-13,4.199678203863426e-14,0.7772111141122877
1618,9.322930444534657e-14,1.0632439356366957e-13,3.306059416909157e-14,0.8002605468966066
1619,3.760329358168962e-13,2.215920805498483e-13,1.5102267687293737e-13,0.8321971705183386
1620,2.2708991511537712e-13,4.28361335299185e-13,1.3817257295994085e-13,0.8295709470286965
1621,1.513983428755445e-13,1.1347385579246e-13,5.6084129171671273e-14,0.8295217633247376
1622,2.3246573304323793e-13,8.317224409755522e-13,1.2986168408378913e-13,0.7638763087801635
1623,4.765027974567664e-13,3.050705096465184e-12,4.12199527418873e-13,0.7586431123781949
1624,1.0020891078433225e-13,1.1103426927379493e-13,4.4928156567739686e-14,0.7944381230510771
1625,7.676732431053282e-13,5.684787038049767e-13,4.819812579394032e-13,0.8386703424155713
1626,2.976993198045704e-13,2.648508625704909e-13,9.243490898498425e-14,0.7685979706700892
1627,1.3537776498944365e-12,5.730916995589077e-13,5.638050114543716e-13,0.8438809122890234
1628,2.2445631845663185e-13,2.454403812303032e-13,8.823811812628051e-14,0.7896623246371746
1629,5.093361596732136e-12,3.048570935608631e-12,2.682039276904356e-12,0.8626713443547487
1630,1.690464157635349e-13,9.773937114765108e-14,7.826198769826514e-14,0.8157798135653138
1631,3.9085033443019945e-13,9.24145869393939e-13,1.8490695565105003e-13,0.7718893869314343
1632,6.483371079839627e-12,4.967845146680635e-12,3.855290378451303e-12,0.8106354992836714
1633,3.889717619687422e-13,1.6555449882664928e-13,1.1413705140107866e-13,0.8281768536195159
1634,4.1452069599858743e-13,1.8353357615075138e-13,1.4215367071805902e-13,0.8099711557850242
1635,2.204898816011761e-13,1.289960159051343e-13,1.240242610505021e-13,0.8099290469661355
1636,7.074747830184789e-12,1.2880089035750791e-11,4.326016991821218e-12,0.841492573544383
1637,5.515054163618351e-13,4.960993405019171e-13,2.756853717017503e-13,0.7770071290433407
1638,2.6652035970950804e-13,4.552061968023806e-13,1.181421438635256e-13,0.8164750900119543
1639,1.8849203030462121e-13,1.3751442422904517e-13,1.3858333089746816e-13,0.823488787189126
1640,1.2075879307129876e-12,3.575791296017949e-13,3.528968230596298e-13,0.8407441090792418
1641,2.1932630422151706e-13,1.3461415017275066e-13,8.281037987890928e-14,0.8079614485614002
1642,4.947998417718008e-13,4.351512080884022e-13,4.088077735961948e-13,0.8192088179290294
1643,1.547386892865444e-13,7.197561787316788e-14,6.540277020980062e-14,0.8191271549090743
1644,2.7601405715713483e-13,1.6158674740433716e-13,1.427087656882509e-13,0.8454021535813808
1645,1.451841243999602e-13,2.7454784077611e-13,1.6242051364452118e-13,0.8143524145707488
1646,1.6386025518667033e-12,8.770306536597938e-13,7.332407353724663e-13,0.799644636362791
1647,1.0829809899464742e-12,1.986953785835076e-12,1.2941546385163672e-12,0.8429622612893581
1648,1.7823444313055419e-13,2.011761148726602e-13,9.918090519309669e-14,0.8170091673731804
1649,3.33509243883628e-13,3.9992153379089634e-13,2.21463081774896e-13,0.8344460472464561
1650,8.347099976244682e-13,3.4650275387365627e-12,6.260463866438987e-13,0.7598924911115319
1651,7.596824260510146e-13,3.1961753169287054e-13,4.4053308895489994e-13,0.7967893433757126
1652,4.78488973653342e-13,3.304768903710477e-13,2.3072697801580023e-13,0.8498319704085588
1653,3.501387744345141e-13,1.3203439516479288e-12,1.5225849440631038e-13,0.7651418063323945
1654,5.587543465284695e-13,5.462188797103645e-13,3.2939249682177095e-13,0.8192453170195222
1655,1.1235732559844038e-12,4.038657951243472e-13,3.7057155551914054e-13,0.7668924826197326
1656,1.4657840910424389e-13,6.483942611132423e-14,6.923218178393974e-14,0.8117865181528032
1657,2.92847315961535e-13,1.224762971925333e-13,1.3899560209446273e-13,0.8412412788718939
1658,1.342219192497714e-13,2.0387887318858494e-13,8.78348181012114e-14,0.7740910615306348
1659,5.812553262948664e-13,1.557264232134925e-13,1.4469529412981536e-13,0.8427735928446054
1660,3.262101972961643e-13,2.4132877913397697e-13,2.211962859628159e-13,0.8125179875642061
1661,1.1747981532608114e-12,3.150039753011297e-13,4.2004801779069675e-13,0.8474540866911411
1662,2.565699514802388e-13,1.810982736964279e-13,1.0931917740528481e-13,0.8375696839764715
1663,3.305445472790536e-12,1.8710904395633004e-12,2.2339878659290843e-12,0.815584916062653
1664,6.163068990635989e-13,9.34892384100506e-13,2.459274873312405e-13,0.8211342494934797
1665,2.8189734547406146e-13,7.555104973176614e-14,9.544033275268692e-14,0.837143293209374
1666,4.0658836227012634e-13,1.0863584312569823e-13,1.7902304127521696e-13,0.8397763039916754
1667,2.6875823047482125e-13,2.831003738864625e-13,1.081921103606888e-13,0.8018325769342483
1668,1.6977611288900176e-13,1.673583872018045e-13,4.116841329699144e-14,0.8288899334147573
1669,4.715669645702578e-13,3.136610163730165e-13,2.932038430582501e-13,0.7889879920519889
1670,6.327798751489147e-12,2.1134859514150683e-12,1.7942045505081589e-12,0.8223343202844262
1671,5.487732525037308e-12,2.292279649291616e-12,2.084315899000317e-12,0.8531929038465023
1672,1.5271325767677937e-13,6.239269270100012e-14,6.074694221922553e-14,0.8346046946942807
1673,2.1374184442927534e-13,6.912841456555112e-14,4.781512655426107e-14,0.8302407206967473
1674,1.584236430248638e-13,5.525897585618155e-14,4.330376870075944e-14,0.8241337932646274
1675,1.9403793592322867e-12,1.3324058121443543e-11,2.959507081878628e-12,0.7499091409146785
1676,1.3814883665268557e-13,7.154709674096778e-14,5.094510307269871e-14,0.8216818446293473
1677,3.570948948961438e-12,1.0340022296864516e-12,1.1781110311341098e-12,0.8484799221158028
1678,7.864830295020899e-13,1.930074336166477e-13,2.978361927015745e-13,0.8385590344667435
1679,1.2485975955117887e-10,4.633121670527012e-11,3.5598832700366286e-11,0.8640739545226097
1680,4.236296949353728e-12,2.5128368942557955e-12,2.545817434812153e-12,0.7923176409909501
1681,7.69838593251438e-13,5.60856827833441e-13,3.167817669420953e-13,0.8466926950961351
1682,1.7876464061192149e-12,7.694208261296505e-13,7.885950411426638e-13,0.8586607813835144
1683,2.7618110763089733e-13,1.2347452785783042e-13,9.579097111796429e-14,0.8186326913535595
1684,1.3118429246465564e-11,7.603960457036913e-12,7.951773400806513e-12,0.8567616656422615
1685,3.498478639498216e-12,8.317187228806207e-13,1.316428653722064e-12,0.8366616189479827
1686,6.419392513236702e-13,5.580996221922305e-13,5.41663970701898e-13,0.8385751560330391
1687,8.537156201178386e-13,8.187946087048007e-13,8.422864359860167e-13,0.8468312468379736
1688,6.476831485114757e-13,5.653105908245813e-13,4.829934502718258e-13,0.8378551190719008
1689,2.6474643606651313e-13,3.064503703346533e-13,2.348920861092454e-13,0.7989974181167782
1690,6.556331004687999e-13,3.0927264846678895e-13,2.095407242650685e-13,0.8380231965333224
1691,8.224976494898969e-13,4.433112180455053e-13,3.35592609944517e-13,0.828672276251018
1692,3.604189975948097e-13,1.2423639850787894e-13,1.2315459025777978e-13,0.8019983295351267
1693,1.1430354564738585e-12,6.662653653562509e-13,6.819913750121495e-13,0.844477592036128
1694,5.4004817526218506e-12,1.2618596668023417e-12,1.983037624674983e-12,0.7848222815431655
1695,3.7901253539019913e-13,6.633975566407339e-13,3.3433883846943695e-13,0.8293073019012809
1696,1.731170004701678e-13,1.7854590287856461e-13,1.326070733697519e-13,0.8186100022867322
1697,3.680517964407378e-13,2.035802759084088e-13,1.7603155626025792e-13,0.8191834582015872
1698,1.208037294365134e-12,2.1477572838551318e-13,3.548503629673269e-13,0.858320340886712
1699,3.522798482796347e-13,8.13537967963392e-14,1.2790269353393706e-13,0.8157602401450277
1700,3.905424203313215e-11,3.594263601481357e-11,1.9772152398750875e-11,0.8515426211059094
1701,8.05545107583217e-13,5.325131239714915e-13,4.759510949447144e-13,0.8404616303741932
1702,2.0423210898215806e-13,9.293288321282713e-14,8.39239896484522e-14,0.8213116895407439
1703,2.68549712765732e-13,4.863922102232548e-13,1.6454647845505304e-13,0.7786934220697731
1704,1.3493415061071918e-13,4.1142866126110324e-14,5.373074379667929e-14,0.7944876638241112
1705,1.338730000658373e-12,2.4001163656774164e-12,1.7976603491368245e-12,0.8396447718143463
1706,9.398418825734508e-13,4.303872381257993e-13,4.5314444412465917e-13,0.795904147066176
1707,1.0393712185650568e-11,9.364429493012046e-12,9.051160622038037e-12,0.8562635269016028
1708,6.977480967498377e-13,8.431572522678725e-13,6.288833378442e-13,0.8436016879975796
1709,4.238242272585454e-13,3.378418946745204e-13,2.0384108002810965e-13,0.8284467592835426
1710,2.938024003870401e-13,9.443629619572257e-14,7.357061698149715e-14,0.8246568363159895
1711,4.3558418331987573e-13,7.35233176722341e-13,3.312275147340092e-13,0.7680503714364022
1712,1.326717973637501e-12,5.604408292168489e-13,4.253248052251949e-13,0.7919557279907167
1713,4.773244900625589e-13,1.8006615191512545e-12,2.2410462680801729e-13,0.7661883890628814
1714,3.807488163757372e-12,1.5859137608621765e-12,1.533864238187667e-12,0.8450246930122376
1715,1.4219208421009736e-13,1.1392179671847658e-13,5.754197079270773e-14,0.8437445171177387
1716,3.50607216142839e-13,3.2805668627271325e-13,3.0008248282106083e-13,0.7854084250517189
1717,6.4818735000663616e-12,4.296559840223052e-12,3.2816445045718385e-12,0.8024986766278743
1718,1.0748404512746112e-12,1.727681348703374e-12,6.090044681147816e-13,0.7888800870627165
1719,2.2006775762754507e-13,3.243382488882701e-13,9.409163688256285e-14,0.8277020184323192
1720,6.502077777402885e-13,9.70178430959558e-12,6.487102832589997e-13,0.7483441270189359
1721,1.6027753629321796e-12,6.120661951713528e-13,9.626875246226144e-13,0.8584067240357399
1722,2.402153937170277e-12,9.897828814164102e-13,1.0883357172938757e-12,0.7910838536918163
1723,4.436395963724522e-13,5.52055641485981e-13,4.609778531660233e-13,0.8175910262390971
1724,1.14103671669137e-13,8.980252132660925e-14,2.7475310164722095e-14,0.8227334687486291
1725,4.835879823196146e-13,1.491481363413379e-13,1.9451609664988442e-13,0.8172977337613702
1726,2.521566036741224e-13,2.048420223113339e-13,1.0951967684938029e-13,0.8187587149441242
1727,9.894070807227108e-13,7.596066579460435e-13,7.411591220185993e-13,0.8296445021405816
1728,2.2207155082800738e-13,1.9641653655270607e-13,1.0718459250361195e-13,0.8305775050073863
1729,3.0393384003535694e-12,1.4719595382666176e-11,1.2911938826834952e-12,0.7489866214804352
1730,1.6732449055298008e-13,5.3550580887596856e-14,5.5260425211884747e-14,0.8305382858961821
1731,4.647631923161903e-13,5.534856488392545e-13,3.3111542494148873e-13,0.8456413798034191
1732,1.3769836308350016e-11,9.523885749009167e-12,9.851546304018066e-12,0.8397148046642542
1733,2.778145527702583e-13,3.5092458375367725e-13,3.033734458330131e-13,0.8337271956726908
1734,1.018834597613124e-12,8.843143737982408e-13,4.945781662021242e-13,0.8410658221691847
1735,5.893417427955058e-13,2.5934865732045066e-13,2.61363787644084e-13,0.8398844983428717
1736,2.715231780121259e-12,1.5850431356150952e-12,1.2767008085839449e-12,0.8579018794000148
1737,4.15518873510781e-13,1.6621313796295058e-13,1.342950484869029e-13,0.8065127291716635
1738,1.0017124303289269e-12,9.929759717275466e-13,3.67833312464026e-13,0.8267582666128874
1739,2.361483823875797e-13,2.5023080733724334e-13,1.2353518411682925e-13,0.7929142298176884
1740,2.516570491235005e-13,2.747233301198493e-13,2.0763617796985974e-13,0.8417592450976372
1741,4.5365664832891406e-13,2.3946329560133053e-13,2.509513964882985e-13,0.8395615147426725
1742,2.528706977803352e-13,1.0874513363478125e-13,1.502173774850741e-13,0.8149629822000861
1743,3.0158803459213663e-13,2.961394576886467e-13,1.855444125549886e-13,0.8158091336488724
1744,2.592132116747193e-13,2.393740198246284e-13,1.3118587470055164e-13,0.8378276504576206
1745,1.5934750028403518e-12,1.7503607589581817e-12,1.6620504024481466e-12,0.8249708849936723
1746,5.235785992534762e-13,5.780865439045347e-13,3.102510293283018e-13,0.7860974264331162
1747,1.3597694678723754e-13,5.892046086479149e-14,5.4645369039792246e-14,0.8210504779592156
1748,5.093327817377683e-13,3.5104919891802625e-13,1.994159248242668e-13,0.8316456003114581
1749,2.8926442387271625e-13,2.5972007794953e-13,2.3067294632896033e-13,0.8490687988698482
1750,5.248657967373911e-13,6.990019690191737e-13,4.43283084315552e-13,0.8042113997973501
1751,3.7844408411514193e-13,1.5591709463482488e-13,1.768553821118192e-13,0.8058436925522983
1752,1.0605664423969247e-11,2.152980379127961e-12,2.781701988887498e-12,0.8252967664971947
1753,3.1095183089984885e-13,1.4117838220765602e-13,1.328203689106662e-13,0.8312356760725379
1754,6.940339055804492e-14,6.504111063096323e-14,3.991702123669943e-14,0.8277730159461498
1755,6.719525942131275e-13,2.5911318536333534e-13,2.780360246093654e-13,0.8431750550866127
1756,1.424194946887627e-13,2.423116140101804e-13,8.606976928167667e-14,0.7862185893580318
1757,1.3055076364667377e-13,3.8596798377224964e-14,6.203439436359015e-14,0.8301743058487773
1758,3.879775076239543e-13,4.033915434433116e-13,2.7993045097340923e-13,0.8437951598316431
1759,1.1857169057974106e-12,6.509081753456921e-13,7.451745891939719e-13,0.8515108648687602
1760,7.946422016380627e-12,4.281097310310901e-12,3.955850215269134e-12,0.8292784718796611
1761,6.4194926696687e-13,4.0526133082436286e-13,2.474436815616935e-13,0.8424121424555778
1762,1.921455049752377e-12,1.0434364955308757e-12,1.194592113577723e-12,0.8625630281865597
1763,1.1121673143896477e-13,4.267458315725616e-14,4.7212006318729e-14,0.8281645422801376
1764,1.1274599894449673e-12,8.02944352203808e-13,8.368674171408904e-13,0.8548319093883038
1765,3.4210751008841805e-13,3.303125183907426e-13,2.2837284274194546e-13,0.7824330350384117
1766,8.284198877028617e-11,6.757012048130964e-11,4.7789417700716216e-11,0.8503924962133169
1767,5.601245096923927e-13,4.766457505064548e-13,2.8502942874341043e-13,0.7876780674792826
1768,9.898920167899344e-13,1.155891512866252e-12,9.029869910061934e-13,0.8414398442953825
1769,6.522288687695328e-13,4.0214622766146715e-13,2.6937052997084813e-13,0.8238824736326933
1770,3.299826785863573e-13,3.645830001652194e-13,1.0744190204301193e-13,0.7762408364098519
1771,1.9104565594645597e-12,1.0254147120107213e-12,9.34164107191157e-13,0.836154130846262
1772,4.1486567416324043e-13,2.2488945372191961e-13,2.555979064506333e-13,0.8401370046660304
1773,3.45413774446665e-13,3.71268166329273e-13,2.421043004983412e-13,0.8114207111299038
1774,1.1116528572348766e-11,6.866129790104337e-12,4.344446681737736e-12,0.8442491568624974
1775,8.313174430823065e-13,7.217911515950782e-13,2.587158776380007e-13,0.7727012516930699
1776,2.029435448620777e-13,7.608984200850239e-14,8.3015564223052e-14,0.8161272661760449
1777,1.4280350467448153e-13,2.947832246691784e-13,5.772235980078284e-14,0.7695321856532246
1778,8.431181603495567e-13,4.541908405084443e-13,4.4633284121221685e-13,0.8261410461738705
1779,2.604927595750356e-13,1.5776755327194926e-13,1.875320830107864e-13,0.8020270594395698
1780,5.806648580620456e-12,9.449589670489984e-12,4.975711743882056e-12,0.7739741885103285
1781,5.546421989364985e-13,4.467023572718677e-13,4.559894964504681e-13,0.796362015325576
1782,3.142829091814597e-13,1.7656728168694096e-13,1.1072769493626495e-13,0.8316146483644843
1783,2.2585626285251896e-12,1.0894705313000433e-12,9.243905501297145e-13,0.85003751963377
1784,3.7147827310858404e-13,1.320885141898451e-13,1.3955196099888882e-13,0.8424442693591118
1785,5.903561895013299e-13,2.794433307822108e-13,1.6608872933986074e-13,0.8142683709040284
1786,1.0768884914539644e-13,6.907036878476106e-14,5.719251040455986e-14,0.8309827674180269
1787,4.047483058100185e-12,2.220914081441628e-12,1.7542626136857779e-12,0.8648860350251197
1788,1.8301518073059225e-13,2.168740212289803e-13,8.455623313012962e-14,0.7915367699228227
1789,4.511725156688586e-13,9.325716217360212e-14,1.0759654110671709e-13,0.8400399681180716
1790,5.914884471957901e-13,7.845398724800916e-13,6.310365480439163e-13,0.8238539010286331
1791,4.67561106686162e-13,2.347025799121968e-13,1.8919049548249918e-13,0.8086099568754435
1792,3.979717024006121e-13,1.7294251975253296e-13,1.5511021809127646e-13,0.8448112539947032
1793,7.252962231466379e-13,5.257902720854564e-13,5.25579916159138e-13,0.845121544227004
1794,1.3262727503570665e-13,4.9536230971902914e-14,3.906857132518038e-14,0.8340461626648903
1795,9.66702398301122e-12,5.2005502569306673e-11,1.376233893386194e-11,0.7615891483612358
1796,1.0499097344192534e-12,1.2611100985220733e-12,1.084231362496961e-12,0.8255127362906933
1797,1.185877510568473e-12,5.867714708425609e-13,7.325000931573829e-13,0.8306726412847638
1798,1.921524957970109e-12,9.311002565263265e-13,9.28129829126549e-13,0.8348010700196028
1799,4.621703261496189e-13,4.208001182471836e-13,1.475403193300397e-13,0.8429449316114187
1800,3.7217068386165497e-13,6.925864414943232e-13,1.6713045083974218e-13,0.7843946839682758
1801,7.061672334778219e-12,5.588564026432311e-12,2.7966148618285e-12,0.848250062763691
1802,2.813324658587108e-13,3.529838511148605e-13,1.995037114852704e-13,0.8209030786529183
1803,5.744915201169386e-13,1.4297776553165436e-13,1.972943886220276e-13,0.8042654777877033
1804,1.118019495428884e-13,2.104931335970194e-13,4.57620352197877e-14,0.8028033586218953
1805,1.0908961817963174e-12,9.148498589888087e-13,3.323477921157376e-13,0.8065976889804005
1806,1.314481573619461e-13,8.038810320068193e-14,4.9411736773606605e-14,0.8206188445910811
1807,1.586537512433216e-12,8.982769444660275e-13,6.48985023014752e-13,0.8330656180158258
1808,2.8747831445034465e-13,2.340447662108329e-12,1.4982232858534797e-13,0.755979490512982
1809,2.023052551637006e-12,4.939800594166546e-12,7.445664053424832e-13,0.759012074675411
1810,2.685691700417515e-13,3.204987566951291e-13,1.169261739164034e-13,0.7847502398304641
1811,2.443355945726229e-12,8.330323332985073e-13,1.0656594245058462e-12,0.8126453867182135
1812,1.0654533210865049e-12,3.6075346579397394e-13,4.5078726448852914e-13,0.863078385218978
1813,3.2615749103896094e-13,9.790855691173788e-14,7.756008184485847e-14,0.8040733293630182
1814,6.317823784458857e-14,3.7582454592953676e-14,3.4452887639016623e-14,0.8198834151029587
1815,1.8172566406314853e-13,4.4187778486002633e-14,6.418730534269158e-14,0.825122625567019
1816,2.610411618547118e-13,6.935031604452465e-13,1.455869469292871e-13,0.7724960456136614
1817,6.189637101651446e-13,6.753660135308106e-13,4.3230147084822397e-13,0.7932533340528607
1818,3.316394755129555e-13,4.634322956165978e-13,3.337773150038462e-13,0.8513870425522327
1819,7.158990972950018e-13,3.191123289807537e-13,1.838421423418548e-13,0.8328870279714465
1820,5.022404443725092e-13,2.936026798153998e-12,3.8558840203373144e-13,0.7554751968942582
1821,1.355189207760916e-12,2.2006828870823084e-12,7.295346709262288e-13,0.8359458034858107
1822,4.217795171301619e-12,4.161898436995252e-12,3.609422557933397e-12,0.8378842525184155
1823,1.101718711791083e-12,3.827407007249932e-12,6.654980843818229e-13,0.7572950159665197
1824,7.730137917829649e-13,4.139997862287724e-13,4.362269392531017e-13,0.8497942607849837
1825,1.357703688181685e-12,1.279015946658388e-12,8.410861184041552e-13,0.8008523437194526
1826,1.1678878269892516e-12,5.818905156449716e-13,5.346813420983349e-13,0.8158838370814919
1827,2.595521189943e-13,3.3222015041560323e-13,2.9563091098937973e-13,0.8298192357644438
1828,1.0054138426742113e-13,1.1623767484629174e-13,7.82743626369657e-14,0.8104981577023864
1829,3.0357831351032205e-13,2.8387932365174363e-13,2.719192728251212e-13,0.8222703736275434
1830,1.3680716171677925e-12,1.008922175366105e-12,6.780253463127268e-13,0.8149941477924585
1831,3.1777064478969266e-13,1.177968263958559e-13,1.411658214214304e-13,0.8159163292497397
1832,3.095470465084386e-13,3.268345007223038e-13,1.9986233054053705e-13,0.7735393887385726
1833,2.1216394564249706e-12,2.749577251983097e-12,1.3435245863271849e-12,0.8210904847830534
1834,3.1342695951941786e-13,1.205276260671095e-13,9.267359972997077e-14,0.8394543560221791
1835,1.2717926858053294e-13,1.2622217639807085e-13,4.544392597239289e-14,0.8167871924117207
1836,2.969098383365737e-13,4.012899955615236e-13,1.6067827202504149e-13,0.8380113832652569
1837,2.617580011260221e-13,5.307307435191523e-14,1.0267293568284903e-13,0.8370429063215852
1838,9.153350824691208e-13,1.0232430021715199e-12,6.466100343575654e-13,0.8313589479774237
1839,1.562538099448611e-13,3.4880815353455714e-14,6.714079406815141e-14,0.806056039314717
1840,6.511300905228218e-13,4.812629015457734e-13,3.913593229220885e-13,0.811451228428632
1841,2.299684910566396e-13,1.195820286566656e-13,1.0978978798563933e-13,0.8298691591247916
1842,8.359145132944256e-14,5.892981772418033e-14,2.7414628906830983e-14,0.8169994989410043
1843,2.308091730093844e-13,1.5393904461679496e-13,9.076623879064989e-14,0.818743753619492
1844,1.3302457866991184e-12,5.2134638396615e-13,6.003689281283717e-13,0.8389462038874627
1845,4.571768353090911e-12,1.7559850631379106e-12,1.3898325734207985e-12,0.8502471998333931
1846,2.3348389686727765e-13,6.290628387249023e-13,3.064317026145583e-13,0.8469781745225191
1847,3.5795847553319237e-12,1.000811126567314e-12,1.3251023954132468e-12,0.8520392354577779
1848,4.93613982554446e-13,1.7339096096882606e-13,2.224900318924653e-13,0.7906870839186013
1849,3.172220414941843e-13,1.2227452638065058e-13,1.0121890530005261e-13,0.8450757704675198
1850,2.93828311113854e-12,2.373971789876017e-12,1.9154442357679405e-12,0.8295433416962623
1851,1.120909295346222e-12,3.6194367105554025e-13,2.921466148353688e-13,0.8459347195923328
1852,5.08174912906643e-12,1.163629918670453e-11,4.477431194460836e-12,0.8339466823264956
1853,3.41110553263938e-11,2.3112238413394333e-11,1.968631873845265e-11,0.8449059870094061
1854,1.1346778134563933e-13,5.4501105803416914e-14,4.1984653450689983e-14,0.8348584288731218
1855,1.3422832551048321e-12,4.785566806816002e-13,4.822689264750017e-13,0.8232211312279105
1856,2.834033271679797e-13,7.907279731697906e-14,1.4299459706312778e-13,0.8320173863321543
1857,4.3583341975957674e-13,2.761364374202787e-13,2.1589233693188445e-13,0.8449266847223044
1858,9.563838311138349e-14,4.2116871059320494e-14,2.06784519218606e-14,0.8043702211230993
1859,2.1947147977875447e-12,2.334352270303324e-13,8.392321251116419e-13,0.8524735767394305
1860,1.4132697598997993e-12,2.916428585076868e-12,8.193230238755151e-13,0.7907728964462877
1861,8.621520584208553e-13,8.268562003692179e-13,4.2571371197833285e-13,0.7983285541646182
1862,8.447961557002436e-13,5.676407095751144e-13,5.604600149882465e-13,0.8311309749260545
1863,2.59358155250534e-13,3.360269891493538e-12,1.5821639508661252e-13,0.7493066031485796
1864,6.584313011515553e-13,3.325759855475145e-13,3.916278304190297e-13,0.8327084265649318
1865,3.892857210544142e-12,2.4287561243863152e-12,2.489283799582468e-12,0.8708628997206688
1866,2.768483100193953e-13,4.977756980807427e-13,1.4708393581243166e-13,0.7896954024210572
1867,1.3359252442700926e-13,1.8117843491709425e-13,9.341785580885161e-14,0.8118780987337232
1868,6.168289559378563e-13,2.347629703118906e-13,2.7232244833235425e-13,0.847553339600563
1869,6.984903113626861e-13,7.792483976969614e-13,3.484000195545644e-13,0.7918812529183924
1870,1.2155704010542384e-13,6.024690735605472e-14,4.694837378531301e-14,0.8176463548094034
1871,9.829996850734967e-13,1.9143930945388414e-13,3.430783402134861e-13,0.8522348191589117
1872,3.268666138286284e-13,2.6446006190114885e-13,1.606100497162339e-13,0.8296610666438937
1873,3.718201371804629e-13,3.1448073287105065e-13,1.1885163617403044e-13,0.7981374288909138
1874,2.786627543186381e-13,3.564243155344752e-13,1.98679220439046e-13,0.7811312821693719
1875,1.51544755666521e-12,1.7475531411409946e-12,1.0272239638682161e-12,0.792295444291085
1876,7.15562166346815e-11,3.9747456668221957e-10,1.8660254694366599e-10,0.7581359843257814
1877,9.218047284118818e-13,9.182773114438445e-13,7.279805117931882e-13,0.8566842049360275
1878,2.391772043398612e-13,8.357163998882873e-14,8.258658720214497e-14,0.8367847936227918
1879,5.706811528519512e-12,4.715948117282628e-12,4.322152356739957e-12,0.8228402959182859
1880,6.577457747514455e-14,6.468986192923294e-14,2.3136642330845722e-14,0.815161962993443
1881,3.586814472056463e-13,1.9825116661627987e-13,1.107078155688326e-13,0.846920396015048
1882,4.728781746602687e-12,4.701634260471723e-10,1.7100184905786123e-11,0.727202414732892
1883,1.1204846474059302e-12,1.579799140624289e-12,6.616809237219004e-13,0.8601532310247422
1884,6.231945176445946e-13,4.062571469256078e-13,4.30056868973597e-13,0.80829261187464
1885,7.651779324980416e-13,1.5116325485434928e-12,4.994481019349637e-13,0.75797223392874
1886,4.259164170823373e-13,3.679318915600303e-13,3.770025466548255e-13,0.8267639515921473
1887,2.264253713367123e-13,2.638158822544668e-13,2.0428582262468566e-13,0.8408168083056807
1888,6.334966125216994e-13,2.0327864131508009e-13,3.22273242429421e-13,0.8188375698402524
1889,3.9606189722628833e-13,3.220698445087753e-13,2.8936936238222425e-13,0.8434389874339103
1890,5.343767206640508e-13,1.8802324494981442e-13,2.6778629730357174e-13,0.8390839207917452
1891,1.836277008157136e-12,6.430021159546312e-13,7.960069044109539e-13,0.7840130949392915
1892,4.7225902791313e-13,3.7104720037509836e-13,2.3832074726181065e-13,0.8461259435862303
1893,1.880017311463188e-13,1.7457061974405628e-13,1.2707416852463162e-13,0.7863362892530859
1894,1.8524684256806338e-13,9.333673708234231e-14,7.094585475121066e-14,0.796995810046792
1895,7.41078148736457e-13,1.5944663821033857e-13,2.940025760132419e-13,0.8571336399763823
1896,5.921605386547552e-13,1.2030176356968974e-13,2.196657781514563e-13,0.8381462292745709
1897,5.931752617686763e-13,3.7373199983419634e-13,3.728978782371794e-13,0.8393296072259545
1898,1.6803066200380765e-12,1.2821787589704201e-12,5.957307593239436e-13,0.8246285980567336
1899,2.929377254031077e-13,1.0320111106775501e-13,7.26291785586424e-14,0.8538357302546501
1900,7.0804265333793545e-12,2.105712972211001e-12,2.607223008730912e-12,0.8343067828565836
1901,2.437224873138876e-13,1.257505513504684e-13,1.0187082938032299e-13,0.8211465088650585
1902,5.196053156281692e-13,4.30363638199459e-13,2.816302679645484e-13,0.8281557442620396
1903,5.517472766282885e-13,5.264765784089182e-14,1.1212438921569353e-13,0.7856383416801691
1904,7.643320712190921e-13,4.814707092131127e-13,5.393156709349685e-13,0.8436167240142822
1905,1.0335330580869513e-12,3.2556071521327563e-13,2.450426135390524e-13,0.8535185322165489
1906,1.7002418623104378e-12,4.436301774941577e-13,5.490009009313634e-13,0.8518945794552565
1907,1.0675811305413617e-12,6.770171450517949e-13,2.80941272370702e-13,0.8019488340243697
1908,4.67780773105787e-13,1.997832065587372e-13,1.555282982765419e-13,0.8516480948776006
1909,4.4236339393486773e-13,5.239929452634246e-13,4.211984945168003e-13,0.8452021773904562
1910,1.7908841653657597e-12,4.748932021247196e-13,5.974302409125898e-13,0.8079932610504329
1911,7.134657615155744e-13,6.998523300975158e-13,6.736120312409149e-13,0.7988847134634852
1912,5.147086623632422e-13,5.108150847382504e-13,2.789706091690451e-13,0.8174445126205683
1913,1.4390075063924818e-12,4.165823814840053e-13,6.507988304973636e-13,0.8511343486607075
1914,1.9935156046073496e-12,2.73274190870584e-12,1.5266286420308868e-12,0.8175342675298453
1915,6.917760084787658e-13,9.883425042924577e-13,2.928977029402126e-13,0.7903116687200964
1916,4.084375850903484e-13,2.606848415042688e-13,3.0606866277299824e-13,0.8540302723646164
1917,3.597380299284631e-13,7.745582760876779e-13,3.870838250203032e-13,0.8321803102269769
1918,4.002408142261341e-13,2.409031721394599e-13,2.533863264210788e-13,0.8340230112895369
1919,2.0208521072952121e-13,2.33451208064435e-13,1.2486609737276885e-13,0.8024656657129526
1920,1.8945587804353569e-13,4.023406666743118e-14,6.547954397827199e-14,0.8465449322015047
1921,1.757184524734514e-12,1.216718675018005e-12,9.55848340769212e-13,0.8198770491406322
1922,6.623612491511428e-13,5.917476781994952e-13,3.030005772908261e-13,0.8565704926848412
1923,3.6341895759058405e-13,1.5166227086000178e-13,1.8524479288988677e-13,0.8400200253352523
1924,9.459302528601783e-11,5.632682246942729e-11,5.34984922288677e-11,0.8606805719435215
1925,1.7675369934414505e-13,1.0223019886318131e-13,7.642818834216859e-14,0.7924493111670017
1926,1.8208574628916197e-12,1.836516814258e-12,1.602262537196986e-12,0.8223348932340742
1927,1.6785290671525997e-12,1.2217502401610955e-11,1.1374125043426293e-12,0.7512015522690489
1928,4.549104857729457e-13,3.8603707827335883e-13,3.397113337259543e-13,0.849905700981617
1929,2.0319006008174642e-13,1.9218926449490474e-13,1.5883689249732393e-13,0.8375399949029088
1930,3.082866265468175e-13,1.5894258891876445e-13,1.1910148486953828e-13,0.826804517954588
1931,2.0668711630894122e-13,1.8226014322967003e-13,8.367704302327158e-14,0.8351581245660782
1932,3.01975493114986e-13,1.557214772617682e-13,8.653349557524341e-14,0.8316449275240302
1933,2.106874233304212e-11,1.6131682099120583e-11,1.6058454278046452e-11,0.868098271638155
1934,1.0418542374621133e-12,3.649249378366051e-13,2.6988893298052577e-13,0.8578068040311336
1935,3.7766642287210797e-13,8.695590107204634e-14,1.0020497143399849e-13,0.8096889661625027
1936,3.618688681116742e-13,2.018582552033563e-13,1.5599811203742268e-13,0.8027094263583422
1937,1.0546066134352699e-13,2.538031297814096e-14,2.8790423986472666e-14,0.8149904135614634
1938,7.575273196684896e-13,1.567068541177109e-12,4.837741942355573e-13,0.8537177074700594
1939,2.65088215131039e-13,2.4472213520068924e-13,1.6056209387505285e-13,0.8331582583487034
1940,1.5906984456503762e-13,7.89733961097259e-14,5.651816200928762e-14,0.8070823357440531
1941,3.3916932235409153e-13,1.8640929918159974e-13,1.2336748398451493e-13,0.8384144563227892
1942,4.4711416737065824e-13,6.452394752426274e-13,2.624614198014325e-13,0.8385156948119402
1943,6.922465205619216e-13,4.2141894100227093e-13,4.271398358580452e-13,0.837769627571106
1944,5.188339777920562e-13,5.036610226635509e-13,2.420805267764303e-13,0.8394163910299539
1945,2.3971917147950537e-13,2.1194922842565282e-13,1.618404745813352e-13,0.8344043726101518
1946,1.2850597354263665e-13,1.9354221165905165e-14,5.926942920805909e-14,0.8121868094429374
1947,1.1968466822688977e-13,2.0771789037931097e-13,5.110477378093815e-14,0.8193111466243863
1948,7.498600742525271e-13,1.0977676505323642e-12,4.487950681080063e-13,0.8238251158967614
1949,5.807915299865467e-12,1.6385726698717802e-11,4.1995496513807446e-12,0.8036037294194103
1950,1.3829944045895156e-12,2.2216764775873897e-12,1.7414571903231645e-12,0.8399193070828914
1951,1.5485119929503377e-12,4.760481129074772e-13,6.731209572061483e-13,0.8535409919917584
1952,2.1216192681557882e-13,7.26537042678067e-14,7.183492797297449e-14,0.8507147885859012
1953,1.367648538652002e-12,4.4911607445532445e-13,6.629900432194621e-13,0.7965911619365216
1954,3.7230914949157924e-13,4.1055345236546834e-13,1.5956621057556388e-13,0.788461611699313
1955,5.007014446155753e-13,4.371783833052508e-13,3.944192243320201e-13,0.8382327720522881
1956,2.9869322438346018e-12,8.867510400257274e-12,3.132615847382056e-12,0.770033175079152
1957,1.5284762892859874e-13,7.410494846302896e-14,6.489321029276316e-14,0.8452445633709431
1958,1.9759113356844482e-13,1.2209850594701468e-13,9.317653390988999e-14,0.8045279807411134
1959,5.107698604591219e-13,6.655553539246994e-13,3.8882984781595277e-13,0.78787149079144
1960,1.2457103186396262e-12,9.0879476982105e-13,6.615789000568959e-13,0.7943477934226394
1961,1.767453592807167e-12,2.0753228018431653e-12,8.396445916257029e-13,0.7716614046599716
1962,4.0883408866700273e-13,2.871507380363357e-13,3.099753592620057e-13,0.8495500691235065
1963,9.973997716558865e-14,6.435067079422881e-14,4.057708987341378e-14,0.8264430997893214
1964,5.030139484267597e-13,2.520516008237691e-13,1.801701822162497e-13,0.8426465775817633
1965,4.2150655915269023e-13,4.404893806062731e-13,1.9265553717139802e-13,0.804749537538737
1966,1.4890681084544413e-12,3.930830196596041e-12,1.042343122678795e-12,0.7621597804129123
1967,3.1602423161281005e-13,2.1430105263097457e-13,1.6257154728113805e-13,0.8509763229638339
1968,8.469928795413022e-13,1.0288875500214801e-12,4.906010335743239e-13,0.7719998291693628
1969,3.5452099425665323e-13,1.0583596184527505e-12,2.1256273855391594e-13,0.7597617484163492
1970,6.262437077661286e-13,5.055030845396086e-13,4.81353750324613e-13,0.8465726509690285
1971,5.546132818131893e-13,3.8219108239301273e-13,2.4173521327079935e-13,0.8420985016971827
1972,2.526740145485363e-13,1.870648735234464e-13,1.445105922344772e-13,0.8205519353970885
1973,4.777380556122338e-13,3.6096206028673053e-13,3.395269128045641e-13,0.8250857912003994
1974,1.6361171053193431e-13,5.835146863099179e-14,7.949582676052927e-14,0.8291101003065705
1975,4.224232427896181e-13,1.1793445655486238e-13,1.4158963534039888e-13,0.8469987966120243
1976,2.326327477810794e-13,3.5486527433569494e-13,1.832313294873949e-13,0.7881740225479007
1977,1.5783603658403865e-12,2.437711724345952e-12,1.1371840511898897e-12,0.8356648553162813
1978,1.8599903494721442e-13,1.0181135736699603e-13,5.79906918742148e-14,0.8310368409380317
1979,2.8654688416855154e-13,3.108956153953619e-13,2.0829153808442483e-13,0.8424730602651834
1980,1.858231220609365e-12,8.956742195552098e-13,4.354722658777362e-13,0.8505006585270166
1981,1.194267850659313e-12,1.3624159768319204e-12,8.149018702205836e-13,0.7917651474475861
1982,5.271241967792423e-13,1.2794418234806066e-12,2.952093991829369e-13,0.7763493816833943
1983,4.955435435266503e-13,3.357873611125723e-13,1.9079581126709327e-13,0.8539031062275171
1984,2.801138232484321e-13,1.7974727245247446e-13,1.3458570465859341e-13,0.8464043240994215
1985,3.569572409963443e-13,1.8887466773972518e-13,2.2706015964826274e-13,0.7978568016551435
1986,4.9631225420148715e-11,7.419499234063652e-11,3.1795177376304194e-11,0.8447642542421818
1987,6.257898302672476e-13,1.7074739818095705e-13,2.2219309140486698e-13,0.808129106555134
1988,1.6590971608964572e-13,4.0540203624652905e-14,5.0051878360108896e-14,0.8393310729414225
1989,2.3159017611541736e-12,2.6032820141267885e-12,2.1829669661588398e-12,0.8411573193967342
1990,4.356054969964033e-13,3.439024356259739e-13,3.632649746762133e-13,0.8334043107926845
1991,8.993518585613541e-13,4.755447201769975e-13,2.0425454433567026e-13,0.8512477140873671
1992,2.9426501645787855e-13,1.2771197012373217e-13,1.4156471547412418e-13,0.7888726620003581
1993,1.0034985486001076e-12,1.8400746983557444e-12,4.818791114348867e-13,0.8144325429573656
1994,6.118688168538862e-13,4.3384068463624164e-13,3.786343742862234e-13,0.7960233356803655
1995,3.423261584771761e-13,2.1852795712969538e-13,1.593558567501212e-13,0.8094942098483443
1996,2.0229966875417693e-11,2.1454062043611973e-11,1.2125691509377826e-11,0.8463826172053814
1997,9.030695790471016e-12,5.025887744545834e-12,3.716263112599984e-12,0.8636836737394333
1998,1.3904211435199397e-13,7.922256101073684e-14,5.3724131575966776e-14,0.8128884091973305
1999,2.1860482096492177e-13,1.3881153448839765e-13,1.0712806833277235e-13,0.8315122237429022
2000,4.080276612771396e-13,2.6960828430434575e-13,1.3324502665109402e-13,0.8294035460799932
2001,2.254693185804136e-12,2.5377952005780603e-12,1.3044119267223805e-12,0.7955380518920719
2002,5.695678306328851e-13,1.3272460882598441e-12,4.437002230856662e-13,0.8351440249010921
2003,5.786206823670224e-13,1.0589938399206293e-12,4.1618967655229513e-13,0.7913649370893836
2004,8.372034022431612e-12,4.294696424082681e-12,3.717099204822601e-12,0.805581479985267
2005,3.1035174224422234e-13,1.653414259996825e-13,1.1876710609081373e-13,0.8344180937856436
2006,7.540548756144743e-13,2.768489540375258e-13,4.07745946707913e-13,0.8574890393763781
2007,3.0026971608149043e-13,1.616442591154597e-13,1.2032896272778164e-13,0.7963471878319979
2008,1.7411631823802797e-13,6.247233124412712e-14,6.331031725703644e-14,0.8216973084956407
2009,5.166400812211567e-13,4.171280584008193e-11,1.6645234893719425e-12,0.7246815678081475
2010,1.4024420541918494e-13,7.783867254887648e-14,5.427412066664365e-14,0.8287754062563181
2011,1.305452786560358e-13,1.1585594472988354e-13,8.606134531499055e-14,0.8166203605011105
2012,4.670722774840479e-13,3.623309926145853e-13,3.4453390506380193e-13,0.8418218668550252
2013,9.198883455294774e-13,1.2982316215181756e-12,8.406682833536013e-13,0.8408033959567547
2014,1.2332279084802937e-13,3.946111821834529e-13,5.6595696269775856e-14,0.7689037279225885
2015,3.1940240787240154e-13,1.3047555167698946e-13,1.158201143489298e-13,0.8428895868360996
2016,5.373026382508056e-13,8.168283985032888e-14,1.93248811781336e-13,0.8400843657553196
2017,9.210347149169045e-13,2.732179074522547e-13,3.461414506432391e-13,0.8248090291395783
2018,8.582535400515374e-14,6.585577153684118e-14,4.5991411001598005e-14,0.8306690413504839
2019,2.639786731577726e-13,2.9866647599469184e-12,1.4733687169686644e-13,0.753092327923514
2020,2.066033047136762e-13,2.1726867526017742e-13,1.9361952145781566e-13,0.8344611549749971
2021,1.1733243597349193e-13,7.995918686097863e-14,5.85435274092161e-14,0.8354663016274572
2022,3.071999456354802e-13,3.610773111071044e-13,2.728874736111656e-13,0.822407772578299
2023,1.6208141618958936e-12,1.7759142853970978e-12,1.4608027577337273e-12,0.8552155517041683
2024,2.64831624037602e-13,2.0196645452811725e-13,1.4057023254830825e-13,0.782515115942806
2025,7.799407158260723e-13,5.447306947706603e-13,5.073942259781163e-13,0.8524763885885477
2026,5.219689617814655e-13,5.633085937267556e-13,3.28160363797988e-13,0.8430820733308793
2027,1.4902644968346646e-13,6.512280970104613e-13,5.284613362733997e-14,0.765769073087722
2028,3.696641375312126e-13,3.3137983082514097e-13,2.11775447855082e-13,0.8318124912679196
2029,1.0615611931365654e-10,5.0638387725101586e-11,6.373918515228278e-11,0.8544254384934902
2030,1.1140270092668545e-12,5.526677378293001e-13,5.339186165871793e-13,0.8455146327614784
2031,7.252678435554993e-13,6.154824384547846e-13,5.805397763583422e-13,0.8434418961405754
2032,3.136612085186365e-11,2.8473299235997525e-11,2.0446553895901817e-11,0.8542789421975613
2033,1.2555450598575364e-12,4.2799225920055947e-13,4.0660876618499493e-13,0.8396260300651193
2034,2.4870368297042505e-10,4.79414013310707e-10,1.953232079282641e-10,0.84853695333004
2035,1.54742711804785e-13,1.0840002600510394e-13,3.810092781142723e-14,0.8223611680790782
2036,1.252436697866995e-12,2.0687781764182365e-12,1.399486646913033e-12,0.7977831372059881
2037,3.024400631397143e-13,1.50617985377928e-13,1.7048781881269565e-13,0.8390743339434266
2038,9.733056063664573e-13,9.755272945713746e-13,7.542820768579779e-13,0.8437720756977797
2039,9.581773406089506e-13,1.7245099272811282e-10,5.198131621346044e-12,0.7191800875123591
2040,7.235715984832982e-13,5.517166126994871e-13,5.135640236379111e-13,0.8439517870545388
2041,4.074707926406772e-13,1.5446406654337753e-13,2.140216981009276e-13,0.8296092016622424
2042,4.3420759466912484e-13,3.288537606184749e-13,1.0266987337088939e-13,0.8298822762444615
2043,3.65108019418951e-13,4.551723815526249e-13,2.533978096743819e-13,0.81045181741938
2044,2.376223964203241e-13,7.539566469166801e-14,5.805340258508952e-14,0.8400275081396102
2045,4.944485428736657e-13,1.6199360914957085e-13,1.631622210697428e-13,0.8411644356325269
2046,2.2286419222108984e-12,1.4017153437195857e-12,1.0573356215096356e-12,0.8274397945031524
2047,5.45868875745634e-13,2.4590059937144723e-13,1.4110564866484197e-13,0.8445644404739141
2048,1.9903763983031882e-13,6.561690442158427e-14,9.120968299924679e-14,0.8163897966966033
2049,1.2872232296821774e-12,1.7261879110543768e-12,4.948733077193232e-13,0.8461187317967415
2050,8.535152091437141e-12,6.418493729634081e-12,3.508008978440635e-12,0.827745228074491
2051,1.1395637247343194e-11,5.646781316743442e-12,4.823524742267372e-12,0.7931566197425127
2052,1.0541146159357864e-12,7.87507214774189e-13,5.725146791191879e-13,0.8408997539430857
2053,2.253001605691105e-12,1.6934216891167968e-12,1.119220037401436e-12,0.860622726380825
2054,1.4138346342814224e-12,2.783559168711421e-12,9.68154733899117e-13,0.8372712602838874
2055,1.5642458105182638e-12,1.6545212302870065e-12,1.2661175441390853e-12,0.7886544838547707
2056,2.9401346665963428e-12,5.8765463314787935e-12,1.4970964085404454e-12,0.7735690464731306
2057,1.862393224642093e-12,1.102788017984577e-12,1.2569526113610893e-12,0.8543971195816994
2058,5.46370297776689e-13,2.3040314275953054e-13,1.7497993448079517e-13,0.8411135170608759
2059,1.1555877008376626e-12,1.3844385872556294e-12,4.0977466647369766e-13,0.7918596972711385
2060,2.1807556318487917e-13,1.3053028705923326e-13,8.630422931025745e-14,0.8286235129460693
2061,2.628158345238314e-12,1.7217935776061833e-11,1.9010014611890505e-12,0.7489435859257355
2062,1.5630076660682838e-12,9.80754115739856e-13,1.1397094391460762e-12,0.8315664665773511
2063,1.7749343533713658e-11,8.80220004033111e-12,5.2644762571424974e-12,0.845241080224514
2064,5.946659765660423e-13,2.913688707775089e-13,1.986529725228861e-13,0.785531472787261
2065,1.56868628507195e-13,1.0865826362915697e-13,6.768719891632704e-14,0.8231791641563178
2066,1.1077879842647073e-12,6.475230823067975e-13,7.124778295842686e-13,0.8629156619310379
2067,2.94698838329898e-13,6.141600682869931e-14,8.719595055724263e-14,0.8120804697275161
2068,2.098035365355809e-10,3.379329171128477e-10,1.0474034800508494e-10,0.8590953160077334
2069,6.473542952695844e-13,1.2018881248578893e-13,2.906023192119665e-13,0.8120226206257939
2070,2.023150145534953e-11,2.1401259353081235e-11,1.5981260854738868e-11,0.8581548266112804
2071,3.8830097919530384e-13,1.7362716896178037e-12,3.428491893357931e-13,0.760179706197232
2072,9.659413125287452e-12,6.77917921859272e-12,6.333164467986989e-12,0.852905323728919
2073,2.479355936453041e-13,4.0427610454457814e-13,1.3294650635538185e-13,0.7965940162539482
2074,2.117369353835231e-12,1.455442662395664e-12,1.3530232686901426e-12,0.8092557052150369
2075,5.818807453808928e-13,4.703705132994724e-13,1.2745585251788184e-13,0.8406556077301502
2076,5.3835582285125196e-11,1.177547079718815e-10,3.168395191692788e-11,0.7539011610206217
2077,1.4034603470296958e-12,7.519175322193801e-13,9.293694374053977e-13,0.8485995516180992
2078,3.353740290573283e-12,2.416828810980088e-12,2.475615011467157e-12,0.8434953402727843
2079,5.487725151740082e-13,4.3860642690767094e-13,3.029291687983341e-13,0.8382816066965461
2080,2.76741552803347e-13,2.2394085908249012e-13,1.217456965808729e-13,0.8220000887289644
2081,1.101657320994265e-12,9.034024596663904e-13,7.031563924601883e-13,0.8201860120519996
2082,8.36961039180148e-14,3.940252598456649e-14,2.7029150448639022e-14,0.8096128383651375
2083,2.4580519252563225e-12,2.122125865253776e-12,1.1036654635761968e-12,0.8079850303009153
2084,2.4539754697613244e-12,7.149916857069461e-13,1.3908468003193473e-12,0.8167511945590377
2085,3.424554513529559e-13,2.6372183910180513e-13,1.670087602790847e-13,0.8397611603140831
2086,6.776793894508943e-13,3.2994792983457825e-13,2.3568849797443473e-13,0.840723953396082
2087,6.540910860420619e-13,1.2275521346128688e-12,3.085960442429034e-13,0.8297485427930951
2088,1.8088630403596858e-13,1.0116817549406865e-13,9.411741869215589e-14,0.8282504614442587
2089,2.818502695382984e-13,7.578384260926874e-14,1.0721172686433077e-13,0.8396350543946027
2090,4.457149249218524e-12,2.4487005461956592e-12,1.968965441246288e-12,0.8151297278702259
2091,2.889058185581802e-13,1.9600433421428586e-13,2.1667457072492505e-13,0.819477242231369
2092,5.9038920246592724e-12,7.131243463186324e-12,4.926111437207057e-12,0.871490029990673
2093,3.034156532096926e-13,2.1740080700531682e-13,1.2389582531452636e-13,0.8308004131540656
2094,1.9499280092729058e-13,1.0463020703572323e-13,6.902421377255289e-14,0.803618143685162
2095,1.6163163556903448e-10,6.595197013688146e-10,3.805132106154032e-10,0.7739524201024324
2096,4.868950851846185e-13,3.215035085740671e-13,2.893231017760453e-13,0.7872747292742133
2097,4.537820672949753e-13,8.49967104091184e-13,1.834932993250641e-13,0.7671407664194703
2098,1.4002648981774234e-12,5.044081962800685e-13,5.866551153242241e-13,0.8379630617797375
2099,5.099108226112941e-13,4.316159879235322e-13,3.1757461976070244e-13,0.8271971356123686
2100,3.5205513000862393e-13,1.0522118801830933e-13,1.5345353087924866e-13,0.8447407092899084
2101,4.690503457021976e-11,3.167634266372922e-11,2.9997325028519294e-11,0.8695139490067959
2102,1.5421274077796858e-13,6.855440995070746e-14,5.068313479771155e-14,0.8292585095390678
2103,1.2957697311062678e-12,8.1845886482113e-13,5.46798459994165e-13,0.8444054301828146
2104,9.156627761249288e-13,7.865548460846215e-13,4.0371037874137165e-13,0.7910106060095131
2105,3.382484848888015e-13,2.2731219209642107e-13,1.2541855046972078e-13,0.844075970724225
2106,6.008589445246099e-13,3.0333983869302634e-13,2.4922663830474426e-13,0.788452506903559
2107,2.7349841043181826e-12,9.741339652748374e-13,9.194230417702014e-13,0.8310572611168027
2108,3.74268638789375e-13,1.8958571994775332e-13,1.4729026917325553e-13,0.8398828754201532
2109,2.1550198097898963e-12,2.3140018560644527e-12,1.7958615908046642e-12,0.832367841899395
2110,1.2163198780469846e-12,2.9627337289758404e-12,7.356025202978052e-13,0.782310816925019
2111,7.23893232853869e-13,1.5261716506038013e-12,4.03781029156737e-13,0.7810037025250495
2112,1.9605978451167054e-13,1.5303897553903415e-13,1.1251062849211329e-13,0.7969195532612503
2113,5.736617293372686e-13,1.6530005876209594e-13,2.5130580325354153e-13,0.8278874197974802
2114,9.584561453098459e-12,1.9005992351692705e-11,5.771934875457503e-12,0.7603116595651954
2115,5.329857836729297e-13,2.1863882610187586e-13,2.1942565320622997e-13,0.8425510704517365
2116,8.170177575646016e-13,3.3087771755710337e-13,4.89462984645655e-13,0.8003769333474338
2117,5.807341718073862e-13,1.0153335777885009e-12,6.46548172355945e-13,0.7798412959091365
2118,8.512037959481413e-12,1.3091942149560686e-11,6.0728424956607874e-12,0.7800121571868658
2119,1.1048296487144527e-13,1.807711959913049e-13,5.106676107042746e-14,0.841233292594552
2120,1.5921088918138504e-12,5.89241249402578e-13,4.4553615529355867e-13,0.8256742678582668
2121,1.500524408105292e-12,9.53653936291634e-13,1.0847478276316018e-12,0.8401636213064194
2122,5.017433840195228e-13,2.1701177847778818e-13,2.0655947827904942e-13,0.8242254745215177
2123,1.0632318626050561e-13,7.350321307336742e-14,5.858104424942593e-14,0.8300898645073176
2124,7.461286153391411e-13,2.7417260345124265e-13,3.931723258626268e-13,0.8027856256812811
2125,1.311031408472318e-11,1.9503874226496764e-12,3.410726620069852e-12,0.8702720776200294
2126,7.450800555626448e-13,3.962723373732837e-13,4.660002598185763e-13,0.8191684816032648
2127,1.831325664770437e-12,7.552691755566133e-13,6.771392810856717e-13,0.8236125042662025
2128,2.630492483807487e-13,1.0723501441192795e-13,1.371632042906315e-13,0.7909897985868156
2129,2.1642376536940278e-13,1.222791280620686e-13,9.69897313200763e-14,0.8467219293117523
2130,2.797961253109007e-13,2.905863928637136e-13,2.402461953026043e-13,0.8060657895170152
2131,3.4960005462200574e-13,4.3980613302980814e-13,3.074770092579535e-13,0.8288753431290388
2132,1.1320252516711229e-13,2.0156699566512858e-13,5.0149795441407465e-14,0.773982346476987
2133,2.9176294807988297e-13,1.458644404065977e-13,7.729310224959343e-14,0.8343696832656861
2134,8.773161661971853e-13,2.83490201218245e-13,3.928656084608434e-13,0.8131407016888261
2135,3.18448769819874e-12,1.0778419711034778e-12,1.6292100920538402e-12,0.8463974557816982
2136,2.81523752875216e-13,2.252336480844533e-13,1.0183403950816889e-13,0.8018148879520595
2137,1.522057163431806e-13,2.223111439624452e-13,5.950825685742048e-14,0.7843379640951753
2138,1.965056898246497e-12,1.425403480232474e-12,1.186629049981388e-12,0.8206473475322127
2139,7.538821970765368e-13,5.004636706300759e-13,3.989194679836349e-13,0.8448803145438433
2140,5.153639417604978e-13,3.120275931268308e-13,3.211103634581789e-13,0.8144489528611303
2141,3.0186598949317267e-10,3.561333583299778e-10,2.0048203967691616e-10,0.7969268233515322
2142,3.195965302725144e-13,6.634059946918708e-13,1.978211523079684e-13,0.7761297793127596
2143,6.238169666303719e-13,5.2803361482928e-13,3.9680680739354264e-13,0.7940549434162676
2144,1.0081953812966362e-12,6.3352828579804e-13,6.512944153572454e-13,0.8395080709829926
2145,4.603081165102714e-13,5.895296206030545e-13,2.6634182900995593e-13,0.7749082264956086
2146,7.512318662778844e-14,1.199336426001107e-13,3.092829966602769e-14,0.8046179967932403
2147,4.1375325679871065e-12,9.994869205224205e-13,1.938789559295914e-12,0.8353801323100924
2148,1.7636326480649577e-12,2.620302192506904e-13,7.451237942863912e-13,0.8282973926514388
2149,3.204493831527258e-13,1.2695910489819862e-13,1.2968423573151706e-13,0.8380303343757987
2150,2.368751663871674e-13,1.462379958112023e-13,7.822044000984804e-14,0.8318324644118548
2151,8.610675629615814e-13,7.893202752029358e-13,5.747749168371829e-13,0.8146666379645466
2152,1.5746312521469424e-13,1.5965466094765005e-12,1.7085127868276278e-13,0.7619053244125098
2153,3.8783785685023284e-13,3.489056708796314e-13,2.57849552492672e-13,0.8421963606029749
2154,1.571570468571002e-13,3.8761967460305156e-14,4.910576226816462e-14,0.8475312806665898
2155,8.327945446944536e-13,2.65893354426956e-13,4.261989444455498e-13,0.8444751456379891
2156,2.0687706704916983e-12,1.059624774085096e-11,1.0199186788628553e-12,0.7659626119304448
2157,1.310174498968647e-13,5.452724547756299e-14,5.83041530007189e-14,0.8331530654802919
2158,3.3011354915480673e-13,1.7475614968941017e-13,1.4331965173638005e-13,0.8157677844166755
2159,7.844144496296396e-13,3.9742787108582187e-13,2.7087731132791185e-13,0.8490786120295525
2160,1.619568969697922e-13,6.50797303922604e-14,7.663091871528604e-14,0.8363702686503529
2161,3.048454444605193e-11,1.192977793007008e-11,9.061648176848706e-12,0.8297364378347993
2162,1.3717925147269337e-13,5.0732488314257593e-14,6.226832644126734e-14,0.8025784593075513
2163,2.669099063912427e-13,2.911299246945745e-13,6.676548082099152e-14,0.7971137030981481
2164,1.987178512107607e-13,1.4000991919493985e-13,5.999733374470763e-14,0.8269077176228166
2165,4.547724712941656e-13,3.208310478740126e-13,2.1318989451629589e-13,0.8279947374016047
2166,8.068969331946253e-13,1.1230177883484197e-12,2.223190990848525e-13,0.7755543181207031
2167,5.37732311113683e-13,4.866973402906577e-13,8.380560532621934e-14,0.83969641700387
2168,3.4264908721863494e-13,1.9307793750539214e-13,1.919524422615447e-13,0.8432645011693239
2169,6.027585103711355e-13,4.308289317530256e-13,3.803663669646082e-13,0.8298425521701575
2170,3.714638136680202e-13,1.169132245889969e-13,9.558642603164545e-14,0.8534871082752943
2171,1.2345634359853405e-12,1.7100109038181617e-12,6.758027778964303e-13,0.7824157833121717
2172,2.2474013844188854e-12,3.825378819023549e-13,5.587888461708741e-13,0.8418759793043137
2173,5.289954813931667e-13,4.0541864653331193e-13,3.5406840769079193e-13,0.8391611486673355
2174,2.0035211299509118e-13,3.416317519118556e-13,1.751202981343207e-13,0.8154655313119292
2175,6.340176296861549e-13,7.0195885397290005e-12,5.147536761207954e-13,0.749978005560115
2176,2.43418454099876e-13,4.4109534359677983e-14,1.0446991073619037e-13,0.8065922185778618
2177,1.0196624799905042e-12,1.01104244875547e-12,8.94825945897917e-13,0.8207533787935972
2178,1.0541595969825318e-12,3.3165566416457527e-12,8.458199007915915e-13,0.751149286609143
2179,1.3312382225705537e-12,2.002208425242681e-12,8.386165695684138e-13,0.8279128724709153
2180,2.622683736484356e-13,1.8135825279965288e-13,1.0844248697435889e-13,0.7944991094060242
2181,2.767473240306238e-13,3.004512847744925e-13,1.223973354599087e-13,0.83226035553962
2182,6.397915423215279e-13,2.1871365122121413e-13,2.4765446398472933e-13,0.8329661538824439
2183,2.521089739345337e-11,1.3610455699330638e-11,1.5672390415873175e-11,0.8403876148164272
2184,3.157614860677516e-13,5.521440930296242e-14,7.613620058165508e-14,0.8355695396661759
2185,1.5324297974999725e-12,1.124477250297879e-12,9.696263052609413e-13,0.8534900024533272
2186,5.729161554775016e-12,5.921341143707173e-12,4.390704726264194e-12,0.7840891709551215
2187,3.003021033019817e-13,1.474249091530995e-13,1.3971206632071405e-13,0.7888246938586235
2188,2.647652299283408e-13,1.555967640793281e-13,1.610194158144805e-13,0.8304887352511287
2189,2.6277542254760704e-13,4.411695991915761e-13,1.6016468756268561e-13,0.7642557194922119
2190,9.307359349514471e-14,1.1610089539622845e-13,3.718298973884886e-14,0.8102869149297476
2191,1.4861198038172144e-12,3.987137574766134e-13,5.553693265432824e-13,0.8258003817871213
2192,6.514091499191143e-12,3.3972039461168494e-12,1.9107517332429016e-12,0.8433929059654475
2193,8.009384020461027e-13,5.565190277463797e-13,4.599730370776858e-13,0.8283686816692353
2194,1.129879186413938e-13,3.3920002532843257e-14,2.8254701682332212e-14,0.8258109891787171
2195,4.420012583528937e-13,1.4944802960711778e-13,1.784140885575031e-13,0.8442538570612669
2196,4.928019678996488e-13,1.4401691498607145e-13,2.1680641931205258e-13,0.8454294804483652
2197,5.108660196836875e-13,2.7537460813017906e-13,2.215950996528511e-13,0.8052791737951338
2198,7.100569474406549e-13,3.3375552124178165e-13,4.190493029644636e-13,0.8537104096263647
2199,4.962898389440523e-13,5.041914879767549e-13,3.3347171118865384e-13,0.8159993400797247
2200,2.3899002615011273e-10,3.0757958009282944e-10,6.32226794569972e-11,0.8175739405676723
2201,3.4894826465925053e-13,6.893451081792293e-13,2.1990822110300462e-13,0.835334251075983
2202,2.809992999504918e-13,7.706654559154596e-14,1.0827708426256908e-13,0.7972632898949087
2203,3.766469584434844e-13,4.802058393563463e-13,2.954315823393852e-13,0.8291752582415939
2204,5.336147091123536e-13,1.7636352673376037e-12,2.980387510591929e-13,0.7656836116220802
2205,1.1588757456356064e-12,1.0350377826700037e-12,7.928273374175661e-13,0.8499720122665166
2206,6.363076487106114e-13,5.148076964171976e-13,5.236310842996995e-13,0.8294026473537087
2207,7.694804831008652e-13,7.361118398561397e-13,5.347129840247365e-13,0.8299560230225325
2208,2.959176727559409e-13,1.298817636336682e-13,1.5180049836299334e-13,0.805927200615406
2209,5.633630143384043e-13,1.6353902375389717e-12,3.467965627359063e-13,0.7753830992616713
2210,2.1206588898568227e-12,1.7240265756853053e-12,8.583196931247734e-13,0.7955241049639881
2211,1.4854511149786618e-13,6.48803892312141e-14,4.9437205420992365e-14,0.8316439693793655
2212,3.730896991644046e-13,1.9022561507996162e-13,1.5834272863358453e-13,0.8195324797183275
2213,7.680498519955802e-12,2.2699577662510198e-12,3.2779986449207548e-12,0.8547521565109492
2214,2.5934218168176044e-13,4.30083321384914e-13,1.408444945758835e-13,0.7818243781570345
2215,9.517514509541317e-14,5.785419315576938e-14,3.870670588815312e-14,0.8217895926907659
2216,1.1713608457734185e-12,7.874074901004226e-13,4.2536850456643444e-13,0.7934169998392463
2217,1.3181128076593766e-13,1.160903028141722e-13,5.544568269828626e-14,0.8268990360200406
2218,4.1161653200006923e-13,4.767827050284611e-13,7.003189940734438e-14,0.7830986755900085
2219,1.5562198815899704e-12,1.0212233967052699e-12,9.682152519170817e-13,0.8366756998002529
2220,6.115204222717122e-13,1.456799684691063e-13,2.746982059225216e-13,0.8398777963593602
2221,3.055616509866507e-13,2.738151485870025e-13,2.66107371656834e-13,0.8192486112937332
2222,5.160205046832608e-11,3.266901831907207e-11,2.3688059608671937e-11,0.8490688167512417
2223,5.320682664246954e-13,1.456632717300244e-13,2.489400350892325e-13,0.8289379179477692
2224,1.1532816701187258e-13,1.3462263129263246e-13,5.6501153927503354e-14,0.8243892233818769
2225,3.496759330406976e-13,1.1495224409350766e-13,1.490265625126333e-13,0.8454236406832933
2226,1.7083255226726876e-13,1.666529857260024e-13,7.407482332820649e-14,0.7891171819530427
2227,4.677035892450329e-13,3.123881000352714e-13,2.77173711971534e-13,0.7734464071225375
2228,1.967345407049839e-11,8.375210152575317e-12,9.928691942972263e-12,0.8662724874913692
2229,6.778235048129462e-12,3.725934733248628e-12,1.8122704310800517e-12,0.831328539736569
2230,1.256085074295527e-12,1.2104212413506418e-12,8.448529331218575e-13,0.8245099272578955
2231,1.3358256541634814e-12,2.815510931323048e-13,2.200007393199172e-13,0.8409269962459802
2232,1.2421212400961401e-12,4.549192746198368e-13,6.47296529217616e-13,0.8433382226154208
2233,1.1847177258240814e-12,8.331675799328541e-13,7.191457588486947e-13,0.8443397600203753
2234,3.8017497768678383e-13,1.4000192690124297e-13,1.7866358939198533e-13,0.8352484349161386
2235,1.6257802597349454e-13,5.592943274297654e-14,5.697909498868101e-14,0.8152846427634358
2236,9.858122667475374e-13,8.138173752376886e-13,7.93330984957006e-13,0.7959432170726359
2237,2.8810926063536065e-10,2.819080705064401e-10,1.344796036414859e-10,0.8603796422481537
2238,4.84224503377372e-13,2.764931224730481e-13,1.5085576239349053e-13,0.8435358062386513
2239,8.786210584761375e-13,5.2806836376457495e-12,5.252605654240013e-13,0.7500243834452703
2240,4.797128135364556e-13,3.584685969129382e-13,1.374739566807165e-13,0.8244299221783876
2241,8.619921098850712e-13,4.879578702803702e-13,5.6458010171917e-13,0.8466057181358337
2242,2.785678803128181e-13,2.98409645110639e-13,2.2162027303390253e-13,0.8304742755368352
2243,2.0879761423895405e-12,4.4737974144744397e-13,8.780273847123325e-13,0.8373838165774942
2244,6.948080894061027e-13,2.749452696854996e-13,3.531179767771972e-13,0.8196587290614843
2245,3.2947846015250295e-12,1.487399132104561e-12,9.397867282605373e-13,0.8272730898112058
2246,3.471958438344792e-13,3.2898255154432337e-13,1.7983092543414194e-13,0.8204117015004158
2247,9.994895979387408e-14,7.247491461151363e-14,3.863318650570624e-14,0.8235829457640648
2248,2.35484414478242e-13,1.224177529132593e-13,1.0667950008869657e-13,0.8162030586972833
2249,5.109417281451774e-13,2.583459643170292e-13,2.1359583697135365e-13,0.8344658447429538
2250,5.885338096104464e-13,1.2901454355357973e-12,2.929184489145152e-13,0.7634874144569039
2251,6.0522699493281294e-12,3.067348060778432e-12,3.643504525572748e-12,0.8658607415854931
2252,4.914068900209774e-12,1.7857681545967593e-12,2.287919602028504e-12,0.8249654030427337
2253,1.5262834819807325e-13,1.64938535364766e-13,7.78374332780595e-14,0.7986110187135637
2254,7.924716867970776e-13,3.924185111051476e-13,1.6407601292594466e-13,0.7915744043886661
2255,2.50878999325254e-13,1.732592885780866e-13,5.4816509388138325e-14,0.8335894882678986
2256,6.237156563690479e-13,1.1571840932200921e-12,2.076754851043313e-13,0.7690377641934901
2257,1.8609331375482544e-12,7.780078595892659e-13,6.554577614222622e-13,0.7766294286586344
2258,1.5808676258313233e-12,1.4602742739271034e-12,1.0112216236905952e-12,0.8309830216690898
2259,2.020334594060567e-12,8.317578247151686e-13,8.88754879713579e-13,0.8566669203341007
2260,5.962161580326291e-12,3.079360707912129e-12,3.1233904095775898e-12,0.8203557251021266
2261,2.983352411063112e-12,1.6115765024224373e-12,1.873966977785652e-12,0.8677924893796444
2262,6.955400740766896e-13,7.08089821953117e-13,3.924058760240573e-13,0.7738687962759286
2263,4.448567446433937e-13,6.385055459890108e-13,3.2057775872285765e-13,0.7870675535872579
2264,1.6107494487287133e-12,1.6760610749994758e-12,1.243475756355854e-12,0.7750999286305159
2265,1.660584197084167e-13,1.3854309962711369e-13,8.168459858993871e-14,0.8058961728587747
2266,1.0530723864149782e-12,5.174578598097971e-13,2.3476810465489814e-13,0.8256797831505537
2267,1.7357969387259517e-13,1.5566517869306502e-13,1.336174050979243e-13,0.8465172227472066
2268,6.230435384227628e-12,1.6525633548843126e-12,2.0885917346992124e-12,0.8625802837312222
2269,4.767417136320324e-13,1.404915374602716e-13,1.502203713965859e-13,0.8417837109416724
2270,1.635908072566936e-13,4.819087258726611e-13,6.663989703916848e-14,0.7655933375936002
2271,4.12764578440927e-12,4.115985038684248e-12,3.298500809331179e-12,0.8642869431525468
2272,3.831751867630393e-13,2.9472638453143173e-13,1.3571921190009193e-13,0.8380154207348823
2273,9.827723636401922e-13,3.4416364620866457e-13,2.063494215773701e-13,0.8259279495105147
2274,1.3862885990546028e-11,1.1313201746167142e-11,6.5469146981790494e-12,0.8446326125413179
2275,2.6181789764016336e-13,1.582379765838431e-13,1.3997382113991721e-13,0.8062814646400511
2276,1.679998046055308e-12,4.33670862581101e-13,3.366935342677908e-13,0.8571259420365095
2277,3.93284230661336e-13,4.731458179450702e-13,2.7206555885378113e-13,0.7883822660893202
2278,4.292615164380229e-12,8.288615884514269e-11,1.4686779687265482e-11,0.7475512379780411
2279,6.758233942004479e-13,2.5708227153437097e-13,1.8375130181084858e-13,0.821031890437007
2280,5.528215618586306e-12,4.13707494630192e-12,2.220269163940012e-12,0.8292372236028314
2281,2.515423386980579e-13,2.2190964687066425e-13,1.675840279459955e-13,0.8231960648670793
2282,4.042056879500168e-12,2.2362270572143094e-12,1.6481594928228725e-12,0.8397432241588831
2283,1.341317194374311e-12,9.551673144138578e-13,8.457476811864868e-13,0.8324797283858061
2284,2.041416404705785e-12,6.320766065131206e-13,6.69173413945309e-13,0.8518899980932474
2285,1.6619315108212278e-13,9.100478357109433e-14,6.402231388475165e-14,0.8343846110627056
2286,9.942753453913586e-13,8.190103652089298e-13,6.203329337916008e-13,0.8513927113264799
2287,1.9819927908412957e-13,3.0307722705741654e-14,5.4991316093894444e-14,0.8189649570733308
2288,1.466487913261589e-12,8.377732744415089e-13,6.681120414212661e-13,0.8447131451219321
2289,5.243675588930718e-13,2.069451373500402e-13,1.3490713679479497e-13,0.8260018603876234
2290,4.113483929201486e-13,2.711389702068103e-13,2.588437297401214e-13,0.8260249635204673
2291,6.873887487189364e-13,2.709668957256743e-13,3.697887021003773e-13,0.8363056482747198
2292,2.519239413382162e-13,1.5237398513791451e-13,1.1994184879891585e-13,0.8415082216262817
2293,1.6216336983054473e-13,1.6263065004642262e-13,9.817176494721208e-14,0.81388587243855
2294,6.333000238198492e-13,2.284758816968216e-13,2.2563280478026638e-13,0.8382702346891164
2295,2.9694036680785477e-11,8.432923653463461e-12,3.123436727397677e-12,0.8753120474517345
2296,2.229747358363813e-13,2.568990348475206e-13,1.8123342979335722e-13,0.7859058802947402
2297,3.000923853942581e-13,2.433551300953079e-13,2.1084136399547014e-13,0.827035061083734
2298,3.7699176107087606e-12,2.447047740482844e-12,2.4262323082988757e-12,0.7707569053862244
2299,1.0268267067788282e-12,9.387997728166948e-13,6.792965203046478e-13,0.8086112483404577
2300,4.831372069479495e-13,4.98412056246036e-13,4.541086226448431e-13,0.8178073845803737
2301,2.1499498414746703e-12,7.321770026566758e-12,9.168219361598634e-13,0.7544146163854748
2302,7.6420324883418e-13,6.856264182147144e-13,5.023165590064308e-13,0.8522823836654425
2303,7.101318017733688e-13,7.009805933106393e-13,5.169411184546917e-13,0.8285496816039085
2304,2.047930260309413e-13,8.290566637576095e-14,8.409173171997471e-14,0.8207062087953091
2305,9.532489930429494e-13,6.105359682020535e-12,4.5380645204174684e-13,0.7513271811418235
2306,2.38950238718639e-13,5.546649635615447e-13,1.6912146043130853e-13,0.7730020744726062
2307,2.5564225580627653e-12,8.795307950472379e-12,1.4772087282231717e-12,0.7612147805280983
2308,3.640332300428297e-13,1.662102694784267e-13,1.3780740042328674e-13,0.8444328468292952
2309,4.6117086955756594e-11,1.3537508528655262e-11,2.45995349128606e-11,0.8128938313573599
2310,2.6122089691844504e-13,2.123901687929137e-13,1.1671440155484737e-13,0.7878613259643317
2311,1.8059743946353487e-13,5.590709513793582e-13,7.164591300279779e-14,0.7763674345333129
2312,9.975794547417837e-13,3.4907346914026444e-13,3.6983699565076613e-13,0.79817218426615
2313,1.4123938380831349e-13,9.904172982418295e-14,4.812245202947953e-14,0.8282446648925543
2314,6.403045319171638e-13,6.017588470390582e-13,4.415056048732959e-13,0.8246955340728164
2315,1.7881635532765149e-12,1.2044463453375326e-12,8.495726799985288e-13,0.8352113353088498
2316,1.2685551195770314e-12,8.236768077178548e-13,6.027271130161185e-13,0.8413214020431041
2317,3.223118413366535e-13,4.0779219885111654e-13,1.5418319813232486e-13,0.8282948145642877
2318,2.390440400660105e-13,7.744632378689626e-14,1.1840347119417304e-13,0.8017560930922627
2319,5.914713011157153e-13,1.3311727837222898e-12,3.518559135541238e-13,0.7595613756682724
2320,1.0811694763428e-11,1.5354432377494426e-11,1.0825223170928443e-11,0.811675289273262
2321,2.0325950017313606e-13,7.441766737844795e-14,8.098921362284157e-14,0.800509774684906
2322,7.164867105693687e-13,7.317787040471218e-13,6.030895284517081e-13,0.840335800871253
2323,1.821841144731484e-13,6.797112915541605e-14,7.104231124602363e-14,0.8203187795355916
2324,4.3090469968268314e-13,6.472443855424227e-14,1.5420281027908422e-13,0.8375009728595615
2325,4.878115348480728e-13,7.360310307400059e-13,5.187401362363902e-13,0.8533611081540584
2326,6.531674940323929e-13,3.35323488963773e-13,2.899230384988269e-13,0.8366871668025851
2327,4.594605796913676e-13,3.65985592487161e-13,3.2127983763998833e-13,0.7864625742658973
2328,7.984681110249916e-13,1.0250926000174525e-12,9.140456527490102e-13,0.8381473267450928
2329,9.042138687141148e-13,5.85426622780081e-13,5.659100134429445e-13,0.7928402516059577
2330,3.994388618230363e-12,1.0028915333453804e-12,1.034764253020335e-12,0.8314899548888206
2331,2.133176404795318e-12,1.3235943759518037e-12,8.319388691843276e-13,0.8570932425558567
2332,1.3791668926530792e-13,7.183972372771908e-14,7.223601863033783e-14,0.8299897784367204
2333,6.46520998721681e-10,3.8524447716189535e-10,2.0646465021636952e-10,0.817777163721621
2334,1.4507391355604725e-13,4.334912492506026e-14,5.645889667526794e-14,0.8279234251007438
2335,2.4939641799866743e-11,1.4795665409390147e-11,1.7572656937661562e-11,0.8379838168621063
2336,1.024593085730538e-13,1.4048369633758765e-13,4.9454281294342835e-14,0.8059005945920944
2337,1.767453448697914e-11,1.8379407754114943e-11,8.417501274127248e-12,0.8248327448964119
2338,3.265609137254544e-13,9.656913328640477e-14,9.197821103844405e-14,0.7989421859383583
2339,1.629439836213045e-13,1.7763523137523598e-13,8.203979811429491e-14,0.7909778477624059
2340,3.233180174780891e-13,2.039664901130418e-13,1.0597089131363293e-13,0.8288508089259267
2341,4.097580390105845e-13,3.558006512158489e-13,3.0558108036589e-13,0.8236639318987727
2342,2.819167208686126e-13,1.2817607279158197e-13,1.7712409359966845e-13,0.7993961862288416
2343,6.382881226562119e-13,4.680154455448757e-13,2.851095635968916e-13,0.8255018325522542
2344,3.4303322857191764e-11,3.4970706356967826e-11,2.6780973474713324e-11,0.8030145529191941
2345,1.0503100009286246e-13,8.116570187359507e-14,5.048231149320056e-14,0.8252718361094594
2346,1.5491701194948462e-13,7.842992595805018e-14,9.56234617156791e-14,0.8312096590176224
2347,2.1414831225954726e-13,6.122555231803132e-14,8.290959677051323e-14,0.8355253238230944
2348,1.8381957110768454e-13,8.04258190088381e-14,9.09309307878298e-14,0.8383439080789685
2349,1.3857542230978099e-13,4.229144370395333e-14,6.038398037333007e-14,0.814890424720943
2350,7.048719812844802e-13,9.138547576270686e-13,6.899679419611853e-13,0.8194508859887719
2351,3.2354039927506054e-13,1.7253697625701957e-13,1.3329680016107726e-13,0.8254446648061275
2352,4.614445415669666e-12,1.8034872805024388e-12,1.0955034492065877e-12,0.847464807331562
2353,2.5200147372511705e-13,1.771666669141019e-13,1.0480049168631542e-13,0.8030191823840142
2354,5.432612582457821e-13,1.560552436366044e-13,1.73704554270282e-13,0.8497007481753827
2355,1.4806155677337346e-13,2.1614224511084722e-13,1.5813598383048064e-13,0.822133774496615
2356,3.1249489922470847e-12,7.592736499260799e-12,1.91992689629031e-12,0.8399159029126168
2357,3.5131837180983478e-12,2.3789288214687615e-12,1.166361371576584e-12,0.8339394798502326
2358,1.0379446164914192e-11,7.155668739069705e-12,5.155703832174444e-12,0.8262719262391329
2359,3.190785300733352e-12,1.6420504091162377e-12,9.884748113768558e-13,0.8495132565498352
2360,2.6976049770025583e-13,3.340566026640861e-13,2.065219082866097e-13,0.8186621475964785
2361,7.728895924782213e-13,7.284359622904566e-13,3.1416959038149813e-13,0.8445244040340185
2362,2.33295867305252e-13,5.0368451802641275e-14,8.255326204145254e-14,0.8328597841784358
2363,2.6508093670073936e-13,2.133671441417845e-13,1.538415187571594e-13,0.803791940677911
2364,3.391915364417997e-13,1.6233423307881181e-13,1.901781151679603e-13,0.8367757046595216
2365,1.0748172412620306e-12,4.3601158230271383e-13,4.598822544615041e-13,0.8081636255607009
2366,5.89042926324005e-13,2.640822018576659e-13,2.993852200576282e-13,0.839700385928154
2367,3.9487948987095024e-13,4.017917373845282e-13,1.6258090133356917e-13,0.8031285022385418
2368,6.149204622094784e-13,3.305292346878139e-13,2.776580546472601e-13,0.7835527881979942
2369,3.4782275388399635e-11,1.0601280162258998e-11,1.2776043350709723e-11,0.8660831160843372
2370,1.373365500558267e-10,4.402841840394567e-11,6.105304713251014e-11,0.8469803888350725
2371,1.2314004005389237e-12,4.658070854990324e-13,5.270427320400063e-13,0.8447148129343987
2372,7.680655799498488e-13,1.4427213540553668e-13,4.089555158306733e-13,0.7963765686377883
2373,1.606563534851947e-12,2.279427080155252e-12,1.966637039952884e-12,0.8404985895380378
2374,3.338993856828213e-12,3.525357064132542e-12,3.111593651477791e-12,0.851462434232235
2375,2.429572894903522e-13,1.1488347164709498e-13,1.0483314586776641e-13,0.8432234853506089
2376,5.782547270715723e-11,1.1521863385737769e-10,3.6781573127940767e-11,0.8256525726988911
2377,2.441497064028439e-12,2.1933698377294654e-12,1.7785534651403794e-12,0.8238067850470543
2378,4.2005259565964125e-13,3.7803293643444923e-13,3.4154094214565373e-13,0.830135809071362
2379,1.4133649858913136e-12,8.410592015460878e-13,7.623519577180008e-13,0.8164427058771253
2380,2.085180353098552e-12,2.350904825971404e-12,1.0225885041236734e-12,0.8616768341511488
2381,1.2133397559779204e-12,8.235506979465643e-13,5.713404729406925e-13,0.8615007728338242
2382,1.794770317632323e-12,6.840555651675648e-13,1.0072470300130494e-12,0.8461323618888855
2383,2.819480670583532e-12,2.885539655948592e-12,9.349668295710378e-13,0.8279942810535431
2384,6.343522943929564e-13,4.479776270689225e-13,5.14030125850825e-13,0.7982194622047245
2385,2.7041922001382053e-13,1.6342629718112009e-13,1.7599693321939565e-13,0.8246014719828964
2386,2.758545996107587e-13,2.371477636647992e-13,2.2397276334487122e-13,0.8084880567155779
2387,5.34027965520226e-13,4.52469991859387e-13,2.9589637160354e-13,0.8320124050602317
2388,5.1802234335056695e-12,2.8463306134319405e-12,2.0441284706673536e-12,0.840635396540165
2389,2.9943887585401493e-12,6.447839937792081e-11,3.650067155396138e-12,0.7389592382824048
2390,3.224822227757741e-13,5.293801014959396e-13,1.976296588194819e-13,0.8408891297876835
2391,2.710169745516014e-12,1.4548196635141073e-12,1.824546228189421e-12,0.8366695895791054
2392,1.405554952235518e-12,7.203227809102181e-13,8.829782297925692e-13,0.7982135725207626
2393,4.000797230519697e-13,3.219490145122532e-13,2.7888277300004753e-13,0.8455667860805989
2394,1.5287144229420598e-13,2.7302986902082256e-13,6.0235075284795e-14,0.8114711142145097
2395,3.756139882721953e-13,2.303335133420469e-13,1.628075990238993e-13,0.8221187338232994
2396,2.633175019676805e-13,2.854297400088556e-13,1.85824857605119e-13,0.8514297135174275
2397,4.458796454568154e-13,2.949822070725912e-13,2.876655400500177e-13,0.8417849890887737
2398,2.989839110399898e-12,2.8414310348031825e-12,2.444219748826417e-12,0.7821730263531208
2399,5.3919844452385e-13,2.1081507274143722e-13,1.6839627259460428e-13,0.8164735997095705
2400,4.410965557374986e-13,1.9192297498051206e-13,1.9887653497752734e-13,0.8195418978109956
2401,3.510106682824132e-13,4.620755797519468e-13,3.485050785569641e-13,0.8137381529435516
2402,4.298622443056329e-13,4.395883576699945e-13,3.685296972785818e-13,0.8319474643096327
2403,4.157518088656459e-13,1.6280064322066074e-13,2.3534039571073144e-13,0.8178405098617076
2404,3.330376001254629e-12,2.031272611815207e-12,2.1541984511482408e-12,0.8308259474113584
2405,2.135528773978773e-13,1.321906918179178e-13,1.408812713629021e-13,0.8427796576172113
2406,2.2689433222319698e-13,3.6836250367561213e-13,1.9563278078204707e-13,0.8286250565201044
2407,2.0126179250029945e-13,1.537304607528151e-13,1.532696927736817e-13,0.7836040508002042
2408,8.807288015048186e-13,1.1026818444476709e-12,2.2124951948676066e-13,0.8525366868823767
2409,8.229159708697127e-12,8.51075155025076e-12,1.9831443383799053e-12,0.8569917187094689
2410,4.5377442205163106e-11,1.0420424399258974e-11,1.5370876415111675e-11,0.8796126857399941
2411,8.311617533407092e-13,8.500046095670796e-13,8.259669790892024e-13,0.8485199581831694
2412,1.975613702360481e-12,5.889188452667845e-13,9.21085692451529e-13,0.8566251143813133
2413,5.244494248647955e-13,4.587188163339914e-13,2.728699758436343e-13,0.7775699473451823
2414,5.654852273579652e-13,3.241872599264767e-13,3.9821057833929037e-13,0.8210171079263091
2415,7.211229401779782e-14,3.7162285077696e-14,2.3175659554921336e-14,0.8281468685716391
2416,3.167458080680809e-13,4.672223016037044e-13,1.5338101665031544e-13,0.791774423699826
2417,3.112501784883561e-12,7.911955922855684e-12,2.9415111037134637e-12,0.7889997742138803
2418,1.1715083505367077e-12,3.0912347740052215e-13,5.374711426804404e-13,0.8383326970040799
2419,8.834473719858331e-13,5.457915715806355e-13,5.150234610561838e-13,0.7941935773938894
2420,2.836105670232931e-13,2.2388695862980827e-13,1.8352027972261895e-13,0.8331267692148685
2421,4.1118491827968737e-13,2.395712381984464e-13,1.92754703886142e-13,0.8489597707986831
2422,1.6748945066111637e-13,5.913957492042578e-14,4.6975817156024735e-14,0.8244389289990067
2423,5.522261405371988e-12,3.278015242353233e-12,1.6470890476156669e-12,0.8624947406351566
2424,1.6591452585606992e-13,2.92995844982704e-14,7.04615511446508e-14,0.811546122841537
2425,3.7131309409101513e-13,2.39170174332076e-13,2.478044424589361e-13,0.8199247656390071
2426,2.2344038200949818e-12,2.397784946280845e-12,2.151010479772586e-12,0.8491050884127617
2427,4.850565035084606e-13,2.212307492032357e-13,1.6857087718259832e-13,0.8547223251312971
2428,1.432703666479728e-13,5.6166507051295415e-14,3.5106864036609e-14,0.8260358234867453
2429,5.272337077199477e-13,1.430825004709822e-13,2.145971799887197e-13,0.8503190848976374
2430,1.2513452550356474e-12,6.644390348652518e-13,6.502661058876565e-13,0.8476807441562414
2431,3.3507473727078753e-13,2.552636043805584e-13,2.428854462662175e-13,0.8467424698174
2432,4.8691502283690687e-11,1.7976008648656484e-11,2.458652176419122e-11,0.8582486487925053
2433,3.451432616617605e-13,1.1862731722524937e-13,1.855370648558896e-13,0.8037965220399201
2434,6.154620294242027e-13,3.9785769225912187e-13,3.769509009816084e-13,0.8521520689129829
2435,3.7678793563975524e-13,1.5752993783360814e-13,2.1102102596384225e-13,0.8083263212814927
2436,5.191707710539816e-13,2.2191869546908266e-13,2.87875990034278e-13,0.8160865919664502
2437,7.640269822690109e-13,7.156648227195965e-13,3.529726635396893e-13,0.7987042002379894
2438,2.62172963786234e-13,3.066932681216025e-13,1.7586779655602252e-13,0.8255383422598243
2439,4.052137222406871e-12,2.8959156807335555e-12,2.123654507585244e-12,0.7824100249446928
2440,2.4463139752545973e-12,1.922716075164864e-12,1.4322535208546057e-12,0.8409508652985096
2441,3.098531459648164e-13,1.954673337594297e-13,1.2332364057604282e-13,0.7932853605598211
2442,1.3301750215266405e-13,8.280539798285955e-14,7.429180456105659e-14,0.826617269590497
2443,4.4669565245965787e-13,1.9883676916520912e-13,2.0640164039460278e-13,0.7950678579509258
2444,2.754536642553602e-13,1.4240585194611841e-13,6.891601551783744e-14,0.821741727180779
2445,2.984917636973417e-13,2.727028106753097e-13,2.3548536491332805e-13,0.8185596276074648
2446,2.4773893342302644e-13,3.926703588964757e-13,1.9099976869866173e-13,0.8422814901918173
2447,2.4171897047123453e-13,1.7101423164342014e-13,1.0940394414722525e-13,0.8240756455808878
2448,5.857239858507733e-12,2.010154854739547e-12,1.5283683623193613e-12,0.8310960004106164
2449,1.5026850791450766e-13,7.143049608687843e-14,5.800537659484225e-14,0.8302038077265024
2450,1.2601321694341497e-13,7.853248287348796e-14,7.868375951896383e-14,0.8177049349993467
2451,1.88393442500888e-12,1.3772371853723272e-12,1.261103358953541e-12,0.8626189045608044
2452,1.8495944926628504e-10,1.3612018659490794e-10,1.482847291269376e-10,0.8592596739530564
2453,4.019914537714502e-13,4.69949089543246e-13,3.091246578330355e-13,0.8336402367800474
2454,4.306145810392054e-12,3.707635556524153e-12,3.328109760701246e-12,0.800444848369807
2455,3.967468271662605e-13,6.761256055480954e-13,5.110392181413987e-13,0.7959471949376166
2456,1.580532768537025e-13,8.636809606223165e-14,9.015559661815897e-14,0.8099394649267196
2457,3.622540765513758e-13,4.754721612891737e-13,4.005026382597893e-13,0.8468087323009967
2458,1.4300122934576294e-12,1.0906778109381684e-12,1.0490903238523337e-12,0.7955992406234145
2459,2.468815512127301e-13,5.046314018748559e-13,9.199600223476369e-14,0.7707463952247053
2460,2.535695170128681e-13,1.0722724621849136e-13,1.198608502123845e-13,0.8079661696217955
2461,1.9948136003789545e-13,1.872787329726905e-13,1.3718804198127944e-13,0.8258345283567905
2462,7.968411103654526e-13,7.933112786956143e-13,3.013654088150909e-13,0.7649512426927686
2463,2.1849137147752608e-12,1.3227826051489768e-12,6.65440804501584e-13,0.853628970310092
2464,6.815518771676732e-13,8.111141793563405e-13,6.076119502375071e-13,0.8102604963816702
2465,3.871704962767633e-13,2.0409864032460331e-13,2.2422889780937895e-13,0.8386830750852823
2466,1.217901475867998e-11,2.059275160047338e-11,1.5308346494242172e-11,0.8665386252105236
2467,1.4895629017487817e-13,6.598560365544752e-14,6.681020825790841e-14,0.8118653059005737
2468,1.1471108145030562e-12,1.065829476163903e-12,4.981989308572192e-13,0.8291972832754254
2469,6.308469781861488e-12,7.895337966720682e-12,7.024000866682335e-12,0.816910969465971
2470,2.0111383037512165e-13,1.693196706350343e-13,5.991693408359601e-14,0.8161453822627663
2471,9.39128045453957e-13,4.88623016904227e-13,6.085281735160793e-13,0.8503774151206016
2472,9.656074331266405e-13,1.5681398262878137e-12,9.8105706498943e-13,0.8274200778454542
2473,3.658880411008016e-12,5.020460955225603e-12,3.829661330674896e-12,0.8787281319499016
2474,3.4821698717575417e-13,9.773837505154674e-13,1.928556224766452e-13,0.7641650292091071
2475,3.444924732965061e-13,2.418896876138704e-13,1.2376293523149041e-13,0.8355860320851207
2476,8.158641273383669e-13,3.7076834565965337e-13,3.0004867455193065e-13,0.8397871572524309
2477,5.863633346079457e-13,2.715395540221741e-13,2.018626286813496e-13,0.8285781120881438
2478,3.446212707605351e-13,1.885421510926031e-12,1.8524772497994425e-13,0.7605036878027022
2479,3.8612522853215983e-13,2.182603955080168e-13,1.0443300398930459e-13,0.8472857631742954
2480,1.253992610825923e-12,7.725588247480073e-13,4.236078609985846e-13,0.8220149910077452
2481,4.41118392926994e-12,2.607203380241848e-12,2.368631739903588e-12,0.8524225361645221
2482,4.873190713200301e-13,5.75152909605578e-13,5.081287710174456e-13,0.8467284969985485
2483,1.2068406790382474e-12,1.0230025537055006e-12,7.098253000014969e-13,0.7744974457193166
2484,5.213132793097898e-13,7.97335160442975e-13,5.234403235075184e-13,0.8151323523372411
2485,6.526977085513812e-13,3.901628983602433e-13,3.4034228980835413e-13,0.7858507196418941
2486,1.0050081074822062e-12,5.040213953732305e-13,4.3041715450977054e-13,0.8621703274548054
2487,4.232615886818462e-11,1.418721616963022e-11,1.0681128786889902e-11,0.8755325689911843
2488,1.6675993816982786e-10,8.453436059327689e-11,1.0108049858123503e-10,0.8458287991583348
2489,1.8276500502809299e-13,1.0240462141103104e-13,9.128718398390106e-14,0.835934105142951
2490,3.47010875241844e-13,1.0261798695049893e-13,1.6169102823147348e-13,0.8362152365967631
2491,5.433047951897298e-13,5.270237532438197e-13,2.0522318736112898e-13,0.7852675467729568
2492,1.2010217397165096e-11,1.0644190639961424e-11,1.0675014250420456e-11,0.8530593913048505
2493,1.2876744772833248e-13,6.567778719652618e-14,3.78660133012743e-14,0.8318782441318036
2494,1.4307689529194913e-13,8.487687345355554e-14,6.499333696064915e-14,0.8057488300837576
2495,1.4759681629934365e-13,9.548202135162615e-14,6.000978100871629e-14,0.8253960585221648
2496,2.0462407366949121e-13,2.6275042579581945e-13,1.7055223517251605e-13,0.8030902541242539
2497,4.911699782424616e-13,2.864247396381493e-13,1.9398998864992745e-13,0.8321554318070412
2498,4.740129809806256e-13,7.304350178804822e-13,5.810678457271561e-13,0.8185252392664552
2499,5.102350425198633e-13,2.347781162431591e-13,3.091946589959181e-13,0.7987249615602195
2500,2.520461370746308e-13,2.5654122365090445e-13,1.742537518091806e-13,0.8365954171866179
2501,4.602869651260978e-13,1.9654759187563466e-13,1.2633732183543812e-13,0.8295807503163815
2502,8.646400880463959e-13,8.784126541675083e-13,6.125955952056925e-13,0.8507473129779101
2503,7.830279081034194e-13,1.7019798708273416e-12,7.806847585136691e-13,0.8165086222812533
2504,3.094716897094226e-13,2.2623910295846794e-13,1.8898019765472441e-13,0.7777826499659568
2505,2.747760319799636e-13,1.1545500281819974e-13,5.868756220732134e-14,0.82406440153718
2506,5.364347275315921e-13,2.473350949259713e-13,2.231288704438671e-13,0.8474856093525887
2507,7.824853088349024e-12,7.538826771282438e-12,4.7946760472596016e-12,0.862336901947856
2508,2.504686922341328e-13,3.795998447059401e-13,1.3465944744261878e-13,0.7792528891004622
2509,4.97656151664061e-12,6.5117773843303296e-12,2.826849432081021e-12,0.7781754503026604
2510,6.023965233287411e-13,3.4296759127840465e-13,2.448469864363279e-13,0.8428182300180197
2511,4.839313536691004e-13,1.8024323966438853e-13,2.0591419950227515e-13,0.8220642130821944
2512,8.765840966410799e-13,8.32166965016019e-13,4.975687321884214e-13,0.8379725143313408
2513,1.637034103568368e-13,8.816767572983938e-14,5.403304558188888e-14,0.8384277390316128
2514,3.52843102321526e-13,2.0409163064080145e-13,1.4133224247383628e-13,0.799028251040727
2515,1.518256320066983e-12,3.719539653023965e-11,1.8001093968834393e-12,0.7391971323406323
2516,4.2916567204769615e-12,3.6197395895205626e-12,1.9652339319803207e-12,0.85950643196702
2517,1.6662764264628824e-13,6.109532629394962e-14,4.409605609629797e-14,0.8269853960722685
2518,1.713016327677046e-12,9.008839255042447e-13,1.067881756995009e-12,0.847558506578207
2519,2.7849979022438865e-12,8.748650954301917e-13,1.1959243798805653e-12,0.8437512006610632
2520,3.8666980196438477e-13,2.0235636746776906e-13,2.105110177958219e-13,0.8515190958976746
2521,6.471100356529956e-13,2.7411011884256143e-13,1.839104194999921e-13,0.8272833593189717
2522,1.6245673383919997e-13,1.1921071611993453e-13,7.556748519216238e-14,0.8359625078737736
2523,9.314076198496905e-14,5.0745273779526577e-14,3.518076738570153e-14,0.8098649307154119
2524,1.1034031688871978e-12,5.348910459184758e-13,6.06224224157701e-13,0.8390951253473758
2525,3.330706668248069e-13,2.0643228059345645e-13,2.0525508975990312e-13,0.798824563715607
2526,2.898520014149639e-13,1.560537696383687e-13,1.2971828059731817e-13,0.8367741279304027
2527,4.4399049351814597e-13,3.5795877310502713e-13,1.4092468248126033e-13,0.7790584531612694
2528,2.584648349070207e-13,2.964255993323463e-13,1.3978535809416398e-13,0.8415601264685393
2529,1.457479914613982e-12,8.934678608452756e-13,7.532410104234839e-13,0.7726454393938184
2530,2.70782059633247e-13,6.633891277625928e-14,1.506419429112074e-13,0.8095997375436127
2531,4.4077738650446014e-13,1.9472059967944426e-13,2.2395751535988139e-13,0.8444776181131601
2532,2.6019699991794183e-11,5.5795362777569895e-12,1.1425691937441118e-11,0.8435693562030793
2533,1.3686832349943454e-12,9.55117953035246e-13,8.05763762275156e-13,0.8556292682886124
2534,6.798404228265681e-13,1.906986574252475e-13,2.8571513325716364e-13,0.8062736108899117
2535,1.3367325061217738e-12,8.88534717701977e-13,4.649360979937047e-13,0.8430902268737555
2536,1.2570136198557054e-12,4.5380505061403563e-13,2.5928318959337684e-13,0.8419304445385933
2537,2.64797595065816e-13,1.208263042206337e-13,1.2577353853865478e-13,0.8310277292504906
2538,1.235290299757026e-12,9.311608804198521e-13,8.247353815389234e-13,0.8510491143912077
2539,1.771121229434795e-13,1.1859674995557185e-13,6.757274102575535e-14,0.8246463874354959
2540,2.392646260988064e-13,1.853981528297742e-13,1.608848112643651e-13,0.8322938403114677
2541,4.478490307353846e-12,2.7988926878313625e-12,1.969882751815549e-12,0.8289477698504925
2542,1.4870136228518708e-13,8.107396687922263e-14,5.968798147910489e-14,0.845421863347292
2543,3.7583707152729573e-13,1.9199864553017685e-13,1.835758492201382e-13,0.7885794382542372
2544,1.6329706371351605e-12,4.461749308205053e-13,3.487555695944275e-13,0.8367865439504385
2545,4.559002882948969e-13,5.961376184943279e-13,5.176872477835579e-13,0.829372894950211
2546,2.4795569428685897e-13,1.5963089644087665e-13,1.1767371876766154e-13,0.8242881055921316
2547,2.805374577873888e-13,4.0361616079778857e-13,2.804932076940509e-13,0.8436718814074993
2548,2.963207517557199e-13,7.012432270198157e-14,1.4047819466726054e-13,0.8378279443830252
2549,1.901537660624052e-12,5.836887364033472e-13,9.106746173814596e-13,0.8174156529828907
2550,1.045043878167211e-12,1.2777462876799025e-12,3.702062337756075e-13,0.7935645328834653
2551,1.1219625007654024e-12,8.158336374665878e-13,3.6954371364204005e-13,0.8443160943686963
2552,3.7477011739736274e-13,2.259274943220513e-13,1.6557656140727197e-13,0.8316598126664758
2553,8.737913549922022e-13,1.6757128877415809e-13,4.334547603050673e-13,0.8098074541427195
2554,1.5529646211785594e-12,3.540719149700922e-13,4.918079083812672e-13,0.8605674430727959
2555,4.458759911593037e-13,3.0333140533173105e-13,2.090448127570495e-13,0.7992344210855663
2556,1.29755776701594e-13,7.722962696842586e-14,5.5714257360378893e-14,0.782629465777427
2557,7.761005471733018e-13,5.64713700212077e-13,4.134875407801292e-13,0.778816323634237
2558,4.4323515222228323e-13,4.907105653428426e-13,2.2087520681862853e-13,0.8369049998000264
2559,1.4860744470227228e-11,2.7313197844160138e-12,3.5873407386521907e-12,0.8669607937335968
2560,1.943326687640459e-13,2.151282732439733e-13,7.104131827901583e-14,0.7890630279667675
2561,1.3269148052644308e-13,4.4402664627337027e-14,3.317632991794768e-14,0.8197046777233481
2562,1.2764793066701094e-12,1.7894808111401418e-12,1.3064119090177148e-12,0.820208078995347
2563,1.1518793825672408e-13,4.2057710979487453e-14,3.9017880078671833e-14,0.8254804965108633
2564,5.942032516875374e-13,1.163167151328735e-12,7.722874088982319e-13,0.7851739984937012
2565,3.71415427982608e-13,2.056415758083787e-13,2.1922589450013649e-13,0.8348954102024436
2566,1.6579141131550937e-13,1.2567019903941652e-13,1.2224634501170102e-13,0.8180449917912483
2567,1.8960896538467986e-12,1.224466062990244e-12,1.072396489314205e-12,0.7934039070270955
2568,3.7603988916986083e-13,4.349956541957453e-13,3.981911764374507e-13,0.8297174902632832
2569,1.164072102434104e-12,9.520668824086254e-13,6.021127827746687e-13,0.8202949786558748
2570,1.97895313066809e-13,3.022772150210343e-13,8.73484463929868e-14,0.7926738782785833
2571,1.0956101265601893e-12,6.088425682836779e-13,7.998940262870154e-13,0.8335848446935415
2572,3.1235451762528525e-13,1.429363022110876e-13,7.635971784928045e-14,0.8134347254410386
2573,1.1692866058428662e-12,1.3688634878063857e-12,4.957100609773428e-13,0.7825648318976164
2574,4.901763115543426e-13,2.058306519151389e-13,2.3039835573251504e-13,0.8427264437079429
2575,4.2321582082081595e-11,4.223930735083448e-11,4.1136879597705473e-11,0.8637634918093682
2576,4.841959230040431e-13,2.2286802870821715e-13,3.038722423155448e-13,0.822878740914166
2577,4.930599878766446e-12,2.754659786564274e-12,2.517528264554529e-12,0.8374362621456385
2578,4.602726514181826e-13,2.215736183470113e-13,2.4143857776566163e-13,0.8415314147248865
2579,1.56940253950588e-13,1.4928047524274645e-13,5.599435080693384e-14,0.7951432349160313
2580,5.978508493941454e-13,5.214131732706417e-13,2.6981197051619e-13,0.8150313764810562
2581,3.556912380234032e-13,2.69049248190965e-13,2.7629512290994553e-13,0.7875842058099807
2582,1.074637826816194e-12,1.0204127764558642e-12,5.769961294428286e-13,0.8469611458480358
2583,5.404130999609176e-13,4.666119389358964e-13,3.200436682936341e-13,0.7994598004966974
2584,7.896600559354336e-13,1.0574480593896193e-12,5.252407608085821e-13,0.820444555208087
2585,4.162116147106691e-12,2.577265636100142e-12,2.203840341536236e-12,0.8510307740420103
2586,5.393903504480073e-13,3.2949421349772845e-13,3.300377187906916e-13,0.8355745911598206
2587,1.4843390484724445e-13,4.7040179265333435e-14,4.4024862901027264e-14,0.8321953654289246
2588,5.954324204410208e-13,2.8906428033943013e-13,2.964944425495541e-13,0.8014563164673746
2589,2.9057500700647293e-13,2.2501065870595666e-13,2.121365964009637e-13,0.792696497682482
2590,1.331534432184168e-11,3.2730542230509286e-11,6.887846508778056e-12,0.7628974901512265
2591,4.4844529894243634e-13,3.210486038356771e-13,2.76914882472053e-13,0.7905343400314451
2592,3.5208708344239223e-13,1.1025646679409416e-13,8.098589958862385e-14,0.8182125957682729
2593,3.1227969727901788e-12,1.8853212988805155e-12,2.2119126785085305e-12,0.8460385434329509
2594,1.497176094221339e-12,4.1974109523645973e-13,6.218830100872257e-13,0.8193824952468276
2595,1.2377414250129232e-12,4.3551546749850174e-13,6.118083753015416e-13,0.8553312823176384
2596,2.5770783598453597e-12,3.151620064775168e-12,1.5219403993266708e-12,0.8219543877989054
2597,2.213628895067336e-12,1.3218689512517102e-12,1.1564930872333653e-12,0.83210321161896
2598,3.7756013066012383e-13,2.1454260706177945e-13,1.6987140291475028e-13,0.8467668060213327
2599,2.80466196334222e-12,2.9696021641600915e-12,1.6105435482437873e-12,0.7869623287580907
2600,3.836251280398071e-11,1.2080681688661943e-11,1.0973509234642327e-11,0.8086999150924384
2601,4.979676956357036e-13,9.92686829458077e-13,2.560885530741576e-13,0.7744504579808563
2602,2.807445706481856e-12,5.295230212119252e-12,3.75260038179834e-12,0.8508483447134495
2603,1.6838280014678849e-12,8.187845013309588e-13,9.7023304922541e-13,0.8231960207223892
2604,2.673989842303269e-13,1.232041487848946e-13,9.842895126938293e-14,0.8183344025164843
2605,6.578393499260608e-13,5.184075264628835e-13,4.555891880390816e-13,0.8451020531356335
2606,5.490716467273688e-13,2.0670738254059082e-13,1.1728821216605784e-13,0.8445466674864293
2607,5.267042915018926e-13,3.370545614883779e-13,1.8278236158108689e-13,0.7839014859870076
2608,2.6473164400659064e-13,1.5501740146993798e-13,1.501863046046425e-13,0.8323957923799753
2609,4.099425310343225e-13,1.1059397844441086e-13,1.0560231092624161e-13,0.8263530874624848
2610,4.1182337402739846e-13,1.4355602381414937e-13,1.711430657709057e-13,0.8230059070512652
2611,2.309127069966437e-13,5.442518844930464e-13,1.1489818299383666e-13,0.7746987601276487
2612,1.7537104905019805e-13,1.1160921160841345e-13,4.2905479982656404e-14,0.8301907820627094
2613,2.772801720197306e-13,1.2069247509472246e-13,9.778790212294208e-14,0.8488016236573458
2614,6.487905144036259e-13,3.5274928761498263e-13,2.7931628451951163e-13,0.8414783284068108
2615,9.729193973514543e-11,1.3086554043015746e-10,3.3965857156366856e-11,0.8519040450453759
2616,1.1408073488142799e-11,4.138014361582046e-12,4.121295034389017e-12,0.8427583169192076
2617,3.259206735591393e-13,1.0465661833308553e-13,1.3324410202663677e-13,0.8366262109950184
2618,2.1888004186171958e-13,1.0932007883471305e-13,1.1989435222090244e-13,0.8064061834476888
2619,1.9618050920352545e-11,3.9089663250737446e-11,1.5632340808345996e-11,0.8520377650856972
2620,7.989968795434213e-13,6.913657877892829e-13,5.730863409019745e-13,0.8376787982881069
2621,3.932018315864421e-11,3.4432143178931445e-11,8.537605227629315e-12,0.8450150296092034
2622,2.732662159593153e-13,2.590445305484953e-13,1.2747101450543996e-13,0.7917025800794363
2623,1.6156937444396873e-13,1.520614769575823e-13,1.1629490664691528e-13,0.8280088730156422
2624,7.938402407695459e-13,3.058004424608257e-13,3.058808771966135e-13,0.8631739921867847
2625,1.470054080055946e-12,8.452960135134629e-13,5.527601950900714e-13,0.8297542771324515
2626,6.931309647628615e-13,2.9587459905064925e-13,3.752791559568797e-13,0.8473314266651869
2627,1.91214217070889e-12,2.4613926767478397e-12,2.271232133055263e-12,0.8251471711322665
2628,3.623171988783059e-13,2.7841794153072774e-13,2.071321069101833e-13,0.850992888957262
2629,1.670756689695666e-13,6.288413431250613e-14,5.4697029487896354e-14,0.8242367997765541
2630,3.765010986488617e-13,4.2784449076547963e-13,2.4912938711127153e-13,0.8248233135789633
2631,3.646082949786756e-13,2.737985544534425e-13,1.1181128053830101e-13,0.7842965196818114
2632,2.8988843228762133e-12,2.1372645912240054e-12,1.3967730573306806e-12,0.8439034696668386
2633,9.013790954573189e-14,2.8570185594783783e-14,2.862127678099165e-14,0.8281881013885141
2634,4.2408841478769244e-13,2.275436270075449e-13,1.3301447755664946e-13,0.8400402691215276
2635,4.1848938357207395e-12,1.6375462131594789e-12,2.3942547795484333e-12,0.8486845143139362
2636,7.210788220807328e-14,3.2168203860307317e-14,2.0155936295135368e-14,0.8281524542719125
2637,1.366953414523973e-12,3.8727936227765313e-13,6.304066361495039e-13,0.8167377227917314
2638,2.65751028836247e-13,3.479273201899851e-13,8.502071064345627e-14,0.7868734888732434
2639,1.4978621139221657e-12,1.057916490686817e-12,1.0625326300913765e-12,0.8488953925669194
2640,1.3919725753513466e-12,1.2999181205436542e-12,7.07143581948959e-13,0.8392499633133411
2641,4.133304336036493e-13,5.255811691110088e-13,1.3595391891852006e-13,0.7854645912535488
2642,8.122548954457512e-13,8.216696828292186e-13,6.637625187084172e-13,0.8614042039960623
2643,1.6084530351220876e-12,6.989040247438111e-13,7.1653804500803e-13,0.8556072026491165
2644,2.048655191343889e-12,2.3829960847161693e-12,5.784205453896996e-13,0.8487462442368269
2645,1.7167915352737215e-13,7.089259890178363e-14,2.720366746012951e-14,0.8329966573044658
2646,3.2084799603366285e-13,5.945218926931862e-14,6.419690585438185e-14,0.8400618638843298
2647,8.392670259861409e-13,1.5988431909957809e-12,4.545350178977334e-13,0.7824224303010852
2648,4.44571588559754e-13,8.60168285820592e-13,3.8458333368480686e-13,0.771242942661047
2649,6.538241329676634e-13,1.967288744925409e-13,1.6501616667577476e-13,0.8481477178633213
2650,7.962103686783023e-13,6.832541053883612e-13,6.222228669480395e-13,0.8457174442708493
2651,3.031356666507937e-12,1.2500200917187389e-12,1.2128654008663544e-12,0.8341536980122328
2652,2.7296618701608936e-13,2.905588518621991e-13,2.0232081968451046e-13,0.8255070934072137
2653,8.602595415808945e-12,3.6549434679126815e-12,4.163490910509021e-12,0.8360742764547467
2654,1.0447396987308581e-13,7.240174670447712e-14,3.7473242890898215e-14,0.8220003940165043
2655,6.619067930695666e-13,3.6352556166878484e-13,2.9663269556677146e-13,0.8216625168919564
2656,4.88448617014074e-13,4.1651611917350886e-13,1.3816222739269061e-13,0.8194001775234938
2657,5.550846957298818e-13,8.122850830883701e-13,6.77917214384402e-13,0.8470169823616743
2658,5.3554328307907126e-12,3.065872038745587e-12,1.7545754831762756e-12,0.8404680592939258
2659,4.698823615861226e-11,8.221081067094229e-12,1.259789312414118e-11,0.8392905481159687
2660,4.3153268842481714e-12,4.191527165294855e-12,3.187162644953585e-12,0.7934876285493374
2661,1.324397151085159e-13,1.103708412201935e-13,8.56455518793555e-14,0.8354003112763166
2662,3.66556468574329e-12,3.1761858202100584e-12,1.8634109431600784e-12,0.863619651645422
2663,2.608037373174781e-13,2.7893195968147473e-13,2.1944223228633785e-13,0.8452365893870593
2664,4.5077734079969334e-13,1.567234723166113e-13,2.4993512063437065e-13,0.8099345622584224
2665,1.3312033217647677e-12,1.8388700433424266e-12,7.855436259223213e-13,0.7695258559193462
2666,4.619384841473322e-12,7.409885527839526e-12,6.002769624913256e-12,0.8478451833128929
2667,1.5120553082621848e-13,7.981543963634216e-14,4.0167419976369664e-14,0.8212815511971712
2668,9.115998986940125e-13,2.686045494132267e-13,2.873094997102351e-13,0.8406823694705963
2669,3.9365153223628e-13,2.0575797726536246e-13,1.6539680870400744e-13,0.8360761070623994
2670,1.6957494560589498e-12,1.987438576128764e-12,4.1360411864967373e-13,0.7668038270436227
2671,4.1999777506850953e-13,2.7409809269977165e-13,2.704647249472972e-13,0.8140056878328323
2672,1.5974681998712578e-13,1.045916946129288e-13,8.185398314909991e-14,0.8454349499195815
2673,1.142251066469761e-13,5.249904261509771e-14,3.7979588412461936e-14,0.8254733078181744
2674,2.0797529473556182e-13,4.6411043670903155e-14,9.442633773204033e-14,0.8260224539786577
2675,2.936477669212912e-13,2.0591643549831002e-13,2.1011883129928818e-13,0.8459440365433692
2676,1.7682367608077424e-12,9.925731072355512e-13,1.0151739067995798e-12,0.8255859669297934
2677,1.0927230426278622e-11,4.538648168633815e-12,4.292268319676698e-12,0.8596991993486881
2678,5.019777186909279e-13,1.9372487266563075e-13,1.4505704844906872e-13,0.8054316555149853
2679,6.815129663596305e-13,3.066582609704774e-13,3.9993729570747674e-13,0.8168607348576188
2680,2.1143030744890768e-12,9.38005365322875e-13,1.3132768494431605e-12,0.8511688608676196
2681,7.374390553243112e-13,4.0751330725467733e-13,3.821712991967154e-13,0.8574292950332165
2682,3.740168807884322e-12,1.0287316562959705e-12,1.6874187135578598e-12,0.8314650291576982
2683,2.399379086611422e-13,2.357428189592922e-13,1.1905377599491904e-13,0.8219208197668195
2684,1.5388238436019778e-12,6.398299753863801e-13,2.8567764439962673e-13,0.8393427722156048
2685,4.01327545848382e-12,7.284648193126825e-12,5.625177587829712e-12,0.8582401394844055
2686,3.978151946259009e-12,3.5792429858256945e-12,1.820152927483272e-12,0.8165294796228408
2687,5.881944494383362e-13,2.8642230044744773e-13,2.5537188744349724e-13,0.8056336247362197
2688,8.354986716839418e-13,2.830126660869155e-13,4.370450978856413e-13,0.8553299020975829
2689,1.4386961815343738e-12,1.490903896472312e-12,7.970064809927242e-13,0.817576764523983
2690,5.171220793488343e-13,4.1507664927779693e-13,3.016318244466057e-13,0.7987274941056967
2691,2.1726533165738274e-13,9.285358798368189e-14,7.694511814794306e-14,0.7976172298192978
2692,3.4303375188355053e-13,1.1674430556379562e-13,1.2741894445270565e-13,0.7956422795541584
2693,3.033052044241388e-13,3.8374960347744354e-13,2.621822087952417e-13,0.8032323230057955
2694,3.6514142786373645e-13,2.00851003919621e-12,1.6476322978398117e-13,0.7578453224152326
2695,9.060951661949645e-13,3.6793072194321917e-13,3.544455074297191e-13,0.8146781481802463
2696,1.723688049597075e-11,7.511894500538722e-12,7.146576547891889e-12,0.8459541607648134
2697,1.1464652277117252e-10,3.704844062513383e-10,1.1439635643141343e-10,0.7542742737103254
2698,2.5836388634061665e-13,8.982546880754805e-14,1.6436408893728393e-13,0.8051153232343495
2699,3.0058163308237585e-13,2.4396367818678925e-13,9.654771116149945e-14,0.8414389867335558
2700,3.1471569369221215e-13,1.1251543496084997e-13,7.119674061298503e-14,0.841848275065422
2701,2.2216619917156186e-13,2.459368241121446e-13,1.6643716426602717e-13,0.8230044385418296
2702,3.302886084194474e-13,3.0541121661411743e-13,1.898930663318117e-13,0.8292907604947686
2703,3.4497613660963842e-12,1.562306389042065e-12,1.7609123347692792e-12,0.8823297619819641
2704,3.239138447658736e-13,4.51551869198483e-13,2.8401113348520833e-13,0.7938027006573976
2705,1.7028120210865205e-13,1.2769040121037558e-13,1.0677928439171329e-13,0.817700307443738
2706,3.568697651967719e-13,1.5527040665540166e-13,1.9993916559419197e-13,0.8403620539233089
2707,6.396605692872688e-13,2.219371986467122e-13,2.296218846391148e-13,0.8064371943473816
2708,3.574301561823682e-11,2.6108142589165948e-11,1.787954203360063e-11,0.8539258748292923
2709,1.773478451993183e-12,1.237822103174546e-12,1.2277356319223125e-12,0.8208596345037222
2710,6.119268000125807e-13,1.484010214498521e-13,1.8895875312642197e-13,0.8392584454268217
2711,6.533160273916374e-13,3.924521040007421e-13,3.652000107014456e-13,0.8442857448011637
2712,1.236723577419829e-13,9.715716855490098e-14,4.2982639595225096e-14,0.8238853309303522
2713,3.034012198845042e-11,1.1564676375706786e-11,1.3256327811216039e-11,0.8230483936145901
2714,5.227865223573793e-13,9.484057512021592e-13,2.843033323524346e-13,0.7692094807047397
2715,5.856634016881292e-13,4.030001455184113e-13,4.197732623066948e-13,0.8371830267831684
2716,3.555032057570494e-13,7.92916922027388e-14,7.744263039564694e-14,0.8296737711876631
2717,4.842822646838441e-13,3.8677167635973517e-13,1.8735239265184395e-13,0.8040336895734072
2718,1.7608392000007205e-12,1.2775411143646629e-12,1.0179143847617365e-12,0.8033167063258588
2719,1.697765681324737e-12,4.919920114916844e-13,7.77357218855818e-13,0.8323786022141576
2720,1.425485743789783e-12,9.442719109210112e-13,8.016985440621636e-13,0.8169936275109648
2721,9.685914828858077e-13,3.695174828319206e-13,4.011641779119854e-13,0.844978430122137
2722,3.047075284124884e-12,2.918514904893503e-12,2.1354625926296977e-12,0.8066071124747396
2723,2.723547517003422e-12,3.7159299911028183e-13,1.3858390757561482e-12,0.7838281622156501
2724,3.8167541579865146e-13,6.091857031704607e-13,2.7963780153472786e-13,0.7944290882907807
2725,2.7470994998338946e-13,1.1269598416761473e-13,1.4804453462568781e-13,0.792792834714055
2726,1.6681335289940592e-13,5.4224483591016505e-14,4.3828896517372996e-14,0.845727564021945
2727,7.84438069457812e-13,4.689690977761827e-13,5.34929510045938e-13,0.8321813356131316
2728,3.2313219839611983e-13,6.091546227616776e-14,1.1891707749548371e-13,0.8238496012985707
2729,6.74246545375387e-13,4.329123854587891e-13,4.560678321121613e-13,0.8020916745066643
2730,1.957202969558657e-13,4.866691973719265e-13,8.940254817260154e-14,0.7706348390318454
2731,5.538773083772107e-13,2.1592619087939027e-13,1.5947168226675465e-13,0.8394153960049152
2732,2.9095039508810284e-13,6.014276830375586e-13,1.52663731207844e-13,0.8177676972001791
2733,2.209237025869643e-13,3.938080913725507e-13,1.5435476983419414e-13,0.7705014267005026
2734,2.251028089851906e-13,8.047532238543088e-13,7.787407567797872e-14,0.7659850319381803
2735,2.422088764137424e-13,1.2011633146696368e-13,1.0605757603500838e-13,0.7900209090672433
2736,4.751241701385995e-13,1.8909087476002067e-13,2.1702482372300961e-13,0.8242614593356847
2737,2.0933430101071019e-13,1.1699527646605728e-13,6.397740174603511e-14,0.8226718191057444
2738,1.7861638292037137e-13,2.8289803887144397e-14,2.96618792824276e-14,0.8426330029964447
2739,3.547754432471917e-13,2.788662226604241e-13,2.8609914593725105e-13,0.8197714921087027
2740,1.611952448312526e-12,4.1346019958919184e-13,6.254795173479741e-13,0.8481031026691198
2741,4.412504200129395e-13,2.9700936983079685e-13,3.506108203738368e-13,0.8187212722375989
2742,6.291623054196932e-13,2.1256075323829586e-13,3.008945906391323e-13,0.8314253088086844
2743,1.5096791973515808e-12,1.0795233800690282e-12,9.460963834208389e-13,0.781471181102097
2744,1.9181473276118345e-13,5.541552129520481e-14,8.893563128653063e-14,0.8344052616506815
2745,3.3354491830216557e-12,2.504070510103605e-12,2.315294343718472e-12,0.8619133625179529
2746,1.2423960662985477e-12,1.0925169204518945e-12,6.385931575728041e-13,0.8500235475599766
2747,7.328994340129353e-13,5.136798164615731e-13,4.991516528919518e-13,0.8357395309954881
2748,3.207826309278639e-13,3.4504563620208343e-13,1.5972800096583764e-13,0.8309770736843347
2749,1.2861757426152549e-12,3.529295629600297e-13,5.845686959651428e-13,0.8482748877257109
2750,1.1998300140022894e-12,7.925751471515573e-13,7.44921315050796e-13,0.8648441195487976
2751,9.184720568131652e-12,6.150324914671472e-12,6.259578835938446e-12,0.8723492987453938
2752,1.0282930097725712e-12,1.2969299173102586e-12,5.166417658801176e-13,0.7710491951555014
2753,1.861595625448985e-12,2.531180386618306e-13,3.8075418538467674e-13,0.8460971936583519
2754,9.26416353297229e-13,4.611807183839723e-13,5.61364163668393e-13,0.8463909018784761
2755,2.727307993135764e-13,1.6831571356259726e-13,1.410597604575359e-13,0.8288645641878247
2756,1.916055185194909e-13,8.275926320270503e-14,4.1730774124530354e-14,0.8307262282818556
2757,3.189862446154095e-13,1.8996115622112008e-12,3.152924229119004e-13,0.7776314978487789
2758,3.812119733550853e-13,1.1192132267260811e-13,1.1859883715747592e-13,0.8090867731720209
2759,7.377039577445264e-14,2.1179581820026816e-14,2.6815008350598904e-14,0.8185422323644161
2760,1.075000034882119e-13,6.647871641208939e-14,2.8255493011870244e-14,0.825045052729547
2761,3.638800181960686e-13,1.0429532696715385e-13,1.6066956107764927e-13,0.8365263175219297
2762,1.394948263306333e-12,5.66113970888625e-13,6.175621161146429e-13,0.829774982854724
2763,2.5136322258555056e-12,1.4056090887964289e-12,8.394765959576812e-13,0.8673499621450901
2764,1.3384385469548962e-10,4.199142840755104e-11,6.700931826033402e-11,0.8595280766487121
2765,6.00910122659934e-13,3.3379916025643377e-13,4.027207726790997e-13,0.840137474052608
2766,2.571378968881116e-13,3.297602833505749e-13,1.2384830390820852e-13,0.8139169000089168
2767,3.834658291377159e-12,7.33681036776316e-12,4.569649990502593e-12,0.7855569528415799
2768,2.614367887089295e-12,1.0470096030405543e-12,1.4448008980744305e-12,0.834590707346797
2769,6.948732459273966e-13,3.1720585357645744e-13,2.6329428949828093e-13,0.8428367733955383
2770,1.6442124749000137e-12,1.5070874104928165e-12,7.647575026341796e-13,0.7733111914247275
2771,4.811928178369341e-13,1.696464947589449e-13,1.2986939209292525e-13,0.8230500629171729
2772,5.663771477209209e-13,9.854075464543965e-13,3.09885710541138e-13,0.7800035698805005
2773,1.0314718483494903e-13,3.195174293529374e-14,3.966909827404516e-14,0.8149636941030621
2774,1.7643926703554462e-13,3.4855006729175737e-13,1.827830774966345e-13,0.8102101084776223
2775,1.234276551309638e-13,5.731719354548042e-14,6.287154945637794e-14,0.8155410705134273
2776,3.6804633767837944e-13,2.389731381145168e-13,2.5068904613496923e-13,0.8185259325429797
2777,2.851668839727868e-13,2.0353054960072835e-13,1.3708410130091398e-13,0.826682816259563
2778,3.19112747598568e-12,2.1513070681680528e-10,9.350068748370008e-12,0.730928668892011
2779,3.016288755586924e-13,1.8707537662491026e-13,1.171500418402779e-13,0.8374206349253654
2780,2.245363314290314e-13,3.321432137270299e-13,9.335892773968949e-14,0.7928117131814361
2781,1.3792881171392677e-12,7.394828710809287e-13,7.135891805791072e-13,0.8322566002607346
2782,5.533154206005568e-13,3.210162559251958e-13,2.1325496392342386e-13,0.8312427101656794
2783,1.0322478257393837e-12,4.988248428734823e-13,2.834214852706754e-13,0.8095062613487244
2784,1.2277562757896389e-12,5.111142699494944e-12,5.093534304149373e-13,0.7590056482702494
2785,2.2008993627500237e-13,1.2676576000316353e-13,1.2273603452016348e-13,0.8121294325217605
2786,3.748431073027905e-13,1.7421282277212409e-13,8.166588644467688e-14,0.8527539350092411
2787,2.722424962693253e-12,1.3346373414276524e-12,5.572673420165576e-13,0.8687364473938942
2788,8.530215643199965e-12,5.628298250540644e-12,4.236608456672697e-12,0.8278869764879346
2789,5.147252510098026e-13,1.5775971803653265e-13,1.9903125829634147e-13,0.8234367504715919
2790,3.488052532103824e-13,7.374012504291954e-14,1.0501750703698685e-13,0.8215023726224899
2791,7.620712711693954e-13,3.551532305397196e-13,3.821300841966366e-13,0.8127047469839453
2792,1.1581702435541248e-12,3.316307939076303e-13,2.981327837559406e-13,0.8259035935625434
2793,1.0359074982597056e-12,7.426480967907117e-13,4.989537114565239e-13,0.8502642314881086
2794,8.730144791595089e-13,1.0726961501904469e-12,3.7360184238228987e-13,0.8530987154692411
2795,9.420538110223797e-14,4.667590842628971e-14,4.510572847685042e-14,0.8349373331293464
2796,2.278504693480269e-13,1.7037711240164397e-13,6.237714681607825e-14,0.783273228816688
2797,1.364463714121586e-13,6.474670630431982e-14,7.967250417750069e-14,0.8388766421005129
2798,8.601872490612754e-13,9.915695788919762e-13,3.8452850966106134e-13,0.7784957138355821
2799,5.14837842786641e-13,2.7254343937403946e-13,2.031410643735297e-13,0.8213789843022823
2800,3.855400748331941e-13,1.6038058441651168e-13,1.5381038786255214e-13,0.8340263847261667
2801,5.027134912443901e-13,3.883618341013875e-13,3.238123684183904e-13,0.8146079260855913
2802,2.970857634461928e-13,7.342849291908864e-14,7.987638053592036e-14,0.8145879874005914
2803,4.698839991545501e-13,1.5411100746990042e-13,2.245994671963333e-13,0.8457583818584681
2804,1.1184904894054171e-13,2.3864936963122696e-14,3.895331825140802e-14,0.807771419826895
2805,4.260209800670293e-12,3.136543158669058e-12,2.1579854493248538e-12,0.7821796124801039
2806,7.210115525266658e-13,2.0288683102927442e-13,3.515228940406928e-13,0.8408200837671757
2807,4.879160341672439e-13,3.377995982835939e-13,3.126212746023976e-13,0.845968860015273
2808,3.897947549147969e-13,4.293217080679216e-13,1.4463183981420814e-13,0.8207448221743107
2809,1.0342193852148789e-12,7.503369180687658e-13,4.88594431209813e-13,0.859763041883707
2810,1.4227607871009376e-12,7.554385502721093e-13,7.470592899184112e-13,0.8550674609839917
2811,1.3721767533579478e-11,3.159711128221033e-12,4.316681359988221e-12,0.856912462040782
2812,1.0441575474499761e-12,2.468135647313655e-13,3.543203575393138e-13,0.8410683695226908
2813,3.2102504074659357e-12,1.5951340638377292e-12,2.0405540071383495e-12,0.8508122593164444
2814,1.3438909368999972e-11,9.26754039008461e-12,6.468276157931984e-12,0.850068136677146
2815,1.5331601358318018e-13,5.52531852734206e-14,5.0005377449606697e-14,0.7970946335233748
2816,9.41629016847889e-13,1.9737621062731817e-12,5.697241338469313e-13,0.8165983347222209
2817,1.4608701186714298e-12,9.87432704457843e-13,9.408551387395577e-13,0.7827924726530909
2818,2.7692591427234792e-11,1.0817726303905889e-11,7.271188760926969e-12,0.8438917316496373
2819,1.9910957606430597e-13,2.2244050948071698e-13,7.950202381790552e-14,0.80076819146052
2820,3.1038757946447377e-13,2.972301439449876e-13,1.6672872501096565e-13,0.7944666321389378
2821,2.9182964739434404e-13,1.8146071527644132e-13,1.1774200044722277e-13,0.8394546603783966
2822,3.0335342671318533e-13,6.217540280121867e-13,1.0945684762025843e-13,0.7700136260595173
2823,1.1881940596102198e-12,1.9287131576464523e-12,5.623593578089213e-13,0.7814485269598663
2824,4.662859890282626e-13,1.146554880980937e-13,1.7671315535057837e-13,0.8388630267232656
2825,2.3722561184273418e-11,8.289943185432605e-12,9.47102970116444e-12,0.8378461986780167
2826,5.62991934761956e-13,1.8469137647876665e-13,2.8371743354132186e-13,0.8205911403521895
2827,1.230634354702632e-13,1.3524885341885596e-13,8.70265223311631e-14,0.8413037175312639
2828,3.937778488413726e-12,2.8094703904584397e-12,2.9599111700489124e-12,0.796228872332722
2829,7.661006122043552e-13,1.2396291071881205e-12,4.969700389383877e-13,0.8057950341142714
2830,1.2613007192415826e-11,1.4428346627361631e-11,1.3754741454802883e-11,0.860896597802639
2831,2.975527682022125e-12,2.054557660381197e-12,1.4707439442485366e-12,0.8388503219932317
2832,5.470997461817054e-13,2.369923996405416e-13,2.956362063241481e-13,0.8014412608928978
2833,1.7168310082916708e-13,2.116944113498817e-13,5.859973923213656e-14,0.7995971796102822
2834,3.330761236215263e-13,1.5371011514553218e-13,1.6613777947556609e-13,0.8341332159936428
2835,2.672753702358535e-13,2.8425022258947604e-13,2.302924156873336e-13,0.8092604569159448
2836,7.068049577889897e-13,7.223150190795753e-13,3.57771961009416e-13,0.8261969102546572
2837,3.658784460954726e-12,1.5082282811825641e-12,1.1606010780978782e-12,0.835203660838306
2838,1.1237729979587278e-11,9.863118333947039e-12,7.523037576774054e-12,0.8300074625760316
2839,2.7457298246486045e-13,1.708837114419959e-13,1.4768843927521222e-13,0.832050260156393
2840,9.391694789883648e-13,6.607992360687397e-13,7.394004672874701e-13,0.8409443911164999
2841,3.637056703803283e-13,1.762818140133462e-13,1.4296901737600848e-13,0.8147828133776784
2842,2.800527939054637e-13,3.044269224034777e-13,1.0287103560053149e-13,0.8136059952899813
2843,1.607016410992765e-12,7.227511074628221e-13,3.9368046020991974e-13,0.8482576858252286
2844,3.14486216381171e-13,1.6458307446121461e-13,1.6191488146422792e-13,0.8302038894966245
2845,9.824760839937761e-14,7.98780593845135e-14,5.1940916421561976e-14,0.8424372367560864
2846,3.1534657811940543e-13,1.4720055966530406e-13,1.874988951917047e-13,0.8418106626719236
2847,1.79559543471003e-13,1.7654576240817908e-13,6.445815095557736e-14,0.8122077343985439
2848,6.491285219480853e-13,3.555245535084407e-13,3.8022768666904004e-13,0.8278689283877612
2849,4.388362740333821e-13,2.798348178956063e-13,1.4151553110266093e-13,0.8571884155273437
2850,4.631765408893681e-13,6.467443155090324e-13,3.9138107188110834e-13,0.833105069026351
2851,1.412668891233266e-12,5.40861224271192e-13,7.499531530829631e-13,0.8272470286116004
2852,1.619479979894821e-12,7.360341787184192e-13,8.785275809223016e-13,0.8604608919471503
2853,2.2643204108274402e-13,1.8639672968352045e-13,1.4469909601339106e-13,0.8231102408841252
2854,4.681509514946155e-13,2.21234857112516e-13,2.492761695053366e-13,0.812060508877039
2855,4.171383670937461e-13,1.9035396141491449e-13,2.0379489142933059e-13,0.8234833128750324
2856,2.501594014275199e-13,1.309349442933212e-13,1.2545927892305548e-13,0.8502490550279618
2857,4.067184702924574e-13,1.0317417429880197e-13,1.217095461738381e-13,0.8427304845303297
2858,1.775270585953863e-12,1.0479308593460886e-12,5.224533685213958e-13,0.837423556856811
2859,3.020955488309566e-13,1.4758556871718684e-13,1.7070585509824954e-13,0.8019499354064464
2860,9.7549029982561e-13,5.224384495104354e-13,4.828328380482428e-13,0.8247717469930649
2861,7.860658958819735e-13,5.191398563819115e-13,2.3144144920024226e-13,0.830124687962234
2862,6.357879748000065e-13,4.820859140112176e-13,5.056503880026634e-13,0.8172175701707601
2863,2.2186839598190038e-13,1.2284241082178452e-13,1.4815163292523202e-13,0.7839757771231234
2864,1.1986274542716888e-11,2.6869105085338987e-11,2.2558280936059217e-11,0.8232898408547044
2865,8.386391488551559e-13,1.2573178990519956e-12,7.358963173891278e-13,0.7901998737826943
2866,1.8714464448475224e-13,9.71496312000986e-14,7.698280058205351e-14,0.831631800532341
2867,1.9004501859144412e-11,1.8687844316539688e-11,1.562803881211556e-11,0.7859531905734911
2868,3.730537341673061e-13,8.116864012338144e-14,1.836769380689666e-13,0.8366015681996941
2869,5.545020516582323e-13,4.394853286034538e-13,1.7215852504135378e-13,0.8428873926401138
2870,1.940199371058766e-12,2.256301889677588e-12,1.8795418010761585e-12,0.8549741946160794
2871,5.815690237624955e-12,1.7952243389851309e-12,1.9883867031094134e-12,0.8481447022408247
2872,1.0074469473994514e-12,4.958045799084994e-13,4.3999323161779677e-13,0.8381506813690066
2873,4.657703320253413e-13,1.579432733706644e-13,1.646090809419273e-13,0.8413420736789703
2874,5.892936649411812e-13,3.7250895947223643e-13,4.1252182376082643e-13,0.8097885141149164
2875,5.313236243719513e-13,3.3220534433319544e-13,1.508999556867879e-13,0.827762759104371
2876,3.037322484475868e-13,4.644206027192593e-13,3.223483363405583e-13,0.8354883261024952
2877,4.866375882996581e-12,4.571844213831057e-12,4.3255883461772735e-12,0.8213514093309641
2878,4.962989247087073e-13,2.846891014222337e-13,3.22561173949712e-13,0.7874126222915947
2879,4.3105220334087983e-13,3.184742403403945e-13,1.6640659912020045e-13,0.8307156473398208
2880,5.026591520026553e-13,2.2919653285755215e-13,1.3713459387620494e-13,0.8165179366245866
2881,4.152912081874574e-13,6.628446121266339e-13,2.901690967290753e-13,0.7971459614112973
2882,4.016397573347601e-12,5.215572187480588e-13,1.168836573156947e-12,0.8587431494146586
2883,2.128862457373813e-13,4.2629406157659604e-14,1.0533055675457897e-13,0.8323651511222124
2884,9.859283243022396e-12,5.448215574036148e-12,3.890450591465754e-12,0.8500683475285769
2885,8.595212987870019e-13,5.763606663630488e-13,3.198218095981963e-13,0.829192472063005
2886,1.3040922911491148e-12,6.936689944083413e-13,8.295410321816079e-13,0.8119981629773975
2887,8.496061351863813e-13,5.617058151084862e-13,6.38285048777017e-13,0.8482961818575859
2888,1.6553582451377826e-12,3.080073094520608e-13,3.577940824572612e-13,0.852805295214057
2889,2.1742478482281213e-13,1.991494606589725e-13,1.4963463966107934e-13,0.7920972401276231
2890,1.321610904299597e-13,7.153619259826265e-14,5.964779223149861e-14,0.8053492147475481
2891,8.40881695906584e-12,2.7195755737029197e-12,3.2225345024749512e-12,0.8602106992155314
2892,1.4952396569320544e-12,8.713748297831785e-13,9.465042720016293e-13,0.8153427192941308
2893,3.16673635998949e-13,6.327864244523876e-14,1.4089786536155362e-13,0.8318145412951707
2894,1.3718802577572011e-13,9.28269447121617e-14,7.319896694783992e-14,0.8245093187317252
2895,2.2678086019621282e-13,1.0625744698730457e-13,1.342649957983137e-13,0.8098774760961532
2896,4.2357422853678827e-13,2.1498215283211297e-13,2.478449934234208e-13,0.8146440628916025
2897,3.355307287173882e-13,6.759451431845373e-14,1.0745797302176275e-13,0.8238755280151964
2898,7.526870909242975e-13,2.593314267259663e-13,2.5654010729182373e-13,0.8030051345936954
2899,4.2792186140430317e-13,1.7347939546269969e-13,1.4551719286342005e-13,0.8394326351583004
2900,1.79618956976646e-13,4.833630642418703e-14,4.9740204938533863e-14,0.8283791381865739
2901,3.448647805415142e-13,6.939720294634662e-14,1.125912435070254e-13,0.8498331356793642
2902,1.1965967769680464e-13,6.457042069989303e-14,5.792551689845687e-14,0.8337675815448164
2903,3.6951022212229993e-13,1.1324194536696236e-13,1.8658098704020349e-13,0.8339744538068772
2904,3.869540178874281e-13,1.2716959174480266e-13,1.5587354909096728e-13,0.8134579347446561
2905,4.049737131810493e-12,1.5126896944272688e-12,1.3176510523258753e-12,0.8595399588346482
2906,4.626359418210973e-13,4.755668199250778e-13,2.6352495833841764e-13,0.8296755094081163
2907,5.8008938096121e-13,4.0270018894963483e-13,3.7361575471779e-13,0.8228125967085361
2908,1.760321942031072e-13,1.361517909596824e-13,5.161724985632993e-14,0.8027930785901845
2909,3.0434475839291337e-13,6.416087335597436e-13,2.144185222472881e-13,0.770088277105242
2910,5.423373950819185e-13,3.741967437599132e-13,3.987931347282108e-13,0.8149772508069872
2911,2.1598884685924315e-12,9.827548781704724e-13,7.67691450055617e-13,0.8434007041156292
2912,8.339991589828934e-13,7.147289619028239e-13,2.798725355784444e-13,0.7896219530142844
2913,3.989102067714485e-13,4.859573555651418e-13,3.677059739024896e-13,0.8367530653253198
2914,1.1456031550627045e-12,1.2143045328661449e-12,6.120986741094084e-13,0.8057269615121185
2915,3.148876703626645e-13,1.1371724936650372e-13,9.086934089300525e-14,0.8162031568586826
2916,7.44762824285082e-12,7.81003528734832e-12,6.7717133585904394e-12,0.8269790610298514
2917,2.130797061291057e-13,1.0962316590960549e-13,6.395718496598893e-14,0.8378017213195562
2918,7.357308996335894e-13,1.0026625016344145e-12,7.132852055914041e-13,0.8232531469315291
2919,2.684285986660265e-13,1.4425800429882764e-13,1.7796442274468657e-13,0.8086485682986677
2920,3.903277991471213e-13,1.448570073613676e-13,1.944754722585306e-13,0.8396570041775704
2921,3.8092782038064373e-13,3.2384122234450705e-13,1.9290685908955858e-13,0.8341603497043252
2922,7.402335468318825e-13,3.219286170806164e-13,3.061472384768823e-13,0.7964262196794152
2923,6.20203738370947e-13,1.1046972539364819e-13,2.3095164468658013e-13,0.8437379755079746
2924,3.0304046428379374e-13,4.0029186976984137e-13,2.863463198600691e-13,0.7909829421900213
2925,7.221083486998284e-13,2.049095113532252e-13,1.417175472002186e-13,0.81295929485932
2926,1.5207626272362031e-13,1.3348910410074024e-13,7.132831804161319e-14,0.8406213771551847
2927,3.6024244453551163e-13,2.30761063079353e-13,1.0285906830372725e-13,0.8350137382745743
2928,1.662873764328441e-13,6.097172817730933e-14,8.203074250131132e-14,0.8206841591745615
2929,6.283829177463539e-13,5.996184087640729e-13,3.101313937776887e-13,0.7855460315942764
2930,1.940367154137178e-13,1.6651798546435196e-13,8.082012703577282e-14,0.8260922754183412
2931,3.758192830740796e-13,4.497467214033771e-13,1.884122031200012e-13,0.7708601921331137
2932,2.6550851899709163e-13,1.877752516318369e-13,1.3492048095741638e-13,0.8013083169236779
2933,1.9455557724783618e-13,1.2368483183059433e-13,1.1794818713698677e-13,0.8141493583098054
2934,1.0539325351031419e-13,3.0203945072429494e-14,4.9863427269681153e-14,0.8326973279938101
2935,1.6360791440832837e-12,2.3902165983089734e-12,1.710102474836158e-12,0.8051761607639492
2936,3.3084282510270984e-13,1.8632353658954893e-13,1.5685892968540245e-13,0.7897772046737372
2937,6.527237301739737e-13,3.6195984243441853e-13,2.394909644277592e-13,0.8366500824689865
2938,2.037875770215081e-12,1.426609588453449e-12,1.1978421374956459e-12,0.8445518512278796
2939,1.7305910181337258e-12,1.1170973945045409e-12,7.57175292157693e-13,0.8351760713383556
2940,2.6976080975529055e-13,9.003383373503356e-14,1.232721999542095e-13,0.8229786181822419
2941,2.223382231043835e-13,1.6453087641575646e-13,1.1298071689883106e-13,0.8453755240887404
2942,3.9439789405714797e-13,2.90389949750873e-13,2.0370535945817133e-13,0.8021488936617971
2943,6.217422786914667e-13,2.568855998287491e-13,2.7478481179567017e-13,0.8294426871463656
2944,1.372250088985499e-12,8.131590731271363e-13,8.965485133565354e-13,0.784582853037864
2945,3.572968549098771e-11,2.332197566411821e-11,2.4307497341160246e-11,0.8611772660166025
2946,8.566208258441063e-12,1.1106967604205793e-12,2.3769238266034724e-12,0.8409553192555904
2947,4.946334837268937e-13,1.9071073729802126e-13,2.1173243165260357e-13,0.8328754821792245
2948,3.2065669926149733e-13,9.947238668309936e-14,7.295808565069887e-14,0.8171076802536845
2949,1.9097674246046175e-13,1.6977649388864777e-13,1.2591527736028814e-13,0.7841376029886306
2950,3.1400489516206054e-13,2.245248962867313e-13,1.9998893975621565e-13,0.8270470228046178
2951,6.57605426108847e-13,6.658395165791231e-13,2.6276472200402774e-13,0.8242202330380678
2952,2.283375821213965e-13,8.70223229429197e-14,9.379512715331841e-14,0.8263384936377406
2953,4.921378393729277e-13,9.065441465083313e-13,4.734961041934011e-13,0.8394771179184317
2954,3.598893368527578e-13,2.555502422494328e-13,2.937316089977801e-13,0.8413143407553434
2955,1.2732891906489213e-12,5.647987606535592e-13,3.4233414743877633e-13,0.8528982248157263
2956,1.2523435665764552e-11,7.787107737655351e-12,8.97074606894359e-12,0.8273050680756568
2957,9.593598456354534e-13,5.227628647936386e-13,5.194827700770314e-13,0.8284191742539406
2958,2.0525533103095264e-12,1.1331616276649412e-12,9.422852357543552e-13,0.833176015689969
2959,1.3203046020002244e-11,4.700517131322646e-12,6.094815745425789e-12,0.8320374712347984
2960,3.26378879899328e-13,1.968393870458995e-13,1.78749892046076e-13,0.8346801331266761
2961,3.2418487312024405e-13,2.0395970459618369e-13,1.3145451666026565e-13,0.8274352882057429
2962,2.80826812537426e-13,1.1573991608851437e-13,7.46256788905075e-14,0.8254795789718627
2963,1.382153556402989e-12,2.422742836080962e-13,3.2015680852979973e-13,0.8465686641633511
2964,2.5420385282714564e-12,1.6695969195455237e-12,1.2201229930198182e-12,0.7944114506244659
2965,3.002090628619377e-13,2.1323573187005178e-13,1.1790031687148413e-13,0.820230808481574
2966,6.807211994029266e-13,8.890281566209762e-13,4.318057103352813e-13,0.7882236940786242
2967,4.939293592568858e-13,7.35520954160406e-13,6.448404092561814e-13,0.8445223826915026
2968,5.834914903440419e-13,3.527397274009408e-13,2.874398664392153e-13,0.8273956645280123
2969,7.114101943834027e-13,1.7716289180154484e-13,3.2792270462649253e-13,0.8179578768089414
2970,1.6720635061748965e-12,1.7787305167564448e-12,1.149502617953074e-12,0.7921000555157661
2971,2.2628795343057333e-12,8.339826798317734e-13,8.682999640961811e-13,0.8636927135288716
2972,8.09189445342519e-13,5.26242501239111e-13,3.3114992936035993e-13,0.8171131750568748
2973,3.4971641189003614e-13,1.1926495436311678e-13,1.9372676568166505e-13,0.8225834911689163
2974,6.425052077714583e-13,4.3943798746585784e-13,4.690754710750694e-13,0.8451338168233633
2975,1.7563421703403385e-13,8.392587071811722e-14,1.0868123015792989e-13,0.8171315507963299
2976,5.007028321053845e-12,2.920105999404308e-12,3.645242159149476e-12,0.8052468594163656
2977,4.39681494312969e-12,1.9674006315928095e-12,1.956809959844273e-12,0.8545417506247759
2978,6.448796622860405e-14,5.122227024499999e-14,2.67366141441696e-14,0.8275828499346971
2979,7.055129630727058e-13,2.246921508464604e-13,2.669492006484613e-13,0.8083502188324928
2980,5.260886294015963e-13,1.7852214186871351e-13,1.8529868131646278e-13,0.8376141399145126
2981,3.086822278754543e-13,1.2340722903278414e-13,1.146956331401691e-13,0.8438282519578933
2982,1.7107921984613464e-12,6.085351095136544e-13,8.378654893761412e-13,0.8468669842928648
2983,3.95863850750782e-13,1.949835258306511e-13,9.213329545833509e-14,0.8258913364261389
2984,1.977225485055067e-13,1.280084424026577e-13,9.457732813486155e-14,0.8099995078518987
2985,2.674321448864885e-12,6.330751588830743e-13,6.51781715865536e-13,0.8702932953834533
2986,4.068019472347997e-13,1.861222464431647e-13,2.589354617781136e-13,0.8020078837871552
2987,3.170714656864188e-11,2.6538258613282578e-11,2.0742937930486065e-11,0.8466079849749804
2988,6.307876694487686e-13,4.966236917438892e-13,4.413742464659383e-13,0.7839193489868194
2989,2.378105186032226e-13,3.352195919032396e-13,1.0260505234302325e-13,0.8045844921842218
2990,2.6567437925994014e-13,1.921964989440664e-13,1.3615268674342665e-13,0.8244806412607432
2991,5.221167159002444e-13,3.056063306997004e-13,1.909409363096896e-13,0.7786722366232425
2992,5.744743097476503e-12,1.2719975180542422e-12,2.0972656984016887e-12,0.8623992130160332
2993,1.0852406460255177e-11,4.565060830743525e-12,3.4736094097022815e-12,0.84929807074368
2994,3.442671046952592e-13,1.3477098312154864e-13,1.5788037545135993e-13,0.8203078627586364
2995,4.3954754203233873e-13,4.3643882238632034e-13,3.818886363102057e-13,0.8033008651807905
2996,1.3776474815775325e-12,4.15011620129217e-13,7.992073352318069e-13,0.8434315789490938
2997,7.209270846331906e-12,1.948720113850056e-12,1.6407879945862184e-12,0.8533459793776274
2998,1.047037545915841e-12,2.446640222299354e-13,3.8523137214400833e-13,0.8375674519687891
2999,4.690889825952243e-13,3.4581162954022323e-13,3.70186141337718e-13,0.7961317078210414
3000,2.69325798848436e-13,8.282763659087028e-14,7.852047562029656e-14,0.8399458652362227
3001,1.6473068685882979e-12,9.426138457750312e-13,7.376946114655966e-13,0.8082188691943883
3002,3.343420292754624e-12,1.4217800963382836e-12,1.942339484075684e-12,0.8425507098436356
3003,5.0521136264361496e-12,3.852154392942897e-12,2.7257749462315308e-12,0.843636566027999
3004,5.067226833808514e-13,3.349583827087611e-13,1.4253754199602014e-13,0.851621875166893
3005,6.772614232715151e-13,2.4482412634336456e-13,2.104785288857015e-13,0.8481327801942825
3006,1.3648265328509117e-12,7.860854988067927e-13,8.992536626355286e-13,0.845354275777936
3007,1.801955888664489e-13,5.691584508306821e-14,4.335065516758645e-14,0.8323346460238099
3008,2.2669388243340002e-12,3.9604406405150745e-12,1.4330134964833672e-12,0.8140114944428205
3009,2.6244122483545413e-12,1.303060267218123e-12,1.0776573159873853e-12,0.807921301946044
3010,4.4301999999153184e-12,4.996421956333401e-12,2.2217683994618277e-12,0.7936360356397927
3011,1.3667972028128961e-12,6.196981613486326e-13,6.682603469317632e-13,0.8441024508327246
3012,9.321171919534458e-13,9.614226023495474e-13,7.665022380296998e-13,0.8366662956774235
3013,7.108835185038531e-13,3.446475145720768e-13,4.17069467020681e-13,0.8353318877518177
3014,9.577567796033404e-13,5.67964664091317e-13,2.72253763981008e-13,0.8466856461018324
3015,8.385595546637374e-13,5.001662300613117e-13,4.713836726175181e-13,0.8482300411909819
3016,2.6215191511452293e-13,8.81326623974013e-14,7.70382732494136e-14,0.8130509961396456
3017,1.069480068767767e-12,2.589272988244435e-13,2.849052668832808e-13,0.85265958532691
3018,1.2180241702288332e-12,1.094997953600905e-12,9.767656212831766e-13,0.8299610923975707
3019,2.5361425378934856e-13,1.1625500188881648e-13,9.380660673921632e-14,0.8327650249004364
3020,3.674696726731522e-13,2.465748706276193e-13,8.512786277684262e-14,0.7819162320345641
3021,8.560798082525751e-14,2.745780772338509e-14,4.0068578595106605e-14,0.8274653138592839
3022,3.746579481711055e-13,3.9292155932324e-13,3.087838349506057e-13,0.828517340309918
3023,3.862483306129654e-13,2.2270788752891602e-13,2.2104453703452726e-13,0.8528445206582547
3024,7.0725928147152e-13,2.416342656559525e-13,2.4977753547249223e-13,0.8392496824264526
3025,4.347104173108318e-13,2.600517999347307e-13,2.537216511933252e-13,0.8160480607300997
3026,2.5366019472730947e-12,2.42936168950855e-12,2.0996952405165687e-12,0.8152232581749559
3027,1.9102255066186044e-13,1.1916360896871468e-13,8.232296033326342e-14,0.8447703462094068
3028,1.5961026056736248e-10,7.077113964252548e-11,8.184342882551021e-11,0.860931646823883
3029,1.849868428369802e-13,2.625015654168389e-14,8.32011935766625e-14,0.8133018154650926
3030,9.183433448051545e-11,5.2107397045436486e-11,5.232827638855123e-11,0.778268061298877
3031,8.22240733177486e-12,4.953327141139024e-12,4.399657064731128e-12,0.824941273778677
3032,4.150541894809014e-12,3.3376166255207544e-12,2.9540504675974906e-12,0.8748269692063332
3033,1.095749466944649e-12,3.36888740495714e-12,2.3927310969308944e-12,0.8159524157643319
3034,7.137770266366036e-13,4.3036608805161883e-13,3.800535597570552e-13,0.7776167639065534
3035,6.357826720147958e-13,3.33415734054605e-13,2.798349700802518e-13,0.8326503118500114
3036,2.890196656559293e-13,7.882813888755381e-14,1.0672189458982029e-13,0.8122042430564761
3037,2.285844625491044e-12,2.7676292858805298e-12,9.890527975923165e-13,0.8048098045401275
3038,2.365565795320912e-13,1.0675015732435997e-13,1.0987851700952697e-13,0.8264755887910724
3039,1.9569003043501493e-12,5.049867423619828e-13,9.150704233756722e-13,0.8433183941990137
3040,4.329408865388266e-13,2.724397346677945e-13,1.7734711510130841e-13,0.7887668187730015
3041,1.0258437874138797e-13,3.8695708893131206e-14,2.8879470449370134e-14,0.8438393618911505
3042,5.249528695480179e-13,1.9514554299023223e-12,3.4481964451829255e-13,0.7531208265572786
3043,4.625394840558727e-13,1.3857987486419428e-13,1.4034777276844506e-13,0.804295991640538
3044,1.0748213477976715e-10,9.502291512336774e-11,8.983154417957101e-11,0.8630025535821915
3045,1.0734991078990018e-12,8.096031208151464e-13,8.689754732070639e-13,0.8423330903053283
3046,3.6139885755389453e-13,9.370636993410165e-14,1.635750496585198e-13,0.8331074371933938
3047,1.2376131680771956e-13,5.2041425366222037e-14,5.885688468507297e-14,0.8316966012120247
3048,1.1730032626163198e-11,5.540652486427361e-12,6.533735896990049e-12,0.8435991656035184
3049,3.157941072669252e-13,8.599250551935291e-13,2.2708245749389133e-13,0.7761556962039322
3050,3.5743888967527923e-13,4.296948041963873e-13,2.1191020187591499e-13,0.7919597609899938
3051,2.873311660594539e-13,2.418441206772892e-13,2.2832912655404346e-13,0.8385894216597081
3052,3.676616661946216e-13,5.053905147834953e-13,1.8063970384647242e-13,0.7913714027032256
3053,8.487027105776932e-14,4.7718362297098764e-14,3.9880531182476776e-14,0.8325055204331875
3054,5.148676628867985e-13,3.2827880610243617e-13,3.802607350629537e-13,0.7950720276683569
3055,2.339484163280175e-12,1.877266339503692e-12,1.7627669710257296e-12,0.8090639591217041
3056,7.931709198740041e-13,4.377107380793428e-13,3.6934670876774397e-13,0.8576907556504011
3057,1.67099214632818e-12,5.532449946103264e-13,3.9556658735319765e-13,0.8437612373381853
3058,7.954521093959273e-12,1.0420121687533166e-11,8.571137725353118e-12,0.8620215885341167
3059,1.030205114890029e-12,9.646205937136833e-13,6.21200636552985e-13,0.7747265502810479
3060,5.302137752486015e-12,3.4976376594784388e-12,2.0839910536651558e-12,0.8549837559461594
3061,4.037345055993688e-13,2.1497883608098718e-13,2.632679156748836e-13,0.8447797689586878
3062,5.04418106428634e-13,5.856813607394936e-13,4.852034756716863e-13,0.8205976124852896
3063,5.600966006662989e-13,3.2312649688663998e-12,3.90245478116964e-13,0.7541452253237366
3064,6.613637006479894e-13,3.524238528152897e-13,3.282041776883286e-13,0.8176122456789017
3065,8.90866222588153e-13,2.701177779262579e-13,3.4250447674120793e-13,0.8579840701073408
3066,6.250727762295708e-13,6.733821900462961e-13,3.756171975997061e-13,0.8234386390075088
3067,1.5402420739645818e-13,2.87382308007459e-14,2.9037071990247684e-14,0.8187983866780997
3068,3.6710084428025605e-13,2.0295027840343187e-13,2.1518601037148746e-13,0.7917630396783352
3069,7.027801870205587e-13,3.09195137322662e-13,2.0892698461153198e-13,0.841535211354494
3070,5.391899610974382e-13,7.221071317763834e-13,1.6580938960952594e-13,0.7863736738450825
3071,3.32844016395994e-13,1.9799817311420278e-13,7.550860769020518e-14,0.8452712677419185
3072,1.0988183134093409e-12,1.2236544367937282e-12,1.1359947952144389e-12,0.8177519759163261
3073,2.273084305626139e-13,1.7703596661394616e-13,1.1047727838088417e-13,0.7940252582542598
3074,6.762323967818606e-13,4.044094996664954e-12,7.039309867081474e-13,0.7526538654929027
3075,7.317428255986339e-12,7.050704772726952e-12,4.665465823068287e-12,0.7885489785112441
3076,3.880418101385143e-11,4.567829272882887e-11,2.0236549091787917e-11,0.8605845671147108
3077,2.542490380289756e-13,9.669315677010332e-14,9.567559398926537e-14,0.8115545531734825
3078,4.586356047315754e-12,2.7012531833946007e-12,3.334632952912832e-12,0.8398551311343908
3079,2.1367835963258802e-13,6.221715864887191e-14,6.485759555876518e-14,0.8410460637882352
3080,4.579590300980546e-13,3.025494106084332e-13,2.529279751682281e-13,0.8243817349895834
3081,6.43578136034826e-13,3.013942687698624e-13,3.484033497669755e-13,0.8484984442591668
3082,5.978191729808326e-13,3.86147626161036e-13,2.230948906414181e-13,0.8054365809075534
3083,1.0632961691913038e-12,4.2750269391807643e-13,5.540154885208114e-13,0.8331756994128228
3084,3.3598897608524615e-13,2.513818277566224e-13,1.563430835445562e-13,0.803105822391808
3085,4.982217042530544e-13,3.035758449928136e-13,2.8768154636083523e-13,0.767172142630443
3086,1.0472097260062757e-12,2.596472300171216e-13,3.440132124189449e-13,0.853685537725687
3087,5.350534738617654e-13,2.977924134850496e-13,2.7826011662094e-13,0.8142964983358979
3088,8.641901729251774e-13,3.371070655919453e-13,4.260526201948924e-13,0.8178707662969827
3089,1.0293531841219322e-12,1.0797565586066998e-12,9.972318097350995e-13,0.8264973755925894
3090,3.53644345044912e-12,2.769969312152183e-12,1.6061412162388618e-12,0.8073361344635487
3091,1.890874115077075e-13,1.710906523218571e-13,8.336223622136353e-14,0.8016520769335329
3092,3.933979865093934e-12,2.7216948870941648e-12,5.193320836771354e-13,0.8630260355770588
3093,3.592768601576864e-12,2.904149854875772e-12,2.2878383548496145e-12,0.787380126491189
3094,5.701370039416524e-13,4.363907499318347e-13,3.934853355325586e-13,0.852478202432394
3095,1.1745443647984288e-12,3.556672485522397e-13,4.374332793998631e-13,0.8174743486568332
3096,4.3833928907201083e-13,2.283370532455725e-13,2.1154083910239738e-13,0.8454667195677757
3097,3.6193799090765178e-12,1.0227248910276477e-12,1.4856462642551669e-12,0.8278448905795812
3098,4.0433632542130844e-13,4.935467575851009e-13,2.887001043323498e-13,0.8131856936961412
3099,1.2763464122211853e-12,4.637732390064631e-13,7.563537895337763e-13,0.795828746445477
3100,1.5531142467200952e-12,5.022595871407309e-13,6.124122381603574e-13,0.841595895960927
3101,7.056144610149661e-12,2.3017825370465435e-10,1.1583447236302416e-11,0.7334140049759299
3102,4.046686371524331e-12,8.897402864914378e-13,7.61087703472962e-13,0.8459494821727276
3103,2.2079554316084945e-12,1.3165962045214913e-12,1.4619262958092214e-12,0.7960419500246644
3104,7.15115681619355e-12,1.7210435214566538e-12,2.7400127958241388e-12,0.8492480542510747
3105,1.1024646419922474e-12,1.8146321447570029e-12,8.222221471486026e-13,0.8342833211645484
3106,2.6025191657795385e-12,2.0717248071857405e-12,1.4763390736422404e-12,0.8420457936823368
3107,1.0297314546417791e-13,4.0264470003381765e-14,3.4283792435400984e-14,0.8057499554939568
3108,1.8342216849765712e-12,1.6854698263652573e-12,9.172563802840915e-13,0.7842941587790847
3109,1.289840650603535e-13,4.8745110472012856e-14,6.77176657908158e-14,0.8143032411113381
3110,2.4832737943907824e-12,1.5189924428983884e-12,8.917386152353007e-13,0.8163745369762182
3111,1.5230504142678038e-12,9.296935124292236e-13,6.751735853592869e-13,0.8472924824804068
3112,6.144183198885038e-13,3.137042386163849e-13,3.036780365548597e-13,0.8442543126642704
3113,3.379151590639385e-13,1.420959482087745e-13,1.2595375681866552e-13,0.7985389679670334
3114,8.711455581390069e-13,4.770719108118242e-12,4.772287940253504e-13,0.7489540647016838
3115,8.43662207926927e-13,2.896485572631e-13,2.48921160973508e-13,0.841038360632956
3116,9.84275234271294e-13,1.6839215780985304e-12,3.939130542073962e-13,0.7960117723792791
3117,1.5751079268529817e-13,5.76178375483441e-14,3.974315534184176e-14,0.8398367214947939
3118,3.2211719920019066e-13,3.5652567750394294e-13,3.200782322419462e-13,0.8163504609838128
3119,1.2654592914344746e-12,1.1811372295266449e-12,7.911360291464634e-13,0.787208351586014
3120,1.8099670137090528e-11,1.4683558083341232e-11,1.1592995431623953e-11,0.8221859380602836
3121,5.429506746596211e-13,3.371004305763297e-13,3.2750088426718573e-13,0.827903888002038
3122,1.3943408985377244e-11,6.876664760059726e-12,5.440314378335579e-12,0.8181218385696412
3123,9.256082793735405e-13,5.694508734294198e-13,5.181935199215134e-13,0.8317003654316067
3124,4.655266918623269e-12,3.318793067335495e-12,3.292027370982467e-12,0.8186158148571849
3125,2.4669605555230455e-13,1.504176963306931e-13,1.8085849831459841e-13,0.8348936785012484
3126,2.0707349672356026e-12,8.85587911669072e-13,1.1830550249259546e-12,0.8255111951380968
3127,2.5206025832895653e-12,1.847320284917632e-12,1.8963498986179117e-12,0.83244734313339
3128,5.682066206621245e-13,2.585006204890559e-13,3.213710490611254e-13,0.8425202582031488
3129,4.356127467139031e-13,1.2059764053286962e-13,9.092315363047645e-14,0.8256308550015092
3130,2.2599047157835613e-12,6.433366261672503e-13,8.17583437268227e-13,0.8398807283490897
3131,1.574419137119551e-13,2.2124371847097215e-13,6.202536222469032e-14,0.7823235063813627
3132,1.8300066194352485e-12,9.014233281981948e-13,9.159872967091733e-13,0.8534342154860497
3133,1.560720047860679e-13,1.273173767033141e-13,6.527586113980724e-14,0.8349366093054413
3134,1.3825064095750985e-12,2.3032416524500128e-12,7.002203010624947e-13,0.8253814890980721
3135,4.934900986300537e-12,4.307550741806517e-12,4.3083998430551576e-12,0.8467068146914244
3136,3.3845069489295224e-12,2.701270756959184e-12,1.647243323726928e-12,0.8165697434917092
3137,1.5578230970016713e-12,6.792001639392883e-13,9.31113155866149e-13,0.8341336628422141
3138,7.101342825768033e-13,2.1030951369167813e-13,3.2190174907690624e-13,0.8057274798862636
3139,2.6050729902330926e-10,8.640577738136171e-11,7.038150592963554e-11,0.8297093644738197
3140,6.119820668578527e-11,4.56334921697212e-11,2.1410566954107058e-11,0.8422811429947614
3141,3.4867923344439737e-13,5.088042227936896e-14,7.862837028163382e-14,0.8372115150094033
3142,2.0292393341754856e-12,1.0231768229888429e-12,9.424354216000209e-13,0.7961815072223544
3143,1.9933445760606706e-13,1.597434115669559e-13,6.773709816104487e-14,0.7956506359390915
3144,1.3808763849801448e-13,5.451467755198424e-14,5.0950999482278044e-14,0.8362633287906647
3145,6.213762049960423e-13,9.082088771622473e-13,4.643450564355501e-13,0.8049635055474937
3146,4.653824652758718e-13,2.355755674165756e-13,1.712624067111416e-13,0.802592963911593
3147,1.462780933292086e-13,5.538455899296457e-14,6.596617441842849e-14,0.8086623861454427
3148,1.0506269511457368e-13,1.0716147774338109e-13,3.458293604343004e-14,0.7973123406991363
3149,4.619567386173043e-13,2.152003302456821e-13,7.918010654446045e-14,0.8237639060243964
3150,2.298098004113592e-12,3.738129913868643e-13,9.167682263090532e-13,0.8393280684947968
3151,1.284195313357707e-12,4.4308371847058844e-13,4.418376245812451e-13,0.8418622277677059
3152,3.3399495330233998e-12,3.44841868036182e-12,2.953552015131169e-12,0.8652894482016563
3153,6.126589012990024e-13,9.323648006917485e-14,2.9807864471841534e-13,0.8143860280513764
3154,3.0010089505203e-13,1.2374400234383676e-13,7.769785043527917e-14,0.82720563467592
3155,7.297334538798386e-13,3.446826443049458e-13,3.929728218981541e-13,0.7896584074012936
3156,1.4547172936667146e-12,6.132722102374885e-13,7.271988333106064e-13,0.8457075472921133
3157,1.6460150211749228e-13,1.423925656291271e-13,7.491646754709105e-14,0.7924566470086575
3158,3.5499788740997494e-13,2.1156928291456271e-13,1.8861686883832278e-13,0.8205987488850951
3159,6.713816016676356e-13,2.302510827424768e-13,3.3150615946732063e-13,0.8329760814085603
3160,3.862904582223471e-13,4.0512544716838023e-13,3.405919573576792e-13,0.8222871759906412
3161,7.320113828040452e-13,4.0211069151461633e-13,4.3832638958049086e-13,0.862702090665698
3162,3.376587097603384e-12,3.789536471520213e-12,3.5336723621736078e-12,0.8165589384734631
3163,2.644669583270989e-12,7.652264772470648e-12,2.0880259055638183e-12,0.7547564842272549
3164,2.412535818287932e-13,3.039130654942124e-13,2.7283596791873813e-13,0.8291705287992954
3165,9.656037035585715e-11,9.242389980848292e-11,6.247763889371505e-11,0.8691338181495667
3166,4.5404802365280974e-13,4.3606561841057365e-13,3.744937905865152e-13,0.8478215008974075
3167,3.3133171716337185e-12,2.4923278637304386e-12,1.729547285143228e-12,0.7606601205188781
3168,2.7165757228229753e-13,1.2337224345387052e-13,1.1307764690433409e-13,0.8369243700057268
3169,4.930317998010982e-13,2.703765033548774e-13,1.414519510061926e-13,0.8333603953942657
3170,4.682867832902753e-13,5.987228395056447e-13,3.6691631998689675e-13,0.7736219488549978
3171,2.6892614809658546e-12,2.5453906806186105e-12,1.572614726269246e-12,0.8685485616326332
3172,5.506789516964687e-13,5.733322205795942e-13,3.817844218069378e-13,0.7792523070704191
3173,4.571658929964164e-13,2.7152102178485546e-13,2.982327553019955e-13,0.8337343838065863
3174,4.0515574670132563e-13,5.2245825035873423e-14,1.7539076486389492e-13,0.8102888491004705
3175,4.731134695089476e-13,3.209983909741998e-13,2.56961674061922e-13,0.8078048339113593
3176,1.156808404034884e-13,3.7556316043363735e-14,5.575350851457008e-14,0.8306247720494866
3177,3.502389802665861e-13,2.347514992130187e-13,1.409130093708593e-13,0.7944587651640177
3178,2.42266393905489e-13,4.2794157488505854e-13,1.1297837433196951e-13,0.7740295447409153
3179,1.438336973936561e-12,8.354539861391137e-13,7.273653912950309e-13,0.8350256973877549
3180,4.701736004819506e-13,3.451352374244448e-13,1.8377914007823198e-13,0.8399037569761276
3181,3.94759369723833e-13,1.003440119648812e-13,1.6709757434014987e-13,0.8381748558953405
3182,1.4711479350639024e-13,6.933252325887613e-14,3.4786631757303493e-14,0.8268446439877153
3183,1.87972851259303e-13,2.0646751633716945e-13,6.386754968209752e-14,0.8022792841307819
3184,3.8458769052825083e-13,3.189767020779449e-13,2.627588607916739e-13,0.8080027647316456
3185,8.850709083194118e-13,1.3963665495425126e-12,4.233117725953948e-13,0.7776473395526409
3186,5.33006517290048e-13,4.0217263415765753e-13,3.5714556766483074e-13,0.8189290951937437
3187,9.36971261223721e-13,8.616247134018681e-13,5.489215744431987e-13,0.7790061567444354
3188,3.9939704171506215e-12,2.7469035231418175e-12,2.7183959841830965e-12,0.8613524504005909
3189,6.132415194181955e-13,4.193806596118468e-13,2.866818912492568e-13,0.8061157086864114
3190,3.769052939899164e-13,3.8595320140579493e-13,3.2295156109745897e-13,0.8306845135986805
3191,6.353669453564824e-13,7.53742997657349e-13,2.724820028466744e-13,0.778040622593835
3192,1.1590282101806517e-13,1.293550670082271e-13,1.0424063880341481e-13,0.8189252231270074
3193,1.8967665044241338e-13,1.1853829484606378e-13,1.3373148014583921e-13,0.8057449291460216
3194,2.883180211968748e-13,3.346650206832191e-13,2.343352620790195e-13,0.8242019833996892
3195,1.848155459629384e-13,3.791639849105845e-14,4.708309933705734e-14,0.8220639999955892
3196,1.1495618503366004e-12,1.5095844937271117e-12,6.681017599548305e-13,0.8479395397007465
3197,7.501298416971548e-13,9.832389862454653e-13,3.9988971923915694e-13,0.8532049879431725
3198,4.14481730350256e-13,1.391757005655958e-13,1.5386980208642856e-13,0.8321673240512609
3199,8.499145019085462e-13,5.25852252895222e-13,4.466205369045644e-13,0.7628818799741566
3200,3.004764925545968e-12,2.2983209142373955e-12,1.190553988209541e-12,0.8606824956834316
3201,3.74109464239579e-13,6.339672341185475e-13,2.0068682948320766e-13,0.7757525510154665
3202,6.391187283412356e-13,1.575311760464551e-13,3.1237839815837634e-13,0.8289904937148094
3203,2.304268875905132e-13,8.393157954489349e-14,8.613246719435609e-14,0.8444464307278394
3204,5.640135010239866e-13,4.921513797114954e-13,1.945082721232855e-13,0.8123649111017585
3205,2.208786945427198e-13,1.4928916605487917e-13,1.4043427790503262e-13,0.8271164586767554
3206,3.957156607300828e-12,2.9897068566285064e-12,2.8810553015763723e-12,0.8404463935643435
3207,1.0847837799844657e-12,1.1560252945959889e-12,6.880531352726125e-13,0.8381970705464482
3208,9.934258522333694e-13,9.170885252222902e-12,6.625636911533612e-13,0.7549171632155776
3209,1.0194253611583982e-12,6.491531996044971e-13,5.017111156534606e-13,0.8486068610101938
3210,1.5276627318084177e-11,1.3473203175998554e-11,1.1667881331622104e-11,0.846136012673378
3211,7.887927695182746e-13,2.0045032224270864e-13,3.1461460689563617e-13,0.8452414903789759
3212,4.4719317951815037e-13,2.6004594118752736e-13,1.5092499687201905e-13,0.8267626993358135
3213,2.943499977604095e-12,1.4692572366972048e-12,1.9364763028657294e-12,0.8479358900338412
3214,5.697084214755181e-13,2.8474866005403153e-13,3.36327376778621e-13,0.7981415573507548
3215,8.122825518068737e-13,2.0576242939221307e-13,4.154508509784836e-13,0.8342099994421005
3216,9.280457617672693e-13,1.0161176606535158e-12,2.943312759415013e-13,0.7772508203051984
3217,9.70110348501645e-13,5.523194976889651e-13,3.6642939436410324e-13,0.8405125994235277
3218,1.3836584446720217e-12,1.837423421605356e-12,6.557739996731533e-13,0.8254287876188755
3219,6.301603817776834e-13,7.841341674474512e-13,2.8564597979404913e-13,0.8004570250399411
3220,5.156816523405703e-13,8.93008665389323e-14,1.8952168444747561e-13,0.8159915391355753
3221,2.961473511197629e-13,1.1521962371944762e-13,1.2055088032112273e-13,0.8119996562600136
3222,2.421858156403956e-13,9.948735405410717e-14,8.542389222981835e-14,0.8093871077522635
3223,2.77425812350107e-13,1.2519200758424524e-12,1.329276729714638e-13,0.7624767747707665
3224,2.3436563179648968e-12,4.19501847316302e-13,6.177050112644832e-13,0.806864864565432
3225,1.3661406110337509e-12,4.3515980318679123e-13,5.860079544581519e-13,0.8506211437284946
3226,3.780107092023136e-12,3.021169704467504e-12,3.0377922949972927e-12,0.8281743507832289
3227,1.2516497439580894e-11,6.475722651529059e-12,7.408242935623052e-12,0.8035075664520264
3228,8.188859276075449e-13,3.7078267781211145e-13,3.7384176008204354e-13,0.8445772558450699
3229,7.853423152790739e-13,4.038429488356599e-13,3.5804985273850974e-13,0.8461879715323448
3230,1.4641076742165557e-13,5.4789784325302736e-14,6.537982388873695e-14,0.8431920886039734
3231,6.854766005328191e-13,1.8246318270334728e-12,7.431719488043969e-13,0.8265158630907535
3232,1.909432541681682e-11,2.8095183374772723e-11,1.568358404206846e-11,0.7642336147837341
3233,2.605294811364485e-13,1.8902158032195625e-13,1.018573955099186e-13,0.8145936295390129
3234,1.505164178046129e-12,5.969868416140664e-13,5.623779945285249e-13,0.8413099076598882
3235,1.238692052127256e-13,8.496919389866571e-14,3.614261410798263e-14,0.7877687409520149
3236,1.7896294666847617e-12,1.2012152828866908e-12,7.549423899305184e-13,0.7920761872082949
3237,3.791243686649474e-13,2.919304203917516e-13,1.156847552754487e-13,0.8501547269523144
3238,3.155026544591121e-13,6.430289471442139e-14,8.581282728483684e-14,0.8325336070731282
3239,4.826112606110634e-13,8.338209449205243e-13,3.818594187758234e-13,0.7760008630342782
3240,1.5392632621940085e-12,5.017766411874549e-13,5.848028783181009e-13,0.8410472262650728
3241,2.4604117552483974e-12,2.046555862013085e-12,1.483629834791586e-12,0.8029268736951053
3242,2.704572860696221e-13,2.870348415991184e-13,1.896843205790999e-13,0.7874354841187596
3243,4.244658118895899e-13,2.939718643808564e-13,1.7259514108397274e-13,0.8013401430100202
3244,5.995545433192703e-13,3.405700927051457e-13,1.7806213475985946e-13,0.78546860255301
3245,6.937924242148196e-13,1.0937171275980758e-12,4.714164024424941e-13,0.7942978138104081
3246,1.918834280331433e-13,3.142958356537475e-13,1.822634403918185e-13,0.8074422167614103
3247,1.309702160018802e-12,5.286361317172751e-13,4.384222816028623e-13,0.8310295248404145
3248,2.816904235853266e-13,7.95522952978065e-14,1.1973584961591577e-13,0.834415421448648
3249,1.0327989779953434e-12,4.619158958201863e-12,6.884738925848016e-13,0.7626799087505788
3250,2.420218747603047e-12,2.3122269275639885e-12,8.937743224847642e-13,0.7947840163484216
3251,4.175293623920216e-13,2.522158698906598e-13,8.479134333549016e-14,0.7882990351878106
3252,3.7772367009897787e-13,2.3903239602088413e-13,2.237676947791619e-13,0.7815896158106626
3253,4.770737095276004e-13,4.41116959891876e-13,2.3492270431975573e-13,0.8473100364208221
3254,6.923869237788035e-14,4.7082780250291774e-14,3.6283839245054536e-14,0.8297765273600817
3255,2.453925068670469e-13,2.7644385812967013e-13,1.8917520239460479e-13,0.8356806315481663
3256,2.1293264641912998e-12,3.2316521150779587e-12,2.839874547690359e-12,0.8555374708026647
3257,2.8234376727995434e-13,6.513838355134552e-14,1.0931978205059138e-13,0.8146458990871907
3258,8.511393333408167e-13,3.1447563135062997e-13,2.674233445436012e-13,0.842982317507267
3259,2.0080272502284524e-12,8.075823516661853e-12,1.007289419458013e-12,0.7529675846453756
3260,3.928624186725653e-13,1.9046956789863122e-13,1.6192639923742774e-13,0.8500287104398012
3261,2.9015271204899205e-12,4.283974085651109e-12,2.804014868387265e-12,0.7881657619960606
3262,1.4650142462164756e-11,7.899941160582299e-12,5.981136643203092e-12,0.8457060698419809
3263,1.8615759604494262e-13,1.0170901528806561e-13,9.24993627313276e-14,0.8291398579254746
3264,2.465327687508216e-13,1.9113626021571746e-13,1.719131294966136e-13,0.8380779720842838
3265,4.2819563908837973e-13,3.498903624144862e-13,1.4432216181008878e-13,0.831880203820765
3266,3.179152792267184e-13,2.277584918001256e-13,1.6477792624586117e-13,0.8444660771638155
3267,1.0965208351912703e-11,2.120051692340459e-11,1.0046263077120874e-11,0.8022974086925387
3268,1.9959107014972746e-12,2.647971501395267e-10,1.0843893515045108e-11,0.7277546816156246
3269,7.884013709396412e-11,1.4383429012742375e-10,1.1227655923543814e-10,0.8770877838134765
3270,2.2031369622375217e-13,1.1302677347468129e-13,9.342942710516043e-14,0.8259429916739464
3271,3.717191565896084e-12,4.0166952877736434e-12,1.649763824598319e-12,0.797162399534136
3272,2.3560556272640324e-13,8.29237157101421e-14,8.111129094561056e-14,0.8416876759380102
3273,1.699083819244299e-12,1.3065021446090601e-12,1.475917508512498e-12,0.8256357030943036
3274,2.0109039674863292e-13,2.405094719247589e-13,1.0696328700285353e-13,0.7922112663276494
3275,1.1665628233864877e-12,6.419231121845756e-13,5.705365096060623e-13,0.8338015763089061
3276,1.5098990348470186e-12,8.451627088157144e-13,4.955615029919079e-13,0.8423549689352512
3277,6.325659016660104e-13,3.6649175956574075e-13,4.429681541352309e-13,0.8094417705200613
3278,1.723263259125744e-13,1.0188181756085025e-13,9.619032554313425e-14,0.8112647460773588
3279,3.220782992087072e-13,5.053241010014777e-13,1.9893988683543757e-13,0.8313217755407095
3280,5.181224735288808e-13,3.6565634045044973e-13,1.6685260169028658e-13,0.8262292509898543
3281,9.22510096308118e-13,3.537093611377953e-13,2.768378998510866e-13,0.8419679507613183
3282,2.601542788414732e-13,4.087460740596103e-13,1.998630604384177e-13,0.8161937337368727
3283,6.794591435651382e-13,3.948447816331466e-13,2.85276858149026e-13,0.787049206160009
3284,1.7921463628988205e-13,8.831813390972132e-14,7.444507049219524e-14,0.8329188903793693
3285,1.1541207753794941e-12,7.13867379136013e-13,7.145725130036328e-13,0.8537901472300291
3286,2.194333013663835e-12,5.774031872933322e-13,9.40200953344023e-13,0.8553240038454533
3287,1.9697041942926665e-13,4.865082376886785e-14,8.900274508346405e-14,0.8241509072482586
3288,2.4249349430962632e-12,1.1133723284690617e-12,4.790701938936112e-13,0.8642924446612597
3289,1.0299324676921739e-11,1.654283998173372e-11,7.787779651020873e-12,0.8482684638351202
3290,2.27153845275948e-12,6.279568769596914e-13,8.005896044406876e-13,0.8474775958806277
3291,7.356937656319139e-13,3.979906314105577e-13,2.602119684363257e-13,0.8173856683075428
3292,1.676783523781203e-13,1.087589821734437e-13,1.1742388050974177e-13,0.8103218089789153
3293,2.1399620301566105e-13,1.1107516880414829e-13,7.970058550942935e-14,0.8351641988381744
3294,6.40093902117318e-13,6.739571102006166e-13,3.535986436046144e-13,0.8045503281988203
3295,1.4136878038326104e-13,4.6660067338538415e-14,4.6240348253228024e-14,0.8388541150838137
3296,2.6597794899109137e-11,2.521486333700481e-11,7.689064404620779e-12,0.8567305967211724
3297,4.596202716639938e-13,3.2117866992778367e-12,1.9562609503022892e-13,0.7591593304183334
3298,1.4338509794386904e-13,6.425727077810518e-14,6.210794586965374e-14,0.8067816707305611
3299,4.375564170504869e-12,2.479058196338415e-12,2.5299965112245787e-12,0.7801912618800998
3300,6.760902199150879e-13,6.954654669512722e-13,5.016080865404027e-13,0.8015429818071425
3301,2.876709489528406e-13,2.469270766956136e-13,1.5135648078992618e-13,0.7912933805026114
3302,5.133218652560252e-13,2.099581119570333e-13,2.546768564430171e-13,0.8272842586040496
3303,5.094311829049212e-12,3.2756856602215064e-12,1.7571561893255444e-12,0.8706829734146595
3304,3.8720494752415193e-13,5.508863824800993e-13,9.836553823147026e-14,0.7895182006061077
3305,1.5557069482321546e-12,1.4884868667496857e-12,6.61419456065211e-13,0.7679227487184107
3306,4.9752080856247805e-11,2.3228740984981412e-11,8.395941262955914e-12,0.8747515507042408
3307,5.727118221884811e-13,3.6098401193616593e-13,2.1283095077598145e-13,0.8366083119064569
3308,1.6610825372204482e-12,4.2123214517285606e-13,7.45988722825675e-13,0.8431795306503773
3309,5.136061246306745e-13,1.757644778999906e-13,1.7777993295879085e-13,0.864088412746787
3310,6.1820726731686375e-12,6.589511658377572e-12,5.176452386592279e-12,0.7980164094828069
3311,1.1056839088650949e-11,1.7281726178191634e-11,5.026650271806685e-12,0.8017107748426497
3312,1.542411528973335e-13,1.4410316052983586e-13,5.2224518831381484e-14,0.7925218977965415
3313,6.600698280837778e-13,2.1764075063111381e-13,1.5889215470672036e-13,0.8433990057557821
3314,5.869032793487852e-13,1.3810457097759996e-13,2.6671956449636693e-13,0.833634608797729
3315,5.642014806103915e-13,3.630983355696874e-13,1.829917560004345e-13,0.8338896807283163
3316,1.9245036565659496e-13,1.0838460005970725e-13,7.212734002538445e-14,0.8258444530889392
3317,1.7201712276750765e-12,3.6255956599450893e-13,8.897408711627628e-13,0.8006981176324188
3318,3.930302218351665e-13,7.063329630187751e-13,2.839264023652199e-13,0.8495824780315161
3319,3.9329197902646366e-13,5.387018489399902e-13,3.737423791771614e-13,0.7974702146835625
3320,2.7204879355811884e-12,7.842147716711138e-13,1.3353315474883465e-12,0.8537804454565048
3321,4.3167090703320694e-13,1.6666299866175479e-13,1.765668061793071e-13,0.8482234090566635
3322,7.289499504809021e-13,2.5480384762049283e-13,2.5153517458631745e-13,0.8409435484558344
3323,2.9495186222014763e-13,1.1685350404204124e-13,1.1878962642645951e-13,0.8477430813014507
3324,7.917245855393994e-13,4.1536460061019766e-13,5.047580822416278e-13,0.8074193594977259
3325,6.577448501124947e-13,4.946393272816615e-13,5.438028038666574e-13,0.8397291701287031
3326,5.326455659962283e-13,2.149595467882604e-12,5.985893115550998e-13,0.7771410707384347
3327,2.0060049858839357e-13,5.2775913529165056e-14,8.178491104750232e-14,0.842906748689711
3328,3.1890473143350454e-12,7.756347835148339e-13,1.2043073896265073e-12,0.8643375441432
3329,3.2809346304559973e-13,1.7063200448806392e-13,1.0116646907577757e-13,0.7982407272793353
3330,4.4751306439669574e-13,1.603850304183875e-12,4.2365891553874993e-13,0.7704004749190062
3331,3.074717638333526e-12,1.6987804251169412e-12,1.8039514920188898e-12,0.8482850357890129
3332,7.159521848218007e-13,3.2468217303617753e-13,2.6313430257728084e-13,0.8017622018232942
3333,9.063182337169324e-12,1.0145299563818106e-11,4.467891221423283e-12,0.8665928795933724
3334,1.1348075969971581e-13,9.332856101493273e-14,4.547484993469341e-14,0.8266492834314704
3335,3.4493111958839785e-13,1.3329471368834186e-13,1.1655779274143858e-13,0.8442134402692318
3336,5.779310053594388e-13,6.567841658267268e-14,1.106432310722586e-13,0.8430486116558313
3337,8.707902171173679e-13,4.591793509853685e-13,4.2161326518624715e-13,0.8349617714062333
3338,1.4148879795168685e-12,4.340514147535536e-13,4.4682750544417533e-13,0.8546498704701662
3339,9.379195215479041e-13,3.757957386025452e-13,5.042705826889757e-13,0.8437739986926317
3340,2.806661317460765e-13,1.057625887775319e-13,7.976003524697846e-14,0.8152120310813189
3341,1.1032401499033072e-12,2.2590977490354785e-13,2.231615766920317e-13,0.8553336553275586
3342,7.604196170569394e-13,9.269725734095689e-14,2.553919817364692e-13,0.8179214129224419
3343,1.54538198192788e-12,8.6503576421359e-13,8.77357320405999e-13,0.8062553346157074
3344,3.4847922295129934e-12,2.361322150727039e-12,1.7333822183787604e-12,0.8270487412810326
3345,2.75570358127288e-12,1.109784890075386e-12,1.015250197508127e-12,0.8547761254012585
3346,3.8526183750755324e-13,1.432587296580779e-13,1.464582968071562e-13,0.8263957886025309
3347,1.5365363651069281e-12,6.276106231849822e-11,2.945738741018336e-12,0.7344379690475762
3348,1.467209090829695e-12,9.605787782045656e-13,6.299332090510675e-13,0.8380414731800556
3349,7.705901123442134e-13,2.942334567202773e-13,2.075033748846418e-13,0.7839369638822973
3350,1.2341880832894468e-13,4.9630575172582416e-14,3.300270534361659e-14,0.8141954366117716
3351,8.358907430572504e-13,4.503327003755005e-12,5.588543852637367e-13,0.755595403816551
3352,1.5094113462477465e-12,5.689820045925558e-12,7.127337683313929e-13,0.7611226994078606
3353,4.263869567301874e-13,1.6826191576748134e-12,2.325669574104121e-13,0.7700593623798341
3354,1.466860248415214e-13,1.4541812637195705e-13,7.861510307019692e-14,0.7946482473984361
3355,5.303208163758997e-13,3.460290853431033e-13,1.5380291818664068e-13,0.823340268805623
3356,1.585475371530187e-12,1.6426583591936986e-12,1.3258779787881698e-12,0.8350197970867157
3357,5.669482479983413e-13,3.994790109936074e-13,2.0404155565601505e-13,0.8309402573853731
3358,4.638205495814988e-13,6.692399972726624e-14,1.6571684907029998e-13,0.833249226026237
3359,5.016560513724674e-13,1.4447953060361509e-13,8.758336580149045e-14,0.8270465796813369
3360,2.165475398807556e-12,9.794281855512757e-13,8.929281195010115e-13,0.8438131421804428
3361,1.1428528528223689e-12,6.166342877823259e-13,6.530330279896807e-13,0.8059340575709939
3362,5.275963213014081e-13,3.328993549887327e-13,2.2332704708969339e-13,0.8293524157255888
3363,7.390173744252139e-13,2.35353174217441e-13,2.9531171050321817e-13,0.8176616929471493
3364,7.02649025678123e-13,2.832528109019025e-13,2.221234913827695e-13,0.8435173023492097
3365,6.166936123529784e-13,3.3485379373115746e-13,2.695079739551012e-13,0.8399876357987524
3366,4.4784419695096434e-13,1.948303293100315e-13,1.8508354707095545e-13,0.7861528020352125
3367,3.146538658979332e-12,4.1670217596867066e-12,3.279191277632226e-12,0.8201520191505551
3368,2.866461843901534e-13,9.991349193644193e-14,7.85458101476996e-14,0.8235992357134819
3369,1.0257629900701988e-13,5.668987216953335e-14,5.008217783632711e-14,0.832039625197649
3370,6.715426014761486e-13,1.1432087845323777e-13,2.3575900828869823e-13,0.8420668613165617
3371,2.008686547948317e-13,2.3532558009596586e-13,6.287743990822205e-14,0.8042501598596573
3372,5.027817343590122e-13,1.682711218374422e-13,1.7849798713021437e-13,0.8438580155372619
3373,3.9200393823339234e-12,1.9675600737932127e-12,5.707358712947946e-13,0.8296639919281006
3374,2.9387424845502237e-12,2.5557622576464217e-12,1.6539505387538676e-12,0.8491819709539413
3375,2.522458904845677e-13,6.571732103566968e-14,1.1546533455759953e-13,0.809085282869637
3376,3.5518947375755138e-12,3.575243831630108e-12,2.710425317773149e-12,0.7778662758879363
3377,5.992796100719893e-13,7.383638446071409e-13,2.57401495572041e-13,0.7922789918258786
3378,9.565093041833017e-13,1.5733719235096418e-12,8.969583673081539e-13,0.8134436483494938
3379,1.0010943929477397e-12,6.480721428912759e-13,5.810436040471167e-13,0.8534278593957424
3380,3.5295129271078005e-13,2.3499601550138293e-13,2.075223596740539e-13,0.8020867690443992
3381,1.51229677617907e-13,1.2641901671363544e-13,1.0724206183780885e-13,0.8414893679320812
3382,5.430042345856521e-12,6.328994461201084e-12,5.349685115298343e-12,0.8398016586899757
3383,4.626617476063017e-13,3.424298346606399e-13,2.2148486473312066e-13,0.8324025707319379
3384,2.5463388623084293e-12,1.4190311202892982e-12,1.5334077278185294e-12,0.8307990673929453
3385,1.0385876035157817e-12,6.272462585767776e-13,5.171066021460987e-13,0.841011843457818
3386,3.639937582976841e-12,5.786975249484325e-12,2.323532348369312e-12,0.8204109521582723
3387,2.734226270777257e-12,4.17627937855514e-12,2.930166597976863e-12,0.8546443197876215
3388,3.1582132423022814e-12,1.0377440331272184e-12,8.304897592234378e-13,0.8502369854599238
3389,3.218610536016957e-13,1.5355235993649056e-12,1.6359894028014477e-13,0.7565027241595089
3390,2.73685611698549e-13,3.348514048147997e-13,1.570898324103386e-13,0.8169520853087306
3391,4.376060010986721e-13,3.437375550528283e-13,2.3226013201416265e-13,0.8305306646972894
3392,7.346596210127253e-13,7.493968967655316e-13,6.417534718001813e-13,0.7737050551455468
3393,2.804393779877608e-12,1.8813061801760508e-12,1.046351544434461e-12,0.792065794300288
3394,2.988915725924648e-13,1.1592444181872249e-13,1.2183311604513258e-13,0.8338263900950551
3395,2.3065494807850423e-13,9.022139076586121e-14,4.167028858838026e-14,0.8057714349590241
3396,3.7759698055934266e-13,2.4467912218952096e-13,1.8712402884356259e-13,0.8423168133944273
3397,1.6488734314048936e-12,1.4672735502753448e-12,4.429499587599157e-13,0.8221716662868858
3398,3.533998976091333e-13,1.7340136920217273e-13,1.4602190987826817e-13,0.8260101657360792
3399,5.608539819693645e-13,2.410753642699056e-13,1.608515698712916e-13,0.8430007357150316
3400,5.017965418970183e-13,2.706698933567201e-13,3.5734646826520533e-13,0.8125843985006214
3401,4.936619419459724e-13,7.196629275806423e-13,3.129355016609989e-13,0.8173592997714877
3402,2.522458882710583e-13,9.553977858331977e-14,8.52077712340337e-14,0.8200474947690963
3403,1.2788027990274904e-12,2.157073915623342e-12,1.0068318832276226e-12,0.810698614269495
3404,2.916904904846557e-13,1.2068370755785498e-13,1.271658922865947e-13,0.8056359274312854
3405,5.541532893884535e-13,3.8593089826334664e-13,2.064887680927387e-13,0.7701942834537476
3406,2.1042992834368482e-13,1.7301436317623917e-13,1.652561466528083e-13,0.8206398246809841
3407,8.532273581615526e-12,4.580244645770421e-12,5.411193594670545e-12,0.7704375981353223
3408,1.8904189621053308e-12,1.5762610316983452e-12,1.0746768540414046e-12,0.8187205288559198
3409,1.1346107737697984e-12,7.661546304836817e-13,8.550338746478237e-13,0.8396368492394686
3410,2.6539803720375084e-13,6.762874201024548e-14,1.340108006423055e-13,0.8307658961042762
3411,2.816059884205724e-13,1.0022747778559069e-13,9.47100462533903e-14,0.8320115335285664
3412,3.902017100240488e-13,1.3800957889313281e-13,1.3406150456510758e-13,0.8323056584224104
3413,8.326170834769648e-13,1.1425807794796705e-12,9.47484655101465e-13,0.8469452276825905
3414,4.070455380802208e-13,4.3691761733034825e-13,2.129770108054148e-13,0.8531016897410154
3415,5.559377156286579e-13,2.72171784397475e-13,9.49148290467042e-14,0.8358757648617029
3416,5.129692138850543e-13,3.069321479224037e-13,1.281115732269326e-13,0.831198220513761
3417,4.135651412203746e-13,1.7251053957213736e-13,1.3676762933194484e-13,0.8191894253715872
3418,4.3454268789949534e-13,4.235821344168529e-13,1.4633905252641905e-13,0.7737546737771481
3419,4.2016663597696215e-12,5.123875182941452e-12,2.406436975728023e-12,0.7627734617795795
3420,1.8801808529987635e-13,2.802735522332476e-13,8.899067407116521e-14,0.8010664311237633
3421,5.052140654723884e-13,2.3471857771033373e-13,2.9708137212856743e-13,0.8069841270335019
3422,1.1718603702952342e-12,3.6752565271469773e-13,3.5329926238812655e-13,0.8432323813438416
3423,1.473161028488685e-12,1.0517895044758804e-12,4.908110839580174e-13,0.8261266998946667
3424,5.559654297661e-13,3.099127065190424e-13,1.9398886733737766e-13,0.8465504322201014
3425,6.411813097713073e-13,2.386256954853555e-13,2.2513645654719512e-13,0.8310335736721755
3426,2.4935411339682358e-12,3.4134359187244263e-13,1.0418022026853665e-12,0.833349634334445
3427,1.3912604959322785e-13,3.757388926212186e-14,4.7401490553565976e-14,0.8370495513081551
3428,3.6147891124575364e-13,1.8729571043686985e-13,1.897162309295799e-13,0.8248733570799232
3429,2.185805274251899e-13,9.851589091863433e-14,7.570030853526623e-14,0.8195569740608335
3430,2.489245439493744e-13,1.1876369973509438e-13,8.46148250118692e-14,0.833148280903697
3431,4.441888093050403e-13,1.826532909886244e-13,1.965387286481744e-13,0.8147429777309299
3432,1.3620594280113185e-12,6.59693134656912e-13,7.151171269852744e-13,0.8522551391273737
3433,2.8218182975321236e-10,2.1817637750864555e-10,2.3197781914368703e-10,0.8657372646033764
3434,9.802022730674374e-13,1.954477169442865e-13,3.673883825602468e-13,0.8583482552319766
3435,7.470552079993633e-13,2.9709648206343005e-13,2.005180627331933e-13,0.8291264610365033
3436,1.1551001116192872e-13,7.610111837316628e-14,7.227070621073336e-14,0.8327279713004827
3437,7.166207448946572e-13,2.722658561387557e-13,2.2699287939600443e-13,0.8302236724644899
3438,3.574125680663209e-13,3.52930135786114e-13,2.626412500220564e-13,0.8337534621357918
3439,9.032153979140588e-13,1.538620252573133e-11,9.605695170676137e-13,0.7443551051197573
3440,4.598517618686457e-13,5.207511187795768e-13,2.0006757977801066e-13,0.8059730052016676
3441,4.801382392736308e-13,2.54974188200386e-13,2.7331414049020933e-13,0.8255865713581443
3442,1.2520178981560845e-12,4.656341119033849e-13,3.664266552722594e-13,0.8333311606198549
3443,1.52109554619604e-13,1.885514718432853e-13,1.349057320972404e-13,0.8439125116914511
3444,6.927110305288232e-13,4.578359477016116e-13,4.812348437268927e-13,0.8231086509302259
3445,1.8130690477524214e-11,1.1390736657823668e-10,2.012855314271472e-11,0.7505141101544723
3446,1.2509167555270633e-13,5.866394949689365e-14,2.4183854948925852e-14,0.83569106888026
3447,9.092009802692524e-12,3.8544725500874276e-12,5.252258539345611e-12,0.8464471843093634
3448,6.115983240365472e-13,3.4266876353960617e-13,3.067369546572426e-13,0.8451788708567619
3449,9.388079407389329e-13,1.1743035512865617e-12,7.466081935835419e-13,0.8270180923864245
3450,2.1736843315365098e-12,2.0509873341440474e-13,7.502419271899219e-13,0.8157083539292216
3451,1.4937156622387213e-12,1.051416292472058e-12,6.55734514154024e-13,0.8023545518517494
3452,6.478814251566583e-13,4.2584857817717714e-13,3.424854319440289e-13,0.8396307796239852
3453,6.870437834363319e-13,4.374848954657631e-13,4.736136840193946e-13,0.8464770667254925
3454,5.543631123587558e-13,8.940727673474707e-13,3.084109780765156e-13,0.7706626780796796
3455,4.610303349110004e-12,2.8710427574553504e-12,1.041518588294895e-12,0.8331836570054293
3456,3.2561355665941305e-13,1.3484742109246591e-13,1.992836263574863e-13,0.7985491131432354
3457,1.275364393140741e-12,1.207863995315357e-12,1.216866116305515e-12,0.8470357831567525
3458,1.333332609037803e-13,6.428458283465538e-14,2.909923921773054e-14,0.8131985669955611
3459,6.028183365348112e-12,2.7589439001097426e-12,3.746797085190129e-12,0.8439286015927792
3460,2.832608085909651e-12,9.403752061365926e-13,7.12132394432232e-13,0.8026967922225594
3461,6.473334401669409e-13,2.0721595193027666e-13,2.0654738437828542e-13,0.8466567199677228
3462,1.5737716494123789e-12,9.43981166337136e-13,7.605819302931519e-13,0.8337987238541246
3463,1.7614987467387406e-13,7.838647300395374e-14,5.728564086820825e-14,0.8321689777076244
3464,9.225409327892486e-13,4.4442523880125414e-13,3.2390364761559423e-13,0.8353538071736694
3465,3.153369763667391e-13,2.412193473876377e-13,1.7697571243227342e-13,0.8104443967342376
3466,3.062716940967376e-12,2.792511659105264e-12,1.9706035333936478e-12,0.8507946662604808
3467,2.3323288576720717e-12,9.240023822739057e-13,9.014056205994649e-13,0.7911537516862154
3468,7.4475713073252e-13,7.498803867860989e-13,4.648681300717467e-13,0.8245661782100797
3469,4.093255144200186e-13,2.113566891112909e-13,1.4209786824510746e-13,0.8243005078285932
3470,7.261484046690727e-13,4.1346551727474235e-13,3.921415924035069e-13,0.8502644889056683
3471,6.872363533597598e-14,5.493507288403976e-14,3.1144907321985835e-14,0.8240206958726048
3472,1.8369821355800981e-13,1.1250967001296653e-13,5.4090007850217994e-14,0.8196649534627796
3473,8.837288083987774e-13,5.626317599150906e-13,2.778386572361403e-13,0.7717901307623833
3474,3.381954258125198e-13,3.273228206993356e-13,2.522268628860902e-13,0.8490484558045864
3475,4.255874379824116e-12,3.1104914221077408e-12,2.997788730848828e-12,0.7964437471702694
3476,2.1262026625203656e-12,3.7894283284536863e-13,7.111997352210461e-13,0.8383961377665401
3477,3.8266131489547437e-13,6.249189211721633e-14,1.2031944638362394e-13,0.8130497926846146
3478,1.2555737678326016e-12,7.312076944185923e-13,6.090321759792694e-13,0.8304582353681326
3479,1.2383877947882757e-12,6.558600713278507e-13,6.456509832514599e-13,0.8273961883038282
3480,1.2574307133101465e-12,5.53605049710249e-13,4.164631557711119e-13,0.8397878374904394
3481,1.4989846163216432e-13,8.350964005363741e-14,3.9061282030364085e-14,0.8246268104761839
3482,9.166086188381911e-13,2.42697051331551e-13,3.8428254898643684e-13,0.855876213684678
3483,5.320229588671248e-13,2.307671412579425e-13,1.550809610401544e-13,0.8425135686993599
3484,2.0205683747955555e-12,8.368869626437145e-13,9.760183118330274e-13,0.8379716664552689
3485,3.9315222954763915e-13,3.683879259439219e-13,1.2272173282361622e-13,0.8164427882060409
3486,5.614179635206611e-13,2.0503358031082937e-13,2.1815318923062722e-13,0.7763879351783544
3487,6.584400061598921e-12,3.104748769085701e-12,3.99640088840167e-12,0.8529551666229963
3488,4.372492773007909e-13,3.9718960712307073e-13,2.191547719651921e-13,0.8341473113745451
3489,8.778427607583889e-13,2.8168235306569268e-12,1.7477820589306097e-12,0.8179843159392476
3490,4.626171825277337e-13,5.108589351943365e-13,1.4120677360685911e-13,0.7791708929464221
3491,1.5582975542194181e-12,3.516241263404523e-13,7.964515060086162e-13,0.8342873761430383
3492,1.7113747610925206e-12,7.375150784116137e-13,1.0181114007727709e-12,0.8390667043626309
3493,9.797135343993554e-13,5.400374877154246e-13,4.925062463252519e-13,0.8068491876125335
3494,2.0771188154824648e-12,2.023267843695193e-12,3.414599289382818e-13,0.8560335770249367
3495,1.009744326299056e-12,7.915574928497622e-13,5.63937587855679e-13,0.8455300867557526
3496,2.331450311834203e-13,1.144115532870552e-13,9.152106905453856e-14,0.8477042179554701
3497,1.8400160033985495e-13,8.334433699025293e-14,6.077269851820704e-14,0.8348885992541909
3498,1.593958399480706e-12,4.793229949473868e-13,6.793151569729019e-13,0.8572292052209377
3499,1.140124967009807e-12,7.163059813942017e-13,3.9732699976343333e-13,0.7993967744521797
3500,4.170666236938288e-13,2.6681259619068625e-13,2.7219960898776095e-13,0.8361255414783955
3501,6.206630385431495e-13,1.9653959763111905e-13,3.1738583932261084e-13,0.8455327372997999
3502,1.775804448728806e-13,7.756348449873248e-14,5.0573711282924434e-14,0.8285223424434662
3503,2.4998035131118632e-11,1.0191798296128212e-10,5.221261257405101e-11,0.7619479532819241
3504,2.64498638884022e-13,4.64234540653984e-13,2.016957110617397e-13,0.7957988617010414
3505,5.870457592688555e-13,4.628834329774594e-13,2.210680331506069e-13,0.8227172520011663
3506,7.957704166206112e-13,9.056755740043632e-13,3.9207851313727484e-13,0.8612277392297983
3507,4.253341574048958e-12,3.274151724547423e-12,2.8076488205259337e-12,0.8556252438575029
3508,4.837480594330306e-13,5.28472096510155e-13,1.684544194287386e-13,0.8165735734626651
3509,2.1976744389121496e-12,9.559779283644924e-12,1.7853210535070145e-12,0.7596934966277331
3510,6.531571497413114e-13,3.5856203426195883e-13,4.212406078783979e-13,0.8272142376750707
3511,2.2635501984029777e-13,1.064361090620203e-13,9.91347806876342e-14,0.8088961260393261
3512,9.981590292977561e-13,8.036423194418196e-13,4.648959934160762e-13,0.7903208004310727
3513,1.786842161409107e-13,9.220706029493948e-14,1.1347867451143285e-13,0.8078081994317472
3514,1.2420367240041465e-13,1.7049771253137642e-13,5.2621221491770646e-14,0.805713071115315
3515,1.7769132718711838e-13,2.5795647960916233e-13,8.529392053562932e-14,0.7744856491219252
3516,2.841520935932956e-13,2.424785514424029e-13,1.0048686024108625e-13,0.8414063720032573
3517,1.3825835330833759e-11,1.4129616478938969e-11,5.301385832700905e-12,0.8661261476576328
3518,3.4581540130615935e-12,2.4411297065347906e-12,1.7714969525393638e-12,0.8587583132088185
3519,4.759961695789705e-13,2.965678608084164e-13,1.9535341570730957e-13,0.8267292318865657
3520,1.6730854196324818e-12,4.396466231606353e-12,6.740339531794375e-13,0.7582339202053845
3521,9.688886022120269e-13,9.18204198582629e-13,5.147390505821345e-13,0.7965002364479006
3522,1.927281125091183e-13,8.168493304465122e-14,7.348519348190426e-14,0.8163437893614173
3523,1.4319549145980285e-12,1.5450735102284897e-12,1.4371804956505616e-12,0.8234458429738879
3524,2.2053874920026962e-13,2.2896593363905897e-13,1.0282114211381284e-13,0.8051213384605944
3525,2.806896847497378e-13,2.113190949194706e-13,2.000115314857053e-13,0.8306276449933648
3526,1.261242209043963e-13,3.2076147551218325e-14,2.755991379660636e-14,0.8227058297023178
3527,3.640594692033348e-13,3.6455506873404683e-13,2.879629530227845e-13,0.8352500746026635
3528,6.094160502146265e-13,2.34313632748986e-13,2.46224693033378e-13,0.828310945443809
3529,2.116284487980381e-12,9.4373641187887e-13,8.049999260098439e-13,0.8324074963107705
3530,9.382004842339978e-12,8.221750212664802e-12,4.333206941809518e-12,0.7801067406311631
3531,3.4887049766555343e-13,1.7323739739033737e-13,1.1308932512304775e-13,0.7870473246090114
3532,4.917254794342301e-13,8.37035430886284e-13,3.6352320237809835e-13,0.7652661739848554
3533,5.142043537316759e-13,1.3513846897378145e-12,3.269462427718504e-13,0.7721911748871207
3534,1.1516866820525478e-12,2.1368158846422757e-13,2.761365955297858e-13,0.8533395286649466
3535,7.44618169736949e-12,7.120302847850214e-12,5.0082776107829625e-12,0.8468046121299266
3536,1.957758050380127e-12,1.172694739097155e-12,9.949196437370436e-13,0.8576365955173969
3537,1.6026143612826008e-13,9.012710589846506e-14,3.0835397988257086e-14,0.8397764962166547
3538,4.709929204775013e-13,2.031459751422024e-13,2.5721761270759106e-13,0.8063481858000159
3539,1.2563048969230505e-12,4.2777998941121284e-13,4.574906923976662e-13,0.8469866711646319
3540,1.4333767740484622e-12,8.279599817086682e-12,8.821593754155679e-13,0.7480383845977485
3541,3.531774053738167e-13,6.29759869093867e-14,1.1584858119038826e-13,0.8085275385528803
3542,6.572262384632889e-13,6.565930363856742e-13,4.2422413130778324e-13,0.8272917054593563
3543,4.182666195278937e-13,2.34687195741013e-13,2.634795737846598e-13,0.8547676522284746
3544,5.068317363931765e-13,2.971430759106901e-13,3.026436085954358e-13,0.7951082275249064
3545,5.228675714112527e-12,5.734842036128926e-12,3.1563651282030964e-12,0.7850832572206855
3546,3.6768211358574717e-13,1.387949204413887e-13,2.1220769323578355e-13,0.8121893785893917
3547,9.176005883681285e-12,5.277032571302851e-12,3.710320014968885e-12,0.7948641217313707
3548,3.547533887786824e-13,2.876773856152462e-13,1.6640747170475549e-13,0.8423303065821528
3549,6.859979353597111e-13,4.882625751658646e-13,2.502603383412799e-13,0.8231905961409212
3550,2.5803000940777417e-13,3.223179169854754e-13,8.315546871471586e-14,0.7975153983570635
3551,9.222572433383937e-14,1.0743721482463657e-13,3.5082771686445644e-14,0.8237055147066712
3552,6.156884174985783e-13,7.543732854456255e-13,2.769419528496173e-13,0.8011316008865833
3553,1.436164080175784e-12,1.548649447214712e-12,4.583592480635128e-13,0.8130236931145192
3554,1.5934305548111901e-12,1.2079872165000009e-12,1.0290291229068465e-12,0.869487178325653
3555,8.942838558954283e-13,5.318437498340797e-13,5.462856075343841e-13,0.8283221095800399
3556,1.691946849988971e-13,1.1000218013076229e-13,3.9605926002393186e-14,0.8246268535032868
3557,1.3635035630521929e-11,1.0632641836678606e-11,6.07680169175211e-12,0.7983818260952831
3558,2.9862103619347936e-12,1.6440570486920585e-12,1.998585868199835e-12,0.849892508611083
3559,1.6905799473594965e-12,3.313208229614696e-12,1.496934269465523e-12,0.7838979593478144
3560,4.764907177385845e-13,5.587539150768374e-13,1.6085051439275616e-13,0.8358499731868505
3561,1.394440832466955e-10,9.801231145059555e-11,7.956987860399215e-11,0.855749574303627
3562,3.3101712331008177e-13,9.976204791289316e-14,1.404665555177781e-13,0.8401200810447336
3563,9.652169220111717e-13,1.2352094774072313e-12,9.965275367521809e-13,0.8234621779993176
3564,1.2168599049090149e-12,5.851800341891258e-13,5.905403610297217e-13,0.8110262013971805
3565,5.004726454230892e-13,7.756084131368991e-14,1.9777965311216521e-13,0.8407699709758163
3566,1.5771397019675978e-12,7.770666883612355e-13,9.055516705476162e-13,0.8637547060847283
3567,1.1020689639335517e-13,4.3780950740715585e-14,6.098154598579208e-14,0.8327970813959837
3568,2.689847308242517e-13,1.3212475885122316e-13,6.405425055835902e-14,0.8243162436410785
3569,2.1491424632326686e-13,1.3760879636094892e-13,1.1584705224520408e-13,0.7914655216969549
3570,5.064061425321349e-13,2.860468477893914e-13,2.1026232309802254e-13,0.8105027152225375
3571,1.1919361319311948e-13,9.269056974901925e-14,5.4242425484034206e-14,0.8310594597831369
3572,1.6746892875158758e-11,1.9645118433052552e-11,1.6496744912942458e-11,0.8616774260997773
3573,2.6336359261502005e-13,1.7512712829679027e-13,1.6802991221335086e-13,0.8176719475537538
3574,2.384652570254526e-13,3.18255222438694e-13,2.716939655183847e-13,0.8329420177266001
3575,1.364993145574222e-12,2.106158804847556e-13,2.415280487588747e-13,0.8645849905908107
3576,2.336526388219385e-13,2.0939187013867562e-13,1.6993205833011454e-13,0.8245473453775048
3577,1.4172854634995998e-12,1.0671672015394849e-12,9.01325445477319e-13,0.813564676605165
3578,8.82281125039788e-14,1.647209852810095e-13,4.8270537126009685e-14,0.8003871816210448
3579,5.661453418924083e-12,2.4265974105192598e-12,2.969007270264724e-12,0.7967287674546242
3580,1.0338301252987785e-12,7.40750301638946e-13,5.048876989627203e-13,0.8510399367660284
3581,2.0456044539343903e-12,2.1421218549802768e-12,1.6328860135978493e-12,0.8314456773921848
3582,4.886315707301191e-13,1.7898273865739307e-13,1.309296899598686e-13,0.7941858807578683
3583,2.1705703189641506e-12,7.25805059031868e-12,1.3923889011974026e-12,0.7495067801792175
3584,3.516087667019019e-13,2.1703551241893038e-13,2.115500899648062e-13,0.7805131723172962
3585,9.445896019064448e-13,7.90390168271121e-13,5.137950315203247e-13,0.8509948424994945
3586,2.1145767702146477e-12,1.650959103892239e-12,1.5176633744447469e-12,0.8499467387795449
3587,2.1030626900645936e-12,2.557665055773735e-12,1.2128400810861497e-12,0.78266845298931
3588,3.348950279845585e-13,2.799257763419702e-13,2.3374220217862125e-13,0.8185193542391062
3589,2.793990716814716e-12,1.5910949351147702e-12,1.839863321906773e-12,0.8474777240306139
3590,1.0418618572250541e-12,7.236124765444647e-13,6.403696802341991e-13,0.8280802363529801
3591,5.979922672657175e-12,1.526299904153336e-11,3.747093443818725e-12,0.7576638906262815
3592,7.472964750699799e-13,9.547546762256006e-13,8.165219242400455e-13,0.8319663893431425
3593,1.5326098118392505e-12,9.12302150313288e-13,6.34314897297149e-13,0.8482331052422524
3594,3.0673422714385378e-12,4.984427519116208e-12,4.0989656282425526e-12,0.8490939401090145
3595,3.534483694311276e-13,2.698011686234959e-13,1.5152675288663206e-13,0.8307163849472999
3596,2.081028367527096e-11,1.819287803316676e-11,1.7562651161340445e-11,0.8593768641352654
3597,7.559187665484999e-13,5.258413340737557e-13,3.74901522317561e-13,0.8433002445846796
3598,7.349868425061496e-13,3.6393392727814405e-13,3.1877584404269214e-13,0.7936842921189964
3599,1.4587120460906757e-12,6.681596292578661e-13,8.487326016118088e-13,0.8320672463625669
3600,1.811745145754742e-12,1.67048594399708e-12,1.5312446750449573e-12,0.8540240462869406
3601,5.101080625518881e-13,9.4559058770239e-13,4.572981973409384e-13,0.8010826658457517
3602,4.279087082840963e-13,3.302443678362529e-13,3.505231346995853e-13,0.7839651797898114
3603,1.9154407092322477e-13,7.482358571413233e-14,7.977627286167022e-14,0.8393561353906989
3604,3.980057128450992e-13,6.013170828368077e-13,3.854263241417671e-13,0.8113793455995619
3605,3.068686480325793e-13,1.714680225069193e-13,1.8760601202192802e-13,0.8229344390332699
3606,1.3083824289291032e-12,1.6354867991111396e-13,5.10046431059966e-13,0.8391144691035152
3607,6.377828380173758e-13,5.882303861871553e-13,1.8497829796925869e-13,0.8040392525494099
3608,1.3839384335016201e-12,1.3841555899790404e-12,1.2870792756752633e-12,0.8488244723528624
3609,1.3866135108204004e-12,7.286907223880426e-13,5.633966746657176e-13,0.8538499180227518
3610,3.596906241481106e-13,1.2526161713511966e-12,1.8540276270568025e-13,0.8041203532367944
3611,4.291409786407548e-13,4.507077955051826e-13,2.56054651311634e-13,0.8078504270873964
3612,2.623662143647453e-12,6.91806618238127e-12,1.9155056294628697e-12,0.7999593141488731
3613,1.578486551728942e-13,1.594670881706189e-13,9.15014279075909e-14,0.7992771186865866
3614,9.429871068120544e-13,3.649174280476507e-13,5.962851397717564e-13,0.7990947350859642
3615,4.960912326827179e-13,2.1678934637025322e-13,1.7034005526572478e-13,0.8267859600484371
3616,1.6482602015929392e-12,9.289072187389802e-13,7.718524692961644e-13,0.8467271640896797
3617,3.9386405573139034e-13,2.518514778304897e-13,1.271744928574883e-13,0.8297720648348331
3618,6.293493339993047e-13,2.73856186968528e-13,3.869604377024899e-13,0.8338152159005403
3619,3.085573447646242e-13,1.3379729081342597e-13,1.9424361366865997e-13,0.8289544019848109
3620,1.9767705005310105e-13,3.165004679976949e-13,1.57662166137664e-13,0.800970250274986
3621,3.2870545936200897e-12,2.2951581623973777e-12,2.2274580532295724e-12,0.8285706723108888
3622,2.8714679604620184e-13,1.1041486058415815e-13,7.768452869382438e-14,0.8266454953700304
3623,3.923918249956283e-13,1.1539398224449973e-12,3.292517337153007e-13,0.7995142521336674
3624,1.823939367355476e-13,1.2268080857718809e-13,7.587007789434986e-14,0.8165335543453693
3625,6.191582628352633e-13,4.828410736860838e-13,5.408376221743587e-13,0.8417926955968141
3626,2.290561331955591e-12,1.5421172659813594e-12,1.6410331067633313e-12,0.8256883464753628
3627,5.326556275801071e-12,4.638617163957515e-12,4.827762385683217e-12,0.8467471148818732
3628,2.988321771485519e-13,3.383224351799017e-13,2.671052181667612e-13,0.8324594711884856
3629,1.0185298359242311e-11,6.758134501268996e-12,5.247158938969389e-12,0.8328655000776053
3630,5.270017028746939e-13,5.770273831329597e-13,3.480041175478456e-13,0.8166892047971487
3631,5.657951640373895e-13,2.888360337831607e-13,2.3623009003748497e-13,0.8108513452112674
3632,4.71313909431489e-13,8.450572967871986e-13,3.6887441258254165e-13,0.7648846306838095
3633,1.503498496440463e-13,6.193173753981886e-14,8.711402410449369e-14,0.8401266898959875
3634,8.135337536271993e-13,1.306471948068973e-13,3.231102764472828e-13,0.81718058437109
3635,2.3245712130863337e-12,7.365595884558648e-13,9.654463875007077e-13,0.8588958509266377
3636,8.776091513957265e-13,5.434885116883767e-13,4.2785921178028123e-13,0.8452526211738587
3637,1.4481795996894245e-13,1.2618005973651388e-13,4.1501578623031545e-14,0.8148181218653917
3638,2.771172514746165e-13,1.4350257684359405e-13,1.0394867570707407e-13,0.8181500669568778
3639,5.94623292159394e-12,6.371375068369859e-12,1.8218620334252575e-12,0.820739483833313
3640,2.7196427736875546e-13,8.637692379958469e-14,9.747544187273538e-14,0.8325516745448113
3641,6.676051831615637e-13,1.0894001119093666e-12,3.72597865802984e-13,0.7985806570388376
3642,2.04286851597642e-13,6.363608074477545e-14,7.731805180763536e-14,0.8291288286447525
3643,2.829797203527308e-13,6.090970626827331e-14,7.24745002384162e-14,0.8334113406017423
3644,7.293427076073898e-13,5.197046962106776e-13,4.2800769586652183e-13,0.8372356925159693
3645,4.607485551511571e-13,2.1948722795876e-13,2.1420334155088162e-13,0.8243838315829635
3646,1.007090542950204e-12,9.78070922149458e-13,6.678340722415482e-13,0.7813111180905252
3647,2.6688320435787734e-12,2.035349169876097e-12,1.3469343313119918e-12,0.8333206916227937
3648,9.126813528469968e-13,2.7492658510060266e-13,3.785540172412567e-13,0.8394114941358566
3649,1.742574774723611e-13,1.0262394173629222e-13,8.226614239160435e-14,0.8367645677179099
3650,5.344570835352079e-13,1.4504448899537644e-13,1.1807153929236574e-13,0.84935447499156
3651,3.112077082183136e-11,4.7559680374748106e-11,3.8710211195959895e-11,0.8057200725190341
3652,9.406436560285767e-12,2.0396266845612376e-11,1.3064528079626528e-11,0.8239022266119719
3653,4.037688018217244e-13,2.3837972959098375e-13,2.696004658515023e-13,0.8274005025625228
3654,1.1432967856195889e-13,5.307757254584143e-14,4.550895610516115e-14,0.8021302345208824
3655,2.1401378140068695e-13,1.4809517227490622e-13,8.613308208723698e-14,0.8201157994568348
3656,6.216889455392709e-13,4.1849784700080724e-13,3.05781796910346e-13,0.8263573959469795
3657,2.507170792085816e-13,8.950488789747922e-14,7.10052374848884e-14,0.8220772564411163
3658,4.855543673406534e-12,1.1765858466968856e-12,2.061643517074889e-12,0.8171630378812551
3659,9.482268077159937e-13,4.983240359829398e-13,6.51503326041558e-13,0.836346441693604
3660,1.4386142322079205e-12,4.810493051437736e-13,4.842960212346269e-13,0.8183246999979019
3661,2.225919954633241e-13,2.604769400379277e-13,1.592911330156309e-13,0.8276046682149172
3662,2.1570148214202498e-13,3.308968792648129e-13,1.602286994679603e-13,0.7927863985300064
3663,7.585993489783262e-13,1.2181365765617793e-12,5.20020695247417e-13,0.7677840750198811
3664,3.361205433604158e-13,2.7885480005395744e-13,8.724514602252656e-14,0.83770891148597
3665,3.1294230437994814e-13,3.941326991386531e-13,1.8203106474630967e-13,0.8455008544027806
3666,2.0003310172102863e-12,2.016758654216466e-12,1.6836543813201158e-12,0.8501229122281074
3667,9.084111185752612e-13,2.5860963458683e-13,2.4641354445926833e-13,0.8397741295397282
3668,3.612387492350756e-13,1.397605237359798e-13,1.6703642023581418e-13,0.8403995657339692
3669,7.115881212217832e-13,2.3165783186116733e-13,2.5050695980505043e-13,0.8483461786061526
3670,5.464634939777322e-12,7.03814044743482e-12,2.7282207657020617e-12,0.8512665536254644
3671,2.0350287625621635e-12,1.6533459701051241e-12,8.548660357831002e-13,0.8077797330915928
3672,1.479094937349839e-12,8.352147425132826e-13,6.33168718161977e-13,0.8332663187757134
3673,3.8069431360379653e-13,2.041398881030793e-13,2.434200028778591e-13,0.799374043289572
3674,3.070975338318773e-12,4.609119122977686e-12,9.292336699687203e-13,0.8266731621697545
3675,1.3482050528012648e-13,1.0575267340173252e-13,6.791643527911996e-14,0.8309458615258336
3676,2.372486931927448e-12,1.9046494982298663e-12,1.746699621453498e-12,0.8050341949798167
3677,4.984091922985266e-13,4.4925688732406986e-12,2.9788348819245673e-13,0.7566029425244778
3678,2.2798314301156823e-13,2.1043357240543362e-13,1.234753562544395e-13,0.8254596715793013
3679,5.003034096503968e-12,2.5221069582638266e-12,2.8720464055451296e-12,0.8299606621265412
3680,3.825412873524071e-13,3.422135647771485e-13,2.1139119035569437e-13,0.829498147405684
3681,4.552268413784945e-12,4.461727772137257e-12,4.407821741616533e-12,0.860618693381548
3682,3.1979454841554654e-13,6.034345115763028e-13,2.836189094585591e-13,0.8362408036366105
3683,6.742230702129309e-13,7.903201305719489e-13,2.947039527302613e-13,0.7662441920489073
3684,1.9604858276407764e-12,1.7467728011255925e-12,1.847027544125352e-12,0.7671471481211484
3685,1.782151449722046e-13,5.799636431642481e-14,7.96742524592467e-14,0.8166677685454488
3686,1.882648406517961e-13,4.04088576444818e-14,4.1439802041713175e-14,0.8058890354819596
3687,2.3665391131884055e-13,9.882287764345336e-14,1.4410998593023558e-13,0.823104945756495
3688,1.7045035538181977e-12,2.151401473032472e-12,8.801643808262518e-13,0.7695990315172822
3689,6.253940193072984e-12,2.120663899534002e-12,2.5114736526350134e-12,0.8627557113766671
3690,7.760155227027862e-12,8.242035922084683e-12,3.79248552686819e-12,0.8479598317295313
3691,4.728842808055339e-13,2.4167749879752936e-13,1.6194565437474497e-13,0.8238766035065055
3692,6.64756503026817e-13,4.4310832695313227e-13,3.714310961073983e-13,0.8265437826514244
3693,1.2959716352698446e-12,1.8490817909488333e-12,9.325164831850325e-13,0.7821355061605573
3694,7.055168545328234e-13,4.816578277877671e-13,5.102425162769349e-13,0.8473305016756058
3695,4.7035163120559284e-12,2.8478033147784475e-12,1.826762075752657e-12,0.8124354323372245
3696,3.225435678425725e-13,4.6064108847854404e-14,1.287883311051877e-13,0.8338791023939848
3697,1.5929251462379696e-12,8.670262933131867e-13,8.247676283839023e-13,0.8139867952093482
3698,8.364092851843494e-13,3.124649442345085e-13,2.743984987511788e-13,0.7982729598879814
3699,8.772606130466685e-13,4.1477961035660803e-13,3.185252317736044e-13,0.8380887128412724
3700,4.468313391485932e-13,1.0713918410050505e-13,1.293260866751159e-13,0.8323140792548657
3701,6.861214525454106e-13,3.491533075206737e-13,3.960006055855734e-13,0.7979872634634375
3702,4.979866477929395e-13,2.8804687243235144e-13,2.8431904815619245e-13,0.8174498599022627
3703,5.068201017525054e-13,4.399021287876748e-13,2.844607036254676e-13,0.8222733251750469
3704,6.62483510973588e-13,5.705986787778156e-13,3.78892651658943e-13,0.8075221496634185
3705,9.597245584698399e-12,2.3401978134426675e-11,6.8018550133300105e-12,0.8247370729222894
3706,1.890972440786808e-13,5.73816602990595e-14,6.165365920899586e-14,0.8389120353385806
3707,7.901550073413875e-11,1.3011787775520496e-10,7.83993722722963e-11,0.7838141728192568
3708,4.210542958138338e-12,2.1120511740057244e-12,2.3847360072508297e-12,0.8546595044434071
3709,4.309829116767125e-13,1.8476663636205265e-13,2.278794277767755e-13,0.8132652020081877
3710,5.575971413703737e-13,2.2156371014554867e-13,2.956511192855544e-13,0.8311990698799491
3711,3.158736640488713e-13,1.850579804480167e-13,1.0560093205991177e-13,0.8289550192654133
3712,2.499148825970908e-13,2.851334897582586e-13,2.710005918497631e-13,0.8400116465985775
3713,7.259987582433591e-13,2.548069822614252e-13,2.7897459443274384e-13,0.8364132268354296
3714,2.2614124500385338e-13,6.656259049472225e-14,1.0158665866153201e-13,0.8424327613785862
3715,6.217955735791431e-13,5.045577555866251e-13,4.751049554324265e-13,0.8387379888445139
3716,1.019164200189956e-13,4.7212693271259197e-14,2.7639187479702354e-14,0.8292150139808655
3717,3.67753465057948e-13,2.906233541436934e-13,2.240526833387961e-13,0.849334642663598
3718,1.663736387837858e-13,6.864168755339057e-14,3.4737106465752335e-14,0.8237804794684053
3719,1.7963643046649217e-12,1.388132562677362e-12,1.143201857222831e-12,0.842612524330616
3720,2.6147323929623375e-13,3.316418918855373e-14,9.439024931198333e-14,0.820190904289484
3721,1.857964567469104e-12,2.6096763047383257e-12,1.8264078054702605e-12,0.7824543428607285
3722,9.585978472239616e-13,1.087167966195027e-12,9.438869060811257e-13,0.8439392697066068
3723,1.220304582660285e-13,7.857181073308421e-14,6.750504655249008e-14,0.8148538881912828
3724,6.729924102139037e-13,2.168935264240101e-13,3.6312888995578797e-13,0.8478713687509298
3725,3.674245005768778e-13,2.802425231533621e-13,2.702728561538629e-13,0.8579078886657954
3726,3.646208855154509e-13,2.4516329913474573e-13,1.9151774188903718e-13,0.7831115476321429
3727,5.182634785209169e-13,4.0127089334778396e-13,3.515945599644189e-13,0.8112493863329291
3728,2.4987657741984053e-13,2.0748316164691355e-13,8.067361501034927e-14,0.7889019533991813
3729,3.359914982497909e-13,2.213347705451783e-13,2.2846086018713946e-13,0.8140131762251258
3730,6.112658870962092e-11,6.180986705573049e-11,5.624569744026604e-11,0.8553434908390045
3731,8.585641440589115e-13,3.4226326578582e-13,3.231486482684751e-13,0.8491577383130788
3732,3.176375514434194e-12,3.115780943966324e-12,2.862870288655998e-12,0.8357484813779592
3733,4.33798624118109e-13,1.6261113148271773e-13,2.0289235582342472e-13,0.8355457669124007
3734,5.745392774580178e-13,3.45152548442268e-13,3.8932015452891673e-13,0.8418972350656986
3735,9.609096384261085e-14,1.0843919469462321e-13,3.3582856203927086e-14,0.8197521805763245
3736,3.860361898985053e-13,2.8005500281906234e-13,2.3647119546061504e-13,0.8370982306078076
3737,6.330457898114789e-13,6.530311120830746e-13,4.4985967892100274e-13,0.8485253091901541
3738,4.389095861988948e-12,4.970652859347557e-12,1.7911107070252298e-12,0.8133784847334027
3739,9.522255282456757e-13,1.253105550460986e-12,1.0403018138955585e-12,0.8341897146776318
3740,3.4221518208640765e-12,1.2860176014236582e-12,1.8370248544966376e-12,0.8472762152552604
3741,2.104521273530212e-12,7.714064134661029e-13,1.0507656038532848e-12,0.8636047415435314
3742,2.698967908636502e-13,3.14135538646611e-13,2.422991232442988e-13,0.855558454245329
3743,2.8959420887893997e-13,2.140526161909516e-13,1.7166522017740885e-13,0.838213382102549
3744,6.027145274155717e-13,1.5300004067091297e-13,2.05945308567716e-13,0.8256158877164126
3745,1.7417217318815265e-13,9.80981328617464e-14,3.8781382037358424e-14,0.8278814001008868
3746,2.302581078156679e-13,8.638524945508141e-14,1.0069355765519768e-13,0.8047971135005355
3747,4.032606468883852e-13,2.0535991873117626e-13,1.070559770972221e-13,0.8229614155367017
3748,9.790985080008984e-12,2.0259923693245315e-11,6.88305165026365e-12,0.7671911959070712
3749,1.3089642668717634e-12,4.06913084261384e-13,6.883533143865932e-13,0.8188616923987866
3750,1.3020158391408494e-12,8.337388680244643e-13,9.053342164174703e-13,0.8179517081007361
3751,1.724013287660848e-13,2.1019555988888781e-13,1.2185068466031094e-13,0.7933264133520425
3752,3.0337591380587113e-13,4.894663131253878e-13,2.414007991654305e-13,0.7925890767015517
3753,4.9881394200457785e-12,3.406161834667588e-12,2.3194458040370774e-12,0.8692698895931243
3754,1.716731408641745e-13,7.183581725639085e-14,8.999265903221383e-14,0.8310842283070088
3755,4.860329857458187e-13,2.990005001706384e-13,1.2096503049314064e-13,0.8097943012602627
3756,1.780533949482527e-13,1.0491530270514943e-13,8.290851958570147e-14,0.8381645949557424
3757,5.157444001604703e-13,3.522449556269672e-13,3.117118083586072e-13,0.8412716027349234
3758,2.1439511836289799e-13,1.6498454989226588e-13,9.062856565944196e-14,0.792443647235632
3759,1.2016732037216676e-12,6.978756635660741e-13,6.121307686487629e-13,0.7751338654663413
3760,2.5752341157236753e-13,1.7077191975104544e-13,1.1061434644675085e-13,0.8316912973299623
3761,1.0017616078747232e-12,4.0973308799428573e-13,4.086493375264613e-13,0.7949147042818367
3762,3.734625171665774e-12,3.8531167584046455e-12,3.017558282205047e-12,0.8258683525025845
3763,6.942879456307699e-13,5.543980790541177e-13,2.6080140126704997e-13,0.7863522406667471
3764,3.31242288573576e-13,3.280395613682092e-13,1.364085263658574e-13,0.8267675710842013
3765,4.4827437481921295e-11,2.0238026508897828e-11,2.5977997236727253e-11,0.869200088083744
3766,1.5423590522884474e-13,3.6544191101122575e-14,4.3862874535364337e-14,0.8191481795161962
3767,1.0088312748622805e-12,1.138389797291574e-12,8.593698882316588e-13,0.8396132491528988
3768,3.5750497008118865e-13,2.868131973360753e-13,1.5759676761830356e-13,0.8321390261873602
3769,2.776097403754686e-12,1.0942582753814866e-12,8.899278810554902e-13,0.8281486172229051
3770,1.721079378236051e-12,1.4922585312295001e-12,1.0471104238783045e-12,0.7900816509500146
3771,2.783252717771053e-13,1.7529560524318007e-13,1.3495485214881514e-13,0.8471529122442008
3772,4.698028778367738e-13,6.594371370669406e-13,4.132954195333466e-13,0.8262231577187776
3773,3.5973251136199444e-12,6.700532993879339e-12,3.319710889365067e-12,0.8525181956589222
3774,5.631082937731504e-13,6.130941598674705e-13,5.148260752277633e-13,0.8156856438145041
3775,6.286924313893578e-12,4.5962941947519554e-12,3.696191555864625e-12,0.8680827006697655
3776,6.310096957332443e-13,1.0572653627680181e-13,2.1517522676964722e-13,0.8019380772486329
3777,9.45159354789098e-13,3.82375369837746e-13,2.7091616964048697e-13,0.8617855574935674
3778,1.1570946694107174e-11,1.2754169916459504e-11,5.909445460482981e-12,0.7639178555924445
3779,8.766732108774374e-13,9.840018726264857e-13,6.898584900151929e-13,0.8295462282374502
3780,9.443050212926481e-14,3.3602587617592675e-14,3.0474684273222755e-14,0.8090385412797332
3781,1.333353249352035e-12,4.2351062412243204e-13,3.7048933435236985e-13,0.8623847264796496
3782,3.988645960652396e-13,4.318193520099539e-13,1.795168559356548e-13,0.8008594452403486
3783,2.655164037021326e-13,1.1036351198131873e-13,1.0966679416026899e-13,0.8185179825872183
3784,3.6086233586006185e-13,1.986087695358116e-13,1.294772186859863e-13,0.8332815749570728
3785,5.111675649535853e-12,4.467807540998937e-12,3.676053575691599e-12,0.7953523154370487
3786,2.9959858913374063e-13,2.369468536744885e-13,2.1013288686787105e-13,0.8036314701661468
3787,6.470048621642457e-12,1.0129547603734467e-11,6.867522003335977e-12,0.7959863549098373
3788,4.279497323951649e-13,3.6808318849084333e-13,3.105405178658574e-13,0.8377862345427275
3789,6.380088746967602e-13,2.412767587272303e-13,2.7133330527050734e-13,0.8375911297276616
3790,1.611373184437942e-13,1.2617507169935938e-13,4.099102947959504e-14,0.8168962884694337
3791,1.7735069363024937e-12,1.7828062645719182e-12,1.4794634515150045e-12,0.7821847558021545
3792,5.286305131187714e-13,6.451961441084736e-13,5.048901120119975e-13,0.8121401243843138
3793,3.518736351786185e-12,2.166442973037248e-12,8.340829387985387e-13,0.8481040794402361
3794,6.65292904140869e-13,5.021120158810979e-13,4.955841390131079e-13,0.829055150039494
3795,2.036922884589263e-13,1.8770828997591814e-13,7.478295338516597e-14,0.8087495005689561
3796,1.0559202616206242e-12,1.892682319666751e-12,1.4374620815456472e-12,0.8092987592332065
3797,3.755910397636641e-13,4.712354101856488e-13,1.2599311114467045e-13,0.7842933340929449
3798,1.3455295076660705e-12,1.5337939728625477e-12,7.289344991630369e-13,0.7863816326484084
3799,9.717016269997165e-13,1.0744062064287781e-12,5.35809428167377e-13,0.8062743568792939
3800,2.5570243999628816e-13,3.246328434985017e-13,2.3161422197888404e-13,0.8065933812409639
3801,1.4580486370177277e-12,1.4353867865080309e-12,1.1502396083674664e-12,0.8550841808319092
3802,1.2706945346542796e-13,1.0869446994321205e-13,7.15042847216506e-14,0.797282169573009
3803,7.355092856130232e-13,8.912711516200705e-13,7.908705534702018e-13,0.84370580278337
3804,1.9829578705256333e-12,6.525548684697165e-13,1.016698518437366e-12,0.8144605718553066
3805,1.7332044789580858e-12,6.24104595135598e-13,4.880829931605907e-13,0.8629283551126719
3806,1.0787563554433893e-13,8.351376451501678e-14,4.9740894592140466e-14,0.827948521822691
3807,5.977686160396065e-13,1.951316490583917e-13,2.7448610632897015e-13,0.8405221439898014
3808,1.7052720959517069e-12,3.1715523383001065e-12,1.7412725790787032e-12,0.7900975830852985
3809,2.1300761193783096e-12,9.359920378780053e-13,1.2133410934102709e-12,0.8498104456812143
3810,3.6169610477462137e-12,1.9848164778942783e-12,2.4715126851889848e-12,0.8464104119688273
3811,3.724120858666431e-13,4.4936030983842844e-13,1.838066578846637e-13,0.7915008657611906
3812,1.404656064332657e-12,5.401173931865793e-13,7.026296987132475e-13,0.8562713913619519
3813,6.31563824094566e-13,3.854691838005878e-13,4.3156790490528534e-13,0.8396138407289981
3814,2.340081622625956e-13,7.820755098107887e-14,1.2689711242065106e-13,0.8324117802083493
3815,5.147960189407903e-12,1.364803802629308e-12,1.610607630395181e-12,0.8354478230699897
3816,7.880976679137512e-13,7.661638739018e-13,6.723579476738162e-13,0.8156126921996474
3817,1.0604863108845249e-12,6.351946727372106e-13,6.116435565002414e-13,0.8549401324242354
3818,2.282860079679938e-12,1.1493216871958624e-12,1.2111738828530514e-12,0.8356206396594643
3819,2.294546511777979e-12,1.261884095674176e-12,5.723598974701489e-13,0.8562345407903195
3820,4.486318339860877e-13,3.132090330758896e-13,9.754209525609241e-14,0.822658221796155
3821,1.1453970054772342e-12,6.070176054453803e-13,2.739930008061951e-13,0.8272091982886195
3822,1.926938850890628e-12,8.020406203004591e-13,9.92022096679439e-13,0.8358230222016573
3823,4.09366006358379e-12,4.5105536819462335e-12,2.9255411892649602e-12,0.8328728303313255
3824,4.914788008214724e-11,2.8258412201455918e-11,2.9542158727828144e-11,0.8719107799232007
3825,7.583575366031459e-14,1.9103811775825383e-14,3.1326345315250015e-14,0.8298489512875676
3826,4.4203737738055684e-13,1.8139730753048046e-13,2.288030138879817e-13,0.7914808926172554
3827,2.4900178713678826e-12,2.867857895890182e-13,6.461667328689981e-13,0.865738408267498
3828,2.9132187896951974e-13,2.977288812984544e-13,1.3048250894096292e-13,0.7856743195094168
3829,4.974573594173624e-13,3.107308789355499e-13,2.6336753313483453e-13,0.7982961115427315
3830,2.073302385216761e-13,1.1434900122285205e-13,1.116347835573274e-13,0.8184765739366412
3831,4.683682615567173e-13,1.5426462905144538e-13,1.439844867919585e-13,0.8513541791588068
3832,5.598033498178881e-13,2.0179233006064825e-13,1.373875840102507e-13,0.8412560453638435
3833,2.6395722770056525e-13,1.869363033603535e-13,1.518285362148892e-13,0.8500491928309202
3834,2.3104313864212093e-13,2.3152770642844504e-13,2.040317214359528e-13,0.835710316337645
3835,3.675207523151473e-12,1.114212439020022e-12,1.1304259115513597e-12,0.8446329589933157
3836,4.927832372016645e-13,1.6982118713556914e-13,2.662670168679991e-13,0.8367128659039735
3837,5.061152734475227e-12,1.7992995651783589e-12,2.3447135998733905e-12,0.858915975689888
3838,2.5053430809876816e-13,6.883676002115456e-14,7.604322111653065e-14,0.8154925983399153
3839,2.793655402173363e-13,2.0996482122615537e-13,8.693259881957025e-14,0.8010687162168324
3840,5.004649069417485e-13,3.037757362775665e-13,1.81906627255306e-13,0.808740985672921
3841,2.920692874978729e-13,1.7000544948668765e-13,2.035985061161744e-13,0.8176000809296966
3842,4.174454581693117e-13,2.344922968192759e-13,2.671579423177818e-13,0.8441582836210728
3843,9.555133157640354e-13,3.226651383134329e-13,3.356692837657439e-13,0.8330889251083136
3844,9.065579450992515e-13,5.063760068930307e-13,4.377950036190174e-13,0.8349625762552023
3845,4.0637650924098193e-13,3.603597221978412e-13,3.424939102445748e-13,0.8374538205564022
3846,2.97861088193968e-13,8.047382578561112e-14,1.178796285142692e-13,0.8176359517499805
3847,8.424931740646159e-13,2.14985142104832e-12,6.220101027832524e-13,0.7601507611107081
3848,7.883633310684538e-13,4.617489282132869e-13,3.0046439241809697e-13,0.8470822080969811
3849,3.2681815891590897e-13,1.9800235750235277e-13,1.097628107848813e-13,0.8308635482564568
3850,8.092275907448212e-13,3.912759357099541e-13,3.410694827199966e-13,0.8450943175703287
3851,3.3580378309265897e-13,1.6796449221131786e-13,1.412922553427431e-13,0.8125188307836652
3852,2.397887786397993e-12,1.3700464474135678e-12,1.2694620881152432e-12,0.855705576017499
3853,1.2747862716332084e-12,4.711255034261043e-13,6.43589179037704e-13,0.8388530960306525
3854,2.529319146986326e-13,1.9247560668982811e-13,1.9557313199586885e-13,0.8378361767157912
3855,1.8576652707341324e-12,1.5447771729596485e-12,1.045142888768698e-12,0.8085741581395268
3856,7.670347361558736e-12,7.913027366936014e-12,1.2368732251781304e-12,0.8533324740827084
3857,6.995801230766859e-13,1.682560248378927e-13,2.3843742671358453e-13,0.841901982948184
3858,2.2717367446096944e-12,5.87955263829196e-13,9.077903357674133e-13,0.8186949567869306
3859,8.737276855805474e-13,2.442913333268921e-13,3.868077905531465e-13,0.8304022654891015
3860,2.2213135602459683e-13,7.04234314480556e-14,6.517195481529353e-14,0.816511333361268
3861,1.0764376433572262e-12,9.522491877943477e-13,8.81218642137206e-13,0.7971015232615173
3862,7.63981428069355e-13,3.970155466680103e-13,4.5021403371551886e-13,0.7638412544038147
3863,6.8949057998648e-13,3.280433699680221e-13,2.1101749095550287e-13,0.8341174831613898
3864,1.495513469840933e-12,2.429397327159941e-12,9.511296794953304e-13,0.7892839669249951
3865,1.993177504404507e-12,1.1494574759678706e-12,1.2222812472348701e-12,0.8409283880144358
3866,4.1397908340575293e-13,4.938927761786393e-13,4.5328907497826485e-13,0.8325078388676047
3867,4.028809677205784e-13,2.76333081637205e-13,3.346544861573447e-13,0.8070270012132823
3868,3.5975987145500334e-13,2.3419209700505904e-13,1.8971542021811738e-13,0.8568219546228647
3869,1.2352570275725768e-12,7.592771905632949e-13,7.260458044526608e-13,0.8515844617038966
3870,7.840304390368782e-12,9.024929227991144e-12,8.422304471438488e-12,0.820769095979631
3871,1.3497253330187252e-11,1.8594054232918604e-11,1.2650533274872827e-11,0.8348251476883888
3872,1.5707730521164642e-11,9.683455769051616e-12,7.525268573975632e-12,0.8502532698214054
3873,8.106289127568576e-13,1.220426806873975e-12,1.0088532808338057e-12,0.8458258006721735
3874,4.949494268781757e-13,4.3615984304374673e-13,2.419444379348712e-13,0.7971155706793069
3875,1.2110600525621566e-11,7.870961066063398e-12,4.6233080097112136e-12,0.8007903119549156
3876,3.2231943551801296e-13,1.8509565520480803e-13,1.4788334730333369e-13,0.838189297541976
3877,4.818636211657997e-13,3.423043397199235e-13,3.730715441023013e-13,0.7921892150305212
3878,2.916963325815332e-12,3.4312131581326896e-12,2.052173098693608e-12,0.7747188310604542
3879,3.240045280139508e-13,6.698737074738114e-14,9.310784924425444e-14,0.8470320262014865
3880,5.047467471580264e-12,2.9307898618045614e-12,3.3700607980095457e-12,0.8503730408847332
3881,4.678858389294197e-13,1.724410837708843e-13,1.5015211430798377e-13,0.8432971060276031
3882,2.0734417362007017e-13,2.2173522543858681e-13,1.5358693105675026e-13,0.8080723219551146
3883,1.915513920005036e-12,3.172985081840719e-12,6.907605587444858e-13,0.8198209658265114
3884,3.4444373558514113e-13,4.26559856820527e-13,3.420146066286828e-13,0.8305436747148633
3885,4.2416681827566264e-13,3.941701913956293e-14,1.037084321859912e-13,0.7950759992003441
3886,1.7207808686349117e-13,1.2567031272907237e-13,6.50218359230139e-14,0.8149648910388351
3887,2.051176871464002e-13,2.0504553076396678e-13,6.51182132820231e-14,0.8137800576165318
3888,4.0425460558365276e-13,2.533036151756427e-13,1.6273376094869226e-13,0.7866287384182215
3889,1.208077041588807e-12,2.860350968400897e-13,5.90972974252913e-13,0.836807444691658
3890,9.72014965638715e-13,4.0319519937948347e-13,5.076052105529284e-13,0.8386271791532636
3891,2.2676949285813536e-12,2.064907041780117e-12,1.354129486946794e-12,0.8420410882681608
3892,4.62191148437087e-12,1.9886580510894678e-10,1.0849744264646659e-11,0.738366084662266
3893,1.3540089181761008e-13,7.964780407879473e-14,6.322555987579553e-14,0.8073481848463416
3894,9.776826153066947e-12,3.3125440358634137e-12,2.7629858746461813e-12,0.865467070043087
3895,4.681769314556391e-13,1.9378367197341105e-13,2.3055516989324213e-13,0.8391594402492046
3896,2.3374210218506e-13,5.787234628451915e-14,8.107367209518929e-14,0.8269157212227582
3897,2.4502525462442343e-12,3.3317938413296084e-12,1.603727804468888e-12,0.8186842350289225
3898,3.992975550714966e-13,3.270542923784501e-13,1.5669882317110953e-13,0.7835843932814897
3899,2.779231460056636e-13,2.476134028501106e-13,1.4203917421404586e-13,0.8115155441686511
3900,3.88208722511637e-13,2.1319572750940602e-13,1.8020974491420418e-13,0.7989842848852277
3901,7.285503534947342e-13,1.2831844478804021e-12,2.4487028567554255e-13,0.7801681134849787
3902,1.999499029329087e-13,7.949468900209902e-14,6.009218419436564e-14,0.829572630673647
3903,2.0481641308582878e-12,2.348560650005161e-12,1.2487903033990161e-12,0.8216346563771367
3904,1.2588491675136122e-13,8.003521081139401e-14,5.541026259574537e-14,0.8283611545339227
3905,2.8786114019041963e-13,1.2992511626685473e-13,1.390369902917213e-13,0.8139132691547275
3906,2.307399723648323e-13,6.701239129194264e-14,9.254333524779253e-14,0.8150722308084368
3907,4.65260980188682e-12,4.3338510861724825e-12,1.4034069852628865e-12,0.8687268920242787
3908,6.983771127492642e-13,2.576802260119196e-13,2.5929598869900645e-13,0.8544843435287476
3909,5.381841286399712e-13,1.945047460358668e-13,2.453589070581631e-13,0.8373633792623878
3910,6.145797688216296e-13,7.537223574165517e-13,6.093703411039977e-13,0.8168067958205938
3911,2.005847857887705e-12,1.7654797114678558e-12,1.0230089722360365e-12,0.7988617531023919
3912,1.2397156418547069e-12,5.836495067589715e-13,7.037475155335778e-13,0.8414958529174328
3913,3.102226627979377e-13,2.1216479493355474e-13,1.4486899164426894e-13,0.822323534451425
3914,2.7697724236010824e-13,8.174890257062654e-14,7.628019235899744e-14,0.8327166749164462
3915,4.030551518710099e-13,2.762738095008189e-13,2.599036677213754e-13,0.8089137636125088
3916,6.90059221127389e-13,1.979501762910051e-13,2.3077235382045304e-13,0.827437655813992
3917,1.0030936628068162e-12,1.9812381538539666e-13,2.3223378618789e-13,0.8545855771750211
3918,1.4494777029885753e-13,1.5291695898441904e-13,1.6198869439961978e-14,0.805513987224549
3919,1.3629482870047242e-11,6.447601197481669e-12,3.817743763433741e-12,0.8311198709532619
3920,1.1011503797472551e-11,8.64311825284009e-12,7.236623146748317e-12,0.8625751748681069
3921,1.939532789791169e-12,1.035411215858549e-12,1.1796380013653782e-12,0.8308921927586198
3922,1.8229054014448643e-13,2.866604401874317e-14,6.584648009060015e-14,0.815597759373486
3923,3.918749281909603e-12,5.3164305457711095e-12,4.913272821035404e-12,0.8591817039996386
3924,2.79349425195949e-12,1.9029777927457977e-12,6.654260401279174e-13,0.831599785014987
3925,3.850341574303527e-13,3.2596940077092893e-13,2.241500099181623e-13,0.7958460765890777
3926,3.3188986061099866e-13,2.6005623917053063e-13,1.6528531159966413e-13,0.8268419934436679
3927,4.3861368229336297e-13,3.0336081428176375e-13,2.305671137739291e-13,0.8009206887334586
3928,3.115694231698216e-13,2.3818572233176043e-13,1.1302446311233153e-13,0.7850988392718137
3929,2.164746452039341e-12,1.3324977272352199e-12,1.068377624862305e-12,0.7893750675953924
3930,1.0143224806439093e-12,1.0825781941224544e-12,7.840997714606026e-13,0.8299690019339323
3931,3.486265787701823e-13,1.72045107016837e-13,1.7488948031465086e-13,0.8465605933219195
3932,1.857724744800416e-12,1.5825894926095297e-12,9.933811148156085e-13,0.7975261430256069
3933,1.954290855524035e-12,1.4830179303869569e-12,1.2087863024222488e-12,0.7939917563460768
3934,5.17176932695029e-13,3.895236926244123e-13,2.1016227634138225e-13,0.8129456017166377
3935,3.685128515742709e-12,2.0536413908873645e-12,1.6434217705331248e-12,0.8478953618556261
3936,5.016246576926473e-13,2.191733107698971e-13,1.6573726751638222e-13,0.8117632526904345
3937,7.470034620471578e-13,1.0058633175111365e-12,3.933166644043378e-13,0.793601456284523
3938,1.4193479797432316e-13,9.998666011943347e-14,5.2177760345267515e-14,0.8214862428605556
3939,2.1257277131815718e-13,1.5043677036336317e-13,1.1686399080265769e-13,0.802008809056133
3940,2.241573914950121e-13,6.575895192153713e-14,6.548328737812883e-14,0.8260081300511957
3941,1.8282880894087006e-13,3.268468680865578e-13,1.1567885123703266e-13,0.7823748377151787
3942,3.5340645804454863e-13,4.417744039589046e-13,1.9934605233006653e-13,0.7921591375954449
3943,1.7478555980021438e-12,8.447392188054512e-13,7.985277554698795e-13,0.8538358725607396
3944,1.4488413416950126e-12,7.446286521749293e-13,7.486515907153354e-13,0.853832645341754
3945,8.264302494803906e-13,7.6036401000485e-13,7.453081521484749e-13,0.8542073141783476
3946,3.381895353749724e-11,5.00809704913537e-11,3.9418776626454505e-11,0.8037305263802409
3947,6.441039273066401e-13,4.686343148638268e-13,4.1030238336862724e-13,0.8407716751098633
3948,2.9311015521294784e-13,8.560246105723514e-14,1.584263376103796e-13,0.7971933637745678
3949,2.558206617788406e-13,6.915261282752396e-14,1.3831550059670445e-13,0.8042418708093464
3950,2.830724618961355e-13,1.2836073460865165e-13,1.625166143712064e-13,0.8467498015612364
3951,4.178548892435265e-13,8.920449037376282e-13,4.51021335955335e-13,0.7751756947021932
3952,4.142271629782355e-13,1.4048071414676282e-13,1.6832938355719893e-13,0.8397356886416674
3953,8.976588117710011e-14,7.948587090980957e-14,4.855844601864333e-14,0.8248135590925812
3954,3.429449690170387e-13,1.415427434568097e-13,1.465881615681941e-13,0.8407666116952897
3955,1.7841698212209365e-12,8.89103558738787e-13,7.129129235444634e-13,0.8314355079084634
3956,1.710623803947722e-13,1.328249395071157e-13,7.268426162226577e-14,0.838280139490962
3957,2.8965123932126944e-13,2.2702393816706737e-13,2.013159641543765e-13,0.8455693975090981
3958,3.7170887514362e-13,1.3201255058273245e-13,1.0880986454804845e-13,0.8119693239219486
3959,2.129756347001549e-11,1.7645821600369246e-11,1.7369002051271517e-11,0.8326859503984452
3960,9.628369766639716e-13,4.871800362654022e-13,4.412084192470653e-13,0.8597044039517641
3961,3.1462996871304933e-13,5.09745083078558e-13,1.0791244956573285e-13,0.8187155375257135
3962,2.9946670053644893e-12,1.933547774946307e-12,1.1349472785024182e-12,0.7741635960526765
3963,8.461724173571924e-14,5.747757678939688e-14,4.8641807944445945e-14,0.8306759966537356
3964,2.944702961604109e-12,2.757505612121075e-12,1.463859009749172e-12,0.859303243085742
3965,7.161248841992159e-13,2.0496209669824287e-13,2.53474629282408e-13,0.8624648146331311
3966,1.6680069332715056e-13,4.493918428325158e-14,8.5805903786041e-14,0.8195907488465309
3967,1.4721904243175654e-11,2.2143636395651556e-11,7.891561427667952e-12,0.78369394633919
3968,3.827417070060162e-13,3.583254748665989e-13,2.4835399844880975e-13,0.8365807684138418
3969,5.819834524611399e-13,3.115628552254357e-13,3.341891447481042e-13,0.8446575473994017
3970,1.0395987542008384e-12,7.237388110447386e-13,3.4173667013663114e-13,0.8112773153930902
3971,2.587953656206992e-13,2.7841575229213783e-13,1.934492691203797e-13,0.8270456926897168
3972,3.804543761071542e-13,1.9936239147855789e-13,1.9354924576867725e-13,0.7986994282342493
3973,1.4326127474924717e-12,2.1057194305877098e-12,1.2754052482724012e-12,0.8463497087359428
3974,2.2006397773111694e-12,9.494278200619917e-13,1.325198513251917e-12,0.8530739784240723
3975,5.115140164147636e-13,2.118210141189524e-13,1.9053983992442947e-13,0.7995879258029163
3976,1.6095933966691566e-11,1.0334012766872046e-11,8.863237755576905e-12,0.8539106912910939
3977,6.200305960824249e-13,1.0515659673866693e-12,2.6500472996414894e-13,0.8226970840245486
3978,2.22465159020036e-13,1.249018677321852e-13,1.07387009144176e-13,0.8171642990782857
3979,1.6598523919637725e-13,7.048788051082727e-14,7.561339863691048e-14,0.8007113431580365
3980,5.844383710976113e-13,2.569891337017204e-13,2.539507897685874e-13,0.8497343771159649
3981,3.4140232293860065e-13,1.489342968705893e-12,1.4309767312948277e-13,0.7574848324991763
3982,6.158323576154325e-13,4.046306896462503e-13,4.0146401261263564e-13,0.839648361504078
3983,1.5085318393864113e-12,8.23847674248341e-13,5.96310021629803e-13,0.8318057622760534
3984,6.089753687832089e-13,6.732990512814982e-13,3.711651302186045e-13,0.8205761371180416
3985,1.5011104739892544e-13,1.28301661342283e-13,1.189859984009077e-13,0.7983285772614181
3986,2.2430668271082376e-12,6.192073485534104e-13,6.620579233210247e-13,0.8413857329636812
3987,3.537216803481198e-12,1.4929556740022177e-12,1.261296825436802e-12,0.8436436254531146
3988,1.150691866061716e-12,1.3655902934481142e-12,7.615732530246548e-13,0.779083072859794
3989,1.08552466492623e-12,5.099084081504426e-12,6.666349967255198e-13,0.7670543564483523
3990,2.4895276703159255e-12,8.477602893951528e-13,7.958729446539201e-13,0.8513371903449297
3991,6.144775705013343e-12,3.40930017201228e-12,3.586109007216872e-12,0.8217234609648585
3992,1.718491583373849e-10,1.307358947879465e-10,1.3413305030387658e-10,0.8504826053977013
3993,6.0523940356578136e-12,2.796531990878193e-12,2.668419325875295e-12,0.8676516771316528
3994,3.50981240137486e-13,1.5194238169971874e-13,1.917078969593105e-13,0.8030394434928894
3995,2.375713371391387e-13,1.4151523119759385e-13,9.894759720275605e-14,0.8367455303668976
3996,2.627074014120605e-10,2.975837114572731e-10,2.0993326029472043e-10,0.8503512822091579
3997,3.217765517726092e-13,1.0525145247634912e-13,1.2744192740416802e-13,0.7878893243148923
3998,3.090814759847528e-12,1.7933668327511293e-12,1.4038412087263244e-12,0.8291025454178452
3999,1.0898431605370141e-12,5.530014156236683e-13,3.990978016059676e-13,0.8157418664544821
4000,4.470028595295945e-13,2.9266092958240123e-13,2.4961354593138353e-13,0.8396442914381623
4001,3.224588565936941e-13,3.4559499941262695e-13,1.3097806738933377e-13,0.8408755172044039
4002,1.204067648724427e-12,5.613032853616329e-13,7.502944674386959e-13,0.8384809706360101
4003,8.831120282946221e-13,4.807642742621382e-13,3.0862369017956573e-13,0.8205371633172035
4004,4.840493267125676e-13,8.29556302326903e-13,5.763402886654712e-13,0.8275425478816032
4005,6.48384167112584e-12,1.6638103029810989e-12,2.854767250923582e-12,0.8543755054473877
4006,1.2337101665442721e-12,5.153194073732534e-13,7.660696052062703e-13,0.8340076638385654
4007,6.724197203412238e-13,3.530161215354695e-13,4.2139393095384893e-13,0.8272949276492
4008,1.1561531821218545e-13,5.6075886729301126e-14,5.160921463585222e-14,0.8153737271204591
4009,6.039343568230574e-13,1.1391438372667261e-12,2.2591868078073765e-13,0.7689323460683226
4010,1.197473807453119e-12,1.0084379950201913e-12,5.441252471408849e-13,0.8314163940027356
4011,3.381436408388992e-13,1.0601532870053887e-13,1.4780884049310358e-13,0.8115206886082887
4012,7.688772547480656e-13,1.0078664655969864e-12,7.423500425305061e-13,0.817817965708673
4013,1.5221694371757406e-13,6.615727012321012e-14,6.851382458830218e-14,0.8243890203535557
4014,4.556217853594421e-13,8.295265288972695e-13,3.551536044156552e-13,0.7773926609195769
4015,3.118677218860849e-13,6.606399697327968e-13,1.9209976950750653e-13,0.7680703617166728
4016,4.213231229098142e-13,6.244475912909926e-13,3.0736889080427534e-13,0.8186869531869888
4017,1.7414759447620997e-13,2.152164046923987e-13,1.5158652551694681e-13,0.832304585725069
4018,1.7597643514311707e-11,9.979852411348607e-12,9.064032351267293e-12,0.8608354475349188
4019,9.525144519664776e-13,5.974733807814843e-13,3.808886827091765e-13,0.8137790314853192
4020,2.370243046510405e-13,1.551412080067536e-13,1.46187649327437e-13,0.8321703454479575
4021,1.4861007822132033e-12,3.953112072390654e-13,5.282084818527177e-13,0.8420892395079136
4022,3.131071255043871e-13,4.37909424797221e-13,1.114180906220479e-13,0.7770101611502469
4023,6.140781548041295e-13,1.4889675641158448e-13,1.781932674828251e-13,0.8440523471683263
4024,2.5350510202919585e-11,6.350979557916886e-12,1.1389289614413075e-11,0.8624506555497646
4025,1.194910510145495e-12,5.76740642991123e-12,6.55323860687833e-13,0.7573074251413345
4026,4.7402214491679e-13,3.757799051459867e-13,2.2227289095312925e-13,0.7900323493406176
4027,2.406131373389197e-12,1.6290872752664692e-12,1.388155524362367e-12,0.8583359576761722
4028,3.024965908131053e-13,1.654167608221891e-13,2.0112854923827345e-13,0.8343417778611183
4029,2.884699553639771e-13,3.0986622669553705e-13,2.278517216151828e-13,0.8038362096995115
4030,2.105480645777007e-13,6.617504369311932e-13,1.7665734288808122e-13,0.771133980434388
4031,1.0118523084905793e-12,3.587971484319997e-13,4.595591415223099e-13,0.8401463355869054
4032,3.289157011324619e-13,3.6515584824965544e-13,2.56676445391282e-13,0.8418304368853569
4033,4.792128293574842e-13,6.780564520730707e-13,2.259090523016694e-13,0.7721360805444419
4034,5.600445833931412e-13,3.060793288916003e-13,2.820328526544265e-13,0.8325822997838259
4035,3.640207249301716e-13,6.203075997072141e-13,5.006748865535713e-13,0.8424882844090462
4036,1.6904951339044417e-13,1.4767353992635794e-13,9.907321074603597e-14,0.8089205752126872
4037,4.139317761387696e-13,2.6719434700297765e-13,2.6172090704019133e-13,0.7817532164044678
4038,1.7129606415928698e-12,1.9429170813964038e-12,1.0545836409059334e-12,0.7889914749190211
4039,1.718339285545329e-12,1.218869400695175e-12,1.3084252865858188e-12,0.8366470139473676
4040,4.12459811942922e-13,1.9134681195040459e-13,1.8675043986578094e-13,0.8121933145448565
4041,5.1891195500964224e-12,3.6289030420619545e-12,3.8022502428161206e-12,0.8265655593946576
4042,4.1387800670769413e-13,4.626551121983385e-13,3.288400843122185e-13,0.817803205922246
4043,4.104628473653978e-12,1.571515900799838e-12,1.2898512927915765e-12,0.8372355764731765
4044,8.156658888663093e-14,8.65197844743971e-14,4.9964223837569216e-14,0.8283708827570081
4045,3.0934389495860256e-12,1.0263374512709499e-12,7.581515526320164e-13,0.8566488463431596
4046,8.807075948900454e-12,7.346884712066348e-12,3.512348168524191e-12,0.7930812028236687
4047,1.2217666481787713e-12,6.665948236260089e-13,6.637139366348909e-13,0.8375125505030155
4048,6.64742609375011e-13,5.777552062076887e-13,3.475625040561193e-13,0.809096909314394
4049,2.707473070748244e-12,2.815069828352222e-12,2.639935165603032e-12,0.847716174647212
4050,2.3241036173342315e-12,5.566612903259823e-13,1.2438283743091344e-12,0.829637611284852
4051,1.1111327463935345e-13,8.324255164141781e-14,5.160483327870437e-14,0.7976523847319186
4052,8.098232084908589e-13,5.255255513856627e-13,2.8826506849440465e-13,0.815503047965467
4053,2.1492816935058745e-13,9.742155140754061e-14,9.649817312068322e-14,0.8130108259618283
4054,2.279940233037656e-13,1.6038890323789873e-13,4.7229377441726504e-14,0.8385139411315322
4055,3.0643268497315257e-12,1.6179821520750504e-12,1.3629470603957998e-12,0.801630006916821
4056,1.7450507151570985e-12,5.824604458196872e-13,7.91948509534371e-13,0.8094100091606379
4057,1.466184578981819e-13,5.4428301758384524e-14,8.000967189428421e-14,0.819948891364038
4058,9.793063980177765e-13,5.536371007425265e-13,5.468777191322839e-13,0.7847604756243527
4059,8.408366984484191e-13,5.437450886774045e-13,5.280301742941158e-13,0.7789245946332812
4060,4.4304256830023707e-13,1.0441361520115548e-13,2.3260904249300244e-13,0.8344621991738677
4061,1.1048037984796048e-13,8.43488211455393e-14,5.510162329588761e-14,0.8135866541415453
4062,2.2608750814922082e-13,1.8519511572289866e-13,7.632128201872928e-14,0.7924025474116206
4063,3.591983315029698e-13,4.111576758590105e-13,2.833596098549058e-13,0.807486514095217
4064,8.563224575147991e-14,5.6065355659429995e-14,3.4687583197870954e-14,0.8288760231807828
4065,1.5035586386707236e-12,6.500335136347072e-13,9.433165845109329e-13,0.8384470231831074
4066,1.0062218311281057e-12,4.149954066130951e-13,4.022666223241498e-13,0.8084130425006151
4067,2.7345554912506746e-12,2.4855041259926388e-12,1.3288517978589072e-12,0.8512622844427824
4068,3.148510263704599e-13,1.6867785768293342e-13,1.219169748956178e-13,0.8081498937681317
4069,2.786163082839754e-11,3.437723652176272e-11,2.5380488770932632e-11,0.764358147000894
4070,5.594255594553719e-13,2.431092613093485e-13,2.1553702339582293e-13,0.8340105719864368
4071,4.4329129617155045e-13,3.9251192964422525e-13,3.649278410237828e-13,0.8336595291271806
4072,4.559794487820708e-13,1.3502717738100717e-13,2.332054723694603e-13,0.8388170974329114
4073,2.008186534430247e-12,1.4601909082048802e-12,1.166681641826028e-12,0.7992157444357872
4074,8.455650834582123e-13,5.700148995772612e-13,5.755411128157943e-13,0.8516702082008123
4075,8.91214728011615e-13,6.398815990706817e-13,3.911273734395977e-13,0.8438061624765396
4076,1.6026637490540666e-12,1.2390121663818825e-12,1.1890805595417801e-12,0.8393250498920679
4077,8.732745580285136e-13,6.652406582817081e-13,6.759235239460758e-13,0.8586435467004776
4078,8.646418203973025e-13,2.1242060301578347e-13,1.9680919099521417e-13,0.8431162871420383
4079,4.781778346414677e-12,1.0602564875224477e-12,1.846896729716683e-12,0.8559314537793398
4080,1.3845523902437641e-12,4.316478884362527e-12,8.682968763699509e-13,0.7546501229517162
4081,3.563292841438979e-13,1.6224407720210565e-13,2.156232442178972e-13,0.8097530324012041
4082,1.072030697680308e-12,4.635001447841908e-13,1.9084714134209082e-13,0.8411318486556411
4083,3.026625114763429e-13,7.399078259737843e-14,6.670505193394904e-14,0.8391674695536494
4084,3.978857814088414e-13,3.7761260545865133e-13,1.9525283869894362e-13,0.7893892033956945
4085,2.829989889900818e-12,1.0819008650255606e-11,1.548525639747811e-12,0.7625570290256292
4086,3.536801033804081e-12,9.2879105220217e-13,9.22098058084452e-13,0.8478712476789951
4087,1.0312350720926134e-12,5.299550880603154e-13,1.458697308440828e-13,0.8653505973517894
4088,7.423060627150599e-13,2.798850901471805e-13,4.2082942500707173e-13,0.8310920018702745
4089,4.913467885869175e-13,2.808632220785225e-13,3.300507216692879e-13,0.849217776209116
4090,8.637058295968792e-13,5.78580019747082e-14,3.099433048089305e-13,0.8463971529155969
4091,3.1994811803215638e-12,7.322597276537032e-13,1.0552370081394485e-12,0.8586965937167406
4092,7.150690383365893e-13,8.417350527666663e-13,4.2071221510725143e-13,0.7676344010978937
4093,7.308672169154649e-13,8.836402582147473e-13,6.693855313660867e-13,0.8126815030351281
4094,5.744914270764031e-13,1.333873589680442e-13,2.1885423475414845e-13,0.8331592237576843
4095,9.472070404262403e-13,9.473949796836666e-13,8.066553222034463e-13,0.8393936317414046
4096,2.0748806624637526e-13,8.996454151392585e-14,1.1387452819387853e-13,0.8299778530374169
4097,3.421216380259761e-13,5.314434494122322e-13,2.6288077538134044e-13,0.8073069169186056
4098,6.977251157552381e-12,4.852511367131208e-12,3.916209050383853e-12,0.8053332313895225
4099,2.056821084152163e-12,7.465591696680973e-13,1.107660516841926e-12,0.8036792401224375
4100,3.384828456329636e-12,2.7686015752371183e-12,2.889135713723873e-12,0.8329338777810336
4101,1.647600791238417e-13,2.2497817767604878e-13,9.123439295278323e-14,0.8281815743073822
4102,5.44967424453261e-13,5.714427064698548e-13,2.3992021155731457e-13,0.7838815824128688
4103,3.500794377775341e-13,1.7585729293182537e-13,1.78538720372011e-13,0.8325663527473808
4104,4.811873808665366e-13,2.891804052345488e-13,3.4103839487357084e-13,0.837694176658988
4105,6.509970016004364e-13,5.373759277646674e-13,2.659607012622417e-13,0.8248099783435464
4106,4.650726311715496e-13,1.3377917324593558e-13,2.0357322025646175e-13,0.8425527289509773
4107,5.547296222101096e-13,2.9589322355350255e-13,3.919463209665716e-13,0.8320901922881603
4108,2.275584834918606e-13,2.0474272393880087e-14,7.650968639215593e-14,0.8168287364766001
4109,4.386960035064847e-13,2.320683472741248e-13,2.598716536107291e-13,0.8374597605317831
4110,2.0159905147045483e-13,2.338436194961724e-13,1.265572069787165e-13,0.8056947914883494
4111,1.193647378724335e-13,9.6511904866432e-14,4.171284489954869e-14,0.8225372590124607
4112,1.6143014642375398e-13,9.65009286358967e-14,7.535249446457202e-14,0.8197888026013971
4113,1.8520298682499946e-13,1.5848800453739597e-13,1.167457084263983e-13,0.8108769753016531
4114,4.2364537624829006e-12,1.180073643452779e-12,1.4794980883604977e-12,0.8174023028463125
4115,3.663200407071816e-13,1.0650084568993842e-13,1.4700606269492548e-13,0.8434897169470787
4116,6.129445129647358e-13,3.765370004348574e-13,3.9677098172555897e-13,0.8153197955340147
4117,3.469135914508926e-12,2.17627331486693e-12,2.1316545586678018e-12,0.8551525257527828
4118,4.180229018401002e-13,7.558372406115352e-13,2.3888529475150904e-13,0.7663413583301008
4119,5.13498577305304e-13,1.4323767297024425e-13,1.8048454711681838e-13,0.8226345133036375
4120,3.417186944103708e-13,2.566309132500123e-13,1.2637919754146213e-13,0.8390739032998681
4121,2.330655971809873e-13,1.6627455008303924e-13,9.612026214182352e-14,0.8300024090334773
4122,2.3668874801734456e-12,1.27661292489027e-12,6.475557778888265e-13,0.8672956876456738
4123,9.541261721576302e-13,4.35960878129725e-13,3.173173419803145e-13,0.8482684526592493
4124,2.376913807003243e-13,3.092447411038235e-13,1.0058469686018495e-13,0.8181524699553847
4125,5.627133584798608e-13,1.9932013689182485e-13,2.2654364042026035e-13,0.8023035096004605
4126,6.049421196928899e-13,3.17188154036961e-13,2.37137262505019e-13,0.8473145108669996
4127,5.301724952008233e-13,1.225598098821596e-13,2.412882634797882e-13,0.8105259910225868
4128,6.391212587134566e-13,1.1631090363004968e-13,2.107211700150013e-13,0.8480130426585675
4129,1.298476583645102e-12,4.693324785477795e-13,6.390858157704728e-13,0.8558648515492677
4130,2.606374593111767e-13,3.457246967344008e-13,2.0931939554325705e-13,0.8280901512131095
4131,1.082249677355855e-12,9.8003053356051e-13,5.333669794955725e-13,0.8187978908419609
4132,1.695036774566381e-12,9.774949617574886e-13,1.0339100647329129e-12,0.8356934064999223
4133,1.2012065244545946e-12,5.295857657212633e-12,7.228807401583762e-13,0.7489320146618411
4134,1.9281653244973638e-12,9.636557677158406e-13,1.317479868644115e-12,0.7818244054913521
4135,8.847006815664488e-14,1.0070796454620101e-13,4.731782487253712e-14,0.8011358441784978
4136,3.260684880392097e-12,2.7247949472293107e-12,1.5059052696774297e-12,0.7927920067682862
4137,1.6834181660627294e-12,1.1003423574505588e-12,9.124635131894328e-13,0.7909649234265089
4138,2.418684282372697e-13,1.7935850458111793e-13,1.2744276768954985e-13,0.8183039089664816
4139,7.158835945720688e-13,6.062492332606268e-13,4.623106296298465e-13,0.856314255669713
4140,1.6433550062758385e-13,2.4171724992096884e-13,8.179475170576668e-14,0.777574246795848
4141,5.26634785213296e-13,2.2141741572078165e-13,2.1344702338135265e-13,0.8472929790616035
4142,1.722033339619943e-12,1.7750400925323677e-12,1.0571221445146274e-12,0.8316170454025269
4143,2.7562869909645353e-13,1.849674841451772e-13,1.6678313026813137e-13,0.8395904924720525
4144,9.860990459817188e-13,4.288435426567082e-13,5.283696979204274e-13,0.8258692247793078
4145,3.25123416376424e-13,2.1300405225333962e-13,1.7552144656265328e-13,0.8177414022386074
4146,6.104967976243272e-13,3.372483310436102e-13,3.641117444550322e-13,0.8372396729886532
4147,1.8312013733865238e-13,1.4569823884411368e-13,1.4591463646423874e-13,0.8203499037772417
4148,7.953693961748305e-13,1.2001823849558778e-12,6.364151957017056e-13,0.7714905373286456
4149,3.1611525280802974e-13,6.501479128924671e-13,1.2800934844425566e-13,0.7888339322060347
4150,1.5225404437803726e-12,2.6020815522450064e-12,8.610453307606261e-13,0.817712227255106
4151,1.1506951490098884e-11,7.27616657195322e-12,5.334502821252055e-12,0.8689567789435386
4152,9.106049855733916e-13,5.27072437568638e-13,4.557649035027818e-13,0.7721819406375289
4153,9.438024748130472e-13,9.81865116043686e-13,6.949855889268045e-13,0.7867132500745356
4154,8.670417638452889e-13,2.420663499428775e-13,2.6510547679451485e-13,0.8298167493194342
4155,4.288350681498682e-13,3.598676491297347e-13,3.368749863299973e-13,0.8547519464045763
4156,4.417434953012235e-13,5.795114055779687e-13,3.7786610408191373e-13,0.812275723554194
4157,1.3280653585075905e-12,8.465354485990112e-13,8.587426250985507e-13,0.8499347191303969
4158,5.91673859551847e-13,3.8025977544338346e-13,4.0361293761903e-13,0.8428072594106197
4159,5.417371537013342e-13,3.9944472177510957e-13,2.3024635424597813e-13,0.8616795606911183
4160,8.330510806974715e-13,4.961566627431638e-13,5.696337549162167e-13,0.8311623051762581
4161,5.575407880201219e-13,4.052599251921658e-13,3.3750581714088935e-13,0.8382223322987556
4162,6.074918261837314e-13,6.732918487523267e-13,3.014367644522705e-13,0.7927306546829641
4163,8.60381519890413e-13,3.604293172483361e-13,2.5167201040586296e-13,0.841663333773613
4164,4.960303272598565e-13,1.2787252531604306e-13,2.5376994442939413e-13,0.804835815820843
4165,7.856714034238239e-13,5.130887516112951e-13,2.657877343121904e-13,0.8109102584421635
4166,3.3289464704766725e-13,3.828725607659535e-13,3.689394346961606e-13,0.8307353980839253
4167,8.197556591596004e-13,5.417072006435919e-13,3.5797344241774137e-13,0.8298421993851661
4168,5.966638365165498e-13,7.222505224009256e-13,5.133488361011819e-13,0.7986513487994671
4169,7.343386773984865e-13,2.2874353157415176e-12,5.24748912701142e-13,0.7558599288575352
4170,1.1786046670470614e-12,1.4964545509675593e-12,6.073565972704317e-13,0.7938257495872676
4171,4.385365686143837e-12,2.153832204478997e-12,1.7708741522440845e-12,0.8197582796216011
4172,1.5666625795125325e-13,1.016008310930742e-13,6.283757846188068e-14,0.8409543164074421
4173,3.3379957421128254e-13,1.1770645547761357e-13,1.516207704367093e-13,0.7971420915797353
4174,7.617635041353677e-13,6.2000452320376e-13,6.423384239209387e-13,0.8137676352635026
4175,3.56733155900242e-13,4.9813470329158e-13,2.907975330677172e-13,0.788626556377858
4176,4.267380257520792e-13,4.630105351452556e-13,4.3262244092335444e-13,0.820022632740438
4177,1.0049100622883676e-12,2.0152329305546762e-13,3.9507377879303323e-13,0.8010533760301769
4178,3.336178337199821e-12,3.063570879117833e-12,2.8690509090179096e-12,0.8277841476723552
4179,4.012728169900476e-13,3.2938867239730575e-13,2.208178327494324e-13,0.8360348319634795
4180,1.4309678155330518e-13,7.940397075442314e-14,8.707365457495718e-14,0.8094318374991417
4181,9.511842905009994e-13,7.190639533214393e-13,4.434752351365202e-13,0.8651841908693314
4182,3.837541974674169e-13,6.840100995233288e-13,2.05870764697306e-13,0.7864823312498629
4183,2.610071013236674e-12,8.531253619553252e-12,1.546887591163708e-12,0.7531161030754447
4184,9.99931665955818e-13,6.287859961912468e-13,6.75928207260311e-13,0.8389014864340425
4185,4.702692855842248e-12,2.4503611257027844e-12,2.1327969528213505e-12,0.8456908870488405
4186,1.195190330209125e-13,1.0620344298535745e-13,4.1342483396413874e-14,0.8275182513520122
4187,2.999850642744259e-13,3.2176604429148537e-13,2.511854590132919e-13,0.8128988424316048
4188,4.082577082632177e-12,3.85660612229458e-12,3.1689372052575467e-12,0.8265729650855065
4189,2.451297760269656e-13,3.034991553262434e-13,2.0098399580844807e-13,0.8349165687337518
4190,2.6976101377351426e-13,7.911899087673222e-14,9.435733742155633e-14,0.7959709006361664
4191,3.538763537609567e-13,4.661150538028724e-13,2.887227940880925e-13,0.8305170053616167
4192,8.205765493659944e-13,6.914699067304994e-13,6.566750921582493e-13,0.8380183432251215
4193,1.3173131315998068e-13,4.71663428979211e-14,5.785825829336937e-14,0.8269190078601241
4194,1.0428029926957085e-12,5.663289073017773e-13,5.43116739323423e-13,0.8541371613740921
4195,3.714167459667608e-13,5.568571492529926e-13,1.244351964147432e-13,0.8164814971387386
4196,3.6275033851037707e-13,4.0004699434133784e-13,8.349587117553348e-14,0.8166852857917547
4197,2.781641835606636e-13,4.596062897314137e-13,1.2094592660520057e-13,0.7959608091041446
4198,5.0536862460601e-13,1.3542765793590253e-13,1.7930145217458897e-13,0.8380201315507293
4199,2.884951203665808e-12,1.3293053728004194e-12,1.027725524071302e-12,0.8450777038931847
4200,4.661471878804949e-13,5.298597618089917e-13,2.228850652860789e-13,0.8073143657296896
4201,7.20165854039642e-13,2.974623395591735e-13,4.1291168179751053e-13,0.7936278773471713
4202,2.7590742046486955e-12,3.3926983661277804e-12,1.5820089091386242e-12,0.8542740855365991
4203,6.435641592443645e-13,2.2624309796389391e-13,3.18330533723117e-13,0.7796938204672188
4204,2.2405457748635397e-13,2.723144775483189e-13,2.456897765804838e-13,0.8408242546021938
4205,4.163551685390766e-13,1.2594311314056486e-12,2.677133433715152e-13,0.7654133216943592
4206,4.760186053313674e-13,2.500149620852106e-13,2.2447662045179442e-13,0.8178822847083211
4207,5.248965910553977e-13,3.5477983035681764e-13,3.034410646415209e-13,0.8046386808156967
4208,4.2218252539313684e-13,3.3303030411123e-13,2.113310325029257e-13,0.820830887556076
4209,4.36238495856648e-13,2.0604062151817865e-13,2.4310733114023513e-13,0.845626138150692
4210,7.747067464854427e-13,2.824915486717836e-13,2.051173267393007e-13,0.8513817988336086
4211,1.9475868990168573e-13,8.495318716173453e-14,7.958750708336802e-14,0.8027818316593767
4212,1.90085739497307e-12,7.787406060083885e-13,5.541651246639928e-13,0.8324960585683584
4213,4.986069245511147e-13,2.473890747558017e-13,3.2456814548653977e-13,0.7763678698334843
4214,2.2700039295301546e-13,2.316135653804105e-13,1.587951120423033e-13,0.8277064012363553
4215,1.639570793342051e-13,7.232193182130284e-14,7.429010034330974e-14,0.7992838001810014
4216,2.7762030718332897e-12,2.8510641633830506e-12,1.861641040749616e-12,0.8500243872404099
4217,6.210224990174899e-12,1.4005606955966345e-12,1.6553947449254957e-12,0.8604341149330139
4218,1.8647932051963987e-12,1.7177046531734442e-12,1.2941753888773749e-12,0.780134307872504
4219,6.885871147490423e-14,1.0363922729338135e-13,3.4753762807708346e-14,0.8199790036305785
4220,1.5717598741437673e-11,7.980253945787333e-11,6.918543164681796e-12,0.7547739741392434
4221,1.9883336479221917e-12,3.477908098092312e-12,1.052813818639478e-12,0.8245266087353229
4222,1.1631194148307654e-13,5.114259002017284e-14,3.459656000674825e-14,0.8112182978540659
4223,3.456154641571216e-13,3.8332906624739677e-13,2.864213143400004e-13,0.8241872919723392
4224,1.6884103090111449e-12,1.0848424694717798e-12,1.0166177870121037e-12,0.7892498582601547
4225,5.242002485660348e-13,1.6168892904065729e-13,1.3490197718760834e-13,0.8358449766412377
4226,8.457873487553675e-13,3.02871786385055e-13,3.4976572256182334e-13,0.8398306401446461
4227,1.0302219354622169e-12,4.391553449886509e-13,6.431675726690641e-13,0.8370617190375924
4228,3.28677528528068e-13,2.4246680177557615e-13,2.27510383070516e-13,0.8425192683935165
4229,2.592709092106628e-13,2.0650863500023882e-13,2.0155252931437362e-13,0.8116268790327013
4230,1.628763164575369e-12,1.1266513391984157e-12,1.2191847144816696e-12,0.8429305996745825
4231,1.9837330629664794e-13,3.74706157049686e-13,1.3582147218054674e-13,0.7909985312260688
4232,5.444081884209351e-13,2.370624611973509e-13,1.6886671356048304e-13,0.7994840783067048
4233,1.0841951076515994e-12,7.542976881572632e-13,4.4925941518298734e-13,0.8298888994380832
4234,7.053797751119388e-12,6.544358401324492e-12,6.060671637585426e-12,0.8412280343472958
4235,6.609080125919373e-11,3.4731262528819316e-11,4.4329071961342565e-11,0.8615557238459587
4236,7.649905099135639e-13,6.183799088599282e-13,3.7367618602634134e-13,0.7804289045743644
4237,2.6760024174496445e-12,1.0619503609381018e-12,1.2667535587576157e-12,0.8679585516452789
4238,2.7187348876503817e-13,1.9038457195862838e-13,2.015610115581923e-13,0.8505883287638426
4239,4.3095158232170265e-13,8.143573539557331e-14,1.1623583829286073e-13,0.8454509478062391
4240,8.131536425593017e-14,1.246521525520287e-13,3.86549261014331e-14,0.8244538711383939
4241,1.386462970129749e-12,5.50209541056092e-13,6.33997073417056e-13,0.8291432155296207
4242,2.2623550125855382e-13,1.1126544858492683e-13,1.2195802970532673e-13,0.8401346076279879
4243,8.135767594061261e-13,4.638304485154026e-13,5.681454181758574e-13,0.7916728576645256
4244,2.1948434658195787e-12,1.9760649457613783e-12,1.5777877771866734e-12,0.8375996643677354
4245,3.810267711168365e-13,9.247986448880386e-14,9.072880562004568e-14,0.8459038980305195
4246,5.925361303417629e-13,3.1215894409197143e-13,3.5086776641463535e-13,0.8551005635410547
4247,5.54073472947897e-13,3.5345798808566194e-13,3.380593965647266e-13,0.8381350331008435
4248,2.601293982156064e-13,3.139795662916082e-13,1.2448912838736245e-13,0.7857940379530192
4249,1.997294094734224e-12,3.631460877237702e-13,5.159243293852554e-13,0.8569754768162966
4250,2.1777407650751785e-13,1.1323605615849629e-13,1.0053264793513349e-13,0.8289333757013082
4251,2.6400298508023546e-12,4.737281065408457e-12,1.955632946497539e-12,0.83217614274472
4252,3.5945979580221774e-12,2.6818104911275217e-11,2.1532440888342498e-12,0.7430619128979743
4253,1.7661265028383521e-13,6.957318354314905e-14,7.349824371334828e-14,0.8348651306703687
4254,2.9785373841931833e-13,2.221200162953649e-13,2.323062799954111e-13,0.8379326738417149
4255,1.280324074147468e-12,6.24988157408901e-13,4.901155161004757e-13,0.8465408027172089
4256,3.505530655627964e-13,3.5002388983396505e-13,1.8536759664440838e-13,0.7844910068437457
4257,5.434358024642596e-13,3.362037501342852e-13,3.743550638700813e-13,0.8470970988273621
4258,6.64129745697353e-13,3.9789075321200554e-13,2.739302361908972e-13,0.8451807543635368
4259,3.482862794495254e-13,1.9050654616881198e-13,8.440850344750967e-14,0.8299207145348191
4260,3.9031414392170985e-13,3.588041414563361e-13,3.31425353886466e-13,0.8271872159093618
4261,6.39044054134793e-13,4.377952665365344e-13,4.653885778170344e-13,0.8124559726566076
4262,5.786978154695708e-13,1.9194302892657146e-12,1.876226247148021e-13,0.7615250408183784
4263,4.351112768944438e-13,2.4421379203978096e-13,2.709562145236935e-13,0.836520996131003
4264,3.65431414870809e-13,1.750861457477307e-13,1.7730376397980737e-13,0.8304192112758756
4265,1.21600499766475e-13,1.0998789950466293e-13,2.852350112009022e-14,0.8118011365644634
4266,6.654630776947049e-13,1.1433826027039176e-13,1.9707493747372864e-13,0.8382154269143939
4267,2.7949719872116405e-13,2.554207873884564e-13,1.9013297639931365e-13,0.8374040603637696
4268,2.1137565731757442e-13,9.114492034092984e-14,6.887999252875006e-14,0.8471942041069269
4269,4.012777318383927e-13,1.678476152798295e-13,2.2833161264108813e-13,0.8250128120183945
4270,3.725220520269778e-13,2.881836580417093e-13,8.123826851119344e-14,0.8362812770530581
4271,2.2873181687487623e-13,8.061266648338162e-14,6.267704003945946e-14,0.8256202841177582
4272,1.7827237933915293e-13,1.0909800611576081e-13,1.0878461106727845e-13,0.8338259546086192
4273,4.083362520091255e-13,6.477831358200654e-14,9.667990402816137e-14,0.8138044632971286
4274,5.125577835040718e-13,3.5574265486899024e-13,2.135939648215861e-13,0.8499833788722754
4275,1.7071509551504225e-13,2.2317167277474065e-13,1.182930020241429e-13,0.821918916516006
4276,1.6400733912353385e-12,1.9174079233603067e-12,1.563763117653598e-12,0.8537006128579379
4277,1.8856597343586129e-13,1.8743584265966085e-13,8.800672965694834e-14,0.8079738690517843
4278,3.724686557082371e-13,4.907198295325866e-13,2.2048217874512346e-13,0.8321504617109895
4279,2.714103682134035e-13,1.5912430507843273e-13,1.0455516472285917e-13,0.780717541417107
4280,3.5788435812468205e-13,1.7617127790358108e-13,1.134055727120559e-13,0.8240379590541125
4281,1.2887197740376595e-11,1.1137916131081911e-11,8.799435312796707e-12,0.8674455516040325
4282,2.447084391632144e-13,5.973557037977721e-13,1.5796029122132289e-13,0.8265199966728687
4283,1.4277993553023205e-12,7.419303580159226e-13,7.98340655426975e-13,0.8445138197392226
4284,3.68504839908541e-13,2.674656826348172e-13,2.0163352759741522e-13,0.8379533756524324
4285,1.1655902840588371e-11,8.434926050322939e-12,8.115737314689419e-12,0.8558483429253101
4286,2.0652100005740195e-13,7.00790982796676e-14,4.3216293303845936e-14,0.8258044818416238
4287,2.779076880584242e-12,3.967451927085628e-12,1.2799511862037265e-12,0.7691026234533638
4288,1.0226965677037877e-13,1.3991860866139857e-13,6.3877639430037e-14,0.7919534654356539
4289,1.1804554667232025e-12,3.7099754747665947e-13,3.0554266643878497e-13,0.8493260905146599
4290,1.5181982845664485e-12,8.366057471682668e-13,6.548500457909579e-13,0.8423260081559419
4291,4.186746975949712e-13,8.46827675386353e-14,1.2768665567868477e-13,0.8225356047973037
4292,3.4210801222640305e-13,8.286135886755625e-13,1.1620831635097726e-13,0.7765249516349286
4293,8.781421991905232e-14,9.61497153133518e-14,5.21706807089241e-14,0.7881180147640408
4294,3.7359641028541813e-13,1.7337668391864908e-13,2.1823458608826878e-13,0.8446000903844834
4295,2.83045182162421e-13,1.5318820392251033e-13,1.790613466709993e-13,0.8375260222703218
4296,8.887640593788993e-12,8.614887442663206e-12,5.065651043146699e-12,0.83530981708318
4297,2.9186165382191265e-12,6.484212394744706e-13,8.356029501205993e-13,0.8520583093166352
4298,9.641025406453908e-13,2.657919525373121e-13,2.427460179882832e-13,0.8587214887142182
4299,2.760172636562396e-13,1.1368191407405722e-13,1.0792880365701952e-13,0.8267450345680117
4300,3.7206933108865946e-13,1.6714333220092114e-13,2.103212137418679e-13,0.8018907562829554
4301,5.569001157532302e-13,2.431032817099844e-13,2.305640120908621e-13,0.8230832861736417
4302,4.4601972648456024e-13,3.48806943789093e-13,1.7964248790205512e-13,0.8333848964422941
4303,5.467961603165638e-13,5.0601882495841e-13,3.25306856140222e-13,0.8258426938205957
4304,1.769939786354039e-12,2.041970806994136e-12,1.1730030651252656e-12,0.7822104824706912
4305,1.1985540930703855e-11,1.8161651268382305e-12,2.00797921893308e-12,0.8721324890851975
4306,7.320755332226987e-11,1.9567972783865224e-11,2.7083686401596485e-11,0.8407888121902942
4307,4.3999172011690175e-12,1.8410824190573813e-12,2.352049633561289e-12,0.8521437317132949
4308,3.2002479284227124e-13,4.2937683640884116e-14,8.83969076618003e-14,0.840800410322845
4309,1.6201708944026579e-12,2.3567663710404574e-12,9.736130138333885e-13,0.8244936833158135
4310,4.831006355652599e-13,3.382792946359297e-13,3.188736588519828e-13,0.7903161542490125
4311,7.112143299994024e-13,4.239590107173263e-13,2.557002539772793e-13,0.8340480379760266
4312,1.851470449064733e-12,1.5521730913795152e-12,8.606375719726001e-13,0.8119181729853153
4313,1.3963037839842368e-13,3.139519624912121e-14,5.5337996553730375e-14,0.8218992933630943
4314,2.8175074242260065e-13,1.5863232081291981e-13,1.0837341180758939e-13,0.8056949287652969
4315,9.080402029588452e-13,6.282407242622588e-13,6.566980792901473e-13,0.7883796238340437
4316,2.5337628207614113e-13,1.3916964916846513e-13,1.312741677223915e-13,0.8338418075814843
4317,1.573743248563155e-13,2.727364435914389e-13,1.270250736339663e-13,0.831967367976904
4318,8.9842376147031e-13,9.59343658626655e-13,2.732369288827787e-13,0.8041338588111102
4319,1.1296766712446976e-11,6.374878223915246e-12,6.7522426732903145e-12,0.8581580422818661
4320,6.35689477799774e-12,2.9429766486686432e-12,2.757053710435903e-12,0.8517924696207047
4321,5.948392231413683e-13,7.731869867535468e-13,1.8074950048512926e-13,0.8032297495752573
4322,4.360451248958774e-12,1.0148157039680034e-11,2.849154972165773e-12,0.8186919709667564
4323,5.270670450623203e-13,2.18932597803586e-13,2.031998771181705e-13,0.8303477818146348
4324,2.697654306894214e-13,1.3722838129703985e-13,1.4584505485079772e-13,0.8256525747478008
4325,3.8022203701186523e-13,2.7108184899923915e-14,1.3856215677629177e-13,0.8314077066257596
4326,7.92632724474341e-14,3.3963086555490373e-14,2.6457987278133392e-14,0.8213728057220578
4327,6.109175912097641e-13,1.4279909266645864e-13,3.301077087303937e-13,0.8160134240984916
4328,4.611237116687157e-13,1.9933372818166722e-13,2.745366227609873e-13,0.8431756552308798
4329,6.52256799157403e-13,5.012723233144533e-13,2.528281400849652e-13,0.7898574547842145
4330,2.135936889087005e-13,1.7329594342065387e-14,7.815234832868295e-14,0.803050527907908
4331,1.735479232331539e-12,1.396599641284995e-12,8.100352041551645e-13,0.7728338690008968
4332,1.720639986746741e-13,7.767266479692638e-14,7.504171509822173e-14,0.8281331446021796
4333,2.1450660197974928e-12,1.6328530479611284e-12,1.1099334071770413e-12,0.8562515821307898
4334,3.318056371955327e-13,6.462627103681783e-13,2.733355857434578e-13,0.7810419419314713
4335,3.24040211072618e-13,1.7859902519173905e-13,1.331919547669969e-13,0.8355882164090872
4336,5.237131786576587e-13,3.051788951018842e-13,1.3969444290247877e-13,0.8274548754096032
4337,1.6703565329260458e-12,4.394969334377128e-13,6.91723307601061e-13,0.8599581807851792
4338,1.0012998374168054e-12,1.1576942760547806e-12,4.381179975136384e-13,0.8209086278453469
4339,6.132872019684939e-12,3.5419766521789338e-12,4.388049281982712e-12,0.8619698219001293
4340,4.777063839466515e-13,4.1842531351935923e-13,3.793832596238074e-13,0.8452705323696137
4341,9.45151736851906e-13,7.398998520068662e-13,7.120434592157063e-13,0.8402668964117765
4342,2.6839652770749473e-13,1.274274622845641e-13,7.765300336028351e-14,0.8389173919335008
4343,2.6749976800792785e-13,6.040957453930688e-14,6.493174555341675e-14,0.7926413198001683
4344,5.27812578356415e-13,3.671145124944879e-13,3.7915464573175653e-13,0.8288695679977536
4345,2.8216037985423854e-13,2.754002829733332e-13,2.2623662394157825e-13,0.8387325022369623
4346,9.645779927012383e-14,8.706539397280318e-14,6.129200563698286e-14,0.8366135314106942
4347,1.033502690706541e-12,3.4728502738116373e-13,5.64791609560865e-13,0.8481453958898783
4348,1.196484832451449e-13,1.166545128033957e-13,7.141926061203361e-14,0.8133545463904739
4349,2.118841659663615e-13,2.1685685473928535e-13,1.3571865397369453e-13,0.7959849989973009
4350,1.341337628992415e-12,5.744837443356052e-13,6.480524766180374e-13,0.8352449182420969
4351,1.120050188190471e-11,2.1222818391445712e-11,3.816957615154979e-12,0.8534553177654743
4352,2.8105966325091493e-13,1.0521339412802821e-13,5.3573294506125684e-14,0.8248357059434056
4353,6.454102034855592e-12,2.1475859632658204e-12,2.0734202458227258e-12,0.857597466185689
4354,2.116241757611226e-12,3.3932202170479498e-12,1.3534941057081396e-12,0.7704362796153873
4355,8.415990348887028e-14,9.527505609685261e-15,2.7363575466271914e-14,0.8143630007281899
4356,1.4423152839268144e-12,9.748783550127182e-13,8.937255576136123e-13,0.8595604777336121
4357,2.776628771078114e-13,2.151347185676818e-13,7.602149388014457e-14,0.8460124060511589
4358,3.763493858750426e-13,6.039811457015946e-13,3.467242596264707e-13,0.8286875188350677
4359,4.145233751617478e-13,3.28815261601726e-13,3.0792707329641376e-13,0.8248699879273772
4360,2.093424780682767e-13,2.3343577079595975e-13,1.5087234788229276e-13,0.8456344291567802
4361,5.715591405804602e-13,1.0660885006441248e-12,1.2355749059009526e-13,0.7776231253519654
4362,7.88386477860737e-13,3.85876461997554e-13,3.6386365277821706e-13,0.8393495058640837
4363,3.6451778349524584e-13,2.250200871389513e-13,2.369672752369224e-13,0.7929521279409528
4364,4.725680254736101e-13,1.5602295285259678e-13,9.823991892720192e-14,0.8353712955489755
4365,1.1322972070062532e-12,7.875208098184104e-13,6.941632267748868e-13,0.8500380404293537
4366,6.537335906403048e-13,1.3726377532415026e-13,3.1730416518881505e-13,0.792899015173316
4367,1.4760531329706293e-12,1.947911089271656e-12,8.615746464844884e-13,0.7669749149121344
4368,3.4150159425898964e-13,1.3575664644393833e-13,1.5001999889963254e-13,0.8434072654694319
4369,6.582187315661333e-13,3.356526156639186e-13,3.3893604591436493e-13,0.8249055432155729
4370,4.60796393134783e-13,2.120941470407394e-13,2.3344777104381455e-13,0.8404216699302196
4371,5.679169855892659e-13,3.877085387270261e-13,2.991949919797448e-13,0.8446430157870054
4372,8.848557865176698e-13,1.5045386007493008e-12,5.149546525276515e-13,0.8330515982583165
4373,1.178868323777008e-12,3.8242186632648497e-13,3.753534217150933e-13,0.8091134842485189
4374,4.520792357546258e-11,1.1507403872742584e-11,1.667319544455984e-11,0.8238467760384083
4375,1.2285732263796e-13,9.739138430883933e-14,6.51082478225532e-14,0.8266889499500394
4376,6.098016557749498e-13,2.473287092354357e-13,1.933202698926315e-13,0.7796800399199129
4377,9.038223823332184e-13,4.59868584827646e-13,4.614273436208099e-13,0.8297672150656581
4378,7.0648107129229176e-12,1.2975967436334537e-12,1.7252247814025937e-12,0.8583350125700235
4379,6.209666664691037e-13,2.288222244672643e-13,2.2021879662895106e-13,0.8349050210788846
4380,2.8448303355674188e-11,1.568506734013829e-11,1.0123412059547407e-11,0.8614814296364784
4381,4.1000536330594754e-13,3.741382174363049e-13,2.296687920316103e-13,0.8094401965849102
4382,6.943826618655483e-13,8.350368542577722e-13,5.663258272044457e-13,0.8123655367642642
4383,1.2465857776484278e-12,1.858645144853519e-13,4.037055120010838e-13,0.8433504786342383
4384,1.3223358346647613e-12,7.895307890250714e-13,8.474557038408823e-13,0.8166287336498499
4385,1.468675420978108e-12,5.850767349235955e-13,6.919641357607261e-13,0.8268822405487299
4386,5.184826404260677e-13,2.867583494602258e-13,3.516214825706618e-13,0.7921918562613428
4387,1.3453351132759546e-12,1.1245786800714018e-12,1.1503155210258525e-12,0.839461936801672
4388,8.735586532780619e-13,3.190871837816068e-13,2.5908538772955057e-13,0.8447880782186985
4389,2.000284648407836e-12,1.1564475769755305e-12,8.562644768562623e-13,0.8476490039378405
4390,7.299717107694152e-13,3.811791946741493e-13,4.322983944406425e-13,0.8139229251071811
4391,1.896990818056608e-13,1.8740183117906198e-13,7.068027631687681e-14,0.7939456298016012
4392,5.143227236395296e-13,6.096187217576951e-13,2.9218846003818984e-13,0.8195792997255922
4393,6.66942090158193e-13,7.560149856812425e-13,6.004619659883978e-13,0.8438649732619524
4394,1.1051585972934696e-12,7.110041906675756e-13,3.09130352623816e-13,0.8545696709305048
4395,4.155515778743388e-13,2.6567046843575854e-13,2.676037999720088e-13,0.7881850912235677
4396,1.0196482719103633e-11,2.7448170949867656e-12,1.653832974180468e-12,0.8539184369146824
4397,7.914636086733399e-12,7.0259532200290094e-12,5.67223222799718e-12,0.8754256442189217
4398,6.300471475419399e-12,6.609655331531214e-12,6.0684082311112566e-12,0.84643052816391
4399,5.238151811822379e-13,5.136403276451069e-13,3.570545161307489e-13,0.8303936131298542
4400,1.171939114129282e-12,3.2254949085559834e-13,2.685339766422374e-13,0.8206386145204305
4401,3.795815413084132e-13,3.4263812124697906e-12,1.420136050659131e-13,0.7497007466154173
4402,5.203475485237778e-13,2.8478250095161814e-13,2.6629710521675537e-13,0.7871774673461914
4403,1.915851797822714e-12,6.89485184523569e-13,6.621850140925714e-13,0.8467935837805272
4404,5.652549437756969e-13,9.905531078889578e-13,3.694457410575774e-13,0.7782006741967052
4405,2.627660155667844e-13,2.558912648736816e-13,2.357191161845764e-13,0.8261287711560726
4406,2.1599895052996826e-13,1.301722626771891e-13,1.376366940244177e-13,0.8390354488044978
4407,1.1577290483535804e-11,1.4240751364142788e-11,7.341918948896515e-12,0.8705713771283626
4408,3.901295404808648e-13,3.7527292985610555e-13,2.1796820753277162e-13,0.7936170471832156
4409,4.249923967165638e-13,5.435862237442911e-13,3.029068480165504e-13,0.8069104201160371
4410,3.806619597021272e-13,9.223606681973277e-13,2.0375493364658577e-13,0.7660250295419246
4411,2.227068360901072e-12,1.5113433956275653e-12,1.606309452601268e-12,0.8401828497648239
4412,5.718294389296785e-13,3.1037592717373014e-13,2.0600050720734962e-13,0.8261925650760531
4413,7.545197543833724e-13,3.554100396246807e-13,2.7393180700080965e-13,0.8314693929627538
4414,2.938564914388763e-13,2.5279228511913346e-13,1.7447355771581294e-13,0.7768776983954012
4415,1.069236875539292e-12,4.402035327452829e-13,3.282481136165623e-13,0.8414213508367538
4416,1.242030262209392e-12,6.559401536409308e-13,5.958327852597002e-13,0.8161941377446056
4417,8.730691703804326e-13,6.646789374760607e-13,3.57333495810295e-13,0.8099713956005872
4418,1.112850036594318e-12,3.0162464797645913e-13,4.5248611554871546e-13,0.8407792838290333
4419,1.450629373528093e-13,2.1500533040629743e-14,5.6087495627844474e-14,0.8247171944007278
4420,8.652190007976535e-13,7.859669680008938e-13,7.522177807061955e-13,0.8238101867958904
4421,4.890408111113042e-13,2.899223961990824e-13,1.6290135403655098e-13,0.8389241103082895
4422,1.4211545328730617e-12,7.485576866871466e-13,9.67497342055311e-13,0.8393480073660612
4423,1.894551491609872e-12,1.0808185320107804e-12,1.1725787956008226e-12,0.7870207288302481
4424,1.482727488768352e-12,1.8900212291316237e-12,9.746546499588095e-13,0.8331544311717153
4425,1.3183733820708329e-12,1.0238094734547985e-12,1.022072741487703e-12,0.838118328154087
4426,5.86140780031579e-13,4.073081587331145e-13,4.445352497223741e-13,0.8353656439110637
4427,4.3472192375710326e-13,3.923165073266166e-13,2.9775007839170805e-13,0.7918508784845472
4428,1.1534945343228426e-12,7.471059404794002e-13,7.945880416590119e-13,0.7881273170933127
4429,6.039233751891012e-13,3.594779806535082e-13,2.517278970125022e-13,0.8250317072495819
4430,3.207066194913279e-13,1.251265921374927e-13,9.774830197369992e-14,0.8186775909736752
4431,4.2758339105286025e-13,2.0652162182444542e-13,1.781474367037537e-13,0.8365040335804224
4432,4.943569967389628e-13,1.293106634019694e-13,1.9013291067901382e-13,0.8459966689348221
4433,8.44276188000906e-13,4.158934373777861e-13,4.035595063470358e-13,0.7942418379709124
4434,3.9365489709495597e-13,1.797221930554273e-13,1.568103246047677e-13,0.8521892238408327
4435,1.0659771507071594e-11,1.701600541281543e-11,6.101219259532555e-12,0.748002463649027
4436,1.1842957338951569e-12,6.348721567430063e-13,7.610032851059657e-13,0.8391625460237264
4437,3.7409867787103186e-12,3.5053976414385448e-12,2.345143225964703e-12,0.8472690768539906
4438,1.0108027477543914e-11,3.654378142220205e-12,2.870057669920453e-12,0.865762036293745
4439,3.5119799103644015e-12,2.7168824102912398e-12,2.939050247146912e-12,0.8235982697457075
4440,4.493042987938726e-12,2.4744544468381558e-12,2.377002345518332e-12,0.8313861155882478
4441,1.846373400684689e-13,8.822884148648521e-14,5.3172800967801534e-14,0.82360236980021
4442,5.198415271677474e-12,5.65027737630174e-12,2.171287616429155e-12,0.8169286949560046
4443,6.563924386053424e-13,9.392136899972005e-14,1.2738658719641484e-13,0.8184581225737929
4444,2.197392519215391e-13,5.646570501709313e-13,9.86212915373604e-14,0.7655228646472096
4445,3.513267759091083e-13,1.253400350182913e-13,5.6822055975733755e-14,0.8546912111341953
4446,6.867249254274532e-13,3.168301710086141e-13,1.4472251740655206e-13,0.7947361823171377
4447,8.383685206094661e-12,1.2961259656548488e-11,1.0913902691641054e-11,0.8364715788513422
4448,4.7338235367361997e-11,4.9034736863116574e-11,4.2015919826069325e-11,0.8168499484658241
4449,4.0622625091865494e-13,2.660916078811125e-13,2.633732970073848e-13,0.8397826692089438
4450,4.1906149547160033e-13,4.425292102867194e-13,3.259782344946904e-13,0.8148840728215874
4451,6.627744682437982e-13,5.972471499129942e-13,2.7624948033106773e-13,0.7817427901551127
4452,9.58080596984437e-13,4.553042706855934e-13,2.735962041512869e-13,0.8299537556245923
4453,1.0761329116480234e-13,6.99830005763301e-14,3.8907457125607096e-14,0.8264413461089134
4454,5.299066805593202e-13,3.721708784786571e-13,2.547871275529468e-13,0.8412035029381514
4455,1.0036461894880281e-13,9.300299493179037e-14,8.438282266406514e-14,0.8162974838167429
4456,1.2487159862731297e-12,1.180701797070949e-12,3.1514128886490253e-13,0.8116867864504457
4457,3.189748736229625e-12,6.49750695805556e-12,2.6112773209038697e-12,0.8153072912245989
4458,8.206891587064697e-13,4.720363633778598e-12,3.407902969331864e-13,0.7618501161690802
4459,6.974178071606553e-13,1.2796388102171577e-12,4.473148162879402e-13,0.7779252152889967
4460,2.597452316354525e-12,1.391950003981277e-12,1.6083843079059773e-12,0.8557133682072162
4461,6.085922771679699e-13,1.2268308619632242e-12,5.584361277509219e-13,0.7820773287676275
4462,9.249322542093937e-14,1.0931190868430085e-13,1.0064874201537369e-13,0.8240933759137988
4463,5.738233875854901e-13,4.560146043569553e-13,3.215575193143307e-13,0.809398682974279
4464,4.033907413978626e-13,5.573849794534805e-13,3.405854205307577e-13,0.7892024226486682
4465,2.815957399614904e-13,2.717055644050901e-13,2.1780285301410683e-13,0.8166558953002095
4466,3.863750713388511e-13,7.610158522436662e-13,2.508458284528085e-13,0.7780573346652091
4467,1.5174268776532134e-13,9.91935126368071e-14,7.338944000317991e-14,0.8252665411680937
4468,2.934436366904719e-13,1.2800582970316904e-13,1.2289004794920252e-13,0.8588026560842991
4469,4.08166114397715e-13,1.3250951242459298e-12,3.26334466992878e-13,0.7767726405989379
4470,1.4206033522846525e-13,1.2609839617073906e-13,1.0918912565309177e-13,0.838748468272388
4471,7.15374153065973e-13,8.757262862121029e-13,6.730428040106358e-13,0.8238524779677391
4472,1.8760401679045407e-12,1.8275895685863308e-12,1.5345776129584325e-12,0.7676102357916534
4473,1.3254590750987595e-11,1.1445354645326767e-11,8.691787834169735e-12,0.8684788756072521
4474,7.870826315424653e-10,2.642336711389822e-09,2.2043134974011434e-09,0.8396919094026088
4475,1.0870619832831266e-11,7.39179260162872e-12,6.1398631088718185e-12,0.7840603082440794
4476,3.569901375860288e-13,7.752408172973599e-14,1.42549941209631e-13,0.8273059086874127
4477,4.066741322994421e-13,4.691877951844124e-13,2.952813362632728e-13,0.7725995614659041
4478,8.438163460674605e-14,5.25539809028446e-14,4.983345517287808e-14,0.8344166584312915
4479,9.093911284245919e-14,4.6265323641064834e-14,4.96547555837982e-14,0.8007806310430169
4480,1.1458576446911584e-13,7.336757702436383e-14,3.461090381857263e-14,0.8254363853484392
4481,2.7289446391716073e-13,2.171931502757595e-13,2.0394116746500751e-13,0.8153647515922785
4482,7.736521568232343e-13,3.447090716262127e-13,4.550126280736155e-13,0.8235353291034698
4483,5.140430613679814e-13,2.3342898570207e-12,6.831734508167009e-13,0.8318044995889068
4484,2.44483686840241e-13,3.763173669723628e-13,7.575093785989979e-14,0.7989468672312796
4485,1.1149851970839877e-12,3.666365907298444e-12,6.599238225400909e-13,0.8068007004447282
4486,2.188026250848991e-13,2.6829372458698695e-13,2.157748072011745e-13,0.8336276274174452
