SampleIndex_1based,Raw_RMSE,TEM1Dformer_RMSE,Raw_minus_TEM1Dformer_RMSE,TEM1Dformer_Harmful_vs_Raw,TEM1Dformer_Improved_vs_Raw
1,1.0784830693038796e-11,1.0726437318602468e-11,5.839337443632816e-14,0,1
2,1.5913921291711962e-13,1.3713634499917017e-13,2.200286791794945e-14,0,1
3,5.045056817857436e-13,5.65736174082334e-13,-6.123049229659036e-14,1,0
4,1.257980352878334e-13,1.352207651330375e-13,-9.422729845204109e-15,1,0
5,2.6224416026062207e-12,2.6434985912925926e-12,-2.105698868637187e-14,1,0
6,3.37604921764494e-13,3.7858057412751006e-13,-4.097565236301606e-14,1,0
7,1.742986607513283e-13,1.9263905979846262e-13,-1.834039904713431e-14,1,0
8,5.064064333484447e-13,5.694070848130744e-13,-6.30006514646296e-14,1,0
9,1.2221834927083786e-12,1.2663192693071481e-12,-4.4135776598769514e-14,1,0
10,8.865805825772778e-12,8.90632791471585e-12,-4.052208894307182e-14,1,0
11,2.933425110015785e-13,2.836731653178411e-13,9.66934568373741e-15,0,1
12,2.952466428175818e-13,2.924070315448111e-13,2.839611272770725e-15,0,1
13,3.1054067581864763e-13,2.531699406439786e-13,5.737073517466904e-14,0,1
14,2.144462051706698e-13,2.7133900591208437e-13,-5.689280074141457e-14,1,0
15,1.472262779896973e-12,1.453514213404103e-12,1.8748566492869958e-14,0,1
16,6.670357307500631e-14,9.564474809823267e-14,-2.894117502322636e-14,1,0
17,5.489433864146539e-13,6.076761590269681e-13,-5.873277261231416e-14,1,0
18,1.1552550622009343e-11,8.061627354656227e-12,3.4909232673531156e-12,0,1
19,2.600296856786263e-12,2.5988104268599545e-12,1.486429926308654e-15,0,1
20,1.7989289966850573e-12,1.84012471343888e-12,-4.119571675382256e-14,1,0
21,1.5420716815032408e-13,1.2195754873094837e-13,3.224961941937571e-14,0,1
22,1.0451918879108619e-13,1.4185150752309852e-13,-3.7332318732012335e-14,1,0
23,9.361862075714843e-13,9.725349391096179e-13,-3.634873153813352e-14,1,0
24,9.464876486337262e-13,9.119224263775334e-13,3.456522225619283e-14,0,1
25,9.855184360561917e-13,9.622809469904806e-13,2.3237489065711105e-14,0,1
26,5.576255649847321e-13,5.118840505740143e-13,4.5741514410717775e-14,0,1
27,4.207620457836889e-13,4.800471562108029e-13,-5.928511042711396e-14,1,0
28,6.896886321184708e-13,6.466677351500226e-13,4.302089696844815e-14,0,1
29,1.7514942733771248e-11,1.5318878709915344e-11,2.196064023855904e-12,0,1
30,1.040831276783292e-12,1.0046662231275604e-12,3.616505365573159e-14,0,1
31,2.111487707578428e-12,2.0616174193926884e-12,4.9870288185739425e-14,0,1
32,1.21523138373889e-12,1.2190625640858471e-12,-3.831180346957141e-15,1,0
33,4.033084970834522e-13,3.822625640955451e-13,2.1045932987907093e-14,0,1
34,7.639727120776221e-14,1.330359428820417e-13,-5.6638671674279495e-14,1,0
35,2.1797425268188533e-13,1.915889158945118e-13,2.6385336787373538e-14,0,1
36,2.6016411069507733e-12,2.5573283723727506e-12,4.431273457802266e-14,0,1
37,9.192385525642114e-13,8.682682646856355e-13,5.0970287878575887e-14,0,1
38,2.1432735354067648e-13,2.2668475153814282e-13,-1.2357397997466342e-14,1,0
39,6.444149462678406e-13,6.733636321282171e-13,-2.8948685860376507e-14,1,0
40,2.307056041702334e-13,2.954510491255179e-13,-6.47454449552845e-14,1,0
41,3.814358456290002e-13,4.1092731864289966e-13,-2.9491473013899466e-14,1,0
42,6.445870958403344e-13,7.093541948433863e-13,-6.476709900305185e-14,1,0
43,4.023982000277481e-13,3.898537297000965e-13,1.2544470327651603e-14,0,1
44,2.6601676907009857e-11,2.1993029176330828e-11,4.608647730679029e-12,0,1
45,3.43299772514208e-11,1.6241788114725474e-11,1.808818913669533e-11,0,1
46,1.5968497236565818e-12,1.5475381331633405e-12,4.9311590493241325e-14,0,1
47,5.701765592411759e-13,5.607796593183503e-13,9.396899922825592e-15,0,1
48,3.4589540841608734e-13,3.003144296623724e-13,4.5580978753714925e-14,0,1
49,6.254700450113284e-13,5.800788066278054e-13,4.539123838352308e-14,0,1
50,1.815676296190779e-12,1.7614960407592407e-12,5.418025543153833e-14,0,1
51,1.1561759453178563e-13,1.185690056950356e-13,-2.9514111632499627e-15,1,0
52,1.6791768917967743e-13,1.2178530565150468e-13,4.613238352817275e-14,0,1
53,4.498829013108789e-12,4.505140526215073e-12,-6.311513106283671e-15,1,0
54,2.654703648863943e-13,2.9706098494244924e-13,-3.159062005605495e-14,1,0
55,1.4460460620920263e-13,1.7562411685668505e-13,-3.101951064748242e-14,1,0
56,4.143242864241612e-13,3.6982522702487727e-13,4.4499059399283915e-14,0,1
57,3.4148446504975584e-13,3.9401089946361626e-13,-5.2526434413860415e-14,1,0
58,6.635665491243419e-14,7.875049106266302e-14,-1.239383615022883e-14,1,0
59,1.3322581111185617e-12,1.2997752107376865e-12,3.248290038087521e-14,0,1
60,5.65984521625702e-13,6.284100114618161e-13,-6.242548983611404e-14,1,0
61,1.0543567703015924e-12,1.0610228535389193e-12,-6.666083237326837e-15,1,0
62,4.61182724615968e-13,5.073124139381173e-13,-4.6129689322149287e-14,1,0
63,2.085787543273403e-13,2.4891127878446144e-13,-4.033252445712113e-14,1,0
64,8.643341306363208e-13,8.430941979847385e-13,2.12399326515823e-14,0,1
65,4.054968168417949e-13,4.62113590760495e-13,-5.6616773918700124e-14,1,0
66,3.155744458724123e-13,3.0117700063750116e-13,1.4397445234911134e-14,0,1
67,5.53784118667553e-13,5.238520827527593e-13,2.99320359147937e-14,0,1
68,4.2542266842383507e-13,4.350504571350629e-13,-9.627788711227854e-15,1,0
69,4.78753466449352e-13,4.4973039140630987e-13,2.902307504304209e-14,0,1
70,5.257814818442769e-13,5.457846653312484e-13,-2.0003183486971465e-14,1,0
71,5.409887204770178e-13,5.037286703757353e-13,3.7260050101282484e-14,0,1
72,5.83556805066494e-13,6.527907157398143e-13,-6.923391067332029e-14,1,0
73,1.0222142657885185e-12,9.854292469448534e-13,3.678501884366512e-14,0,1
74,7.350811349384594e-13,7.004438045100453e-13,3.463733042841408e-14,0,1
75,3.758390050092095e-13,3.615418755066986e-13,1.429712950251094e-14,0,1
76,3.718202103606154e-13,4.15139031478616e-13,-4.331882111800063e-14,1,0
77,5.505956443623546e-12,5.445630838221564e-12,6.032560540198204e-14,0,1
78,9.319272820310365e-13,9.863424858971316e-13,-5.4415203866095104e-14,1,0
79,2.0445077962168797e-13,2.0236998792247005e-13,2.080791699217925e-15,0,1
80,3.974514321526614e-12,4.005074430655812e-12,-3.0560109129198097e-14,1,0
81,1.5200368285722e-13,1.8662624393220595e-13,-3.462256107498596e-14,1,0
82,6.449754149476372e-13,6.151379687521056e-13,2.9837446195531653e-14,0,1
83,2.31272325618961e-13,2.555495473251825e-13,-2.4277221706221516e-14,1,0
84,1.838604131725293e-12,1.8824625591639344e-12,-4.3858427438641614e-14,1,0
85,1.2330390858554274e-13,1.6323008162562552e-13,-3.992617304008278e-14,1,0
86,2.5881628833702e-11,2.691065593108984e-11,-1.0290270973878404e-12,1,0
87,2.3546798394165958e-12,2.4048286975875972e-12,-5.014885817100145e-14,1,0
88,2.2349585115043932e-11,2.2387920394657465e-11,-3.833527961353213e-14,1,0
89,4.505811988233843e-13,3.966085509874675e-13,5.397264783591683e-14,0,1
90,3.8404586163391034e-13,4.1925637204706513e-13,-3.5210510413154784e-14,1,0
91,2.293355526285669e-13,2.1015951874733886e-13,1.9176033881228037e-14,0,1
92,2.0028752551855506e-12,2.0167653715740544e-12,-1.3890116388503882e-14,1,0
93,5.2023741092393046e-14,7.066424307434172e-14,-1.8640501981948674e-14,1,0
94,1.205235434821953e-13,1.7288150289579067e-13,-5.2357959413595366e-14,1,0
95,1.5244005096257297e-12,1.5702999131817996e-12,-4.5899403556069944e-14,1,0
96,1.2328344647493287e-13,1.5000655045752947e-13,-2.67231039825966e-14,1,0
97,3.0788624522968386e-13,3.425052115819578e-13,-3.461896635227393e-14,1,0
98,2.3474026750722784e-13,1.9608194034456638e-13,3.8658327162661466e-14,0,1
99,2.339315220964973e-13,2.1364913037412494e-13,2.028239172237237e-14,0,1
100,9.723620122883165e-13,9.945932598696646e-13,-2.2231247581348034e-14,1,0
101,2.21533729519919e-13,2.663116682936589e-13,-4.4777938773739885e-14,1,0
102,1.2379245848005336e-13,1.362805359834207e-13,-1.2488077503367339e-14,1,0
103,2.2387727562017661e-13,1.949732805497063e-13,2.890399507047032e-14,0,1
104,1.8573929628736938e-13,2.0110686468250294e-13,-1.536756839513356e-14,1,0
105,4.799293899012167e-13,4.632690849613459e-13,1.666030493987074e-14,0,1
106,4.840055959279401e-13,4.693363121747941e-13,1.466928375314594e-14,0,1
107,1.0930632659917824e-13,1.253322665822298e-13,-1.6025939983051564e-14,1,0
108,4.711391873823369e-13,5.147560322632784e-13,-4.3616844880941554e-14,1,0
109,6.315138149216037e-13,6.353517412740054e-13,-3.837926352401654e-15,1,0
110,5.357218868062789e-13,4.863454226964547e-13,4.937646410982425e-14,0,1
111,2.8864453292594164e-13,3.4050620595122746e-13,-5.186167302528582e-14,1,0
112,1.4044508378193812e-13,2.003372111132075e-13,-5.989212733126939e-14,1,0
113,1.651676577945518e-13,2.2429013251129114e-13,-5.912247471673935e-14,1,0
114,6.266066285602838e-13,6.809916256831661e-13,-5.4384997122882334e-14,1,0
115,8.553944064780955e-13,8.689499894316399e-13,-1.3555582953544412e-14,1,0
116,1.1777973912312951e-09,1.0277636795937305e-09,1.5003371163756463e-10,0,1
117,3.9506416952275473e-13,4.540581641043169e-13,-5.899399458156215e-14,1,0
118,5.171642841517484e-13,4.670718321044435e-13,5.0092452047304875e-14,0,1
119,1.0198036950516995e-13,9.61499344538957e-14,5.8304350512742575e-15,0,1
120,5.233689011361063e-12,5.280689273571268e-12,-4.7000262210205524e-14,1,0
121,4.3047656954144987e-13,4.000965823610318e-13,3.0379987180418094e-14,0,1
122,5.363141818796136e-13,5.028953582546773e-13,3.341882362493633e-14,0,1
123,1.825121080848069e-13,2.1582097601617989e-13,-3.330886793137298e-14,1,0
124,4.95884489255541e-13,4.950257265605726e-13,8.587626949683999e-16,0,1
125,6.711530046811624e-13,7.170294012010281e-13,-4.587639651986562e-14,1,0
126,6.283940094947728e-13,6.022324506869119e-13,2.6161558807860913e-14,0,1
127,3.0320197713542086e-13,3.4056492880543904e-13,-3.7362951670018174e-14,1,0
128,3.2975071542928247e-13,3.2167403107738414e-13,8.076684351898322e-15,0,1
129,5.249197158468386e-10,3.3943244231648213e-10,1.8548727353035649e-10,0,1
130,2.1145658182785415e-13,2.56570384306122e-13,-4.511380247826787e-14,1,0
131,4.437434102468625e-13,4.317048748322657e-13,1.2038535414596776e-14,0,1
132,1.0942195069918598e-11,1.0902645280793388e-11,3.954978912521083e-14,0,1
133,4.2644056398838345e-13,4.731623793135951e-13,-4.6721815325211616e-14,1,0
134,6.964968428681336e-13,7.514851116168757e-13,-5.4988268748742125e-14,1,0
135,8.087981110693813e-13,8.354031759994848e-13,-2.6605064930103464e-14,1,0
136,1.2748289220922743e-12,1.2742019448191567e-12,6.269772731176062e-16,0,1
137,9.86963389636775e-13,1.026645373619802e-12,-3.968198398302698e-14,1,0
138,5.159360617764424e-13,4.582750662890587e-13,5.766099548738367e-14,0,1
139,3.7652242203557813e-13,3.9551142006226783e-13,-1.8988998026689695e-14,1,0
140,1.8195158342386135e-13,2.294727418588584e-13,-4.752115843499708e-14,1,0
141,2.805296313033003e-13,3.237227589713608e-13,-4.319312766806049e-14,1,0
142,6.523098820786567e-12,6.536193516648028e-12,-1.3094695861461697e-14,1,0
143,4.4829787770762377e-13,4.61245151670421e-13,-1.2947273962797202e-14,1,0
144,3.5978351616747677e-13,4.088980020515314e-13,-4.9114485884054655e-14,1,0
145,3.393865698999996e-13,3.481588687898629e-13,-8.772298889863323e-15,1,0
146,1.3746350773667817e-12,1.356400222163801e-12,1.8234855202980782e-14,0,1
147,1.511051205570401e-13,1.3435343975991152e-13,1.6751680797128576e-14,0,1
148,6.122281505785672e-13,5.624650762766363e-13,4.976307430193099e-14,0,1
149,1.3504458732331565e-13,1.4085443134154e-13,-5.809844018224358e-15,1,0
150,9.332147168488448e-13,9.255287214206488e-13,7.685995428196033e-15,0,1
151,4.933474426551665e-13,5.233435033135188e-13,-2.999606065835226e-14,1,0
152,5.209525318075659e-13,4.91623416931318e-13,2.9329114876247895e-14,0,1
153,2.5697729255160657e-12,2.605529491502374e-12,-3.575656598630847e-14,1,0
154,5.375735718934396e-13,5.100092981075985e-13,2.7564273785841113e-14,0,1
155,1.3932976790466722e-13,1.8540923430815602e-13,-4.6079466403488796e-14,1,0
156,6.654424039824215e-12,6.6074602210403425e-12,4.696381878387282e-14,0,1
157,5.22796433619708e-12,5.278498535368784e-12,-5.053419917170442e-14,1,0
158,1.0856367839856697e-13,1.426279716286202e-13,-3.406429323005322e-14,1,0
159,8.316795046398499e-13,8.736845252919725e-13,-4.200502065212261e-14,1,0
160,5.956654781742196e-14,9.16745827050083e-14,-3.210803488758633e-14,1,0
161,5.141574444520894e-13,5.667660887647519e-13,-5.260864431266249e-14,1,0
162,4.775822649497156e-13,5.212482437344406e-13,-4.366597878472496e-14,1,0
163,3.1117518378192325e-12,3.1616464398799973e-12,-4.9894602060764726e-14,1,0
164,6.032060728184193e-12,6.012151747580351e-12,1.9908980603841968e-14,0,1
165,2.5125113257064994e-11,2.150141359249471e-11,3.6236996645702834e-12,0,1
166,3.018221424059429e-13,3.2686477904325915e-13,-2.5042636637316275e-14,1,0
167,4.758192791679311e-13,4.4900753883593815e-13,2.6811740331992987e-14,0,1
168,4.671885416835255e-13,4.3250791932041485e-13,3.468062236311069e-14,0,1
169,5.217459781283067e-12,5.203316117178607e-12,1.4143664104460456e-14,0,1
170,2.0601704109462558e-13,1.9668689204915535e-13,9.330149045470234e-15,0,1
171,8.79278267101472e-13,9.021392209186787e-13,-2.28609538172067e-14,1,0
172,1.5030906890912454e-13,1.6975238719414865e-13,-1.9443318285024116e-14,1,0
173,9.450247037744056e-13,9.32565804383845e-13,1.2458899390560649e-14,0,1
174,3.117395065875081e-13,2.9640847235777053e-13,1.533103422973755e-14,0,1
175,1.872463450857491e-13,2.3430426392678564e-13,-4.705791884103653e-14,1,0
176,5.055274433782829e-13,5.029759181072731e-13,2.55152527100979e-15,0,1
177,1.4721515141206078e-12,1.5246431259399276e-12,-5.249161181931985e-14,1,0
178,4.781138510125241e-13,4.5200310915645107e-13,2.6110741856073004e-14,0,1
179,7.213842234508242e-13,6.664784953786947e-13,5.490572807212948e-14,0,1
180,3.681018188407846e-13,3.3030998668982125e-13,3.7791832150963346e-14,0,1
181,3.7180772165306236e-13,3.983139890675353e-13,-2.650626741447295e-14,1,0
182,4.75447044245733e-13,4.478559997742799e-13,2.759104447145309e-14,0,1
183,4.69219835037222e-13,4.832709325597424e-13,-1.405109752252041e-14,1,0
184,7.929650181995936e-13,7.507670721460505e-13,4.21979460535431e-14,0,1
185,1.9981991434936332e-13,2.5986145432264953e-13,-6.00415399732862e-14,1,0
186,1.3844658973777303e-12,1.446027366106319e-12,-6.156146872858866e-14,1,0
187,4.090372260739249e-13,3.9164131706485163e-13,1.7395909009073268e-14,0,1
188,1.9089451337561e-12,1.8680159562780965e-12,4.092917747800354e-14,0,1
189,8.975817867652142e-14,1.075105330133355e-13,-1.7752354336814077e-14,1,0
190,2.740288474644155e-13,2.8911811348797597e-13,-1.5089266023560468e-14,1,0
191,3.416613529783033e-13,3.7378777456580363e-13,-3.212642158750035e-14,1,0
192,6.363637349784841e-13,6.422051938685747e-13,-5.8414588900906475e-15,1,0
193,5.869417574350126e-13,6.206229838596087e-13,-3.368122642459607e-14,1,0
194,1.546474740622097e-12,1.5874389149784281e-12,-4.096417435633115e-14,1,0
195,1.29461726242497e-13,1.668288715266403e-13,-3.7367145284143305e-14,1,0
196,6.071176553715094e-13,6.043414621019593e-13,2.7761932695500725e-15,0,1
197,2.512672975126615e-12,2.4612257342019456e-12,5.144724092466927e-14,0,1
198,3.145292974900897e-11,2.6561865604477597e-11,4.891064144531374e-12,0,1
199,2.56001781713169e-12,2.5451635286523587e-12,1.4854288479331493e-14,0,1
200,2.2336149904033365e-13,2.0139890742037464e-13,2.1962591619959004e-14,0,1
201,1.7186618307626265e-13,1.653098577324731e-13,6.556325343789544e-15,0,1
202,3.1652634143921257e-13,3.65085799894166e-13,-4.855945845495341e-14,1,0
203,2.5828940984012792e-12,2.606208718988893e-12,-2.331462058761391e-14,1,0
204,3.2274936184590097e-13,3.450291551178426e-13,-2.2279793271941622e-14,1,0
205,2.1221975634320417e-11,1.8672221095047907e-11,2.5497545392725102e-12,0,1
206,6.464501430577878e-13,5.949093806427695e-13,5.1540762415018235e-14,0,1
207,1.18354220812348e-13,1.2960821958908014e-13,-1.125399877673214e-14,1,0
208,9.040951991419367e-12,8.984171482210487e-12,5.678050920887935e-14,0,1
209,3.935582500085734e-12,3.966080666805636e-12,-3.049816671990155e-14,1,0
210,4.3684463902506547e-13,4.861210190999586e-13,-4.9276380074893155e-14,1,0
211,3.9049416961355845e-13,4.3586649297734307e-13,-4.537232336378461e-14,1,0
212,5.372558332813797e-13,5.511390777706541e-13,-1.3883244489274388e-14,1,0
213,7.519006595775803e-13,7.782526254724819e-13,-2.635196589490161e-14,1,0
214,3.248017909385622e-13,3.4822502594053836e-13,-2.342323500197616e-14,1,0
215,3.859868909037202e-13,4.320253601720172e-13,-4.603846926829701e-14,1,0
216,3.0254938707227594e-12,2.9681077821879474e-12,5.738608853481202e-14,0,1
217,5.962282572604588e-12,5.935082493086739e-12,2.7200079517849437e-14,0,1
218,1.382210487267047e-12,1.3496898364474464e-12,3.25206508196006e-14,0,1
219,1.7940636659608064e-13,1.9353242129104002e-13,-1.4126054694959374e-14,1,0
220,1.2073862141550317e-13,1.2126495956436278e-13,-5.26338148859607e-16,1,0
221,7.664609280873172e-13,8.217774868207686e-13,-5.53165587334514e-14,1,0
222,1.4879180601092732e-12,1.4421563155342739e-12,4.5761744574999364e-14,0,1
223,3.180362232362676e-13,3.633865982688974e-13,-4.535037503262983e-14,1,0
224,1.087780595632121e-12,1.0700846105853302e-12,1.7695985046790836e-14,0,1
225,1.1408604512495116e-12,1.1774321028979152e-12,-3.6571651648403604e-14,1,0
226,1.1603267458297961e-12,1.1082192346335698e-12,5.210751119622628e-14,0,1
227,2.3694014595620427e-12,2.35555805137687e-12,1.38434081851725e-14,0,1
228,4.717342693629127e-13,4.3474197727768993e-13,3.699229208522272e-14,0,1
229,4.207999366651227e-13,3.8475226725309485e-13,3.6047669412027824e-14,0,1
230,2.3482871089386106e-13,2.614851592697606e-13,-2.665644837589956e-14,1,0
231,1.468072730072115e-13,1.0742084608355217e-13,3.938642692365932e-14,0,1
232,6.105561415346234e-13,5.553797345678832e-13,5.5176406966740206e-14,0,1
233,5.484474452023023e-13,5.060283270215348e-13,4.2419118180767494e-14,0,1
234,8.505030485618422e-13,8.052083871103453e-13,4.529466145149694e-14,0,1
235,6.727281602006535e-13,7.29756649512416e-13,-5.702848931176247e-14,1,0
236,1.3673840567582542e-11,1.3632409826230738e-11,4.1430741351803456e-14,0,1
237,3.46819265835261e-13,3.7771881820364494e-13,-3.0899552368383936e-14,1,0
238,3.1784344844150707e-13,3.669772283374509e-13,-4.9133779895943834e-14,1,0
239,3.5158331128790924e-12,3.5559640655343603e-12,-4.0130952655267835e-14,1,0
240,1.465101858900813e-13,2.0760724777090879e-13,-6.109706188082748e-14,1,0
241,1.7794994617493931e-12,1.7992786266631712e-12,-1.977916491377812e-14,1,0
242,1.7139695877551062e-11,1.718502650855961e-11,-4.53306310085472e-14,1,0
243,4.795627751423457e-13,5.083390355968804e-13,-2.8776260454534784e-14,1,0
244,3.9876508537215887e-13,4.1425984601340345e-13,-1.5494760641244576e-14,1,0
245,5.6785528211488e-13,5.24347532850401e-13,4.3507749264479014e-14,0,1
246,4.827903759001047e-13,5.048201076753161e-13,-2.2029731775211428e-14,1,0
247,1.4920677181493828e-13,1.6313919672848305e-13,-1.3932424913544766e-14,1,0
248,1.7128818565920775e-13,1.8004973997145452e-13,-8.761554312246762e-15,1,0
249,7.663260252703104e-13,7.513606038137538e-13,1.496542145655664e-14,0,1
250,8.948736507565023e-13,8.750156278722667e-13,1.985802288423562e-14,0,1
251,1.4287515962711305e-13,1.3399069170666657e-13,8.884467920446482e-15,0,1
252,1.1974344499320408e-12,1.157384186283134e-12,4.005026364890678e-14,0,1
253,2.837723439411658e-13,3.0764918786896213e-13,-2.3876843927796314e-14,1,0
254,1.4019538385884284e-13,1.4273171989720116e-13,-2.5363360383583154e-15,1,0
255,3.961533765610434e-13,3.6627855583403393e-13,2.9874820727009483e-14,0,1
256,3.2590264518466335e-13,3.5854153518295036e-13,-3.263888999828701e-14,1,0
257,3.483671005876374e-13,3.7896598291857577e-13,-3.059888233093836e-14,1,0
258,5.367204892816186e-13,5.001002540960298e-13,3.662023518558887e-14,0,1
259,6.678187259766237e-13,6.285916056573304e-13,3.922712031929327e-14,0,1
260,1.4276733404084535e-12,1.44203304575977e-12,-1.4359705351316513e-14,1,0
261,8.28008437946308e-14,1.104625064938302e-13,-2.76616626991994e-14,1,0
262,4.3541027093535046e-13,4.4143667972076185e-13,-6.0264087854113904e-15,1,0
263,8.443301712411549e-13,8.716692028445465e-13,-2.733903160339162e-14,1,0
264,1.1716943039865625e-12,1.2238482131721612e-12,-5.215390918559873e-14,1,0
265,3.659697275164289e-13,3.6655198757583473e-13,-5.822600594058009e-16,1,0
266,1.3613582099413721e-13,1.069101645298842e-13,2.9225656464253016e-14,0,1
267,1.0265980463795862e-11,1.0294529584240494e-11,-2.854912044463136e-14,1,0
268,1.042391116859891e-12,1.0404624306864616e-12,1.928686173429512e-15,0,1
269,6.566332776892575e-12,6.548656634730538e-12,1.767614216203696e-14,0,1
270,3.010221399989178e-13,3.163057746919165e-13,-1.528363469299868e-14,1,0
271,1.3903723941021805e-13,1.1979948466848742e-13,1.9237754741730634e-14,0,1
272,3.4806042765066577e-13,3.920951508317856e-13,-4.403472318111982e-14,1,0
273,1.5845104104922636e-13,2.1328982418804589e-13,-5.483878313881952e-14,1,0
274,1.2217770080535587e-13,1.2190801281449556e-13,2.6968799086030904e-16,0,1
275,1.5689220559774702e-13,1.7414014921934748e-13,-1.7247943621600457e-14,1,0
276,2.2211044156570106e-13,2.677374969826834e-13,-4.562705541698237e-14,1,0
277,7.065781897015261e-13,6.980784100127303e-13,8.49977968879584e-15,0,1
278,2.305904629577688e-13,2.0315213836282861e-13,2.743832459494017e-14,0,1
279,2.811102606220507e-13,2.8962223991819867e-13,-8.51197929614796e-15,1,0
280,7.941238345006883e-13,8.115765511556265e-13,-1.7452716654938256e-14,1,0
281,1.903958482676164e-12,1.96480554041978e-12,-6.084705774361617e-14,1,0
282,6.950534481309027e-13,7.512906918101464e-13,-5.623724367924364e-14,1,0
283,6.099572523641077e-12,6.092406798310433e-12,7.16572533064426e-15,0,1
284,7.079481055625057e-13,6.749965841549495e-13,3.2951521407556264e-14,0,1
285,1.8560738245665715e-13,1.9009752855955152e-13,-4.490146102894372e-15,1,0
286,3.754924878630058e-13,3.818959979229939e-13,-6.403510059988103e-15,1,0
287,1.1034732967882874e-13,1.6605424461391786e-13,-5.570691493508912e-14,1,0
288,9.69018348670152e-12,9.741376079447138e-12,-5.119259274561895e-14,1,0
289,8.589217470093807e-13,9.13705736673985e-13,-5.478398966460421e-14,1,0
290,1.6912837369192964e-12,1.6496195988717442e-12,4.166413804755218e-14,0,1
291,2.598060965797386e-13,2.3251109656225153e-13,2.729500001748705e-14,0,1
292,1.5321869317817228e-13,1.3651827406779948e-13,1.67004191103728e-14,0,1
293,8.411106913298045e-12,8.441873343173704e-12,-3.076642987565884e-14,1,0
294,1.1919996127908402e-12,1.1671156311750005e-12,2.4883981615839677e-14,0,1
295,3.776469617457447e-13,3.975104658909066e-13,-1.986350414516192e-14,1,0
296,9.757453971159801e-12,9.795183647533786e-12,-3.772967637398526e-14,1,0
297,2.366452630585545e-13,1.9318518496995781e-13,4.34600780885967e-14,0,1
298,8.131832158957503e-13,7.992018494150327e-13,1.3981366480717624e-14,0,1
299,5.295056240683396e-13,5.759829214876129e-13,-4.6477297419273306e-14,1,0
300,1.4460981972720893e-13,1.6516020613790798e-13,-2.0550386410699054e-14,1,0
301,5.374926303150404e-13,5.659609176040801e-13,-2.846828728903966e-14,1,0
302,7.037749616311471e-13,6.920449812800227e-13,1.1729980351124458e-14,0,1
303,6.933375852077629e-13,6.68922089607194e-13,2.4415495600568966e-14,0,1
304,2.703858702365998e-13,2.626253021274005e-13,7.760568109199259e-15,0,1
305,4.642594704977315e-13,4.117808156337198e-13,5.2478654864011755e-14,0,1
306,4.438560035035533e-12,4.446716852214218e-12,-8.156817178685021e-15,1,0
307,1.1910420688157396e-12,1.2127458840144864e-12,-2.1703815198746802e-14,1,0
308,3.034834277502082e-13,3.295889558764711e-13,-2.6105528126262905e-14,1,0
309,1.1976836099666733e-11,1.2017042329653935e-11,-4.02062299872021e-14,1,0
310,1.9325794155563866e-12,1.937547446946159e-12,-4.9680313897725234e-15,1,0
311,7.424857464018221e-12,7.487921607237341e-12,-6.306414321911979e-14,1,0
312,1.1674596787681702e-12,1.2017515345969124e-12,-3.429185582874223e-14,1,0
313,1.3636447499718906e-11,1.3628529481106439e-11,7.918018612467186e-15,0,1
314,9.527619808453074e-12,9.556193064039368e-12,-2.8573255586293995e-14,1,0
315,1.1110618903016072e-12,1.104245652468634e-12,6.8162378329731285e-15,0,1
316,2.371019472571423e-13,2.7932691520693237e-13,-4.2224967949790086e-14,1,0
317,2.0804899778617494e-12,2.1219994303519265e-12,-4.150945249017713e-14,1,0
318,3.041435223637453e-13,3.485047433464508e-13,-4.4361220982705494e-14,1,0
319,9.725974819295314e-13,9.762428349888648e-13,-3.6453530593333835e-15,1,0
320,1.5337694454086245e-12,1.4854812563485094e-12,4.8288189060115094e-14,0,1
321,1.6332146048871082e-12,1.6935924703636824e-12,-6.037786547657426e-14,1,0
322,2.1741311832879333e-12,2.1842396820836563e-12,-1.010849879572296e-14,1,0
323,2.450754916018565e-13,2.465698997983962e-13,-1.4944081965396996e-15,1,0
324,9.6236917399011e-12,9.588007147003219e-12,3.568459289788132e-14,0,1
325,1.319968780195758e-12,1.3701529140219651e-12,-5.018413382620702e-14,1,0
326,1.6729586204912493e-12,1.6672205009647478e-12,5.7381195265015205e-15,0,1
327,1.9732945253842715e-13,2.623567885153709e-13,-6.502733597694373e-14,1,0
328,2.932915453553614e-13,2.600148063193156e-13,3.327673903604579e-14,0,1
329,2.722615078475563e-13,2.65103237816482e-13,7.158270031074266e-15,0,1
330,1.1959088663396104e-13,1.5233741217538695e-13,-3.274652554142591e-14,1,0
331,1.2529929289372913e-13,1.738411282641357e-13,-4.854183537040656e-14,1,0
332,5.836437417397429e-13,5.615332610371159e-13,2.211048070262693e-14,0,1
333,8.106912449806015e-13,8.6912393941384e-13,-5.843269443323849e-14,1,0
334,1.874942860082921e-13,1.695867893035835e-13,1.79074967047086e-14,0,1
335,6.500497824438171e-13,6.87998574235654e-13,-3.794879179183687e-14,1,0
336,2.523047281197508e-13,2.5069511590726023e-13,1.6096122124905768e-15,0,1
337,1.9372517866918552e-11,1.7656752776111938e-11,1.7157650908066142e-12,0,1
338,4.8072348369543575e-12,4.773370415098076e-12,3.386442185628165e-14,0,1
339,4.5129838671726574e-13,4.892406215327229e-13,-3.794223481545718e-14,1,0
340,1.2583078085589215e-12,1.3023190814473314e-12,-4.4011272888409905e-14,1,0
341,6.157361765153911e-13,5.618704266536855e-13,5.386574986170566e-14,0,1
342,1.230198977346017e-12,1.280220292068821e-12,-5.0021314722803916e-14,1,0
343,8.089715670277493e-13,7.611323582320812e-13,4.78392087956681e-14,0,1
344,3.11052543877245e-13,3.401819520886384e-13,-2.912940821139342e-14,1,0
345,1.3029304999707424e-12,1.3243320952160396e-12,-2.140159524529718e-14,1,0
346,9.016152487508286e-13,9.420180345036783e-13,-4.040278575284975e-14,1,0
347,3.9341429553687016e-13,3.963668559902522e-13,-2.952560453382062e-15,1,0
348,7.613232837176212e-13,7.306404985314963e-13,3.0682785186124926e-14,0,1
349,1.7746055614690134e-12,1.7412711373732347e-12,3.333442409577865e-14,0,1
350,1.8242060815691328e-13,2.3646282524153517e-13,-5.404221708462189e-14,1,0
351,3.929535808639323e-13,3.8715932710693696e-13,5.794253756995321e-15,0,1
352,1.991874450953266e-13,1.71628722632011e-13,2.755872246331558e-14,0,1
353,8.388350197594582e-14,1.286663064802684e-13,-4.478280450432259e-14,1,0
354,7.721024004301008e-13,7.972610611075477e-13,-2.5158660677446967e-14,1,0
355,1.2253214553300266e-13,1.2572269823031247e-13,-3.1905526973098092e-15,1,0
356,3.8881844094779326e-13,4.3807781940437973e-13,-4.9259378456586464e-14,1,0
357,2.246239341828626e-12,2.1934967673625518e-12,5.274257446607421e-14,0,1
358,3.8277137197969795e-13,3.567225478613618e-13,2.6048824118336138e-14,0,1
359,2.0409048538836763e-13,2.1743154238441333e-13,-1.3341056996045701e-14,1,0
360,2.0298036187545967e-13,2.2828526320871407e-13,-2.53049013332544e-14,1,0
361,1.8990371916788378e-13,2.4021603853462225e-13,-5.0312319366738464e-14,1,0
362,3.3905551803877145e-13,3.9084671544786275e-13,-5.1791197409091305e-14,1,0
363,8.021310989303915e-13,8.505379558987059e-13,-4.840685696831437e-14,1,0
364,6.623790134123681e-13,6.896584321207832e-13,-2.727941870841512e-14,1,0
365,3.9116866912308423e-13,4.180635082767647e-13,-2.6894839153680472e-14,1,0
366,1.9035116466752986e-12,1.9446439681714047e-12,-4.113232149610612e-14,1,0
367,2.552657320931114e-13,2.8875503927180884e-13,-3.348930717869744e-14,1,0
368,7.052907917206273e-13,7.055313911095558e-13,-2.405993889284509e-16,1,0
369,1.7357875051040594e-13,1.3865581488301545e-13,3.4922935627390493e-14,0,1
370,1.2426823182973143e-12,1.233576866404217e-12,9.10545189309729e-15,0,1
371,6.274930352722586e-13,6.153577562939917e-13,1.213527897826698e-14,0,1
372,1.3036330713676009e-13,1.3760799138121951e-13,-7.244684244459429e-15,1,0
373,1.5774085772947148e-13,1.697527557397524e-13,-1.201189801028093e-14,1,0
374,1.0698868470448157e-12,1.1127085837795147e-12,-4.2821736734699007e-14,1,0
375,9.174176735727766e-13,8.596190068409809e-13,5.779866673179568e-14,0,1
376,2.609484561641214e-13,2.087354629676494e-13,5.221299319647198e-14,0,1
377,3.0510187500716917e-13,3.331262795628161e-13,-2.802440455564692e-14,1,0
378,9.274020554099529e-13,9.59162043741704e-13,-3.175998833175116e-14,1,0
379,1.6824961681028244e-12,1.6421878430072393e-12,4.03083250955851e-14,0,1
380,9.666446511186241e-13,1.0263574425539593e-12,-5.971279143533514e-14,1,0
381,1.8745790035099558e-13,1.450839974418173e-13,4.237390290917829e-14,0,1
382,2.6551198379541516e-13,2.878323794679746e-13,-2.2320395672559418e-14,1,0
383,6.466764601080552e-13,6.030933484994517e-13,4.3583111608603516e-14,0,1
384,1.9633062701107167e-12,1.9955809281783e-12,-3.227465806758347e-14,1,0
385,2.1322115540101748e-12,2.181833648625082e-12,-4.962209461490714e-14,1,0
386,3.682077665640634e-13,4.229374121176684e-13,-5.472964555360503e-14,1,0
387,3.241329018218763e-13,3.0798528643751744e-13,1.6147615384358876e-14,0,1
388,2.3236926059489473e-13,2.3342012969041346e-13,-1.050869095518731e-15,1,0
389,2.113125272493903e-12,2.1645247385962507e-12,-5.1399466102347794e-14,1,0
390,4.138337421161169e-12,4.187157619241361e-12,-4.8820198080192056e-14,1,0
391,3.8246943700558476e-13,4.021888935681202e-13,-1.9719456562535462e-14,1,0
392,2.052355758901446e-11,1.4588253439263176e-11,5.935304149751283e-12,0,1
393,3.419786960765366e-13,2.989895498185801e-13,4.29891462579565e-14,0,1
394,6.167847895124161e-12,6.230010759803419e-12,-6.216286467925766e-14,1,0
395,1.8767388857746315e-13,1.656884627581109e-13,2.198542581935226e-14,0,1
396,1.4150740582341666e-12,1.458334296534977e-12,-4.326023830081029e-14,1,0
397,3.3232371183979265e-13,3.0637762501727456e-13,2.5946086822518095e-14,0,1
398,1.2247621031870648e-13,1.4447563639233845e-13,-2.199942607363197e-14,1,0
399,2.2183034851152494e-13,2.7416260422502567e-13,-5.233225571350073e-14,1,0
400,1.3876100129931975e-13,1.7507845533148266e-13,-3.6317454032162914e-14,1,0
401,1.0488871479319226e-13,9.041089319765226e-14,1.447782159554e-14,0,1
402,2.241494923572135e-13,2.8249004403935293e-13,-5.834055168213942e-14,1,0
403,7.847287301311408e-12,7.727783111805591e-12,1.195041895058165e-13,0,1
404,3.995233216980019e-13,4.634491901272469e-13,-6.392586842924507e-14,1,0
405,3.3331455188095325e-13,3.0611209880572537e-13,2.7202453075227878e-14,0,1
406,8.356525024992419e-13,8.218379532594508e-13,1.3814549239791149e-14,0,1
407,2.589079824947973e-13,2.8073644146680823e-13,-2.1828458972010912e-14,1,0
408,1.507183079660104e-13,2.0442357408738075e-13,-5.370526612137034e-14,1,0
409,2.9616449018028405e-10,2.1588856106252623e-10,8.027592911775782e-11,0,1
410,1.0565642385188843e-12,1.0968225820570773e-12,-4.025834353819302e-14,1,0
411,6.923730818136095e-13,6.976622248383364e-13,-5.28914302472697e-15,1,0
412,7.242665190920549e-13,7.49953467699246e-13,-2.5686948607191044e-14,1,0
413,3.4893877304924283e-13,3.5770940166487693e-13,-8.770628615634103e-15,1,0
414,2.4073684900051873e-13,1.9143749947500099e-13,4.929934952551774e-14,0,1
415,2.793746123762907e-13,2.7847575265869017e-13,8.988597176005232e-16,0,1
416,2.7149663339487623e-13,3.085587614216429e-13,-3.706212802676666e-14,1,0
417,2.1068181051073274e-13,2.6734743381231317e-13,-5.6665623301580425e-14,1,0
418,4.0423775390356994e-13,4.5050396720378135e-13,-4.626621330021141e-14,1,0
419,1.6712659459929952e-12,1.7141051317513297e-12,-4.283918575833445e-14,1,0
420,3.9949032508211296e-13,4.405834046030678e-13,-4.109307952095487e-14,1,0
421,1.272737603144731e-12,1.2940882179435585e-12,-2.135061479882747e-14,1,0
422,1.3609745290762624e-12,1.4189050296956002e-12,-5.793050061933777e-14,1,0
423,3.919207314647313e-13,4.399628358727017e-13,-4.8042104407970426e-14,1,0
424,3.807301574108672e-13,3.567988506700419e-13,2.3931306740825294e-14,0,1
425,8.285339144155508e-13,7.987914310395042e-13,2.974248337604658e-14,0,1
426,4.238664959349947e-14,8.725183494322284e-14,-4.486518534972337e-14,1,0
427,1.276098399816469e-13,1.0378748179351239e-13,2.3822358188134514e-14,0,1
428,7.937531875645904e-14,9.543903532173764e-14,-1.60637165652786e-14,1,0
429,1.4100508080862087e-13,1.1649902334255863e-13,2.450605746606224e-14,0,1
430,1.2561730101065023e-13,1.4439166651494865e-13,-1.8774365504298426e-14,1,0
431,4.0368719080243167e-13,4.5008869754006327e-13,-4.64015067376316e-14,1,0
432,3.201410440334061e-13,2.7160950101762345e-13,4.853154301578262e-14,0,1
433,2.9687026009141003e-13,3.1183847495865767e-13,-1.4968214867247645e-14,1,0
434,1.1477593574804263e-12,1.1703179681249686e-12,-2.2558610644542266e-14,1,0
435,1.1291244188474709e-12,1.1134730220302245e-12,1.5651396817246332e-14,0,1
436,4.5451792150042226e-13,4.086104466552303e-13,4.5907474845191977e-14,0,1
437,1.349586418465298e-12,1.3045662237554769e-12,4.502019470982118e-14,0,1
438,9.28845321348533e-13,9.601581886874145e-13,-3.131286733888161e-14,1,0
439,5.629973739855673e-13,5.724743635672483e-13,-9.476989581680946e-15,1,0
440,6.4888955726883e-12,6.5045546191697774e-12,-1.565904648147762e-14,1,0
441,2.224177276431911e-13,2.1361278090652857e-13,8.804946736662525e-15,0,1
442,4.675723077654728e-13,5.081396130726573e-13,-4.05673053071844e-14,1,0
443,4.858409113807984e-13,4.728674361321985e-13,1.2973475248599865e-14,0,1
444,6.577961462178483e-12,6.579122154481747e-12,-1.1606923032641012e-15,1,0
445,4.236411818941594e-13,4.589936320161034e-13,-3.535245012194396e-14,1,0
446,8.348166165079244e-13,8.316532808430197e-13,3.163335664904624e-15,0,1
447,1.7153844254256158e-13,1.6323229001605056e-13,8.306152526511015e-15,0,1
448,4.0969259232237934e-13,4.1213319901458405e-13,-2.4406066922047115e-15,1,0
449,1.795229981172073e-12,1.7490842908321138e-12,4.614569033995913e-14,0,1
450,5.543905915117063e-13,5.357868163832608e-13,1.8603775128445437e-14,0,1
451,1.7562050624358183e-13,2.0529612216024489e-13,-2.9675615916663055e-14,1,0
452,3.36852878548772e-12,3.326668921557175e-12,4.185986393054496e-14,0,1
453,2.4257795952396167e-12,2.380445467258014e-12,4.5334127981602536e-14,0,1
454,2.4205903070327494e-13,2.605798771323384e-13,-1.8520846429063458e-14,1,0
455,3.8316519199590063e-13,4.3786226909655845e-13,-5.469707710065782e-14,1,0
456,6.54647924710555e-13,6.79442288129466e-13,-2.4794363418910956e-14,1,0
457,1.343120134856326e-12,1.3858138357918067e-12,-4.2693700935480696e-14,1,0
458,1.768825534417222e-13,2.2585022680802953e-13,-4.896767336630732e-14,1,0
459,2.424257454129546e-12,2.412199814676639e-12,1.2057639452906885e-14,0,1
460,1.0141181161891367e-13,1.1722240512054057e-13,-1.581059350162689e-14,1,0
461,7.281685537375011e-11,6.193254125866791e-11,1.0884314115082202e-11,0,1
462,2.6373474986626613e-13,3.098932711086224e-13,-4.6158521242356255e-14,1,0
463,1.4989511650361257e-11,1.50304413180281e-11,-4.0929667666842045e-14,1,0
464,2.082626347428189e-12,2.1237358775320536e-12,-4.1109530103864466e-14,1,0
465,2.6156728711853055e-12,2.630262859320828e-12,-1.4589988135522536e-14,1,0
466,2.4593159005935216e-12,2.5147124864966018e-12,-5.539658590308016e-14,1,0
467,4.90063368794425e-13,4.870153432868206e-13,3.0480255076043943e-15,0,1
468,2.2690215075855037e-13,2.2329696866708003e-13,3.605182091470346e-15,0,1
469,1.98171382573027e-13,2.0054047254570564e-13,-2.3690899726786482e-15,1,0
470,3.394098430027008e-13,3.637304818825164e-13,-2.4320638879815573e-14,1,0
471,7.090016314781969e-14,1.1362382108440788e-13,-4.2723657936588184e-14,1,0
472,9.704274880500063e-13,1.02473999205904e-12,-5.431250400903366e-14,1,0
473,6.178806027934849e-12,6.149402994743371e-12,2.94030331914775e-14,0,1
474,5.244737485592422e-13,5.043225161499111e-13,2.0151232409331165e-14,0,1
475,3.1799403573405705e-12,3.1539237495568567e-12,2.6016607783713807e-14,0,1
476,1.1668106404255164e-12,1.198296815225895e-12,-3.148617480037857e-14,1,0
477,3.941385811149405e-13,4.513419646373365e-13,-5.720338352239599e-14,1,0
478,9.820194718977742e-13,1.0361812708537465e-12,-5.4161798955972326e-14,1,0
479,3.57126322215628e-13,4.009173937410614e-13,-4.3791071525433414e-14,1,0
480,3.9521705140000795e-13,3.695999399913291e-13,2.5617111408678863e-14,0,1
481,1.5580651072275662e-12,1.6011490116953967e-12,-4.308390446783057e-14,1,0
482,3.148143271559988e-13,3.371880298891293e-13,-2.2373702733130507e-14,1,0
483,4.5438770975619696e-13,4.96165121434896e-13,-4.1777411678699035e-14,1,0
484,2.2168411264666615e-13,1.8190575640213586e-13,3.97783562445303e-14,0,1
485,2.2351817953486518e-13,2.3795887226226647e-13,-1.4440692727401283e-14,1,0
486,2.8993227942339246e-13,3.0990759116654275e-13,-1.997531174315029e-14,1,0
487,2.6407243519651586e-13,2.3255175447791746e-13,3.1520680718598394e-14,0,1
488,3.726263649542961e-13,4.183550276670837e-13,-4.57286627127876e-14,1,0
489,3.273108486596087e-13,3.4350676981871863e-13,-1.6195921159109956e-14,1,0
490,3.1599160310859257e-13,3.552363110393364e-13,-3.9244707930743847e-14,1,0
491,9.182124856541907e-13,9.686760819468363e-13,-5.046359629264559e-14,1,0
492,1.3108926170529032e-13,1.5693899141338548e-13,-2.5849729708095158e-14,1,0
493,3.8852270334070435e-13,4.516261675891405e-13,-6.310346424843614e-14,1,0
494,1.431651861845009e-12,1.487252381695988e-12,-5.560051985097899e-14,1,0
495,1.6075898422133566e-13,1.222333304715822e-13,3.8525653749753455e-14,0,1
496,2.6561126241119513e-12,2.590625015573504e-12,6.548760853844726e-14,0,1
497,9.32582062490528e-13,8.917962929084376e-13,4.0785769582090434e-14,0,1
498,6.281759538191555e-13,6.800855457133577e-13,-5.190959189420222e-14,1,0
499,2.9720256128203865e-13,2.997977238273217e-13,-2.5951625452830327e-15,1,0
500,2.144220812214357e-13,2.47033155012254e-13,-3.2611073790818267e-14,1,0
501,1.0560076233112337e-12,1.1055786527542063e-12,-4.9571029442972606e-14,1,0
502,4.2019153390790183e-13,4.227590501627768e-13,-2.5675162548749516e-15,1,0
503,7.285035107451591e-14,1.2541726399441638e-13,-5.256691291990047e-14,1,0
504,6.698471660184944e-13,6.370328692890152e-13,3.2814296729479215e-14,0,1
505,5.068275329167862e-13,5.436524973128287e-13,-3.6824964396042534e-14,1,0
506,5.8692278833731915e-12,5.815573116592714e-12,5.365476678047731e-14,0,1
507,9.402630827917122e-13,9.121191019239686e-13,2.8143980867743598e-14,0,1
508,6.319433967600854e-13,5.874066499443891e-13,4.453674681569631e-14,0,1
509,2.0365966475229257e-13,2.3740746688162634e-13,-3.374780212933377e-14,1,0
510,1.520755289585214e-13,1.626079406033017e-13,-1.0532411644780303e-14,1,0
511,1.475615324278108e-13,1.4978732602861997e-13,-2.2257936008091634e-15,1,0
512,3.971359762835706e-13,3.893042697282926e-13,7.831706555278016e-15,0,1
513,1.7667447935903155e-13,1.602512183121116e-13,1.642326104691994e-14,0,1
514,5.8474759252040516e-12,5.843211456604773e-12,4.264468599278422e-15,0,1
515,7.543459756171246e-13,7.733112424816011e-13,-1.8965266864476493e-14,1,0
516,4.351769640352486e-13,4.736729950353789e-13,-3.8496031000130334e-14,1,0
517,3.919928457552873e-12,3.957826605362627e-12,-3.789814780975399e-14,1,0
518,2.7029197079528244e-12,2.7339247310774014e-12,-3.100502312457702e-14,1,0
519,2.7227057034793888e-12,2.7110350343953433e-12,1.1670669084045533e-14,0,1
520,7.794588616464918e-13,7.89706834521539e-13,-1.0247972875047146e-14,1,0
521,3.332546929984217e-13,3.760633153932346e-13,-4.28086223948129e-14,1,0
522,2.761995619892271e-13,3.24584955149161e-13,-4.8385393159933886e-14,1,0
523,1.4580123678948694e-12,1.4291902960427208e-12,2.882207185214869e-14,0,1
524,2.279677057794427e-13,2.3221180902004704e-13,-4.244103240604333e-15,1,0
525,1.0842114095072925e-13,1.0016542095982517e-13,8.255719990904076e-15,0,1
526,3.779758168782149e-12,3.821431883862622e-12,-4.1673715080472604e-14,1,0
527,6.540601364784759e-13,7.068745610048537e-13,-5.281442452637779e-14,1,0
528,1.9452027371628573e-11,1.9481462347826146e-11,-2.94349761975732e-14,1,0
529,3.675923823842568e-13,3.6755752556558937e-13,3.4856818667412495e-17,0,1
530,4.3367946225141427e-13,3.8964095998974185e-13,4.403850226167242e-14,0,1
531,1.0553611110579935e-12,1.0675532187629292e-12,-1.219210770493575e-14,1,0
532,1.2145972275399432e-13,1.3506852833883963e-13,-1.3608805584845306e-14,1,0
533,3.131942456572727e-13,3.135939014151554e-13,-3.9965575788269954e-16,1,0
534,1.415541558934178e-12,1.4576467676630975e-12,-4.2105208728919506e-14,1,0
535,3.8421798138006794e-13,3.65802320527534e-13,1.8415660852533956e-14,0,1
536,1.5180927754794615e-13,1.5160813813132612e-13,2.0113941662002927e-16,0,1
537,2.6980653328275153e-13,2.518378889093779e-13,1.7968644373373637e-14,0,1
538,7.366277114044229e-14,9.674398156506056e-14,-2.3081210424618264e-14,1,0
539,5.721366973977398e-13,6.261993650520927e-13,-5.406266765435293e-14,1,0
540,6.979994330230254e-13,6.594088973483403e-13,3.859053567468517e-14,0,1
541,9.040001349183485e-14,1.4632912348645165e-13,-5.5929109994616804e-14,1,0
542,9.156879407254379e-13,9.486038277977124e-13,-3.291588707227459e-14,1,0
543,7.049376579177576e-13,6.460994446966757e-13,5.883821322108183e-14,0,1
544,6.082750608602045e-13,5.887276202044528e-13,1.954744065575168e-14,0,1
545,3.3571416708404837e-13,3.6574882346115544e-13,-3.003465637710706e-14,1,0
546,2.209046566395512e-12,2.218894652447028e-12,-9.848086051515982e-15,1,0
547,3.860425424136636e-12,3.912831315436194e-12,-5.240589129955784e-14,1,0
548,5.803500343579376e-13,6.34464901503999e-13,-5.411486714606139e-14,1,0
549,1.5121882107562315e-13,1.658852103865396e-13,-1.4666389310916452e-14,1,0
550,4.27802624259573e-12,4.2373775456741835e-12,4.064869692154667e-14,0,1
551,6.343277521473403e-13,6.686774143367694e-13,-3.434966218942918e-14,1,0
552,2.286150783930557e-12,2.336640790992129e-12,-5.0490007061571944e-14,1,0
553,2.747841951215357e-13,2.476772795553549e-13,2.7106915566180773e-14,0,1
554,2.0885750364483316e-13,1.7716446323666194e-13,3.169304040817122e-14,0,1
555,2.3849647411371705e-13,2.5685824007177644e-13,-1.836176595805939e-14,1,0
556,1.6224016858233453e-12,1.6502743757933374e-12,-2.7872689969992104e-14,1,0
557,1.5320460190004124e-12,1.5867266944740946e-12,-5.468067547368218e-14,1,0
558,4.778163661007937e-13,4.398404772819863e-13,3.797588881880747e-14,0,1
559,4.1531455266395256e-13,4.156277569496594e-13,-3.132042857068198e-16,1,0
560,6.6880651043422735e-12,6.739614072885216e-12,-5.154896854294244e-14,1,0
561,9.951717784862786e-13,9.965631697811581e-13,-1.3913912948795288e-15,1,0
562,8.517719574687341e-13,8.722788641654705e-13,-2.050690669673631e-14,1,0
563,4.910566916729087e-13,5.279871330699844e-13,-3.693044139707564e-14,1,0
564,8.92301101422434e-13,8.768558271499534e-13,1.5445274272480614e-14,0,1
565,1.910682611776364e-13,1.7508464209658546e-13,1.5983619081050936e-14,0,1
566,2.584232973546816e-13,3.00735778753005e-13,-4.2312481398323386e-14,1,0
567,9.256660492640427e-14,1.5426968921949877e-13,-6.170308429309451e-14,1,0
568,1.1982464055930106e-12,1.1854404806394912e-12,1.280592495351945e-14,0,1
569,2.1812195254557467e-13,2.6283878267992787e-13,-4.47168301343532e-14,1,0
570,2.350008096854259e-13,2.2678123689048123e-13,8.219572794944667e-15,0,1
571,8.90123237262927e-13,8.711312929744577e-13,1.899194428846935e-14,0,1
572,1.150017226620411e-13,9.876047770751545e-14,1.624124495452565e-14,0,1
573,1.2290069638709605e-12,1.2238617388435536e-12,5.1452250274069246e-15,0,1
574,1.697846392898526e-13,1.5367576738660858e-13,1.610887190324402e-14,0,1
575,1.462337759442603e-12,1.5050708419792327e-12,-4.2733082536629685e-14,1,0
576,7.816353098051476e-13,7.210633644586841e-13,6.057194534646345e-14,0,1
577,2.0983109794893868e-13,2.340390487829353e-13,-2.4207950833996606e-14,1,0
578,2.601246833276143e-13,2.217526781202067e-13,3.837200520740759e-14,0,1
579,1.3222815019244082e-12,1.2637549114406875e-12,5.852659048372065e-14,0,1
580,3.235926526302402e-11,3.161559475175848e-11,7.436705112655453e-13,0,1
581,1.5042765036714593e-11,1.3488190039182577e-11,1.5545749975320161e-12,0,1
582,3.857508812895796e-13,3.435842644309103e-13,4.216661685866933e-14,0,1
583,1.645710123948237e-13,1.4820416043131393e-13,1.6366851963509765e-14,0,1
584,1.2039397275895776e-12,1.1574349843197564e-12,4.6504743269821216e-14,0,1
585,9.668897917634765e-12,9.626149282481982e-12,4.2748635152782535e-14,0,1
586,3.721284108573304e-13,3.2741444779070273e-13,4.471396306662769e-14,0,1
587,2.399458386946728e-13,2.6826683918757847e-13,-2.8321000492905685e-14,1,0
588,8.283785541218516e-13,7.579021639962472e-13,7.04763901256044e-14,0,1
589,4.2214623286288513e-13,3.820920567516759e-13,4.0054176111209214e-14,0,1
590,4.014074902485866e-13,4.564715453259185e-13,-5.5064055077331873e-14,1,0
591,6.648669774137784e-13,6.529654455555582e-13,1.1901531858220245e-14,0,1
592,1.2642030044373386e-12,1.2281446132355991e-12,3.6058391201739494e-14,0,1
593,7.159183910641814e-13,7.175120178409112e-13,-1.593626776729802e-15,1,0
594,1.0143815325549409e-12,1.0226458812265905e-12,-8.264348671649611e-15,1,0
595,1.3555550618465591e-12,1.3054887074381969e-12,5.006635440836226e-14,0,1
596,1.1425836187019276e-12,1.0943046215855852e-12,4.8278997116342463e-14,0,1
597,1.6685846016173204e-12,1.6575781535965149e-12,1.1006448020805535e-14,0,1
598,1.757080113810303e-13,1.6922343729974227e-13,6.484574081288025e-15,0,1
599,1.2621842354238484e-12,1.2300187949316497e-12,3.2165440492198684e-14,0,1
600,2.58825243870166e-13,3.1434844244253697e-13,-5.552319857237096e-14,1,0
601,5.297933760227566e-13,4.953644676800919e-13,3.442890834266462e-14,0,1
602,1.6164193433528846e-12,1.6694758598182034e-12,-5.3056516465318856e-14,1,0
603,5.875828310801927e-13,5.815696063009051e-13,6.013224779287609e-15,0,1
604,2.242027448104582e-11,2.245173527320358e-11,-3.14607921577579e-14,1,0
605,1.867948593642083e-12,1.8599958912988635e-12,7.952702343219432e-15,0,1
606,2.4157444817587363e-13,2.0145205501541892e-13,4.0122393160454714e-14,0,1
607,3.715135907430954e-13,4.2056821915300526e-13,-4.9054628409909875e-14,1,0
608,1.00627655582367e-12,9.94713169831784e-13,1.1563385991886104e-14,0,1
609,1.569744751333987e-12,1.6277998426629238e-12,-5.805509132893691e-14,1,0
610,5.353088297010953e-13,5.849406281674304e-13,-4.963179846633504e-14,1,0
611,4.813377034841472e-13,5.41948985391588e-13,-6.061128190744078e-14,1,0
612,4.0762567542568563e-13,4.2565274244736045e-13,-1.8027067021674822e-14,1,0
613,1.4974500330658855e-12,1.4442128757242671e-12,5.323715734161836e-14,0,1
614,7.076615229224561e-13,7.285758750432689e-13,-2.091435212081278e-14,1,0
615,4.895072283430697e-13,4.643705959145783e-13,2.5136632428491455e-14,0,1
616,3.094395073414344e-13,3.660575988312779e-13,-5.6618091489843506e-14,1,0
617,1.034533807193172e-12,9.868561507456311e-13,4.767765644754078e-14,0,1
618,1.8038589134515428e-13,2.1764012961896654e-13,-3.7254238273812257e-14,1,0
619,5.110992719736575e-12,5.107389598212341e-12,3.603121524233808e-15,0,1
620,3.3328606216699365e-13,3.0603257397336014e-13,2.7253488193633508e-14,0,1
621,2.964150794870794e-13,2.762174682129181e-13,2.0197611274161286e-14,0,1
622,5.552976260717039e-13,6.123151656859266e-13,-5.701753961422274e-14,1,0
623,1.1640595310796554e-13,1.7554012041794346e-13,-5.913416730997792e-14,1,0
624,1.1052641716272226e-13,1.2187160865143414e-13,-1.1345191488711888e-14,1,0
625,5.386093151001479e-12,5.438374960642569e-12,-5.228180964108941e-14,1,0
626,1.8760532067576166e-13,2.1628429954819224e-13,-2.867897887243059e-14,1,0
627,3.5941482766825256e-13,3.7323936169563685e-13,-1.3824534027384293e-14,1,0
628,8.718380432703961e-13,8.984586163045486e-13,-2.6620573034152435e-14,1,0
629,4.5166453829884646e-13,4.5089876898828135e-13,7.657693105651012e-16,0,1
630,1.0271197808194382e-12,1.0428380851398814e-12,-1.5718304320443186e-14,1,0
631,4.748644933946903e-13,4.857157032435723e-13,-1.0851209848881989e-14,1,0
632,9.95713784187179e-12,1.059276739876221e-11,-6.356295568904205e-13,1,0
633,1.8959596661483533e-12,1.9276495728054615e-12,-3.168990665710815e-14,1,0
634,2.5490976415364965e-13,2.9660447323770976e-13,-4.169470908406011e-14,1,0
635,1.1793759262062943e-12,1.2259190679328542e-12,-4.654314172655983e-14,1,0
636,2.805273892098756e-13,2.90214925868609e-13,-9.68753665873341e-15,1,0
637,3.230787699057219e-12,3.197979260115982e-12,3.2808438941237055e-14,0,1
638,6.960641009091137e-12,6.930895353445338e-12,2.9745655645799155e-14,0,1
639,6.538978084230182e-12,6.601343440817443e-12,-6.23653565872613e-14,1,0
640,1.324431875575527e-13,1.3572301489814901e-13,-3.2798273405963118e-15,1,0
641,2.720672373179312e-13,3.0163366180370425e-13,-2.9566424485773055e-14,1,0
642,6.638835198734268e-13,6.728245768703881e-13,-8.941056996961324e-15,1,0
643,3.103185354032893e-13,2.959674920301322e-13,1.4351043373157113e-14,0,1
644,3.97116208155532e-13,3.8302307276410064e-13,1.4093135391431383e-14,0,1
645,2.447728011464006e-13,2.8796795278985974e-13,-4.319515164345913e-14,1,0
646,3.257807113845829e-12,3.2854112270775216e-12,-2.76041132316925e-14,1,0
647,1.65706463221843e-12,1.7049599512614963e-12,-4.7895319043066246e-14,1,0
648,7.89618510792304e-13,7.442704106796675e-13,4.534810011263643e-14,0,1
649,1.5667207301864035e-11,1.4335308049733365e-11,1.3318992521306698e-12,0,1
650,2.1653783802766807e-13,2.0149903694759158e-13,1.5038801080076488e-14,0,1
651,2.139259295503457e-12,2.0855707037353865e-12,5.368859176807055e-14,0,1
652,3.246091780314821e-12,3.26808941474427e-12,-2.1997634429448977e-14,1,0
653,1.9596217387564382e-13,1.635719214643537e-13,3.239025241129012e-14,0,1
654,1.664241844468716e-13,2.2644380313795061e-13,-6.001961869107902e-14,1,0
655,8.3831610515336e-13,7.894698881314238e-13,4.884621702193627e-14,0,1
656,3.2955530944621925e-13,3.5436659120656874e-13,-2.481128176034949e-14,1,0
657,5.451834464479152e-12,5.430774755686679e-12,2.1059708792473247e-14,0,1
658,6.06972792929512e-13,6.621384300746961e-13,-5.516563714518401e-14,1,0
659,6.405304506347486e-13,6.18109062923288e-13,2.2421387711460578e-14,0,1
660,1.0199291757528876e-13,1.4999583482073578e-13,-4.8002917245447024e-14,1,0
661,2.3377090796169563e-13,2.720623458637843e-13,-3.829143790208869e-14,1,0
662,4.608679291507714e-13,4.948060543071414e-13,-3.3938125156370036e-14,1,0
663,1.368559713647594e-13,1.0434932191062602e-13,3.250664945413337e-14,0,1
664,1.1525334397533708e-12,1.1088355202808322e-12,4.3697919472538545e-14,0,1
665,1.8272251398819242e-13,1.679372272414321e-13,1.478528674676033e-14,0,1
666,8.209520835546461e-14,9.846039305652334e-14,-1.6365184701058724e-14,1,0
667,2.0305314503413159e-13,2.439218683024263e-13,-4.086872326829469e-14,1,0
668,5.117181528571065e-13,5.744926983639669e-13,-6.277454550686038e-14,1,0
669,2.9309747796415147e-12,2.8925783342239007e-12,3.839644541761397e-14,0,1
670,2.1391805607924375e-13,2.4070533545686265e-13,-2.6787279377618902e-14,1,0
671,1.1470881301102635e-12,1.1132098875062438e-12,3.3878242604019667e-14,0,1
672,4.995124506704915e-13,5.559330249770907e-13,-5.6420574306599195e-14,1,0
673,4.172847994477625e-13,4.4039805089484676e-13,-2.311325144708427e-14,1,0
674,1.5795889316938128e-12,1.5353359266773664e-12,4.425300501644637e-14,0,1
675,1.4427975236701594e-13,1.0583563249182043e-13,3.8444119875195516e-14,0,1
676,5.848884195767873e-13,6.372072402329743e-13,-5.231882065618708e-14,1,0
677,4.3950924337297006e-13,4.028244832238953e-13,3.668476014907477e-14,0,1
678,1.754343744503215e-13,2.2561390397884382e-13,-5.0179529528522314e-14,1,0
679,2.0980572518249637e-12,2.104933911827063e-12,-6.8766600020992914e-15,1,0
680,1.3796452614529046e-13,1.7447324582970154e-13,-3.6508719684411074e-14,1,0
681,3.540505383487788e-13,2.9210182583117084e-13,6.194871251760795e-14,0,1
682,1.8433906422492388e-13,2.4560697546292733e-13,-6.126791123800345e-14,1,0
683,6.358351166425089e-12,6.323066838373179e-12,3.5284328051910234e-14,0,1
684,3.1800580065984585e-13,2.8112504284593647e-13,3.688075781390937e-14,0,1
685,4.0365481377517874e-13,3.9503122166365867e-13,8.62359211152007e-15,0,1
686,2.954032906644637e-13,2.7618848128900713e-13,1.921480937545658e-14,0,1
687,2.1993792273451283e-13,1.901960306443965e-13,2.9741892090116335e-14,0,1
688,5.014248252401093e-13,5.477914008075327e-13,-4.636657556742336e-14,1,0
689,1.637926494697356e-13,2.2021579233694364e-13,-5.642314286720805e-14,1,0
690,1.2338188142869456e-11,1.2368921437857684e-11,-3.073329498822788e-14,1,0
691,2.398355788954291e-13,2.2971984132246993e-13,1.0115737572959182e-14,0,1
692,7.315137598919696e-13,6.792508815244598e-13,5.2262878367509794e-14,0,1
693,3.828530139025869e-13,3.974969421483944e-13,-1.464392824580747e-14,1,0
694,4.75864733499167e-13,4.4621928684404217e-13,2.964544665512478e-14,0,1
695,2.190145618778156e-12,2.154173491307553e-12,3.597212747060301e-14,0,1
696,3.4820460926485983e-13,3.786419107645469e-13,-3.043730149968706e-14,1,0
697,9.798543446936113e-14,1.435201405675515e-13,-4.553470609819037e-14,1,0
698,4.748101990529453e-13,4.62726171894512e-13,1.2084027158433384e-14,0,1
699,2.3503542909736374e-11,1.501627470037198e-11,8.487268209364393e-12,0,1
700,4.114102630832007e-14,9.989107769201573e-14,-5.875005138369566e-14,1,0
701,1.3981048873337045e-12,1.4350965899372835e-12,-3.699170260357905e-14,1,0
702,1.0936282932277539e-13,1.7740254454325983e-13,-6.803971522048444e-14,1,0
703,2.182120660800106e-13,2.5719492842695556e-13,-3.898286234694497e-14,1,0
704,5.326620818134195e-13,5.275771470669292e-13,5.084934746490363e-15,0,1
705,3.0184387604703377e-13,2.8151704278400406e-13,2.032683326302971e-14,0,1
706,6.236821704554712e-13,5.780634878837763e-13,4.561868257169488e-14,0,1
707,5.5631624706963e-13,5.237778406788353e-13,3.253840639079475e-14,0,1
708,7.323462639606339e-14,7.960652237112857e-14,-6.371895975065181e-15,1,0
709,3.833264229977086e-13,3.655991848673566e-13,1.7727238130352003e-14,0,1
710,2.759559868492358e-13,2.7121621534082637e-13,4.7397715084094535e-15,0,1
711,8.194265186502237e-13,8.700987926207536e-13,-5.067227397052983e-14,1,0
712,1.42571546901869e-12,1.4155793215243934e-12,1.0136147494296647e-14,0,1
713,8.089042213048048e-14,1.2936481561691413e-13,-4.847439348643365e-14,1,0
714,9.274449573596201e-12,9.263691450627451e-12,1.0758122968750544e-14,0,1
715,1.5095827327939916e-13,1.3296571354711853e-13,1.7992559732280628e-14,0,1
716,5.809682067172922e-13,6.095301308744638e-13,-2.856192415717165e-14,1,0
717,1.4153854509338616e-12,1.4511897620206679e-12,-3.5804311086806326e-14,1,0
718,2.5466265840160826e-13,3.2224587178657614e-13,-6.758321338496788e-14,1,0
719,5.166025613569683e-13,5.719243749634877e-13,-5.532181360651941e-14,1,0
720,7.596474972284515e-13,7.005105430155554e-13,5.913695421289603e-14,0,1
721,4.2790849232064475e-12,4.297685102975073e-12,-1.8600179768625187e-14,1,0
722,6.085505729593655e-13,6.674243735306751e-13,-5.887380057130958e-14,1,0
723,7.073992761316628e-13,6.917117225083129e-13,1.5687553623349973e-14,0,1
724,1.0141753261893798e-11,1.0154073149445024e-11,-1.2319887551225853e-14,1,0
725,2.323876142511271e-13,2.987745051032336e-13,-6.638689085210652e-14,1,0
726,7.792846445970524e-12,7.754510620738614e-12,3.833582523190989e-14,0,1
727,1.668135040839639e-13,1.852861363589639e-13,-1.8472632274999993e-14,1,0
728,4.716364168919851e-13,5.171404461570535e-13,-4.5504029265068405e-14,1,0
729,7.307384720135657e-13,6.89731895423601e-13,4.1006576589964715e-14,0,1
730,5.5331738272497515e-14,1.0882284239254279e-13,-5.349110412004528e-14,1,0
731,1.460255194493947e-13,1.7644013460151555e-13,-3.0414615152120834e-14,1,0
732,3.132767877381748e-13,2.718176254796585e-13,4.14591622585163e-14,0,1
733,1.1403951337156385e-12,1.1342805124247536e-12,6.114621290884879e-15,0,1
734,1.6752067003646305e-12,1.7245939007360719e-12,-4.938720037144131e-14,1,0
735,1.0144067103759893e-13,1.0481831367010926e-13,-3.3776426325103295e-15,1,0
736,3.3547930433591886e-13,3.8639870713383124e-13,-5.0919402797912377e-14,1,0
737,1.5396060316509526e-13,1.391223671187182e-13,1.4838236046377074e-14,0,1
738,1.3803344523912588e-13,1.7840431567634906e-13,-4.037087043722318e-14,1,0
739,6.9349381598593035e-12,6.968742139269954e-12,-3.380397941065061e-14,1,0
740,3.789724946350041e-13,4.388759793758172e-13,-5.990348474081307e-14,1,0
741,5.536539725873118e-13,5.912728492746162e-13,-3.761887668730441e-14,1,0
742,2.278596349939831e-13,2.0035115318036812e-13,2.7508481813614997e-14,0,1
743,3.44365758670672e-13,4.0625193348829375e-13,-6.188617481762174e-14,1,0
744,3.2244475510101165e-13,2.7943085986597834e-13,4.3013895235033316e-14,0,1
745,7.52692790634284e-13,7.710380733232624e-13,-1.834528268897844e-14,1,0
746,2.908745369567431e-13,3.1755831312009854e-13,-2.6683776163355418e-14,1,0
747,2.9089339664879844e-13,2.9885486816418504e-13,-7.961471515386601e-15,1,0
748,2.407918981403236e-13,2.9089121916813514e-13,-5.009932102781152e-14,1,0
749,2.737944984814761e-13,2.7410337014877846e-13,-3.0887166730237055e-16,1,0
750,1.359779607231793e-13,1.8372194767374276e-13,-4.7743986950563465e-14,1,0
751,2.660394399039219e-13,2.8068549514006284e-13,-1.4646055236140958e-14,1,0
752,8.856525604520136e-13,8.386237436560094e-13,4.702881679600419e-14,0,1
753,3.158277840162933e-11,2.910449783881771e-11,2.4782805628116174e-12,0,1
754,3.268501013977603e-13,3.0882189593863495e-13,1.8028205459125366e-14,0,1
755,9.422368466597329e-12,9.396004446925914e-12,2.636401967141498e-14,0,1
756,9.137270502431933e-12,9.09406993614615e-12,4.3200566285783903e-14,0,1
757,1.5925601260105103e-13,1.928096489493792e-13,-3.355363634832818e-14,1,0
758,6.231403209440955e-13,6.70572409246185e-13,-4.743208830208956e-14,1,0
759,8.230212742078779e-13,7.885930446931083e-13,3.4428229514769626e-14,0,1
760,7.559701308414916e-12,7.548772605158964e-12,1.0928703255952418e-14,0,1
761,1.8972420317807716e-13,1.7687305089446676e-13,1.28511522836104e-14,0,1
762,2.399634263384885e-13,2.8911583412967865e-13,-4.915240779119013e-14,1,0
763,2.4808705723361396e-12,2.523152340208495e-12,-4.228176787235542e-14,1,0
764,1.9705742684782311e-13,2.0346368884360696e-13,-6.406261995783847e-15,1,0
765,2.146830757908179e-12,2.1857495582058023e-12,-3.891880029762317e-14,1,0
766,5.548232890311363e-13,5.338027408858267e-13,2.1020548145309565e-14,0,1
767,2.3084630208718604e-12,2.339281554834828e-12,-3.081853396296765e-14,1,0
768,1.6965307541541842e-13,2.0038009799285357e-13,-3.0727022577435156e-14,1,0
769,4.2172002622266004e-13,4.73229558458964e-13,-5.150953223630391e-14,1,0
770,2.473533740697268e-13,2.392056982358643e-13,8.14767583386247e-15,0,1
771,2.3245806394650763e-12,2.38012515863404e-12,-5.5544519168963716e-14,1,0
772,1.5126065480480454e-12,1.4730671803747883e-12,3.953936767325711e-14,0,1
773,8.82293449638104e-13,8.696519001678157e-13,1.2641549470288279e-14,0,1
774,1.0801811779149473e-12,1.064512081363846e-12,1.5669096551101292e-14,0,1
775,8.870748232751405e-13,8.6766977557274e-13,1.9405047702400518e-14,0,1
776,1.931078075126577e-13,1.5791565126657625e-13,3.519215624608145e-14,0,1
777,7.973982253777152e-13,8.075165815881943e-13,-1.0118356210479125e-14,1,0
778,8.491577354498831e-13,9.058747386125012e-13,-5.671700316261811e-14,1,0
779,1.7309916244244452e-13,2.094284825810995e-13,-3.632932013865499e-14,1,0
780,3.402000956502796e-10,2.555481212664876e-10,8.465197438379198e-11,0,1
781,2.586317096465768e-13,3.171170523640736e-13,-5.848534271749677e-14,1,0
782,6.433757240188482e-13,7.019154048030886e-13,-5.853968078424046e-14,1,0
783,3.2084243474396977e-13,2.5737088897519806e-13,6.347154576877171e-14,0,1
784,1.9122806510133227e-13,2.424602771853415e-13,-5.123221208400925e-14,1,0
785,8.092053654219018e-13,8.751931689434053e-13,-6.59878035215035e-14,1,0
786,4.941005853377583e-13,5.536541194109351e-13,-5.955353407317682e-14,1,0
787,3.458385128924285e-13,3.3540717177303895e-13,1.0431341119389558e-14,0,1
788,7.559582077310706e-13,7.469624670521639e-13,8.995740678906717e-15,0,1
789,5.422382197711361e-13,4.790182945296661e-13,6.321992524146996e-14,0,1
790,1.6106169069063122e-13,1.8251129429302987e-13,-2.144960360239865e-14,1,0
791,1.6062629675242033e-13,2.0937984159566365e-13,-4.875354484324332e-14,1,0
792,2.7579508797019572e-12,2.776374430980642e-12,-1.8423551278684978e-14,1,0
793,2.1225204668551611e-13,2.059316122100354e-13,6.3204344754807255e-15,0,1
794,1.0431907707882257e-12,1.0858668781659608e-12,-4.26761073777351e-14,1,0
795,1.3004902986748431e-13,1.5829521990853201e-13,-2.82461900410477e-14,1,0
796,4.364736908989067e-12,4.414041203972017e-12,-4.930429498294992e-14,1,0
797,1.213823964082672e-11,1.0354600689851549e-11,1.7836389509751713e-12,0,1
798,3.1783868030319665e-13,3.158984483917701e-13,1.9402319114265445e-15,0,1
799,1.1498391858189505e-13,1.279181139203104e-13,-1.2934195338415355e-14,1,0
800,6.8976406115360975e-12,6.849074387325245e-12,4.856622421085223e-14,0,1
801,9.628649459131864e-13,9.73949617299671e-13,-1.1084671386484579e-14,1,0
802,1.2664073951597627e-12,1.234391597676897e-12,3.2015797482865665e-14,0,1
803,1.190733298938051e-13,1.8640210901427953e-13,-6.732877912047443e-14,1,0
804,7.385650706549655e-14,1.1371777198044818e-13,-3.986126491495163e-14,1,0
805,1.2068267296352081e-13,1.7035829160100266e-13,-4.9675618637481845e-14,1,0
806,9.239617889403186e-13,8.649893616274298e-13,5.897242731288876e-14,0,1
807,1.95002390940718e-11,1.9143856775265747e-11,3.5638231880605286e-13,0,1
808,5.08067468413547e-13,5.369842947478198e-13,-2.891682633427275e-14,1,0
809,1.533611878972856e-11,1.252014947166601e-11,2.8159693180625495e-12,0,1
810,1.7208791769633475e-12,1.668509898767645e-12,5.236927819570253e-14,0,1
811,1.7348963854809127e-13,2.1339931483026249e-13,-3.9909676282171215e-14,1,0
812,6.930110089506482e-13,7.486174237023846e-13,-5.560641475173633e-14,1,0
813,2.455541855034537e-13,1.8748503157528731e-13,5.806915392816636e-14,0,1
814,3.840168515077708e-12,3.7822584878127914e-12,5.791002726491636e-14,0,1
815,3.3268751909256127e-13,3.089074234907823e-13,2.3780095601778985e-14,0,1
816,1.6191828581844915e-13,1.948494053661697e-13,-3.293111954772054e-14,1,0
817,2.7620469469206856e-13,2.327949518431869e-13,4.3409742848881656e-14,0,1
818,2.160426693205108e-13,2.6164030513428185e-13,-4.559763581377104e-14,1,0
819,7.818451112067617e-14,1.37329924604565e-13,-5.914541348388882e-14,1,0
820,3.2675643977462004e-13,3.5830786568046295e-13,-3.155142590584291e-14,1,0
821,2.6969668783314155e-13,2.5099158321258675e-13,1.8705104620554794e-14,0,1
822,7.798773150865741e-13,7.56628855599731e-13,2.3248459486843004e-14,0,1
823,2.0359365759762887e-13,1.8929861696910808e-13,1.4295040628520783e-14,0,1
824,4.1360608176523114e-13,4.269446671915234e-13,-1.3338585426292247e-14,1,0
825,1.0195878810492672e-12,1.0398002835720622e-12,-2.021240252279499e-14,1,0
826,1.2618221529717027e-13,1.3069160562341113e-13,-4.509390326240856e-15,1,0
827,2.713162227346311e-13,2.713741992142315e-13,-5.797647960043253e-17,1,0
828,1.53912861900374e-13,1.440418783271968e-13,9.870983573177214e-15,0,1
829,3.4968303932365407e-13,3.4408772147286426e-13,5.5953178507898185e-15,0,1
830,3.865677816866456e-13,3.4278596245042337e-13,4.378181923622224e-14,0,1
831,3.731663640012119e-13,3.8424496513142215e-13,-1.1078601130210272e-14,1,0
832,1.9622879870729363e-12,1.990310208361268e-12,-2.802222128833173e-14,1,0
833,1.0714516587795908e-12,1.063544320333787e-12,7.907338445803878e-15,0,1
834,2.0643175867329277e-13,2.4816958413112824e-13,-4.173782545783547e-14,1,0
835,1.7045575337563457e-13,1.6957692734035281e-13,8.788260352817614e-16,0,1
836,6.764061631932519e-13,7.383548707438012e-13,-6.194870755054927e-14,1,0
837,3.4667501358978975e-13,2.983374101045024e-13,4.8337603485287345e-14,0,1
838,2.0119145405766654e-13,2.4741769683325873e-13,-4.622624277559219e-14,1,0
839,2.7708081032907366e-12,2.8011636371952347e-12,-3.035553390449804e-14,1,0
840,3.0800312118317003e-13,2.6660590821656074e-13,4.1397212966609293e-14,0,1
841,2.444886998156456e-12,2.39422870560793e-12,5.065829254852595e-14,0,1
842,5.019216188851603e-13,5.284559911329807e-13,-2.6534372247820448e-14,1,0
843,2.712799817921575e-13,3.0957081723344193e-13,-3.829083544128444e-14,1,0
844,6.752436816974345e-13,7.150315662306745e-13,-3.978788453323996e-14,1,0
845,5.453030157708591e-13,5.789245348640026e-13,-3.362151909314352e-14,1,0
846,8.915045997041719e-13,8.524246647045479e-13,3.9079934999623986e-14,0,1
847,3.1761091370743027e-13,3.43709496406452e-13,-2.6098582699021715e-14,1,0
848,4.4943409798484397e-13,4.691874727021353e-13,-1.9753374717291307e-14,1,0
849,6.599077898733686e-13,6.611072474902261e-13,-1.1994576168575225e-15,1,0
850,2.0070392835073883e-13,2.363011169229588e-13,-3.559718857221998e-14,1,0
851,8.785145804934181e-14,9.825293051008103e-14,-1.0401472460739221e-14,1,0
852,3.050593107077598e-13,3.5263090462518443e-13,-4.757159391742464e-14,1,0
853,2.6255675427692987e-13,2.8609909236653623e-13,-2.354233808960636e-14,1,0
854,1.6554190018541052e-13,1.6302837951087163e-13,2.5135206745388837e-15,0,1
855,8.738208820417137e-13,9.037222553314153e-13,-2.9901373289701585e-14,1,0
856,3.647867713886631e-13,4.241236770726933e-13,-5.93369056840302e-14,1,0
857,1.013397373683301e-12,9.690680744496645e-13,4.432929923363642e-14,0,1
858,1.0729232731692103e-12,1.085503965613402e-12,-1.2580692444191732e-14,1,0
859,4.910665466408427e-13,4.435588391082494e-13,4.7507707532593325e-14,0,1
860,2.8246380984782436e-13,2.63535929781525e-13,1.8927880066299383e-14,0,1
861,1.16247208787343e-13,1.0949327394787307e-13,6.7539348394699245e-15,0,1
862,9.951348574199537e-13,9.670547057080995e-13,2.808015171185422e-14,0,1
863,2.635081201687013e-13,2.998788556881378e-13,-3.637073551943648e-14,1,0
864,2.283066413655142e-12,2.245254805491466e-12,3.781160816367562e-14,0,1
865,9.459845692533305e-13,9.150637006595651e-13,3.0920868593765384e-14,0,1
866,7.587317354747655e-12,7.60356268743515e-12,-1.6245332687495297e-14,1,0
867,2.0313727832350726e-12,2.052028480915308e-12,-2.065569768023536e-14,1,0
868,7.536376007081727e-10,6.097756829836521e-10,1.4386191772452067e-10,0,1
869,1.1431115628540404e-12,1.1469264812873692e-12,-3.8149184333287386e-15,1,0
870,1.8680196729181598e-11,1.8682798529273353e-11,-2.6018000917550883e-15,1,0
871,2.163152051647255e-12,2.2037829448273147e-12,-4.063089318005954e-14,1,0
872,2.2417806801461646e-12,2.2816417921902e-12,-3.9861112044035297e-14,1,0
873,2.0507570924819478e-13,2.3744180363746654e-13,-3.236609438927176e-14,1,0
874,1.4625172060948514e-13,1.7681462310396865e-13,-3.0562902494483504e-14,1,0
875,1.1326471143487181e-12,1.1046925236107302e-12,2.7954590737987925e-14,0,1
876,5.073029978547609e-12,5.131505471942799e-12,-5.847549339518959e-14,1,0
877,8.659881185355836e-13,8.560483688403972e-13,9.939749695186381e-15,0,1
878,1.315981163613389e-13,1.5774809795337543e-13,-2.6149981592036516e-14,1,0
879,7.1853469644151284e-12,7.223527695458975e-12,-3.81807310438466e-14,1,0
880,5.288520796117343e-13,5.716185975799453e-13,-4.2766517968211063e-14,1,0
881,2.3438272859973134e-11,2.2738727396956307e-11,6.995454630168267e-13,0,1
882,1.1721772426889722e-13,9.775103314164313e-14,1.9466691127254094e-14,0,1
883,3.8472815039276403e-13,3.872840470565622e-13,-2.555896663798177e-15,1,0
884,1.192034751605771e-10,7.993601108995477e-11,3.926746407062232e-11,0,1
885,2.223525899485127e-13,2.3833465142186543e-13,-1.5982061473352717e-14,1,0
886,1.20193051852313e-12,1.2271498554315698e-12,-2.5219336908439835e-14,1,0
887,4.339969443396315e-13,4.11919224609891e-13,2.2077719729740494e-14,0,1
888,3.9409673200174243e-13,4.4259862087894253e-13,-4.850188887720011e-14,1,0
889,2.5975278920665173e-12,2.5762208936616553e-12,2.130699840486208e-14,0,1
890,1.0775305617824793e-13,1.6772106408575105e-13,-5.996800790750312e-14,1,0
891,1.2756770092160128e-12,1.289223493180414e-12,-1.3546483964401325e-14,1,0
892,2.0690284755045465e-13,2.500646561098581e-13,-4.3161808559403475e-14,1,0
893,1.308750687537132e-13,1.757929574671046e-13,-4.4917888713391404e-14,1,0
894,1.2889407792518047e-12,1.2275008700658433e-12,6.14399091859614e-14,0,1
895,1.5066623856799847e-13,1.7438478266059795e-13,-2.371854409259948e-14,1,0
896,1.0169423088844435e-13,1.3144197570789666e-13,-2.9747744819452314e-14,1,0
897,9.970295251089405e-12,9.924501746624488e-12,4.5793504464916525e-14,0,1
898,5.953673175704224e-12,5.9225260516509894e-12,3.114712405323472e-14,0,1
899,1.1268493961212284e-12,1.141087172130976e-12,-1.423777600974769e-14,1,0
900,3.3680673153603035e-13,3.001802441774433e-13,3.662648735858706e-14,0,1
901,1.8713714437176875e-13,1.840348015840958e-13,3.1023427876729457e-15,0,1
902,1.85926925243181e-11,1.8596302535809848e-11,-3.6100114917486516e-15,1,0
903,2.0931123114491097e-12,2.13040558448398e-12,-3.7293273034870096e-14,1,0
904,1.9031790121126082e-13,1.9510106065786817e-13,-4.7831594466073525e-15,1,0
905,1.424483417948514e-12,1.3833514375745622e-12,4.1131980373951896e-14,0,1
906,1.8076698356514736e-13,1.455038796206572e-13,3.526310394449016e-14,0,1
907,1.6654271164519438e-13,1.844059182576425e-13,-1.7863206612448133e-14,1,0
908,4.588178328817709e-13,4.944637291351469e-13,-3.5645896253376e-14,1,0
909,4.96769811039585e-13,5.233235907206553e-13,-2.65537796810703e-14,1,0
910,2.351806725467208e-13,2.5193094070251916e-13,-1.675026815579837e-14,1,0
911,2.7265011153316795e-13,3.1453707952644613e-13,-4.1886967993278175e-14,1,0
912,9.583451922720601e-12,9.602820087217089e-12,-1.936816449648795e-14,1,0
913,2.437335529782829e-13,2.2157343565253135e-13,2.2160117325751567e-14,0,1
914,1.3706529955801045e-13,1.4253362905300352e-13,-5.46832949499307e-15,1,0
915,3.434996496119815e-13,3.4293095382514117e-13,5.686957868403414e-16,0,1
916,2.257491192215568e-13,2.6935625171589145e-13,-4.360713249433464e-14,1,0
917,6.882041106118013e-12,6.932292725089451e-12,-5.0251618971438066e-14,1,0
918,2.4983934511162537e-13,2.554579312906582e-13,-5.618586179032823e-15,1,0
919,2.7259268782447713e-13,3.2951000301660297e-13,-5.691731519212583e-14,1,0
920,2.436441954200537e-12,2.384049586924612e-12,5.2392367275924866e-14,0,1
921,2.4058318696505986e-13,2.124845202293904e-13,2.8098666735669468e-14,0,1
922,4.62400213948158e-13,4.970788071967801e-13,-3.4678593248622027e-14,1,0
923,3.79402045629101e-13,4.206438074228975e-13,-4.124176179379651e-14,1,0
924,5.709804790970184e-12,5.713154618542095e-12,-3.3498275719111992e-15,1,0
925,1.8018228017357453e-13,2.149637167482586e-13,-3.478143657468406e-14,1,0
926,9.331509236351868e-13,9.63193526984535e-13,-3.0042603349348234e-14,1,0
927,9.163098257127632e-12,9.177572213836673e-12,-1.447395670904172e-14,1,0
928,8.408537588711147e-14,9.539633146410755e-14,-1.131095557699608e-14,1,0
929,1.894842905882676e-13,2.4373056951025536e-13,-5.4246278921987756e-14,1,0
930,2.365013057753993e-12,2.308047130246028e-12,5.696592750796515e-14,0,1
931,1.0375554418547932e-12,1.058151991599113e-12,-2.0596549744319766e-14,1,0
932,1.553148849992191e-12,1.5192979109074116e-12,3.385093908477934e-14,0,1
933,3.115470596054744e-11,2.484810634482073e-11,6.30659961572671e-12,0,1
934,2.71674057854468e-13,2.785767833926316e-13,-6.902725538163594e-15,1,0
935,6.487619303317268e-13,6.844059871566469e-13,-3.564405682492007e-14,1,0
936,2.7230901167405846e-13,3.255050349414817e-13,-5.319602326742325e-14,1,0
937,9.397743795393524e-13,9.049589639731037e-13,3.4815415566248695e-14,0,1
938,9.288272342927342e-13,9.635619645330848e-13,-3.4734730240350634e-14,1,0
939,4.155175791944658e-13,3.9168733037861217e-13,2.3830248815853647e-14,0,1
940,3.072497953485802e-12,3.0847130122982085e-12,-1.2215058812406716e-14,1,0
941,3.9611778503703774e-13,3.726641858024498e-13,2.3453599234587953e-14,0,1
942,3.6448387322692336e-13,3.463111631840317e-13,1.817271004289166e-14,0,1
943,2.38699763172707e-13,2.915390508653025e-13,-5.28392876925955e-14,1,0
944,1.8853057403919463e-12,1.901562427620875e-12,-1.625668722892859e-14,1,0
945,1.0121232298122417e-12,9.719272491887892e-13,4.019598062345256e-14,0,1
946,2.4002565509480426e-13,3.004090224406049e-13,-6.038336734580065e-14,1,0
947,7.886412981698541e-14,8.994185274886799e-14,-1.1077722931882582e-14,1,0
948,6.992355132572626e-13,7.43649575065968e-13,-4.441406180870534e-14,1,0
949,1.2576513164412993e-12,1.221888708672193e-12,3.576260776910622e-14,0,1
950,9.38298965203802e-13,1.0033950928703453e-12,-6.50961276665433e-14,1,0
951,6.444163154562149e-13,6.716046913152574e-13,-2.7188375859042595e-14,1,0
952,4.803661164040763e-13,4.5003090882367723e-13,3.033520758039906e-14,0,1
953,4.0078372477253645e-13,4.444989547903527e-13,-4.371523001781624e-14,1,0
954,2.261193339594318e-13,2.0113705100964596e-13,2.4982282949785845e-14,0,1
955,2.172696326305559e-13,1.9609578335844454e-13,2.1173849272111354e-14,0,1
956,2.8435501189059105e-13,3.0634549097726805e-13,-2.1990479086676993e-14,1,0
957,2.8915827476395304e-13,2.600041086805246e-13,2.915416608342847e-14,0,1
958,2.437914530201189e-12,2.427511940290076e-12,1.0402589911113058e-14,0,1
959,1.526603344694052e-13,1.1865874518750056e-13,3.400158928190465e-14,0,1
960,1.3089050039584375e-12,1.3643264729169489e-12,-5.542146895851133e-14,1,0
961,4.553198746685839e-13,5.03366434940696e-13,-4.8046560272112125e-14,1,0
962,3.934415038386065e-13,4.3721933086512463e-13,-4.377782702651813e-14,1,0
963,3.7579437710909423e-13,3.6083565900383973e-13,1.4958718105254502e-14,0,1
964,2.91123912357519e-13,2.705225383084165e-13,2.060137404910249e-14,0,1
965,1.5959826958659048e-12,1.5672614880805852e-12,2.8721207785319507e-14,0,1
966,3.7948445283312743e-13,4.2152546483771013e-13,-4.20410120045827e-14,1,0
967,1.0312936678333478e-12,1.0714220704884922e-12,-4.0128402655144387e-14,1,0
968,6.687724916518669e-13,6.85084574887882e-13,-1.631208323601516e-14,1,0
969,1.0905087115004957e-13,1.3123956250408242e-13,-2.2188691354032842e-14,1,0
970,3.309166331356571e-12,3.3294076498721335e-12,-2.0241318515562632e-14,1,0
971,1.3458575583468888e-13,1.5741464442203345e-13,-2.282888858734457e-14,1,0
972,5.164422860131175e-13,5.588942180462939e-13,-4.245193203317645e-14,1,0
973,8.906554232494011e-12,8.96591006693583e-12,-5.935583444181905e-14,1,0
974,4.642751233705292e-13,4.264150843320493e-13,3.786003903847993e-14,0,1
975,8.863560894919578e-14,1.2502600700349047e-13,-3.6390398054294684e-14,1,0
976,1.624335209809791e-13,1.580541420166182e-13,4.3793789643608996e-15,0,1
977,2.8053863783944344e-13,2.350222159872627e-13,4.5516421852180737e-14,0,1
978,1.5805210086165645e-13,1.4972294570970694e-13,8.329155151949512e-15,0,1
979,6.28079223521067e-13,5.863476902004791e-13,4.173153332058791e-14,0,1
980,2.33684006290053e-13,2.8332812706517574e-13,-4.9644120775122754e-14,1,0
981,6.558110550738874e-13,6.579440834104719e-13,-2.133028336584504e-15,1,0
982,2.7962799721224513e-13,2.7327363431951093e-13,6.3543628927341994e-15,0,1
983,2.37668508018708e-13,2.2232373333040353e-13,1.534477468830449e-14,0,1
984,8.206804690161739e-13,8.716687953888881e-13,-5.0988326372714214e-14,1,0
985,2.3824814378882287e-13,2.888683950670939e-13,-5.062025127827105e-14,1,0
986,2.643314287590981e-13,2.810880436966884e-13,-1.675661493759028e-14,1,0
987,1.294424932485647e-12,1.2430785582024915e-12,5.134637428315541e-14,0,1
988,2.615595421481378e-13,2.6649887215128906e-13,-4.939330003151237e-15,1,0
989,5.969436099793614e-13,6.595691182326397e-13,-6.26255082532783e-14,1,0
990,3.1689837528000687e-11,3.10874066522142e-11,6.024308757864856e-13,0,1
991,6.347337596511856e-13,5.863790955790836e-13,4.835466407210205e-14,0,1
992,3.0293459412979427e-13,3.270623587853709e-13,-2.4127764655576626e-14,1,0
993,2.6895281027667113e-13,2.533082016614106e-13,1.5644608615260514e-14,0,1
994,3.511300283515194e-13,3.022254460703487e-13,4.8904582281170695e-14,0,1
995,1.8067361461449048e-13,2.066813165541008e-13,-2.6007701939610317e-14,1,0
996,5.172494682115643e-13,5.273690276395899e-13,-1.0119559428025599e-14,1,0
997,1.4521647207342092e-12,1.4080190459066854e-12,4.414567482752385e-14,0,1
998,1.4338145420390845e-13,1.3557563894307047e-13,7.805815260837978e-15,0,1
999,2.5854361398186205e-13,2.794017630741007e-13,-2.0858149092238663e-14,1,0
1000,1.1179910963306286e-12,1.1530364389423843e-12,-3.504534261175573e-14,1,0
1001,4.045169156388905e-13,4.580391249354762e-13,-5.352220929658573e-14,1,0
1002,1.5518366456481728e-12,1.561286600904984e-12,-9.449955256811246e-15,1,0
1003,4.705471960489056e-13,4.377060919078923e-13,3.2841104141013335e-14,0,1
1004,4.5013837788896854e-13,5.090718507111614e-13,-5.893347282219285e-14,1,0
1005,1.4467943887304083e-13,1.6421813217545833e-13,-1.9538693302417502e-14,1,0
1006,4.079158953259681e-12,4.128187137072702e-12,-4.902818381302095e-14,1,0
1007,1.6774673910041918e-12,1.651391466524773e-12,2.6075924479418745e-14,0,1
1008,4.62068549863202e-13,4.3931720530126957e-13,2.2751344561932446e-14,0,1
1009,2.6824974545867125e-13,2.3774763062636925e-13,3.0502114832302005e-14,0,1
1010,4.2976360919970505e-13,4.753169995784158e-13,-4.555339037871074e-14,1,0
1011,1.9119929607629364e-13,1.6179189730368203e-13,2.9407398772611607e-14,0,1
1012,1.1490069433026377e-12,1.162995357715397e-12,-1.3988414412759359e-14,1,0
1013,3.1325230178690123e-13,3.0388876195401897e-13,9.36353983288227e-15,0,1
1014,3.9872481488496445e-13,4.508819842578915e-13,-5.2157169372927064e-14,1,0
1015,5.397515866511128e-13,5.899697921130447e-13,-5.021820546193198e-14,1,0
1016,3.554247207691787e-13,3.6825159346866537e-13,-1.282687269948669e-14,1,0
1017,3.2342938559453884e-13,3.6080285784053374e-13,-3.7373472245994903e-14,1,0
1018,3.763200540242212e-13,4.0189265023670097e-13,-2.557259621247977e-14,1,0
1019,2.2511951318538735e-13,2.66150902956102e-13,-4.103138977071463e-14,1,0
1020,6.647647440379707e-12,6.6420385805971e-12,5.608859782607243e-15,0,1
1021,1.1368964132349836e-12,1.167666673509316e-12,-3.077026027433246e-14,1,0
1022,4.920286896640595e-13,4.917879139778489e-13,2.4077568621058824e-16,0,1
1023,2.3210151652962626e-13,2.1148665904351318e-13,2.061485748611308e-14,0,1
1024,9.32832135305969e-13,8.869806033898889e-13,4.585153191608015e-14,0,1
1025,8.197834411641574e-13,8.207058775848451e-13,-9.224364206876823e-16,1,0
1026,3.0120196284545407e-13,2.96588764024293e-13,4.613198821161046e-15,0,1
1027,6.747148757072585e-13,6.383683467990951e-13,3.634652890816339e-14,0,1
1028,1.117649062330189e-13,1.7587354081391417e-13,-6.410863458089527e-14,1,0
1029,2.620385839685468e-13,2.9102249371969985e-13,-2.898390975115304e-14,1,0
1030,1.4164564647425939e-13,1.8389678716357836e-13,-4.225114068931897e-14,1,0
1031,2.568724679756933e-13,2.301973705302795e-13,2.6675097445413825e-14,0,1
1032,5.07686378846883e-13,5.5347987571683e-13,-4.5793496869947e-14,1,0
1033,3.2565372607306944e-12,3.277858324167114e-12,-2.132106343641971e-14,1,0
1034,8.905417533825631e-12,8.89596897304456e-12,9.448560781071536e-15,0,1
1035,5.537109825299931e-13,6.154922944371235e-13,-6.178131190713043e-14,1,0
1036,1.7941215427887744e-13,1.8316291458406561e-13,-3.7507603051881695e-15,1,0
1037,1.4446735661235386e-13,1.8986889312558733e-13,-4.5401536513233475e-14,1,0
1038,8.489970653002861e-13,8.553907493623018e-13,-6.3936840620156795e-15,1,0
1039,2.8767768419909863e-13,2.6880314456425185e-13,1.8874539634846778e-14,0,1
1040,3.533370566069974e-13,3.830624869330915e-13,-2.972543032609409e-14,1,0
1041,1.0670942771829907e-12,1.030762712945273e-12,3.6331564237717646e-14,0,1
1042,6.380582302870953e-13,6.082910572466441e-13,2.97671730404512e-14,0,1
1043,3.4732792322044714e-13,2.8774460230519613e-13,5.9583320915251e-14,0,1
1044,9.07980935739225e-14,1.0751351386981749e-13,-1.6715420295894993e-14,1,0
1045,3.075094796592298e-13,2.777249876792459e-13,2.978449197998391e-14,0,1
1046,3.4492006009768483e-13,3.684439934596674e-13,-2.3523933361982574e-14,1,0
1047,1.0497225417549718e-11,1.043821438587914e-11,5.901103167057788e-14,0,1
1048,4.640988739813278e-12,4.697209541521068e-12,-5.62208017077899e-14,1,0
1049,2.3128872534302483e-13,2.2646638743652926e-13,4.8223379064955664e-15,0,1
1050,1.0337961802770584e-12,9.916080499954571e-13,4.2188130281601296e-14,0,1
1051,9.377059483273634e-13,9.866930085708643e-13,-4.8987060243500864e-14,1,0
1052,5.61006772600731e-13,5.159525679060595e-13,4.505420469467154e-14,0,1
1053,4.44096085517316e-12,4.4614297852781446e-12,-2.0468930104984326e-14,1,0
1054,1.8751829329936684e-12,1.836110606914641e-12,3.9072326079027507e-14,0,1
1055,3.029965639482226e-13,3.504927146246182e-13,-4.749615067639559e-14,1,0
1056,2.8828124073573025e-11,2.1143983257995416e-11,7.68414081557761e-12,0,1
1057,7.73969353321613e-13,8.173866733788416e-13,-4.34173200572286e-14,1,0
1058,4.4424556797148897e-13,3.947142970177659e-13,4.953127095372307e-14,0,1
1059,5.397828803367107e-13,5.501390761427591e-13,-1.0356195806048382e-14,1,0
1060,1.2820054275020407e-12,1.2403558423939135e-12,4.164958510812718e-14,0,1
1061,1.7216017774034515e-12,1.7501790852208082e-12,-2.8577307817356734e-14,1,0
1062,1.0753314580902702e-13,1.6439297071822406e-13,-5.685982490919703e-14,1,0
1063,4.021981137769247e-13,3.670604185527622e-13,3.5137695224162495e-14,0,1
1064,7.413943893653018e-14,1.0322296481377309e-13,-2.9083525877242916e-14,1,0
1065,1.5359261697413492e-12,1.491597659728164e-12,4.4328510013185314e-14,0,1
1066,2.911687722753746e-13,2.8540019658566015e-13,5.7685756897144635e-15,0,1
1067,2.3020583174383517e-12,2.3485135051607322e-12,-4.6455187722380555e-14,1,0
1068,1.0288445340212592e-13,1.0676540911044484e-13,-3.880955708318917e-15,1,0
1069,1.859110951899716e-13,2.4050954441407895e-13,-5.4598449224107366e-14,1,0
1070,4.053132354312671e-12,4.08179804311524e-12,-2.86656888025692e-14,1,0
1071,1.1435290835840934e-12,1.1828061355600935e-12,-3.927705197600011e-14,1,0
1072,7.431767486372867e-13,7.127649726619522e-13,3.041177597533448e-14,0,1
1073,5.724847810330281e-12,5.712606040337509e-12,1.2241769992771387e-14,0,1
1074,2.3757885704718277e-13,2.958791947885185e-13,-5.83003377413357e-14,1,0
1075,2.9957932560648094e-13,3.35693962801774e-13,-3.611463719529303e-14,1,0
1076,1.7906756611181848e-13,1.776632825084337e-13,1.404283603384779e-15,0,1
1077,3.035121275508094e-13,3.5455530905660824e-13,-5.104318150579886e-14,1,0
1078,2.4855360573472307e-12,2.5214417353934783e-12,-3.5905678046247624e-14,1,0
1079,1.6069214976956007e-12,1.6390870984433182e-12,-3.216560074771749e-14,1,0
1080,4.5614756962928136e-12,4.5449025358720104e-12,1.657316042080318e-14,0,1
1081,5.990111941367185e-12,5.98255908790778e-12,7.552853459405367e-15,0,1
1082,1.633654309936922e-11,1.3501704712296667e-11,2.8348383870725527e-12,0,1
1083,4.812119875003939e-13,5.133034142606763e-13,-3.209142676028248e-14,1,0
1084,2.446667607315362e-13,2.0985447052339255e-13,3.481229020814367e-14,0,1
1085,1.632040670699138e-13,1.9995749579593558e-13,-3.675342872602177e-14,1,0
1086,1.8326323330270136e-13,1.9454420822096769e-13,-1.1280974918266322e-14,1,0
1087,9.928475757255767e-13,9.845781076047903e-13,8.269468120786387e-15,0,1
1088,4.628992711478415e-13,4.820776509600519e-13,-1.917837981221045e-14,1,0
1089,1.7949517308852214e-12,1.8461490954711753e-12,-5.1197364585953934e-14,1,0
1090,5.310195594663784e-13,4.962967754999705e-13,3.4722783966407885e-14,0,1
1091,1.9155530779610614e-13,2.1587500135008965e-13,-2.4319693553983505e-14,1,0
1092,1.1101297818603408e-13,1.3318363805128442e-13,-2.2170659865250342e-14,1,0
1093,4.1998604913641456e-13,4.715461217838099e-13,-5.156007264739537e-14,1,0
1094,3.5800555053027893e-13,3.6166583800860953e-13,-3.660287478330605e-15,1,0
1095,1.4260010474941177e-12,1.461914636408366e-12,-3.591358891424827e-14,1,0
1096,3.1901570356046736e-13,3.396656404743786e-13,-2.0649936913911266e-14,1,0
1097,1.7153181562332198e-13,2.1100823189273106e-13,-3.947641626940909e-14,1,0
1098,1.1016775798037868e-12,1.0702506522890258e-12,3.1426927514760975e-14,0,1
1099,3.75380843381457e-13,3.4755454638699547e-13,2.7826296994461538e-14,0,1
1100,2.4939074903692305e-13,3.0620919749576836e-13,-5.6818448458845306e-14,1,0
1101,2.5468658321363376e-12,2.5227434472424838e-12,2.412238489385385e-14,0,1
1102,1.3877917388051253e-12,1.406147999904671e-12,-1.8356261099545658e-14,1,0
1103,1.8129020590291056e-13,2.419006939251951e-13,-6.061048802228452e-14,1,0
1104,4.21382948239786e-12,4.236130877731917e-12,-2.230139533405755e-14,1,0
1105,6.103018761467327e-13,6.366515698000177e-13,-2.6349693653284905e-14,1,0
1106,2.6062867083756457e-13,3.2619771044543346e-13,-6.55690396078689e-14,1,0
1107,2.025847655395231e-12,2.0825287453662967e-12,-5.66810899710655e-14,1,0
1108,3.632522578801264e-13,3.0791509519554024e-13,5.5337162684586154e-14,0,1
1109,2.8996908826088833e-13,3.117151479733514e-13,-2.1746059712463063e-14,1,0
1110,4.4038682314984884e-13,3.7294745359564823e-13,6.74393695542006e-14,0,1
1111,3.5402148519416396e-13,3.929165503174903e-13,-3.8895065123326363e-14,1,0
1112,4.567668037321044e-13,5.18057977333712e-13,-6.129117360160766e-14,1,0
1113,2.3519332419765e-13,2.008146503630551e-13,3.4378673834594876e-14,0,1
1114,2.933859644073547e-13,3.339429236993529e-13,-4.0556959291998194e-14,1,0
1115,3.601950200700879e-13,3.988254386355551e-13,-3.863041856546723e-14,1,0
1116,9.38933682462073e-13,9.802704288230071e-13,-4.133674636093405e-14,1,0
1117,2.023977914591197e-12,2.0653349954985175e-12,-4.135708090732051e-14,1,0
1118,2.2632375421302736e-13,1.926884572521435e-13,3.363529696088386e-14,0,1
1119,4.240348903302836e-13,4.4979814173414287e-13,-2.576325140385928e-14,1,0
1120,5.674903087197559e-13,5.61448120366006e-13,6.042188353749946e-15,0,1
1121,3.862361268770653e-13,3.9195410420203864e-13,-5.717977324973362e-15,1,0
1122,1.254138655880889e-13,1.5226052671392234e-13,-2.6846661125833433e-14,1,0
1123,1.6904695792734161e-12,1.640677985050485e-12,4.979159422293107e-14,0,1
1124,8.65120025528648e-12,8.541899247187301e-12,1.0930100809917793e-13,0,1
1125,1.140129141906151e-13,1.6742678362358953e-13,-5.3413869432974424e-14,1,0
1126,2.461706569351607e-13,3.093722427071456e-13,-6.32015857719849e-14,1,0
1127,3.782415926637071e-13,3.667173664678615e-13,1.1524226195845581e-14,0,1
1128,1.1086532935264916e-12,1.0667139385050156e-12,4.193935502147599e-14,0,1
1129,3.392851035758569e-13,2.975994790663936e-13,4.1685624509463313e-14,0,1
1130,4.3322472158323155e-12,4.2926168426676115e-12,3.963037316470404e-14,0,1
1131,3.5930926532032065e-13,3.774699292763413e-13,-1.8160663956020666e-14,1,0
1132,2.032471802229971e-13,1.8825141375663527e-13,1.4995766466361823e-14,0,1
1133,5.660459254814126e-13,5.647059075817732e-13,1.340017899639431e-15,0,1
1134,9.71257500045166e-13,9.862039394123612e-13,-1.4946439367195256e-14,1,0
1135,3.311466069687947e-13,3.869231119290539e-13,-5.5776504960259215e-14,1,0
1136,4.211084995008259e-13,4.471564625649863e-13,-2.6047963064160412e-14,1,0
1137,5.16299992002153e-13,4.757637406546538e-13,4.053625134749913e-14,0,1
1138,2.1692112737692893e-13,1.862226826291455e-13,3.069844474778343e-14,0,1
1139,1.356135750684782e-12,1.3657051922468081e-12,-9.569441562026107e-15,1,0
1140,6.235681761316756e-13,6.68185563840264e-13,-4.4617387708588427e-14,1,0
1141,3.324791450864879e-12,3.319430301474967e-12,5.361149389912037e-15,0,1
1142,3.168143797950592e-13,3.0631790619892377e-13,1.049647359613545e-14,0,1
1143,8.668657937137122e-13,9.053672575473307e-13,-3.8501463833618533e-14,1,0
1144,9.14991077579393e-13,8.583014878587876e-13,5.668958972060543e-14,0,1
1145,3.7048839618164054e-13,3.4549718011773063e-13,2.499121606390991e-14,0,1
1146,5.732265882231792e-13,5.872772703052441e-13,-1.405068208206485e-14,1,0
1147,9.564465556159198e-12,9.60422969454046e-12,-3.976413838126137e-14,1,0
1148,2.0617475489709614e-12,2.062772914416373e-12,-1.0253654454114323e-15,1,0
1149,7.671228815495158e-13,7.083447088802994e-13,5.877817266921641e-14,0,1
1150,6.037415266972691e-13,6.358309559298687e-13,-3.2089429232599577e-14,1,0
1151,1.2268167917844955e-13,9.52031462939192e-14,2.7478532884530345e-14,0,1
1152,7.325561172515854e-13,7.930430756627039e-13,-6.048695841111854e-14,1,0
1153,1.3306819268901205e-13,1.678399083472858e-13,-3.477171565827374e-14,1,0
1154,5.479557762046927e-13,5.933024881744532e-13,-4.534671196976049e-14,1,0
1155,2.870435357076084e-13,3.242948731223481e-13,-3.7251337414739694e-14,1,0
1156,2.0812934686901523e-12,2.044814987924298e-12,3.647848076585417e-14,0,1
1157,7.687468386482469e-12,7.720658513441936e-12,-3.3190126959467536e-14,1,0
1158,9.076326729218622e-13,9.379119432210928e-13,-3.027927029923066e-14,1,0
1159,1.0461843696734459e-13,1.5400949435672214e-13,-4.939105738937755e-14,1,0
1160,4.3870085806121497e-13,4.095487726637426e-13,2.9152085397472355e-14,0,1
1161,4.763202053748523e-11,3.6165868444857076e-11,1.1466152092628152e-11,0,1
1162,2.646718679902005e-11,2.3454422198721464e-11,3.012764600298587e-12,0,1
1163,2.1770576565254553e-13,2.502947848246724e-13,-3.258901917212687e-14,1,0
1164,7.952505617039269e-13,7.443298022050968e-13,5.092075949883009e-14,0,1
1165,5.313278980884289e-13,5.667236119563454e-13,-3.5395713867916495e-14,1,0
1166,3.2758136946151807e-12,3.2728348835685506e-12,2.9788110466301075e-15,0,1
1167,1.6357706875857924e-13,1.5215998691389255e-13,1.141708184468669e-14,0,1
1168,2.374300138859242e-13,2.958471676167673e-13,-5.84171537308431e-14,1,0
1169,4.4585181190192454e-13,4.653094110159397e-13,-1.9457599114015124e-14,1,0
1170,1.2861507425209266e-13,1.7932826238772658e-13,-5.0713188135633916e-14,1,0
1171,2.1913577906543995e-12,2.2235789937523347e-12,-3.2221203097935105e-14,1,0
1172,8.947073047720078e-14,1.2370748632864344e-13,-3.423675585144265e-14,1,0
1173,4.4146897463229893e-13,4.685021476277754e-13,-2.7033172995476422e-14,1,0
1174,7.715786382321407e-13,7.931168340555558e-13,-2.1538195823415038e-14,1,0
1175,1.1203245109355834e-12,1.0751369357233102e-12,4.518757521227315e-14,0,1
1176,9.756122335984698e-14,1.4110570660556224e-13,-4.3544483245715257e-14,1,0
1177,8.957768226554512e-13,9.329761730562531e-13,-3.7199350400801936e-14,1,0
1178,2.448283403579896e-13,2.334226964572269e-13,1.1405643900762712e-14,0,1
1179,5.984141339428185e-13,5.878596042002426e-13,1.05545297425759e-14,0,1
1180,1.6349621581363637e-12,1.686096064165249e-12,-5.113390602888533e-14,1,0
1181,9.421395696290046e-13,9.448858424256275e-13,-2.746272796622921e-15,1,0
1182,3.51381804754446e-13,3.742736635418486e-13,-2.2891858787402608e-14,1,0
1183,1.4095505077861665e-13,1.8636037171559695e-13,-4.5405320936980296e-14,1,0
1184,4.0990402783437153e-13,3.633054033941348e-13,4.659862444023671e-14,0,1
1185,3.7935632788052894e-11,3.450498823727956e-11,3.4306445507733365e-12,0,1
1186,1.1768279047078108e-13,1.6264253287505336e-13,-4.495974240427228e-14,1,0
1187,1.2659504257615142e-13,1.7270172653674802e-13,-4.6106683960596596e-14,1,0
1188,2.7388512577384133e-12,2.7220201444409022e-12,1.6831113297511037e-14,0,1
1189,3.192084261011627e-13,3.2751188635258433e-13,-8.303460251421641e-15,1,0
1190,6.187302258363802e-13,6.723659541843959e-13,-5.363572834801567e-14,1,0
1191,3.8781655800452686e-13,4.168668827298797e-13,-2.905032472535286e-14,1,0
1192,5.201790423758254e-13,5.248083262176022e-13,-4.629283841776822e-15,1,0
1193,8.266473002244415e-13,8.744594522498305e-13,-4.7812152025388994e-14,1,0
1194,2.7922173146966497e-12,2.8212834094825903e-12,-2.9066094785940686e-14,1,0
1195,2.436145281869933e-13,2.457928885035897e-13,-2.1783603165964013e-15,1,0
1196,3.929021485872755e-13,4.0233964147563336e-13,-9.43749288835788e-15,1,0
1197,6.434544742965332e-13,5.847811410466301e-13,5.86733332499031e-14,0,1
1198,1.544914816408005e-13,1.4965772665581423e-13,4.833754984986275e-15,0,1
1199,1.7014874248312235e-13,1.799211622926411e-13,-9.772419809518754e-15,1,0
1200,2.88255268657098e-13,3.0633440397510785e-13,-1.8079135318009844e-14,1,0
1201,2.194882662705349e-12,2.1508385748895877e-12,4.4044087815761476e-14,0,1
1202,1.0631407899285628e-11,8.481626321164768e-12,2.14978157812086e-12,0,1
1203,2.203970320666361e-13,2.1357008420831287e-13,6.826947858323233e-15,0,1
1204,1.235704460306758e-12,1.197251731871418e-12,3.8452728435340114e-14,0,1
1205,5.734222090650492e-13,6.08200112517627e-13,-3.477790345257784e-14,1,0
1206,1.0750767374901762e-13,1.2081444298477052e-13,-1.3306769235752902e-14,1,0
1207,2.551196999989072e-13,2.9388180401139853e-13,-3.876210401249132e-14,1,0
1208,2.2699336350693609e-13,2.559592156523643e-13,-2.896585214542823e-14,1,0
1209,2.2268454416803112e-13,2.665108779964031e-13,-4.382633382837198e-14,1,0
1210,3.352253266428856e-13,3.2049128311157003e-13,1.473404353131558e-14,0,1
1211,3.2557550893368263e-13,3.333495627528242e-13,-7.77405381914155e-15,1,0
1212,1.2962577250497315e-10,8.95856882773776e-11,4.004008422759555e-11,0,1
1213,3.887953507320438e-13,3.2154684033063076e-13,6.724851040141304e-14,0,1
1214,1.7444566359507563e-13,1.8646798143778101e-13,-1.2022317842705384e-14,1,0
1215,2.437392080042997e-13,2.2427374510552295e-13,1.9465462898776758e-14,0,1
1216,3.6142567460019543e-13,3.919421874070992e-13,-3.051651280690376e-14,1,0
1217,3.627689638946369e-13,4.1765691844761247e-13,-5.4887954552975575e-14,1,0
1218,8.479427242966697e-14,9.728304081669045e-14,-1.2488768387023478e-14,1,0
1219,1.0048863935565222e-12,9.898687268892145e-13,1.501766666730779e-14,0,1
1220,2.356226622364094e-13,2.1132166343795373e-13,2.4300998798455692e-14,0,1
1221,7.625814315924811e-13,7.946648171624532e-13,-3.208338556997209e-14,1,0
1222,2.701933387702201e-13,3.0469694179741897e-13,-3.450360302719888e-14,1,0
1223,3.385936881730054e-11,3.391269919137922e-11,-5.3330374078679075e-14,1,0
1224,3.556307957820008e-13,3.3150772131776695e-13,2.4123074464233855e-14,0,1
1225,3.549163755391556e-13,3.5695297234887383e-13,-2.0365968097182273e-15,1,0
1226,1.862564646494331e-11,1.8570477039648978e-11,5.5169425294331024e-14,0,1
1227,7.197137412133994e-13,6.778925312165732e-13,4.182120999682617e-14,0,1
1228,2.420027982510889e-13,2.769300886732181e-13,-3.4927290422129193e-14,1,0
1229,2.602451000391253e-13,2.989248368354105e-13,-3.8679736796285174e-14,1,0
1230,1.9213800825558617e-13,2.414148271657805e-13,-4.927681891019435e-14,1,0
1231,3.7036525854036235e-13,4.1001572332122853e-13,-3.965046478086618e-14,1,0
1232,3.7844138260366773e-13,4.2499442994547137e-13,-4.655304734180364e-14,1,0
1233,2.039579495010122e-13,2.2644024732032148e-13,-2.2482297819309275e-14,1,0
1234,6.341529925558199e-13,6.743950459515801e-13,-4.02420533957602e-14,1,0
1235,4.251077575388726e-13,4.802407848204253e-13,-5.5133027281552666e-14,1,0
1236,2.4022875386085754e-13,1.9315590439893886e-13,4.707284946191868e-14,0,1
1237,8.435827277519151e-13,8.407940214127209e-13,2.7887063391941338e-15,0,1
1238,2.0644015605854077e-12,2.1165981670596552e-12,-5.219660647424751e-14,1,0
1239,2.5360819222020876e-12,2.560324177431427e-12,-2.4242255229339293e-14,1,0
1240,8.656208916512397e-13,8.252087126842953e-13,4.0412178966944425e-14,0,1
1241,5.953899288602984e-13,6.449911898270338e-13,-4.9601260966735343e-14,1,0
1242,2.136649178966314e-12,2.086561338830437e-12,5.0087840135877064e-14,0,1
1243,4.846983041666952e-13,5.047398885536027e-13,-2.0041584386907472e-14,1,0
1244,7.932638780713542e-13,8.540271240920079e-13,-6.076324602065369e-14,1,0
1245,8.125977924935416e-14,1.1612839273718897e-13,-3.486861348783481e-14,1,0
1246,5.84464582422565e-13,5.668512870035628e-13,1.7613295419002227e-14,0,1
1247,2.8580258324396726e-12,2.905829286470578e-12,-4.780345403090548e-14,1,0
1248,1.7222562484444157e-13,1.6105834069585768e-13,1.1167284148583884e-14,0,1
1249,4.13848813969459e-13,4.558192650718641e-13,-4.19704511024051e-14,1,0
1250,3.0324622242725104e-13,3.3862543856577136e-13,-3.5379216138520326e-14,1,0
1251,2.588318682316116e-13,3.075386220463689e-13,-4.87067538147573e-14,1,0
1252,4.942797227350255e-13,4.5254391363285883e-13,4.17358091021667e-14,0,1
1253,3.5094522640042996e-13,4.0750330629008067e-13,-5.655807988965071e-14,1,0
1254,2.98954511423992e-12,2.9960457925523323e-12,-6.50067831241246e-15,1,0
1255,6.413533611221207e-13,6.851371919742385e-13,-4.3783830852117776e-14,1,0
1256,4.078372707582923e-13,3.7060887299796627e-13,3.7228397760326015e-14,0,1
1257,3.0919168616486363e-13,3.4619952428664675e-13,-3.700783812178312e-14,1,0
1258,3.1097582842864773e-12,3.1059848569890017e-12,3.773427297475624e-15,0,1
1259,3.2184978795400666e-13,3.770827963160927e-13,-5.5233008362086067e-14,1,0
1260,2.477942636749666e-10,2.2427520803795102e-10,2.3519055637015555e-11,0,1
1261,1.9283840000825276e-12,1.9429896401666685e-12,-1.460564008414089e-14,1,0
1262,3.9825024588541924e-13,3.5910871229624486e-13,3.914153358917438e-14,0,1
1263,5.217317971566435e-13,5.236107033561422e-13,-1.878906199498728e-15,1,0
1264,2.2623763421343346e-13,2.8362239067568094e-13,-5.738475646224748e-14,1,0
1265,6.532768105966437e-13,6.898208065545115e-13,-3.6543995957867786e-14,1,0
1266,3.832661448207363e-11,3.77495926624375e-11,5.770218196361297e-13,0,1
1267,1.82473007497143e-12,1.877888074492364e-12,-5.315799952093379e-14,1,0
1268,5.744831302883738e-13,6.003203011245649e-13,-2.5837170836191107e-14,1,0
1269,5.927451853923669e-12,5.894427129850987e-12,3.302472407268216e-14,0,1
1270,3.2643550779253766e-13,3.9514782532607314e-13,-6.871231753353548e-14,1,0
1271,1.615138142301257e-11,1.3990959655480634e-11,2.160421767531938e-12,0,1
1272,2.548783048390492e-13,2.3691088547909634e-13,1.7967419359952853e-14,0,1
1273,2.496124869834169e-13,2.756480147875906e-13,-2.603552780417373e-14,1,0
1274,1.3234616756516191e-11,1.3196255961428178e-11,3.836079508801362e-14,0,1
1275,7.50925090554075e-12,7.450385929498544e-12,5.886497604220643e-14,0,1
1276,5.031446613434373e-13,5.285211019017118e-13,-2.537644055827454e-14,1,0
1277,1.8172471039316219e-12,1.8472984019549205e-12,-3.005129802329865e-14,1,0
1278,1.4240976703180315e-12,1.4278360426292398e-12,-3.738372311208235e-15,1,0
1279,2.7584141404564516e-13,3.226261104366835e-13,-4.678469639103837e-14,1,0
1280,1.026427635203994e-12,1.0657637096119052e-12,-3.9336074407911214e-14,1,0
1281,7.818414788054826e-12,7.766854536531593e-12,5.156025152323369e-14,0,1
1282,3.7002317945328767e-13,3.4321266473993233e-13,2.681051471335534e-14,0,1
1283,2.862760565757859e-13,2.8912389927366617e-13,-2.8478426978802823e-15,1,0
1284,3.0139843883866356e-12,2.962929032376451e-12,5.10553560101846e-14,0,1
1285,1.9394619124905614e-13,1.6212843262841558e-13,3.181775862064057e-14,0,1
1286,1.060614167248087e-11,1.3361344536154444e-11,-2.7552028636735737e-12,1,0
1287,2.3019272428558304e-13,2.503069445593241e-13,-2.011422027374107e-14,1,0
1288,1.6317775138029273e-12,1.6425148883820664e-12,-1.0737374579139059e-14,1,0
1289,2.5071038782965004e-12,2.569850238650115e-12,-6.274636035361437e-14,1,0
1290,1.0884970525517886e-13,1.5044293181454306e-13,-4.159322655936419e-14,1,0
1291,7.167825432512391e-13,7.199365288568862e-13,-3.1539856056470638e-15,1,0
1292,5.568916276842202e-13,6.123343078363075e-13,-5.544268015208732e-14,1,0
1293,8.101901398210767e-13,7.781584547875714e-13,3.2031685033505216e-14,0,1
1294,4.0342461787966867e-13,3.9693787360893395e-13,6.486744270734726e-15,0,1
1295,2.3840645443455567e-13,2.7078947803543034e-13,-3.238302360087467e-14,1,0
1296,2.0737971413246157e-13,1.7644259801253751e-13,3.0937116119924055e-14,0,1
1297,6.500999678334294e-13,5.869388635711834e-13,6.316110426224595e-14,0,1
1298,2.6951705381932423e-13,2.86414099199643e-13,-1.6897045380318783e-14,1,0
1299,5.177761965660224e-13,5.306718022970339e-13,-1.289560573101158e-14,1,0
1300,8.00398789887198e-14,5.725387167040226e-14,2.2786007318317545e-14,0,1
1301,3.526697149399181e-13,3.8407981559350343e-13,-3.141010065358534e-14,1,0
1302,2.7865266155594534e-12,2.7913380650657828e-12,-4.811449506329367e-15,1,0
1303,6.547138697490485e-13,6.482134303158476e-13,6.5004394332009345e-15,0,1
1304,1.3036407570093284e-13,1.434529557295345e-13,-1.3088880028601645e-14,1,0
1305,8.271154261630609e-13,8.883487401064855e-13,-6.123331394342464e-14,1,0
1306,1.2725523077612298e-13,1.2520687423007978e-13,2.048356546043202e-15,0,1
1307,2.5063959612363128e-12,2.486117151119124e-12,2.0278810117188824e-14,0,1
1308,1.8772581769120893e-13,2.0602121880464114e-13,-1.8295401113432212e-14,1,0
1309,1.6837214120464332e-12,1.7442295854306636e-12,-6.050817338423037e-14,1,0
1310,6.229801248580054e-12,6.195597712533848e-12,3.420353604620586e-14,0,1
1311,1.936491568689055e-12,1.891903012992065e-12,4.4588555696989865e-14,0,1
1312,1.2069422200048356e-12,1.219704116819292e-12,-1.2761896814456501e-14,1,0
1313,6.169422558278126e-13,5.930242859303629e-13,2.391796989744976e-14,0,1
1314,6.515464562327636e-13,7.156053854810442e-13,-6.40589292482806e-14,1,0
1315,2.3026614090251847e-13,2.2673063235378912e-13,3.5355085487293526e-15,0,1
1316,1.9290412769691651e-13,1.8736572369417872e-13,5.538404002737793e-15,0,1
1317,1.5228378813616457e-13,1.9872773537107887e-13,-4.64439472349143e-14,1,0
1318,3.9874373598611873e-13,4.137794125777058e-13,-1.5035676591587064e-14,1,0
1319,2.6105484179004785e-13,2.975714571638288e-13,-3.651661537378094e-14,1,0
1320,1.045189815921594e-12,9.962469269438473e-13,4.8942888977746696e-14,0,1
1321,8.80722854400018e-13,9.158177717363574e-13,-3.5094917336339465e-14,1,0
1322,3.081077229393037e-13,3.5652464232486154e-13,-4.841691938555784e-14,1,0
1323,1.4591586642339433e-11,1.4642081965220232e-11,-5.049532288079878e-14,1,0
1324,1.9749470370667184e-13,1.8310366554860324e-13,1.4391038158068596e-14,0,1
1325,8.70510280249948e-13,8.755204581054269e-13,-5.010177855478866e-15,1,0
1326,1.6051560972867913e-13,1.4748973104698106e-13,1.302587868169807e-14,0,1
1327,2.458941887769982e-13,2.198743313174577e-13,2.60198574595405e-14,0,1
1328,1.2131149971368863e-12,1.229927551942717e-12,-1.6812554805830768e-14,1,0
1329,4.4957698721391836e-13,4.2951222942593874e-13,2.0064757787979615e-14,0,1
1330,9.688272499591481e-13,1.0232304238693902e-12,-5.4403173910242116e-14,1,0
1331,9.2902874095289e-14,1.4690849030414524e-13,-5.4005616208856247e-14,1,0
1332,2.8700960046696444e-13,2.4584530882922066e-13,4.116429163774377e-14,0,1
1333,8.874987840574178e-11,6.071775293340848e-11,2.8032125472333298e-11,0,1
1334,1.3478787743150547e-12,1.3122856586615081e-12,3.559311565354655e-14,0,1
1335,3.0103630712054493e-13,2.8143543475393303e-13,1.9600872366611892e-14,0,1
1336,2.9491132009587406e-13,2.6055930206624643e-13,3.4352018029627624e-14,0,1
1337,9.453924235323755e-13,8.861868169749555e-13,5.920560655741997e-14,0,1
1338,1.0666985853665329e-12,1.0425887558644137e-12,2.410982950211919e-14,0,1
1339,6.438104875686432e-13,5.984237863993664e-13,4.538670116927683e-14,0,1
1340,3.6922757702649273e-13,3.6113559237097364e-13,8.091984655519093e-15,0,1
1341,1.9660248144258915e-13,2.2939866770034567e-13,-3.2796186257756516e-14,1,0
1342,3.205111497859648e-13,3.1465756644324697e-13,5.853583342717844e-15,0,1
1343,1.7125684761444912e-12,1.7316902003289858e-12,-1.912172418449464e-14,1,0
1344,2.1734604290701252e-13,2.3816155917667503e-13,-2.08155162696625e-14,1,0
1345,7.353171808781766e-13,7.398571780284649e-13,-4.53999715028827e-15,1,0
1346,3.762911597499894e-12,3.7126030013584384e-12,5.03085961414557e-14,0,1
1347,1.6979425338091545e-11,1.686364172160285e-11,1.1578361648869622e-13,0,1
1348,1.1543822533681874e-13,1.1963844857252262e-13,-4.200223235703877e-15,1,0
1349,2.7453644077949024e-13,3.1258301314308197e-13,-3.804657236359173e-14,1,0
1350,1.6995204595751427e-13,1.4654466180720901e-13,2.3407384150305255e-14,0,1
1351,1.7058735770890221e-13,2.1881301468001853e-13,-4.822565697111631e-14,1,0
1352,2.44454676371409e-13,2.3101124526371887e-13,1.3443431107690152e-14,0,1
1353,2.983169853547775e-13,3.593257113857531e-13,-6.10087260309756e-14,1,0
1354,3.137483651001372e-12,3.190263159213979e-12,-5.277950821260679e-14,1,0
1355,3.355208841907009e-13,3.728046330681167e-13,-3.7283748877415806e-14,1,0
1356,3.6513657924047657e-13,3.730064939743083e-13,-7.869914733831734e-15,1,0
1357,3.0654544555181454e-13,3.06979358476611e-13,-4.3391292479643863e-16,1,0
1358,6.118166364636044e-13,6.743699774042255e-13,-6.255334094062108e-14,1,0
1359,5.861675070692244e-13,6.007310218116342e-13,-1.4563514742409798e-14,1,0
1360,3.518498458295839e-13,3.3373063589137317e-13,1.8119209938210715e-14,0,1
1361,2.988236772543669e-12,3.0335010504713336e-12,-4.526427792766461e-14,1,0
1362,2.4448915413442754e-13,2.481317081366855e-13,-3.642554002257939e-15,1,0
1363,9.249530693163448e-13,8.749819056544133e-13,4.997116366193158e-14,0,1
1364,4.916106389777555e-12,4.886730142126673e-12,2.9376247650881254e-14,0,1
1365,8.479352281371481e-13,8.223826096518302e-13,2.555261848531788e-14,0,1
1366,9.993449797491114e-14,1.2021412107687177e-13,-2.0279623101960627e-14,1,0
1367,3.5938823956231287e-12,3.6064559764265744e-12,-1.2573580803445722e-14,1,0
1368,3.491650904160501e-12,3.5198045168639236e-12,-2.8153612703422717e-14,1,0
1369,2.595050228695402e-13,3.033080795283108e-13,-4.380305665877058e-14,1,0
1370,1.2173295519345768e-11,1.1092071017106094e-11,1.0812245022396742e-12,0,1
1371,4.025272311623964e-12,4.082004967183371e-12,-5.6732655559407606e-14,1,0
1372,7.473878007815895e-13,7.895409148568843e-13,-4.215311407529475e-14,1,0
1373,5.488827207058242e-13,5.837049361320208e-13,-3.4822215426196665e-14,1,0
1374,3.4414077623220743e-13,3.6310732157550107e-13,-1.896654534329364e-14,1,0
1375,1.4449454545589062e-11,1.4063655467039289e-11,3.857990785497734e-13,0,1
1376,5.178621046184938e-13,5.481092619945794e-13,-3.024715737608561e-14,1,0
1377,2.7316540804030863e-12,2.7627770132076873e-12,-3.112293280460099e-14,1,0
1378,9.982009682391975e-13,9.507114999265473e-13,4.748946831265019e-14,0,1
1379,1.3395921839118885e-11,1.333799135951816e-11,5.793047960072465e-14,0,1
1380,1.1380790590984693e-12,1.112522706976386e-12,2.555635212208325e-14,0,1
1381,2.0351278114442168e-13,2.6605652376593437e-13,-6.254374262151268e-14,1,0
1382,1.5960945966717453e-12,1.6381682212410143e-12,-4.2073624569269035e-14,1,0
1383,4.044978068883349e-13,3.6981939321222303e-13,3.467841367611189e-14,0,1
1384,4.258616415015336e-13,3.845609939709311e-13,4.130064753060254e-14,0,1
1385,3.873042025960316e-13,4.404920274521849e-13,-5.3187824856153276e-14,1,0
1386,5.737393328089206e-13,5.30339419812213e-13,4.3399912996707566e-14,0,1
1387,2.9373666925038557e-13,3.252803320372812e-13,-3.154366278689564e-14,1,0
1388,2.052285662414698e-13,2.617425201899267e-13,-5.65139539484569e-14,1,0
1389,2.0285771257573547e-13,2.2857289434655985e-13,-2.5715181770824383e-14,1,0
1390,1.6237454317987584e-12,1.6698647284940402e-12,-4.611929669528179e-14,1,0
1391,2.4287368933521455e-12,2.4423534412411686e-12,-1.3616547889023085e-14,1,0
1392,5.007203716174663e-13,4.727320179813166e-13,2.798835363614978e-14,0,1
1393,2.228882905090468e-13,1.9463199946246603e-13,2.8256291046580775e-14,0,1
1394,1.5083399418965208e-13,1.1716054656824296e-13,3.3673447621409124e-14,0,1
1395,8.821769130125668e-14,9.214177749487922e-14,-3.924086193622533e-15,1,0
1396,9.149738198517992e-13,8.737447020593035e-13,4.122911779249574e-14,0,1
1397,2.5540491633226963e-13,3.1334758103464187e-13,-5.794266470237224e-14,1,0
1398,7.727711195608107e-13,7.764236832167364e-13,-3.652563655925689e-15,1,0
1399,6.477618197994751e-13,7.034088487320952e-13,-5.5647028932620064e-14,1,0
1400,3.132689229106424e-13,2.716016158619396e-13,4.166730704870283e-14,0,1
1401,2.3552895620952127e-13,2.6964558866919056e-13,-3.4116632459669285e-14,1,0
1402,5.265579135436419e-13,5.471701716873553e-13,-2.0612258143713428e-14,1,0
1403,4.67270722625481e-13,4.187819800715226e-13,4.848874255395844e-14,0,1
1404,5.609022031279203e-12,5.635103543126232e-12,-2.6081511847028845e-14,1,0
1405,6.289774733805347e-13,6.173519401531024e-13,1.1625533227432272e-14,0,1
1406,3.661663471452695e-13,3.5103318152782433e-13,1.5133165617445178e-14,0,1
1407,1.5935452557607867e-13,1.4479429511574488e-13,1.4560230460333798e-14,0,1
1408,3.5220038424267543e-12,3.4829103216487787e-12,3.9093520777975645e-14,0,1
1409,2.788059526109279e-12,2.7691496575988438e-12,1.8909868510435178e-14,0,1
1410,2.3181975295881185e-13,1.817421734247969e-13,5.007757953401495e-14,0,1
1411,4.927902239481415e-13,5.324166271035167e-13,-3.9626403155375206e-14,1,0
1412,3.270964776800873e-13,3.205838406741294e-13,6.512637005957945e-15,0,1
1413,1.408418772734018e-13,2.056781783349899e-13,-6.483630106158811e-14,1,0
1414,2.1611237727561452e-13,1.7020464703010437e-13,4.5907730245510145e-14,0,1
1415,1.7321558864792908e-12,1.779739172305085e-12,-4.758328582579408e-14,1,0
1416,2.7191328231212742e-11,2.6376204612806662e-11,8.1512361840608e-13,0,1
1417,1.281761564166737e-13,1.1832220121097182e-13,9.853955205701885e-15,0,1
1418,7.260388385284179e-13,6.862416151675926e-13,3.97972233608253e-14,0,1
1419,1.4957466717374933e-12,1.5187560658700522e-12,-2.300939413255889e-14,1,0
1420,1.561673321250253e-11,1.566325619670392e-11,-4.6522984201391727e-14,1,0
1421,4.1209430703137284e-13,4.123679227156874e-13,-2.736156843145397e-16,1,0
1422,2.771432615346629e-13,2.7395576424842096e-13,3.1874972862419277e-15,0,1
1423,2.1635415193149556e-13,2.3086988044027837e-13,-1.4515728508782805e-14,1,0
1424,1.5498008130585843e-13,1.6517532282610837e-13,-1.0195241520249944e-14,1,0
1425,7.355336350138143e-13,7.826646359553704e-13,-4.71310009415561e-14,1,0
1426,5.386772486056288e-12,5.3753885477424025e-12,1.1383938313885693e-14,0,1
1427,2.0411265158008794e-12,2.0899758744369105e-12,-4.8849358636031124e-14,1,0
1428,7.658322776373406e-13,7.150375454835136e-13,5.079473215382693e-14,0,1
1429,2.336281893056472e-13,2.1305004509454193e-13,2.0578144211105242e-14,0,1
1430,1.1776562831686213e-11,1.1753265938111926e-11,2.329689357428686e-14,0,1
1431,2.6318467686529215e-13,2.1817617396392432e-13,4.5008502901367825e-14,0,1
1432,2.909931466224117e-12,2.8852840162989626e-12,2.4647449925154335e-14,0,1
1433,3.36162350619792e-13,3.6729245681367153e-13,-3.113010619387955e-14,1,0
1434,7.178159013195003e-13,6.733331650515713e-13,4.448273626792901e-14,0,1
1435,2.2237796729425246e-13,2.1618488680327208e-13,6.193080490980386e-15,0,1
1436,3.514228991636124e-13,3.483540939929984e-13,3.0688051706139913e-15,0,1
1437,2.8224695868312036e-13,3.2175168398894685e-13,-3.950472530582649e-14,1,0
1438,6.009348849039377e-13,6.457053994918104e-13,-4.477051458787264e-14,1,0
1439,4.0232020695029933e-13,3.6114535375125976e-13,4.117485319903957e-14,0,1
1440,9.231416072873578e-13,9.50750799569417e-13,-2.7609192282059213e-14,1,0
1441,5.778347247065262e-13,5.50136325345489e-13,2.7698399361037266e-14,0,1
1442,3.46084448116239e-13,3.682352342319994e-13,-2.2150786115760412e-14,1,0
1443,2.7604759404406815e-13,2.7466825944514363e-13,1.3793345989245264e-15,0,1
1444,7.532396297783968e-13,7.474171482815655e-13,5.822481496831309e-15,0,1
1445,9.254089214331885e-13,9.703202616933737e-13,-4.49113402601852e-14,1,0
1446,1.4581662954288695e-13,1.5027097473529981e-13,-4.4543451924128585e-15,1,0
1447,2.6990849056306688e-12,2.676070403390582e-12,2.301450224008678e-14,0,1
1448,1.1399309834433897e-12,1.1925408090544385e-12,-5.2609825611048795e-14,1,0
1449,4.414909445557224e-13,4.32773056719001e-13,8.717887836721407e-15,0,1
1450,1.7476645758254603e-12,1.733778731677977e-12,1.3885844147483184e-14,0,1
1451,5.673513244612693e-13,5.739721310754668e-13,-6.6208066141974526e-15,1,0
1452,2.1507987862692273e-12,2.089616075490647e-12,6.11827107785805e-14,0,1
1453,7.491251230513486e-13,7.230212995877887e-13,2.610382346355992e-14,0,1
1454,1.090702627170491e-12,1.1409245949742966e-12,-5.0221967803805634e-14,1,0
1455,8.52012010484824e-12,8.511560554389672e-12,8.559550458567302e-15,0,1
1456,3.956071092691421e-13,3.5887712227329174e-13,3.672998699585036e-14,0,1
1457,2.986828558226244e-12,3.013671311906135e-12,-2.6842753679891363e-14,1,0
1458,3.8217675315312695e-13,3.491858991992211e-13,3.299085395390584e-14,0,1
1459,4.0242715293869403e-13,4.54360164979793e-13,-5.193301204109897e-14,1,0
1460,4.067359365121283e-13,3.7730938308544944e-13,2.9426553426678875e-14,0,1
1461,1.4436467772833529e-12,1.4090177270770165e-12,3.462905020633641e-14,0,1
1462,2.0310807110287428e-13,2.334849461540607e-13,-3.0376875051186426e-14,1,0
1463,2.1346717648747713e-11,1.7823657878221845e-11,3.523059770525868e-12,0,1
1464,1.7173187200583917e-13,2.1448697294268986e-13,-4.275510093685069e-14,1,0
1465,1.6886445671145692e-13,1.471145778182151e-13,2.174987889324181e-14,0,1
1466,6.845808184660194e-13,6.643037517224807e-13,2.027706674353874e-14,0,1
1467,5.553660254051722e-13,5.406501180698946e-13,1.4715907335277646e-14,0,1
1468,1.8314630440855413e-13,2.1133645542776612e-13,-2.819015101921199e-14,1,0
1469,2.7580590820525395e-13,2.7110256733836806e-13,4.7033408668858874e-15,0,1
1470,2.380746299611211e-11,1.8953138756691168e-11,4.854324239420943e-12,0,1
1471,1.3656123054244101e-12,1.3126950299546416e-12,5.2917275469768494e-14,0,1
1472,6.436646678551906e-13,6.66638413677363e-13,-2.2973745822172447e-14,1,0
1473,7.361675006369106e-13,7.882848640266933e-13,-5.211736338978267e-14,1,0
1474,1.7480046490476675e-13,1.534147324778893e-13,2.138573242687746e-14,0,1
1475,2.9334373934401994e-12,2.90666681239324e-12,2.67705810469595e-14,0,1
1476,7.625832770418913e-13,7.655046183182854e-13,-2.9213412763940474e-15,1,0
1477,3.4052124693210475e-13,3.7329542822342957e-13,-3.277418129132481e-14,1,0
1478,9.069892625059185e-13,9.1491381577983e-13,-7.924553273911527e-15,1,0
1479,2.2453736907137902e-13,2.755326091901491e-13,-5.0995240118770073e-14,1,0
1480,6.634607715252964e-13,7.188369760951904e-13,-5.5376204569894034e-14,1,0
1481,9.090791334848158e-13,9.506254081637663e-13,-4.1546274678950454e-14,1,0
1482,8.232409215498993e-13,7.822828404201305e-13,4.0958081129768775e-14,0,1
1483,2.741326300755559e-12,2.7598929262879254e-12,-1.8566625532366315e-14,1,0
1484,4.757672052134988e-13,5.318546904788186e-13,-5.6087485265319856e-14,1,0
1485,8.688598405973411e-13,9.328983403290583e-13,-6.403849973171726e-14,1,0
1486,1.64949664749909e-13,1.7768627768966376e-13,-1.2736612939754758e-14,1,0
1487,7.279152763073789e-13,7.607285943566768e-13,-3.2813318049297884e-14,1,0
1488,9.384725894302427e-13,9.657029135738605e-13,-2.7230324143617712e-14,1,0
1489,7.726356903019457e-13,8.129352958519621e-13,-4.0299605550016395e-14,1,0
1490,1.0297408015595978e-13,1.0107032333336317e-13,1.9037568225966135e-15,0,1
1491,2.395373549414146e-13,2.88054024324831e-13,-4.8516669383416406e-14,1,0
1492,1.3159956366503653e-13,1.686297383370326e-13,-3.7030174671996073e-14,1,0
1493,2.599696338534762e-13,2.1553074502269597e-13,4.4438888830780225e-14,0,1
1494,1.1893614641540408e-13,1.2427076123972798e-13,-5.3346148243239044e-15,1,0
1495,1.8188224187786416e-12,1.7890160350710703e-12,2.9806383707571354e-14,0,1
1496,4.248784381171495e-12,4.200788674398826e-12,4.799570677266944e-14,0,1
1497,1.7491098160892575e-13,2.320421205310273e-13,-5.713113892210155e-14,1,0
1498,2.5000326364695596e-13,2.0107944061594766e-13,4.89238230310083e-14,0,1
1499,2.2209154187461144e-11,1.4077973443294142e-11,8.131180744167002e-12,0,1
1500,7.774424109926548e-13,7.92864848669602e-13,-1.5422437676947123e-14,1,0
1501,1.144624958640332e-12,1.2044063681264286e-12,-5.978140948609674e-14,1,0
1502,6.197179826410262e-13,6.110993482381031e-13,8.618634402923138e-15,0,1
1503,3.3784524093822205e-13,3.839457394404716e-13,-4.610049850224956e-14,1,0
1504,3.8102402993006534e-13,3.5720064568252373e-13,2.3823384247541614e-14,0,1
1505,1.26301828505013e-13,1.6121775588423598e-13,-3.491592737922298e-14,1,0
1506,3.8273456217915407e-13,3.59867585253573e-13,2.286697692558105e-14,0,1
1507,2.3703219043231636e-12,2.3261527620248713e-12,4.416914229829228e-14,0,1
1508,2.0457071082156089e-13,1.8932688397233756e-13,1.524382684922333e-14,0,1
1509,6.850163702862021e-13,6.566659631850229e-13,2.8350407101179157e-14,0,1
1510,1.8707687355908443e-12,1.9089037122354603e-12,-3.813497664461601e-14,1,0
1511,3.5969436860103595e-13,3.4712567425447034e-13,1.2568694346565615e-14,0,1
1512,2.5053462219263926e-13,2.2605978513446063e-13,2.4474837058178633e-14,0,1
1513,1.918101561877365e-13,2.05418936884779e-13,-1.3608780697042516e-14,1,0
1514,2.398913551330315e-13,2.9684277076735973e-13,-5.695141563432823e-14,1,0
1515,5.592944864963739e-13,5.784854223073497e-13,-1.9190935810975725e-14,1,0
1516,9.505169760896648e-13,9.613511042896322e-13,-1.0834128199967409e-14,1,0
1517,2.3846475431051344e-13,2.0094544555759046e-13,3.7519308752922976e-14,0,1
1518,1.4553447305292737e-12,1.4840392639386662e-12,-2.8694533409392493e-14,1,0
1519,1.7258035591799953e-13,2.1565403693378445e-13,-4.307368101578492e-14,1,0
1520,7.414124857457086e-13,6.988307447608096e-13,4.2581740984898996e-14,0,1
1521,1.254942524155588e-13,1.74247274196349e-13,-4.8753021780790214e-14,1,0
1522,2.6717142952137166e-11,1.655965638361083e-11,1.0157486568526337e-11,0,1
1523,4.4941072181708606e-13,4.796812949738376e-13,-3.027057315675156e-14,1,0
1524,3.3385773243715586e-12,3.299161516694485e-12,3.941580767707361e-14,0,1
1525,2.6681429343452385e-13,2.571475911013566e-13,9.666702333167236e-15,0,1
1526,2.3902608870397547e-13,2.39014554991719e-13,1.153371225646536e-17,0,1
1527,2.5208508976100554e-13,2.9001533362884804e-13,-3.79302438678425e-14,1,0
1528,4.210222615230175e-12,4.216530424932059e-12,-6.307809701884015e-15,1,0
1529,1.7481163691913335e-12,1.734862921540102e-12,1.3253447651231497e-14,0,1
1530,3.3249701982855597e-13,3.23826210793108e-13,8.670809035447978e-15,0,1
1531,3.61436833746878e-13,2.979353012997518e-13,6.350153244712619e-14,0,1
1532,1.5412008324271735e-13,1.323558250377373e-13,2.1764258204980044e-14,0,1
1533,4.721512906490645e-13,4.958693089511437e-13,-2.3718018302079266e-14,1,0
1534,2.3986675554491023e-13,2.494281814738534e-13,-9.561425928943191e-15,1,0
1535,9.917088365880826e-14,1.0832337522664547e-13,-9.152491567837217e-15,1,0
1536,3.0318022683351525e-13,3.2985517626365093e-13,-2.6674949430135673e-14,1,0
1537,3.071615488344088e-13,3.4239896537091297e-13,-3.5237416536504145e-14,1,0
1538,1.1340923644092342e-12,1.1573934873198937e-12,-2.3301122910659463e-14,1,0
1539,7.004923944495719e-14,1.1037698579838109e-13,-4.03277463534239e-14,1,0
1540,7.809424400016431e-14,1.1396184267600334e-13,-3.586759867583903e-14,1,0
1541,1.1151357198164293e-12,1.1344375109060174e-12,-1.9301791089588184e-14,1,0
1542,5.951617545728421e-13,6.205267584166115e-13,-2.536500384376943e-14,1,0
1543,1.0331420456765173e-13,1.1759674713771513e-13,-1.4282542570063404e-14,1,0
1544,2.184424148103772e-13,2.6015713452983765e-13,-4.171471971946045e-14,1,0
1545,3.133696183121832e-13,3.0461142401955885e-13,8.758194292624345e-15,0,1
1546,5.395077367442876e-13,5.154269327315318e-13,2.4080804012755834e-14,0,1
1547,6.322350888039904e-13,6.729384087467641e-13,-4.070331994277376e-14,1,0
1548,4.560579751779892e-13,5.106776729208193e-13,-5.461969774283015e-14,1,0
1549,1.4355457204723825e-12,1.47938675238153e-12,-4.384103190914757e-14,1,0
1550,5.179494241179202e-13,5.53005605547198e-13,-3.505618142927774e-14,1,0
1551,3.3300832602736065e-13,3.5010130910492113e-13,-1.709298307756048e-14,1,0
1552,2.033007911943446e-13,2.2960989603875383e-13,-2.6309104844409234e-14,1,0
1553,5.030738276197334e-13,5.415441384447122e-13,-3.847031082497876e-14,1,0
1554,2.90271798770646e-12,2.9042287728947633e-12,-1.510785188303334e-15,1,0
1555,2.2651646705961101e-13,2.577430819457094e-13,-3.12266148860984e-14,1,0
1556,1.7661151695733196e-13,1.7465344668713836e-13,1.9580702701935997e-15,0,1
1557,1.149350741943527e-12,1.204847825490786e-12,-5.549708354725893e-14,1,0
1558,8.712213710411795e-13,8.860752443306243e-13,-1.4853873289444815e-14,1,0
1559,3.4418027146932694e-13,3.968842364493039e-13,-5.270396497997697e-14,1,0
1560,3.4970002361293583e-13,4.0553916088469173e-13,-5.583913727175591e-14,1,0
1561,2.911579438459868e-11,2.5380605377670364e-11,3.735189006928316e-12,0,1
1562,2.0539272035749323e-12,2.0873469897463066e-12,-3.341978617137421e-14,1,0
1563,2.0550468464078143e-12,2.0745697693511844e-12,-1.9522922943370073e-14,1,0
1564,1.0754484710316765e-12,1.1329916090790378e-12,-5.754313804736129e-14,1,0
1565,1.4465893884532447e-12,1.4076511603187651e-12,3.893822813447958e-14,0,1
1566,1.8420052578054016e-13,1.6659313689874483e-13,1.7607388881795337e-14,0,1
1567,5.375103222534518e-13,4.843456664916935e-13,5.316465576175827e-14,0,1
1568,2.242821248335003e-12,2.1854079621233587e-12,5.741328621164412e-14,0,1
1569,6.316329424439227e-13,6.221743949044819e-13,9.458547539440815e-15,0,1
1570,1.9018447753518606e-13,1.4888650493977195e-13,4.129797259541411e-14,0,1
1571,1.524801428010994e-13,1.7450373389461352e-13,-2.2023591093514128e-14,1,0
1572,4.715935636132071e-13,4.850233064885597e-13,-1.3429742875352557e-14,1,0
1573,2.100613271705622e-12,2.1084829154643528e-12,-7.869643758730675e-15,1,0
1574,5.562934837890678e-13,5.275724466949009e-13,2.872103709416693e-14,0,1
1575,3.2958372636294654e-13,3.658510051653726e-13,-3.6267278802426035e-14,1,0
1576,3.88101404248283e-13,3.565794256460549e-13,3.1521978602228063e-14,0,1
1577,3.7191337213696943e-13,4.2307601597266907e-13,-5.1162643835699645e-14,1,0
1578,3.2333127785021945e-13,2.7904352924067056e-13,4.428774860954889e-14,0,1
1579,4.3937286623255337e-13,4.646724999007096e-13,-2.5299633668156187e-14,1,0
1580,2.410662340528634e-13,1.8540472667533685e-13,5.566150737752654e-14,0,1
1581,1.711798518626981e-12,1.6588853702792368e-12,5.291314834774411e-14,0,1
1582,3.592281899185724e-13,4.0704702092206836e-13,-4.781883100349596e-14,1,0
1583,3.824052112922085e-13,3.392813267419281e-13,4.312388455028039e-14,0,1
1584,2.8429202990141964e-13,2.321680254797967e-13,5.212400442162295e-14,0,1
1585,1.7267651954482307e-13,2.1375390022379123e-13,-4.107738067896817e-14,1,0
1586,1.520796090955247e-12,1.472749048425466e-12,4.804704252978106e-14,0,1
1587,1.6002854860259628e-12,1.64530084129443e-12,-4.501535526846729e-14,1,0
1588,1.1296807059060196e-12,1.0868186573381313e-12,4.2862048567888284e-14,0,1
1589,4.1502818322260105e-13,4.657156986744644e-13,-5.068751545186332e-14,1,0
1590,8.441506700080465e-13,8.688669915050014e-13,-2.471632149695495e-14,1,0
1591,4.060115046297591e-12,4.074182260257084e-12,-1.4067213959493312e-14,1,0
1592,5.695496802258223e-13,6.208418422346684e-13,-5.1292162008846075e-14,1,0
1593,2.715486443180514e-13,3.08684474395686e-13,-3.7135830077634604e-14,1,0
1594,6.895623404543604e-13,6.584536363805133e-13,3.110870407384706e-14,0,1
1595,3.8126124300976215e-13,3.421391850775893e-13,3.9122057932172865e-14,0,1
1596,6.904067527995718e-12,6.938828716285222e-12,-3.476118828950474e-14,1,0
1597,2.220447999949074e-12,2.2773395412232573e-12,-5.689154127418346e-14,1,0
1598,3.2010663622373717e-13,2.9518982979493844e-13,2.4916806428798727e-14,0,1
1599,1.4899908611540447e-13,2.0900392974005234e-13,-6.000484362464787e-14,1,0
1600,6.17470071404452e-13,5.766801846937212e-13,4.078988671073076e-14,0,1
1601,2.1402085157973184e-13,2.391501043640312e-13,-2.5129252784299344e-14,1,0
1602,2.3141523966409736e-13,2.3656824432515944e-13,-5.153004661062079e-15,1,0
1603,2.2053351840975493e-13,2.6072061342206887e-13,-4.018709501231393e-14,1,0
1604,3.5088404897309236e-13,3.7579225416854584e-13,-2.4908205195453485e-14,1,0
1605,2.5786372325788564e-13,3.254643750948188e-13,-6.760065183693318e-14,1,0
1606,2.2049917124308886e-13,2.4298249680123246e-13,-2.24833255581436e-14,1,0
1607,6.802233387886707e-13,6.263665137787413e-13,5.385682500992932e-14,0,1
1608,3.475160549340522e-13,3.2808043313400174e-13,1.9435621800050452e-14,0,1
1609,1.9259662757777984e-13,1.9449826624242758e-13,-1.901638664647743e-15,1,0
1610,1.1099836036305231e-12,1.0864613436530756e-12,2.352225997744747e-14,0,1
1611,1.0014793422448299e-12,9.54655013465335e-13,4.682432877949492e-14,0,1
1612,2.3887749707672767e-13,2.0034266070543414e-13,3.853483637129353e-14,0,1
1613,2.0169853335517106e-12,2.0687791533040234e-12,-5.179381975231279e-14,1,0
1614,4.692857205399867e-13,4.289987574349004e-13,4.028696310508629e-14,0,1
1615,4.917004659444124e-12,4.9459646415252405e-12,-2.895998208111628e-14,1,0
1616,4.859428037311406e-13,4.556437775092868e-13,3.029902622185373e-14,0,1
1617,1.2708343265515351e-13,1.2381251846557797e-13,3.2709141895755386e-15,0,1
1618,9.322930444534655e-14,1.0430316517156627e-13,-1.1073860726219717e-14,1,0
1619,3.7603293581689616e-13,4.0589286046020693e-13,-2.9859924643310767e-14,1,0
1620,2.270899151153771e-13,2.5733772768212475e-13,-3.024781256674765e-14,1,0
1621,1.5139834287554447e-13,1.605454217979781e-13,-9.147078922433636e-15,1,0
1622,2.324657330432379e-13,2.6977200259214843e-13,-3.730626954891055e-14,1,0
1623,4.765027974567664e-13,5.219069507749002e-13,-4.540415331813381e-14,1,0
1624,1.0020891078433224e-13,1.6328856194076773e-13,-6.307965115643549e-14,1,0
1625,7.676732431053281e-13,7.929157846533143e-13,-2.5242541547986196e-14,1,0
1626,2.9769931980457046e-13,2.968869948410479e-13,8.123249635225697e-16,0,1
1627,1.353777649894436e-12,1.3947433194145434e-12,-4.096566952010727e-14,1,0
1628,2.2445631845663182e-13,1.9783783809042443e-13,2.6618480366207395e-14,0,1
1629,5.0933615967321355e-12,5.0547369758276384e-12,3.862462090449705e-14,0,1
1630,1.690464157635349e-13,2.174548735369593e-13,-4.8408457773424386e-14,1,0
1631,3.9085033443019945e-13,4.153982639651418e-13,-2.4547929534942326e-14,1,0
1632,6.483371079839627e-12,6.464188443076306e-12,1.918263676332118e-14,0,1
1633,3.8897176196874216e-13,3.7653924418480993e-13,1.2432517783932227e-14,0,1
1634,4.145206959985874e-13,3.957708569016505e-13,1.87498390969369e-14,0,1
1635,2.2048988160117607e-13,1.949153198773279e-13,2.557456172384818e-14,0,1
1636,7.0747478301847886e-12,6.332649506744958e-12,7.420983234398308e-13,0,1
1637,5.515054163618351e-13,6.136957673648121e-13,-6.219035100297705e-14,1,0
1638,2.6652035970950804e-13,2.173804582762118e-13,4.9139901433296246e-14,0,1
1639,1.8849203030462116e-13,2.4726368131377586e-13,-5.87716510091547e-14,1,0
1640,1.2075879307129876e-12,1.1832263438982215e-12,2.4361586814766102e-14,0,1
1641,2.1932630422151703e-13,1.9712894073950866e-13,2.2197363482008374e-14,0,1
1642,4.947998417718008e-13,4.647696180473291e-13,3.0030223724471696e-14,0,1
1643,1.547386892865444e-13,2.087392716822165e-13,-5.400058239567209e-14,1,0
1644,2.760140571571348e-13,2.511335525774182e-13,2.488050457971659e-14,0,1
1645,1.4518412439996024e-13,1.7037824998748566e-13,-2.5194125587525427e-14,1,0
1646,1.6386025518667033e-12,1.6519771036880188e-12,-1.3374551821315569e-14,1,0
1647,1.0829809899464742e-12,1.1311378870569739e-12,-4.815689711049969e-14,1,0
1648,1.7823444313055416e-13,2.0553933828891e-13,-2.730489515835584e-14,1,0
1649,3.33509243883628e-13,3.866187364446404e-13,-5.310949256101241e-14,1,0
1650,8.347099976244682e-13,7.980834128133585e-13,3.6626584811109737e-14,0,1
1651,7.596824260510144e-13,7.123796295261711e-13,4.730279652484331e-14,0,1
1652,4.784889736533421e-13,5.173877183817363e-13,-3.8898744728394164e-14,1,0
1653,3.501387744345141e-13,3.491181424270322e-13,1.0206320074819022e-15,0,1
1654,5.587543465284695e-13,5.958777366051284e-13,-3.712339007665891e-14,1,0
1655,1.1235732559844038e-12,1.177127398050274e-12,-5.355414206587025e-14,1,0
1656,1.465784091042439e-13,1.1276190142109571e-13,3.38165076831482e-14,0,1
1657,2.9284731596153495e-13,2.6783144139682313e-13,2.5015874564711824e-14,0,1
1658,1.342219192497714e-13,1.5868377831602086e-13,-2.446185906624945e-14,1,0
1659,5.812553262948664e-13,5.891850565227113e-13,-7.929730227844873e-15,1,0
1660,3.262101972961643e-13,3.0189338953109643e-13,2.4316807765067893e-14,0,1
1661,1.1747981532608114e-12,1.1420279636144562e-12,3.2770189646355145e-14,0,1
1662,2.5656995148023875e-13,2.714670513013162e-13,-1.489709982107747e-14,1,0
1663,3.3054454727905364e-12,3.3616716239552986e-12,-5.622615116476224e-14,1,0
1664,6.163068990635989e-13,6.477349756012019e-13,-3.1428076537603044e-14,1,0
1665,2.8189734547406146e-13,2.4124029518052396e-13,4.0657050293537505e-14,0,1
1666,4.0658836227012634e-13,3.544473459997841e-13,5.214101627034224e-14,0,1
1667,2.687582304748213e-13,2.6417145043375935e-13,4.586780041061947e-15,0,1
1668,1.6977611288900174e-13,1.6543873050167105e-13,4.337382387330693e-15,0,1
1669,4.715669645702578e-13,4.4563487053690457e-13,2.5932094033353252e-14,0,1
1670,6.327798751489147e-12,6.37190103827876e-12,-4.41022867896133e-14,1,0
1671,5.487732525037308e-12,5.475644023914801e-12,1.2088501122507259e-14,0,1
1672,1.5271325767677937e-13,1.2203614648948544e-13,3.067711118729393e-14,0,1
1673,2.1374184442927534e-13,2.6959333528801057e-13,-5.585149085873523e-14,1,0
1674,1.5842364302486379e-13,2.1545836961577031e-13,-5.703472659090653e-14,1,0
1675,1.940379359232287e-12,1.881311417117027e-12,5.906794211525997e-14,0,1
1676,1.3814883665268557e-13,1.8783336476053075e-13,-4.9684528107845176e-14,1,0
1677,3.570948948961438e-12,3.5872995134789565e-12,-1.6350564517518503e-14,1,0
1678,7.8648302950209e-13,7.346591984274803e-13,5.1823831074609706e-14,0,1
1679,1.248597595511789e-10,7.794029144524315e-11,4.691946810593575e-11,0,1
1680,4.2362969493537275e-12,4.189476546849932e-12,4.6820402503795566e-14,0,1
1681,7.69838593251438e-13,7.969582155876701e-13,-2.7119622336232126e-14,1,0
1682,1.7876464061192149e-12,1.746102094575928e-12,4.154431154328697e-14,0,1
1683,2.7618110763089733e-13,2.455581448181518e-13,3.062296281274553e-14,0,1
1684,1.3118429246465567e-11,1.3076829989541977e-11,4.15992569235903e-14,0,1
1685,3.4984786394982158e-12,3.5292747599392886e-12,-3.079612044107283e-14,1,0
1686,6.419392513236702e-13,5.980753524101661e-13,4.386389891350413e-14,0,1
1687,8.537156201178385e-13,8.009733568711674e-13,5.274226324667109e-14,0,1
1688,6.476831485114757e-13,6.705480265726463e-13,-2.286487806117063e-14,1,0
1689,2.647464360665131e-13,3.110608606703056e-13,-4.6314424603792514e-14,1,0
1690,6.556331004688e-13,6.628678395926955e-13,-7.234739123895461e-15,1,0
1691,8.224976494898968e-13,8.627136823248132e-13,-4.021603283491646e-14,1,0
1692,3.604189975948097e-13,3.391877631979741e-13,2.1231234396835627e-14,0,1
1693,1.1430354564738585e-12,1.0964323910494776e-12,4.660306542438091e-14,0,1
1694,5.400481752621851e-12,5.446247688083587e-12,-4.576593546173548e-14,1,0
1695,3.790125353901991e-13,3.994743315152139e-13,-2.046179612501484e-14,1,0
1696,1.731170004701678e-13,2.1965201987896833e-13,-4.6535019408800536e-14,1,0
1697,3.680517964407377e-13,3.671848672654357e-13,8.669291753019998e-16,0,1
1698,1.208037294365134e-12,1.1855011021430038e-12,2.2536192222130207e-14,0,1
1699,3.522798482796347e-13,4.07778858032258e-13,-5.54990097526233e-14,1,0
1700,3.905424203313215e-11,2.554534955872662e-11,1.3508892474405527e-11,0,1
1701,8.05545107583217e-13,7.679122219225596e-13,3.763288566065734e-14,0,1
1702,2.0423210898215803e-13,2.4784941236131155e-13,-4.361730337915352e-14,1,0
1703,2.68549712765732e-13,3.1783247406552505e-13,-4.928276129979304e-14,1,0
1704,1.3493415061071918e-13,1.9350098691016072e-13,-5.856683629944154e-14,1,0
1705,1.338730000658373e-12,1.3514100638947925e-12,-1.268006323641949e-14,1,0
1706,9.39841882573451e-13,8.960315665592178e-13,4.381031601423328e-14,0,1
1707,1.0393712185650568e-11,1.0355823681223097e-11,3.78885044274712e-14,0,1
1708,6.977480967498377e-13,6.674434725067961e-13,3.0304624243041616e-14,0,1
1709,4.238242272585454e-13,4.4774895715720366e-13,-2.3924729898658265e-14,1,0
1710,2.9380240038704004e-13,3.2579266612537994e-13,-3.19902657383399e-14,1,0
1711,4.355841833198757e-13,4.722748197437343e-13,-3.6690636423858655e-14,1,0
1712,1.326717973637501e-12,1.2861630113934557e-12,4.055496224404526e-14,0,1
1713,4.773244900625589e-13,4.2203743143609733e-13,5.528705862646155e-14,0,1
1714,3.807488163757372e-12,3.829052097150637e-12,-2.1563933393265163e-14,1,0
1715,1.4219208421009734e-13,1.6453550579926566e-13,-2.234342158916832e-14,1,0
1716,3.506072161428389e-13,3.29619441978278e-13,2.0987774164560933e-14,0,1
1717,6.4818735000663616e-12,6.5016586352141575e-12,-1.9785135147795888e-14,1,0
1718,1.0748404512746114e-12,1.0589703245010433e-12,1.5870126773568012e-14,0,1
1719,2.2006775762754504e-13,2.2347923035634147e-13,-3.411472728796425e-15,1,0
1720,6.502077777402884e-13,6.344202195350942e-13,1.578755820519413e-14,0,1
1721,1.6027753629321796e-12,1.5737274438056864e-12,2.9047919126493167e-14,0,1
1722,2.4021539371702773e-12,2.422662456855802e-12,-2.0508519685524747e-14,1,0
1723,4.436395963724522e-13,5.009545660904261e-13,-5.731496971797391e-14,1,0
1724,1.1410367166913698e-13,1.5252304522356403e-13,-3.841937355442705e-14,1,0
1725,4.835879823196145e-13,5.280557648066256e-13,-4.446778248701109e-14,1,0
1726,2.5215660367412233e-13,2.751912349101515e-13,-2.303463123602916e-14,1,0
1727,9.894070807227108e-13,1.0446091507475809e-12,-5.5202070024870096e-14,1,0
1728,2.2207155082800738e-13,2.0767400286965885e-13,1.439754795834853e-14,0,1
1729,3.0393384003535694e-12,3.0848268918681394e-12,-4.548849151457002e-14,1,0
1730,1.6732449055298006e-13,1.6626474838291575e-13,1.0597421700643061e-15,0,1
1731,4.647631923161903e-13,4.56101709212138e-13,8.66148310405227e-15,0,1
1732,1.3769836308350014e-11,1.3705027156644867e-11,6.480915170514712e-14,0,1
1733,2.778145527702583e-13,2.5592187020377356e-13,2.1892682566484757e-14,0,1
1734,1.018834597613124e-12,1.016762396450901e-12,2.0722011622229586e-15,0,1
1735,5.893417427955057e-13,6.158957766973364e-13,-2.6554033901830707e-14,1,0
1736,2.7152317801212587e-12,2.7214817616480157e-12,-6.249981526757031e-15,1,0
1737,4.15518873510781e-13,4.4968406570759975e-13,-3.4165192196818753e-14,1,0
1738,1.001712430328927e-12,1.0405277271985616e-12,-3.8815296869634475e-14,1,0
1739,2.361483823875797e-13,2.0598819480145877e-13,3.0160187586120944e-14,0,1
1740,2.5165704912350043e-13,2.568969364870601e-13,-5.239887363559649e-15,1,0
1741,4.5365664832891406e-13,4.0577877948733503e-13,4.787786884157903e-14,0,1
1742,2.5287069778033526e-13,2.1225663611813036e-13,4.061406166220489e-14,0,1
1743,3.0158803459213663e-13,2.902624372549151e-13,1.1325597337221545e-14,0,1
1744,2.592132116747193e-13,2.2767414499156846e-13,3.153906668315086e-14,0,1
1745,1.5934750028403516e-12,1.5324066117055483e-12,6.106839113480321e-14,0,1
1746,5.235785992534762e-13,5.715296937629228e-13,-4.7951094509446554e-14,1,0
1747,1.3597694678723752e-13,1.8832060202929348e-13,-5.234365524205596e-14,1,0
1748,5.093327817377684e-13,4.8177386875229e-13,2.7558912985478394e-14,0,1
1749,2.8926442387271625e-13,2.843887273267032e-13,4.87569654601306e-15,0,1
1750,5.248657967373911e-13,5.059757738578484e-13,1.8890022879542743e-14,0,1
1751,3.784440841151419e-13,3.570297601569962e-13,2.1414323958145702e-14,0,1
1752,1.0605664423969247e-11,1.0666540233956719e-11,-6.087580998747165e-14,1,0
1753,3.109518308998489e-13,3.12107892013374e-13,-1.1560611135250998e-15,1,0
1754,6.940339055804492e-14,8.473915300427946e-14,-1.5335762446234538e-14,1,0
1755,6.719525942131276e-13,6.227287353389159e-13,4.922385887421168e-14,0,1
1756,1.4241949468876268e-13,1.84895693311455e-13,-4.247619862269232e-14,1,0
1757,1.3055076364667377e-13,1.134338505591416e-13,1.711691308753217e-14,0,1
1758,3.879775076239543e-13,3.7075415985882083e-13,1.7223347765133495e-14,0,1
1759,1.1857169057974108e-12,1.141371539645223e-12,4.434536615218785e-14,0,1
1760,7.946422016380627e-12,7.922535475588233e-12,2.3886540792393946e-14,0,1
1761,6.4194926696687e-13,6.225481297827565e-13,1.9401137184113485e-14,0,1
1762,1.921455049752377e-12,1.8796264916596935e-12,4.182855809268356e-14,0,1
1763,1.1121673143896476e-13,1.2239223532073636e-13,-1.1175503881771597e-14,1,0
1764,1.1274599894449673e-12,1.0898059561921233e-12,3.765403325284403e-14,0,1
1765,3.4210751008841805e-13,3.052317429236948e-13,3.687576716472327e-14,0,1
1766,8.284198877028617e-11,6.81508249917272e-11,1.469116377855897e-11,0,1
1767,5.601245096923927e-13,6.270074143949936e-13,-6.688290470260092e-14,1,0
1768,9.898920167899344e-13,9.528955352252426e-13,3.699648156469187e-14,0,1
1769,6.522288687695328e-13,6.874598175409227e-13,-3.5230948771389894e-14,1,0
1770,3.299826785863573e-13,3.2484059220559866e-13,5.1420863807586544e-15,0,1
1771,1.9104565594645593e-12,1.9559894255578955e-12,-4.553286609333614e-14,1,0
1772,4.1486567416324043e-13,4.556317474943305e-13,-4.07660733310901e-14,1,0
1773,3.4541377444666504e-13,3.0140520250190175e-13,4.400857194476329e-14,0,1
1774,1.1116528572348766e-11,1.1120613724842497e-11,-4.0851524937309e-15,1,0
1775,8.313174430823064e-13,8.290841946580321e-13,2.2332484242742874e-15,0,1
1776,2.029435448620777e-13,2.63868499123708e-13,-6.092495426163031e-14,1,0
1777,1.4280350467448156e-13,1.5436055008776218e-13,-1.1557045413280617e-14,1,0
1778,8.431181603495568e-13,8.835845705976234e-13,-4.0466410248066595e-14,1,0
1779,2.604927595750357e-13,3.225431817134321e-13,-6.20504221383964e-14,1,0
1780,5.806648580620456e-12,5.780613885278964e-12,2.6034695341492393e-14,0,1
1781,5.546421989364986e-13,6.031116228802551e-13,-4.846942394375656e-14,1,0
1782,3.1428290918145964e-13,3.334869675533298e-13,-1.9204058371870165e-14,1,0
1783,2.2585626285251892e-12,2.2888191434385726e-12,-3.025651491338337e-14,1,0
1784,3.7147827310858404e-13,3.7205588639229674e-13,-5.776132837127042e-16,1,0
1785,5.9035618950133e-13,5.606461893008111e-13,2.971000020051888e-14,0,1
1786,1.0768884914539642e-13,1.392574955099599e-13,-3.1568646364563487e-14,1,0
1787,4.047483058100185e-12,4.074935065468093e-12,-2.745200736790834e-14,1,0
1788,1.8301518073059223e-13,1.5189710815600615e-13,3.111807257458608e-14,0,1
1789,4.511725156688585e-13,4.728937687614681e-13,-2.1721253092609597e-14,1,0
1790,5.914884471957903e-13,6.380123518026591e-13,-4.652390460686874e-14,1,0
1791,4.67561106686162e-13,5.113266813176776e-13,-4.376557463151557e-14,1,0
1792,3.979717024006121e-13,3.717773567025148e-13,2.6194345698097328e-14,0,1
1793,7.252962231466379e-13,6.672861470372494e-13,5.801007610938856e-14,0,1
1794,1.3262727503570665e-13,1.6056391217951488e-13,-2.793663714380823e-14,1,0
1795,9.667023983011221e-12,8.394296678896734e-12,1.2727273041144869e-12,0,1
1796,1.0499097344192536e-12,1.0006541401938677e-12,4.9255594225385924e-14,0,1
1797,1.1858775105684733e-12,1.2517107428529803e-12,-6.583323228450707e-14,1,0
1798,1.921524957970109e-12,1.8674804319244407e-12,5.40445260456684e-14,0,1
1799,4.621703261496189e-13,4.272183920239689e-13,3.495193412565e-14,0,1
1800,3.7217068386165497e-13,3.5398797847572835e-13,1.8182705385926624e-14,0,1
1801,7.061672334778218e-12,7.045789822635902e-12,1.588251214231584e-14,0,1
1802,2.8133246585871077e-13,2.862488503173574e-13,-4.9163844586466464e-15,1,0
1803,5.744915201169386e-13,6.028957382483987e-13,-2.840421813146012e-14,1,0
1804,1.118019495428884e-13,1.2937340529725568e-13,-1.757145575436728e-14,1,0
1805,1.0908961817963174e-12,1.104777137013407e-12,-1.3880955217089597e-14,1,0
1806,1.3144815736194608e-13,1.8227003063253725e-13,-5.082187327059117e-14,1,0
1807,1.5865375124332159e-12,1.5715218605419827e-12,1.5015651891233142e-14,0,1
1808,2.8747831445034465e-13,2.8313696207517334e-13,4.34135237517131e-15,0,1
1809,2.0230525516370064e-12,1.980891328311774e-12,4.216122332523249e-14,0,1
1810,2.6856917004175144e-13,2.4650493852919497e-13,2.2064231512556464e-14,0,1
1811,2.443355945726229e-12,2.4262678729567426e-12,1.7088072769486456e-14,0,1
1812,1.0654533210865045e-12,1.0879498466181837e-12,-2.2496525531679193e-14,1,0
1813,3.2615749103896094e-13,3.5982752119910304e-13,-3.36700301601421e-14,1,0
1814,6.317823784458859e-14,1.0223287555504033e-13,-3.905463771045174e-14,1,0
1815,1.8172566406314853e-13,2.0682712378684862e-13,-2.5101459723700096e-14,1,0
1816,2.610411618547118e-13,2.970570398758032e-13,-3.601587802109137e-14,1,0
1817,6.189637101651447e-13,6.626720805792082e-13,-4.370837041406342e-14,1,0
1818,3.3163947551295547e-13,2.9474241774736465e-13,3.6897057765590814e-14,0,1
1819,7.158990972950017e-13,7.358437120553488e-13,-1.994461476034711e-14,1,0
1820,5.022404443725092e-13,5.258780381469284e-13,-2.3637593774419208e-14,1,0
1821,1.355189207760916e-12,1.3514839252276038e-12,3.70528253331225e-15,0,1
1822,4.217795171301619e-12,4.156871588425608e-12,6.092358287601086e-14,0,1
1823,1.1017187117910831e-12,1.1422379472473602e-12,-4.05192354562771e-14,1,0
1824,7.730137917829649e-13,7.682334379775347e-13,4.780353805430278e-15,0,1
1825,1.3577036881816847e-12,1.3366688653644113e-12,2.1034822817273443e-14,0,1
1826,1.1678878269892518e-12,1.2253310686004655e-12,-5.744324161121372e-14,1,0
1827,2.595521189942999e-13,3.04061212712781e-13,-4.450909371848112e-14,1,0
1828,1.0054138426742112e-13,1.586180085777329e-13,-5.807662431031177e-14,1,0
1829,3.0357831351032205e-13,2.584926710112241e-13,4.508564249909796e-14,0,1
1830,1.3680716171677925e-12,1.3703099774047278e-12,-2.238360236935285e-15,1,0
1831,3.1777064478969266e-13,2.885839902910211e-13,2.9186654498671577e-14,0,1
1832,3.0954704650843867e-13,3.5869894602235084e-13,-4.9151899513912174e-14,1,0
1833,2.1216394564249706e-12,2.137238931683018e-12,-1.5599475258047387e-14,1,0
1834,3.134269595194178e-13,3.5367819527665364e-13,-4.025123575723583e-14,1,0
1835,1.2717926858053294e-13,1.7232433080683268e-13,-4.514506222629974e-14,1,0
1836,2.9690983833657374e-13,3.2985270660288154e-13,-3.29428682663078e-14,1,0
1837,2.61758001126022e-13,2.352136227256591e-13,2.6544378400362902e-14,0,1
1838,9.153350824691208e-13,9.592464368456674e-13,-4.3911354376546517e-14,1,0
1839,1.562538099448611e-13,1.6769266927584382e-13,-1.143885933098272e-14,1,0
1840,6.511300905228218e-13,6.580498955570804e-13,-6.919805034258589e-15,1,0
1841,2.299684910566396e-13,2.10219841465027e-13,1.974864959161261e-14,0,1
1842,8.359145132944256e-14,1.305061528635842e-13,-4.691470153414165e-14,1,0
1843,2.3080917300938433e-13,2.4772551386543874e-13,-1.6916340856054406e-14,1,0
1844,1.3302457866991188e-12,1.3185156965477818e-12,1.1730090151337058e-14,0,1
1845,4.571768353090911e-12,4.5710766967285876e-12,6.916563623237126e-16,0,1
1846,2.334838968672777e-13,2.606878527529376e-13,-2.7203955885659895e-14,1,0
1847,3.5795847553319237e-12,3.6185034634904167e-12,-3.891870815849294e-14,1,0
1848,4.936139825544461e-13,4.812912226247962e-13,1.2322759929649914e-14,0,1
1849,3.172220414941843e-13,3.231272205339187e-13,-5.905179039734394e-15,1,0
1850,2.93828311113854e-12,2.9047860182326503e-12,3.3497092905889596e-14,0,1
1851,1.120909295346222e-12,1.156989743584629e-12,-3.608044823840705e-14,1,0
1852,5.08174912906643e-12,5.041506372270362e-12,4.024275679606766e-14,0,1
1853,3.41110553263938e-11,2.4840857076877153e-11,9.270198249516646e-12,0,1
1854,1.1346778134563931e-13,1.5187073314919677e-13,-3.840295180355746e-14,1,0
1855,1.3422832551048323e-12,1.3919318026990493e-12,-4.964854759421695e-14,1,0
1856,2.834033271679796e-13,2.5903844026981063e-13,2.4364886898168956e-14,0,1
1857,4.3583341975957674e-13,4.2760518839378267e-13,8.228231365794073e-15,0,1
1858,9.563838311138349e-14,1.5099650387166135e-13,-5.535812076027786e-14,1,0
1859,2.1947147977875443e-12,2.223835151278608e-12,-2.9120353491063654e-14,1,0
1860,1.4132697598997991e-12,1.4292493015453812e-12,-1.597954164558208e-14,1,0
1861,8.621520584208552e-13,8.920603830755907e-13,-2.990832465473546e-14,1,0
1862,8.447961557002435e-13,8.828046456964716e-13,-3.800848999622812e-14,1,0
1863,2.59358155250534e-13,2.512771833600915e-13,8.080971890442496e-15,0,1
1864,6.584313011515552e-13,7.110346508804049e-13,-5.2603349728849764e-14,1,0
1865,3.892857210544143e-12,3.864997747868272e-12,2.7859462675870732e-14,0,1
1866,2.768483100193953e-13,2.447568101266218e-13,3.209149989277351e-14,0,1
1867,1.3359252442700924e-13,1.801153573686113e-13,-4.6522832941602055e-14,1,0
1868,6.168289559378562e-13,6.363777674842749e-13,-1.9548811546418752e-14,1,0
1869,6.98490311362686e-13,6.491245272019239e-13,4.936578416076205e-14,0,1
1870,1.2155704010542382e-13,1.3927658444977585e-13,-1.7719544344352028e-14,1,0
1871,9.829996850734967e-13,9.649643199011014e-13,1.8035365172395327e-14,0,1
1872,3.2686661382862833e-13,3.3717816139711645e-13,-1.031154756848812e-14,1,0
1873,3.718201371804629e-13,3.613257800445045e-13,1.0494357135958428e-14,0,1
1874,2.786627543186381e-13,2.368482843811947e-13,4.181446993744342e-14,0,1
1875,1.51544755666521e-12,1.5582960182338357e-12,-4.2848461568625816e-14,1,0
1876,7.155621663468151e-11,5.824503662276589e-11,1.3311180011915627e-11,0,1
1877,9.218047284118818e-13,9.819874499547572e-13,-6.018272154287538e-14,1,0
1878,2.391772043398612e-13,2.0355909980555314e-13,3.5618104534308054e-14,0,1
1879,5.706811528519512e-12,5.737729171259381e-12,-3.0917642739869176e-14,1,0
1880,6.577457747514454e-14,1.1614435441379966e-13,-5.036977693865512e-14,1,0
1881,3.586814472056463e-13,3.799813639436358e-13,-2.129991673798951e-14,1,0
1882,4.728781746602687e-12,8.293928817766824e-12,-3.5651470711641377e-12,1,0
1883,1.1204846474059302e-12,1.146743682864722e-12,-2.6259035458791667e-14,1,0
1884,6.231945176445945e-13,5.777275628419349e-13,4.546695480265957e-14,0,1
1885,7.651779324980415e-13,7.81161272591683e-13,-1.598334009364158e-14,1,0
1886,4.259164170823373e-13,3.850887126885593e-13,4.0827704393778006e-14,0,1
1887,2.2642537133671232e-13,2.7263489076368924e-13,-4.6209519426976914e-14,1,0
1888,6.334966125216994e-13,6.802461780187318e-13,-4.67495654970324e-14,1,0
1889,3.9606189722628833e-13,3.586966739126473e-13,3.7365223313641053e-14,0,1
1890,5.343767206640509e-13,4.991216562140257e-13,3.525506445002525e-14,0,1
1891,1.836277008157135e-12,1.8988123118780694e-12,-6.253530372093422e-14,1,0
1892,4.7225902791313e-13,4.92981402530541e-13,-2.0722374617410988e-14,1,0
1893,1.8800173114631878e-13,2.383427433653238e-13,-5.0341012219005014e-14,1,0
1894,1.8524684256806338e-13,1.8948868398062044e-13,-4.241841412557068e-15,1,0
1895,7.41078148736457e-13,7.788650662004047e-13,-3.778691746394763e-14,1,0
1896,5.921605386547552e-13,5.688395386049996e-13,2.3321000049755658e-14,0,1
1897,5.931752617686762e-13,6.155173944314886e-13,-2.234213266281237e-14,1,0
1898,1.6803066200380763e-12,1.6877844641275173e-12,-7.477844089440968e-15,1,0
1899,2.9293772540310763e-13,3.120949562705146e-13,-1.9157230867406963e-14,1,0
1900,7.080426533379355e-12,7.104385037524226e-12,-2.3958504144870554e-14,1,0
1901,2.4372248731388766e-13,2.76702340233084e-13,-3.2979852919196356e-14,1,0
1902,5.196053156281692e-13,4.952357849581356e-13,2.436953067003366e-14,0,1
1903,5.517472766282885e-13,5.972160025839285e-13,-4.5468725955640064e-14,1,0
1904,7.643320712190921e-13,7.063686334235367e-13,5.796343779555546e-14,0,1
1905,1.0335330580869511e-12,1.0412160295171033e-12,-7.682971430152144e-15,1,0
1906,1.7002418623104378e-12,1.7105953623629473e-12,-1.0353500052509462e-14,1,0
1907,1.0675811305413615e-12,1.1127393635288103e-12,-4.515823298744882e-14,1,0
1908,4.67780773105787e-13,4.301767461764734e-13,3.760402692931357e-14,0,1
1909,4.423633939348677e-13,4.809954821660996e-13,-3.8632088231231904e-14,1,0
1910,1.79088416536576e-12,1.8397049242607315e-12,-4.882075889497142e-14,1,0
1911,7.134657615155743e-13,7.779856978878681e-13,-6.45199363722938e-14,1,0
1912,5.147086623632423e-13,5.60577593618473e-13,-4.586893125523064e-14,1,0
1913,1.4390075063924818e-12,1.3772790811021853e-12,6.172842529029645e-14,0,1
1914,1.9935156046073496e-12,2.0301929823473663e-12,-3.6677377740016695e-14,1,0
1915,6.917760084787656e-13,7.117489712157826e-13,-1.997296273701699e-14,1,0
1916,4.084375850903484e-13,3.6303417101970434e-13,4.5403414070644064e-14,0,1
1917,3.597380299284631e-13,3.544928010579393e-13,5.245228870523815e-15,0,1
1918,4.0024081422613407e-13,3.650618092853806e-13,3.517900494075347e-14,0,1
1919,2.0208521072952121e-13,1.9875356070270144e-13,3.3316500268197716e-15,0,1
1920,1.8945587804353564e-13,2.237050082904547e-13,-3.4249130246919065e-14,1,0
1921,1.7571845247345144e-12,1.707211886902437e-12,4.997263783207742e-14,0,1
1922,6.623612491511428e-13,6.970872921172469e-13,-3.472604296610413e-14,1,0
1923,3.63418957590584e-13,3.7513855658118883e-13,-1.1719598990604833e-14,1,0
1924,9.459302528601783e-11,6.354584520572611e-11,3.104718008029172e-11,0,1
1925,1.7675369934414503e-13,2.0713745225487396e-13,-3.038375291072893e-14,1,0
1926,1.8208574628916193e-12,1.7962837020967708e-12,2.4573760794848468e-14,0,1
1927,1.6785290671525997e-12,1.6896195840084957e-12,-1.1090516855895946e-14,1,0
1928,4.549104857729456e-13,4.2630071925943276e-13,2.8609766513512877e-14,0,1
1929,2.0319006008174637e-13,2.2934035371682643e-13,-2.615029363508007e-14,1,0
1930,3.082866265468175e-13,3.470139948514442e-13,-3.8727368304626675e-14,1,0
1931,2.066871163089412e-13,2.332194374072754e-13,-2.653232109833422e-14,1,0
1932,3.0197549311498597e-13,3.4195158799175123e-13,-3.997609487676526e-14,1,0
1933,2.106874233304212e-11,2.101695034136846e-11,5.179199167366101e-14,0,1
1934,1.0418542374621133e-12,1.0587505587844937e-12,-1.68963213223804e-14,1,0
1935,3.7766642287210787e-13,3.9479635713948276e-13,-1.7129934267374898e-14,1,0
1936,3.6186886811167416e-13,3.1762593997959087e-13,4.4242928132083285e-14,0,1
1937,1.0546066134352699e-13,1.3729085716629572e-13,-3.183019582276873e-14,1,0
1938,7.575273196684896e-13,7.138627344663725e-13,4.366458520211716e-14,0,1
1939,2.65088215131039e-13,2.678116701504167e-13,-2.723455019377683e-15,1,0
1940,1.5906984456503762e-13,1.9252050402001728e-13,-3.345065945497967e-14,1,0
1941,3.3916932235409143e-13,3.620231189744547e-13,-2.2853796620363292e-14,1,0
1942,4.471141673706583e-13,4.700019052091459e-13,-2.288773783848759e-14,1,0
1943,6.922465205619215e-13,7.161514771706779e-13,-2.3904956608756433e-14,1,0
1944,5.188339777920561e-13,5.140154616330707e-13,4.8185161589853994e-15,0,1
1945,2.3971917147950537e-13,2.5271766589619617e-13,-1.2998494416690796e-14,1,0
1946,1.2850597354263668e-13,1.8864355338971832e-13,-6.013757984708164e-14,1,0
1947,1.1968466822688977e-13,1.3627016860769485e-13,-1.658550038080508e-14,1,0
1948,7.498600742525271e-13,7.413476031447408e-13,8.512471107786391e-15,0,1
1949,5.807915299865467e-12,5.8230325952774635e-12,-1.5117295411996786e-14,1,0
1950,1.3829944045895156e-12,1.3428085836674818e-12,4.0185820922033777e-14,0,1
1951,1.5485119929503375e-12,1.4895438042455161e-12,5.896818870482134e-14,0,1
1952,2.1216192681557882e-13,2.0583810992059908e-13,6.3238168949797484e-15,0,1
1953,1.3676485386520018e-12,1.4225600552573459e-12,-5.491151660534411e-14,1,0
1954,3.723091494915793e-13,3.6230165219926305e-13,1.0007497292316248e-14,0,1
1955,5.007014446155753e-13,5.171762707886837e-13,-1.64748261731084e-14,1,0
1956,2.986932243834602e-12,2.943484905649717e-12,4.344733818488521e-14,0,1
1957,1.5284762892859871e-13,1.896317452758308e-13,-3.6784116347232096e-14,1,0
1958,1.9759113356844477e-13,2.2720089670774384e-13,-2.9609763139299064e-14,1,0
1959,5.107698604591219e-13,5.659372354117438e-13,-5.516737495262185e-14,1,0
1960,1.2457103186396262e-12,1.251324287110962e-12,-5.613968471335738e-15,1,0
1961,1.7674535928071665e-12,1.8184950152268664e-12,-5.104142241969991e-14,1,0
1962,4.0883408866700263e-13,4.722736848498508e-13,-6.343959618284819e-14,1,0
1963,9.973997716558863e-14,1.2637406289217915e-13,-2.663408572659052e-14,1,0
1964,5.030139484267597e-13,4.988424787464577e-13,4.171469680301935e-15,0,1
1965,4.215065591526902e-13,4.4142642200501475e-13,-1.9919862852324568e-14,1,0
1966,1.4890681084544413e-12,1.478124632168263e-12,1.0943476286178347e-14,0,1
1967,3.1602423161281005e-13,3.605969107783816e-13,-4.4572679165571564e-14,1,0
1968,8.469928795413022e-13,7.889718788017952e-13,5.8021000739507e-14,0,1
1969,3.545209942566532e-13,3.701685272697408e-13,-1.5647533013087642e-14,1,0
1970,6.262437077661286e-13,5.993810798996265e-13,2.6862627866502172e-14,0,1
1971,5.546132818131893e-13,5.899575361024641e-13,-3.5344254289274747e-14,1,0
1972,2.526740145485363e-13,2.8224616740349723e-13,-2.957215285496095e-14,1,0
1973,4.777380556122339e-13,5.152721668302213e-13,-3.7534111217987376e-14,1,0
1974,1.6361171053193426e-13,1.6700222505315882e-13,-3.3905145212245526e-15,1,0
1975,4.2242324278961805e-13,4.192833932704496e-13,3.1398495191684412e-15,0,1
1976,2.326327477810794e-13,2.478355378399062e-13,-1.52027900588268e-14,1,0
1977,1.5783603658403863e-12,1.6270955589392131e-12,-4.8735193098826806e-14,1,0
1978,1.8599903494721442e-13,1.8042378546886363e-13,5.575249478350792e-15,0,1
1979,2.8654688416855144e-13,3.240920046976404e-13,-3.754512052908898e-14,1,0
1980,1.8582312206093654e-12,1.807875970635145e-12,5.035524997422036e-14,0,1
1981,1.194267850659313e-12,1.1400277099917317e-12,5.424014066758118e-14,0,1
1982,5.271241967792424e-13,5.114053302062995e-13,1.5718866572942933e-14,0,1
1983,4.955435435266503e-13,5.226214704627144e-13,-2.707792693606412e-14,1,0
1984,2.801138232484321e-13,2.8251710110362386e-13,-2.4032778551917424e-15,1,0
1985,3.569572409963443e-13,4.0203663990408236e-13,-4.5079398907738044e-14,1,0
1986,4.963122542014872e-11,4.549253010564401e-11,4.138695314504713e-12,0,1
1987,6.257898302672476e-13,5.959356423499863e-13,2.985418791726134e-14,0,1
1988,1.6590971608964572e-13,1.9194561939562133e-13,-2.6035903305975613e-14,1,0
1989,2.3159017611541736e-12,2.2541190533182705e-12,6.178270783590306e-14,0,1
1990,4.356054969964032e-13,4.991904740772437e-13,-6.358497708084045e-14,1,0
1991,8.993518585613541e-13,9.36337151486476e-13,-3.698529292512194e-14,1,0
1992,2.9426501645787855e-13,3.031759547227101e-13,-8.910938264831566e-15,1,0
1993,1.0034985486001078e-12,9.974674676673633e-13,6.031080932744472e-15,0,1
1994,6.118688168538862e-13,5.837926933968364e-13,2.8076123457049767e-14,0,1
1995,3.423261584771761e-13,3.788509573482448e-13,-3.652479887106873e-14,1,0
1996,2.0229966875417693e-11,2.0221928465962003e-11,8.038409455689313e-15,0,1
1997,9.030695790471016e-12,9.043651446315692e-12,-1.295565584467594e-14,1,0
1998,1.3904211435199397e-13,1.3618012631031523e-13,2.8619880416787356e-15,0,1
1999,2.1860482096492177e-13,2.196214680971768e-13,-1.0166471322550261e-15,1,0
2000,4.0802766127713957e-13,3.990732977752578e-13,8.954363501881795e-15,0,1
2001,2.254693185804136e-12,2.270248932080595e-12,-1.555574627645895e-14,1,0
2002,5.695678306328851e-13,6.08389662334545e-13,-3.882183170165988e-14,1,0
2003,5.786206823670225e-13,5.632338616393396e-13,1.5386820727682902e-14,0,1
2004,8.372034022431612e-12,8.417839775546113e-12,-4.5805753114501163e-14,1,0
2005,3.103517422442223e-13,3.3624412853605383e-13,-2.5892386291831547e-14,1,0
2006,7.540548756144742e-13,7.197690173859881e-13,3.428585822848615e-14,0,1
2007,3.002697160814904e-13,2.769767726055518e-13,2.3292943475938592e-14,0,1
2008,1.7411631823802797e-13,1.9443303418602593e-13,-2.0316715947997955e-14,1,0
2009,5.166400812211568e-13,5.531687038535472e-13,-3.652862263239044e-14,1,0
2010,1.4024420541918497e-13,1.6771572204748182e-13,-2.747151662829685e-14,1,0
2011,1.305452786560358e-13,1.7544207405991173e-13,-4.4896795403875925e-14,1,0
2012,4.670722774840478e-13,4.114485991373796e-13,5.562367834666817e-14,0,1
2013,9.198883455294774e-13,9.654985173696694e-13,-4.5610171840192016e-14,1,0
2014,1.2332279084802935e-13,1.494503268393552e-13,-2.6127535991325862e-14,1,0
2015,3.194024078724015e-13,3.385532663515852e-13,-1.9150858479183708e-14,1,0
2016,5.373026382508056e-13,4.907332711061815e-13,4.6569367144624095e-14,0,1
2017,9.210347149169043e-13,9.251384953325754e-13,-4.103780415671136e-15,1,0
2018,8.582535400515373e-14,1.3945333816788827e-13,-5.362798416273455e-14,1,0
2019,2.6397867315777264e-13,3.118028518710073e-13,-4.782417871323465e-14,1,0
2020,2.0660330471367623e-13,1.6914744039405377e-13,3.745586431962247e-14,0,1
2021,1.1733243597349193e-13,1.1839748487670753e-13,-1.0650489032155931e-15,1,0
2022,3.071999456354803e-13,3.686817913991484e-13,-6.148184576366807e-14,1,0
2023,1.6208141618958938e-12,1.6501643004488103e-12,-2.9350138552916455e-14,1,0
2024,2.6483162403760204e-13,3.1832782545702766e-13,-5.3496201419425626e-14,1,0
2025,7.799407158260722e-13,8.327255082749061e-13,-5.2784792448833935e-14,1,0
2026,5.219689617814654e-13,5.113467891456109e-13,1.062217263585445e-14,0,1
2027,1.4902644968346646e-13,1.3048755340855105e-13,1.8538896274915412e-14,0,1
2028,3.6966413753121257e-13,4.038398386524958e-13,-3.417570112128326e-14,1,0
2029,1.0615611931365652e-10,1.0461517947011035e-10,1.5409398435461688e-12,0,1
2030,1.1140270092668543e-12,1.1112576236431656e-12,2.7693856236886543e-15,0,1
2031,7.252678435554994e-13,6.622474275072549e-13,6.302041604824456e-14,0,1
2032,3.1366120851863656e-11,1.8328959188634506e-11,1.303716166322915e-11,0,1
2033,1.2555450598575366e-12,1.2538252940253892e-12,1.7197658321474347e-15,0,1
2034,2.487036829704251e-10,1.5472215218743386e-10,9.398153078299124e-11,0,1
2035,1.54742711804785e-13,1.9350477971312118e-13,-3.876206790833619e-14,1,0
2036,1.2524366978669948e-12,1.3141426584853728e-12,-6.170596061837801e-14,1,0
2037,3.024400631397143e-13,2.6363517661642817e-13,3.8804886523286136e-14,0,1
2038,9.733056063664573e-13,9.631751900668426e-13,1.0130416299614677e-14,0,1
2039,9.581773406089506e-13,9.723309927641416e-13,-1.4153652155190997e-14,1,0
2040,7.235715984832982e-13,6.803866094010245e-13,4.31849890822737e-14,0,1
2041,4.074707926406772e-13,3.7368366331250853e-13,3.378712932816869e-14,0,1
2042,4.342075946691248e-13,4.4248260442693976e-13,-8.275009757814975e-15,1,0
2043,3.65108019418951e-13,4.2159407401697304e-13,-5.648605459802206e-14,1,0
2044,2.376223964203241e-13,2.560447105005745e-13,-1.8422314080250364e-14,1,0
2045,4.944485428736657e-13,4.986219244708097e-13,-4.173381597144039e-15,1,0
2046,2.228641922210899e-12,2.2335022488330778e-12,-4.860326622178959e-15,1,0
2047,5.45868875745634e-13,5.462133303049868e-13,-3.4445455935281326e-16,1,0
2048,1.9903763983031882e-13,1.8180062472058882e-13,1.7237015109729995e-14,0,1
2049,1.2872232296821776e-12,1.2256400539725396e-12,6.158317570963801e-14,0,1
2050,8.535152091437141e-12,8.580059524538232e-12,-4.4907433101090855e-14,1,0
2051,1.1395637247343195e-11,1.1349331242345427e-11,4.6306004997768054e-14,0,1
2052,1.0541146159357866e-12,1.097522743257856e-12,-4.3408127322069293e-14,1,0
2053,2.2530016056911055e-12,2.2915166093018047e-12,-3.8515003610699175e-14,1,0
2054,1.4138346342814224e-12,1.4231217840883171e-12,-9.287149806894751e-15,1,0
2055,1.5642458105182636e-12,1.53878321783867e-12,2.546259267959361e-14,0,1
2056,2.9401346665963428e-12,2.966868362081041e-12,-2.6733695484698052e-14,1,0
2057,1.862393224642093e-12,1.8098855168797928e-12,5.250770776230006e-14,0,1
2058,5.46370297776689e-13,5.140861510774958e-13,3.228414669919313e-14,0,1
2059,1.1555877008376628e-12,1.1546489707890456e-12,9.387300486171649e-16,0,1
2060,2.1807556318487915e-13,2.2780276221472394e-13,-9.727199029844797e-15,1,0
2061,2.628158345238314e-12,2.6523803184796917e-12,-2.4221973241377668e-14,1,0
2062,1.5630076660682836e-12,1.4989642998453136e-12,6.404336622297002e-14,0,1
2063,1.7749343533713655e-11,1.7777715772398507e-11,-2.8372238684852104e-14,1,0
2064,5.946659765660422e-13,6.402241759546348e-13,-4.555819938859269e-14,1,0
2065,1.56868628507195e-13,1.4765387787424497e-13,9.214750632950016e-15,0,1
2066,1.1077879842647071e-12,1.0565955129212367e-12,5.119247134347044e-14,0,1
2067,2.94698838329898e-13,3.2832881325713956e-13,-3.3629974927241543e-14,1,0
2068,2.0980353653558093e-10,1.6217887358818587e-10,4.762466294739506e-11,0,1
2069,6.473542952695844e-13,6.843066913037622e-13,-3.6952396034177803e-14,1,0
2070,2.0231501455349526e-11,1.6509128231176528e-11,3.722373224172997e-12,0,1
2071,3.883009791953038e-13,4.2249625013420357e-13,-3.419527093889978e-14,1,0
2072,9.659413125287453e-12,9.702891315120412e-12,-4.347818983295861e-14,1,0
2073,2.4793559364530403e-13,2.596340629581914e-13,-1.1698469312887385e-14,1,0
2074,2.1173693538352313e-12,2.15958637041782e-12,-4.2217016582588776e-14,1,0
2075,5.818807453808928e-13,5.630153019463014e-13,1.8865443434591342e-14,0,1
2076,5.383558228512519e-11,4.7035833469233517e-11,6.799748815891673e-12,0,1
2077,1.4034603470296958e-12,1.3435369625316128e-12,5.992338449808295e-14,0,1
2078,3.353740290573283e-12,3.408198136783816e-12,-5.4457846210533065e-14,1,0
2079,5.487725151740083e-13,5.776017077298027e-13,-2.882919255579447e-14,1,0
2080,2.7674155280334703e-13,2.8354016976395775e-13,-6.79861696061072e-15,1,0
2081,1.1016573209942648e-12,1.1087054824644333e-12,-7.048161470168422e-15,1,0
2082,8.369610391801479e-14,1.439747827924611e-13,-6.02786788744463e-14,1,0
2083,2.458051925256323e-12,2.4071633591892738e-12,5.0888566067049155e-14,0,1
2084,2.453975469761325e-12,2.409494337536949e-12,4.448113222437582e-14,0,1
2085,3.4245545135295596e-13,3.1544603361203995e-13,2.700941774091601e-14,0,1
2086,6.776793894508942e-13,6.273931957552334e-13,5.028619369566084e-14,0,1
2087,6.540910860420618e-13,6.520025470607842e-13,2.088538981277527e-15,0,1
2088,1.8088630403596856e-13,1.9865399542958274e-13,-1.776769139361418e-14,1,0
2089,2.8185026953829844e-13,2.332004701782868e-13,4.864979936001165e-14,0,1
2090,4.457149249218524e-12,4.443192281518475e-12,1.395696770004945e-14,0,1
2091,2.889058185581802e-13,2.4200407820348044e-13,4.690174035469978e-14,0,1
2092,5.903892024659273e-12,5.8711958468814405e-12,3.269617777783271e-14,0,1
2093,3.0341565320969256e-13,2.7481238489467797e-13,2.860326831501459e-14,0,1
2094,1.9499280092729058e-13,2.0655850903305947e-13,-1.156570810576889e-14,1,0
2095,1.6163163556903448e-10,2.2993527669088218e-10,-6.83036411218477e-11,1,0
2096,4.868950851846186e-13,5.454978216854733e-13,-5.860273650085461e-14,1,0
2097,4.5378206729497526e-13,4.260244422555762e-13,2.7757625039399038e-14,0,1
2098,1.4002648981774236e-12,1.3762773924709922e-12,2.3987505706431424e-14,0,1
2099,5.099108226112941e-13,5.650979890034087e-13,-5.518716639211457e-14,1,0
2100,3.520551300086239e-13,3.3847976147958795e-13,1.3575368529035927e-14,0,1
2101,4.690503457021975e-11,4.049395758187443e-11,6.411076988345324e-12,0,1
2102,1.542127407779686e-13,1.4163736151764233e-13,1.2575379260326283e-14,0,1
2103,1.2957697311062678e-12,1.3486165338957602e-12,-5.284680278949243e-14,1,0
2104,9.156627761249286e-13,8.937233838544578e-13,2.1939392270470808e-14,0,1
2105,3.3824848488880147e-13,3.86720657015544e-13,-4.847217212674254e-14,1,0
2106,6.008589445246099e-13,6.629466193983046e-13,-6.208767487369467e-14,1,0
2107,2.7349841043181826e-12,2.6987643761430778e-12,3.6219728175104775e-14,0,1
2108,3.74268638789375e-13,4.033786390395905e-13,-2.9110000250215485e-14,1,0
2109,2.1550198097898963e-12,2.140966365392717e-12,1.405344439717926e-14,0,1
2110,1.2163198780469843e-12,1.2116051583739485e-12,4.714719673035805e-15,0,1
2111,7.238932328538689e-13,7.519651417149306e-13,-2.8071908861061732e-14,1,0
2112,1.9605978451167054e-13,1.881514556358994e-13,7.90832887577115e-15,0,1
2113,5.736617293372687e-13,5.492404680145645e-13,2.442126132270422e-14,0,1
2114,9.58456145309846e-12,9.290867400876161e-12,2.936940522222995e-13,0,1
2115,5.329857836729296e-13,5.342192311367938e-13,-1.2334474638641997e-15,1,0
2116,8.170177575646016e-13,7.681083849801992e-13,4.8909372584402474e-14,0,1
2117,5.807341718073862e-13,6.20305739640184e-13,-3.957156783279776e-14,1,0
2118,8.512037959481413e-12,6.978199063258477e-12,1.5338388962229354e-12,0,1
2119,1.1048296487144526e-13,1.4699693983697618e-13,-3.6513974965530916e-14,1,0
2120,1.5921088918138504e-12,1.618742157048379e-12,-2.663326523452857e-14,1,0
2121,1.500524408105292e-12,1.4367228849832677e-12,6.380152312202441e-14,0,1
2122,5.017433840195228e-13,5.141782830710675e-13,-1.2434899051544612e-14,1,0
2123,1.0632318626050561e-13,8.959947262984257e-14,1.672371363066304e-14,0,1
2124,7.461286153391411e-13,7.073500802277335e-13,3.877853511140766e-14,0,1
2125,1.3110314084723179e-11,1.3160796775259055e-11,-5.0482690535875975e-14,1,0
2126,7.450800555626448e-13,7.912983122348482e-13,-4.621825667220339e-14,1,0
2127,1.8313256647704367e-12,1.822395847911245e-12,8.92981685919168e-15,0,1
2128,2.6304924838074876e-13,2.9083360760199823e-13,-2.778435922124947e-14,1,0
2129,2.1642376536940273e-13,2.14793848180175e-13,1.629917189227736e-15,0,1
2130,2.797961253109008e-13,3.2179753190241295e-13,-4.2001406591512175e-14,1,0
2131,3.4960005462200574e-13,3.4084215739784626e-13,8.757897224159482e-15,0,1
2132,1.1320252516711229e-13,1.6378517386169193e-13,-5.0582648694579645e-14,1,0
2133,2.9176294807988297e-13,2.781296315230796e-13,1.3633316556803369e-14,0,1
2134,8.773161661971853e-13,9.18906859234218e-13,-4.159069303703274e-14,1,0
2135,3.1844876981987397e-12,3.1434446468627427e-12,4.1043051335996996e-14,0,1
2136,2.81523752875216e-13,3.046164739701973e-13,-2.3092721094981316e-14,1,0
2137,1.522057163431806e-13,1.7937128431754523e-13,-2.7165567974364635e-14,1,0
2138,1.965056898246497e-12,1.9739349262411343e-12,-8.878027994637296e-15,1,0
2139,7.538821970765368e-13,7.363362721982076e-13,1.7545924878329155e-14,0,1
2140,5.153639417604978e-13,5.609252848306276e-13,-4.556134307012976e-14,1,0
2141,3.018659894931728e-10,1.6346618662945447e-10,1.383998028637183e-10,0,1
2142,3.1959653027251434e-13,2.7514165771863153e-13,4.44548725538828e-14,0,1
2143,6.238169666303719e-13,6.931456034125569e-13,-6.932863678218493e-14,1,0
2144,1.0081953812966366e-12,1.0624061295393684e-12,-5.421074824273179e-14,1,0
2145,4.603081165102714e-13,4.997509507208073e-13,-3.944283421053596e-14,1,0
2146,7.512318662778844e-14,1.029135499207271e-13,-2.7790363292938655e-14,1,0
2147,4.1375325679871065e-12,4.084876881243177e-12,5.265568674392969e-14,0,1
2148,1.7636326480649577e-12,1.7273550570949194e-12,3.6277590970038365e-14,0,1
2149,3.204493831527258e-13,3.0412321121429916e-13,1.6326171938426642e-14,0,1
2150,2.368751663871674e-13,2.4648745338860696e-13,-9.612287001439559e-15,1,0
2151,8.610675629615814e-13,9.190101520376397e-13,-5.794258907605829e-14,1,0
2152,1.574631252146942e-13,1.8800739993957516e-13,-3.054427472488097e-14,1,0
2153,3.878378568502328e-13,4.310075666164493e-13,-4.3169709766216485e-14,1,0
2154,1.5715704685710022e-13,1.7360053142070424e-13,-1.6443484563604016e-14,1,0
2155,8.327945446944536e-13,7.930200761287802e-13,3.977446856567342e-14,0,1
2156,2.0687706704916983e-12,2.1214140956604597e-12,-5.264342516876143e-14,1,0
2157,1.3101744989686468e-13,1.3129515373099718e-13,-2.777038341324998e-16,1,0
2158,3.301135491548067e-13,3.496978893222989e-13,-1.9584340167492214e-14,1,0
2159,7.844144496296396e-13,8.008859596377518e-13,-1.647151000811224e-14,1,0
2160,1.6195689696979218e-13,1.1072562915077563e-13,5.123126781901655e-14,0,1
2161,3.048454444605194e-11,1.966274647699394e-11,1.0821797969057996e-11,0,1
2162,1.3717925147269335e-13,1.8829295290604964e-13,-5.111370143335629e-14,1,0
2163,2.669099063912427e-13,2.9597135529137454e-13,-2.9061448900131815e-14,1,0
2164,1.987178512107607e-13,2.2580228500078015e-13,-2.7084433790019433e-14,1,0
2165,4.547724712941657e-13,4.805741488892375e-13,-2.580167759507178e-14,1,0
2166,8.068969331946252e-13,8.364168487923114e-13,-2.951991559768629e-14,1,0
2167,5.37732311113683e-13,5.108233394748647e-13,2.6908971638818272e-14,0,1
2168,3.4264908721863494e-13,3.9650849289674637e-13,-5.385940567811143e-14,1,0
2169,6.027585103711355e-13,6.422380685687137e-13,-3.947955819757827e-14,1,0
2170,3.714638136680202e-13,3.9704852866867917e-13,-2.558471500065895e-14,1,0
2171,1.2345634359853403e-12,1.2688671771177528e-12,-3.4303741132412504e-14,1,0
2172,2.2474013844188854e-12,2.2954830242192998e-12,-4.8081639800414395e-14,1,0
2173,5.289954813931667e-13,5.055520616504021e-13,2.3443419742764565e-14,0,1
2174,2.0035211299509113e-13,1.9117147929330646e-13,9.18063370178467e-15,0,1
2175,6.340176296861548e-13,6.07681032390606e-13,2.6336597295548763e-14,0,1
2176,2.4341845409987603e-13,2.2149717684643103e-13,2.1921277253444992e-14,0,1
2177,1.0196624799905044e-12,9.7253833374656e-13,4.712414624394437e-14,0,1
2178,1.054159596982532e-12,1.095356471634099e-12,-4.119687465156701e-14,1,0
2179,1.3312382225705532e-12,1.3708053780969687e-12,-3.9567155526415455e-14,1,0
2180,2.6226837364843557e-13,3.1340555130020426e-13,-5.113717765176869e-14,1,0
2181,2.767473240306238e-13,3.098247566514875e-13,-3.307743262086368e-14,1,0
2182,6.397915423215278e-13,6.886754677970044e-13,-4.888392547547662e-14,1,0
2183,2.521089739345337e-11,2.5174417848278128e-11,3.647954517524209e-14,0,1
2184,3.157614860677516e-13,3.017955566697025e-13,1.39659293980491e-14,0,1
2185,1.5324297974999723e-12,1.566356954339195e-12,-3.3927156839222815e-14,1,0
2186,5.7291615547750155e-12,5.682706718333652e-12,4.645483644136314e-14,0,1
2187,3.003021033019817e-13,2.734985146962536e-13,2.6803588605728128e-14,0,1
2188,2.6476522992834074e-13,2.1260350661125586e-13,5.2161723317084876e-14,0,1
2189,2.6277542254760704e-13,3.1278474707395897e-13,-5.000932452635193e-14,1,0
2190,9.30735934951447e-14,7.882911811960214e-14,1.4244475375542554e-14,0,1
2191,1.4861198038172144e-12,1.5350776161756701e-12,-4.895781235845576e-14,1,0
2192,6.514091499191143e-12,6.557124560340469e-12,-4.303306114932616e-14,1,0
2193,8.009384020461027e-13,7.873005598792497e-13,1.3637842166853046e-14,0,1
2194,1.1298791864139381e-13,1.680268652424073e-13,-5.5038946601013495e-14,1,0
2195,4.420012583528937e-13,4.757281745256966e-13,-3.372691617280292e-14,1,0
2196,4.928019678996488e-13,4.803901156584356e-13,1.2411852241213257e-14,0,1
2197,5.108660196836875e-13,5.5577205949466e-13,-4.490603981097248e-14,1,0
2198,7.100569474406549e-13,6.7035732834642e-13,3.969961909423487e-14,0,1
2199,4.962898389440524e-13,4.656828301644231e-13,3.060700877962928e-14,0,1
2200,2.389900261501128e-10,1.3070378550171826e-10,1.0828624064839451e-10,0,1
2201,3.489482646592505e-13,3.6374903798135827e-13,-1.480077332210779e-14,1,0
2202,2.8099929995049186e-13,3.274515230945207e-13,-4.645222314402884e-14,1,0
2203,3.766469584434844e-13,3.326332619586721e-13,4.4013696484812276e-14,0,1
2204,5.336147091123536e-13,5.07485223459465e-13,2.6129485652888544e-14,0,1
2205,1.1588757456356064e-12,1.1283098262855853e-12,3.056591935002119e-14,0,1
2206,6.363076487106115e-13,6.942467201326233e-13,-5.793907142201181e-14,1,0
2207,7.694804831008652e-13,8.205107089898476e-13,-5.103022588898234e-14,1,0
2208,2.9591767275594087e-13,3.556698840212163e-13,-5.97522112652754e-14,1,0
2209,5.633630143384044e-13,5.95366768515403e-13,-3.200375417699856e-14,1,0
2210,2.1206588898568223e-12,2.1145462136953264e-12,6.112676161495866e-15,0,1
2211,1.4854511149786618e-13,1.432128274313985e-13,5.332284066467684e-15,0,1
2212,3.730896991644045e-13,4.318206551603605e-13,-5.873095599595598e-14,1,0
2213,7.680498519955802e-12,7.639135187842462e-12,4.1363332113339716e-14,0,1
2214,2.5934218168176044e-13,2.5993779797683133e-13,-5.956162950708838e-16,1,0
2215,9.517514509541316e-14,1.5665191198504772e-13,-6.147676688963456e-14,1,0
2216,1.1713608457734183e-12,1.163160228083581e-12,8.200617689837242e-15,0,1
2217,1.3181128076593763e-13,1.563558596501014e-13,-2.454457888416377e-14,1,0
2218,4.116165320000692e-13,4.569711181754493e-13,-4.5354586175380135e-14,1,0
2219,1.5562198815899702e-12,1.5190117744609212e-12,3.7208107129048954e-14,0,1
2220,6.115204222717122e-13,5.60455947033786e-13,5.106447523792625e-14,0,1
2221,3.055616509866507e-13,2.45756164316324e-13,5.980548667032668e-14,0,1
2222,5.160205046832608e-11,4.501543057559014e-11,6.586619892735936e-12,0,1
2223,5.320682664246954e-13,5.255643603969859e-13,6.503906027709504e-15,0,1
2224,1.1532816701187255e-13,9.593143124793582e-14,1.9396735763936737e-14,0,1
2225,3.4967593304069755e-13,3.184143479275401e-13,3.1261585113157436e-14,0,1
2226,1.7083255226726874e-13,1.9854914854533518e-13,-2.771659627806644e-14,1,0
2227,4.677035892450329e-13,4.1723529117718103e-13,5.046829806785186e-14,0,1
2228,1.9673454070498392e-11,1.623251341805394e-11,3.440940652444453e-12,0,1
2229,6.778235048129461e-12,6.761028869572851e-12,1.720617855660996e-14,0,1
2230,1.256085074295527e-12,1.2837947511244955e-12,-2.7709676828968535e-14,1,0
2231,1.3358256541634816e-12,1.3513135271013241e-12,-1.5487872937842522e-14,1,0
2232,1.2421212400961401e-12,1.1991022882590278e-12,4.3018951837112354e-14,0,1
2233,1.1847177258240814e-12,1.154217734294567e-12,3.049999152951434e-14,0,1
2234,3.801749776867838e-13,3.342844791821911e-13,4.589049850459266e-14,0,1
2235,1.6257802597349452e-13,1.7355977806847338e-13,-1.098175209497886e-14,1,0
2236,9.858122667475374e-13,1.0508626927449781e-12,-6.505042599744073e-14,1,0
2237,2.8810926063536075e-10,2.2746289241329508e-10,6.064636822206567e-11,0,1
2238,4.842245033773722e-13,5.257028688475721e-13,-4.14783654701999e-14,1,0
2239,8.786210584761374e-13,9.290636288007466e-13,-5.0442570324609285e-14,1,0
2240,4.797128135364556e-13,5.176906638818203e-13,-3.7977850345364745e-14,1,0
2241,8.619921098850714e-13,8.985900677675678e-13,-3.659795788249637e-14,1,0
2242,2.7856788031281803e-13,2.7363023162301135e-13,4.93764868980668e-15,0,1
2243,2.0879761423895405e-12,2.031221723286275e-12,5.6754419103265557e-14,0,1
2244,6.948080894061026e-13,6.692592529153387e-13,2.5548836490763884e-14,0,1
2245,3.2947846015250295e-12,3.335878430326166e-12,-4.109382880113641e-14,1,0
2246,3.4719584383447915e-13,3.8162439217589166e-13,-3.4428548341412507e-14,1,0
2247,9.994895979387407e-14,1.4593561932728591e-13,-4.5986659533411844e-14,1,0
2248,2.3548441447824196e-13,2.3616581789227056e-13,-6.814034140285941e-16,1,0
2249,5.109417281451775e-13,4.933262503333129e-13,1.7615477811864574e-14,0,1
2250,5.885338096104464e-13,6.23951534130633e-13,-3.541772452018664e-14,1,0
2251,6.05226994932813e-12,6.001437092742054e-12,5.083285658607598e-14,0,1
2252,4.914068900209774e-12,4.924980959215297e-12,-1.091205900552338e-14,1,0
2253,1.5262834819807325e-13,1.6454757212677982e-13,-1.1919223928706565e-14,1,0
2254,7.924716867970776e-13,8.239650166426445e-13,-3.149332984556688e-14,1,0
2255,2.5087899932525404e-13,2.2340438233064717e-13,2.747461699460687e-14,0,1
2256,6.237156563690479e-13,6.311243174603451e-13,-7.40866109129718e-15,1,0
2257,1.8609331375482544e-12,1.887716913339124e-12,-2.6783775790869657e-14,1,0
2258,1.5808676258313233e-12,1.5737188339939948e-12,7.148791837328541e-15,0,1
2259,2.0203345940605673e-12,2.0381493146510636e-12,-1.781472059049625e-14,1,0
2260,5.962161580326291e-12,6.020492304484828e-12,-5.833072415853702e-14,1,0
2261,2.9833524110631117e-12,2.9423176828956875e-12,4.103472816742419e-14,0,1
2262,6.955400740766895e-13,7.278278160892269e-13,-3.228774201253748e-14,1,0
2263,4.4485674464339376e-13,4.98883320189544e-13,-5.4026575546150205e-14,1,0
2264,1.6107494487287133e-12,1.6715291355368265e-12,-6.077968680811319e-14,1,0
2265,1.660584197084167e-13,1.924389929744876e-13,-2.6380573266070895e-14,1,0
2266,1.0530723864149782e-12,1.0834138935501884e-12,-3.034150713521019e-14,1,0
2267,1.7357969387259515e-13,1.9302023598220426e-13,-1.9440542109609112e-14,1,0
2268,6.230435384227628e-12,6.290515204661816e-12,-6.007982043418777e-14,1,0
2269,4.767417136320325e-13,4.586504744527193e-13,1.8091239179313246e-14,0,1
2270,1.6359080725669362e-13,1.9391955378778247e-13,-3.032874653108885e-14,1,0
2271,4.127645784409269e-12,4.126269140091077e-12,1.376644318192323e-15,0,1
2272,3.8317518676303926e-13,4.2683203416997853e-13,-4.365684740693927e-14,1,0
2273,9.827723636401922e-13,1.0288159829627663e-12,-4.604361932257412e-14,1,0
2274,1.3862885990546028e-11,1.3875750197567172e-11,-1.2864207021143783e-14,1,0
2275,2.618178976401634e-13,2.740325018494573e-13,-1.221460420929387e-14,1,0
2276,1.6799980460553077e-12,1.7183829367906456e-12,-3.8384890735337917e-14,1,0
2277,3.9328423066133597e-13,3.80156345269582e-13,1.3127885391753966e-14,0,1
2278,4.292615164380229e-12,5.691184847742799e-12,-1.3985696833625702e-12,1,0
2279,6.758233942004479e-13,6.852388399998357e-13,-9.415445799387799e-15,1,0
2280,5.528215618586306e-12,5.583951191868131e-12,-5.57355732818253e-14,1,0
2281,2.5154233869805787e-13,2.5872262754335317e-13,-7.180288845295307e-15,1,0
2282,4.0420568795001675e-12,4.0366363847913385e-12,5.420494708829026e-15,0,1
2283,1.341317194374311e-12,1.3923728123310117e-12,-5.1055617956700756e-14,1,0
2284,2.0414164047057856e-12,2.079935122000693e-12,-3.85187172949073e-14,1,0
2285,1.661931510821228e-13,2.008109195833983e-13,-3.4617768501275496e-14,1,0
2286,9.942753453913586e-13,9.636707522914667e-13,3.0604593099891895e-14,0,1
2287,1.9819927908412954e-13,2.0114574740069978e-13,-2.946468316570242e-15,1,0
2288,1.4664879132615887e-12,1.4795998599481024e-12,-1.3111946686513634e-14,1,0
2289,5.243675588930718e-13,5.716307381463016e-13,-4.7263179253229785e-14,1,0
2290,4.113483929201486e-13,3.6564620294724345e-13,4.570218997290516e-14,0,1
2291,6.873887487189364e-13,6.355742197375961e-13,5.181452898134029e-14,0,1
2292,2.5192394133821624e-13,3.0437187145763146e-13,-5.2447930119415214e-14,1,0
2293,1.6216336983054473e-13,1.8605587829374667e-13,-2.3892508463201948e-14,1,0
2294,6.333000238198492e-13,6.136709457677107e-13,1.9629078052138496e-14,0,1
2295,2.969403668078548e-11,2.5784563360105055e-11,3.909473320680429e-12,0,1
2296,2.2297473583638128e-13,2.901175967299509e-13,-6.71428608935696e-14,1,0
2297,3.0009238539425817e-13,3.604395997377263e-13,-6.034721434346812e-14,1,0
2298,3.7699176107087606e-12,3.728166145626608e-12,4.175146508215246e-14,0,1
2299,1.0268267067788282e-12,1.081420713605818e-12,-5.459400682698974e-14,1,0
2300,4.831372069479495e-13,4.217434822090651e-13,6.13937247388844e-14,0,1
2301,2.14994984147467e-12,2.1781032222225145e-12,-2.815338074784459e-14,1,0
2302,7.6420324883418e-13,7.706339145888323e-13,-6.430665754652366e-15,1,0
2303,7.101318017733687e-13,7.647287099643021e-13,-5.4596908190933486e-14,1,0
2304,2.047930260309413e-13,2.413805496356479e-13,-3.6587523604706587e-14,1,0
2305,9.532489930429494e-13,9.294146177350349e-13,2.3834375307914562e-14,0,1
2306,2.38950238718639e-13,1.995212936622211e-13,3.942894505641789e-14,0,1
2307,2.5564225580627653e-12,2.5980430179416927e-12,-4.162045987892742e-14,1,0
2308,3.6403323004282967e-13,4.0192668985088036e-13,-3.789345980805069e-14,1,0
2309,4.6117086955756594e-11,4.616511356207461e-11,-4.8026606318019054e-14,1,0
2310,2.6122089691844504e-13,2.8813283585887425e-13,-2.6911938940429207e-14,1,0
2311,1.8059743946353484e-13,2.0028915296160453e-13,-1.969171349806969e-14,1,0
2312,9.975794547417835e-13,1.031855113337021e-12,-3.4275658595237425e-14,1,0
2313,1.412393838083135e-13,1.7885177058047065e-13,-3.761238677215714e-14,1,0
2314,6.403045319171637e-13,6.110078285481781e-13,2.9296703368985567e-14,0,1
2315,1.7881635532765147e-12,1.833463981860906e-12,-4.5300428584391155e-14,1,0
2316,1.2685551195770312e-12,1.223868557454783e-12,4.468656212224818e-14,0,1
2317,3.223118413366535e-13,3.4802190854416327e-13,-2.571006720750979e-14,1,0
2318,2.3904404006601056e-13,2.9774579747834396e-13,-5.87017574123334e-14,1,0
2319,5.914713011157153e-13,6.13721777776182e-13,-2.2250476660466633e-14,1,0
2320,1.0811694763428e-11,1.0765907736409864e-11,4.578702701813596e-14,0,1
2321,2.0325950017313603e-13,2.393169840173999e-13,-3.605748384426386e-14,1,0
2322,7.164867105693686e-13,6.894966544582755e-13,2.699005611109303e-14,0,1
2323,1.8218411447314836e-13,2.452251589566049e-13,-6.304104448345651e-14,1,0
2324,4.309046996826831e-13,4.287127599822472e-13,2.191939700435908e-15,0,1
2325,4.878115348480728e-13,4.985076964360426e-13,-1.0696161587969812e-14,1,0
2326,6.531674940323929e-13,6.467412622531136e-13,6.4262317792793195e-15,0,1
2327,4.594605796913676e-13,5.270625005062818e-13,-6.760192081491416e-14,1,0
2328,7.984681110249916e-13,7.499492022239561e-13,4.8518908801035565e-14,0,1
2329,9.042138687141148e-13,9.607719592160224e-13,-5.655809050190753e-14,1,0
2330,3.994388618230363e-12,3.974541257833006e-12,1.9847360397356818e-14,0,1
2331,2.133176404795318e-12,2.116872416747172e-12,1.6303988048145814e-14,0,1
2332,1.3791668926530795e-13,1.4619089483803166e-13,-8.274205572723713e-15,1,0
2333,6.46520998721681e-10,3.6873023710710663e-10,2.777907616145744e-10,0,1
2334,1.4507391355604725e-13,1.4990454808505845e-13,-4.8306345290111985e-15,1,0
2335,2.4939641799866746e-11,2.5000017146095193e-11,-6.037534622844691e-14,1,0
2336,1.024593085730538e-13,1.2503765782428258e-13,-2.2578349251228776e-14,1,0
2337,1.7674534486979142e-11,1.7044572548372136e-11,6.299619386070065e-13,0,1
2338,3.265609137254544e-13,3.407078923755495e-13,-1.4146978650095119e-14,1,0
2339,1.6294398362130453e-13,1.814969687855877e-13,-1.8552985164283167e-14,1,0
2340,3.2331801747808904e-13,3.5464097983533506e-13,-3.132296235724602e-14,1,0
2341,4.097580390105845e-13,3.7434014642554627e-13,3.5417892585038246e-14,0,1
2342,2.8191672086861266e-13,3.4529711370293857e-13,-6.338039283432591e-14,1,0
2343,6.382881226562119e-13,6.85500102434593e-13,-4.721197977838106e-14,1,0
2344,3.4303322857191764e-11,3.2789771438746175e-11,1.5135514184455894e-12,0,1
2345,1.0503100009286246e-13,1.5692933080821238e-13,-5.189833071534992e-14,1,0
2346,1.549170119494846e-13,1.4408079746285969e-13,1.0836214486624912e-14,0,1
2347,2.1414831225954723e-13,1.9356908210829892e-13,2.0579230151248313e-14,0,1
2348,1.8381957110768454e-13,1.3356422308765766e-13,5.025534802002688e-14,0,1
2349,1.38575422309781e-13,1.8683334654483638e-13,-4.8257924235055365e-14,1,0
2350,7.048719812844802e-13,6.447564808992464e-13,6.01155003852338e-14,0,1
2351,3.2354039927506054e-13,3.7182463921575013e-13,-4.828423994068959e-14,1,0
2352,4.614445415669666e-12,4.659267950355841e-12,-4.482253468617516e-14,1,0
2353,2.520014737251171e-13,2.8065113738715505e-13,-2.8649663662037947e-14,1,0
2354,5.432612582457821e-13,5.322313833607995e-13,1.1029874884982649e-14,0,1
2355,1.480615567733734e-13,1.7966695594130857e-13,-3.1605399167935163e-14,1,0
2356,3.1249489922470843e-12,3.102809039986312e-12,2.2139952260772377e-14,0,1
2357,3.513183718098349e-12,3.5032712931431516e-12,9.912424955197438e-15,0,1
2358,1.0379446164914192e-11,1.0393172664472709e-11,-1.3726499558517574e-14,1,0
2359,3.1907853007333523e-12,3.204669917906432e-12,-1.3884617173079902e-14,1,0
2360,2.697604977002558e-13,2.569132856336525e-13,1.28472120666033e-14,0,1
2361,7.728895924782213e-13,7.318163681063315e-13,4.10732243718898e-14,0,1
2362,2.33295867305252e-13,2.0357880210338617e-13,2.971706520186581e-14,0,1
2363,2.6508093670073936e-13,2.449719934677316e-13,2.0108943233007774e-14,0,1
2364,3.391915364417996e-13,4.0609828163268465e-13,-6.690674519088507e-14,1,0
2365,1.0748172412620306e-12,1.1169110421043077e-12,-4.209380084227711e-14,1,0
2366,5.89042926324005e-13,5.432730658904854e-13,4.57698604335196e-14,0,1
2367,3.948794898709502e-13,4.048246191009676e-13,-9.945129230017411e-15,1,0
2368,6.149204622094784e-13,6.434614010328713e-13,-2.8540938823392887e-14,1,0
2369,3.4782275388399635e-11,2.1200854644210045e-11,1.358142074418959e-11,0,1
2370,1.3733655005582673e-10,1.0430764124883848e-10,3.3028908806988246e-11,0,1
2371,1.2314004005389233e-12,1.2984447569058987e-12,-6.704435636697535e-14,1,0
2372,7.680655799498486e-13,8.267262664260921e-13,-5.86606864762435e-14,1,0
2373,1.6065635348519473e-12,1.6659727743386639e-12,-5.940923948671659e-14,1,0
2374,3.3389938568282127e-12,3.396710061435336e-12,-5.771620460712349e-14,1,0
2375,2.429572894903522e-13,2.174204255598015e-13,2.55368639305507e-14,0,1
2376,5.782547270715723e-11,5.181521333825024e-11,6.010259368906987e-12,0,1
2377,2.441497064028439e-12,2.3938537995322368e-12,4.764326449620235e-14,0,1
2378,4.200525956596412e-13,3.8087951687415956e-13,3.917307878548164e-14,0,1
2379,1.4133649858913136e-12,1.3889524550701083e-12,2.4412530821205344e-14,0,1
2380,2.0851803530985515e-12,2.0531839510832736e-12,3.1996402015277945e-14,0,1
2381,1.2133397559779204e-12,1.2585354570617825e-12,-4.519570108386206e-14,1,0
2382,1.794770317632323e-12,1.8359583744244944e-12,-4.118805679217149e-14,1,0
2383,2.8194806705835317e-12,2.8467430583650305e-12,-2.7262387781498884e-14,1,0
2384,6.343522943929563e-13,5.757147418822335e-13,5.863755251072271e-14,0,1
2385,2.704192200138206e-13,2.535517109313825e-13,1.6867509082438055e-14,0,1
2386,2.758545996107587e-13,2.340087356990535e-13,4.184586391170524e-14,0,1
2387,5.34027965520226e-13,4.97493312316393e-13,3.6534653203832985e-14,0,1
2388,5.180223433505669e-12,5.196919530004701e-12,-1.6696096499032667e-14,1,0
2389,2.9943887585401493e-12,3.0383734768687667e-12,-4.398471832861739e-14,1,0
2390,3.224822227757741e-13,3.439398998287792e-13,-2.145767705300509e-14,1,0
2391,2.7101697455160136e-12,2.7689426484815234e-12,-5.877290296550976e-14,1,0
2392,1.405554952235518e-12,1.4643801809645805e-12,-5.882522872906241e-14,1,0
2393,4.0007972305196965e-13,3.9350051743285486e-13,6.579205619114794e-15,0,1
2394,1.5287144229420595e-13,1.5751191758527966e-13,-4.64047529107371e-15,1,0
2395,3.756139882721953e-13,3.953509497296997e-13,-1.9736961457504424e-14,1,0
2396,2.633175019676805e-13,2.56846849642602e-13,6.470652325078528e-15,0,1
2397,4.4587964545681536e-13,4.239335740888748e-13,2.1946071367940583e-14,0,1
2398,2.9898391103998975e-12,3.055087738854843e-12,-6.524862845494557e-14,1,0
2399,5.3919844452385e-13,5.116088366464927e-13,2.7589607877357253e-14,0,1
2400,4.4109655573749864e-13,4.949526602142114e-13,-5.385610447671279e-14,1,0
2401,3.5101066828241326e-13,3.2299453829846377e-13,2.801612998394949e-14,0,1
2402,4.298622443056329e-13,4.831795291059338e-13,-5.3317284800300906e-14,1,0
2403,4.157518088656459e-13,3.6186586946751344e-13,5.3885939398132486e-14,0,1
2404,3.3303760012546285e-12,3.2928781156197813e-12,3.749788563484725e-14,0,1
2405,2.1355287739787727e-13,1.973525431840235e-13,1.620033421385378e-14,0,1
2406,2.2689433222319696e-13,2.421294101968053e-13,-1.5235077973608358e-14,1,0
2407,2.0126179250029942e-13,2.588446739941396e-13,-5.758288149384018e-14,1,0
2408,8.807288015048186e-13,8.370257023157571e-13,4.370309918906147e-14,0,1
2409,8.229159708697129e-12,8.189206294615421e-12,3.995341408170746e-14,0,1
2410,4.537744220516312e-11,4.5429227125964755e-11,-5.178492080163634e-14,1,0
2411,8.311617533407094e-13,8.884557611794327e-13,-5.72940078387233e-14,1,0
2412,1.975613702360481e-12,2.0320562428057606e-12,-5.6442540445279525e-14,1,0
2413,5.244494248647955e-13,5.782896567960888e-13,-5.384023193129333e-14,1,0
2414,5.654852273579652e-13,6.170269173879094e-13,-5.154169002994419e-14,1,0
2415,7.211229401779782e-14,1.3296624704357457e-13,-6.085395302577675e-14,1,0
2416,3.1674580806808083e-13,3.2405088049932756e-13,-7.30507243124673e-15,1,0
2417,3.112501784883561e-12,3.0484115321030407e-12,6.40902527805201e-14,0,1
2418,1.171508350536708e-12,1.20973214311305e-12,-3.822379257634217e-14,1,0
2419,8.834473719858331e-13,9.259417170787621e-13,-4.2494345092928974e-14,1,0
2420,2.8361056702329315e-13,2.379528557986662e-13,4.565771122462696e-14,0,1
2421,4.111849182796874e-13,4.4232477720927553e-13,-3.1139858929588106e-14,1,0
2422,1.6748945066111632e-13,2.2551684886765965e-13,-5.802739820654333e-14,1,0
2423,5.522261405371987e-12,5.535147259553372e-12,-1.2885854181384654e-14,1,0
2424,1.6591452585606987e-13,2.303417207814861e-13,-6.442719492541623e-14,1,0
2425,3.713130940910151e-13,4.3371994758068236e-13,-6.240685348966728e-14,1,0
2426,2.2344038200949818e-12,2.1748805178003363e-12,5.952330229464549e-14,0,1
2427,4.850565035084606e-13,5.105663787544119e-13,-2.550987524595132e-14,1,0
2428,1.4327036664797282e-13,1.8988417760491482e-13,-4.6613810956941995e-14,1,0
2429,5.272337077199478e-13,5.807668748216851e-13,-5.35331671017373e-14,1,0
2430,1.2513452550356472e-12,1.2218968614092546e-12,2.944839362639256e-14,0,1
2431,3.3507473727078753e-13,3.8754854384318e-13,-5.2473806572392486e-14,1,0
2432,4.869150228369069e-11,4.1320806523743285e-11,7.370695759947408e-12,0,1
2433,3.451432616617605e-13,4.0005733090229625e-13,-5.4914069240535765e-14,1,0
2434,6.154620294242029e-13,5.583496481202046e-13,5.711238130399828e-14,0,1
2435,3.7678793563975524e-13,4.183614851976e-13,-4.1573549557844773e-14,1,0
2436,5.191707710539816e-13,4.760572955357161e-13,4.31134755182655e-14,0,1
2437,7.640269822690109e-13,8.070565124858099e-13,-4.302953021679901e-14,1,0
2438,2.62172963786234e-13,3.0562380095210194e-13,-4.3450837165867915e-14,1,0
2439,4.052137222406871e-12,4.1173642144259416e-12,-6.522699201907024e-14,1,0
2440,2.4463139752545973e-12,2.4285974665320973e-12,1.7716508722500055e-14,0,1
2441,3.0985314596481636e-13,3.4596142809641697e-13,-3.610828213160061e-14,1,0
2442,1.3301750215266405e-13,1.1029141788242069e-13,2.2726084270243368e-14,0,1
2443,4.466956524596579e-13,4.1930275759897196e-13,2.7392894860685965e-14,0,1
2444,2.754536642553602e-13,2.737889294199213e-13,1.6647348354389219e-15,0,1
2445,2.984917636973417e-13,3.558503762291149e-13,-5.735861253177322e-14,1,0
2446,2.4773893342302644e-13,2.8467087253084233e-13,-3.693193910781589e-14,1,0
2447,2.417189704712345e-13,2.502514977680374e-13,-8.532527296802941e-15,1,0
2448,5.857239858507733e-12,5.857723722049506e-12,-4.838635417728135e-16,1,0
2449,1.5026850791450766e-13,1.8725520864790565e-13,-3.698670073339799e-14,1,0
2450,1.26013216943415e-13,1.0946329604907494e-13,1.6549920894340057e-14,0,1
2451,1.8839344250088794e-12,1.8625385558579677e-12,2.139586915091171e-14,0,1
2452,1.8495944926628504e-10,1.842737705800849e-10,6.856786862001358e-13,0,1
2453,4.019914537714502e-13,4.3959803903346396e-13,-3.7606585262013756e-14,1,0
2454,4.306145810392054e-12,4.359452033235706e-12,-5.330622284365217e-14,1,0
2455,3.967468271662605e-13,3.4990145495586375e-13,4.684537221039675e-14,0,1
2456,1.5805327685370253e-13,2.154160599119168e-13,-5.736278305821428e-14,1,0
2457,3.6225407655137575e-13,3.2275607740913595e-13,3.9497999142239796e-14,0,1
2458,1.4300122934576294e-12,1.3889237150565015e-12,4.108857840112794e-14,0,1
2459,2.468815512127301e-13,2.483412370288569e-13,-1.4596858161267914e-15,1,0
2460,2.5356951701286803e-13,3.090872913271789e-13,-5.551777431431087e-14,1,0
2461,1.9948136003789542e-13,1.8669519498975177e-13,1.2786165048143655e-14,0,1
2462,7.968411103654525e-13,8.457953527225995e-13,-4.895424235714703e-14,1,0
2463,2.1849137147752608e-12,2.2386750757167955e-12,-5.376136094153472e-14,1,0
2464,6.815518771676732e-13,6.390761993594073e-13,4.2475677808265825e-14,0,1
2465,3.871704962767633e-13,3.388950981212194e-13,4.827539815554394e-14,0,1
2466,1.2179014758679981e-11,1.2154720671721051e-11,2.42940869589298e-14,0,1
2467,1.4895629017487817e-13,2.0660149415891763e-13,-5.764520398403946e-14,1,0
2468,1.1471108145030562e-12,1.1854889518539602e-12,-3.8378137350903945e-14,1,0
2469,6.308469781861488e-12,6.26854639724908e-12,3.992338461240824e-14,0,1
2470,2.0111383037512165e-13,1.9976415360342442e-13,1.3496767716972327e-15,0,1
2471,9.391280454539573e-13,9.996096624166856e-13,-6.048161696272835e-14,1,0
2472,9.656074331266405e-13,9.188107457082419e-13,4.679668741839858e-14,0,1
2473,3.6588804110080155e-12,3.64439917346795e-12,1.4481237540065816e-14,0,1
2474,3.4821698717575417e-13,3.6991245923450036e-13,-2.1695472058746187e-14,1,0
2475,3.4449247329650604e-13,3.3092179075859895e-13,1.3570682537907088e-14,0,1
2476,8.158641273383668e-13,8.356560116045872e-13,-1.9791884266220435e-14,1,0
2477,5.863633346079457e-13,6.086287751365102e-13,-2.2265440528564552e-14,1,0
2478,3.4462127076053516e-13,3.0207071160751867e-13,4.2550559153016485e-14,0,1
2479,3.861252285321598e-13,4.1552936841523276e-13,-2.9404139883072985e-14,1,0
2480,1.253992610825923e-12,1.1977139762793976e-12,5.627863454652543e-14,0,1
2481,4.411183929269939e-12,4.455148055728402e-12,-4.3964126458463717e-14,1,0
2482,4.873190713200302e-13,4.389255914499426e-13,4.839347987008765e-14,0,1
2483,1.2068406790382474e-12,1.2662245565519866e-12,-5.938387751373919e-14,1,0
2484,5.213132793097899e-13,5.488606315905191e-13,-2.7547352280729207e-14,1,0
2485,6.526977085513811e-13,6.008704233163936e-13,5.182728523498747e-14,0,1
2486,1.0050081074822062e-12,9.958405159286774e-13,9.16759155352879e-15,0,1
2487,4.232615886818462e-11,3.3690111805789575e-11,8.636047062395043e-12,0,1
2488,1.6675993816982786e-10,1.292442044873265e-10,3.751573368250135e-11,0,1
2489,1.8276500502809296e-13,2.1550990298524583e-13,-3.274489795715287e-14,1,0
2490,3.47010875241844e-13,2.9789912626458904e-13,4.911174897725497e-14,0,1
2491,5.433047951897298e-13,5.441335417747495e-13,-8.2874658501967e-16,1,0
2492,1.2010217397165097e-11,1.18203774693074e-11,1.8983992785769766e-13,0,1
2493,1.2876744772833248e-13,1.4396719663469175e-13,-1.519974890635927e-14,1,0
2494,1.4307689529194913e-13,1.3655619406781926e-13,6.520701224129873e-15,0,1
2495,1.4759681629934365e-13,1.9644489390627437e-13,-4.8848077606930724e-14,1,0
2496,2.0462407366949121e-13,2.276832560200977e-13,-2.3059182350606504e-14,1,0
2497,4.911699782424615e-13,4.63565616456834e-13,2.7604361785627454e-14,0,1
2498,4.740129809806256e-13,4.3820548525582737e-13,3.5807495724798234e-14,0,1
2499,5.102350425198632e-13,5.682104646004173e-13,-5.797542208055408e-14,1,0
2500,2.520461370746308e-13,2.5207330332030913e-13,-2.7166245678315353e-17,1,0
2501,4.602869651260978e-13,4.674395813759375e-13,-7.152616249839654e-15,1,0
2502,8.646400880463959e-13,9.169787937535566e-13,-5.233870570716072e-14,1,0
2503,7.830279081034193e-13,8.361404838540588e-13,-5.311257575063948e-14,1,0
2504,3.094716897094226e-13,3.088651905736376e-13,6.064991357850145e-16,0,1
2505,2.747760319799636e-13,2.998262537033693e-13,-2.505022172340568e-14,1,0
2506,5.364347275315922e-13,5.799782935764962e-13,-4.3543566044903993e-14,1,0
2507,7.824853088349022e-12,7.876638698801168e-12,-5.178561045214518e-14,1,0
2508,2.504686922341328e-13,2.8912410588424837e-13,-3.8655413650115565e-14,1,0
2509,4.97656151664061e-12,4.957565739383981e-12,1.8995777256628485e-14,0,1
2510,6.023965233287411e-13,5.808873983674189e-13,2.1509124961322214e-14,0,1
2511,4.839313536691004e-13,5.046870845070618e-13,-2.075573083796143e-14,1,0
2512,8.765840966410798e-13,8.885169379971532e-13,-1.1932841356073428e-14,1,0
2513,1.6370341035683678e-13,1.7952486072440399e-13,-1.5821450367567208e-14,1,0
2514,3.52843102321526e-13,3.7348666112492376e-13,-2.0643558803397735e-14,1,0
2515,1.518256320066983e-12,1.4655029239767863e-12,5.2753396090196636e-14,0,1
2516,4.291656720476962e-12,4.250851705436456e-12,4.080501504050638e-14,0,1
2517,1.6662764264628827e-13,1.9050348228391797e-13,-2.38758396376297e-14,1,0
2518,1.7130163276770463e-12,1.6739132240593164e-12,3.910310361772982e-14,0,1
2519,2.7849979022438865e-12,2.731979127239208e-12,5.301877500467855e-14,0,1
2520,3.8666980196438466e-13,4.3933217338048134e-13,-5.266237141609667e-14,1,0
2521,6.471100356529955e-13,6.812250049843455e-13,-3.411496933134993e-14,1,0
2522,1.6245673383919997e-13,1.819104019338949e-13,-1.9453668094694917e-14,1,0
2523,9.314076198496905e-14,1.0842763161474162e-13,-1.528686962977257e-14,1,0
2524,1.1034031688871978e-12,1.049114820904739e-12,5.428834798245885e-14,0,1
2525,3.3307066682480684e-13,2.9102709189227307e-13,4.204357493253377e-14,0,1
2526,2.898520014149639e-13,2.443464765926354e-13,4.55055248223285e-14,0,1
2527,4.43990493518146e-13,4.4713130821337774e-13,-3.140814695231716e-15,1,0
2528,2.584648349070207e-13,2.641717074201803e-13,-5.706872513159588e-15,1,0
2529,1.457479914613982e-12,1.515196713861008e-12,-5.771679924702598e-14,1,0
2530,2.7078205963324707e-13,3.162689509476184e-13,-4.5486891314371347e-14,1,0
2531,4.407773865044601e-13,3.9925090147425275e-13,4.1526485030207336e-14,0,1
2532,2.6019699991794186e-11,2.6066349979413445e-11,-4.664998761925901e-14,1,0
2533,1.3686832349943452e-12,1.3230775742890464e-12,4.5605660705298743e-14,0,1
2534,6.798404228265681e-13,6.841605270399636e-13,-4.32010421339549e-15,1,0
2535,1.336732506121774e-12,1.321879341072494e-12,1.4853165049280064e-14,0,1
2536,1.2570136198557054e-12,1.2254885389092508e-12,3.152508094645456e-14,0,1
2537,2.6479759506581597e-13,2.316974734975376e-13,3.310012156827836e-14,0,1
2538,1.2352902997570262e-12,1.2579105457305811e-12,-2.2620245973554886e-14,1,0
2539,1.771121229434795e-13,1.5108620794281702e-13,2.6025915000662492e-14,0,1
2540,2.3926462609880633e-13,2.697268767350833e-13,-3.046225063627697e-14,1,0
2541,4.478490307353846e-12,4.480259890117359e-12,-1.7695827635129879e-15,1,0
2542,1.487013622851871e-13,1.7864695728563266e-13,-2.9945595000445554e-14,1,0
2543,3.7583707152729563e-13,4.163446568720516e-13,-4.050758534475599e-14,1,0
2544,1.6329706371351605e-12,1.6642633013846924e-12,-3.129266424953191e-14,1,0
2545,4.559002882948969e-13,4.1245460614466635e-13,4.344568215023056e-14,0,1
2546,2.47955694286859e-13,2.4367008944342496e-13,4.285604843434059e-15,0,1
2547,2.805374577873888e-13,2.841572208948669e-13,-3.619763107478082e-15,1,0
2548,2.9632075175572e-13,2.468621509186859e-13,4.94586008370341e-14,0,1
2549,1.9015376606240516e-12,1.8646934483892416e-12,3.6844212234809935e-14,0,1
2550,1.0450438781672107e-12,1.0344635818695474e-12,1.0580296297663285e-14,0,1
2551,1.1219625007654024e-12,1.176452734360782e-12,-5.4490233595379584e-14,1,0
2552,3.747701173973627e-13,3.310432573221445e-13,4.3726860075218194e-14,0,1
2553,8.737913549922023e-13,8.470756804822732e-13,2.671567450992915e-14,0,1
2554,1.5529646211785594e-12,1.5957906032191957e-12,-4.2825982040636267e-14,1,0
2555,4.458759911593036e-13,4.676544539443133e-13,-2.177846278500967e-14,1,0
2556,1.2975577670159403e-13,1.56619589671907e-13,-2.6863812970312968e-14,1,0
2557,7.761005471733018e-13,7.425219869799777e-13,3.3578560193324086e-14,0,1
2558,4.4323515222228323e-13,4.714964979938431e-13,-2.8261345771559887e-14,1,0
2559,1.486074447022723e-11,1.492713776525766e-11,-6.639329503042971e-14,1,0
2560,1.943326687640459e-13,1.999595979593487e-13,-5.626929195302789e-15,1,0
2561,1.3269148052644308e-13,1.88808341920797e-13,-5.611686139435391e-14,1,0
2562,1.2764793066701094e-12,1.2493233469691213e-12,2.715595970098817e-14,0,1
2563,1.1518793825672408e-13,1.494416972916062e-13,-3.425375903488211e-14,1,0
2564,5.942032516875374e-13,5.7840058570137e-13,1.580266598616735e-14,0,1
2565,3.71415427982608e-13,3.2877681137262716e-13,4.263861660998083e-14,0,1
2566,1.6579141131550937e-13,1.7903324808397922e-13,-1.3241836768469848e-14,1,0
2567,1.8960896538467986e-12,1.900743148250857e-12,-4.653494404058519e-15,1,0
2568,3.7603988916986083e-13,3.3284711508752273e-13,4.3192774082338104e-14,0,1
2569,1.1640721024341039e-12,1.214928290945247e-12,-5.0856188511143145e-14,1,0
2570,1.97895313066809e-13,2.0860191958079338e-13,-1.0706606513984385e-14,1,0
2571,1.0956101265601891e-12,1.0408736609990092e-12,5.473646556117997e-14,0,1
2572,3.1235451762528525e-13,3.3912306871304983e-13,-2.6768551087764586e-14,1,0
2573,1.1692866058428662e-12,1.1714084214943771e-12,-2.1218156515109095e-15,1,0
2574,4.901763115543425e-13,4.618832548250976e-13,2.829305672924486e-14,0,1
2575,4.232158208208161e-11,2.8029822930630683e-11,1.4291759151450926e-11,0,1
2576,4.841959230040432e-13,4.3121211550136553e-13,5.2983807502677714e-14,0,1
2577,4.930599878766446e-12,4.916442047046842e-12,1.4157831719603694e-14,0,1
2578,4.602726514181826e-13,4.202307931991347e-13,4.004185821904792e-14,0,1
2579,1.5694025395058803e-13,1.6569574379132276e-13,-8.755489840734735e-15,1,0
2580,5.978508493941454e-13,6.42497562189652e-13,-4.4646712795506575e-14,1,0
2581,3.556912380234032e-13,4.173932710955033e-13,-6.17020330721001e-14,1,0
2582,1.074637826816194e-12,1.0654082693132872e-12,9.229557502906905e-15,0,1
2583,5.404130999609177e-13,5.913623188937312e-13,-5.094921893281343e-14,1,0
2584,7.896600559354336e-13,7.898690830856608e-13,-2.0902715022722338e-16,1,0
2585,4.162116147106691e-12,4.138602970176338e-12,2.3513176930353574e-14,0,1
2586,5.393903504480073e-13,5.962226248236793e-13,-5.6832274375671975e-14,1,0
2587,1.4843390484724445e-13,1.3174363837583332e-13,1.6690266471411127e-14,0,1
2588,5.954324204410208e-13,6.559589569629703e-13,-6.052653652194947e-14,1,0
2589,2.9057500700647293e-13,3.4388960317362073e-13,-5.3314596167147794e-14,1,0
2590,1.3315344321841681e-11,1.1997509782658988e-11,1.317834539182693e-12,0,1
2591,4.4844529894243634e-13,5.016404131431829e-13,-5.319511420074657e-14,1,0
2592,3.520870834423922e-13,3.3466321227567926e-13,1.7423871166712923e-14,0,1
2593,3.122796972790179e-12,3.076854039659736e-12,4.594293313044324e-14,0,1
2594,1.4971760942213385e-12,1.4563745508740494e-12,4.080154334728913e-14,0,1
2595,1.2377414250129232e-12,1.2946312917288646e-12,-5.688986671594136e-14,1,0
2596,2.57707835984536e-12,2.5223622837738852e-12,5.4716076071474905e-14,0,1
2597,2.213628895067336e-12,2.2151422900256917e-12,-1.5133949583555775e-15,1,0
2598,3.775601306601238e-13,3.5921078800933645e-13,1.8349342650787323e-14,0,1
2599,2.80466196334222e-12,2.7826680823986806e-12,2.1993880943539286e-14,0,1
2600,3.8362512803980717e-11,3.840482317063367e-11,-4.231036665295342e-14,1,0
2601,4.979676956357036e-13,5.010695908762327e-13,-3.1018952405290167e-15,1,0
2602,2.807445706481856e-12,2.754616945700125e-12,5.2828760781730975e-14,0,1
2603,1.6838280014678849e-12,1.642466042044425e-12,4.13619594234599e-14,0,1
2604,2.6739898423032687e-13,2.5676968299136417e-13,1.0629301238962699e-14,0,1
2605,6.578393499260609e-13,6.406437119953298e-13,1.7195637930731154e-14,0,1
2606,5.490716467273688e-13,5.781365513571965e-13,-2.906490462982771e-14,1,0
2607,5.267042915018926e-13,5.780285871611747e-13,-5.1324295659282177e-14,1,0
2608,2.6473164400659064e-13,2.3101768544654386e-13,3.3713958560046785e-14,0,1
2609,4.0994253103432247e-13,4.4166751884480205e-13,-3.172498781047959e-14,1,0
2610,4.118233740273984e-13,4.364520263311107e-13,-2.462865230371229e-14,1,0
2611,2.3091270699664366e-13,2.7416639201258833e-13,-4.325368501594466e-14,1,0
2612,1.7537104905019805e-13,1.979376115019147e-13,-2.2566562451716647e-14,1,0
2613,2.7728017201973066e-13,2.902892494520818e-13,-1.300907743235113e-14,1,0
2614,6.487905144036259e-13,6.332786613061136e-13,1.551185309751236e-14,0,1
2615,9.729193973514544e-11,6.86662002643016e-11,2.8625739470843843e-11,0,1
2616,1.1408073488142799e-11,1.1359925167699822e-11,4.814832044297698e-14,0,1
2617,3.2592067355913935e-13,2.8455384175819647e-13,4.136683180094287e-14,0,1
2618,2.1888004186171958e-13,1.913431306111486e-13,2.7536911250570985e-14,0,1
2619,1.9618050920352545e-11,1.684590514835617e-11,2.772145771996374e-12,0,1
2620,7.989968795434214e-13,7.480139134644207e-13,5.098296607900073e-14,0,1
2621,3.9320183158644215e-11,3.5470050954274986e-11,3.85013220436923e-12,0,1
2622,2.7326621595931536e-13,2.986806678330932e-13,-2.5414451873777833e-14,1,0
2623,1.6156937444396873e-13,1.6168888228333458e-13,-1.1950783936584797e-16,1,0
2624,7.93840240769546e-13,8.279755267058382e-13,-3.4135285936292196e-14,1,0
2625,1.470054080055946e-12,1.4558562356114752e-12,1.4197844444470679e-14,0,1
2626,6.931309647628614e-13,7.406151632302215e-13,-4.7484198467360156e-14,1,0
2627,1.91214217070889e-12,1.866781694552788e-12,4.536047615610203e-14,0,1
2628,3.6231719887830595e-13,3.8549536970448704e-13,-2.317817082618109e-14,1,0
2629,1.6707566896956658e-13,1.9094972938424791e-13,-2.3874060414681337e-14,1,0
2630,3.7650109864886175e-13,4.1725277376325826e-13,-4.0751675114396505e-14,1,0
2631,3.646082949786756e-13,4.0761349613985345e-13,-4.300520116117785e-14,1,0
2632,2.8988843228762137e-12,2.928267342235871e-12,-2.93830193596571e-14,1,0
2633,9.013790954573188e-14,1.2349662142540997e-13,-3.335871187967809e-14,1,0
2634,4.240884147876924e-13,4.316186301772848e-13,-7.530215389592387e-15,1,0
2635,4.184893835720742e-12,4.239532620731855e-12,-5.4638785011113263e-14,1,0
2636,7.210788220807327e-14,1.18040024473364e-13,-4.593214226529072e-14,1,0
2637,1.3669534145239725e-12,1.4249475379211019e-12,-5.799412339712935e-14,1,0
2638,2.657510288362471e-13,2.638954970790032e-13,1.8555317572438723e-15,0,1
2639,1.4978621139221655e-12,1.4863084498409774e-12,1.1553664081188033e-14,0,1
2640,1.3919725753513466e-12,1.3509285862660066e-12,4.1043989085339985e-14,0,1
2641,4.1333043360364925e-13,4.4262585843007377e-13,-2.929542482642452e-14,1,0
2642,8.122548954457512e-13,7.602066058763018e-13,5.204828956944947e-14,0,1
2643,1.6084530351220876e-12,1.5937271097763403e-12,1.4725925345747308e-14,0,1
2644,2.048655191343889e-12,2.0496007516634082e-12,-9.455603195193655e-16,1,0
2645,1.7167915352737212e-13,2.0068797725417606e-13,-2.900882372680394e-14,1,0
2646,3.2084799603366285e-13,3.648387264816078e-13,-4.3990730447944964e-14,1,0
2647,8.392670259861409e-13,8.569959508885712e-13,-1.7728924902430302e-14,1,0
2648,4.445715885597539e-13,3.9943838143258637e-13,4.513320712716755e-14,0,1
2649,6.538241329676633e-13,6.819455893212616e-13,-2.812145635359833e-14,1,0
2650,7.962103686783022e-13,8.505014748444499e-13,-5.429110616614769e-14,1,0
2651,3.0313566665079367e-12,3.0090932632722772e-12,2.2263403235659432e-14,0,1
2652,2.7296618701608936e-13,3.1651321632739904e-13,-4.354702931130968e-14,1,0
2653,8.602595415808945e-12,8.553081403071708e-12,4.951401273723701e-14,0,1
2654,1.044739698730858e-13,1.5586848683303507e-13,-5.1394516959949276e-14,1,0
2655,6.619067930695666e-13,6.515054983330199e-13,1.0401294736546748e-14,0,1
2656,4.88448617014074e-13,5.0062393107157e-13,-1.2175314057496048e-14,1,0
2657,5.550846957298818e-13,5.184920635021652e-13,3.659263222771663e-14,0,1
2658,5.355432830790713e-12,5.351002688983133e-12,4.430141807580492e-15,0,1
2659,4.698823615861226e-11,4.703312353281436e-11,-4.488737420210223e-14,1,0
2660,4.315326884248172e-12,4.2734141944252785e-12,4.191268982289371e-14,0,1
2661,1.324397151085159e-13,1.60098056427592e-13,-2.7658341319076106e-14,1,0
2662,3.66556468574329e-12,3.63501299159632e-12,3.055169414697003e-14,0,1
2663,2.6080373731747803e-13,3.223157935415741e-13,-6.151205622409606e-14,1,0
2664,4.507773407996934e-13,5.042890535137601e-13,-5.351171271406668e-14,1,0
2665,1.3312033217647677e-12,1.3631868889984413e-12,-3.19835672336736e-14,1,0
2666,4.619384841473322e-12,4.551659934480332e-12,6.772490699298938e-14,0,1
2667,1.5120553082621848e-13,1.9581168866302603e-13,-4.4606157836807546e-14,1,0
2668,9.115998986940123e-13,8.908510416667544e-13,2.0748857027257893e-14,0,1
2669,3.9365153223627997e-13,3.5990115494971405e-13,3.375037728656591e-14,0,1
2670,1.6957494560589498e-12,1.6588622020228107e-12,3.688725403613903e-14,0,1
2671,4.1999777506850953e-13,3.7062693849438217e-13,4.937083657412736e-14,0,1
2672,1.5974681998712576e-13,1.6745055599208252e-13,-7.703736004956764e-15,1,0
2673,1.142251066469761e-13,1.5318696018824624e-13,-3.896185354127014e-14,1,0
2674,2.079752947355618e-13,1.7010319266044486e-13,3.787210207511693e-14,0,1
2675,2.936477669212912e-13,2.5323788811718703e-13,4.040987880410418e-14,0,1
2676,1.7682367608077426e-12,1.8196940691381925e-12,-5.145730833044984e-14,1,0
2677,1.0927230426278622e-11,1.0918275105781127e-11,8.955320497494894e-15,0,1
2678,5.019777186909279e-13,5.066007896273157e-13,-4.6230709363877896e-15,1,0
2679,6.815129663596305e-13,6.315119266679812e-13,5.0001039691649245e-14,0,1
2680,2.1143030744890768e-12,2.067015629095547e-12,4.7287445393529755e-14,0,1
2681,7.374390553243111e-13,6.968751516919575e-13,4.0563903632353543e-14,0,1
2682,3.740168807884323e-12,3.679938491056284e-12,6.02303168280394e-14,0,1
2683,2.399379086611422e-13,2.7485245932071243e-13,-3.4914550659570214e-14,1,0
2684,1.5388238436019778e-12,1.5513621177448527e-12,-1.2538274142874963e-14,1,0
2685,4.0132754584838195e-12,3.9666940338404676e-12,4.6581424643351874e-14,0,1
2686,3.978151946259009e-12,3.9963237501807186e-12,-1.817180392170927e-14,1,0
2687,5.881944494383362e-13,6.388202305829503e-13,-5.0625781144614086e-14,1,0
2688,8.354986716839418e-13,8.025583337050773e-13,3.294033797886452e-14,0,1
2689,1.4386961815343738e-12,1.4893442659386036e-12,-5.0648084404229804e-14,1,0
2690,5.171220793488343e-13,5.592875120856295e-13,-4.216543273679515e-14,1,0
2691,2.1726533165738271e-13,2.5030732384770125e-13,-3.3041992190318536e-14,1,0
2692,3.4303375188355053e-13,3.3603687472916566e-13,6.9968771543848714e-15,0,1
2693,3.0330520442413875e-13,2.69237597338877e-13,3.4067607085261736e-14,0,1
2694,3.6514142786373635e-13,3.890949935514335e-13,-2.3953565687697153e-14,1,0
2695,9.060951661949644e-13,8.781262665623453e-13,2.7968899632619123e-14,0,1
2696,1.723688049597075e-11,1.7213596396671557e-11,2.328409929919326e-14,0,1
2697,1.1464652277117253e-10,8.705891489995207e-11,2.7587607871220458e-11,0,1
2698,2.5836388634061665e-13,2.2730005158454636e-13,3.106383475607029e-14,0,1
2699,3.005816330823759e-13,3.26005010062102e-13,-2.542337697972607e-14,1,0
2700,3.1471569369221215e-13,3.444517760582212e-13,-2.973608236600906e-14,1,0
2701,2.2216619917156183e-13,2.4656401141736084e-13,-2.4397812245799003e-14,1,0
2702,3.302886084194474e-13,3.2800868487118304e-13,2.279923548264374e-15,0,1
2703,3.4497613660963842e-12,3.4992462655594066e-12,-4.9484899463022365e-14,1,0
2704,3.239138447658736e-13,2.9070745371358906e-13,3.320639105228453e-14,0,1
2705,1.7028120210865203e-13,1.520687609431315e-13,1.8212441165520525e-14,0,1
2706,3.568697651967719e-13,3.033601690412991e-13,5.3509596155472785e-14,0,1
2707,6.396605692872689e-13,6.240766470608633e-13,1.5583922226405613e-14,0,1
2708,3.574301561823682e-11,2.8744297238884337e-11,6.9987183793524816e-12,0,1
2709,1.7734784519931827e-12,1.7405521733293168e-12,3.2926278663865875e-14,0,1
2710,6.119268000125807e-13,6.145660192445736e-13,-2.6392192319928824e-15,1,0
2711,6.533160273916373e-13,7.09520098419959e-13,-5.6204071028321705e-14,1,0
2712,1.236723577419829e-13,1.8077065695587422e-13,-5.709829921389133e-14,1,0
2713,3.034012198845042e-11,2.515063252777453e-11,5.1894894606758915e-12,0,1
2714,5.227865223573793e-13,5.752832744183564e-13,-5.249675206097711e-14,1,0
2715,5.856634016881292e-13,5.317134685849105e-13,5.3949933103218744e-14,0,1
2716,3.5550320575704936e-13,3.6996051091495434e-13,-1.4457305157904983e-14,1,0
2717,4.842822646838442e-13,5.423293754226461e-13,-5.80471107388019e-14,1,0
2718,1.7608392000007205e-12,1.8169968252634385e-12,-5.615762526271797e-14,1,0
2719,1.6977656813247367e-12,1.7484669487257494e-12,-5.0701267401012714e-14,1,0
2720,1.4254857437897828e-12,1.4190598784847608e-12,6.4258653050220026e-15,0,1
2721,9.685914828858077e-13,9.808565785780212e-13,-1.2265095692213517e-14,1,0
2722,3.047075284124884e-12,3.0424185403169206e-12,4.6567438079632685e-15,0,1
2723,2.723547517003422e-12,2.779471394355428e-12,-5.592387735200592e-14,1,0
2724,3.816754157986514e-13,4.282231592480998e-13,-4.6547743449448386e-14,1,0
2725,2.747099499833894e-13,2.706136755934874e-13,4.096274389902017e-15,0,1
2726,1.6681335289940592e-13,1.5584136989470892e-13,1.0971983004696997e-14,0,1
2727,7.844380694578119e-13,7.408247339067855e-13,4.3613335551026425e-14,0,1
2728,3.2313219839611983e-13,3.7643161370641527e-13,-5.329941531029544e-14,1,0
2729,6.74246545375387e-13,7.210996158918391e-13,-4.6853070516452076e-14,1,0
2730,1.9572029695586566e-13,2.0098689021343658e-13,-5.266593257570924e-15,1,0
2731,5.538773083772107e-13,5.271505797813518e-13,2.672672859585889e-14,0,1
2732,2.909503950881028e-13,2.9143429962658915e-13,-4.839045384863674e-16,1,0
2733,2.2092370258696427e-13,1.7490539670993158e-13,4.6018305877032695e-14,0,1
2734,2.2510280898519058e-13,2.6381751584344203e-13,-3.871470685825145e-14,1,0
2735,2.4220887641374233e-13,2.7934099649031307e-13,-3.713212007657074e-14,1,0
2736,4.751241701385995e-13,5.198021006845685e-13,-4.4677930545968915e-14,1,0
2737,2.0933430101071019e-13,1.8519805118618913e-13,2.4136249824521052e-14,0,1
2738,1.786163829203714e-13,1.9855553536549033e-13,-1.9939152445118934e-14,1,0
2739,3.5477544324719175e-13,4.249026370252254e-13,-7.012719377803364e-14,1,0
2740,1.611952448312526e-12,1.6696402319695186e-12,-5.768778365699265e-14,1,0
2741,4.412504200129395e-13,3.9421857481562556e-13,4.7031845197313946e-14,0,1
2742,6.291623054196932e-13,6.076706144779215e-13,2.149169094177161e-14,0,1
2743,1.5096791973515806e-12,1.5159905060525738e-12,-6.311308700993253e-15,1,0
2744,1.9181473276118347e-13,1.575614261663445e-13,3.4253306594838966e-14,0,1
2745,3.3354491830216553e-12,3.3005354455137457e-12,3.491373750790955e-14,0,1
2746,1.2423960662985477e-12,1.2291958886688697e-12,1.3200177629677934e-14,0,1
2747,7.328994340129353e-13,6.885981529350915e-13,4.43012810778438e-14,0,1
2748,3.2078263092786397e-13,3.171606527828965e-13,3.621978144967465e-15,0,1
2749,1.2861757426152549e-12,1.3451344043133552e-12,-5.895866169810032e-14,1,0
2750,1.1998300140022894e-12,1.1714712147739245e-12,2.8358799228364895e-14,0,1
2751,9.184720568131652e-12,9.149574519352054e-12,3.514604877959845e-14,0,1
2752,1.0282930097725712e-12,1.0878675439833145e-12,-5.957453421074327e-14,1,0
2753,1.8615956254489846e-12,1.863129089309128e-12,-1.5334638601432938e-15,1,0
2754,9.264163532972289e-13,8.915713525571603e-13,3.48450007400686e-14,0,1
2755,2.7273079931357635e-13,2.860039269934112e-13,-1.3273127679834852e-14,1,0
2756,1.916055185194909e-13,2.4800016450264485e-13,-5.6394645983153954e-14,1,0
2757,3.1898624461540943e-13,2.9517201062064034e-13,2.381423399476909e-14,0,1
2758,3.8121197335508534e-13,4.142493345553216e-13,-3.303736120023624e-14,1,0
2759,7.377039577445264e-14,9.189163322734011e-14,-1.812123745288747e-14,1,0
2760,1.0750000348821192e-13,1.5233491640633687e-13,-4.483491291812495e-14,1,0
2761,3.638800181960686e-13,4.003340517077203e-13,-3.645403351165171e-14,1,0
2762,1.3949482633063327e-12,1.3512559087318937e-12,4.3692354574438976e-14,0,1
2763,2.5136322258555056e-12,2.541015181215813e-12,-2.7382955360307192e-14,1,0
2764,1.338438546954896e-10,1.3941428879403516e-10,-5.57043409854556e-12,1,0
2765,6.009101226599339e-13,6.534088726524057e-13,-5.249874999247178e-14,1,0
2766,2.5713789688811165e-13,3.1405767739704946e-13,-5.69197805089378e-14,1,0
2767,3.834658291377159e-12,3.774784313903413e-12,5.987397747374592e-14,0,1
2768,2.614367887089295e-12,2.6529074847614906e-12,-3.853959767219554e-14,1,0
2769,6.948732459273966e-13,6.897118043464617e-13,5.161441580934904e-15,0,1
2770,1.6442124749000135e-12,1.6612066697289507e-12,-1.6994194828937262e-14,1,0
2771,4.811928178369341e-13,4.798158474601387e-13,1.376970376795378e-15,0,1
2772,5.66377147720921e-13,5.890159000450998e-13,-2.2638752324178782e-14,1,0
2773,1.0314718483494902e-13,1.1254624743415109e-13,-9.399062599202065e-15,1,0
2774,1.7643926703554462e-13,1.878583122749739e-13,-1.1419045239429286e-14,1,0
2775,1.234276551309638e-13,1.9134213416144454e-13,-6.791447903048075e-14,1,0
2776,3.6804633767837934e-13,3.123583071599602e-13,5.5688030518419143e-14,0,1
2777,2.851668839727868e-13,2.9858054043681766e-13,-1.3413656464030844e-14,1,0
2778,3.19112747598568e-12,3.2085599853419615e-12,-1.7432509356281597e-14,1,0
2779,3.016288755586924e-13,3.3308953314402134e-13,-3.1460657585328936e-14,1,0
2780,2.2453633142903139e-13,2.620559508799104e-13,-3.751961945087899e-14,1,0
2781,1.3792881171392677e-12,1.4148434674139153e-12,-3.5555350274647635e-14,1,0
2782,5.533154206005568e-13,5.54163877672521e-13,-8.484570719642441e-16,1,0
2783,1.0322478257393837e-12,1.0716333287147678e-12,-3.9385502975384137e-14,1,0
2784,1.2277562757896389e-12,1.2143917622268998e-12,1.3364513562739109e-14,0,1
2785,2.2008993627500237e-13,2.706978193343508e-13,-5.0607883059348424e-14,1,0
2786,3.7484310730279046e-13,3.9348743218491145e-13,-1.864432488212099e-14,1,0
2787,2.722424962693253e-12,2.7543768004008877e-12,-3.1951837707634785e-14,1,0
2788,8.530215643199963e-12,8.588961044198303e-12,-5.874540099833965e-14,1,0
2789,5.147252510098026e-13,4.988035785875072e-13,1.5921672422295442e-14,0,1
2790,3.488052532103824e-13,3.483974991676038e-13,4.0775404277860993e-16,0,1
2791,7.620712711693953e-13,8.23708124377863e-13,-6.163685320846772e-14,1,0
2792,1.158170243554125e-12,1.2150952741520918e-12,-5.69250305979668e-14,1,0
2793,1.0359074982597056e-12,1.0106889155976292e-12,2.5218582662076425e-14,0,1
2794,8.730144791595088e-13,8.335484611928518e-13,3.946601796665699e-14,0,1
2795,9.420538110223795e-14,9.764404204420868e-14,-3.4386609419707264e-15,1,0
2796,2.278504693480269e-13,2.320204320998102e-13,-4.169962751783297e-15,1,0
2797,1.3644637141215859e-13,9.81529583073531e-14,3.829341310480549e-14,0,1
2798,8.601872490612754e-13,8.73389497414813e-13,-1.3202248353537553e-14,1,0
2799,5.14837842786641e-13,5.094242301916889e-13,5.413612594952034e-15,0,1
2800,3.8554007483319405e-13,3.613547386788121e-13,2.4185336154381924e-14,0,1
2801,5.027134912443902e-13,5.625997513722846e-13,-5.988626012789432e-14,1,0
2802,2.970857634461928e-13,3.1169882066658187e-13,-1.4613057220389056e-14,1,0
2803,4.698839991545501e-13,5.142002378940341e-13,-4.431623873948401e-14,1,0
2804,1.1184904894054171e-13,1.5720833714946176e-13,-4.535928820892005e-14,1,0
2805,4.260209800670294e-12,4.309638620154842e-12,-4.942881948454774e-14,1,0
2806,7.210115525266657e-13,6.940469102641137e-13,2.696464226255192e-14,0,1
2807,4.879160341672439e-13,4.4335227770315765e-13,4.456375646408626e-14,0,1
2808,3.8979475491479697e-13,3.8126394484656663e-13,8.530810068230342e-15,0,1
2809,1.0342193852148787e-12,1.0675828830832851e-12,-3.3363497868406424e-14,1,0
2810,1.4227607871009378e-12,1.4607662639111183e-12,-3.8005476810180535e-14,1,0
2811,1.3721767533579476e-11,1.3700823478930731e-11,2.0944054648744566e-14,0,1
2812,1.0441575474499763e-12,1.0812688467930547e-12,-3.7111299343078415e-14,1,0
2813,3.2102504074659353e-12,3.1636518678491387e-12,4.6598539616796574e-14,0,1
2814,1.3438909368999972e-11,9.277309477564702e-12,4.16159989143527e-12,0,1
2815,1.5331601358318016e-13,1.9000382801666846e-13,-3.66878144334883e-14,1,0
2816,9.41629016847889e-13,9.376346122918372e-13,3.9944045560518265e-15,0,1
2817,1.46087011867143e-12,1.4360736770787282e-12,2.4796441592701878e-14,0,1
2818,2.7692591427234792e-11,2.1247616500821424e-11,6.444974926413368e-12,0,1
2819,1.9910957606430594e-13,2.0085899044957477e-13,-1.749414385268821e-15,1,0
2820,3.103875794644737e-13,2.693255770506014e-13,4.1062002413872337e-14,0,1
2821,2.9182964739434404e-13,2.9829411188576416e-13,-6.464464491420115e-15,1,0
2822,3.033534267131853e-13,2.960359422692527e-13,7.317484443932584e-15,0,1
2823,1.1881940596102198e-12,1.1751156671128638e-12,1.3078392497355993e-14,0,1
2824,4.662859890282625e-13,5.130775341181853e-13,-4.679154508992286e-14,1,0
2825,2.372256118427342e-11,2.3742279346686362e-11,-1.971816241294125e-14,1,0
2826,5.629919347619559e-13,6.107427977309141e-13,-4.775086296895826e-14,1,0
2827,1.2306343547026319e-13,1.4365215374982086e-13,-2.058871827955767e-14,1,0
2828,3.9377784884137265e-12,3.872900244789346e-12,6.487824362438044e-14,0,1
2829,7.661006122043553e-13,7.867886855477239e-13,-2.0688073343368557e-14,1,0
2830,1.2613007192415826e-11,1.2564787022279493e-11,4.8220170136333166e-14,0,1
2831,2.9755276820221247e-12,3.0002260110189595e-12,-2.4698328996834865e-14,1,0
2832,5.470997461817055e-13,5.167179339509592e-13,3.03818122307463e-14,0,1
2833,1.7168310082916706e-13,1.8276486908838768e-13,-1.1081768259220626e-14,1,0
2834,3.3307612362152634e-13,2.8641131963696773e-13,4.6664803984558616e-14,0,1
2835,2.6727537023585357e-13,3.167047366322007e-13,-4.942936639634714e-14,1,0
2836,7.068049577889897e-13,7.473178859591344e-13,-4.0512928170144624e-14,1,0
2837,3.658784460954726e-12,3.668425060723037e-12,-9.640599768311366e-15,1,0
2838,1.1237729979587278e-11,1.1244635405295268e-11,-6.905425707990472e-15,1,0
2839,2.745729824648605e-13,3.1960172705680424e-13,-4.502874459194374e-14,1,0
2840,9.391694789883648e-13,8.773855307648898e-13,6.178394822347507e-14,0,1
2841,3.637056703803283e-13,3.795983460892982e-13,-1.5892675708969894e-14,1,0
2842,2.800527939054637e-13,2.7127353289957316e-13,8.779261005890546e-15,0,1
2843,1.607016410992765e-12,1.5854521537111698e-12,2.1564257281595192e-14,0,1
2844,3.1448621638117096e-13,3.57637091038982e-13,-4.3150874657811045e-14,1,0
2845,9.824760839937762e-14,1.2377953461744188e-13,-2.5531926218064265e-14,1,0
2846,3.1534657811940533e-13,2.88894974403991e-13,2.645160371541432e-14,0,1
2847,1.79559543471003e-13,2.2805862818586725e-13,-4.8499084714864246e-14,1,0
2848,6.491285219480852e-13,6.151855583887254e-13,3.394296355935972e-14,0,1
2849,4.3883627403338205e-13,4.604087821190862e-13,-2.1572508085704127e-14,1,0
2850,4.631765408893681e-13,4.721635840109615e-13,-8.987043121593408e-15,1,0
2851,1.4126688912332659e-12,1.4608170783104256e-12,-4.8148187077159766e-14,1,0
2852,1.6194799798948207e-12,1.5850926920932295e-12,3.438728780159121e-14,0,1
2853,2.2643204108274397e-13,2.1418671109226806e-13,1.2245329990475905e-14,0,1
2854,4.681509514946155e-13,5.300733456337449e-13,-6.192239413912938e-14,1,0
2855,4.17138367093746e-13,4.768718835520576e-13,-5.973351645831161e-14,1,0
2856,2.501594014275199e-13,2.7085903244430953e-13,-2.0699631016789636e-14,1,0
2857,4.067184702924574e-13,4.375481298695565e-13,-3.082965957709908e-14,1,0
2858,1.775270585953863e-12,1.7822189974931741e-12,-6.948411539311082e-15,1,0
2859,3.020955488309566e-13,2.5529538548064926e-13,4.6800163350307344e-14,0,1
2860,9.7549029982561e-13,9.432330039640471e-13,3.225729586156285e-14,0,1
2861,7.860658958819734e-13,7.673608580956447e-13,1.870503778632868e-14,0,1
2862,6.357879748000064e-13,5.800793696323844e-13,5.5708605167621925e-14,0,1
2863,2.2186839598190038e-13,2.7710750789428293e-13,-5.523911191238255e-14,1,0
2864,1.198627454271689e-11,9.309755875008563e-12,2.676518667708327e-12,0,1
2865,8.38639148855156e-13,8.559163723401376e-13,-1.7277223484981566e-14,1,0
2866,1.8714464448475224e-13,1.5579310532171646e-13,3.1351539163035784e-14,0,1
2867,1.9004501859144415e-11,1.8974464998090973e-11,3.0036861053442405e-14,0,1
2868,3.730537341673061e-13,3.2145504656306273e-13,5.159868760424339e-14,0,1
2869,5.545020516582323e-13,5.761562177287736e-13,-2.1654166070541364e-14,1,0
2870,1.940199371058766e-12,1.8971101092265267e-12,4.3089261832239416e-14,0,1
2871,5.815690237624955e-12,5.8291427970378e-12,-1.3452559412845605e-14,1,0
2872,1.0074469473994514e-12,1.0155899220188254e-12,-8.142974619374037e-15,1,0
2873,4.657703320253413e-13,5.086986678878575e-13,-4.2928335862516157e-14,1,0
2874,5.892936649411813e-13,5.592588840683754e-13,3.00347808728059e-14,0,1
2875,5.313236243719513e-13,5.520619026547382e-13,-2.073827828278691e-14,1,0
2876,3.0373224844758676e-13,2.816493526822775e-13,2.2082895765309237e-14,0,1
2877,4.8663758829965805e-12,4.83588759120798e-12,3.0488291788600306e-14,0,1
2878,4.962989247087074e-13,4.592659886509563e-13,3.70329360577511e-14,0,1
2879,4.310522033408798e-13,4.698067186852184e-13,-3.875451534433863e-14,1,0
2880,5.026591520026552e-13,5.310568203990866e-13,-2.839766839643141e-14,1,0
2881,4.152912081874574e-13,4.344874280325841e-13,-1.9196219845126695e-14,1,0
2882,4.016397573347601e-12,3.996114553671822e-12,2.0283019675779003e-14,0,1
2883,2.1288624573738126e-13,1.789209891040096e-13,3.396525663337165e-14,0,1
2884,9.859283243022396e-12,9.86863312867309e-12,-9.349885650694045e-15,1,0
2885,8.595212987870021e-13,8.273411955977599e-13,3.2180103189242236e-14,0,1
2886,1.3040922911491148e-12,1.2560083130745933e-12,4.808397807452149e-14,0,1
2887,8.496061351863816e-13,8.008742875594926e-13,4.873184762688899e-14,0,1
2888,1.6553582451377826e-12,1.6870415522933265e-12,-3.168330715554387e-14,1,0
2889,2.1742478482281213e-13,2.6861847337989205e-13,-5.1193688557079914e-14,1,0
2890,1.3216109042995972e-13,1.7255931293992804e-13,-4.039822250996832e-14,1,0
2891,8.408816959065842e-12,8.392652377003748e-12,1.6164582062093677e-14,0,1
2892,1.4952396569320544e-12,1.4572887865235095e-12,3.795087040854494e-14,0,1
2893,3.1667363599894894e-13,2.7928045518871214e-13,3.73931808102368e-14,0,1
2894,1.3718802577572011e-13,1.944630455889369e-13,-5.72750198132168e-14,1,0
2895,2.267808601962128e-13,2.6912883398280655e-13,-4.2347973786593753e-14,1,0
2896,4.2357422853678827e-13,3.736128571918546e-13,4.996137134493369e-14,0,1
2897,3.355307287173882e-13,3.9542895602382736e-13,-5.989822730643917e-14,1,0
2898,7.526870909242975e-13,7.770164359752258e-13,-2.43293450509283e-14,1,0
2899,4.279218614043031e-13,4.519336935277424e-13,-2.4011832123439277e-14,1,0
2900,1.79618956976646e-13,2.322479526389166e-13,-5.26289956622706e-14,1,0
2901,3.448647805415142e-13,3.1934352824104303e-13,2.5521252300471164e-14,0,1
2902,1.1965967769680464e-13,1.3775879100066916e-13,-1.809911330386452e-14,1,0
2903,3.695102221222999e-13,3.319615225995051e-13,3.754869952279477e-14,0,1
2904,3.8695401788742806e-13,4.395887477829372e-13,-5.263472989550912e-14,1,0
2905,4.049737131810493e-12,4.07470019950385e-12,-2.4963067693357023e-14,1,0
2906,4.626359418210973e-13,4.992671896511399e-13,-3.663124783004255e-14,1,0
2907,5.8008938096121e-13,5.668856306810044e-13,1.3203750280205643e-14,0,1
2908,1.7603219420310718e-13,2.193040845578288e-13,-4.327189035472162e-14,1,0
2909,3.043447583929133e-13,3.403240482995858e-13,-3.597928990667246e-14,1,0
2910,5.423373950819185e-13,4.992740845586199e-13,4.306331052329856e-14,0,1
2911,2.1598884685924315e-12,2.149822564571786e-12,1.0065904020645696e-14,0,1
2912,8.339991589828933e-13,8.520094968002531e-13,-1.801033781735981e-14,1,0
2913,3.989102067714485e-13,3.6122673521151174e-13,3.768347155993676e-14,0,1
2914,1.1456031550627045e-12,1.131894848905679e-12,1.3708306157025566e-14,0,1
2915,3.148876703626645e-13,3.6858901440852194e-13,-5.3701344045857455e-14,1,0
2916,7.44762824285082e-12,7.44177562168335e-12,5.85262116746979e-15,0,1
2917,2.130797061291057e-13,2.216926494017379e-13,-8.612943272632179e-15,1,0
2918,7.357308996335894e-13,6.977244554655962e-13,3.800644416799321e-14,0,1
2919,2.684285986660265e-13,2.521144026165446e-13,1.6314196049481935e-14,0,1
2920,3.9032779914712136e-13,3.383719240510856e-13,5.1955875096035754e-14,0,1
2921,3.809278203806437e-13,4.1959881468947066e-13,-3.867099430882699e-14,1,0
2922,7.402335468318825e-13,7.823974209578067e-13,-4.216387412592415e-14,1,0
2923,6.202037383709469e-13,6.144871444791971e-13,5.716593891749851e-15,0,1
2924,3.0304046428379374e-13,3.639996801100131e-13,-6.095921582621938e-14,1,0
2925,7.221083486998286e-13,7.443869822807551e-13,-2.2278633580926505e-14,1,0
2926,1.5207626272362031e-13,1.535232013465706e-13,-1.4469386229502972e-15,1,0
2927,3.602424445355116e-13,3.7164357466747245e-13,-1.1401130131960872e-14,1,0
2928,1.662873764328441e-13,2.080289090807839e-13,-4.174153264793981e-14,1,0
2929,6.283829177463539e-13,5.880272611264421e-13,4.0355656619911856e-14,0,1
2930,1.940367154137178e-13,2.4090813540657593e-13,-4.6871419992858123e-14,1,0
2931,3.7581928307407956e-13,4.2840053615112583e-13,-5.2581253077046274e-14,1,0
2932,2.655085189970916e-13,3.1279595612453353e-13,-4.728743712744195e-14,1,0
2933,1.9455557724783618e-13,1.4884008086675398e-13,4.5715496381082203e-14,0,1
2934,1.0539325351031418e-13,6.84032255579369e-14,3.699002795237727e-14,0,1
2935,1.6360791440832837e-12,1.6877037369785173e-12,-5.16245928952336e-14,1,0
2936,3.3084282510270974e-13,3.502587516154177e-13,-1.941592651270796e-14,1,0
2937,6.527237301739737e-13,6.413800897191158e-13,1.1343640454857886e-14,0,1
2938,2.0378757702150806e-12,2.0306679760737248e-12,7.207794141355854e-15,0,1
2939,1.730591018133726e-12,1.7268232182413412e-12,3.767799892384767e-15,0,1
2940,2.6976080975529055e-13,2.543955246331306e-13,1.5365285122159944e-14,0,1
2941,2.223382231043835e-13,2.4406747420990397e-13,-2.1729251105520472e-14,1,0
2942,3.943978940571478e-13,3.493825289111683e-13,4.501536514597952e-14,0,1
2943,6.217422786914667e-13,6.515224670482283e-13,-2.9780188356761617e-14,1,0
2944,1.3722500889854992e-12,1.4290054388883164e-12,-5.675534990281718e-14,1,0
2945,3.572968549098772e-11,2.4462316298721633e-11,1.1267369192266084e-11,0,1
2946,8.566208258441063e-12,8.60459675145775e-12,-3.838849301668696e-14,1,0
2947,4.946334837268936e-13,4.524905131245388e-13,4.214297060235477e-14,0,1
2948,3.206566992614973e-13,3.58417412840315e-13,-3.776071357881774e-14,1,0
2949,1.9097674246046175e-13,2.4041137784600756e-13,-4.943463538554581e-14,1,0
2950,3.1400489516206054e-13,2.796298423030861e-13,3.4375052858974416e-14,0,1
2951,6.576054261088469e-13,6.739991285262956e-13,-1.639370241744878e-14,1,0
2952,2.283375821213965e-13,2.800983792470345e-13,-5.176079712563803e-14,1,0
2953,4.921378393729278e-13,5.060805143528015e-13,-1.394267497987369e-14,1,0
2954,3.598893368527577e-13,3.060964089873474e-13,5.3792927865410277e-14,0,1
2955,1.2732891906489213e-12,1.2924690068671737e-12,-1.91798162182524e-14,1,0
2956,1.2523435665764552e-11,1.2471043099763117e-11,5.239256600143474e-14,0,1
2957,9.593598456354536e-13,9.330642460983063e-13,2.6295599537147295e-14,0,1
2958,2.0525533103095264e-12,2.077546181756628e-12,-2.499287144710167e-14,1,0
2959,1.3203046020002244e-11,1.3170364158937363e-11,3.26818610648809e-14,0,1
2960,3.2637887989932794e-13,3.185795070957917e-13,7.799372803536257e-15,0,1
2961,3.24184873120244e-13,3.314449304625179e-13,-7.260057342273918e-15,1,0
2962,2.80826812537426e-13,3.340840944323863e-13,-5.325728189496032e-14,1,0
2963,1.3821535564029894e-12,1.4119355026036305e-12,-2.978194620064112e-14,1,0
2964,2.5420385282714564e-12,2.489641529099387e-12,5.2396999172069294e-14,0,1
2965,3.0020906286193777e-13,3.1690467299126495e-13,-1.6695610129327184e-14,1,0
2966,6.807211994029266e-13,7.28558093217299e-13,-4.7836893814372413e-14,1,0
2967,4.939293592568857e-13,4.843676873429592e-13,9.561671913926428e-15,0,1
2968,5.834914903440419e-13,6.116975452211333e-13,-2.8206054877091303e-14,1,0
2969,7.114101943834026e-13,7.555516347967133e-13,-4.4141440413310704e-14,1,0
2970,1.6720635061748967e-12,1.7004218560120252e-12,-2.835834983712857e-14,1,0
2971,2.2628795343057333e-12,2.251901694416991e-12,1.0977839888742496e-14,0,1
2972,8.091894453425191e-13,8.723888723438785e-13,-6.31994270013594e-14,1,0
2973,3.497164118900362e-13,3.952951896315565e-13,-4.5578777741520295e-14,1,0
2974,6.425052077714583e-13,5.978443809329751e-13,4.4660826838483234e-14,0,1
2975,1.756342170340338e-13,2.4213872563640515e-13,-6.650450860237135e-14,1,0
2976,5.007028321053846e-12,5.068145600948766e-12,-6.111727989492012e-14,1,0
2977,4.3968149431296904e-12,4.388388749074131e-12,8.426194055559043e-15,0,1
2978,6.448796622860405e-14,1.1126323955991804e-13,-4.6775273331313985e-14,1,0
2979,7.055129630727058e-13,7.366589584508879e-13,-3.114599537818208e-14,1,0
2980,5.260886294015964e-13,5.444528220203574e-13,-1.8364192618760973e-14,1,0
2981,3.086822278754542e-13,3.295851521923119e-13,-2.0902924316857678e-14,1,0
2982,1.7107921984613464e-12,1.7469876517102489e-12,-3.6195453248902495e-14,1,0
2983,3.9586385075078196e-13,4.0571136079205906e-13,-9.8475100412771e-15,1,0
2984,1.9772254850550667e-13,1.7785471233116141e-13,1.986783617434526e-14,0,1
2985,2.674321448864885e-12,2.7088108159272012e-12,-3.4489367062316105e-14,1,0
2986,4.068019472347996e-13,3.513868346164538e-13,5.541511261834578e-14,0,1
2987,3.1707146568641874e-11,3.1749403360267677e-11,-4.225679162580244e-14,1,0
2988,6.307876694487685e-13,5.760425449768295e-13,5.474512447193904e-14,0,1
2989,2.378105186032226e-13,2.7794032476758255e-13,-4.012980616435994e-14,1,0
2990,2.656743792599402e-13,2.886981248432689e-13,-2.3023745583328725e-14,1,0
2991,5.221167159002445e-13,5.390926060168313e-13,-1.697589011658679e-14,1,0
2992,5.7447430974765036e-12,5.790950100132602e-12,-4.62070026560983e-14,1,0
2993,1.0852406460255177e-11,1.0885513542204844e-11,-3.310708194966775e-14,1,0
2994,3.4426710469525916e-13,4.073696216785199e-13,-6.310251698326075e-14,1,0
2995,4.3954754203233873e-13,4.3273982210042316e-13,6.8077199319155784e-15,0,1
2996,1.3776474815775325e-12,1.3345107707036126e-12,4.313671087391991e-14,0,1
2997,7.209270846331906e-12,7.22247493403307e-12,-1.3204087701164348e-14,1,0
2998,1.047037545915841e-12,1.0169135311532647e-12,3.0124014762576235e-14,0,1
2999,4.690889825952243e-13,5.240556156132694e-13,-5.4966633018045135e-14,1,0
3000,2.69325798848436e-13,2.4582516694869013e-13,2.350063189974589e-14,0,1
3001,1.647306868588298e-12,1.6921809820636296e-12,-4.487411347533151e-14,1,0
3002,3.3434202927546233e-12,3.286014984195062e-12,5.740530855956114e-14,0,1
3003,5.0521136264361496e-12,5.020565970795297e-12,3.154765564085283e-14,0,1
3004,5.067226833808514e-13,5.399610425102916e-13,-3.3238359129440176e-14,1,0
3005,6.772614232715151e-13,7.188256401992683e-13,-4.156421692775321e-14,1,0
3006,1.3648265328509113e-12,1.4078503653989406e-12,-4.302383254802929e-14,1,0
3007,1.8019558886644894e-13,1.7028919116624621e-13,9.906397700202725e-15,0,1
3008,2.266938824334e-12,2.2345807243463144e-12,3.235809998768538e-14,0,1
3009,2.6244122483545413e-12,2.671211990028021e-12,-4.679974167347961e-14,1,0
3010,4.430199999915318e-12,4.475764212433049e-12,-4.556421251773154e-14,1,0
3011,1.366797202812896e-12,1.359788066521955e-12,7.0091362909409304e-15,0,1
3012,9.321171919534458e-13,9.164817589430316e-13,1.563543301041413e-14,0,1
3013,7.108835185038531e-13,6.813248575058889e-13,2.955866099796417e-14,0,1
3014,9.577567796033404e-13,9.296856309724364e-13,2.8071148630903962e-14,0,1
3015,8.385595546637374e-13,8.242985374724807e-13,1.426101719125676e-14,0,1
3016,2.6215191511452293e-13,3.2031396231142386e-13,-5.816204719690094e-14,1,0
3017,1.069480068767767e-12,1.0949373079774117e-12,-2.5457239209644593e-14,1,0
3018,1.218024170228833e-12,1.1807641982999967e-12,3.725997192883628e-14,0,1
3019,2.536142537893486e-13,2.636412965844388e-13,-1.0027042795090179e-14,1,0
3020,3.674696726731521e-13,3.6747287807923667e-13,-3.20540608456339e-18,1,0
3021,8.560798082525748e-14,1.0703296940094782e-13,-2.142498857569034e-14,1,0
3022,3.746579481711055e-13,3.8515088915826947e-13,-1.0492940987163966e-14,1,0
3023,3.862483306129654e-13,4.2362502207223086e-13,-3.7376691459265463e-14,1,0
3024,7.072592814715199e-13,6.651423094504592e-13,4.2116972021060684e-14,0,1
3025,4.347104173108318e-13,4.911560115869314e-13,-5.644559427609955e-14,1,0
3026,2.536601947273095e-12,2.600082811853775e-12,-6.348086458067967e-14,1,0
3027,1.9102255066186044e-13,2.4276442738956025e-13,-5.1741876727699805e-14,1,0
3028,1.596102605673625e-10,1.4862088709920351e-10,1.0989373468158997e-11,0,1
3029,1.849868428369802e-13,1.972506218315409e-13,-1.2263778994560694e-14,1,0
3030,9.183433448051545e-11,7.639549583842597e-11,1.543883864208948e-11,0,1
3031,8.22240733177486e-12,8.221422867241203e-12,9.844645336566687e-16,0,1
3032,4.150541894809014e-12,4.128210256529074e-12,2.2331638279939333e-14,0,1
3033,1.0957494669446492e-12,1.0840627500462107e-12,1.168671689843844e-14,0,1
3034,7.137770266366036e-13,7.033642955812504e-13,1.0412731055353168e-14,0,1
3035,6.357826720147958e-13,6.589403068060864e-13,-2.315763479129058e-14,1,0
3036,2.8901966565592923e-13,3.5398810431417407e-13,-6.496843865824484e-14,1,0
3037,2.2858446254910437e-12,2.3226041493313697e-12,-3.6759523840325967e-14,1,0
3038,2.365565795320913e-13,2.741876848974949e-13,-3.7631105365403586e-14,1,0
3039,1.9569003043501493e-12,1.9087204108298834e-12,4.8179893520265975e-14,0,1
3040,4.3294088653882656e-13,4.694895782949727e-13,-3.6548691756146145e-14,1,0
3041,1.0258437874138797e-13,1.2906348622134861e-13,-2.647910747996064e-14,1,0
3042,5.249528695480179e-13,5.852574118068641e-13,-6.030454225884625e-14,1,0
3043,4.625394840558727e-13,4.839264132971515e-13,-2.138692924127874e-14,1,0
3044,1.0748213477976717e-10,7.87354883209834e-11,2.8746646458783765e-11,0,1
3045,1.0734991078990016e-12,1.0207000362622061e-12,5.279907163679552e-14,0,1
3046,3.613988575538945e-13,3.1799015695998777e-13,4.3408700593906714e-14,0,1
3047,1.2376131680771954e-13,8.020771751589936e-14,4.3553599291820175e-14,0,1
3048,1.17300326261632e-11,1.1665377061236814e-11,6.46555649263854e-14,0,1
3049,3.157941072669252e-13,3.2323693863091164e-13,-7.442831363986423e-15,1,0
3050,3.574388896752792e-13,3.1482950415738476e-13,4.2609385517894415e-14,0,1
3051,2.8733116605945396e-13,2.363386801410938e-13,5.099248591836018e-14,0,1
3052,3.6766166619462156e-13,3.3215770182023543e-13,3.5503964374386134e-14,0,1
3053,8.487027105776931e-14,7.293910910355669e-14,1.1931161954212618e-14,0,1
3054,5.148676628867985e-13,4.64522155234719e-13,5.034550765207953e-14,0,1
3055,2.3394841632801755e-12,2.270335967633261e-12,6.91481956469145e-14,0,1
3056,7.931709198740041e-13,8.029079568969066e-13,-9.737037022902502e-15,1,0
3057,1.6709921463281798e-12,1.686978470293664e-12,-1.598632396548434e-14,1,0
3058,7.954521093959274e-12,7.931081765982926e-12,2.3439327976348682e-14,0,1
3059,1.030205114890029e-12,1.0620521248264285e-12,-3.1847009936399465e-14,1,0
3060,5.302137752486015e-12,5.2840314593415406e-12,1.8106293144474198e-14,0,1
3061,4.037345055993688e-13,3.6267244914130076e-13,4.106205645806804e-14,0,1
3062,5.044181064286341e-13,5.008651491507257e-13,3.5529572779083374e-15,0,1
3063,5.600966006662989e-13,5.861386086650165e-13,-2.6042007998717577e-14,1,0
3064,6.613637006479894e-13,6.406239694459271e-13,2.0739731202062316e-14,0,1
3065,8.908662225881528e-13,9.371970144187108e-13,-4.6330791830558003e-14,1,0
3066,6.250727762295708e-13,6.588523017915246e-13,-3.3779525561953724e-14,1,0
3067,1.5402420739645816e-13,1.7957127745928964e-13,-2.5547070062831483e-14,1,0
3068,3.67100844280256e-13,3.5333995184419797e-13,1.3760892436058024e-14,0,1
3069,7.027801870205587e-13,7.354123240561071e-13,-3.263213703554834e-14,1,0
3070,5.391899610974381e-13,5.79485099941734e-13,-4.0295138844295985e-14,1,0
3071,3.3284401639599405e-13,3.464159468223774e-13,-1.3571930426383338e-14,1,0
3072,1.0988183134093413e-12,1.052693420107933e-12,4.612489330140821e-14,0,1
3073,2.273084305626139e-13,2.8007759821690595e-13,-5.2769167654292055e-14,1,0
3074,6.762323967818605e-13,6.43214381570094e-13,3.3018015211766496e-14,0,1
3075,7.317428255986342e-12,7.359336897712898e-12,-4.1908641726556273e-14,1,0
3076,3.880418101385143e-11,2.4523397103355357e-11,1.4280783910496074e-11,0,1
3077,2.542490380289756e-13,3.007490655597406e-13,-4.650002753076501e-14,1,0
3078,4.586356047315755e-12,4.532957208911013e-12,5.339883840474201e-14,0,1
3079,2.1367835963258794e-13,2.097148709314538e-13,3.9634887011341385e-15,0,1
3080,4.579590300980546e-13,4.283648861148545e-13,2.9594143983200104e-14,0,1
3081,6.435781360348258e-13,6.100014000182961e-13,3.3576736016529603e-14,0,1
3082,5.978191729808326e-13,5.514574870512465e-13,4.636168592958618e-14,0,1
3083,1.0632961691913038e-12,1.0220618510838195e-12,4.1234318107484315e-14,0,1
3084,3.3598897608524615e-13,3.4306847894644185e-13,-7.0795028611956964e-15,1,0
3085,4.982217042530544e-13,5.549847971810958e-13,-5.676309292804139e-14,1,0
3086,1.0472097260062757e-12,1.0186750336374638e-12,2.8534692368811905e-14,0,1
3087,5.350534738617654e-13,5.801144692349312e-13,-4.506099537316583e-14,1,0
3088,8.641901729251774e-13,9.209412921927388e-13,-5.675111926756149e-14,1,0
3089,1.0293531841219322e-12,1.0830939909261272e-12,-5.374080680419505e-14,1,0
3090,3.5364434504491197e-12,3.5531977921158813e-12,-1.675434166676157e-14,1,0
3091,1.8908741150770747e-13,2.2951643408638023e-13,-4.0429022578672764e-14,1,0
3092,3.933979865093934e-12,3.984175798743275e-12,-5.0195933649340564e-14,1,0
3093,3.592768601576864e-12,3.645922906508273e-12,-5.3154304931408564e-14,1,0
3094,5.701370039416523e-13,6.34985380709877e-13,-6.484837676822472e-14,1,0
3095,1.1745443647984288e-12,1.2265963443141688e-12,-5.205197951574001e-14,1,0
3096,4.383392890720108e-13,4.3316644315753717e-13,5.172845914473616e-15,0,1
3097,3.6193799090765186e-12,3.5762275728031672e-12,4.315233627335134e-14,0,1
3098,4.043363254213084e-13,4.3418785300089626e-13,-2.9851527579587874e-14,1,0
3099,1.2763464122211853e-12,1.2306570324258068e-12,4.5689379795378484e-14,0,1
3100,1.5531142467200952e-12,1.6190378525115824e-12,-6.592360579148713e-14,1,0
3101,7.05614461014966e-12,7.077823102215261e-12,-2.1678492065601076e-14,1,0
3102,4.0466863715243316e-12,4.049540482319036e-12,-2.8541107947042442e-15,1,0
3103,2.2079554316084945e-12,2.1492432309697456e-12,5.871220063874895e-14,0,1
3104,7.1511568161935514e-12,7.10372929981497e-12,4.742751637858134e-14,0,1
3105,1.1024646419922476e-12,1.1185842594828536e-12,-1.6119617490605924e-14,1,0
3106,2.602519165779539e-12,2.657366279769684e-12,-5.4847113990145136e-14,1,0
3107,1.0297314546417792e-13,1.1801469191457839e-13,-1.5041546450400466e-14,1,0
3108,1.8342216849765712e-12,1.851951277391717e-12,-1.7729592415145904e-14,1,0
3109,1.289840650603535e-13,9.385031170358818e-14,3.513375335676532e-14,0,1
3110,2.483273794390782e-12,2.4941366863018125e-12,-1.0862891911030551e-14,1,0
3111,1.5230504142678038e-12,1.5195646435966112e-12,3.485770671192605e-15,0,1
3112,6.144183198885039e-13,6.429690039900287e-13,-2.8550684101524826e-14,1,0
3113,3.379151590639385e-13,3.119922303179755e-13,2.592292874596301e-14,0,1
3114,8.711455581390069e-13,9.145941122843064e-13,-4.344855414529947e-14,1,0
3115,8.43662207926927e-13,8.617570369591601e-13,-1.8094829032233093e-14,1,0
3116,9.84275234271294e-13,9.832425549595975e-13,1.0326793116964881e-15,0,1
3117,1.5751079268529815e-13,1.683734726992532e-13,-1.0862680013955051e-14,1,0
3118,3.221171992001907e-13,2.921490006453736e-13,2.9968198554817114e-14,0,1
3119,1.2654592914344748e-12,1.3255330346602163e-12,-6.007374322574148e-14,1,0
3120,1.8099670137090534e-11,1.3601963833100575e-11,4.497706303989959e-12,0,1
3121,5.429506746596212e-13,5.357367368718475e-13,7.21393778777371e-15,0,1
3122,1.3943408985377243e-11,1.3939077251130705e-11,4.3317342465371285e-15,0,1
3123,9.256082793735407e-13,9.082881822584027e-13,1.732009711513807e-14,0,1
3124,4.655266918623269e-12,4.59276410293157e-12,6.250281569169921e-14,0,1
3125,2.466960555523046e-13,2.184817041044836e-13,2.8214351447821006e-14,0,1
3126,2.0707349672356026e-12,2.0204367825350475e-12,5.0298184700555105e-14,0,1
3127,2.5206025832895653e-12,2.4961155457049292e-12,2.4487037584636102e-14,0,1
3128,5.682066206621245e-13,5.116248279608702e-13,5.658179270125431e-14,0,1
3129,4.3561274671390316e-13,4.607713716217313e-13,-2.515862490782816e-14,1,0
3130,2.2599047157835613e-12,2.288035549246112e-12,-2.8130833462550697e-14,1,0
3131,1.574419137119551e-13,2.0173760181673716e-13,-4.429568810478205e-14,1,0
3132,1.8300066194352485e-12,1.8168538887226599e-12,1.3152730712588633e-14,0,1
3133,1.560720047860679e-13,1.8741277047885112e-13,-3.1340765692783204e-14,1,0
3134,1.3825064095750987e-12,1.420943128151519e-12,-3.843671857642022e-14,1,0
3135,4.9349009863005365e-12,4.877492077336362e-12,5.74089089641745e-14,0,1
3136,3.384506948929523e-12,3.4360834131707195e-12,-5.1576464241196657e-14,1,0
3137,1.5578230970016711e-12,1.4999959540582967e-12,5.782714294337444e-14,0,1
3138,7.101342825768032e-13,7.3647746591445e-13,-2.6343183337646736e-14,1,0
3139,2.6050729902330926e-10,1.4531802189951356e-10,1.151892771237957e-10,0,1
3140,6.119820668578527e-11,5.561809502360867e-11,5.5801116621766026e-12,0,1
3141,3.4867923344439737e-13,3.5795230587117256e-13,-9.273072426775186e-15,1,0
3142,2.0292393341754856e-12,2.009508700401122e-12,1.9730633774363498e-14,0,1
3143,1.9933445760606703e-13,2.3663720858652824e-13,-3.730275098046121e-14,1,0
3144,1.3808763849801446e-13,1.305029481215204e-13,7.584690376494058e-15,0,1
3145,6.213762049960423e-13,6.405438850558185e-13,-1.916768005977614e-14,1,0
3146,4.653824652758718e-13,5.21149820930229e-13,-5.576735565435722e-14,1,0
3147,1.4627809332920859e-13,1.3610674242336853e-13,1.017135090584006e-14,0,1
3148,1.0506269511457365e-13,1.183895807724827e-13,-1.3326885657909052e-14,1,0
3149,4.619567386173043e-13,4.878334429069393e-13,-2.5876704289634964e-14,1,0
3150,2.2980980041135923e-12,2.2889845768616803e-12,9.113427251912084e-15,0,1
3151,1.284195313357707e-12,1.2903028490880937e-12,-6.10753573038668e-15,1,0
3152,3.339949533023399e-12,3.318625625906725e-12,2.132390711667383e-14,0,1
3153,6.126589012990024e-13,6.622372414616798e-13,-4.9578340162677354e-14,1,0
3154,3.0010089505203e-13,3.365649486261915e-13,-3.646405357416149e-14,1,0
3155,7.297334538798386e-13,7.925283047367013e-13,-6.279485085686274e-14,1,0
3156,1.4547172936667146e-12,1.398301647029106e-12,5.641564663760854e-14,0,1
3157,1.6460150211749228e-13,2.114599626112407e-13,-4.685846049374841e-14,1,0
3158,3.5499788740997494e-13,4.149721175633718e-13,-5.997423015339687e-14,1,0
3159,6.713816016676356e-13,6.261032446441075e-13,4.527835702352812e-14,0,1
3160,3.862904582223471e-13,3.9642157692471003e-13,-1.0131118702362917e-14,1,0
3161,7.320113828040451e-13,7.90768315856897e-13,-5.875693305285195e-14,1,0
3162,3.376587097603384e-12,3.3180559219044714e-12,5.853117569891271e-14,0,1
3163,2.644669583270989e-12,2.5840681261287385e-12,6.06014571422506e-14,0,1
3164,2.4125358182879313e-13,2.205670085763342e-13,2.068657325245893e-14,0,1
3165,9.656037035585715e-11,4.8090897224477366e-11,4.8469473131379786e-11,0,1
3166,4.540480236528097e-13,4.2794109311112654e-13,2.6106930541683154e-14,0,1
3167,3.313317171633718e-12,3.3355056742804568e-12,-2.2188502646738724e-14,1,0
3168,2.7165757228229753e-13,2.4586608855776847e-13,2.579148372452906e-14,0,1
3169,4.930317998010982e-13,5.095474878484538e-13,-1.651568804735562e-14,1,0
3170,4.682867832902753e-13,4.241973159663288e-13,4.4089467323946494e-14,0,1
3171,2.6892614809658542e-12,2.7067837702852753e-12,-1.7522289319421136e-14,1,0
3172,5.506789516964687e-13,5.818869151502928e-13,-3.1207963453824126e-14,1,0
3173,4.571658929964163e-13,4.1761425737819197e-13,3.955163561822429e-14,0,1
3174,4.0515574670132563e-13,4.526423528037876e-13,-4.748660610246195e-14,1,0
3175,4.731134695089477e-13,4.232409765545406e-13,4.987249295440709e-14,0,1
3176,1.1568084040348839e-13,1.1163047363368032e-13,4.050366769808062e-15,0,1
3177,3.5023898026658605e-13,3.918662896360557e-13,-4.162730936946965e-14,1,0
3178,2.4226639390548903e-13,2.68037796737648e-13,-2.577140283215898e-14,1,0
3179,1.438336973936561e-12,1.4854516729862284e-12,-4.71146990496675e-14,1,0
3180,4.701736004819507e-13,4.2446034768149967e-13,4.5713252800451036e-14,0,1
3181,3.9475936972383303e-13,3.443526853735936e-13,5.040668435023945e-14,0,1
3182,1.4711479350639022e-13,1.9904320622796971e-13,-5.1928412721579496e-14,1,0
3183,1.8797285125930303e-13,2.1085033115347268e-13,-2.287747989416965e-14,1,0
3184,3.8458769052825083e-13,4.4094702740326437e-13,-5.6359336875013546e-14,1,0
3185,8.850709083194118e-13,8.679646688795228e-13,1.7106239439889052e-14,0,1
3186,5.33006517290048e-13,5.470170432064529e-13,-1.4010525916404904e-14,1,0
3187,9.36971261223721e-13,8.905591303813012e-13,4.64121308424198e-14,0,1
3188,3.993970417150622e-12,3.951066849562901e-12,4.2903567587721563e-14,0,1
3189,6.132415194181955e-13,6.476522451064779e-13,-3.4410725688282393e-14,1,0
3190,3.7690529398991637e-13,3.5216930064904623e-13,2.473599334087014e-14,0,1
3191,6.353669453564824e-13,6.593981224256756e-13,-2.4031177069193233e-14,1,0
3192,1.1590282101806515e-13,1.3306160383531157e-13,-1.7158782817246422e-14,1,0
3193,1.8967665044241336e-13,2.550677663586233e-13,-6.539111591620993e-14,1,0
3194,2.883180211968748e-13,3.07169099501743e-13,-1.8851078304868195e-14,1,0
3195,1.848155459629384e-13,1.9652824283429023e-13,-1.1712696871351827e-14,1,0
3196,1.1495618503366004e-12,1.1533166695725926e-12,-3.754819235992252e-15,1,0
3197,7.501298416971547e-13,7.457238414902797e-13,4.406000206875015e-15,0,1
3198,4.14481730350256e-13,4.59597648733024e-13,-4.511591838276799e-14,1,0
3199,8.499145019085464e-13,9.084651519214483e-13,-5.855065001290184e-14,1,0
3200,3.004764925545968e-12,2.992429679880778e-12,1.2335245665190303e-14,0,1
3201,3.74109464239579e-13,3.9479427525227804e-13,-2.0684811012699037e-14,1,0
3202,6.391187283412356e-13,6.96011046381732e-13,-5.689231804049643e-14,1,0
3203,2.304268875905132e-13,2.0593977702020619e-13,2.448711057030701e-14,0,1
3204,5.640135010239866e-13,5.496024985185065e-13,1.44110025054801e-14,0,1
3205,2.2087869454271983e-13,1.7145266373077567e-13,4.9426030811944154e-14,0,1
3206,3.957156607300828e-12,3.998383874171122e-12,-4.1227266870294314e-14,1,0
3207,1.0847837799844655e-12,1.1031189160097524e-12,-1.8335136025286935e-14,1,0
3208,9.934258522333694e-13,1.0293037870020428e-12,-3.587793476867331e-14,1,0
3209,1.0194253611583982e-12,1.013018556972111e-12,6.406804186287309e-15,0,1
3210,1.527662731808418e-11,1.525129687163925e-11,2.53304464449293e-14,0,1
3211,7.887927695182746e-13,7.422296052053176e-13,4.6563164312957016e-14,0,1
3212,4.4719317951815027e-13,4.597535836173335e-13,-1.2560404099183269e-14,1,0
3213,2.943499977604095e-12,2.894616471804109e-12,4.8883505799986175e-14,0,1
3214,5.697084214755182e-13,6.209829181721743e-13,-5.1274496696656057e-14,1,0
3215,8.122825518068736e-13,8.466853373496095e-13,-3.4402785542735906e-14,1,0
3216,9.280457617672695e-13,9.074647178402443e-13,2.058104392702523e-14,0,1
3217,9.70110348501645e-13,1.022883270012431e-12,-5.277292151078603e-14,1,0
3218,1.3836584446720215e-12,1.3912967391669336e-12,-7.638294494912069e-15,1,0
3219,6.301603817776833e-13,6.44722324646805e-13,-1.4561942869121716e-14,1,0
3220,5.156816523405703e-13,5.654448712468643e-13,-4.976321890629404e-14,1,0
3221,2.961473511197629e-13,3.420130348621157e-13,-4.586568374235281e-14,1,0
3222,2.421858156403956e-13,2.89843452444001e-13,-4.765763680360543e-14,1,0
3223,2.7742581235010705e-13,3.025203535658245e-13,-2.5094541215717467e-14,1,0
3224,2.3436563179648968e-12,2.308936096482553e-12,3.472022148234397e-14,0,1
3225,1.3661406110337507e-12,1.4143545639210989e-12,-4.8213952887348156e-14,1,0
3226,3.7801070920231355e-12,3.837009941670532e-12,-5.690284964739641e-14,1,0
3227,1.2516497439580894e-11,1.248978875497933e-11,2.6708684601564833e-14,0,1
3228,8.18885927607545e-13,8.148880175022839e-13,3.997910105261124e-15,0,1
3229,7.853423152790739e-13,7.948177998344124e-13,-9.475484555338495e-15,1,0
3230,1.4641076742165557e-13,1.4786233362313786e-13,-1.451566201482287e-15,1,0
3231,6.854766005328191e-13,6.691851782430998e-13,1.6291422289719336e-14,0,1
3232,1.9094325416816822e-11,1.6351599693078866e-11,2.7427257237379558e-12,0,1
3233,2.6052948113644856e-13,2.452566155846734e-13,1.5272865551775162e-14,0,1
3234,1.5051641780461288e-12,1.4870132971378222e-12,1.8150880908306534e-14,0,1
3235,1.238692052127256e-13,1.6938552079442256e-13,-4.551631558169695e-14,1,0
3236,1.7896294666847617e-12,1.8134037117589395e-12,-2.377424507417786e-14,1,0
3237,3.7912436866494737e-13,3.6653507264087954e-13,1.2589296024067831e-14,0,1
3238,3.1550265445911206e-13,3.579301492017366e-13,-4.242749474262453e-14,1,0
3239,4.826112606110634e-13,4.5394289369906875e-13,2.866836691199467e-14,0,1
3240,1.5392632621940085e-12,1.5281404982871661e-12,1.1122763906842408e-14,0,1
3241,2.4604117552483974e-12,2.5041780940999296e-12,-4.376633885153217e-14,1,0
3242,2.704572860696221e-13,3.325742403488983e-13,-6.211695427927622e-14,1,0
3243,4.2446581188958985e-13,4.723312602365328e-13,-4.7865448346942984e-14,1,0
3244,5.995545433192703e-13,6.442330380884504e-13,-4.4678494769180023e-14,1,0
3245,6.937924242148196e-13,7.470476149661567e-13,-5.3255190751337064e-14,1,0
3246,1.9188342803314327e-13,2.442973654299202e-13,-5.2413937396776934e-14,1,0
3247,1.309702160018802e-12,1.313175290701689e-12,-3.473130682886885e-15,1,0
3248,2.816904235853266e-13,3.1766613094897395e-13,-3.5975707363647344e-14,1,0
3249,1.0327989779953434e-12,9.858358480695487e-13,4.6963129925794733e-14,0,1
3250,2.420218747603047e-12,2.4063508318050386e-12,1.386791579800851e-14,0,1
3251,4.1752936239202155e-13,4.464877859366727e-13,-2.895842354465115e-14,1,0
3252,3.7772367009897797e-13,4.292216968833339e-13,-5.1498026784355913e-14,1,0
3253,4.770737095276004e-13,4.955869998917346e-13,-1.8513290364134145e-14,1,0
3254,6.923869237788034e-14,8.118806604985809e-14,-1.1949373671977753e-14,1,0
3255,2.453925068670468e-13,2.4310932623010767e-13,2.2831806369391432e-15,0,1
3256,2.1293264641913006e-12,2.091310785253861e-12,3.8015678937439695e-14,0,1
3257,2.8234376727995434e-13,2.7383205656590356e-13,8.511710714050778e-15,0,1
3258,8.511393333408167e-13,8.925658112994901e-13,-4.142647795867343e-14,1,0
3259,2.0080272502284524e-12,2.046879365381416e-12,-3.88521151529637e-14,1,0
3260,3.928624186725653e-13,3.594142865763679e-13,3.344813209619739e-14,0,1
3261,2.9015271204899205e-12,2.9040815602577815e-12,-2.554439767861013e-15,1,0
3262,1.4650142462164756e-11,1.3567426790356466e-11,1.0827156718082905e-12,0,1
3263,1.861575960449426e-13,2.208827281759201e-13,-3.4725132130977504e-14,1,0
3264,2.4653276875082157e-13,2.8023005347754054e-13,-3.369728472671897e-14,1,0
3265,4.281956390883797e-13,4.497873154354914e-13,-2.159167634711171e-14,1,0
3266,3.179152792267183e-13,3.6876593712168087e-13,-5.085065789496255e-14,1,0
3267,1.0965208351912703e-11,1.0915070846888663e-11,5.0137505024040785e-14,0,1
3268,1.9959107014972746e-12,2.150650292571507e-12,-1.5473959107423245e-13,1,0
3269,7.884013709396412e-11,3.8717482268595475e-11,4.012265482536864e-11,0,1
3270,2.203136962237522e-13,2.467234045742446e-13,-2.6409708350492402e-14,1,0
3271,3.717191565896084e-12,3.675466435432139e-12,4.172513046394444e-14,0,1
3272,2.3560556272640324e-13,2.340833402642063e-13,1.5222224621969556e-15,0,1
3273,1.6990838192442988e-12,1.6379932277646878e-12,6.109059147961099e-14,0,1
3274,2.010903967486329e-13,2.3082238231952124e-13,-2.973198557088834e-14,1,0
3275,1.1665628233864875e-12,1.1245390278990389e-12,4.2023795487448676e-14,0,1
3276,1.5098990348470184e-12,1.5681030821270363e-12,-5.820404728001791e-14,1,0
3277,6.325659016660102e-13,5.811167247937104e-13,5.1449176872299766e-14,0,1
3278,1.723263259125744e-13,2.2270874235918327e-13,-5.038241644660887e-14,1,0
3279,3.2207829920870714e-13,3.4187084808889827e-13,-1.9792548880191137e-14,1,0
3280,5.181224735288808e-13,5.185220857473109e-13,-3.9961221843007903e-16,1,0
3281,9.22510096308118e-13,9.211091816193097e-13,1.400914688808249e-15,0,1
3282,2.6015427884147316e-13,2.7909547752595216e-13,-1.8941198684479e-14,1,0
3283,6.79459143565138e-13,6.465119702224609e-13,3.294717334267706e-14,0,1
3284,1.7921463628988202e-13,1.7969529962281048e-13,-4.806633329284603e-16,1,0
3285,1.1541207753794941e-12,1.095374769494955e-12,5.874600588453909e-14,0,1
3286,2.194333013663835e-12,2.2458214836323933e-12,-5.148846996855815e-14,1,0
3287,1.9697041942926663e-13,1.7865434535755879e-13,1.831607407170784e-14,0,1
3288,2.424934943096263e-12,2.4637343630784296e-12,-3.879941998216677e-14,1,0
3289,1.029932467692174e-11,1.0276020830124046e-11,2.3303846797694167e-14,0,1
3290,2.27153845275948e-12,2.27442031163485e-12,-2.8818588753700326e-15,1,0
3291,7.356937656319139e-13,7.405549197499489e-13,-4.861154118034971e-15,1,0
3292,1.676783523781203e-13,2.2793647179563844e-13,-6.025811941751813e-14,1,0
3293,2.13996203015661e-13,2.3461063113235124e-13,-2.0614428116690234e-14,1,0
3294,6.40093902117318e-13,6.262261914287396e-13,1.3867710688578374e-14,0,1
3295,1.4136878038326104e-13,1.2064861022616188e-13,2.0720170157099156e-14,0,1
3296,2.6597794899109137e-11,1.5308583962428203e-11,1.1289210936680934e-11,0,1
3297,4.596202716639938e-13,4.4803193961466004e-13,1.1588332049333747e-14,0,1
3298,1.4338509794386904e-13,1.689681326238041e-13,-2.5583034679935067e-14,1,0
3299,4.375564170504869e-12,4.333075227883764e-12,4.2488942621105006e-14,0,1
3300,6.760902199150878e-13,7.242385139351313e-13,-4.814829402004355e-14,1,0
3301,2.876709489528406e-13,3.20486505067867e-13,-3.2815556115026394e-14,1,0
3302,5.133218652560252e-13,5.5291653554615e-13,-3.959467029012478e-14,1,0
3303,5.094311829049213e-12,5.122288622708036e-12,-2.7976793658823547e-14,1,0
3304,3.8720494752415183e-13,3.5602243220797503e-13,3.1182515316176796e-14,0,1
3305,1.5557069482321546e-12,1.5391584276520828e-12,1.6548520580071793e-14,0,1
3306,4.97520808562478e-11,4.3577374245584227e-11,6.174706610663572e-12,0,1
3307,5.727118221884812e-13,5.624232657432497e-13,1.0288556445231512e-14,0,1
3308,1.6610825372204486e-12,1.6035716422806953e-12,5.751089493975324e-14,0,1
3309,5.136061246306745e-13,5.046847784250317e-13,8.92134620564286e-15,0,1
3310,6.182072673168637e-12,6.188517284933214e-12,-6.444611764577424e-15,1,0
3311,1.105683908865095e-11,9.622672092693518e-12,1.4341669959574327e-12,0,1
3312,1.542411528973335e-13,1.9842748231492282e-13,-4.4186329417589323e-14,1,0
3313,6.600698280837778e-13,6.751763532124731e-13,-1.5106525128695285e-14,1,0
3314,5.869032793487851e-13,5.447479958675023e-13,4.215528348128274e-14,0,1
3315,5.642014806103916e-13,5.782187753240628e-13,-1.4017294713671197e-14,1,0
3316,1.9245036565659496e-13,2.327372571663772e-13,-4.028689150978222e-14,1,0
3317,1.720171227675076e-12,1.7637656743746755e-12,-4.35944466995994e-14,1,0
3318,3.9303022183516646e-13,3.7542894258739355e-13,1.7601279247772904e-14,0,1
3319,3.9329197902646356e-13,4.567671893460816e-13,-6.347521031961805e-14,1,0
3320,2.7204879355811884e-12,2.7649403340610838e-12,-4.445239847989533e-14,1,0
3321,4.31670907033207e-13,4.616937125269577e-13,-3.002280549375074e-14,1,0
3322,7.289499504809021e-13,7.18534107929103e-13,1.0415842551799089e-14,0,1
3323,2.9495186222014753e-13,3.208357609800938e-13,-2.5883898759946267e-14,1,0
3324,7.917245855393994e-13,8.561405044481851e-13,-6.441591890878567e-14,1,0
3325,6.577448501124948e-13,6.004893273314299e-13,5.725552278106493e-14,0,1
3326,5.326455659962283e-13,5.292122235199247e-13,3.4333424763036457e-15,0,1
3327,2.0060049858839355e-13,1.6413007874860542e-13,3.6470419839788126e-14,0,1
3328,3.1890473143350454e-12,3.2218373574941162e-12,-3.2790043159070864e-14,1,0
3329,3.2809346304559973e-13,3.5077339742891816e-13,-2.267993438331843e-14,1,0
3330,4.475130643966957e-13,4.109814381747281e-13,3.653162622196758e-14,0,1
3331,3.074717638333526e-12,3.026318847759754e-12,4.839879057377224e-14,0,1
3332,7.159521848218006e-13,7.4083094353286e-13,-2.4878758711059404e-14,1,0
3333,9.063182337169324e-12,9.06311752529654e-12,6.481187278368978e-17,0,1
3334,1.1348075969971581e-13,1.5108486674158304e-13,-3.760410704186723e-14,1,0
3335,3.4493111958839785e-13,3.8718581043813943e-13,-4.225469084974158e-14,1,0
3336,5.779310053594388e-13,5.449164970134106e-13,3.301450834602817e-14,0,1
3337,8.707902171173679e-13,8.646607626127068e-13,6.1294545046611095e-15,0,1
3338,1.4148879795168683e-12,1.4430233961713608e-12,-2.813541665449251e-14,1,0
3339,9.379195215479043e-13,9.824540606199877e-13,-4.453453907208342e-14,1,0
3340,2.806661317460765e-13,2.8332356094104827e-13,-2.6574291949717442e-15,1,0
3341,1.1032401499033072e-12,1.0630122790270065e-12,4.0227870876300786e-14,0,1
3342,7.604196170569394e-13,8.103226934309641e-13,-4.9903076374024725e-14,1,0
3343,1.54538198192788e-12,1.5354090013412276e-12,9.972980586652354e-15,0,1
3344,3.484792229512994e-12,3.515499896024373e-12,-3.07076665113791e-14,1,0
3345,2.75570358127288e-12,2.7137972164330027e-12,4.190636483987715e-14,0,1
3346,3.8526183750755324e-13,4.1845384957640906e-13,-3.319201206885582e-14,1,0
3347,1.536536365106928e-12,1.5861722912322718e-12,-4.963592612534393e-14,1,0
3348,1.467209090829695e-12,1.467586335154513e-12,-3.7724432481789363e-16,1,0
3349,7.705901123442134e-13,8.250961844817001e-13,-5.4506072137486755e-14,1,0
3350,1.2341880832894468e-13,1.6864130477578e-13,-4.5222496446835316e-14,1,0
3351,8.358907430572503e-13,8.697688867023452e-13,-3.387814364509487e-14,1,0
3352,1.5094113462477463e-12,1.5321695778401619e-12,-2.27582315924156e-14,1,0
3353,4.263869567301874e-13,4.837675947105314e-13,-5.738063798034396e-14,1,0
3354,1.4668602484152144e-13,2.0036003366332853e-13,-5.367400882180709e-14,1,0
3355,5.303208163758997e-13,5.631099607644554e-13,-3.278914438855568e-14,1,0
3356,1.5854753715301865e-12,1.6170490690466952e-12,-3.1573697516508705e-14,1,0
3357,5.669482479983413e-13,5.89710169651823e-13,-2.2761921653481693e-14,1,0
3358,4.638205495814987e-13,4.4205199566560576e-13,2.17685539158929e-14,0,1
3359,5.016560513724673e-13,5.258802120242021e-13,-2.4224160651734847e-14,1,0
3360,2.165475398807556e-12,2.1775359673651784e-12,-1.2060568557622322e-14,1,0
3361,1.1428528528223689e-12,1.2010586728933044e-12,-5.820582007093557e-14,1,0
3362,5.275963213014081e-13,5.495307364384095e-13,-2.1934415137001418e-14,1,0
3363,7.390173744252139e-13,7.909158993701974e-13,-5.189852494498347e-14,1,0
3364,7.026490256781229e-13,6.927966461252669e-13,9.852379552855973e-15,0,1
3365,6.166936123529783e-13,6.162072626615697e-13,4.863496914085638e-16,0,1
3366,4.478441969509643e-13,4.950828348980389e-13,-4.723863794707464e-14,1,0
3367,3.1465386589793316e-12,3.126213983153866e-12,2.0324675825465597e-14,0,1
3368,2.8664618439015346e-13,3.3584226462044953e-13,-4.919608023029607e-14,1,0
3369,1.0257629900701987e-13,9.280335148132422e-14,9.772947525695656e-15,0,1
3370,6.715426014761485e-13,7.291325607677004e-13,-5.758995929155193e-14,1,0
3371,2.0086865479483172e-13,1.9706328485571346e-13,3.805369939118264e-15,0,1
3372,5.027817343590122e-13,4.4971770654631616e-13,5.306402781269608e-14,0,1
3373,3.920039382333924e-12,3.959194590106393e-12,-3.9155207772468595e-14,1,0
3374,2.9387424845502233e-12,2.9778266939518934e-12,-3.908420940167009e-14,1,0
3375,2.5224589048456767e-13,3.13088540087935e-13,-6.084264960336734e-14,1,0
3376,3.5518947375755134e-12,3.610499966719663e-12,-5.860522914414979e-14,1,0
3377,5.992796100719892e-13,6.343171419516409e-13,-3.503753187965177e-14,1,0
3378,9.565093041833013e-13,9.2673541841465e-13,2.977388576865121e-14,0,1
3379,1.0010943929477395e-12,1.0446645245099216e-12,-4.3570131562182184e-14,1,0
3380,3.5295129271078005e-13,3.6833329377531154e-13,-1.538200106453149e-14,1,0
3381,1.51229677617907e-13,1.1424845095452077e-13,3.6981226663386233e-14,0,1
3382,5.430042345856522e-12,5.376875479762113e-12,5.3166866094408814e-14,0,1
3383,4.626617476063017e-13,5.011494439074959e-13,-3.8487696301194194e-14,1,0
3384,2.5463388623084293e-12,2.490746758405456e-12,5.559210390297313e-14,0,1
3385,1.0385876035157817e-12,1.0390589870692441e-12,-4.713835534624197e-16,1,0
3386,3.639937582976841e-12,3.6180304206721175e-12,2.1907162304723814e-14,0,1
3387,2.7342262707772575e-12,2.773242694261918e-12,-3.9016423484660376e-14,1,0
3388,3.158213242302282e-12,3.218471060274537e-12,-6.025781797225528e-14,1,0
3389,3.2186105360169575e-13,2.7864220976490547e-13,4.321884383679028e-14,0,1
3390,2.73685611698549e-13,3.202581333135603e-13,-4.65725216150113e-14,1,0
3391,4.37606001098672e-13,4.332297034993057e-13,4.376297599366324e-15,0,1
3392,7.346596210127253e-13,6.965196288170539e-13,3.813999219567136e-14,0,1
3393,2.8043937798776075e-12,2.788694252722582e-12,1.569952715502537e-14,0,1
3394,2.9889157259246473e-13,2.6815243049545443e-13,3.0739142097010296e-14,0,1
3395,2.3065494807850423e-13,2.3950167424470453e-13,-8.846726166200299e-15,1,0
3396,3.7759698055934266e-13,3.375589476129179e-13,4.0038032946424776e-14,0,1
3397,1.6488734314048934e-12,1.6603382026882584e-12,-1.1464771283364986e-14,1,0
3398,3.5339989760913327e-13,3.2323161191569535e-13,3.016828569343793e-14,0,1
3399,5.608539819693644e-13,5.162245858864902e-13,4.462939608287413e-14,0,1
3400,5.017965418970183e-13,4.5071715217608656e-13,5.10793897209317e-14,0,1
3401,4.936619419459724e-13,5.322974761851013e-13,-3.863553423912889e-14,1,0
3402,2.522458882710583e-13,2.797049701134147e-13,-2.7459081842356377e-14,1,0
3403,1.2788027990274904e-12,1.2692362005411023e-12,9.566598486388105e-15,0,1
3404,2.916904904846557e-13,2.5202305124804925e-13,3.966743923660643e-14,0,1
3405,5.541532893884536e-13,5.461078284329611e-13,8.045460955492497e-15,0,1
3406,2.104299283436848e-13,1.5649535696569784e-13,5.393457137798695e-14,0,1
3407,8.532273581615526e-12,8.486777387773466e-12,4.5496193842059166e-14,0,1
3408,1.8904189621053316e-12,1.883458506841571e-12,6.960455263760657e-15,0,1
3409,1.1346107737697986e-12,1.0797070406005883e-12,5.490373316921031e-14,0,1
3410,2.653980372037508e-13,2.1885289850912726e-13,4.6545138694623524e-14,0,1
3411,2.8160598842057236e-13,2.846306065224377e-13,-3.024618101865329e-15,1,0
3412,3.902017100240489e-13,4.141312611583056e-13,-2.3929551134256696e-14,1,0
3413,8.326170834769648e-13,7.929804493600533e-13,3.9636634116911467e-14,0,1
3414,4.070455380802208e-13,4.1723415930285243e-13,-1.0188621222631612e-14,1,0
3415,5.559377156286579e-13,5.636135053987574e-13,-7.675789770099464e-15,1,0
3416,5.129692138850543e-13,5.595286389866296e-13,-4.655942510157532e-14,1,0
3417,4.1356514122037455e-13,3.900396275959495e-13,2.3525513624425054e-14,0,1
3418,4.345426878994953e-13,4.3134613255143946e-13,3.1965553480558287e-15,0,1
3419,4.201666359769622e-12,4.226582400886473e-12,-2.4916041116850453e-14,1,0
3420,1.8801808529987632e-13,1.7626061884031526e-13,1.1757466459561062e-14,0,1
3421,5.052140654723883e-13,4.741229000332989e-13,3.109116543908933e-14,0,1
3422,1.1718603702952342e-12,1.1653588162395688e-12,6.5015540556654414e-15,0,1
3423,1.473161028488685e-12,1.5221780195570766e-12,-4.9016991068391534e-14,1,0
3424,5.559654297660999e-13,5.794263624652406e-13,-2.346093269914078e-14,1,0
3425,6.411813097713073e-13,5.956027774380511e-13,4.5578532333256176e-14,0,1
3426,2.493541133968236e-12,2.5432191034322325e-12,-4.96779694639963e-14,1,0
3427,1.3912604959322785e-13,1.1659794435859635e-13,2.2528105234631505e-14,0,1
3428,3.614789112457536e-13,3.321909409166535e-13,2.9287970329100066e-14,0,1
3429,2.1858052742518987e-13,2.0831984352321766e-13,1.0260683901972208e-14,0,1
3430,2.489245439493744e-13,2.8677384296954545e-13,-3.7849299020171026e-14,1,0
3431,4.4418880930504035e-13,4.063153400293333e-13,3.787346927570706e-14,0,1
3432,1.3620594280113183e-12,1.422835898675551e-12,-6.077647066423271e-14,1,0
3433,2.821818297532124e-10,2.372983888171028e-10,4.488344093610962e-11,0,1
3434,9.802022730674372e-13,9.543475778987281e-13,2.585469516870908e-14,0,1
3435,7.470552079993634e-13,7.667750947486353e-13,-1.9719886749271875e-14,1,0
3436,1.1551001116192872e-13,1.2042768254191902e-13,-4.917671379990299e-15,1,0
3437,7.166207448946571e-13,7.082476216842496e-13,8.373123210407448e-15,0,1
3438,3.574125680663209e-13,3.890876313735417e-13,-3.167506330722079e-14,1,0
3439,9.032153979140586e-13,9.397374660161801e-13,-3.65220681021215e-14,1,0
3440,4.598517618686458e-13,5.114631477160578e-13,-5.1611385847411995e-14,1,0
3441,4.801382392736309e-13,5.347195173187405e-13,-5.4581278045109606e-14,1,0
3442,1.2520178981560845e-12,1.2563858684956075e-12,-4.3679703395230174e-15,1,0
3443,1.52109554619604e-13,1.9998077464579953e-13,-4.787122002619552e-14,1,0
3444,6.927110305288232e-13,7.533959020341751e-13,-6.068487150535193e-14,1,0
3445,1.8130690477524218e-11,1.8380677011015754e-11,-2.499865334915359e-13,1,0
3446,1.2509167555270635e-13,1.314860906459535e-13,-6.394415093247151e-15,1,0
3447,9.092009802692523e-12,9.036909200399122e-12,5.5100602293400234e-14,0,1
3448,6.115983240365472e-13,5.729264632043585e-13,3.867186083218875e-14,0,1
3449,9.38807940738933e-13,9.317567911141236e-13,7.0511496248094864e-15,0,1
3450,2.17368433153651e-12,2.23794435523091e-12,-6.42600236944e-14,1,0
3451,1.4937156622387213e-12,1.4758407022160802e-12,1.787496002264116e-14,0,1
3452,6.478814251566584e-13,6.324359193657765e-13,1.5445505790881873e-14,0,1
3453,6.870437834363318e-13,6.520268147114178e-13,3.5016968724914025e-14,0,1
3454,5.543631123587558e-13,5.361074064896508e-13,1.8255705869105048e-14,0,1
3455,4.6103033491100035e-12,4.6219829947253634e-12,-1.1679645615359937e-14,1,0
3456,3.2561355665941305e-13,3.9026866952384857e-13,-6.465511286443552e-14,1,0
3457,1.2753643931407407e-12,1.2154452972893246e-12,5.991909585141609e-14,0,1
3458,1.333332609037803e-13,1.7440250974182025e-13,-4.106924883803994e-14,1,0
3459,6.0281833653481115e-12,5.967057545154524e-12,6.112582019358766e-14,0,1
3460,2.832608085909651e-12,2.8550501235821334e-12,-2.2442037672482524e-14,1,0
3461,6.473334401669408e-13,6.777931212955613e-13,-3.0459681128620506e-14,1,0
3462,1.5737716494123787e-12,1.5763482867096431e-12,-2.5766372972644667e-15,1,0
3463,1.76149874673874e-13,1.7299733281530263e-13,3.152541858571377e-15,0,1
3464,9.225409327892488e-13,9.36666929004668e-13,-1.4125996215419259e-14,1,0
3465,3.1533697636673907e-13,3.4672079055336766e-13,-3.138381418662858e-14,1,0
3466,3.0627169409673755e-12,3.0431255404371524e-12,1.9591400530223096e-14,0,1
3467,2.3323288576720717e-12,2.362377908875322e-12,-3.0049051203250236e-14,1,0
3468,7.4475713073252e-13,7.287401083461409e-13,1.6017022386379033e-14,0,1
3469,4.0932551442001855e-13,4.611206619541351e-13,-5.1795147534116603e-14,1,0
3470,7.261484046690727e-13,7.633540091763179e-13,-3.7205604507245144e-14,1,0
3471,6.872363533597598e-14,9.297965508913022e-14,-2.425601975315424e-14,1,0
3472,1.836982135580098e-13,2.408064320645502e-13,-5.710821850654039e-14,1,0
3473,8.837288083987773e-13,8.916755469769916e-13,-7.946738578214294e-15,1,0
3474,3.3819542581251986e-13,3.8257083894516383e-13,-4.4375413132643965e-14,1,0
3475,4.2558743798241155e-12,4.212592805031944e-12,4.328157479217157e-14,0,1
3476,2.126202662520366e-12,2.1058197419786792e-12,2.0382920541686766e-14,0,1
3477,3.826613148954743e-13,3.509278459280379e-13,3.173346896743641e-14,0,1
3478,1.2555737678326016e-12,1.2359045727499888e-12,1.96691950826128e-14,0,1
3479,1.2383877947882755e-12,1.2802454392723747e-12,-4.1857644484099204e-14,1,0
3480,1.2574307133101465e-12,1.239429011933138e-12,1.800170137700843e-14,0,1
3481,1.4989846163216427e-13,1.8667666781659654e-13,-3.6778206184432275e-14,1,0
3482,9.166086188381911e-13,9.65713136118825e-13,-4.910451728063385e-14,1,0
3483,5.320229588671249e-13,5.451644422048163e-13,-1.314148333769141e-14,1,0
3484,2.020568374795556e-12,2.06511291249956e-12,-4.454453770400415e-14,1,0
3485,3.9315222954763905e-13,3.804359194336904e-13,1.2716310113948664e-14,0,1
3486,5.614179635206612e-13,5.788443559357204e-13,-1.742639241505923e-14,1,0
3487,6.5844000615989205e-12,6.542968344531895e-12,4.143171706702525e-14,0,1
3488,4.372492773007909e-13,4.2717423660597963e-13,1.0075040694811295e-14,0,1
3489,8.778427607583891e-13,8.938553170671007e-13,-1.6012556308711558e-14,1,0
3490,4.626171825277337e-13,4.88231946810462e-13,-2.5614764282728258e-14,1,0
3491,1.5582975542194181e-12,1.5064189028950414e-12,5.187865132437675e-14,0,1
3492,1.7113747610925208e-12,1.6648130869423452e-12,4.6561674150175634e-14,0,1
3493,9.797135343993554e-13,9.716227391391357e-13,8.090795260219624e-15,0,1
3494,2.0771188154824656e-12,2.0183577852232874e-12,5.876103025917822e-14,0,1
3495,1.009744326299056e-12,1.0208657761144327e-12,-1.1121449815376646e-14,1,0
3496,2.3314503118342027e-13,2.7153990084402423e-13,-3.839486966060396e-14,1,0
3497,1.8400160033985495e-13,2.280297505790999e-13,-4.4028150239244935e-14,1,0
3498,1.593958399480706e-12,1.5588542859185349e-12,3.5104113562171066e-14,0,1
3499,1.140124967009807e-12,1.1530344121099766e-12,-1.2909445100169669e-14,1,0
3500,4.1706662369382873e-13,4.1621727241594745e-13,8.493512778812782e-16,0,1
3501,6.206630385431496e-13,6.734849960086533e-13,-5.282195746550373e-14,1,0
3502,1.7758044487288058e-13,2.113038254580729e-13,-3.372338058519232e-14,1,0
3503,2.4998035131118632e-11,1.5054993193402872e-11,9.94304193771576e-12,0,1
3504,2.6449863888402206e-13,2.5118512092126643e-13,1.3313517962755623e-14,0,1
3505,5.870457592688555e-13,6.363131528459634e-13,-4.9267393577107904e-14,1,0
3506,7.957704166206112e-13,8.201880841171714e-13,-2.441766749656023e-14,1,0
3507,4.253341574048958e-12,4.286555743250425e-12,-3.3214169201467545e-14,1,0
3508,4.837480594330306e-13,5.097614500114079e-13,-2.6013390578377332e-14,1,0
3509,2.19767443891215e-12,2.249929268781266e-12,-5.225482986911614e-14,1,0
3510,6.531571497413113e-13,5.990467404090519e-13,5.411040933225933e-14,0,1
3511,2.2635501984029774e-13,2.5331306126039443e-13,-2.695804142009669e-14,1,0
3512,9.981590292977561e-13,9.840716399934869e-13,1.4087389304269233e-14,0,1
3513,1.786842161409107e-13,2.489702499142735e-13,-7.02860337733628e-14,1,0
3514,1.2420367240041467e-13,1.6776197216978415e-13,-4.355829976936948e-14,1,0
3515,1.7769132718711838e-13,1.762002727774034e-13,1.4910544097149684e-15,0,1
3516,2.841520935932956e-13,2.8489460454575913e-13,-7.425109524635078e-16,1,0
3517,1.382583533083376e-11,1.3336592635868102e-11,4.89242694965658e-13,0,1
3518,3.458154013061594e-12,3.4534952723761317e-12,4.65874068546222e-15,0,1
3519,4.759961695789705e-13,4.579013848976981e-13,1.809478468127242e-14,0,1
3520,1.6730854196324818e-12,1.7299916842731555e-12,-5.690626464067362e-14,1,0
3521,9.688886022120273e-13,9.821033497810239e-13,-1.3214747568996572e-14,1,0
3522,1.927281125091183e-13,2.1392203205982491e-13,-2.1193919550706616e-14,1,0
3523,1.4319549145980285e-12,1.3897084434457351e-12,4.224647115229338e-14,0,1
3524,2.2053874920026957e-13,2.6889315855832826e-13,-4.835440935805869e-14,1,0
3525,2.8068968474973777e-13,2.4220695238285167e-13,3.84827323668861e-14,0,1
3526,1.261242209043963e-13,1.7560199079863015e-13,-4.947776989423384e-14,1,0
3527,3.640594692033348e-13,3.6302316398546927e-13,1.0363052178655512e-15,0,1
3528,6.094160502146264e-13,6.016886295518738e-13,7.72742066275261e-15,0,1
3529,2.116284487980381e-12,2.1451743216302515e-12,-2.888983364987067e-14,1,0
3530,9.382004842339978e-12,8.756058962149195e-12,6.259458801907831e-13,0,1
3531,3.488704976655533e-13,4.1415259202372696e-13,-6.528209435817364e-14,1,0
3532,4.917254794342301e-13,5.297564539311817e-13,-3.8030974496951653e-14,1,0
3533,5.14204353731676e-13,5.048696126428269e-13,9.334741088849134e-15,0,1
3534,1.1516866820525478e-12,1.1909522378521117e-12,-3.926555579956396e-14,1,0
3535,7.44618169736949e-12,7.402253978862938e-12,4.392771850655191e-14,0,1
3536,1.9577580503801267e-12,2.006737339182742e-12,-4.897928880261524e-14,1,0
3537,1.6026143612826008e-13,1.6957729117790463e-13,-9.315855049644544e-15,1,0
3538,4.709929204775014e-13,4.694220455109466e-13,1.5708749665548852e-15,0,1
3539,1.2563048969230503e-12,1.316033340935148e-12,-5.972844401209761e-14,1,0
3540,1.4333767740484622e-12,1.3758981749760336e-12,5.74785990724287e-14,0,1
3541,3.5317740537381664e-13,3.3864101152689874e-13,1.4536393846917906e-14,0,1
3542,6.57226238463289e-13,6.615662954075533e-13,-4.340056944264231e-15,1,0
3543,4.182666195278936e-13,3.9094745784476253e-13,2.7319161683131074e-14,0,1
3544,5.068317363931765e-13,4.558926636429878e-13,5.0939072750188645e-14,0,1
3545,5.2286757141125275e-12,5.230443669363581e-12,-1.767955251053529e-15,1,0
3546,3.676821135857471e-13,3.135224934852583e-13,5.41596201004888e-14,0,1
3547,9.176005883681283e-12,9.151131600405328e-12,2.4874283275955476e-14,0,1
3548,3.5475338877868245e-13,3.6014085600094963e-13,-5.387467222267175e-15,1,0
3549,6.859979353597111e-13,7.383173474699232e-13,-5.2319412110212126e-14,1,0
3550,2.5803000940777417e-13,2.3240799223246716e-13,2.562201717530701e-14,0,1
3551,9.222572433383935e-14,1.4254522505213359e-13,-5.031950071829424e-14,1,0
3552,6.156884174985784e-13,6.066945344920964e-13,8.993883006481947e-15,0,1
3553,1.436164080175784e-12,1.4543214879696975e-12,-1.8157407793913542e-14,1,0
3554,1.5934305548111901e-12,1.5738398478612128e-12,1.9590706949977283e-14,0,1
3555,8.942838558954283e-13,8.467699003302029e-13,4.7513955565225445e-14,0,1
3556,1.691946849988971e-13,1.96761117776683e-13,-2.7566432777785893e-14,1,0
3557,1.3635035630521927e-11,1.3637269469140176e-11,-2.233838618248704e-15,1,0
3558,2.986210361934794e-12,2.9408199880886694e-12,4.539037384612453e-14,0,1
3559,1.6905799473594967e-12,1.6722531183642083e-12,1.8326828995288385e-14,0,1
3560,4.764907177385845e-13,4.687240584562523e-13,7.76665928233221e-15,0,1
3561,1.394440832466955e-10,8.942241426283551e-11,5.0021668983859987e-11,0,1
3562,3.310171233100818e-13,2.7715960112764475e-13,5.385752218243706e-14,0,1
3563,9.652169220111715e-13,9.186894929894419e-13,4.6527429021729654e-14,0,1
3564,1.2168599049090147e-12,1.2711032138784605e-12,-5.42433089694458e-14,1,0
3565,5.004726454230892e-13,4.989581666494415e-13,1.5144787736477539e-15,0,1
3566,1.5771397019675978e-12,1.5498879059515883e-12,2.7251796016009524e-14,0,1
3567,1.1020689639335515e-13,9.110395058788666e-14,1.9102945805468493e-14,0,1
3568,2.6898473082425163e-13,3.210759655190277e-13,-5.209123469477608e-14,1,0
3569,2.1491424632326686e-13,2.8073637311814e-13,-6.582212679487316e-14,1,0
3570,5.064061425321349e-13,4.654282271052193e-13,4.097791542691559e-14,0,1
3571,1.1919361319311948e-13,1.3008506690771167e-13,-1.089145371459219e-14,1,0
3572,1.674689287515876e-11,1.6698875993111206e-11,4.8016882047555236e-14,0,1
3573,2.6336359261502005e-13,2.5238400724457833e-13,1.0979585370441723e-14,0,1
3574,2.384652570254526e-13,2.7577542203491485e-13,-3.7310165009462225e-14,1,0
3575,1.3649931455742219e-12,1.4130849480877954e-12,-4.809180251357356e-14,1,0
3576,2.3365263882193855e-13,2.522192341079565e-13,-1.8566595286017946e-14,1,0
3577,1.4172854634996002e-12,1.4759156446010402e-12,-5.863018110143992e-14,1,0
3578,8.82281125039788e-14,1.2802489967408523e-13,-3.979678717010643e-14,1,0
3579,5.661453418924083e-12,5.633460103930425e-12,2.7993314993657993e-14,0,1
3580,1.0338301252987785e-12,1.074574548483918e-12,-4.07444231851395e-14,1,0
3581,2.0456044539343903e-12,2.015555342397642e-12,3.004911153674833e-14,0,1
3582,4.886315707301192e-13,4.945294383272438e-13,-5.897867597124581e-15,1,0
3583,2.1705703189641506e-12,2.2278399063379143e-12,-5.726958737376366e-14,1,0
3584,3.516087667019019e-13,3.253378051790622e-13,2.6270961522839737e-14,0,1
3585,9.44589601906445e-13,9.36400105887359e-13,8.189496019085969e-15,0,1
3586,2.1145767702146473e-12,2.0994201180859463e-12,1.5156652128701034e-14,0,1
3587,2.1030626900645936e-12,2.1410519489618734e-12,-3.798925889727977e-14,1,0
3588,3.348950279845585e-13,3.5924897837938543e-13,-2.4353950394826928e-14,1,0
3589,2.7939907168147157e-12,2.7485473400383638e-12,4.5443376776351974e-14,0,1
3590,1.0418618572250541e-12,1.0024073630357463e-12,3.9454494189307795e-14,0,1
3591,5.9799226726571755e-12,6.030192562646988e-12,-5.0269889989812313e-14,1,0
3592,7.472964750699799e-13,7.024038869800246e-13,4.489258808995527e-14,0,1
3593,1.5326098118392505e-12,1.5637639589259881e-12,-3.115414708673763e-14,1,0
3594,3.0673422714385378e-12,3.0194074419597056e-12,4.793482947883217e-14,0,1
3595,3.5344836943112754e-13,3.695539218746376e-13,-1.6105552443510083e-14,1,0
3596,2.0810283675270957e-11,1.9084596603912035e-11,1.7256870713589214e-12,0,1
3597,7.559187665484998e-13,7.434850680948967e-13,1.2433698453603105e-14,0,1
3598,7.349868425061497e-13,7.819539539656305e-13,-4.69671114594807e-14,1,0
3599,1.4587120460906755e-12,1.4178042135250921e-12,4.090783256558334e-14,0,1
3600,1.8117451457547421e-12,1.8628841706791056e-12,-5.1139024924363425e-14,1,0
3601,5.101080625518881e-13,4.969219671576719e-13,1.3186095394216281e-14,0,1
3602,4.279087082840962e-13,3.667278671874493e-13,6.118084109664691e-14,0,1
3603,1.9154407092322474e-13,1.405849854115345e-13,5.0959085511690245e-14,0,1
3604,3.980057128450992e-13,3.485338876041807e-13,4.947182524091851e-14,0,1
3605,3.068686480325793e-13,3.7223399074415157e-13,-6.536534271157227e-14,1,0
3606,1.3083824289291032e-12,1.2914686967332459e-12,1.691373219585731e-14,0,1
3607,6.377828380173757e-13,6.615326534261313e-13,-2.374981540875565e-14,1,0
3608,1.3839384335016201e-12,1.3289813566567998e-12,5.4957076844820296e-14,0,1
3609,1.3866135108204002e-12,1.4103458157734879e-12,-2.373230495308769e-14,1,0
3610,3.596906241481106e-13,3.689893633645425e-13,-9.29873921643188e-15,1,0
3611,4.291409786407548e-13,3.9933485078647286e-13,2.980612785428196e-14,0,1
3612,2.6236621436474526e-12,2.5821925120527814e-12,4.146963159467119e-14,0,1
3613,1.5784865517289418e-13,2.0965463804270232e-13,-5.1805982869808144e-14,1,0
3614,9.429871068120544e-13,9.052897734511179e-13,3.7697333360936555e-14,0,1
3615,4.96091232682718e-13,5.170900840819555e-13,-2.0998851399237554e-14,1,0
3616,1.6482602015929392e-12,1.6512845183926158e-12,-3.0243167996765307e-15,1,0
3617,3.938640557313903e-13,4.3948628923738863e-13,-4.562223350599834e-14,1,0
3618,6.293493339993046e-13,5.792982936782436e-13,5.0051040321060975e-14,0,1
3619,3.085573447646242e-13,2.892089128582321e-13,1.9348431906392117e-14,0,1
3620,1.9767705005310105e-13,1.9399261571943805e-13,3.6844343336630076e-15,0,1
3621,3.2870545936200897e-12,3.2714083321835268e-12,1.5646261436562894e-14,0,1
3622,2.871467960462019e-13,3.4607454440736065e-13,-5.892774836115876e-14,1,0
3623,3.923918249956283e-13,4.145273248014014e-13,-2.2135499805773077e-14,1,0
3624,1.8239393673554758e-13,2.0515625552992973e-13,-2.2762318794382144e-14,1,0
3625,6.191582628352633e-13,5.752220199801694e-13,4.393624285509384e-14,0,1
3626,2.290561331955591e-12,2.2449654830573338e-12,4.5595848898257377e-14,0,1
3627,5.326556275801072e-12,5.2674743086450415e-12,5.908196715603055e-14,0,1
3628,2.988321771485519e-13,2.661549508319246e-13,3.267722631662731e-14,0,1
3629,1.0185298359242313e-11,1.0159175589094222e-11,2.612277014809041e-14,0,1
3630,5.270017028746939e-13,5.175435022944825e-13,9.458200580211374e-15,0,1
3631,5.657951640373896e-13,5.997702548317997e-13,-3.397509079441008e-14,1,0
3632,4.713139094314891e-13,5.307186030287734e-13,-5.940469359728432e-14,1,0
3633,1.503498496440463e-13,1.0040808182780467e-13,4.994176781624163e-14,0,1
3634,8.135337536271993e-13,8.699312276493136e-13,-5.639747402211429e-14,1,0
3635,2.3245712130863337e-12,2.2867286329474595e-12,3.7842580138874137e-14,0,1
3636,8.776091513957263e-13,8.813896150212287e-13,-3.780463625502386e-15,1,0
3637,1.4481795996894243e-13,1.758351668952149e-13,-3.101720692627246e-14,1,0
3638,2.771172514746165e-13,3.0838646908186325e-13,-3.126921760724673e-14,1,0
3639,5.9462329215939395e-12,5.901543195537788e-12,4.468972605615144e-14,0,1
3640,2.719642773687555e-13,2.3737541852505203e-13,3.458885884370347e-14,0,1
3641,6.676051831615636e-13,6.167502940168271e-13,5.085488914473649e-14,0,1
3642,2.04286851597642e-13,2.1909450808458457e-13,-1.4807656486942564e-14,1,0
3643,2.8297972035273076e-13,3.3818436943865116e-13,-5.5204649085920404e-14,1,0
3644,7.293427076073898e-13,6.785393204420711e-13,5.080338716531869e-14,0,1
3645,4.60748555151157e-13,4.591158954059463e-13,1.6326597452106653e-15,0,1
3646,1.007090542950204e-12,9.67844392782971e-13,3.9246150167232916e-14,0,1
3647,2.6688320435787734e-12,2.7065341482401047e-12,-3.770210466133131e-14,1,0
3648,9.126813528469968e-13,9.356510930222678e-13,-2.2969740175271033e-14,1,0
3649,1.7425747747236108e-13,2.1746299830868641e-13,-4.320552083632534e-14,1,0
3650,5.344570835352078e-13,5.684977583243138e-13,-3.404067478910601e-14,1,0
3651,3.112077082183136e-11,2.1743178496957045e-11,9.377592324874317e-12,0,1
3652,9.406436560285766e-12,9.36850333833747e-12,3.7933221948295516e-14,0,1
3653,4.037688018217244e-13,3.509634352484424e-13,5.2805366573282e-14,0,1
3654,1.143296785619589e-13,1.4643181680881693e-13,-3.210213824685802e-14,1,0
3655,2.1401378140068695e-13,2.592338427141772e-13,-4.522006131349026e-14,1,0
3656,6.216889455392709e-13,6.04762588179106e-13,1.6926357360164862e-14,0,1
3657,2.5071707920858166e-13,2.9369665717040306e-13,-4.29795779618214e-14,1,0
3658,4.855543673406534e-12,4.9128728423958416e-12,-5.732916898930788e-14,1,0
3659,9.482268077159935e-13,9.90149858181115e-13,-4.192305046512151e-14,1,0
3660,1.4386142322079203e-12,1.4570701279546718e-12,-1.8455895746751553e-14,1,0
3661,2.225919954633241e-13,2.1582641867661425e-13,6.765576786709846e-15,0,1
3662,2.1570148214202498e-13,2.447142864173359e-13,-2.9012804275310936e-14,1,0
3663,7.585993489783262e-13,7.106612523054498e-13,4.7938096672876325e-14,0,1
3664,3.361205433604158e-13,3.1890455857449277e-13,1.7215984785923028e-14,0,1
3665,3.1294230437994814e-13,3.117655055418636e-13,1.1767988380845478e-15,0,1
3666,2.0003310172102863e-12,1.9796733366817303e-12,2.065768052855604e-14,0,1
3667,9.084111185752613e-13,9.312085812341782e-13,-2.2797462658916838e-14,1,0
3668,3.612387492350756e-13,3.2203758419526985e-13,3.9201165039805755e-14,0,1
3669,7.115881212217832e-13,7.387235546777181e-13,-2.7135433455934902e-14,1,0
3670,5.464634939777324e-12,5.393836379528303e-12,7.079856024902066e-14,0,1
3671,2.0350287625621635e-12,2.0605057924942726e-12,-2.5477029932109142e-14,1,0
3672,1.479094937349839e-12,1.4369095957277187e-12,4.2185341622120266e-14,0,1
3673,3.8069431360379653e-13,3.5553028982827827e-13,2.5164023775518256e-14,0,1
3674,3.0709753383187735e-12,3.078680978523049e-12,-7.705640204275647e-15,1,0
3675,1.3482050528012648e-13,1.46919972797143e-13,-1.209946751701653e-14,1,0
3676,2.3724869319274486e-12,2.337338725221112e-12,3.51482067063366e-14,0,1
3677,4.984091922985265e-13,4.850851523846173e-13,1.3324039913909115e-14,0,1
3678,2.2798314301156823e-13,2.1674545292062713e-13,1.1237690090941107e-14,0,1
3679,5.003034096503968e-12,5.054208168078765e-12,-5.117407157479695e-14,1,0
3680,3.8254128735240717e-13,4.39719947355743e-13,-5.717866000333581e-14,1,0
3681,4.5522684137849445e-12,4.499223233435162e-12,5.304518034978264e-14,0,1
3682,3.197945484155465e-13,2.6913799102355646e-13,5.0656557391990023e-14,0,1
3683,6.742230702129308e-13,6.957476364899182e-13,-2.1524566276987357e-14,1,0
3684,1.9604858276407764e-12,1.9099346602743336e-12,5.0551167366442773e-14,0,1
3685,1.782151449722046e-13,1.719548188613046e-13,6.260326110900005e-15,0,1
3686,1.8826484065179614e-13,2.1916186263698842e-13,-3.089702198519228e-14,1,0
3687,2.3665391131884055e-13,2.2886549890549625e-13,7.788412413344301e-15,0,1
3688,1.7045035538181975e-12,1.7412846586358432e-12,-3.6781104817645694e-14,1,0
3689,6.253940193072984e-12,6.237254563761151e-12,1.6685629311833132e-14,0,1
3690,7.760155227027862e-12,7.797095215216054e-12,-3.693998818819209e-14,1,0
3691,4.728842808055339e-13,5.222932591948498e-13,-4.9408978389315916e-14,1,0
3692,6.647565030268171e-13,7.190766969404885e-13,-5.432019391367142e-14,1,0
3693,1.2959716352698448e-12,1.3411323718492752e-12,-4.5160736579430376e-14,1,0
3694,7.055168545328234e-13,6.545986857622176e-13,5.0918168770605806e-14,0,1
3695,4.703516312055928e-12,4.7270483089363035e-12,-2.353199688037591e-14,1,0
3696,3.2254356784257246e-13,2.8317690883997075e-13,3.9366659002601716e-14,0,1
3697,1.5929251462379696e-12,1.5739963757726558e-12,1.892877046531379e-14,0,1
3698,8.364092851843494e-13,7.961932957308014e-13,4.021598945354808e-14,0,1
3699,8.772606130466685e-13,9.097431163130505e-13,-3.248250326638196e-14,1,0
3700,4.4683133914859317e-13,4.794022326535876e-13,-3.2570893504994437e-14,1,0
3701,6.861214525454107e-13,7.439306367313893e-13,-5.78091841859786e-14,1,0
3702,4.979866477929396e-13,5.570762231202127e-13,-5.908957532727308e-14,1,0
3703,5.068201017525054e-13,4.779894499994007e-13,2.883065175310476e-14,0,1
3704,6.62483510973588e-13,6.324802565949951e-13,3.000325437859286e-14,0,1
3705,9.5972455846984e-12,9.576014351552405e-12,2.1231233145994905e-14,0,1
3706,1.890972440786808e-13,2.2679193057680339e-13,-3.769468649812259e-14,1,0
3707,7.901550073413875e-11,5.94239911200582e-11,1.959150961408054e-11,0,1
3708,4.210542958138338e-12,4.162993492244206e-12,4.75494658941315e-14,0,1
3709,4.309829116767125e-13,3.898406836858621e-13,4.114222799085042e-14,0,1
3710,5.575971413703737e-13,5.166133454358563e-13,4.098379593451742e-14,0,1
3711,3.158736640488713e-13,3.2741477187451294e-13,-1.1541107825641643e-14,1,0
3712,2.4991488259709087e-13,2.0461021170599996e-13,4.5304670891090916e-14,0,1
3713,7.259987582433591e-13,6.956712228848065e-13,3.032753535855261e-14,0,1
3714,2.2614124500385338e-13,1.8920506091947104e-13,3.693618408438234e-14,0,1
3715,6.217955735791431e-13,6.020888676022079e-13,1.970670597693522e-14,0,1
3716,1.019164200189956e-13,1.457116107411059e-13,-4.3795190722110305e-14,1,0
3717,3.6775346505794806e-13,3.985329206514119e-13,-3.0779455593463845e-14,1,0
3718,1.663736387837858e-13,2.1595713099861182e-13,-4.9583492214826014e-14,1,0
3719,1.7963643046649215e-12,1.802233174975873e-12,-5.868870310951418e-15,1,0
3720,2.6147323929623375e-13,3.0931255543178093e-13,-4.783931613554718e-14,1,0
3721,1.857964567469104e-12,1.8172255001785233e-12,4.073906729058052e-14,0,1
3722,9.585978472239618e-13,9.00484133999152e-13,5.811371322480981e-14,0,1
3723,1.2203045826602848e-13,1.7724277535579613e-13,-5.5212317089767655e-14,1,0
3724,6.729924102139038e-13,7.363460382052217e-13,-6.335362799131784e-14,1,0
3725,3.674245005768779e-13,4.1804059060906233e-13,-5.061609003218444e-14,1,0
3726,3.646208855154508e-13,3.157584402724889e-13,4.88624452429619e-14,0,1
3727,5.182634785209169e-13,4.92963376080915e-13,2.5300102440001922e-14,0,1
3728,2.498765774198406e-13,3.1181648605362065e-13,-6.193990863378007e-14,1,0
3729,3.359914982497909e-13,2.734166984918342e-13,6.257479975795672e-14,0,1
3730,6.112658870962092e-11,3.4298003364826844e-11,2.682858534479408e-11,0,1
3731,8.585641440589116e-13,8.885183811577284e-13,-2.995423709881681e-14,1,0
3732,3.176375514434194e-12,3.1560292602915552e-12,2.0346254142638713e-14,0,1
3733,4.3379862411810914e-13,4.0284918886672717e-13,3.0949435251381967e-14,0,1
3734,5.745392774580178e-13,5.190923389880322e-13,5.544693846998557e-14,0,1
3735,9.609096384261087e-14,1.3393945897965386e-13,-3.7848495137042996e-14,1,0
3736,3.860361898985053e-13,4.271686704225928e-13,-4.1132480524087485e-14,1,0
3737,6.330457898114789e-13,6.784855061407346e-13,-4.543971632925573e-14,1,0
3738,4.3890958619889486e-12,4.406811356686023e-12,-1.7715494697074215e-14,1,0
3739,9.522255282456755e-13,9.15320368836447e-13,3.690515940922846e-14,0,1
3740,3.422151820864077e-12,3.359697886919942e-12,6.245393394413498e-14,0,1
3741,2.104521273530212e-12,2.0755988795149048e-12,2.8922394015307085e-14,0,1
3742,2.6989679086365025e-13,3.113759451079016e-13,-4.147915424425136e-14,1,0
3743,2.8959420887894007e-13,2.428161623319077e-13,4.677804654703239e-14,0,1
3744,6.027145274155718e-13,6.321035035608065e-13,-2.938897614523464e-14,1,0
3745,1.7417217318815265e-13,2.0334441073278185e-13,-2.91722375446292e-14,1,0
3746,2.302581078156679e-13,2.425085016993748e-13,-1.2250393883706898e-14,1,0
3747,4.032606468883852e-13,4.447048627042687e-13,-4.144421581588352e-14,1,0
3748,9.790985080008981e-12,9.73729520838891e-12,5.368987162007123e-14,0,1
3749,1.3089642668717632e-12,1.3681075510630934e-12,-5.914328419133023e-14,1,0
3750,1.3020158391408494e-12,1.250646364866739e-12,5.136947427411035e-14,0,1
3751,1.7240132876608478e-13,2.1972075171413608e-13,-4.7319422948051304e-14,1,0
3752,3.0337591380587113e-13,3.0193269091933427e-13,1.4432228865368597e-15,0,1
3753,4.988139420045779e-12,4.979504166378152e-12,8.63525366762749e-15,0,1
3754,1.716731408641745e-13,2.1737879849546183e-13,-4.570565763128732e-14,1,0
3755,4.860329857458187e-13,4.751190493222199e-13,1.0913936423598868e-14,0,1
3756,1.7805339494825273e-13,1.5422759672821395e-13,2.3825798220038774e-14,0,1
3757,5.157444001604704e-13,4.597765984766385e-13,5.596780168383191e-14,0,1
3758,2.1439511836289794e-13,2.061809858091007e-13,8.214132553797229e-15,0,1
3759,1.2016732037216678e-12,1.2095170265462104e-12,-7.843822824542536e-15,1,0
3760,2.575234115723675e-13,2.6447721674350804e-13,-6.95380517114056e-15,1,0
3761,1.0017616078747232e-12,9.995286301498794e-13,2.2329777248437896e-15,0,1
3762,3.7346251716657746e-12,3.70784565464145e-12,2.6779517024324677e-14,0,1
3763,6.942879456307699e-13,7.200980582086603e-13,-2.5810112577890417e-14,1,0
3764,3.31242288573576e-13,3.487919290169638e-13,-1.7549640443387817e-14,1,0
3765,4.4827437481921295e-11,4.4886670029684355e-11,-5.923254776306027e-14,1,0
3766,1.5423590522884472e-13,2.1230827015283805e-13,-5.807236492399334e-14,1,0
3767,1.0088312748622803e-12,1.0042922916898831e-12,4.538983172397144e-15,0,1
3768,3.575049700811886e-13,3.608534544354892e-13,-3.3484843543006073e-15,1,0
3769,2.776097403754686e-12,2.8237625485572843e-12,-4.76651448025984e-14,1,0
3770,1.7210793782360505e-12,1.6748191193842959e-12,4.626025885175464e-14,0,1
3771,2.783252717771053e-13,3.0335496212493766e-13,-2.5029690347832364e-14,1,0
3772,4.698028778367738e-13,4.60473260487736e-13,9.329617349037865e-15,0,1
3773,3.597325113619945e-12,3.584887853045717e-12,1.2437260574228144e-14,0,1
3774,5.631082937731505e-13,5.522954004691065e-13,1.0812893304044016e-14,0,1
3775,6.286924313893578e-12,6.270573331186125e-12,1.6350982707453048e-14,0,1
3776,6.310096957332442e-13,6.477450182116144e-13,-1.673532247837021e-14,1,0
3777,9.451593547890983e-13,9.529974546672313e-13,-7.83809987813304e-15,1,0
3778,1.1570946694107174e-11,1.1572312624027206e-11,-1.3659299200324116e-15,1,0
3779,8.766732108774375e-13,8.39976742326267e-13,3.6696468551170516e-14,0,1
3780,9.443050212926481e-14,1.2728499969138587e-13,-3.285449756212106e-14,1,0
3781,1.333353249352035e-12,1.3344106730241056e-12,-1.0574236720705034e-15,1,0
3782,3.988645960652396e-13,3.815733753473798e-13,1.7291220717859816e-14,0,1
3783,2.655164037021326e-13,2.2650269399694349e-13,3.901370970518913e-14,0,1
3784,3.6086233586006185e-13,3.585602820658933e-13,2.302053794168541e-15,0,1
3785,5.111675649535852e-12,5.09218325828625e-12,1.9492391249601756e-14,0,1
3786,2.9959858913374053e-13,3.592567717618736e-13,-5.965818262813306e-14,1,0
3787,6.470048621642457e-12,6.467845565413742e-12,2.203056228715526e-15,0,1
3788,4.279497323951648e-13,3.892268384634752e-13,3.87228939316896e-14,0,1
3789,6.380088746967602e-13,6.802280345918294e-13,-4.2219159895069126e-14,1,0
3790,1.611373184437942e-13,1.8667453367198725e-13,-2.5537215228193037e-14,1,0
3791,1.7735069363024935e-12,1.7218033209168615e-12,5.1703615385632024e-14,0,1
3792,5.286305131187715e-13,5.808537249259365e-13,-5.222321180716494e-14,1,0
3793,3.518736351786185e-12,3.5501924255941625e-12,-3.145607380797751e-14,1,0
3794,6.65292904140869e-13,6.130247937619778e-13,5.226811037889117e-14,0,1
3795,2.0369228845892629e-13,2.1790677002941377e-13,-1.4214481570487487e-14,1,0
3796,1.0559202616206242e-12,1.0223224890877482e-12,3.359777253287597e-14,0,1
3797,3.755910397636641e-13,4.156180967038853e-13,-4.002705694022118e-14,1,0
3798,1.3455295076660703e-12,1.3439987359591863e-12,1.5307717068840585e-15,0,1
3799,9.717016269997165e-13,9.626366147072766e-13,9.065012292439896e-15,0,1
3800,2.5570243999628816e-13,3.2031095637942284e-13,-6.460851638313468e-14,1,0
3801,1.4580486370177277e-12,1.4156883017047427e-12,4.2360335312984974e-14,0,1
3802,1.2706945346542798e-13,1.8068809495458118e-13,-5.36186414891532e-14,1,0
3803,7.355092856130231e-13,6.81926650717086e-13,5.358263489593705e-14,0,1
3804,1.9829578705256333e-12,2.048994006222345e-12,-6.603613569671171e-14,1,0
3805,1.733204478958086e-12,1.8039822302038347e-12,-7.077775124574869e-14,1,0
3806,1.0787563554433892e-13,1.387129889436718e-13,-3.083735339933289e-14,1,0
3807,5.977686160396065e-13,5.688778409841778e-13,2.889077505542871e-14,0,1
3808,1.7052720959517069e-12,1.711952398524008e-12,-6.68030257230118e-15,1,0
3809,2.13007611937831e-12,2.104069934616031e-12,2.600618476227898e-14,0,1
3810,3.616961047746214e-12,3.575935854404148e-12,4.1025193342065996e-14,0,1
3811,3.7241208586664304e-13,3.67023304845482e-13,5.388781021161063e-15,0,1
3812,1.404656064332657e-12,1.4587140160665522e-12,-5.405795173389527e-14,1,0
3813,6.315638240945659e-13,5.692483706333233e-13,6.231545346124254e-14,0,1
3814,2.3400816226259566e-13,1.9096002925390286e-13,4.30481330086928e-14,0,1
3815,5.147960189407903e-12,5.128029078333088e-12,1.9931111074815195e-14,0,1
3816,7.880976679137512e-13,7.401855680125157e-13,4.791209990123547e-14,0,1
3817,1.0604863108845247e-12,1.0416013445397338e-12,1.8884966344790875e-14,0,1
3818,2.2828600796799386e-12,2.2412248316497594e-12,4.163524803017913e-14,0,1
3819,2.2945465117779793e-12,2.2799772217767996e-12,1.4569290001179703e-14,0,1
3820,4.486318339860877e-13,4.852190820820684e-13,-3.658724809598066e-14,1,0
3821,1.1453970054772342e-12,1.1747889426299707e-12,-2.939193715273646e-14,1,0
3822,1.926938850890628e-12,1.874114717164457e-12,5.2824133726171154e-14,0,1
3823,4.09366006358379e-12,4.081537276250438e-12,1.2122787333351931e-14,0,1
3824,4.914788008214723e-11,4.608022230933978e-11,3.0676577728074526e-12,0,1
3825,7.583575366031458e-14,9.609081201090985e-14,-2.025505835059527e-14,1,0
3826,4.420373773805568e-13,4.812159360100822e-13,-3.917855862952545e-14,1,0
3827,2.4900178713678826e-12,2.534371561283124e-12,-4.435368991524139e-14,1,0
3828,2.9132187896951974e-13,3.146108045709396e-13,-2.328892560141986e-14,1,0
3829,4.974573594173625e-13,5.479283405639074e-13,-5.0470981146544916e-14,1,0
3830,2.0733023852167612e-13,1.6257746117876883e-13,4.4752777342907294e-14,0,1
3831,4.683682615567173e-13,4.821751359676743e-13,-1.3806874410956963e-14,1,0
3832,5.598033498178881e-13,5.748837330948385e-13,-1.5080383276950445e-14,1,0
3833,2.6395722770056525e-13,2.811257502109984e-13,-1.716852251043316e-14,1,0
3834,2.3104313864212093e-13,1.99484948085178e-13,3.155819055694292e-14,0,1
3835,3.675207523151473e-12,3.673899813285707e-12,1.3077098657666128e-15,0,1
3836,4.927832372016645e-13,4.494199744696487e-13,4.3363262732015775e-14,0,1
3837,5.061152734475226e-12,5.084612500605379e-12,-2.3459766130153454e-14,1,0
3838,2.5053430809876816e-13,2.508026655683754e-13,-2.6835746960725056e-16,1,0
3839,2.7936554021733627e-13,3.020808833850141e-13,-2.271534316767784e-14,1,0
3840,5.004649069417485e-13,5.176622622941344e-13,-1.7197355352385903e-14,1,0
3841,2.9206928749787286e-13,2.80551188390938e-13,1.1518099106934835e-14,0,1
3842,4.1744545816931177e-13,3.7835223010799515e-13,3.909322806131662e-14,0,1
3843,9.555133157640354e-13,9.127957129171646e-13,4.271760284687079e-14,0,1
3844,9.065579450992514e-13,8.698741623789017e-13,3.668378272034965e-14,0,1
3845,4.063765092409819e-13,3.435459990826419e-13,6.283051015833998e-14,0,1
3846,2.97861088193968e-13,2.921823556273119e-13,5.6787325666561135e-15,0,1
3847,8.424931740646159e-13,8.951197527248768e-13,-5.262657866026087e-14,1,0
3848,7.883633310684538e-13,7.933223524444944e-13,-4.959021376040607e-15,1,0
3849,3.2681815891590897e-13,3.0923427359882675e-13,1.7583885317082212e-14,0,1
3850,8.092275907448212e-13,8.57982391156257e-13,-4.875480041143573e-14,1,0
3851,3.3580378309265897e-13,3.8033285006773787e-13,-4.45290669750789e-14,1,0
3852,2.3978877863979926e-12,2.425705061774369e-12,-2.7817275376376285e-14,1,0
3853,1.2747862716332082e-12,1.2168977400068784e-12,5.788853162632985e-14,0,1
3854,2.529319146986326e-13,2.2494978666262859e-13,2.798212803600401e-14,0,1
3855,1.8576652707341324e-12,1.910888165633174e-12,-5.322289489904142e-14,1,0
3856,7.670347361558737e-12,7.641213091311118e-12,2.9134270247618717e-14,0,1
3857,6.995801230766859e-13,6.793676623134854e-13,2.0212460763200492e-14,0,1
3858,2.2717367446096944e-12,2.3346236054232954e-12,-6.288686081360103e-14,1,0
3859,8.737276855805473e-13,9.128849308700768e-13,-3.915724528952946e-14,1,0
3860,2.221313560245968e-13,2.812931219484682e-13,-5.916176592387141e-14,1,0
3861,1.0764376433572264e-12,1.0432080916175808e-12,3.322955173964564e-14,0,1
3862,7.639814280693551e-13,7.956999233318096e-13,-3.171849526245454e-14,1,0
3863,6.8949057998648e-13,7.084021096630964e-13,-1.8911529676616488e-14,1,0
3864,1.495513469840933e-12,1.521913026228826e-12,-2.63995563878929e-14,1,0
3865,1.993177504404507e-12,1.9440530859839623e-12,4.912441842054465e-14,0,1
3866,4.1397908340575293e-13,3.6652217415899923e-13,4.74569092467537e-14,0,1
3867,4.028809677205784e-13,3.5327453010605754e-13,4.9606437614520885e-14,0,1
3868,3.597598714550034e-13,3.504083296429628e-13,9.351541812040566e-15,0,1
3869,1.2352570275725768e-12,1.271598822329365e-12,-3.634179475678831e-14,1,0
3870,7.840304390368782e-12,7.784149456341174e-12,5.615493402760882e-14,0,1
3871,1.3497253330187252e-11,1.3485442499980259e-11,1.1810830206993105e-14,0,1
3872,1.5707730521164642e-11,1.3995148918818425e-11,1.7125816023462175e-12,0,1
3873,8.106289127568575e-13,7.55595387762915e-13,5.503352499394249e-14,0,1
3874,4.949494268781757e-13,5.121293174141669e-13,-1.7179890535991217e-14,1,0
3875,1.2110600525621566e-11,1.2158762534137204e-11,-4.816200851563822e-14,1,0
3876,3.2231943551801296e-13,3.3122409041324173e-13,-8.904654895228764e-15,1,0
3877,4.818636211657997e-13,5.408118130150777e-13,-5.894819184927803e-14,1,0
3878,2.9169633258153323e-12,2.8778700619987202e-12,3.9093263816612085e-14,0,1
3879,3.240045280139508e-13,2.9892383328342966e-13,2.5080694730521164e-14,0,1
3880,5.047467471580263e-12,4.986038272063812e-12,6.142919951645115e-14,0,1
3881,4.678858389294196e-13,4.676591364311731e-13,2.2670249824640625e-16,0,1
3882,2.0734417362007014e-13,2.41544039314687e-13,-3.4199865694616855e-14,1,0
3883,1.9155139200050364e-12,1.9479191626781718e-12,-3.2405242673135385e-14,1,0
3884,3.444437355851411e-13,3.3907142618785474e-13,5.3723093972863446e-15,0,1
3885,4.2416681827566254e-13,4.3654102446344646e-13,-1.2374206187783923e-14,1,0
3886,1.7207808686349115e-13,1.89463784059289e-13,-1.7385697195797852e-14,1,0
3887,2.0511768714640022e-13,2.0730486257943225e-13,-2.187175433032028e-15,1,0
3888,4.0425460558365265e-13,4.3676502872892013e-13,-3.251042314526747e-14,1,0
3889,1.2080770415888072e-12,1.168112525412383e-12,3.996451617642417e-14,0,1
3890,9.72014965638715e-13,9.6458179078035e-13,7.433174858365025e-15,0,1
3891,2.2676949285813536e-12,2.3112326458582464e-12,-4.353771727689284e-14,1,0
3892,4.62191148437087e-12,4.818357883374667e-12,-1.9644639900379704e-13,1,0
3893,1.354008918176101e-13,1.385439422187507e-13,-3.143050401140585e-15,1,0
3894,9.776826153066949e-12,9.790824555482392e-12,-1.3998402415442944e-14,1,0
3895,4.681769314556392e-13,4.3220096253904527e-13,3.59759689165939e-14,0,1
3896,2.3374210218506006e-13,2.786210639738203e-13,-4.4878961788760245e-14,1,0
3897,2.4502525462442343e-12,2.481630679013821e-12,-3.137813276958667e-14,1,0
3898,3.992975550714966e-13,4.55188420287547e-13,-5.589086521605039e-14,1,0
3899,2.779231460056636e-13,3.05845293280759e-13,-2.792214727509538e-14,1,0
3900,3.88208722511637e-13,4.2010156838820657e-13,-3.189284587656958e-14,1,0
3901,7.285503534947342e-13,7.807273865367236e-13,-5.2177033041989345e-14,1,0
3902,1.9994990293290873e-13,2.0713952458241704e-13,-7.189621649508315e-15,1,0
3903,2.048164130858288e-12,2.088550442554459e-12,-4.038631169617097e-14,1,0
3904,1.2588491675136122e-13,1.1731765769158917e-13,8.567259059772057e-15,0,1
3905,2.8786114019041953e-13,3.1041112611765114e-13,-2.2549985927231613e-14,1,0
3906,2.3073997236483236e-13,2.934276368659594e-13,-6.268766450112703e-14,1,0
3907,4.652609801886819e-12,4.689061351374568e-12,-3.6451549487749016e-14,1,0
3908,6.983771127492643e-13,6.883994006619615e-13,9.977712087302827e-15,0,1
3909,5.381841286399713e-13,4.89314588410423e-13,4.8869540229548305e-14,0,1
3910,6.145797688216298e-13,6.847731496640816e-13,-7.019338084245175e-14,1,0
3911,2.005847857887705e-12,2.0144406181564884e-12,-8.592760268783338e-15,1,0
3912,1.2397156418547067e-12,1.1862661202916253e-12,5.3449521563081385e-14,0,1
3913,3.1022266279793763e-13,2.985753119673963e-13,1.1647350830541327e-14,0,1
3914,2.769772423601083e-13,3.30175555022456e-13,-5.3198312662347727e-14,1,0
3915,4.030551518710099e-13,4.028311167510832e-13,2.24035119926709e-16,0,1
3916,6.90059221127389e-13,7.292878814125487e-13,-3.922866028515965e-14,1,0
3917,1.0030936628068164e-12,1.0044906795871988e-12,-1.3970167803824616e-15,1,0
3918,1.4494777029885753e-13,1.5155379372461856e-13,-6.6060234257610285e-15,1,0
3919,1.3629482870047242e-11,1.3666312981054077e-11,-3.683011100683481e-14,1,0
3920,1.1011503797472553e-11,1.0961492002992184e-11,5.0011794480368706e-14,0,1
3921,1.939532789791169e-12,1.9452948500630827e-12,-5.76206027191364e-15,1,0
3922,1.8229054014448638e-13,2.1330191774454577e-13,-3.101137760005939e-14,1,0
3923,3.918749281909603e-12,3.90494395935225e-12,1.3805322557353065e-14,0,1
3924,2.79349425195949e-12,2.8151020283990353e-12,-2.1607776439545362e-14,1,0
3925,3.850341574303527e-13,3.592204541637276e-13,2.581370326662513e-14,0,1
3926,3.3188986061099866e-13,3.058556228240907e-13,2.6034237786907943e-14,0,1
3927,4.386136822933631e-13,4.3556397875226245e-13,3.049703541100628e-15,0,1
3928,3.1156942316982157e-13,3.0756775794767314e-13,4.001665222148436e-15,0,1
3929,2.164746452039341e-12,2.2159470200398474e-12,-5.120056800050626e-14,1,0
3930,1.0143224806439091e-12,1.060422447493278e-12,-4.609996684936893e-14,1,0
3931,3.486265787701823e-13,3.2642917284774267e-13,2.219740592243962e-14,0,1
3932,1.857724744800415e-12,1.8545668067396944e-12,3.157938060720796e-15,0,1
3933,1.954290855524035e-12,1.9019273415472916e-12,5.2363513976743575e-14,0,1
3934,5.17176932695029e-13,5.536294001805037e-13,-3.645246748547472e-14,1,0
3935,3.685128515742709e-12,3.67253046116791e-12,1.2598054574798969e-14,0,1
3936,5.016246576926473e-13,5.545357418776813e-13,-5.291108418503396e-14,1,0
3937,7.470034620471578e-13,7.082395282411885e-13,3.876393380596929e-14,0,1
3938,1.4193479797432316e-13,1.5549883757268555e-13,-1.3564039598362387e-14,1,0
3939,2.1257277131815715e-13,2.6421887199480044e-13,-5.164610067664329e-14,1,0
3940,2.2415739149501208e-13,2.242934650504086e-13,-1.3607355539650438e-16,1,0
3941,1.8282880894087004e-13,2.344338275577623e-13,-5.160501861689225e-14,1,0
3942,3.5340645804454863e-13,3.1265153956478676e-13,4.0754918479761866e-14,0,1
3943,1.7478555980021442e-12,1.8019614143868074e-12,-5.410581638466317e-14,1,0
3944,1.4488413416950126e-12,1.4953947045066682e-12,-4.6553362811655604e-14,1,0
3945,8.264302494803906e-13,7.997206023006539e-13,2.6709647179736682e-14,0,1
3946,3.381895353749725e-11,3.376555072966948e-11,5.340280782776741e-14,0,1
3947,6.441039273066401e-13,6.308694812618509e-13,1.323444604478923e-14,0,1
3948,2.9311015521294784e-13,3.5389808995722427e-13,-6.078793474427642e-14,1,0
3949,2.5582066177884067e-13,3.001176596726792e-13,-4.429699789383853e-14,1,0
3950,2.830724618961355e-13,2.5940586133806745e-13,2.366660055806807e-14,0,1
3951,4.178548892435265e-13,3.542545986309804e-13,6.360029061254611e-14,0,1
3952,4.142271629782355e-13,4.080285540443139e-13,6.198608933921608e-15,0,1
3953,8.976588117710013e-14,6.882842107520409e-14,2.093746010189604e-14,0,1
3954,3.429449690170387e-13,3.601381039013419e-13,-1.7193134884303183e-14,1,0
3955,1.7841698212209365e-12,1.743031941236351e-12,4.1137879984585474e-14,0,1
3956,1.710623803947722e-13,2.0641247479414243e-13,-3.535009439937023e-14,1,0
3957,2.896512393212695e-13,2.523479996783907e-13,3.730323964287878e-14,0,1
3958,3.7170887514362e-13,3.308190374134471e-13,4.08898377301729e-14,0,1
3959,2.1297563470015494e-11,2.1233863771807276e-11,6.369969820821779e-14,0,1
3960,9.628369766639718e-13,1.0151823214177569e-12,-5.23453447537851e-14,1,0
3961,3.1462996871304933e-13,3.069932577364679e-13,7.636710976581432e-15,0,1
3962,2.9946670053644893e-12,2.9661671065700044e-12,2.84998987944849e-14,0,1
3963,8.461724173571923e-14,6.77639738512372e-14,1.6853267884482027e-14,0,1
3964,2.9447029616041095e-12,2.975588183490267e-12,-3.08852218861575e-14,1,0
3965,7.161248841992159e-13,7.135674583292521e-13,2.557425869963853e-15,0,1
3966,1.6680069332715056e-13,1.6399173758679955e-13,2.808955740351016e-15,0,1
3967,1.4721904243175657e-11,1.3374167661094429e-11,1.3477365820812284e-12,0,1
3968,3.8274170700601614e-13,3.6953543914772283e-13,1.320626785829331e-14,0,1
3969,5.819834524611399e-13,5.43193939934045e-13,3.878951252709491e-14,0,1
3970,1.0395987542008384e-12,1.0095162230084126e-12,3.008253119242578e-14,0,1
3971,2.587953656206992e-13,2.5791453076983513e-13,8.808348508640911e-16,0,1
3972,3.8045437610715415e-13,3.4490758943753383e-13,3.554678666962032e-14,0,1
3973,1.4326127474924717e-12,1.421425377899169e-12,1.118736959330273e-14,0,1
3974,2.2006397773111694e-12,2.1464350569970342e-12,5.4204720314135136e-14,0,1
3975,5.115140164147636e-13,5.448880719511822e-13,-3.3374055536418596e-14,1,0
3976,1.6095933966691566e-11,1.6105650213335182e-11,-9.716246643615648e-15,1,0
3977,6.200305960824249e-13,5.991014177470946e-13,2.0929178335330384e-14,0,1
3978,2.2246515902003596e-13,2.0287352518699067e-13,1.9591633833045293e-14,0,1
3979,1.6598523919637725e-13,1.606013325849855e-13,5.383906611391753e-15,0,1
3980,5.844383710976114e-13,5.607075945596734e-13,2.3730776537938062e-14,0,1
3981,3.4140232293860065e-13,3.0537311203511745e-13,3.6029210903483205e-14,0,1
3982,6.158323576154325e-13,5.968437118349425e-13,1.898864578049003e-14,0,1
3983,1.5085318393864113e-12,1.4914564444247532e-12,1.707539496165817e-14,0,1
3984,6.089753687832089e-13,6.310449729238121e-13,-2.2069604140603106e-14,1,0
3985,1.5011104739892542e-13,1.9134761972974318e-13,-4.1236572330817765e-14,1,0
3986,2.2430668271082376e-12,2.2331005664502036e-12,9.96626065803404e-15,0,1
3987,3.537216803481197e-12,3.549702686578713e-12,-1.2485883097515901e-14,1,0
3988,1.150691866061716e-12,1.1228881735019065e-12,2.7803692559809534e-14,0,1
3989,1.0855246649262299e-12,1.0947573236338718e-12,-9.232658707641923e-15,1,0
3990,2.4895276703159255e-12,2.463668267270266e-12,2.5859403045659335e-14,0,1
3991,6.144775705013343e-12,6.199593710611419e-12,-5.4818005598076485e-14,1,0
3992,1.718491583373849e-10,1.28051532602856e-10,4.37976257345289e-11,0,1
3993,6.0523940356578136e-12,6.109268871747865e-12,-5.687483609005157e-14,1,0
3994,3.509812401374861e-13,3.2351034072953984e-13,2.747089940794623e-14,0,1
3995,2.3757133713913875e-13,2.628904198706061e-13,-2.5319082731467362e-14,1,0
3996,2.627074014120605e-10,1.8123359235635438e-10,8.147380905570612e-11,0,1
3997,3.2177655177260917e-13,2.882500208021182e-13,3.352653097049098e-14,0,1
3998,3.0908147598475284e-12,3.0794545056620016e-12,1.1360254185526838e-14,0,1
3999,1.089843160537014e-12,1.1391229256211427e-12,-4.9279765084128826e-14,1,0
4000,4.4700285952959457e-13,4.743500666416892e-13,-2.7347207112094644e-14,1,0
4001,3.224588565936941e-13,3.1903617213565916e-13,3.422684458034953e-15,0,1
4002,1.204067648724427e-12,1.1450238371106095e-12,5.904381161381744e-14,0,1
4003,8.831120282946222e-13,9.251560737769176e-13,-4.2044045482295333e-14,1,0
4004,4.840493267125674e-13,4.575378205329793e-13,2.6511506179588084e-14,0,1
4005,6.483841671125839e-12,6.5195667649075435e-12,-3.572509378170437e-14,1,0
4006,1.2337101665442721e-12,1.267522614513331e-12,-3.381244796905898e-14,1,0
4007,6.724197203412239e-13,7.264013951242238e-13,-5.3981674782999886e-14,1,0
4008,1.1561531821218545e-13,1.721677394966935e-13,-5.655242128450806e-14,1,0
4009,6.039343568230574e-13,6.177145399407704e-13,-1.3780183117713008e-14,1,0
4010,1.197473807453119e-12,1.2188112215388385e-12,-2.133741408571948e-14,1,0
4011,3.381436408388992e-13,3.469729347396589e-13,-8.829293900759695e-15,1,0
4012,7.688772547480654e-13,8.075117474669368e-13,-3.863449271887148e-14,1,0
4013,1.5221694371757404e-13,2.1526710627939762e-13,-6.305016256182358e-14,1,0
4014,4.55621785359442e-13,5.011895017051364e-13,-4.556771634569441e-14,1,0
4015,3.1186772188608486e-13,3.5096795883076736e-13,-3.9100236944682505e-14,1,0
4016,4.2132312290981426e-13,3.896733755241346e-13,3.164974738567965e-14,0,1
4017,1.7414759447620997e-13,1.8951071564140826e-13,-1.5363121165198287e-14,1,0
4018,1.7597643514311707e-11,1.4358311867335868e-11,3.2393316469758392e-12,0,1
4019,9.525144519664776e-13,1.0038120013725718e-12,-5.129754940609421e-14,1,0
4020,2.370243046510405e-13,2.1395124829714064e-13,2.307305635389984e-14,0,1
4021,1.4861007822132033e-12,1.523427808244038e-12,-3.7327026030834764e-14,1,0
4022,3.1310712550438703e-13,3.206082724178427e-13,-7.501146913455643e-15,1,0
4023,6.140781548041296e-13,6.593286475292017e-13,-4.5250492725072145e-14,1,0
4024,2.5350510202919588e-11,2.538798556445201e-11,-3.747536153242174e-14,1,0
4025,1.194910510145495e-12,1.1636737474512614e-12,3.1236762694233484e-14,0,1
4026,4.7402214491679e-13,5.304923028763943e-13,-5.647015795960426e-14,1,0
4027,2.4061313733891966e-12,2.395363510577084e-12,1.0767862812112392e-14,0,1
4028,3.024965908131053e-13,3.6390262254066496e-13,-6.140603172755965e-14,1,0
4029,2.88469955363977e-13,3.475093418223602e-13,-5.903938645838323e-14,1,0
4030,2.1054806457770068e-13,2.2524892138532585e-13,-1.4700856807625168e-14,1,0
4031,1.0118523084905791e-12,9.511966913519478e-13,6.065561713863133e-14,0,1
4032,3.2891570113246187e-13,3.0419658053992704e-13,2.4719120592534834e-14,0,1
4033,4.792128293574843e-13,4.3591414864655665e-13,4.329868071092767e-14,0,1
4034,5.600445833931413e-13,5.411407578442823e-13,1.890382554885901e-14,0,1
4035,3.6402072493017156e-13,3.4902539286174413e-13,1.499533206842743e-14,0,1
4036,1.6904951339044415e-13,1.6259052436984472e-13,6.458989020599421e-15,0,1
4037,4.1393177613876956e-13,4.75220667644245e-13,-6.12888915054754e-14,1,0
4038,1.7129606415928703e-12,1.6839994068796488e-12,2.8961234713221466e-14,0,1
4039,1.7183392855453287e-12,1.6785484979589422e-12,3.979078758638648e-14,0,1
4040,4.12459811942922e-13,4.1382626123322805e-13,-1.3664492903060387e-15,1,0
4041,5.1891195500964224e-12,5.251873221683411e-12,-6.275367158698818e-14,1,0
4042,4.1387800670769413e-13,3.5887805176130685e-13,5.499995494638728e-14,0,1
4043,4.104628473653979e-12,4.1003121619616496e-12,4.3163116923292355e-15,0,1
4044,8.156658888663092e-14,8.977564455752492e-14,-8.209055670893999e-15,1,0
4045,3.0934389495860256e-12,3.137946222703765e-12,-4.450727311773943e-14,1,0
4046,8.807075948900454e-12,8.860314143206338e-12,-5.3238194305883396e-14,1,0
4047,1.2217666481787715e-12,1.2340169416730633e-12,-1.2250293494291776e-14,1,0
4048,6.64742609375011e-13,7.071153298088106e-13,-4.237272043379965e-14,1,0
4049,2.7074730707482437e-12,2.654925187648533e-12,5.2547883099710753e-14,0,1
4050,2.324103617334232e-12,2.2779919473114392e-12,4.611167002279271e-14,0,1
4051,1.1111327463935345e-13,1.0288478153695972e-13,8.228493102393723e-15,0,1
4052,8.098232084908589e-13,8.437508239668083e-13,-3.392761547594934e-14,1,0
4053,2.1492816935058745e-13,2.2639845399084673e-13,-1.1470284640259276e-14,1,0
4054,2.2799402330376556e-13,2.280196258932276e-13,-2.560258946203373e-17,1,0
4055,3.0643268497315257e-12,3.026320494914273e-12,3.8006354817252773e-14,0,1
4056,1.7450507151570985e-12,1.7876810991445387e-12,-4.2630383987440146e-14,1,0
4057,1.466184578981819e-13,2.0951817967249757e-13,-6.289972177431566e-14,1,0
4058,9.793063980177765e-13,9.319542425317252e-13,4.7352155486051275e-14,0,1
4059,8.408366984484191e-13,8.995402209417682e-13,-5.870352249334907e-14,1,0
4060,4.430425683002371e-13,4.086512866301391e-13,3.439128167009804e-14,0,1
4061,1.1048037984796048e-13,1.643839716174535e-13,-5.390359176949301e-14,1,0
4062,2.2608750814922077e-13,2.7581400070497286e-13,-4.9726492555752085e-14,1,0
4063,3.591983315029698e-13,3.5079729412250535e-13,8.401037380464463e-15,0,1
4064,8.56322457514799e-14,1.2276558803329672e-13,-3.713334228181683e-14,1,0
4065,1.5035586386707236e-12,1.4636549006984986e-12,3.990373797222501e-14,0,1
4066,1.0062218311281055e-12,1.0402642939457113e-12,-3.404246281760578e-14,1,0
4067,2.734555491250674e-12,2.69580150166048e-12,3.875398959019402e-14,0,1
4068,3.1485102637045986e-13,3.69676042103679e-13,-5.4825015733219125e-14,1,0
4069,2.786163082839754e-11,2.2306013088469407e-11,5.5556177399281326e-12,0,1
4070,5.594255594553718e-13,6.109483780494027e-13,-5.1522818594030994e-14,1,0
4071,4.432912961715503e-13,3.9477448739906943e-13,4.851680877248087e-14,0,1
4072,4.559794487820709e-13,5.012823315708154e-13,-4.5302882788744525e-14,1,0
4073,2.008186534430247e-12,1.9936735843250223e-12,1.4512950105224596e-14,0,1
4074,8.455650834582122e-13,7.96091252499702e-13,4.9473830958510196e-14,0,1
4075,8.912147280116149e-13,9.223094276179899e-13,-3.109469960637503e-14,1,0
4076,1.6026637490540666e-12,1.6623308946968721e-12,-5.966714564280558e-14,1,0
4077,8.732745580285136e-13,9.297490932805668e-13,-5.6474535252053134e-14,1,0
4078,8.646418203973026e-13,8.184666256866038e-13,4.6175194710698755e-14,0,1
4079,4.781778346414677e-12,4.8278950270411764e-12,-4.61166806264994e-14,1,0
4080,1.384552390243764e-12,1.3616915747570996e-12,2.2860815486664273e-14,0,1
4081,3.5632928414389793e-13,3.116482063272393e-13,4.4681077816658616e-14,0,1
4082,1.072030697680308e-12,1.0871404178352138e-12,-1.510972015490585e-14,1,0
4083,3.026625114763429e-13,3.2648645737958407e-13,-2.382394590324115e-14,1,0
4084,3.9788578140884137e-13,3.6566538206351876e-13,3.222039934532261e-14,0,1
4085,2.829989889900818e-12,2.774956703066242e-12,5.503318683457585e-14,0,1
4086,3.5368010338040813e-12,3.5170872420229314e-12,1.971379178114989e-14,0,1
4087,1.0312350720926136e-12,1.0691561754737268e-12,-3.7921103381113207e-14,1,0
4088,7.4230606271506e-13,6.922946066415432e-13,5.0011456073516834e-14,0,1
4089,4.913467885869175e-13,4.447197045880457e-13,4.6627083998871835e-14,0,1
4090,8.637058295968792e-13,9.088951605383345e-13,-4.518933094145532e-14,1,0
4091,3.1994811803215638e-12,3.2565267890769086e-12,-5.704560875534482e-14,1,0
4092,7.150690383365893e-13,6.669351081483199e-13,4.813393018826942e-14,0,1
4093,7.308672169154648e-13,7.298918780845986e-13,9.753388308661511e-16,0,1
4094,5.744914270764031e-13,6.283585643987466e-13,-5.386713732234349e-14,1,0
4095,9.472070404262403e-13,1.0125056754266435e-12,-6.529863500040312e-14,1,0
4096,2.0748806624637526e-13,1.9886738797107368e-13,8.620678275301585e-15,0,1
4097,3.421216380259761e-13,3.607099289936669e-13,-1.8588290967690818e-14,1,0
4098,6.97725115755238e-12,6.991242547506085e-12,-1.3991389953705289e-14,1,0
4099,2.056821084152163e-12,2.0307706881177894e-12,2.6050396034373464e-14,0,1
4100,3.3848284563296355e-12,3.313806518159206e-12,7.102193817042963e-14,0,1
4101,1.647600791238417e-13,2.2093856810882168e-13,-5.617848898497997e-14,1,0
4102,5.449674244532609e-13,5.420307552873711e-13,2.9366691658897726e-15,0,1
4103,3.5007943777753403e-13,3.31618270144294e-13,1.8461167633240007e-14,0,1
4104,4.811873808665365e-13,4.3692607101830755e-13,4.42613098482289e-14,0,1
4105,6.509970016004365e-13,7.036830524174757e-13,-5.268605081703916e-14,1,0
4106,4.650726311715496e-13,4.819923218972679e-13,-1.6919690725718343e-14,1,0
4107,5.547296222101096e-13,6.083883743791857e-13,-5.365875216907606e-14,1,0
4108,2.275584834918606e-13,2.895294369488644e-13,-6.19709534570038e-14,1,0
4109,4.386960035064847e-13,4.89048938875116e-13,-5.0352935368631283e-14,1,0
4110,2.0159905147045475e-13,2.5670549313982283e-13,-5.5106441669368075e-14,1,0
4111,1.193647378724335e-13,8.639852880099862e-14,3.296620907143487e-14,0,1
4112,1.6143014642375395e-13,1.7263871939560558e-13,-1.1208572971851633e-14,1,0
4113,1.8520298682499946e-13,2.16366014844899e-13,-3.116302801989954e-14,1,0
4114,4.236453762482901e-12,4.2472973204674254e-12,-1.0843557984524049e-14,1,0
4115,3.6632004070718166e-13,4.140533565477219e-13,-4.773331584054026e-14,1,0
4116,6.129445129647359e-13,6.719505547219175e-13,-5.900604175718156e-14,1,0
4117,3.4691359145089264e-12,3.425487747352281e-12,4.364816715664544e-14,0,1
4118,4.1802290184010016e-13,4.5056158472105337e-13,-3.253868288095321e-14,1,0
4119,5.134985773053039e-13,5.560519348445048e-13,-4.2553357539200944e-14,1,0
4120,3.4171869441037077e-13,3.7793223941880766e-13,-3.621354500843689e-14,1,0
4121,2.3306559718098727e-13,2.318588012766849e-13,1.2067959043023604e-15,0,1
4122,2.3668874801734456e-12,2.4013216907579432e-12,-3.443421058449759e-14,1,0
4123,9.541261721576302e-13,9.489493974713266e-13,5.1767746863036075e-15,0,1
4124,2.376913807003243e-13,2.6025780170840805e-13,-2.2566421008083747e-14,1,0
4125,5.627133584798609e-13,5.931163113534389e-13,-3.040295287357803e-14,1,0
4126,6.049421196928899e-13,6.159580706402779e-13,-1.1015950947387941e-14,1,0
4127,5.301724952008233e-13,5.903787562589827e-13,-6.020626105815943e-14,1,0
4128,6.391212587134566e-13,5.970332579751626e-13,4.208800073829397e-14,0,1
4129,1.298476583645102e-12,1.2940305999846758e-12,4.4459836604262656e-15,0,1
4130,2.6063745931117667e-13,2.9777899437371467e-13,-3.7141535062538004e-14,1,0
4131,1.082249677355855e-12,1.1233538854340442e-12,-4.1104208078189213e-14,1,0
4132,1.6950367745663808e-12,1.654078685068309e-12,4.09580894980719e-14,0,1
4133,1.2012065244545946e-12,1.2497269778166058e-12,-4.8520453362011114e-14,1,0
4134,1.9281653244973634e-12,1.874968176822971e-12,5.31971476743924e-14,0,1
4135,8.847006815664487e-14,1.3423983971762407e-13,-4.57697715609792e-14,1,0
4136,3.260684880392097e-12,3.269712536244334e-12,-9.027655852236867e-15,1,0
4137,1.683418166062729e-12,1.7478930002014852e-12,-6.447483413875622e-14,1,0
4138,2.4186842823726963e-13,2.2148385323409584e-13,2.0384575003173796e-14,0,1
4139,7.158835945720688e-13,7.502540709031268e-13,-3.437047633105796e-14,1,0
4140,1.6433550062758385e-13,1.3686026397729935e-13,2.74752366502845e-14,0,1
4141,5.26634785213296e-13,5.070404762329986e-13,1.9594308980297406e-14,0,1
4142,1.7220333396199427e-12,1.769365522089259e-12,-4.7332182469316334e-14,1,0
4143,2.7562869909645353e-13,2.269898783153761e-13,4.863882078107743e-14,0,1
4144,9.86099045981719e-13,9.843201704541977e-13,1.778875527521284e-15,0,1
4145,3.2512341637642405e-13,3.458014843555667e-13,-2.0678067979142657e-14,1,0
4146,6.104967976243274e-13,5.586464427769208e-13,5.1850354847406653e-14,0,1
4147,1.8312013733865236e-13,2.443962824336714e-13,-6.127614509501904e-14,1,0
4148,7.953693961748306e-13,7.75772148852103e-13,1.9597247322727625e-14,0,1
4149,3.1611525280802974e-13,3.228746504636231e-13,-6.759397655593359e-15,1,0
4150,1.5225404437803726e-12,1.5512218045317306e-12,-2.868136075135797e-14,1,0
4151,1.1506951490098886e-11,1.0375273415331234e-11,1.1316780747676515e-12,0,1
4152,9.106049855733916e-13,8.817994987945599e-13,2.8805486778831666e-14,0,1
4153,9.438024748130474e-13,9.962067882108432e-13,-5.240431339779583e-14,1,0
4154,8.670417638452889e-13,9.093339318214378e-13,-4.229216797614886e-14,1,0
4155,4.288350681498681e-13,3.984753031332934e-13,3.035976501657468e-14,0,1
4156,4.4174349530122345e-13,4.0918029064415005e-13,3.256320465707339e-14,0,1
4157,1.3280653585075905e-12,1.2653875735505028e-12,6.267778495708769e-14,0,1
4158,5.916738595518469e-13,5.38306003814535e-13,5.336785573731188e-14,0,1
4159,5.417371537013342e-13,5.403581249512434e-13,1.3790287500908414e-15,0,1
4160,8.330510806974715e-13,7.880294247062173e-13,4.502165599125422e-14,0,1
4161,5.575407880201219e-13,5.068504401241485e-13,5.069034789597348e-14,0,1
4162,6.074918261837314e-13,5.64836821181641e-13,4.2655005002090394e-14,0,1
4163,8.60381519890413e-13,8.450379294534411e-13,1.5343590436971877e-14,0,1
4164,4.960303272598564e-13,5.262030593965953e-13,-3.017273213673895e-14,1,0
4165,7.856714034238238e-13,8.308886800329932e-13,-4.521727660916944e-14,1,0
4166,3.328946470476673e-13,2.942184375195133e-13,3.8676209528154e-14,0,1
4167,8.197556591596003e-13,8.568952039558463e-13,-3.713954479624597e-14,1,0
4168,5.966638365165498e-13,5.630854406368368e-13,3.357839587971303e-14,0,1
4169,7.343386773984865e-13,7.837538346944111e-13,-4.9415157295924584e-14,1,0
4170,1.1786046670470614e-12,1.1897699054623106e-12,-1.1165238415249215e-14,1,0
4171,4.385365686143837e-12,4.415987589086311e-12,-3.062190294247451e-14,1,0
4172,1.5666625795125323e-13,1.485695917032359e-13,8.096666248017331e-15,0,1
4173,3.337995742112825e-13,3.871932888965805e-13,-5.3393714685297997e-14,1,0
4174,7.617635041353676e-13,7.075929446079764e-13,5.4170559527391145e-14,0,1
4175,3.56733155900242e-13,4.13032487900216e-13,-5.6299331999974016e-14,1,0
4176,4.2673802575207916e-13,3.838838171935295e-13,4.2854208558549684e-14,0,1
4177,1.0049100622883676e-12,1.0448901884160923e-12,-3.998012612772472e-14,1,0
4178,3.336178337199821e-12,3.30010187893448e-12,3.6076458265340903e-14,0,1
4179,4.012728169900476e-13,4.201193885773839e-13,-1.8846571587336285e-14,1,0
4180,1.4309678155330518e-13,1.5483573399515796e-13,-1.1738952441852777e-14,1,0
4181,9.511842905009994e-13,9.73530131668064e-13,-2.2345841167064544e-14,1,0
4182,3.8375419746741687e-13,4.0328246448457727e-13,-1.9528267017160397e-14,1,0
4183,2.610071013236674e-12,2.599845667918829e-12,1.0225345317844904e-14,0,1
4184,9.99931665955818e-13,9.380597498866532e-13,6.18719160691647e-14,0,1
4185,4.7026928558422475e-12,4.7232870238721514e-12,-2.0594168029903935e-14,1,0
4186,1.195190330209125e-13,1.445653737490337e-13,-2.5046340728121197e-14,1,0
4187,2.999850642744259e-13,3.367726499543274e-13,-3.6787585679901505e-14,1,0
4188,4.082577082632177e-12,4.0531245662756055e-12,2.9452516356571154e-14,0,1
4189,2.4512977602696564e-13,2.154572974259159e-13,2.9672478601049743e-14,0,1
4190,2.6976101377351426e-13,2.703966042864475e-13,-6.35590512933248e-16,1,0
4191,3.538763537609567e-13,3.5077298799192703e-13,3.103365769029675e-15,0,1
4192,8.205765493659942e-13,7.663800069826186e-13,5.4196542383375586e-14,0,1
4193,1.3173131315998066e-13,1.8019100752421053e-13,-4.845969436422987e-14,1,0
4194,1.0428029926957087e-12,1.0447641576153978e-12,-1.9611649196890724e-15,1,0
4195,3.714167459667608e-13,3.8557359735904126e-13,-1.415685139228044e-14,1,0
4196,3.6275033851037707e-13,3.59383921660737e-13,3.3664168496400544e-15,0,1
4197,2.781641835606636e-13,3.1611635782842367e-13,-3.795217426776007e-14,1,0
4198,5.0536862460601e-13,5.056760537017445e-13,-3.0742909573447103e-16,1,0
4199,2.8849512036658076e-12,2.8454630999420905e-12,3.9488103723717086e-14,0,1
4200,4.661471878804949e-13,5.04016609255093e-13,-3.786942137459813e-14,1,0
4201,7.20165854039642e-13,7.840514593476925e-13,-6.388560530805053e-14,1,0
4202,2.7590742046486955e-12,2.770949154115845e-12,-1.1874949467149534e-14,1,0
4203,6.435641592443644e-13,5.853021620347119e-13,5.826199720965256e-14,0,1
4204,2.2405457748635397e-13,2.7313869969632267e-13,-4.90841222099687e-14,1,0
4205,4.1635516853907656e-13,4.491019553675332e-13,-3.274678682845662e-14,1,0
4206,4.760186053313675e-13,4.52008276867077e-13,2.4010328464290467e-14,0,1
4207,5.248965910553977e-13,5.777292148368604e-13,-5.283262378146268e-14,1,0
4208,4.2218252539313674e-13,3.878202096349788e-13,3.4362315758157945e-14,0,1
4209,4.362384958566479e-13,4.027117883283917e-13,3.35267075282562e-14,0,1
4210,7.747067464854427e-13,7.963934130180002e-13,-2.168666653255746e-14,1,0
4211,1.9475868990168573e-13,2.208760299429532e-13,-2.6117340041267465e-14,1,0
4212,1.90085739497307e-12,1.90209647378866e-12,-1.239078815589865e-15,1,0
4213,4.986069245511147e-13,5.553857904621422e-13,-5.677886591102742e-14,1,0
4214,2.2700039295301546e-13,2.531629215995085e-13,-2.616252864649303e-14,1,0
4215,1.6395707933420507e-13,1.8346579452881417e-13,-1.9508715194609103e-14,1,0
4216,2.7762030718332897e-12,2.799772651263204e-12,-2.35695794299143e-14,1,0
4217,6.2102249901749e-12,6.241051903295275e-12,-3.0826913120374974e-14,1,0
4218,1.8647932051963987e-12,1.8112803096197223e-12,5.351289557667641e-14,0,1
4219,6.885871147490422e-14,8.143573064049437e-14,-1.2577019165590154e-14,1,0
4220,1.571759874143767e-11,1.2921237914118754e-11,2.796360827318915e-12,0,1
4221,1.9883336479221913e-12,2.01818120228824e-12,-2.984755436604882e-14,1,0
4222,1.1631194148307652e-13,1.4539419753957909e-13,-2.908225605650257e-14,1,0
4223,3.4561546415712156e-13,3.2797512943546447e-13,1.764033472165709e-14,0,1
4224,1.688410309011145e-12,1.7341179693919967e-12,-4.57076603808516e-14,1,0
4225,5.242002485660348e-13,5.311055196592882e-13,-6.905271093253348e-15,1,0
4226,8.457873487553674e-13,8.122157857985417e-13,3.357156295682566e-14,0,1
4227,1.030221935462217e-12,1.083106683741499e-12,-5.2884748279281955e-14,1,0
4228,3.28677528528068e-13,2.9143291522941927e-13,3.7244613298648726e-14,0,1
4229,2.592709092106628e-13,3.194982847871994e-13,-6.022737557653659e-14,1,0
4230,1.6287631645753687e-12,1.6934131010515476e-12,-6.46499364761789e-14,1,0
4231,1.9837330629664791e-13,2.1235089779753901e-13,-1.39775915008911e-14,1,0
4232,5.444081884209352e-13,5.78687748109877e-13,-3.427955968894178e-14,1,0
4233,1.0841951076515996e-12,1.0796642460810187e-12,4.5308615705808684e-15,0,1
4234,7.053797751119388e-12,7.024535131328969e-12,2.926261979041864e-14,0,1
4235,6.609080125919373e-11,6.522366783769662e-11,8.671334214971047e-13,0,1
4236,7.649905099135639e-13,8.058872842966616e-13,-4.089677438309766e-14,1,0
4237,2.676002417449645e-12,2.7393891377448624e-12,-6.338672029521753e-14,1,0
4238,2.7187348876503817e-13,2.6490450576384417e-13,6.968983001194002e-15,0,1
4239,4.3095158232170265e-13,4.664889932876591e-13,-3.5537410965956485e-14,1,0
4240,8.131536425593017e-14,1.2750003873362652e-13,-4.618467447769635e-14,1,0
4241,1.386462970129749e-12,1.4161562102126583e-12,-2.9693240082909327e-14,1,0
4242,2.2623550125855382e-13,1.9391788789258786e-13,3.2317613365965955e-14,0,1
4243,8.135767594061261e-13,7.561431693251504e-13,5.743359008097571e-14,0,1
4244,2.1948434658195787e-12,2.1477660700157146e-12,4.7077395803864164e-14,0,1
4245,3.810267711168364e-13,3.844116944060234e-13,-3.384923289186977e-15,1,0
4246,5.925361303417628e-13,5.503023036940032e-13,4.223382664775953e-14,0,1
4247,5.540734729478971e-13,5.311249191688528e-13,2.294855377904439e-14,0,1
4248,2.601293982156064e-13,2.145063197357685e-13,4.562307847983791e-14,0,1
4249,1.997294094734224e-12,1.964651901999332e-12,3.264219273489228e-14,0,1
4250,2.177740765075178e-13,2.1775876392245083e-13,1.5312585066977618e-17,0,1
4251,2.6400298508023546e-12,2.652320263503253e-12,-1.2290412700898237e-14,1,0
4252,3.594597958022178e-12,3.657115973474691e-12,-6.251801545251344e-14,1,0
4253,1.7661265028383516e-13,1.983963745443689e-13,-2.178372426053374e-14,1,0
4254,2.978537384193183e-13,2.571323540672872e-13,4.072138435203109e-14,0,1
4255,1.280324074147468e-12,1.3151233375907048e-12,-3.479926344323671e-14,1,0
4256,3.5055306556279637e-13,3.9069644502480736e-13,-4.014337946201099e-14,1,0
4257,5.434358024642596e-13,4.911061472414394e-13,5.2329655222820145e-14,0,1
4258,6.641297456973529e-13,6.51652720969585e-13,1.2477024727767876e-14,0,1
4259,3.482862794495254e-13,3.935638965998869e-13,-4.527761715036146e-14,1,0
4260,3.9031414392170985e-13,3.285797239408279e-13,6.173441998088197e-14,0,1
4261,6.390440541347931e-13,6.088826006919203e-13,3.01614534428728e-14,0,1
4262,5.786978154695708e-13,5.498872463687251e-13,2.881056910084573e-14,0,1
4263,4.351112768944439e-13,3.86094462341201e-13,4.901681455324293e-14,0,1
4264,3.6543141487080904e-13,3.2825161211966884e-13,3.71798027511402e-14,0,1
4265,1.21600499766475e-13,1.3716778286006697e-13,-1.5567283093591966e-14,1,0
4266,6.654630776947048e-13,6.470915582316086e-13,1.837151946309615e-14,0,1
4267,2.794971987211641e-13,3.287208954380521e-13,-4.922369671688802e-14,1,0
4268,2.1137565731757442e-13,1.8851942856864334e-13,2.2856228748931077e-14,0,1
4269,4.012777318383926e-13,3.856547746066011e-13,1.562295723179147e-14,0,1
4270,3.7252205202697775e-13,4.1560645933733583e-13,-4.3084407310358075e-14,1,0
4271,2.287318168748762e-13,1.8806103016025073e-13,4.067078671462545e-14,0,1
4272,1.7827237933915293e-13,2.1486110140972128e-13,-3.6588722070568355e-14,1,0
4273,4.0833625200912544e-13,4.571408877602327e-13,-4.8804635751107293e-14,1,0
4274,5.125577835040718e-13,5.456280933229183e-13,-3.307030981884647e-14,1,0
4275,1.7071509551504222e-13,1.596286851659271e-13,1.108641034911511e-14,0,1
4276,1.6400733912353385e-12,1.600333294325597e-12,3.974009690974153e-14,0,1
4277,1.8856597343586129e-13,2.031162276117092e-13,-1.4550254175847916e-14,1,0
4278,3.724686557082371e-13,3.9420072050258295e-13,-2.1732064794345855e-14,1,0
4279,2.714103682134035e-13,2.93092712069653e-13,-2.1682343856249496e-14,1,0
4280,3.5788435812468205e-13,4.0937255282453665e-13,-5.14881946998546e-14,1,0
4281,1.2887197740376595e-11,1.2914463859978233e-11,-2.7266119601638305e-14,1,0
4282,2.4470843916321437e-13,2.5529010227534033e-13,-1.0581663112125964e-14,1,0
4283,1.4277993553023203e-12,1.4832326740071275e-12,-5.5433318704807175e-14,1,0
4284,3.68504839908541e-13,4.1493115962278037e-13,-4.642631971423938e-14,1,0
4285,1.1655902840588371e-11,1.1615115705912781e-11,4.0787134675590016e-14,0,1
4286,2.0652100005740192e-13,2.347431954461448e-13,-2.8222195388742874e-14,1,0
4287,2.779076880584242e-12,2.766513095448549e-12,1.2563785135693106e-14,0,1
4288,1.0226965677037875e-13,1.456705934379963e-13,-4.340093666761756e-14,1,0
4289,1.1804554667232025e-12,1.193929778994658e-12,-1.3474312271455417e-14,1,0
4290,1.5181982845664485e-12,1.552900876818786e-12,-3.4702592252337526e-14,1,0
4291,4.1867469759497117e-13,4.802139973106965e-13,-6.153929971572534e-14,1,0
4292,3.421080122264031e-13,3.6896330520359513e-13,-2.685529297719203e-14,1,0
4293,8.781421991905231e-14,1.442193037267381e-13,-5.640508380768578e-14,1,0
4294,3.7359641028541797e-13,3.3691727978101966e-13,3.667913050439831e-14,0,1
4295,2.83045182162421e-13,2.3277063295010666e-13,5.027454921231433e-14,0,1
4296,8.887640593788994e-12,8.721349999904611e-12,1.6629059388438275e-13,0,1
4297,2.9186165382191265e-12,2.955636714414508e-12,-3.702017619538168e-14,1,0
4298,9.641025406453906e-13,9.872476685984904e-13,-2.3145127953099784e-14,1,0
4299,2.760172636562396e-13,3.246358763454466e-13,-4.861861268920697e-14,1,0
4300,3.7206933108865946e-13,3.4224054868525864e-13,2.9828782403400813e-14,0,1
4301,5.569001157532302e-13,5.403514390570305e-13,1.654867669619969e-14,0,1
4302,4.460197264845602e-13,4.4180802261475895e-13,4.211703869801232e-15,0,1
4303,5.467961603165639e-13,6.027543428020276e-13,-5.595818248546367e-14,1,0
4304,1.7699397863540387e-12,1.7210457073482608e-12,4.8894079005777956e-14,0,1
4305,1.1985540930703855e-11,1.2023553884331009e-11,-3.801295362715371e-14,1,0
4306,7.320755332226987e-11,6.466870059157479e-11,8.538852730695074e-12,0,1
4307,4.3999172011690175e-12,4.453908829890616e-12,-5.399162872159825e-14,1,0
4308,3.2002479284227113e-13,3.64522787454583e-13,-4.449799461231187e-14,1,0
4309,1.620170894402658e-12,1.6139367530605521e-12,6.2341413421059475e-15,0,1
4310,4.8310063556526e-13,4.3734386946400146e-13,4.575676610125853e-14,0,1
4311,7.112143299994024e-13,7.243527475352089e-13,-1.3138417535806478e-14,1,0
4312,1.851470449064733e-12,1.8876714515937357e-12,-3.62010025290029e-14,1,0
4313,1.3963037839842366e-13,1.2162626990121403e-13,1.800410849720963e-14,0,1
4314,2.817507424226007e-13,2.504876124988392e-13,3.126312992376149e-14,0,1
4315,9.080402029588454e-13,9.58918218870936e-13,-5.087801591209069e-14,1,0
4316,2.533762820761411e-13,2.668557522527828e-13,-1.34794701766417e-14,1,0
4317,1.573743248563155e-13,1.940047769619069e-13,-3.6630452105591403e-14,1,0
4318,8.984237614703099e-13,9.121294213718757e-13,-1.3705659901565858e-14,1,0
4319,1.1296766712446975e-11,1.1242771813748731e-11,5.399489869824375e-14,0,1
4320,6.35689477799774e-12,6.323310188486815e-12,3.358458951092511e-14,0,1
4321,5.948392231413683e-13,5.603178415596634e-13,3.4521381581704806e-14,0,1
4322,4.360451248958774e-12,4.362642731864465e-12,-2.1914829056915203e-15,1,0
4323,5.270670450623203e-13,5.66204596919712e-13,-3.913755185739163e-14,1,0
4324,2.697654306894214e-13,3.3037526630200366e-13,-6.060983561258224e-14,1,0
4325,3.8022203701186523e-13,3.5826444511950814e-13,2.1957591892357083e-14,0,1
4326,7.92632724474341e-14,1.381751663498978e-13,-5.89118939024637e-14,1,0
4327,6.109175912097641e-13,6.546852070478885e-13,-4.376761583812438e-14,1,0
4328,4.611237116687158e-13,4.0345691762074323e-13,5.766679404797254e-14,0,1
4329,6.52256799157403e-13,6.487677217996928e-13,3.4890773577102034e-15,0,1
4330,2.1359368890870048e-13,2.1403307670601986e-13,-4.3938779731937396e-16,1,0
4331,1.7354792323315388e-12,1.7058785873874897e-12,2.960064494404911e-14,0,1
4332,1.7206399867467414e-13,1.6399454063756865e-13,8.069458037105487e-15,0,1
4333,2.1450660197974928e-12,2.1805602128781777e-12,-3.549419308068495e-14,1,0
4334,3.3180563719553274e-13,2.932701439791764e-13,3.853549321635635e-14,0,1
4335,3.2404021107261793e-13,2.7421717973094915e-13,4.9823031341668784e-14,0,1
4336,5.237131786576587e-13,5.323593835180731e-13,-8.646204860414422e-15,1,0
4337,1.6703565329260458e-12,1.628573933710093e-12,4.1782599215952874e-14,0,1
4338,1.0012998374168056e-12,1.035732648211107e-12,-3.4432810794301367e-14,1,0
4339,6.132872019684939e-12,6.078898632672494e-12,5.397338701244484e-14,0,1
4340,4.777063839466515e-13,4.523621324795627e-13,2.5344251467088828e-14,0,1
4341,9.45151736851906e-13,1.0106298429758238e-12,-6.547810612391772e-14,1,0
4342,2.6839652770749463e-13,2.991328899221548e-13,-3.073636221466015e-14,1,0
4343,2.6749976800792785e-13,2.4067795565216124e-13,2.6821812355766608e-14,0,1
4344,5.27812578356415e-13,4.798710825166936e-13,4.7941495839721416e-14,0,1
4345,2.8216037985423854e-13,3.2227679013374477e-13,-4.011641027950623e-14,1,0
4346,9.645779927012382e-14,1.3848269208398115e-13,-4.202489281385733e-14,1,0
4347,1.0335026907065407e-12,9.876136770059824e-13,4.5889013700558304e-14,0,1
4348,1.1964848324514488e-13,7.777402385707336e-14,4.1874459388071515e-14,0,1
4349,2.1188416596636148e-13,2.537626183382806e-13,-4.1878452371919134e-14,1,0
4350,1.3413376289924148e-12,1.329208709122201e-12,1.212891987021384e-14,0,1
4351,1.120050188190471e-11,1.0766134402018812e-11,4.3436747988589784e-13,0,1
4352,2.810596632509149e-13,3.1172168379623143e-13,-3.0662020545316554e-14,1,0
4353,6.454102034855592e-12,6.4817795354313675e-12,-2.7677500575775777e-14,1,0
4354,2.116241757611226e-12,2.1254472105244205e-12,-9.205452913194324e-15,1,0
4355,8.415990348887027e-14,1.2683073693598947e-13,-4.2670833447119196e-14,1,0
4356,1.4423152839268144e-12,1.434298166623133e-12,8.017117303681316e-15,0,1
4357,2.7766287710781144e-13,2.658858371875286e-13,1.1777039920282845e-14,0,1
4358,3.763493858750426e-13,4.3428312417669683e-13,-5.793373830165421e-14,1,0
4359,4.145233751617478e-13,4.791087494158958e-13,-6.458537425414803e-14,1,0
4360,2.093424780682767e-13,1.939904764875713e-13,1.5352001580705395e-14,0,1
4361,5.715591405804601e-13,5.625299167025488e-13,9.029223877911293e-15,0,1
4362,7.88386477860737e-13,7.813028448821051e-13,7.083632978631969e-15,0,1
4363,3.645177834952458e-13,4.2863804237597355e-13,-6.412025888072776e-14,1,0
4364,4.725680254736101e-13,4.677172938941686e-13,4.850731579441484e-15,0,1
4365,1.1322972070062534e-12,1.13778912106388e-12,-5.491914057626636e-15,1,0
4366,6.537335906403048e-13,7.102866631245823e-13,-5.655307248427754e-14,1,0
4367,1.4760531329706291e-12,1.437385053591273e-12,3.8668079379356065e-14,0,1
4368,3.415015942589896e-13,3.7711147556124713e-13,-3.560988130225755e-14,1,0
4369,6.582187315661333e-13,6.794226778325209e-13,-2.1203946266387634e-14,1,0
4370,4.60796393134783e-13,4.37102264552755e-13,2.3694128582027975e-14,0,1
4371,5.679169855892659e-13,5.696468066812593e-13,-1.729821091993308e-15,1,0
4372,8.848557865176697e-13,9.147150274659112e-13,-2.9859240948241425e-14,1,0
4373,1.1788683237770079e-12,1.2392666378679543e-12,-6.039831409094646e-14,1,0
4374,4.520792357546259e-11,4.264232654051203e-11,2.565597034950554e-12,0,1
4375,1.2285732263796e-13,1.7101696449076426e-13,-4.8159641852804255e-14,1,0
4376,6.098016557749497e-13,6.336957973956513e-13,-2.3894141620701678e-14,1,0
4377,9.038223823332184e-13,8.517144813650951e-13,5.210790096812329e-14,0,1
4378,7.064810712922918e-12,7.065007719341368e-12,-1.9700641844962432e-16,1,0
4379,6.209666664691036e-13,6.25124513077381e-13,-4.157846608277392e-15,1,0
4380,2.844830335567419e-11,2.7383079941038793e-11,1.0652234146353984e-12,0,1
4381,4.100053633059475e-13,4.1640173587138423e-13,-6.396372565436741e-15,1,0
4382,6.943826618655482e-13,6.700435534412153e-13,2.433910842433286e-14,0,1
4383,1.2465857776484276e-12,1.1925570130503164e-12,5.4028764598111126e-14,0,1
4384,1.3223358346647611e-12,1.2667475739660083e-12,5.55882606987528e-14,0,1
4385,1.4686754209781079e-12,1.4614609891702476e-12,7.214431807860278e-15,0,1
4386,5.184826404260677e-13,4.622161475806162e-13,5.626649284545156e-14,0,1
4387,1.3453351132759546e-12,1.286191181254372e-12,5.914393202158254e-14,0,1
4388,8.735586532780619e-13,8.780987175661058e-13,-4.540064288043825e-15,1,0
4389,2.0002846484078363e-12,1.992828658368177e-12,7.455990039659512e-15,0,1
4390,7.299717107694152e-13,6.941522762045437e-13,3.5819434564871494e-14,0,1
4391,1.8969908180566076e-13,1.7936757551176952e-13,1.033150629389124e-14,0,1
4392,5.143227236395296e-13,5.36063427214633e-13,-2.1740703575103452e-14,1,0
4393,6.66942090158193e-13,6.862599647627932e-13,-1.9317874604600142e-14,1,0
4394,1.1051585972934696e-12,1.1542188133157724e-12,-4.906021602230278e-14,1,0
4395,4.155515778743387e-13,4.705201044192233e-13,-5.496852654488457e-14,1,0
4396,1.019648271910363e-11,1.0245593391518382e-11,-4.911067241475238e-14,1,0
4397,7.914636086733399e-12,7.933655479797353e-12,-1.9019393063954562e-14,1,0
4398,6.3004714754193985e-12,6.2341175564379955e-12,6.635391898140302e-14,0,1
4399,5.238151811822378e-13,5.447440549299354e-13,-2.0928873747697676e-14,1,0
4400,1.171939114129282e-12,1.203062876041104e-12,-3.1123761911822e-14,1,0
4401,3.795815413084131e-13,3.8441177382549576e-13,-4.830232517082646e-15,1,0
4402,5.203475485237777e-13,5.791211087256111e-13,-5.877356020183346e-14,1,0
4403,1.9158517978227136e-12,1.897886674292951e-12,1.7965123529762582e-14,0,1
4404,5.65254943775697e-13,6.066658910823364e-13,-4.141094730663941e-14,1,0
4405,2.6276601556678436e-13,2.4522100349957263e-13,1.7545012067211732e-14,0,1
4406,2.1599895052996826e-13,1.8443439652011745e-13,3.156455400985081e-14,0,1
4407,1.1577290483535805e-11,1.1634001295090619e-11,-5.6710811554813805e-14,1,0
4408,3.901295404808648e-13,4.3754250916698034e-13,-4.741296868611554e-14,1,0
4409,4.249923967165638e-13,4.0308123808152876e-13,2.191115863503506e-14,0,1
4410,3.806619597021272e-13,3.3942787216697904e-13,4.123408753514816e-14,0,1
4411,2.227068360901072e-12,2.1752509762733494e-12,5.181738462772254e-14,0,1
4412,5.718294389296784e-13,6.183197657120788e-13,-4.6490326782400466e-14,1,0
4413,7.545197543833723e-13,7.291168560035605e-13,2.5402898379811806e-14,0,1
4414,2.938564914388762e-13,3.574334631375937e-13,-6.357697169871747e-14,1,0
4415,1.0692368755392919e-12,1.0996430688835245e-12,-3.040619334423266e-14,1,0
4416,1.242030262209392e-12,1.2023026564205852e-12,3.972760578880693e-14,0,1
4417,8.730691703804326e-13,9.15347114993252e-13,-4.227794461281948e-14,1,0
4418,1.1128500365943183e-12,1.0718794772463697e-12,4.0970559347948605e-14,0,1
4419,1.4506293735280928e-13,1.4559236386460046e-13,-5.294265117911839e-16,1,0
4420,8.652190007976535e-13,8.123472734134328e-13,5.287172738422073e-14,0,1
4421,4.890408111113041e-13,4.566463632576499e-13,3.2394447853654193e-14,0,1
4422,1.4211545328730617e-12,1.3736419060592116e-12,4.7512626813850136e-14,0,1
4423,1.894551491609872e-12,1.957061221746315e-12,-6.250973013644319e-14,1,0
4424,1.482727488768352e-12,1.4924478630831514e-12,-9.720374314799303e-15,1,0
4425,1.3183733820708329e-12,1.271396632474265e-12,4.697674959656791e-14,0,1
4426,5.861407800315791e-13,5.387330538742494e-13,4.7407726157329677e-14,0,1
4427,4.347219237571032e-13,4.5161905746482455e-13,-1.6897133707721337e-14,1,0
4428,1.1534945343228426e-12,1.1110893899909404e-12,4.2405144331902216e-14,0,1
4429,6.039233751891013e-13,6.069358100242564e-13,-3.0124348351551585e-15,1,0
4430,3.2070661949132783e-13,3.749110229972996e-13,-5.420440350597178e-14,1,0
4431,4.2758339105286025e-13,4.579846256519443e-13,-3.0401234599084063e-14,1,0
4432,4.943569967389628e-13,4.872266826182938e-13,7.130314120669033e-15,0,1
4433,8.44276188000906e-13,8.932895200799651e-13,-4.901333207905915e-14,1,0
4434,3.9365489709495607e-13,4.189423420055231e-13,-2.528744491056704e-14,1,0
4435,1.0659771507071594e-11,1.071205550497482e-11,-5.228399790322573e-14,1,0
4436,1.1842957338951567e-12,1.1323621716178785e-12,5.1933562277278185e-14,0,1
4437,3.74098677871032e-12,3.772587327610904e-12,-3.1600548900583566e-14,1,0
4438,1.0108027477543915e-11,9.34045666321336e-12,7.675708143305561e-13,0,1
4439,3.5119799103644015e-12,3.455012601178869e-12,5.69673091855325e-14,0,1
4440,4.493042987938725e-12,4.4664873818614115e-12,2.6555606077313858e-14,0,1
4441,1.8463734006846884e-13,1.6167520026053226e-13,2.2962139807936582e-14,0,1
4442,5.1984152716774724e-12,5.22446386685373e-12,-2.6048595176257357e-14,1,0
4443,6.563924386053424e-13,6.901867014306352e-13,-3.379426282529285e-14,1,0
4444,2.1973925192153905e-13,2.018944299482656e-13,1.784482197327345e-14,0,1
4445,3.5132677590910823e-13,3.59939600706562e-13,-8.612824797453756e-15,1,0
4446,6.867249254274532e-13,7.343105135369218e-13,-4.7585588109468614e-14,1,0
4447,8.383685206094661e-12,8.343905790864278e-12,3.9779415230383173e-14,0,1
4448,4.7338235367361997e-11,3.852287600359696e-11,8.815359363765035e-12,0,1
4449,4.062262509186548e-13,3.7907853581562616e-13,2.714771510302862e-14,0,1
4450,4.190614954716004e-13,4.662629770147569e-13,-4.72014815431565e-14,1,0
4451,6.627744682437982e-13,6.892858332586737e-13,-2.6511365014875474e-14,1,0
4452,9.58080596984437e-13,9.810982204660438e-13,-2.301762348160687e-14,1,0
4453,1.0761329116480232e-13,1.4589272325664363e-13,-3.827943209184131e-14,1,0
4454,5.299066805593201e-13,5.430241397995021e-13,-1.3117459240182077e-14,1,0
4455,1.0036461894880281e-13,1.1305291035704549e-13,-1.268829140824268e-14,1,0
4456,1.2487159862731295e-12,1.2262007060788178e-12,2.2515280194311643e-14,0,1
4457,3.1897487362296246e-12,3.2382353733368717e-12,-4.848663710724714e-14,1,0
4458,8.206891587064696e-13,7.92906177284066e-13,2.7782981422403557e-14,0,1
4459,6.974178071606553e-13,7.517347189269904e-13,-5.4316911766335074e-14,1,0
4460,2.5974523163545245e-12,2.641476118906635e-12,-4.40238025521105e-14,1,0
4461,6.085922771679699e-13,6.655839654401674e-13,-5.699168827219744e-14,1,0
4462,9.249322542093937e-14,7.488333875839641e-14,1.7609886662542964e-14,0,1
4463,5.738233875854902e-13,6.062591523807578e-13,-3.243576479526756e-14,1,0
4464,4.0339074139786254e-13,4.748497374647361e-13,-7.145899606687353e-14,1,0
4465,2.8159573996149033e-13,3.531121605474607e-13,-7.151642058597037e-14,1,0
4466,3.863750713388511e-13,3.6324596234360706e-13,2.312910899524404e-14,0,1
4467,1.5174268776532132e-13,1.9883118043593752e-13,-4.708849267061621e-14,1,0
4468,2.9344363669047194e-13,3.1089090700204765e-13,-1.7447270311575713e-14,1,0
4469,4.0816611439771504e-13,4.1858913755365743e-13,-1.042302315594239e-14,1,0
4470,1.4206033522846527e-13,9.729785764686719e-14,4.476247758159808e-14,0,1
4471,7.15374153065973e-13,6.520380958107551e-13,6.333605725521787e-14,0,1
4472,1.8760401679045403e-12,1.8531351097731336e-12,2.2905058131406676e-14,0,1
4473,1.3254590750987595e-11,1.3297889012286553e-11,-4.329826129895741e-14,1,0
4474,7.870826315424653e-10,6.663598659036953e-10,1.2072276563876995e-10,0,1
4475,1.0870619832831266e-11,1.0930959517526359e-11,-6.033968469509228e-14,1,0
4476,3.569901375860288e-13,3.344686474152478e-13,2.2521490170781e-14,0,1
4477,4.0667413229944207e-13,4.1681078277189e-13,-1.0136650472447943e-14,1,0
4478,8.438163460674604e-14,9.606204001762844e-14,-1.1680405410882396e-14,1,0
4479,9.093911284245918e-14,1.2891911224891364e-13,-3.797999940645446e-14,1,0
4480,1.1458576446911584e-13,1.3857806147658174e-13,-2.3992297007465897e-14,1,0
4481,2.7289446391716073e-13,3.029329351014206e-13,-3.003847118425988e-14,1,0
4482,7.736521568232343e-13,8.097068743957084e-13,-3.60547175724741e-14,1,0
4483,5.140430613679813e-13,5.379949090270829e-13,-2.3951847659101658e-14,1,0
4484,2.44483686840241e-13,2.483343131794002e-13,-3.850626339159202e-15,1,0
4485,1.1149851970839877e-12,1.0989537041565109e-12,1.603149292747686e-14,0,1
4486,2.188026250848991e-13,2.594747870933166e-13,-4.067216200841753e-14,1,0
