sample,raw_rmse,TEMDnet_rmse,raw_minus_TEMDnet_rmse,harmful_modification
1,1.0784838762371588e-11,1.121752272456992e-11,-4.326839621983311e-13,1
2,1.5913919619697777e-13,3.1009186067682937e-13,-1.509526644798516e-13,1
3,5.045058536158818e-13,8.05544685557911e-13,-3.010388319420292e-13,1
4,1.2579800278982006e-13,3.5633540992632047e-13,-2.305374071365004e-13,1
5,2.6224414468722575e-12,2.7340846301734293e-12,-1.1164318330117178e-13,1
6,3.3760500352719977e-13,5.881012394066232e-13,-2.5049623587942347e-13,1
7,1.7429878545664604e-13,4.0088122161865434e-13,-2.265824361620083e-13,1
8,5.064063477273324e-13,8.129627391054264e-13,-3.065563913780939e-13,1
9,1.2221834502057363e-12,1.444659408763126e-12,-2.224759585573898e-13,1
10,8.86580601639711e-12,9.051874409555367e-12,-1.860683931582568e-13,1
11,2.9334260630963746e-13,4.013743513822716e-13,-1.0803174507263412e-13,1
12,2.952465684005593e-13,4.2400663291288057e-13,-1.2876006451232125e-13,1
13,3.105407251879214e-13,2.265250096453834e-13,8.401571554253799e-14,0
14,2.1444627003763e-13,5.198088546693459e-13,-3.0536258463171594e-13,1
15,1.4722626815289945e-12,1.4217424728037007e-12,5.0520208725293745e-14,0
16,6.670357248459049e-14,3.5447673622116343e-13,-2.877731637365729e-13,1
17,5.48943362885024e-13,8.405310323922039e-13,-2.915876695071799e-13,1
18,1.1552552516893209e-11,1.1273771609418874e-11,2.787809074743348e-13,0
19,2.6002968930063297e-12,2.612840897584199e-12,-1.2544004577869291e-14,1
20,1.7989279178300991e-12,2.0023538594441125e-12,-2.0342594161401342e-13,1
21,1.542072164367391e-13,2.896395671132003e-13,-1.3543235067646118e-13,1
22,1.0451914099964101e-13,3.902968293816988e-13,-2.8577768838205776e-13,1
23,9.361861142930306e-13,1.1349445966902987e-12,-1.987584823972682e-13,1
24,9.46487665338232e-13,8.411234683033623e-13,1.0536419703486968e-13,0
25,9.855184333506867e-13,9.317191689627897e-13,5.379926438789698e-14,0
26,5.576253849911537e-13,4.374583352566455e-13,1.201670497345082e-13,0
27,4.2076206869011947e-13,7.190002485602842e-13,-2.982381798701647e-13,1
28,6.896884822411183e-13,5.635684155303293e-13,1.2612006671078897e-13,0
29,1.7514943990482942e-11,1.728444035948572e-11,2.3050363099722216e-13,0
30,1.040831023528697e-12,9.226392901266529e-13,1.1819173340204417e-13,0
31,2.1114879966108863e-12,1.9036719079045723e-12,2.0781608870631406e-13,0
32,1.215231337581968e-12,1.272310360973637e-12,-5.707902339166891e-14,1
33,4.033085497520431e-13,4.3418827810247307e-13,-3.087972835042995e-14,1
34,7.639724697752526e-14,3.990100740960991e-13,-3.226128271185739e-13,1
35,2.1797419049346468e-13,3.1478663987684123e-13,-9.681244938337656e-14,1
36,2.6016409207013325e-12,2.4170406026979775e-12,1.8460031800335502e-13,0
37,9.192386786855657e-13,7.321031583771406e-13,1.8713552030842512e-13,0
38,2.1432718371410786e-13,4.1293277744445384e-13,-1.9860559373034598e-13,1
39,6.444156440190201e-13,8.286574950886439e-13,-1.8424185106962378e-13,1
40,2.307056842499231e-13,5.534496465420347e-13,-3.227439622921116e-13,1
41,3.8143585080615295e-13,5.920583402398201e-13,-2.106224894336671e-13,1
42,6.445870847691121e-13,9.536121420606723e-13,-3.0902505729156016e-13,1
43,4.023977120518472e-13,4.662645262225434e-13,-6.386681417069621e-14,1
44,2.6601679166894862e-11,2.6545356225338018e-11,5.632294155684429e-14,0
45,3.432997735794639e-11,3.60525304617734e-11,-1.722553103827008e-12,1
46,1.596849729646085e-12,1.3977723256421417e-12,1.9907740400394323e-13,0
47,5.701762612085992e-13,6.143953972300428e-13,-4.421913602144363e-14,1
48,3.45895478124692e-13,2.9577181500995784e-13,5.012366311473417e-14,0
49,6.254700458824888e-13,4.955687451063181e-13,1.299013007761707e-13,0
50,1.8156764326715755e-12,1.5894902237475076e-12,2.2618620892406782e-13,0
51,1.156176242386541e-13,3.414326536756075e-13,-2.258150294369534e-13,1
52,1.6791767232467455e-13,2.6131647355037767e-13,-9.339880122570312e-14,1
53,4.498828685130623e-12,4.538142325888653e-12,-3.931364075803001e-14,1
54,2.654703863678579e-13,5.003796330329923e-13,-2.349092466651344e-13,1
55,1.446046270421192e-13,4.069666276320696e-13,-2.6236200058995037e-13,1
56,4.1432450816276815e-13,3.3923041969586417e-13,7.509408846690398e-14,0
57,3.41484278538024e-13,6.246595575156773e-13,-2.8317527897765333e-13,1
58,6.635667136452155e-14,3.3553589266601177e-13,-2.691792213014902e-13,1
59,1.3322581335438794e-12,1.2211037535884323e-12,1.1115437995544708e-13,0
60,5.659848369659031e-13,8.690568871399357e-13,-3.0307205017403257e-13,1
61,1.0543568716732666e-12,1.1292013167949205e-12,-7.484444512165393e-14,1
62,4.611827518629268e-13,7.165299922321907e-13,-2.553472403692639e-13,1
63,2.0857877851418705e-13,4.758866732452854e-13,-2.673078947310983e-13,1
64,8.643342445355014e-13,8.272561313105993e-13,3.7078113224902133e-14,0
65,4.054968336448436e-13,6.965013861736435e-13,-2.9100455252879985e-13,1
66,3.155745164410265e-13,3.997725613674636e-13,-8.41980449264371e-14,1
67,5.537842307241035e-13,5.117971136143555e-13,4.198711710974796e-14,0
68,4.2542280936411117e-13,5.641717280884196e-13,-1.387489187243084e-13,1
69,4.787534225492258e-13,4.563991957771656e-13,2.2354226772060197e-14,0
70,5.257814258584932e-13,6.876068133168402e-13,-1.6182538745834692e-13,1
71,5.409886367263224e-13,4.668759029823084e-13,7.4112733744014e-14,0
72,5.835575179757029e-13,9.082953973100509e-13,-3.2473787933434803e-13,1
73,1.0222141827875558e-12,9.018846637784068e-13,1.2032951900914904e-13,0
74,7.350811278696733e-13,6.458861301100491e-13,8.919499775962423e-14,0
75,3.7583900820530893e-13,4.4047601537775007e-13,-6.463700717244114e-14,1
76,3.7181972330440305e-13,6.256488185787026e-13,-2.5382909527429957e-13,1
77,5.505955021986773e-12,5.239198060952321e-12,2.667569610344527e-13,0
78,9.319274033213601e-13,1.1988859996846116e-12,-2.6695859636325147e-13,1
79,2.0445080225209485e-13,3.71623144099643e-13,-1.6717234184754813e-13,1
80,3.974512913182264e-12,4.122108912397004e-12,-1.4759599921473985e-13,1
81,1.5200367527880673e-13,4.193552287667512e-13,-2.673515534879445e-13,1
82,6.449752715781917e-13,5.892879650365847e-13,5.5687306541607013e-14,0
83,2.312724100442393e-13,4.546032558499951e-13,-2.2333084580575577e-13,1
84,1.8386041809632673e-12,2.0526592846352666e-12,-2.1405510367199933e-13,1
85,1.2330394085151023e-13,4.082673523949964e-13,-2.8496341154348616e-13,1
86,2.5881698099350944e-11,3.408502196538722e-11,-8.203323866036275e-12,1
87,2.354679737874134e-12,2.591609047283465e-12,-2.369293094093308e-13,1
88,2.234958431832115e-11,2.2523430680972106e-11,-1.7384636265095524e-13,1
89,4.5058123181466617e-13,3.127256436477152e-13,1.3785558816695098e-13,0
90,3.8404599551523435e-13,6.12052802206805e-13,-2.2800680669157064e-13,1
91,2.2933555261574504e-13,3.3890222455383993e-13,-1.0956667193809489e-13,1
92,2.0028751983686275e-12,2.088611205022745e-12,-8.573600665411763e-14,1
93,5.20237280837808e-14,3.3627578090563214e-13,-2.8425205282185133e-13,1
94,1.205235459885804e-13,4.2850394829467897e-13,-3.0798040230609856e-13,1
95,1.524399762537846e-12,1.7497853741554768e-12,-2.2538561161763073e-13,1
96,1.2328348486999588e-13,3.8483659141692906e-13,-2.615531065469332e-13,1
97,3.078861857535456e-13,5.440663894400165e-13,-2.361802036864709e-13,1
98,2.34740112245736e-13,2.8358270826649466e-13,-4.884259602075866e-14,1
99,2.3393137091283863e-13,3.3773366792819375e-13,-1.0380229701535513e-13,1
100,9.72361929364738e-13,1.1144221047149085e-12,-1.4206017535017044e-13,1
101,2.2153375039518224e-13,4.972697516452432e-13,-2.7573600125006096e-13,1
102,1.2379236087470775e-13,3.605750693222098e-13,-2.3678270844750205e-13,1
103,2.238772640747512e-13,3.096151569043316e-13,-8.573789282958039e-14,1
104,1.857392352170793e-13,4.0162152995364373e-13,-2.1588229473656444e-13,1
105,4.799292059575611e-13,5.097776386983574e-13,-2.984843274079638e-14,1
106,4.840056307340151e-13,5.211222912322044e-13,-3.711666049818933e-14,1
107,1.0930636601243155e-13,3.5908079744627855e-13,-2.49774431433847e-13,1
108,4.711391873118284e-13,7.177585578412663e-13,-2.466193705294379e-13,1
109,6.315140683679237e-13,7.216254316074204e-13,-9.011136323949673e-14,1
110,5.357218993785905e-13,4.006032775433345e-13,1.35118621835256e-13,0
111,2.8864444881703344e-13,5.744062712094288e-13,-2.857618223923954e-13,1
112,1.404451348097447e-13,4.598731482204186e-13,-3.194280134106739e-13,1
113,1.6516761390699563e-13,4.803998952250072e-13,-3.152322813180116e-13,1
114,6.266067095744543e-13,9.011539424378483e-13,-2.7454723286339397e-13,1
115,8.553943618614296e-13,9.67867465104798e-13,-1.1247310324336831e-13,1
116,1.1777975047952934e-09,1.146577836108085e-09,3.121966868720853e-11,0
117,3.9506413261587633e-13,6.936326239681894e-13,-2.9856849135231304e-13,1
118,5.171643677485075e-13,3.8231946188066737e-13,1.3484490586784015e-13,0
119,1.0198034190530568e-13,3.245268515134624e-13,-2.2254650960815674e-13,1
120,5.233687865345829e-12,5.450743647867755e-12,-2.1705578252192598e-13,1
121,4.304767119095113e-13,4.1485810961556903e-13,1.561860229394227e-14,0
122,5.363142088942823e-13,4.814384579704103e-13,5.487575092387202e-14,0
123,1.8251208146144212e-13,4.393138037927162e-13,-2.568017223312741e-13,1
124,4.958845357887086e-13,5.849649063221428e-13,-8.908037053343419e-14,1
125,6.711528860995027e-13,9.146208206103808e-13,-2.4346793451087804e-13,1
126,6.283940251547937e-13,5.919570288187914e-13,3.6436996336002244e-14,0
127,3.0320196363340716e-13,5.477666449461389e-13,-2.4456468131273173e-13,1
128,3.297505788882763e-13,4.303660744061237e-13,-1.0061549551784744e-13,1
129,5.249197220334048e-10,3.854864139470428e-10,1.3943330808636202e-10,0
130,2.1145656969291625e-13,4.895252785960153e-13,-2.78068708903099e-13,1
131,4.4374305940637317e-13,4.996857823689092e-13,-5.594272296253598e-14,1
132,1.0942194866916876e-11,1.0768118043525037e-11,1.740768233918395e-13,0
133,4.264406719578618e-13,6.860748805132834e-13,-2.596342085554216e-13,1
134,6.964973979524396e-13,9.709474401796655e-13,-2.7445004222722585e-13,1
135,8.087982498879185e-13,9.750359268001988e-13,-1.662376769122803e-13,1
136,1.2748276140659128e-12,1.3107693098490193e-12,-3.594169578310646e-14,1
137,9.86963827962153e-13,1.1970848313194676e-12,-2.1012100335731455e-13,1
138,5.159360160488601e-13,3.3770405218806865e-13,1.7823196386079148e-13,0
139,3.7652215365825803e-13,5.547124299113319e-13,-1.781902762530739e-13,1
140,1.8195127826537405e-13,4.701125444531188e-13,-2.8816126618774477e-13,1
141,2.8052969493030877e-13,5.440613745222509e-13,-2.635316795919421e-13,1
142,6.523099314149775e-12,6.5892880247483006e-12,-6.618871059852524e-14,1
143,4.4829793951689967e-13,5.949430962525641e-13,-1.4664515673566444e-13,1
144,3.5978339656029216e-13,6.317291080099411e-13,-2.7194571144964896e-13,1
145,3.3938654958923e-13,4.923120878826602e-13,-1.5292553829343022e-13,1
146,1.3746363297873696e-12,1.3289539332081996e-12,4.5682396579169975e-14,0
147,1.5110513636673915e-13,3.185351485284994e-13,-1.6743001216176026e-13,1
148,6.122284155443488e-13,4.609035095600743e-13,1.513249059842745e-13,0
149,1.350446147997679e-13,3.543167812738041e-13,-2.1927216647403622e-13,1
150,9.332148038855894e-13,9.522813084172797e-13,-1.9066504531690243e-14,1
151,4.933475441614302e-13,6.931411155631899e-13,-1.9979357140175973e-13,1
152,5.209513346296668e-13,4.880013341552646e-13,3.2950000474402193e-14,0
153,2.5697722016914667e-12,2.7449467668960636e-12,-1.7517456520459682e-13,1
154,5.375735841849843e-13,5.093335630924027e-13,2.8240021092581553e-14,0
155,1.3932980747945162e-13,4.3210343870880265e-13,-2.9277363122935103e-13,1
156,6.6544239246808105e-12,6.448621492128474e-12,2.0580243255233628e-13,0
157,5.227964060786564e-12,5.460394053190833e-12,-2.324299924042695e-13,1
158,1.0856368271745317e-13,3.8770528718930677e-13,-2.791416044718536e-13,1
159,8.316794676075607e-13,1.0552105981965333e-12,-2.2353113058897253e-13,1
160,5.95665486335572e-14,3.542030395925719e-13,-2.946364909590147e-13,1
161,5.14157738808375e-13,7.872869439744695e-13,-2.7312920516609453e-13,1
162,4.775822397775203e-13,7.23909311462571e-13,-2.463270716850507e-13,1
163,3.1117517566795983e-12,3.3449438099700954e-12,-2.331920532904971e-13,1
164,6.032060893645315e-12,5.950555452836002e-12,8.150544080931286e-14,0
165,2.512511376538952e-11,2.50362380485763e-11,8.88757168132217e-14,0
166,3.0182209767009987e-13,5.117628959454038e-13,-2.099407982753039e-13,1
167,4.758193679694562e-13,4.638570398427079e-13,1.196232812674828e-14,0
168,4.671884730699557e-13,4.222039208643723e-13,4.4984552205583377e-14,0
169,5.217460243461336e-12,5.163348696928815e-12,5.411154653252122e-14,0
170,2.0601711521891444e-13,3.5450780798554737e-13,-1.4849069276663293e-13,1
171,8.792782062120355e-13,1.0276720279924884e-12,-1.4839382178045293e-13,1
172,1.5030913364427966e-13,3.8812802991983825e-13,-2.3781889627555857e-13,1
173,9.450247824024838e-13,9.424074368748307e-13,2.6173455276530653e-15,0
174,3.117395625496541e-13,3.9423193267691456e-13,-8.249237012726045e-14,1
175,1.8724648457728855e-13,4.735471452228966e-13,-2.86300660645608e-13,1
176,5.055273458196575e-13,5.866057367246767e-13,-8.107839090501919e-14,1
177,1.4721511988696446e-12,1.7244463486825756e-12,-2.5229514981293104e-13,1
178,4.781136573369938e-13,4.686585166776593e-13,9.455140659334522e-15,0
179,7.213843030761659e-13,5.275551744826083e-13,1.9382912859355762e-13,0
180,3.6810187300473857e-13,3.4216943836583936e-13,2.5932434638899205e-14,0
181,3.7180775096222605e-13,5.744668680066511e-13,-2.0265911704442503e-13,1
182,4.754470485785684e-13,4.60172098154148e-13,1.527495042442042e-14,0
183,4.692200512240696e-13,6.167427434633782e-13,-1.475226922393086e-13,1
184,7.929647873953784e-13,6.605899569408404e-13,1.3237483045453804e-13,0
185,1.9981979839658688e-13,5.13782054098109e-13,-3.139622557015221e-13,1
186,1.3844655407166272e-12,1.6731034975171324e-12,-2.8863795680050516e-13,1
187,4.090372818510291e-13,4.5262704816352765e-13,-4.358976631249855e-14,1
188,1.9089446479628577e-12,1.7464606399338844e-12,1.624840080289733e-13,0
189,8.975835886401886e-14,3.51976712510585e-13,-2.622183536465662e-13,1
190,2.7402881898261604e-13,4.619045866340931e-13,-1.8787576765147702e-13,1
191,3.416616271984461e-13,5.657304379370454e-13,-2.240688107385993e-13,1
192,6.363637165127422e-13,7.338958538928661e-13,-9.753213738012395e-14,1
193,5.869417622218071e-13,7.919900461338851e-13,-2.0504828391207798e-13,1
194,1.5464749145263556e-12,1.7516194058235686e-12,-2.0514449129721303e-13,1
195,1.2946175882092557e-13,4.081459876710088e-13,-2.786842288500832e-13,1
196,6.071176786237042e-13,6.734929127701815e-13,-6.637523414647726e-14,1
197,2.51267331951941e-12,2.2944660817295272e-12,2.1820723778988294e-13,0
198,3.145294138890034e-11,3.194201023081895e-11,-4.890688419186136e-13,1
199,2.5600164946974142e-12,2.5126267067919866e-12,4.7389787905427695e-14,0
200,2.2336127026690717e-13,3.2879222953271583e-13,-1.0543095926580866e-13,1
201,1.7186619348059305e-13,3.4600003076596576e-13,-1.7413383728537271e-13,1
202,3.1652627947792123e-13,5.906997015933188e-13,-2.741734221153976e-13,1
203,2.5828936751471148e-12,2.7045739376307675e-12,-1.2168026248365278e-13,1
204,3.2274926477264106e-13,5.206548226846898e-13,-1.9790555791204877e-13,1
205,2.122197551486426e-11,2.1054600934029384e-11,1.6737458083487563e-13,0
206,6.464498812968e-13,4.803083870062566e-13,1.6614149429054344e-13,0
207,1.1835431953528363e-13,3.558711013311831e-13,-2.3751678179589946e-13,1
208,9.040953296930617e-12,8.78883021232038e-12,2.5212308461023696e-13,0
209,3.9355869690092705e-12,4.082980155305317e-12,-1.4739318629604636e-13,1
210,4.368444488702083e-13,7.036825676756407e-13,-2.668381188054324e-13,1
211,3.9049413003183877e-13,6.488138732213127e-13,-2.5831974318947397e-13,1
212,5.372558399016051e-13,6.757245565695276e-13,-1.3846871666792246e-13,1
213,7.519006668040458e-13,9.200715887148164e-13,-1.6817092191077052e-13,1
214,3.2480167706477493e-13,5.257310978448955e-13,-2.0092942078012054e-13,1
215,3.859870389198023e-13,6.466877682547431e-13,-2.6070072933494083e-13,1
216,3.0254941714518458e-12,2.776546179825803e-12,2.4894799162604285e-13,0
217,5.962282381178004e-12,5.847708092875582e-12,1.1457428830242218e-13,0
218,1.3822109639048826e-12,1.2695158372730385e-12,1.1269512663184411e-13,0
219,1.7940633036330153e-13,3.9490294991100866e-13,-2.1549661954770714e-13,1
220,1.207386131968643e-13,3.3949216824354654e-13,-2.1875355504668224e-13,1
221,7.66460922118509e-13,1.0402340314935867e-12,-2.737731093750777e-13,1
222,1.4879182540435424e-12,1.3083953278236312e-12,1.7952292621991116e-13,0
223,3.180355894451435e-13,5.831131671845519e-13,-2.6507757773940846e-13,1
224,1.0877806161731213e-12,1.0544682307751598e-12,3.331238539796155e-14,0
225,1.1408604156758425e-12,1.33506254221289e-12,-1.9420212653704752e-13,1
226,1.1603266851597413e-12,9.568963971475158e-13,2.0343028801222557e-13,0
227,2.3694016407579746e-12,2.3281889287323235e-12,4.121271202565103e-14,0
228,4.717342991332963e-13,4.148003944709525e-13,5.693390466234377e-14,0
229,4.2079981946675673e-13,3.8311932459686113e-13,3.7680494869895597e-14,0
230,2.3482880653487324e-13,4.633132326310676e-13,-2.284844260961944e-13,1
231,1.4680729834343298e-13,2.769349693259208e-13,-1.3012767098248784e-13,1
232,6.105562229050791e-13,4.2895055685248316e-13,1.8160566605259592e-13,0
233,5.484474219687044e-13,4.472573257992487e-13,1.0119009616945573e-13,0
234,8.505030805386498e-13,6.976350645341975e-13,1.5286801600445234e-13,0
235,6.727284128458741e-13,9.54897287370069e-13,-2.821688745241949e-13,1
236,1.3673840475872683e-11,1.3490538700656375e-11,1.8330177521630778e-13,0
237,3.4681932469936084e-13,5.665002605916927e-13,-2.1968093589233188e-13,1
238,3.178433583466739e-13,5.934880856276612e-13,-2.7564472728098727e-13,1
239,3.5158330598331004e-12,3.706153275069767e-12,-1.9032021523666654e-13,1
240,1.4651017588102556e-13,4.676814257540405e-13,-3.211712498730149e-13,1
241,1.7794995816040983e-12,1.8933000963930717e-12,-1.1380051478897342e-13,1
242,1.7139696091630006e-11,1.7345201767577014e-11,-2.0550567594700823e-13,1
243,4.795627954784886e-13,6.765679370935722e-13,-1.970051416150836e-13,1
244,3.9876518811783816e-13,5.618634042224266e-13,-1.6309821610458842e-13,1
245,5.678552738993384e-13,4.573614615398202e-13,1.1049381235951818e-13,0
246,4.827906171691909e-13,6.564199954650403e-13,-1.7362937829584943e-13,1
247,1.4920683597632467e-13,3.767088098915046e-13,-2.275019739151799e-13,1
248,1.712881634546679e-13,3.785074146731059e-13,-2.07219251218438e-13,1
249,7.663260155668453e-13,7.651043024795667e-13,1.2217130872785933e-15,0
250,8.948736157969493e-13,8.62018279398097e-13,3.285533639885232e-14,0
251,1.428751851506446e-13,3.30866499892698e-13,-1.8799131474205338e-13,1
252,1.1974347096114342e-12,1.0537772931485713e-12,1.4365741646286291e-13,0
253,2.8377227447883654e-13,4.940079782007423e-13,-2.102357037219058e-13,1
254,1.4019534650806014e-13,3.5068788754587564e-13,-2.104925410378155e-13,1
255,3.9615337800694603e-13,3.933954453812159e-13,2.757932625730149e-15,0
256,3.2590259432436383e-13,5.537453284189752e-13,-2.278427340946114e-13,1
257,3.4836698813886837e-13,5.669254715795509e-13,-2.1855848344068255e-13,1
258,5.367205535882304e-13,4.665574529841426e-13,7.016310060408777e-14,0
259,6.678191515287765e-13,5.636702040213896e-13,1.0414894750738686e-13,0
260,1.427673369939949e-12,1.5242742909131457e-12,-9.660092097319667e-14,1
261,8.28009453276298e-14,3.618946149391181e-13,-2.790936696114883e-13,1
262,4.354104225587518e-13,5.598387533555712e-13,-1.2442833079681938e-13,1
263,8.443298383150955e-13,1.0117548910254434e-12,-1.6742505271034785e-13,1
264,1.1716940768132225e-12,1.4261842696244934e-12,-2.5449019281127094e-13,1
265,3.659696711418938e-13,4.857502454453094e-13,-1.1978057430341557e-13,1
266,1.3613592745337785e-13,2.945179500031327e-13,-1.5838202254975485e-13,1
267,1.0265980024827808e-11,1.0398335971236067e-11,-1.3235594640825914e-13,1
268,1.0423908212627799e-12,1.0810374423777847e-12,-3.86466211150048e-14,1
269,6.566332565534327e-12,6.494291486279775e-12,7.204107925455257e-14,0
270,3.0102194574660385e-13,4.827925202945388e-13,-1.8177057454793496e-13,1
271,1.3903731232895703e-13,3.1157026436045e-13,-1.72532952031493e-13,1
272,3.480604414711305e-13,6.063073638440845e-13,-2.5824692237295407e-13,1
273,1.584510834847429e-13,4.655698906864157e-13,-3.071188072016728e-13,1
274,1.2217774289210172e-13,3.387282000805751e-13,-2.165504571884734e-13,1
275,1.5689217110029355e-13,3.877624005117314e-13,-2.3087022941143785e-13,1
276,2.2211041984328305e-13,4.998035654550953e-13,-2.776931456118122e-13,1
277,7.065784119383836e-13,7.38744431374589e-13,-3.2166019436205365e-14,1
278,2.3059039227864633e-13,3.159655482686599e-13,-8.537515599001358e-14,1
279,2.811100769466768e-13,4.4826810083543427e-13,-1.6715802388875745e-13,1
280,7.941239248944749e-13,9.255158384374938e-13,-1.3139191354301892e-13,1
281,1.9039585789012636e-12,2.186834020943876e-12,-2.828754420426125e-13,1
282,6.950536078201243e-13,9.738877479305144e-13,-2.7883414011039006e-13,1
283,6.099572264242565e-12,6.075573832726744e-12,2.3998431515821035e-14,0
284,7.079476102332396e-13,6.298120718727081e-13,7.813553836053154e-14,0
285,1.8560721474107003e-13,3.770017339161445e-13,-1.9139451917507444e-13,1
286,3.7549267510493726e-13,5.127146436578599e-13,-1.3722196855292267e-13,1
287,1.1034731799706143e-13,4.259403313299092e-13,-3.155930133328478e-13,1
288,9.690184072156468e-12,9.92303375934168e-12,-2.328496871852121e-13,1
289,8.58921747824759e-13,1.1286885548083772e-12,-2.6976680698361817e-13,1
290,1.691283602884306e-12,1.5282305697853704e-12,1.630530330989356e-13,0
291,2.5980610856721957e-13,3.275071694996408e-13,-6.770106093242121e-14,1
292,1.5321863416227652e-13,3.1914346710365565e-13,-1.6592483294137912e-13,1
293,8.411106706347586e-12,8.554242979633274e-12,-1.4313627328568838e-13,1
294,1.1919996325848112e-12,1.1213193188630934e-12,7.068031372171773e-14,0
295,3.776469750977455e-13,5.584490256812179e-13,-1.8080205058347244e-13,1
296,9.757452888543187e-12,9.93077606570113e-12,-1.733231771579439e-13,1
297,2.366453430491529e-13,2.6873766778706856e-13,-3.2092324737915665e-14,1
298,8.131833028042094e-13,8.124891120649607e-13,6.94190739248734e-16,0
299,5.29505466139933e-13,7.817951059644123e-13,-2.522896398244793e-13,1
300,1.4460982460246442e-13,3.8678632544682537e-13,-2.4217650084436095e-13,1
301,5.37492542884464e-13,7.280544381833903e-13,-1.9056189529892632e-13,1
302,7.037750526260892e-13,7.224167531333021e-13,-1.8641700507212956e-14,1
303,6.933376253278267e-13,6.568633774382245e-13,3.647424788960212e-14,0
304,2.703858963135784e-13,3.932417357944371e-13,-1.2285583948085873e-13,1
305,4.642594213706808e-13,3.304468980427407e-13,1.3381252332794007e-13,0
306,4.438561141180323e-12,4.486250065340784e-12,-4.7688924160461314e-14,1
307,1.1910419327918774e-12,1.323992454615741e-12,-1.329505218238636e-13,1
308,3.03483465297487e-13,5.161608555545878e-13,-2.1267739025710079e-13,1
309,1.1976835949392002e-11,1.2160450589384182e-11,-1.8361463999217979e-13,1
310,1.932577712917523e-12,1.980208878657772e-12,-4.763116574024875e-14,1
311,7.424858260058806e-12,7.710484831920178e-12,-2.8562657186137253e-13,1
312,1.167459175264168e-12,1.3519973123099613e-12,-1.845381370457933e-13,1
313,1.3636446682659163e-11,1.3604538593027483e-11,3.1908089631680505e-14,0
314,9.527618816976537e-12,9.660430116580131e-12,-1.3281129960359435e-13,1
315,1.1110619153311842e-12,1.1255045744931592e-12,-1.444265916197505e-14,1
316,2.3710189974510337e-13,5.042265279516548e-13,-2.671246282065515e-13,1
317,2.0804890257614593e-12,2.2829397304966626e-12,-2.024507047352033e-13,1
318,3.0414362092025664e-13,5.679968435283429e-13,-2.638532226080862e-13,1
319,9.725983778817747e-13,1.0382468082494835e-12,-6.564843036770881e-14,1
320,1.5337694059002941e-12,1.3408431282059406e-12,1.9292627769435358e-13,0
321,1.6332147908919904e-12,1.9155898856807005e-12,-2.823750947887101e-13,1
322,2.1741329820421935e-12,2.2415863667147036e-12,-6.745338467251008e-14,1
323,2.450750998269704e-13,4.04306782527087e-13,-1.5923168270011656e-13,1
324,9.623692578418168e-12,9.467692099349663e-12,1.5600047906850563e-13,0
325,1.3199693159654858e-12,1.564813700188255e-12,-2.448443842227693e-13,1
326,1.6729586299535523e-12,1.6771507309251387e-12,-4.192100971586441e-15,1
327,1.973295955389973e-13,5.227581866875355e-13,-3.2542859114853823e-13,1
328,2.932916142900553e-13,3.2162816678333883e-13,-2.8336552493283507e-14,1
329,2.7226160530158877e-13,3.9617938050634926e-13,-1.239177752047605e-13,1
330,1.1959085652113264e-13,3.929301930101641e-13,-2.7333933648903145e-13,1
331,1.2529928443942678e-13,4.254548063349732e-13,-3.001555218955464e-13,1
332,5.836436382289455e-13,5.718800425990258e-13,1.1763595629919703e-14,0
333,8.106914878658972e-13,1.0945760196712172e-12,-2.8388453180532e-13,1
334,1.8749421369409815e-13,3.2641144016412095e-13,-1.389172264700228e-13,1
335,6.500502614272978e-13,8.66415998614833e-13,-2.1636573718753523e-13,1
336,2.523047800352987e-13,4.0015895601006217e-13,-1.478541759747635e-13,1
337,1.9372519626396807e-11,1.9406719391088212e-11,-3.419976469140446e-14,1
338,4.807234682107836e-12,4.6639919644469264e-12,1.4324271766090955e-13,0
339,4.5129810661866767e-13,6.811951204595918e-13,-2.298970138409241e-13,1
340,1.2583076106201003e-12,1.479699086637259e-12,-2.2139147601715869e-13,1
341,6.157362532317368e-13,4.408942595708755e-13,1.7484199366086132e-13,0
342,1.2301988483221813e-12,1.4755946780508225e-12,-2.4539582972864114e-13,1
343,8.089713595004304e-13,6.459464412048021e-13,1.630249182956283e-13,0
344,3.1105243486973253e-13,5.310788113076349e-13,-2.2002637643790239e-13,1
345,1.302930649545611e-12,1.4318635724571555e-12,-1.2893292291154446e-13,1
346,9.016151296545757e-13,1.1169165952157878e-12,-2.1530146556121212e-13,1
347,3.934142285390481e-13,5.151235014678208e-13,-1.2170927292877274e-13,1
348,7.613233959760118e-13,6.885880726700292e-13,7.273532330598255e-14,0
349,1.774605711913603e-12,1.6501694281968106e-12,1.2443628371679243e-13,0
350,1.8242058255095896e-13,4.84806552835654e-13,-3.0238597028469497e-13,1
351,3.929536976335306e-13,4.839632018239445e-13,-9.100950419041388e-14,1
352,1.9918747697211123e-13,3.0641600148440265e-13,-1.0722852451229142e-13,1
353,8.388351421111088e-14,3.8715056222508674e-13,-3.0326704801397584e-13,1
354,7.721025508526911e-13,9.346382629634323e-13,-1.6253571211074122e-13,1
355,1.225321805911539e-13,3.4449404614250223e-13,-2.2196186555134832e-13,1
356,3.88818849155002e-13,6.589348001438388e-13,-2.701159509888368e-13,1
357,2.2462395284930994e-12,2.023409005222634e-12,2.2283052327046517e-13,0
358,3.827714360042733e-13,4.0014629899947547e-13,-1.737486299520218e-14,1
359,2.0409043591476467e-13,4.0866995660402653e-13,-2.0457952068926186e-13,1
360,2.029803221577327e-13,4.3624824003225444e-13,-2.3326791787452175e-13,1
361,1.8990377058185834e-13,4.830590708662212e-13,-2.931553002843628e-13,1
362,3.3905543523406267e-13,6.203372993754384e-13,-2.812818641413757e-13,1
363,8.021312440218779e-13,1.0501268837408063e-12,-2.479956397189284e-13,1
364,6.62379050650189e-13,8.393310575282074e-13,-1.7695200687801842e-13,1
365,3.9116860726746355e-13,5.92326689815687e-13,-2.011580825482235e-13,1
366,1.9035116734208435e-12,2.1057588015888655e-12,-2.02247128168022e-13,1
367,2.552657256562204e-13,4.970696418013672e-13,-2.418039161451468e-13,1
368,7.052906018096422e-13,7.739914731873662e-13,-6.8700871377724e-14,1
369,1.735784961030809e-13,2.850776714208746e-13,-1.1149917531779372e-13,1
370,1.2426810142539195e-12,1.2422252235288735e-12,4.557907250459134e-16,0
371,6.274930183492676e-13,6.527820897903508e-13,-2.528907144108324e-14,1
372,1.3036331829889006e-13,3.5470778657322e-13,-2.2434446827432994e-13,1
373,1.5774081829860777e-13,3.7769367398031247e-13,-2.199528556817047e-13,1
374,1.0698870745293049e-12,1.2901389505258548e-12,-2.2025187599654995e-13,1
375,9.174173838591048e-13,6.932090491793826e-13,2.242083346797222e-13,0
376,2.609484458785301e-13,2.4098600807988263e-13,1.9962437798647483e-14,0
377,3.051018388801841e-13,5.229823364356394e-13,-2.1788049755545527e-13,1
378,9.274019264127548e-13,1.1087009000928864e-12,-1.812989736801316e-13,1
379,1.6824949818815278e-12,1.5261515420720518e-12,1.5634343980947604e-13,0
380,9.666445959050988e-13,1.2525623055917292e-12,-2.8591770968663045e-13,1
381,1.874579988567822e-13,2.6826936643555114e-13,-8.081136757876894e-14,1
382,2.6551209297356326e-13,4.754623174966061e-13,-2.0995022452304284e-13,1
383,6.466756620546989e-13,5.231653249873192e-13,1.2351033706737973e-13,0
384,1.963306244127063e-12,2.1280137133001874e-12,-1.6470746917312425e-13,1
385,2.132211445243331e-12,2.3680598736700505e-12,-2.3584842842671963e-13,1
386,3.6820777850285345e-13,6.558347677129208e-13,-2.876269892100673e-13,1
387,3.2413301807204656e-13,3.9916267393459124e-13,-7.502965586254468e-14,1
388,2.3236921115869907e-13,3.953460529584384e-13,-1.6297684179973932e-13,1
389,2.113125329270589e-12,2.3564240328497187e-12,-2.4329870357912977e-13,1
390,4.1383375584291325e-12,4.364757266667121e-12,-2.2641970823798864e-13,1
391,3.824694347905581e-13,5.620235311504773e-13,-1.7955409635991919e-13,1
392,2.052355895956762e-11,2.2411383348262012e-11,-1.887824388694393e-12,1
393,3.4197884106351327e-13,3.054840112730431e-13,3.6494829790470193e-14,0
394,6.167848690030777e-12,6.450040797916071e-12,-2.821921078852939e-13,1
395,1.876738459962649e-13,3.1692377398580855e-13,-1.2924992798954366e-13,1
396,1.4150740339306479e-12,1.6311763634524115e-12,-2.1610232952176362e-13,1
397,3.323236429052923e-13,3.689556858872144e-13,-3.6632042981922093e-14,1
398,1.224761721910941e-13,3.761350149182871e-13,-2.53658842727193e-13,1
399,2.2183043625066357e-13,5.156278222355975e-13,-2.937973859849339e-13,1
400,1.387609246789826e-13,4.1296811185965833e-13,-2.7420718718067576e-13,1
401,1.0488865200466474e-13,3.1370305373937756e-13,-2.0881440173471282e-13,1
402,2.2414959303816186e-13,5.320506529264038e-13,-3.079010598882419e-13,1
403,7.847289377490672e-12,1.09473304658028e-11,-3.1000410883121274e-12,1
404,3.995235116263556e-13,7.12355974329932e-13,-3.128324627035764e-13,1
405,3.3331439338826715e-13,3.6482309290077397e-13,-3.150869951250682e-14,1
406,8.356526366161574e-13,8.340263489367713e-13,1.6262876793860527e-15,0
407,2.5890794596935136e-13,4.690782676806473e-13,-2.1017032171129592e-13,1
408,1.5071820268396785e-13,4.565842940468268e-13,-3.0586609136285894e-13,1
409,2.9616453646104423e-10,2.3835487897748077e-10,5.780965748356346e-11,0
410,1.0565645277953873e-12,1.2671702043178675e-12,-2.1060567652248022e-13,1
411,6.923731551886734e-13,7.826263642664212e-13,-9.02532090777478e-14,1
412,7.242665186052342e-13,8.914666190334446e-13,-1.6720010042821035e-13,1
413,3.4893883268027566e-13,4.996931481316463e-13,-1.5075431545137069e-13,1
414,2.407368163297223e-13,2.4976701651217105e-13,-9.030200182448737e-15,1
415,2.793745765701254e-13,4.1940856701439404e-13,-1.4003399044426865e-13,1
416,2.714967574145553e-13,5.199552227771957e-13,-2.4845846536264037e-13,1
417,2.1068186733956172e-13,5.158790092132834e-13,-3.051971418737217e-13,1
418,4.042378366824463e-13,6.64149416538984e-13,-2.599115798565377e-13,1
419,1.6712650944338033e-12,1.882669485228335e-12,-2.1140439079453153e-13,1
420,3.994902173906351e-13,6.439856981038818e-13,-2.444954807132467e-13,1
421,1.2727379030787673e-12,1.4021574194380342e-12,-1.2941951635926687e-13,1
422,1.3609752045193009e-12,1.6356851450956634e-12,-2.7470994057636256e-13,1
423,3.919206545141246e-13,6.581575593233319e-13,-2.662369048092073e-13,1
424,3.8073017935910656e-13,4.071887578729351e-13,-2.6458578513828563e-14,1
425,8.285353081244462e-13,7.544835095695211e-13,7.405179855492516e-14,0
426,4.238668468285757e-14,3.577990228106462e-13,-3.154123381277886e-13,1
427,1.276098426935655e-13,3.02713264689492e-13,-1.7510342199592648e-13,1
428,7.937540142804447e-14,3.449867939558585e-13,-2.6561139252781405e-13,1
429,1.4100505037496164e-13,3.02737821769075e-13,-1.617327713941134e-13,1
430,1.2561739824203962e-13,3.7235523795719103e-13,-2.467378397151514e-13,1
431,4.0368728977494386e-13,6.640548350694272e-13,-2.603675452944833e-13,1
432,3.2014109530940086e-13,2.7135401622420445e-13,4.878707908519641e-14,0
433,2.968702401595345e-13,4.786977146259827e-13,-1.8182747446644816e-13,1
434,1.147759404015551e-12,1.28541045468958e-12,-1.3765105067402914e-13,1
435,1.129124348083289e-12,1.1033778187992195e-12,2.5746529284069548e-14,0
436,4.545178942594119e-13,3.588285067092588e-13,9.56893875501531e-14,0
437,1.3495861020123415e-12,1.1768263604909698e-12,1.7275974152137168e-13,0
438,9.288457293765904e-13,1.1083667873325812e-12,-1.7952105795599078e-13,1
439,5.629972621846169e-13,6.821977533986384e-13,-1.1920049121402158e-13,1
440,6.488896346821122e-12,6.566547664026592e-12,-7.765131720546995e-14,1
441,2.2241780922200458e-13,3.637785027507691e-13,-1.4136069352876454e-13,1
442,4.67572264324725e-13,7.046067723022074e-13,-2.370345079774824e-13,1
443,4.858405028329645e-13,5.294313258231613e-13,-4.359082299019677e-14,1
444,6.577960922801877e-12,6.590775773923229e-12,-1.2814851121352166e-14,1
445,4.2364085179109264e-13,6.478386075482673e-13,-2.241977557571747e-13,1
446,8.348167988482148e-13,8.794033497338234e-13,-4.458655088560867e-14,1
447,1.7153839249878984e-13,3.4211688818774977e-13,-1.7057849568895993e-13,1
448,4.0969236029079026e-13,5.262707669776415e-13,-1.1657840668685126e-13,1
449,1.7952298798646774e-12,1.608887086617823e-12,1.8634279324685446e-13,0
450,5.543903833719587e-13,5.62477065018258e-13,-8.086681646299305e-15,1
451,1.7562049895101326e-13,4.262733248372186e-13,-2.5065282588620534e-13,1
452,3.3685279735658437e-12,3.191964862712161e-12,1.7656311085368277e-13,0
453,2.4257813162854428e-12,2.2374407849068456e-12,1.883405313785972e-13,0
454,2.420591480187443e-13,4.477743726742923e-13,-2.0571522465554801e-13,1
455,3.8316521591958675e-13,6.697629420468081e-13,-2.8659772612722136e-13,1
456,6.546477492750667e-13,8.229241971928651e-13,-1.6827644791779842e-13,1
457,1.3431201269386986e-12,1.5579684331243767e-12,-2.148483061856781e-13,1
458,1.768826212060901e-13,4.689890113042158e-13,-2.921063900981256e-13,1
459,2.4242574088209827e-12,2.3906579992944928e-12,3.359940952648991e-14,0
460,1.014118373132152e-13,3.54841117769914e-13,-2.534292804566988e-13,1
461,7.281685278572912e-11,6.002394866843662e-11,1.2792904117292503e-11,0
462,2.6373475923727473e-13,5.371787123377498e-13,-2.734439531004751e-13,1
463,1.498950906091964e-11,1.517571541784729e-11,-1.8620635692764791e-13,1
464,2.082626442586103e-12,2.2834049294387887e-12,-2.0077848685268575e-13,1
465,2.6156723196310433e-12,2.699169673603212e-12,-8.349735397216884e-14,1
466,2.4593159737050425e-12,2.7176609824847318e-12,-2.583450087796893e-13,1
467,4.900634759451672e-13,5.717470740633271e-13,-8.168359811815994e-14,1
468,2.2690250447972522e-13,3.7987245946987145e-13,-1.5296995499014622e-13,1
469,1.9817119306287725e-13,3.789712740862115e-13,-1.8080008102333423e-13,1
470,3.3940994060371916e-13,5.404597232976402e-13,-2.0104978269392107e-13,1
471,7.090018259035232e-14,3.7487802250998717e-13,-3.0397783991963486e-13,1
472,9.704275050582215e-13,1.2362998975553505e-12,-2.6587239249712907e-13,1
473,6.17880578889286e-12,6.0539266911344765e-12,1.248790977583834e-13,0
474,5.244737407140882e-13,5.311130044868686e-13,-6.6392637727803835e-15,1
475,3.179940497980376e-12,3.0776888817421583e-12,1.0225161623821782e-13,0
476,1.1668107167152447e-12,1.3401326538774517e-12,-1.73321937162207e-13,1
477,3.9413854440049894e-13,6.874825581858617e-13,-2.9334401378536277e-13,1
478,9.82019679862272e-13,1.2471233066739375e-12,-2.651036268116655e-13,1
479,3.571262888734257e-13,6.137673329412853e-13,-2.5664104406785955e-13,1
480,3.9521697084687435e-13,4.1027206900465456e-13,-1.505509815778021e-14,1
481,1.5580640583144478e-12,1.7716529688033466e-12,-2.1358891048889884e-13,1
482,3.148144361133578e-13,5.145101794167606e-13,-1.9969574330340276e-13,1
483,4.5438817029300723e-13,6.963451866194732e-13,-2.41957016326466e-13,1
484,2.2168414822474918e-13,2.7777126004493855e-13,-5.6087111820189374e-14,1
485,2.2351816703577016e-13,4.2425270286034737e-13,-2.007345358245772e-13,1
486,2.8993221339914924e-13,4.878221871200327e-13,-1.9788997372088344e-13,1
487,2.640725728898801e-13,3.1550747496812744e-13,-5.143490207824733e-14,1
488,3.726263177924409e-13,6.335461487586424e-13,-2.609198309662015e-13,1
489,3.273108683848647e-13,5.059907886646582e-13,-1.786799202797935e-13,1
490,3.159915066530846e-13,5.641327800452005e-13,-2.4814127339211585e-13,1
491,9.182124764656736e-13,1.17081342026625e-12,-2.5260094380057645e-13,1
492,1.310891704821264e-13,3.882315411440599e-13,-2.571423706619335e-13,1
493,3.88522164108665e-13,6.993734660183191e-13,-3.108513019096541e-13,1
494,1.4316518410525724e-12,1.6966163246932598e-12,-2.6496448364068735e-13,1
495,1.6075897714754732e-13,2.774714688274855e-13,-1.1671249167993817e-13,1
496,2.656112772730086e-12,2.3689900102185995e-12,2.871227625114865e-13,0
497,9.325821426112333e-13,7.972964623781902e-13,1.3528568023304308e-13,0
498,6.28176129035541e-13,8.942418245468958e-13,-2.6606569551135483e-13,1
499,2.972025765046551e-13,4.42031352890496e-13,-1.448287763858409e-13,1
500,2.144220618395399e-13,4.622320706395592e-13,-2.4781000880001934e-13,1
501,1.0560076120640945e-12,1.3024699364696797e-12,-2.464623244055852e-13,1
502,4.2019144615279057e-13,5.351505440053089e-13,-1.1495909785251835e-13,1
503,7.285031202524203e-14,3.9014676180166903e-13,-3.17296449776427e-13,1
504,6.698471304667043e-13,5.968513010844618e-13,7.299582938224244e-14,0
505,5.068274920967113e-13,7.284850866186439e-13,-2.216575945219326e-13,1
506,5.8692259513274865e-12,5.633206630685078e-12,2.3601932064240855e-13,0
507,9.402635253240162e-13,8.660847379608944e-13,7.41787873631218e-14,0
508,6.319433233729645e-13,5.055629963643518e-13,1.2638032700861273e-13,0
509,2.03659651229977e-13,4.565356042983143e-13,-2.528759530683373e-13,1
510,1.5207557942300165e-13,3.7163841282853127e-13,-2.1956283340552963e-13,1
511,1.4756151755945198e-13,3.5334369499328694e-13,-2.0578217743383496e-13,1
512,3.9713603619737466e-13,4.79753687214446e-13,-8.261765101707138e-14,1
513,1.7667435530654236e-13,3.262987062465712e-13,-1.4962435094002885e-13,1
514,5.8474756191046276e-12,5.836880531351873e-12,1.0595087752754535e-14,0
515,7.543459839790503e-13,8.94004916936471e-13,-1.3965893295742066e-13,1
516,4.351771641186875e-13,6.682767730352053e-13,-2.3309960891651784e-13,1
517,3.919928527460273e-12,4.0995810205197365e-12,-1.796524930594637e-13,1
518,2.702919821298826e-12,2.857068694514049e-12,-1.541488732152232e-13,1
519,2.722705652539094e-12,2.688585055318398e-12,3.4120597220695965e-14,0
520,7.794590011030484e-13,8.831019308852954e-13,-1.0364292978224699e-13,1
521,3.332547193998287e-13,5.895076575890173e-13,-2.5625293818918864e-13,1
522,2.7619958452087943e-13,5.540107072299035e-13,-2.7781112270902403e-13,1
523,1.4580129621903447e-12,1.3609768812293994e-12,9.703608096094533e-14,0
524,2.2796763468321357e-13,4.0105503969656885e-13,-1.7308740501335528e-13,1
525,1.0842116045538677e-13,3.226877757014684e-13,-2.1426661524608163e-13,1
526,3.779750236767236e-12,3.97599833003117e-12,-1.9624809326393365e-13,1
527,6.540598807457738e-13,9.223146563846028e-13,-2.68254775638829e-13,1
528,1.945202804235794e-11,1.9586412210674288e-11,-1.343841683163472e-13,1
529,3.6759237298092357e-13,4.848857980638313e-13,-1.172934250829077e-13,1
530,4.336792843950554e-13,3.5407138774786173e-13,7.960789664719368e-14,0
531,1.0553609641158975e-12,1.1532966582032731e-12,-9.793569408737561e-14,1
532,1.2145974776135452e-13,3.6129535292601033e-13,-2.3983560516465584e-13,1
533,3.131944107351412e-13,4.464531312264168e-13,-1.3325872049127557e-13,1
534,1.4155407089336557e-12,1.62698873661132e-12,-2.1144802767766437e-13,1
535,3.842180712276909e-13,4.3093738351198247e-13,-4.6719312284291586e-14,1
536,1.5180930854547188e-13,3.50538238276222e-13,-1.9872892973075012e-13,1
537,2.6980657150479076e-13,3.616759020013456e-13,-9.186933049655484e-14,1
538,7.366278515429136e-14,3.50989497434704e-13,-2.7732671228041264e-13,1
539,5.721366886556421e-13,8.475661626135935e-13,-2.754294739579514e-13,1
540,6.97999307911221e-13,5.933642700306307e-13,1.0463503788059023e-13,0
541,9.04000599112501e-14,4.0955197593027364e-13,-3.1915191601902353e-13,1
542,9.156878833413037e-13,1.101884508269745e-12,-1.8619662492844123e-13,1
543,7.049369952317783e-13,4.899838378158442e-13,2.14953157415934e-13,0
544,6.082751075246491e-13,6.041782829932921e-13,4.0968245313569845e-15,0
545,3.357142526301302e-13,5.544522420623861e-13,-2.1873798943225588e-13,1
546,2.2090460516727744e-12,2.2750231078682085e-12,-6.597705619543416e-14,1
547,3.8604254950527064e-12,4.102716462099445e-12,-2.422909670467383e-13,1
548,5.803499285626717e-13,8.556372249759038e-13,-2.7528729641323206e-13,1
549,1.5121885556164978e-13,3.7928477653516983e-13,-2.280659209735201e-13,1
550,4.278025411274419e-12,4.1045624878021486e-12,1.7346292347227013e-13,0
551,6.343277632479318e-13,8.387265946351326e-13,-2.0439883138720076e-13,1
552,2.2861507038795897e-12,2.524816008065134e-12,-2.3866530418554435e-13,1
553,2.747841768043425e-13,3.34686469773626e-13,-5.990229296928351e-14,1
554,2.0885752377196722e-13,2.979738591830713e-13,-8.911633541110406e-14,1
555,2.384965023258208e-13,4.4478002783361413e-13,-2.0628352550779334e-13,1
556,1.6224011707859814e-12,1.7725336983460774e-12,-1.5013252756009606e-13,1
557,1.5320464621372717e-12,1.7925010211499513e-12,-2.604545590126796e-13,1
558,4.778163339767136e-13,4.146556214128464e-13,6.316071256386725e-14,0
559,4.1531452948273227e-13,5.232204476605702e-13,-1.0790591817783791e-13,1
560,6.688065601060943e-12,6.92375133173456e-12,-2.35685730673617e-13,1
561,9.95172163166424e-13,1.0501999972921591e-12,-5.502783412573518e-14,1
562,8.517722827305186e-13,9.921632841440751e-13,-1.403910014135565e-13,1
563,4.910565706175386e-13,7.143046810116733e-13,-2.2324811039413468e-13,1
564,8.92300464456601e-13,8.795738927701684e-13,1.2726571686432635e-14,0
565,1.9106814470326421e-13,3.3216237257045097e-13,-1.4109422786718675e-13,1
566,2.5842327936009985e-13,5.226202835053249e-13,-2.6419700414522506e-13,1
567,9.256662004208933e-14,4.207941990808616e-13,-3.2822757903877227e-13,1
568,1.1982464808433396e-12,1.1827193231272084e-12,1.5527157716131197e-14,0
569,2.1812182602941741e-13,4.942275051268238e-13,-2.761056790974064e-13,1
570,2.3500089897269653e-13,3.718674366110638e-13,-1.3686653763836729e-13,1
571,8.901232905540505e-13,8.615230173743741e-13,2.860027317967643e-14,0
572,1.1500169250904782e-13,3.1263430894845755e-13,-1.9763261643940973e-13,1
573,1.2290067757570706e-12,1.2465518906755042e-12,-1.754511491843364e-14,1
574,1.6978464168943765e-13,3.2485870323748753e-13,-1.5507406154804988e-13,1
575,1.4623376501137212e-12,1.6756993894613182e-12,-2.1336173934759696e-13,1
576,7.816352958420407e-13,5.49839170890866e-13,2.317961249511747e-13,0
577,2.098310864722624e-13,4.386191243354625e-13,-2.287880378632001e-13,1
578,2.601247259572201e-13,2.9109516526484744e-13,-3.097043930762735e-14,1
579,1.3222815395569671e-12,1.081148611885017e-12,2.4113292767195017e-13,0
580,3.235926705673692e-11,3.293728547622605e-11,-5.780184194891308e-13,1
581,1.5042771274981106e-11,1.7993479435263097e-11,-2.950708160281991e-12,1
582,3.8575082309555403e-13,3.328785969003733e-13,5.2872226195180744e-14,0
583,1.6457099057412162e-13,3.228015547078998e-13,-1.5823056413377819e-13,1
584,1.2039398980991191e-12,1.027839272351153e-12,1.7610062574796614e-13,0
585,9.668897044077956e-12,9.480737671276454e-12,1.8815937280150208e-13,0
586,3.7212838632124787e-13,3.1324997875026447e-13,5.887840757098339e-14,0
587,2.399459106876008e-13,4.715004807467625e-13,-2.315545700591617e-13,1
588,8.283785137852715e-13,5.33193856086495e-13,2.9518465769877647e-13,0
589,4.2214615329863964e-13,3.6559328609114384e-13,5.6552867207495804e-14,0
590,4.0140755233254795e-13,6.880111515671729e-13,-2.8660359923462495e-13,1
591,6.64866889447688e-13,6.868195492219735e-13,-2.1952659774285436e-14,1
592,1.2642028719175842e-12,1.1378731909853303e-12,1.2632968093225394e-13,0
593,7.159184873941037e-13,7.892410120623233e-13,-7.332252466821957e-14,1
594,1.0143814501574814e-12,1.0975756139395285e-12,-8.31941637820471e-14,1
595,1.355555169967991e-12,1.15731071064028e-12,1.9824445932771098e-13,0
596,1.1425835143818936e-12,9.595030471571737e-13,1.8308046722471988e-13,0
597,1.6685848339957238e-12,1.6492106098646322e-12,1.937422413109156e-14,0
598,1.7570799113646936e-13,3.4775604066416124e-13,-1.7204804952769188e-13,1
599,1.262183883201324e-12,1.1546631852006975e-12,1.0752069800062644e-13,0
600,2.588252290448443e-13,5.567810421070694e-13,-2.979558130622251e-13,1
601,5.297935238582071e-13,4.714817526702814e-13,5.831177118792572e-14,0
602,1.6164193067681595e-12,1.8697006007053592e-12,-2.5328129393719974e-13,1
603,5.875827297926323e-13,6.432645560257095e-13,-5.5681826233077154e-14,1
604,2.2420273177711432e-11,2.2563417378675587e-11,-1.4314420096415467e-13,1
605,1.867948064925624e-12,1.859087993061029e-12,8.860071864594978e-15,0
606,2.4157455498247385e-13,2.8043246744543814e-13,-3.8857912462964285e-14,1
607,3.715136855187418e-13,6.423468375908322e-13,-2.7083315207209043e-13,1
608,1.0062755264108578e-12,1.0043787318680906e-12,1.896794542767182e-15,0
609,1.5697449744943176e-12,1.843301170048824e-12,-2.7355619555450634e-13,1
610,5.353091138652699e-13,7.977047256249229e-13,-2.623956117596529e-13,1
611,4.813381696918021e-13,7.812220433586373e-13,-2.998838736668352e-13,1
612,4.0762569998468847e-13,5.776841011377759e-13,-1.7005840115308742e-13,1
613,1.4974498823727064e-12,1.2803211617255822e-12,2.1712872064712417e-13,0
614,7.076616176187968e-13,8.57775890846133e-13,-1.501142732273362e-13,1
615,4.895073720070958e-13,4.817176688959192e-13,7.789703111176572e-15,0
616,3.094395067718122e-13,6.063010865549248e-13,-2.9686157978311263e-13,1
617,1.0345338664418452e-12,8.5883749445813e-13,1.7569637198371526e-13,0
618,1.8038589445827648e-13,4.4635245542469e-13,-2.659665609664135e-13,1
619,5.110990631783547e-12,5.1046013807102215e-12,6.38925107332572e-15,0
620,3.3328617640293315e-13,3.646152334209635e-13,-3.132905701803032e-14,1
621,2.9641489408697744e-13,3.6882369466093765e-13,-7.24088005739602e-14,1
622,5.552974139359503e-13,8.410788569374189e-13,-2.8578144300146864e-13,1
623,1.164059650476239e-13,4.372423612846582e-13,-3.208363962370343e-13,1
624,1.1052642805387128e-13,3.523651444944756e-13,-2.418387164406043e-13,1
625,5.386092645591182e-12,5.625955581233449e-12,-2.3986293564226647e-13,1
626,1.8760531043612857e-13,4.3279996575737163e-13,-2.4519465532124303e-13,1
627,3.59414434183907e-13,5.241824011466866e-13,-1.6476796696277956e-13,1
628,8.718380201701335e-13,1.0352925229067726e-12,-1.6345450273663906e-13,1
629,4.516644567400085e-13,5.486387586497272e-13,-9.697430190971865e-14,1
630,1.0271199126018613e-12,1.1406948752008254e-12,-1.1357496259896413e-13,1
631,4.748644519107837e-13,6.102503885671949e-13,-1.3538593665641125e-13,1
632,9.957157111583756e-12,1.3086302229736369e-11,-3.1291451181526133e-12,1
633,1.8959601002899224e-12,2.058855522083933e-12,-1.6289542179401054e-13,1
634,2.54909811407988e-13,5.180210813978396e-13,-2.631112699898516e-13,1
635,1.1793761112735651e-12,1.4120000987823117e-12,-2.3262398750874654e-13,1
636,2.805272855165541e-13,4.512533468844432e-13,-1.707260613678891e-13,1
637,3.2307875158497293e-12,3.0969218712434053e-12,1.33865644606324e-13,0
638,6.960639792542381e-12,6.833484687335788e-12,1.2715510520659268e-13,0
639,6.5389786268900415e-12,6.821882449914432e-12,-2.829038230243903e-13,1
640,1.3244322500649124e-13,3.487061957820656e-13,-2.1626297077557438e-13,1
641,2.720669826424346e-13,5.002945382996026e-13,-2.28227555657168e-13,1
642,6.638836467862797e-13,7.710492009952729e-13,-1.0716555420899323e-13,1
643,3.103186251523586e-13,3.9665050005538144e-13,-8.633187490302284e-14,1
644,3.9711600979402105e-13,4.565483409359417e-13,-5.943233114192067e-14,1
645,2.4477252424499773e-13,5.131795323691825e-13,-2.684070081241848e-13,1
646,3.2578044456795778e-12,3.394744472078938e-12,-1.3694002639936022e-13,1
647,1.6570646247438917e-12,1.8891917940324757e-12,-2.3212716928858396e-13,1
648,7.896184241131613e-13,6.412866427812463e-13,1.4833178133191507e-13,0
649,1.566720406547082e-11,1.6671085701787097e-11,-1.0038816363162772e-12,1
650,2.1653793362738397e-13,3.446200663208114e-13,-1.2808213269342743e-13,1
651,2.1392593697021755e-12,1.9125843853963424e-12,2.266749843058331e-13,0
652,3.2460914364233295e-12,3.3586714444366016e-12,-1.1258000801327211e-13,1
653,1.9596250028516752e-13,2.936201329424863e-13,-9.765763265731877e-14,1
654,1.6642424182549762e-13,4.834133114772456e-13,-3.1698906965174805e-13,1
655,8.38315668016487e-13,6.677068554163762e-13,1.706088126001108e-13,0
656,3.2955530073185635e-13,5.337712051961975e-13,-2.0421590446434114e-13,1
657,5.4518342918188754e-12,5.365953563230423e-12,8.588072858845253e-14,0
658,6.069728723791111e-13,8.848215882343948e-13,-2.778487158552837e-13,1
659,6.405303939019112e-13,6.19401760450865e-13,2.1128633451046174e-14,0
660,1.0199294106007418e-13,4.059884225228089e-13,-3.0399548146273474e-13,1
661,2.3377100896400246e-13,4.916622309882648e-13,-2.5789122202426235e-13,1
662,4.608685303494489e-13,6.768669454171171e-13,-2.1599841506766816e-13,1
663,1.3685591729282103e-13,2.891802602082144e-13,-1.5232434291539338e-13,1
664,1.1525333537882807e-12,9.923223641885615e-13,1.6021098959971917e-13,0
665,1.8272232188023673e-13,3.319800986479783e-13,-1.4925777676774158e-13,1
666,8.209528609661621e-14,3.465741056934846e-13,-2.644788195968684e-13,1
667,2.0305328956140624e-13,4.726159856450951e-13,-2.6956269608368886e-13,1
668,5.117180927556748e-13,8.174081651457664e-13,-3.056900723900916e-13,1
669,2.9309749234479745e-12,2.772480534425991e-12,1.5849438902198342e-13,0
670,2.1391797319896255e-13,4.478318463299867e-13,-2.3391387313102416e-13,1
671,1.147087188964352e-12,1.0353946306260178e-12,1.1169255833833415e-13,0
672,4.995123592299551e-13,7.855079931161651e-13,-2.8599563388620997e-13,1
673,4.1728476212699237e-13,6.027048686737962e-13,-1.8542010654680385e-13,1
674,1.5795889583699322e-12,1.4057756748691005e-12,1.7381328350083167e-13,0
675,1.442797482780828e-13,2.7882375308947805e-13,-1.3454400481139525e-13,1
676,5.848883529044908e-13,8.540002046477212e-13,-2.6911185174323034e-13,1
677,4.395094520634432e-13,3.9308020977497227e-13,4.6429242288470916e-14,0
678,1.7543435446420585e-13,4.703748770573144e-13,-2.949405225931086e-13,1
679,2.098057285367728e-12,2.1521485441437307e-12,-5.409125877600274e-14,1
680,1.3796454877261569e-13,4.127493166074759e-13,-2.747847678348602e-13,1
681,3.540505558435026e-13,2.1379175368668857e-13,1.4025880215681401e-13,0
682,1.8433909831228658e-13,5.023707837999981e-13,-3.180316854877115e-13,1
683,6.358351570540045e-12,6.206411300793006e-12,1.5194026974703921e-13,0
684,3.1800568980287523e-13,3.1938736523987534e-13,-1.3816754370001111e-15,1
685,4.0365479792058976e-13,4.817878057423069e-13,-7.813300782171719e-14,1
686,2.9540304487416614e-13,3.7155010424202394e-13,-7.61470593678578e-14,1
687,2.1993795390056132e-13,3.0610683031290457e-13,-8.616887641234325e-14,1
688,5.014248189468713e-13,7.549769424062988e-13,-2.535521234594276e-13,1
689,1.6379260777992996e-13,4.735298084836516e-13,-3.0973720070372163e-13,1
690,1.2338181602873005e-11,1.2204376458704498e-11,1.3380514416850738e-13,0
691,2.398355364974539e-13,3.691833078369668e-13,-1.2934777133951291e-13,1
692,7.315137245885337e-13,5.514818244585011e-13,1.8003190013003263e-13,0
693,3.828529737553573e-13,5.458897914422083e-13,-1.6303681768685098e-13,1
694,4.758648111713883e-13,4.514437939864585e-13,2.4421017184929795e-14,0
695,2.1901457141288227e-12,2.048193528327322e-12,1.419521858015008e-13,0
696,3.48204646341532e-13,5.663016095946591e-13,-2.180969632531271e-13,1
697,9.798540814983239e-14,3.988592870438359e-13,-3.0087387889400355e-13,1
698,4.748102113835314e-13,5.240956376939597e-13,-4.928542631042824e-14,1
699,2.3503542531255807e-11,2.3070847221557198e-11,4.3269530969860915e-13,0
700,4.114101466503705e-14,3.728338587461131e-13,-3.3169284408107606e-13,1
701,1.3981042499054836e-12,1.5891620755190708e-12,-1.9105782561358722e-13,1
702,1.0936282468285485e-13,4.468590806472303e-13,-3.3749625596437544e-13,1
703,2.1821236519064033e-13,4.805654216963248e-13,-2.6235305650568447e-13,1
704,5.326620178787812e-13,5.996862642592436e-13,-6.70242463804624e-14,1
705,3.0184384809329573e-13,3.7143781096326314e-13,-6.959396286996741e-14,1
706,6.236821365214974e-13,4.928538837375765e-13,1.3082825278392084e-13,0
707,5.563164417002788e-13,5.017739994865332e-13,5.454244221374565e-14,0
708,7.323462546621189e-14,3.314238620001175e-13,-2.5818923653390565e-13,1
709,3.8332640599749205e-13,4.329275799919294e-13,-4.9601173994437346e-14,1
710,2.759560050313699e-13,4.0572317656939147e-13,-1.297671715380216e-13,1
711,8.194265553529659e-13,1.0751765166769253e-12,-2.5574996132395937e-13,1
712,1.425715282419845e-12,1.415429930281756e-12,1.0285352138089108e-14,0
713,8.08904509226312e-14,3.9040546238170475e-13,-3.0951501145907355e-13,1
714,9.274448802487571e-12,9.231469896479686e-12,4.297890600788514e-14,0
715,1.5095829661564735e-13,3.1615401166325235e-13,-1.65195715047605e-13,1
716,5.809679355552055e-13,7.683218167961049e-13,-1.8735388124089942e-13,1
717,1.415386513338569e-12,1.6013378651216751e-12,-1.8595135178310615e-13,1
718,2.546626404398859e-13,5.831316734899778e-13,-3.284690330500919e-13,1
719,5.166023577883324e-13,7.983723705443773e-13,-2.8177001275604494e-13,1
720,7.596467676477134e-13,5.37984703779554e-13,2.2166206386815942e-13,0
721,4.279084699680587e-12,4.373441959230508e-12,-9.435725954992098e-14,1
722,6.08550623479805e-13,8.987636794236824e-13,-2.902130559438774e-13,1
723,7.073992910652824e-13,7.084895164998293e-13,-1.0902254345468716e-15,1
724,1.0141749682910032e-11,1.0274956416035418e-11,-1.332067331253864e-13,1
725,2.3238755575743226e-13,5.589778748644684e-13,-3.2659031910703613e-13,1
726,7.792847221754308e-12,7.625758745813682e-12,1.670884759406253e-13,0
727,1.6681356838545765e-13,3.9640793900203114e-13,-2.2959437061657347e-13,1
728,4.716363982015816e-13,7.242853712166556e-13,-2.5264897301507405e-13,1
729,7.307386494607778e-13,6.103417648773245e-13,1.2039688458345334e-13,0
730,5.533169988257744e-14,3.776209456975029e-13,-3.2228924581492544e-13,1
731,1.4602547520028105e-13,4.067808628457842e-13,-2.6075538764550316e-13,1
732,3.13276775674365e-13,2.988600161843603e-13,1.4416759490004712e-14,0
733,1.1403952341870604e-12,1.1567803848269168e-12,-1.6385150639856436e-14,1
734,1.6752070767232773e-12,1.9132185737120477e-12,-2.380114969887703e-13,1
735,1.0144064073491552e-13,3.3693286777266157e-13,-2.35492227037746e-13,1
736,3.3547922964944e-13,6.145840573547916e-13,-2.791048277053516e-13,1
737,1.539605091128785e-13,3.229239910694346e-13,-1.6896348195655612e-13,1
738,1.380334960165691e-13,4.2014888495952154e-13,-2.8211538894295244e-13,1
739,6.9349373963417316e-12,7.092511395104629e-12,-1.5757399876289767e-13,1
740,3.789715957676619e-13,6.8097216109203e-13,-3.0200056532436806e-13,1
741,5.536540586481771e-13,7.746291915434062e-13,-2.2097513289522907e-13,1
742,2.27859582382616e-13,3.1484733964940524e-13,-8.698775726678923e-14,1
743,3.4436589427195766e-13,6.536753006697196e-13,-3.09309406397762e-13,1
744,3.2244473010320485e-13,2.963439634634366e-13,2.610076663976825e-14,0
745,7.526929885253508e-13,8.900438491366607e-13,-1.3735086061130999e-13,1
746,2.9087453310308056e-13,5.075619662172116e-13,-2.1668743311413102e-13,1
747,2.9089332294861403e-13,4.536611676155944e-13,-1.6276784466698039e-13,1
748,2.407919668372738e-13,5.269732337253426e-13,-2.861812668880688e-13,1
749,2.7379443044807694e-13,4.193186672024013e-13,-1.4552423675432434e-13,1
750,1.359781408663085e-13,4.3259404340872195e-13,-2.966159025424135e-13,1
751,2.6603964250392485e-13,4.547965808216442e-13,-1.8875693831771938e-13,1
752,8.85652708087881e-13,7.213518441152294e-13,1.643008639726516e-13,0
753,3.158278017076834e-11,3.1680416758330236e-11,-9.7636587561896e-14,1
754,3.268502045240779e-13,3.9430295795883694e-13,-6.745275343475905e-14,1
755,9.422368760745429e-12,9.308782835470983e-12,1.1358592527444604e-13,0
756,9.137269677045597e-12,8.947274410376277e-12,1.8999526666931976e-13,0
757,1.592559465306191e-13,4.2251024791421065e-13,-2.632543013835915e-13,1
758,6.231402138721661e-13,8.740504890613419e-13,-2.509102751891757e-13,1
759,8.230211933214701e-13,7.268510491782141e-13,9.617014414325599e-14,0
760,7.559701244840802e-12,7.517169249683065e-12,4.253199515773656e-14,0
761,1.8972423228008368e-13,3.390351227917271e-13,-1.4931089051164342e-13,1
762,2.399634027833976e-13,5.238959258275937e-13,-2.839325230441961e-13,1
763,2.4808709196417367e-12,2.684195635188659e-12,-2.033247155469225e-13,1
764,1.9705739762299825e-13,3.8789006654167905e-13,-1.908326689186808e-13,1
765,2.146830566037095e-12,2.3379846337299026e-12,-1.9115406769280762e-13,1
766,5.548234183146195e-13,5.524278521435001e-13,2.3955661711193773e-15,0
767,2.3084625988963625e-12,2.464194643508513e-12,-1.5573204461215035e-13,1
768,1.696530929638159e-13,4.2419922866846146e-13,-2.5454613570464553e-13,1
769,4.21719923939826e-13,6.963906967489377e-13,-2.746707728091117e-13,1
770,2.4735348128279974e-13,3.787971778975998e-13,-1.3144369661480006e-13,1
771,2.3245814116012862e-12,2.5840284726752745e-12,-2.5944706107398827e-13,1
772,1.512606561907014e-12,1.36307521101898e-12,1.4953135088803417e-13,0
773,8.822934131588096e-13,8.826620842348937e-13,-3.6867107608415317e-16,1
774,1.0801812426861581e-12,1.056406205207608e-12,2.377503747855014e-14,0
775,8.870747160333947e-13,8.568030800732944e-13,3.027163596010026e-14,0
776,1.9310797142070128e-13,2.8622190631886007e-13,-9.311393489815879e-14,1
777,7.973966187053052e-13,8.993578179376545e-13,-1.0196119923234932e-13,1
778,8.491581994010243e-13,1.1261194663730417e-12,-2.7696126697201747e-13,1
779,1.7309916862294093e-13,4.3871803105262614e-13,-2.656188624296852e-13,1
780,3.402001171098945e-10,2.858594920236229e-10,5.434062508627161e-11,0
781,2.5863172618440653e-13,5.640974603186473e-13,-3.054657341342408e-13,1
782,6.433757414888902e-13,9.314938614222276e-13,-2.881181199333374e-13,1
783,3.2084253286388857e-13,1.9555358905453802e-13,1.2528894380935055e-13,0
784,1.912280101152583e-13,4.862597294510175e-13,-2.9503171933575917e-13,1
785,8.09205602146992e-13,1.1198393469257457e-12,-3.106337447787537e-13,1
786,4.941005230737422e-13,7.902154331993078e-13,-2.961149101255656e-13,1
787,3.458385592282196e-13,4.3335636260678784e-13,-8.751780337856823e-14,1
788,7.559581907741438e-13,7.815806878699721e-13,-2.5622497095828217e-14,1
789,5.422382996204862e-13,3.228003766834834e-13,2.194379229370028e-13,0
790,1.6106173003223528e-13,3.989225517630643e-13,-2.3786082173082897e-13,1
791,1.606261990240169e-13,4.548750388861046e-13,-2.9424883986208777e-13,1
792,2.7579505320302996e-12,2.85731658478485e-12,-9.936605275455057e-14,1
793,2.1225197091435786e-13,3.6508477489925413e-13,-1.5283280398489627e-13,1
794,1.0431908223087477e-12,1.2634719225476183e-12,-2.202811002388706e-13,1
795,1.300490547532e-13,3.919081579834961e-13,-2.6185910323029614e-13,1
796,4.364736641925061e-12,4.592885591536532e-12,-2.2814894961147047e-13,1
797,1.2138235151252245e-11,1.1847376649598662e-11,2.908585016535835e-13,0
798,3.1783870618227e-13,4.4227289071511295e-13,-1.2443418453284296e-13,1
799,1.1498397411545257e-13,3.569800047853962e-13,-2.4199603066994364e-13,1
800,6.89764104515434e-12,6.684285708489563e-12,2.1335533666477654e-13,0
801,9.628649534344018e-13,1.060014517704081e-12,-9.71495642696792e-14,1
802,1.2664074170112673e-12,1.1594666621521182e-12,1.0694075485914909e-13,0
803,1.1907332851710938e-13,4.545796319043268e-13,-3.355063033872174e-13,1
804,7.385651056193618e-14,3.7300911829831737e-13,-2.991526077363812e-13,1
805,1.2068266094761352e-13,4.237837272523832e-13,-3.031010663047697e-13,1
806,9.239616684162425e-13,6.928672646263826e-13,2.3109440378985994e-13,0
807,1.950023937451759e-11,1.9675777127820997e-11,-1.7553775330340777e-13,1
808,5.080676372195618e-13,7.028088124571951e-13,-1.9474117523763329e-13,1
809,1.533610954546444e-11,1.694496709603732e-11,-1.6088575505728802e-12,1
810,1.7208792114958671e-12,1.504813063296014e-12,2.1606614819985315e-13,0
811,1.7348954100093899e-13,4.4669988245698903e-13,-2.7321034145605004e-13,1
812,6.930110313268562e-13,9.697147485942298e-13,-2.767037172673736e-13,1
813,2.455541073182864e-13,2.179017795493183e-13,2.7652327768968085e-14,0
814,3.840168776268723e-12,3.5867605960821833e-12,2.5340818018653996e-13,0
815,3.326876651131153e-13,3.7719057289835354e-13,-4.4502907785238254e-14,1
816,1.619183385719731e-13,4.2317932989636935e-13,-2.6126099132439626e-13,1
817,2.762041321848845e-13,2.7780188840103997e-13,-1.5977562161554493e-15,1
818,2.1604276331033626e-13,4.945595313739252e-13,-2.78516768063589e-13,1
819,7.818450782085302e-14,4.042994931276743e-13,-3.2611498530682124e-13,1
820,3.2675633750300703e-13,5.513054009880589e-13,-2.245490634850519e-13,1
821,2.6969692237659047e-13,3.5931388023619956e-13,-8.961695785960909e-14,1
822,7.798772597658901e-13,7.402065815945634e-13,3.967067817132672e-14,0
823,2.0359353851381856e-13,3.4107877873473914e-13,-1.3748524022092059e-13,1
824,4.1360587740479356e-13,5.670299990911711e-13,-1.5342412168637755e-13,1
825,1.019587692484184e-12,1.1517713411045118e-12,-1.321836486203278e-13,1
826,1.261822155062154e-13,3.481789034357835e-13,-2.2199668792956808e-13,1
827,2.713162039901408e-13,4.169643013688936e-13,-1.4564809737875284e-13,1
828,1.5391286540541105e-13,3.325454871706998e-13,-1.7863262176528878e-13,1
829,3.4968313563081913e-13,4.5271847822894606e-13,-1.0303534259812694e-13,1
830,3.8656778203200195e-13,3.257990135359954e-13,6.076876849600653e-14,0
831,3.731662970450312e-13,5.26344205681762e-13,-1.5317790863673082e-13,1
832,1.9622876793929833e-12,2.1090411791983095e-12,-1.4675349980532615e-13,1
833,1.0714514757838719e-12,1.082735783385884e-12,-1.1284307602012161e-14,1
834,2.064321015539768e-13,4.774130187195175e-13,-2.7098091716554073e-13,1
835,1.7045569013541366e-13,3.575162431622395e-13,-1.8706055302682582e-13,1
836,6.764060409838233e-13,9.752899215918637e-13,-2.9888388060804045e-13,1
837,3.4667496399804627e-13,2.8334066280749607e-13,6.333430119055019e-14,0
838,2.0119143997780468e-13,4.834322123912704e-13,-2.8224077241346576e-13,1
839,2.770807858635723e-12,2.9218119338616872e-12,-1.5100407522596409e-13,1
840,3.0800309684445346e-13,2.9690586054609017e-13,1.109723629836329e-14,0
841,2.4448870127966723e-12,2.230868583962314e-12,2.140184288343584e-13,0
842,5.019215791177516e-13,6.890596717290422e-13,-1.8713809261129063e-13,1
843,2.712800280470728e-13,5.230429418738711e-13,-2.517629138267983e-13,1
844,6.75243821493196e-13,8.96915756881455e-13,-2.21671935388259e-13,1
845,5.453030056547759e-13,7.531221788395028e-13,-2.0781917318472685e-13,1
846,8.915043806810721e-13,7.673644970561481e-13,1.2413988362492404e-13,0
847,3.17610979684945e-13,5.277180869178264e-13,-2.101071072328814e-13,1
848,4.494341810737817e-13,6.193382729857589e-13,-1.6990409191197727e-13,1
849,6.599077924734073e-13,7.366798687169458e-13,-7.677207624353849e-14,1
850,2.0070385188691459e-13,4.585225473261034e-13,-2.5781869543918885e-13,1
851,8.785145729705348e-14,3.4134409163347617e-13,-2.534926343364227e-13,1
852,3.050593739219675e-13,5.776365095196608e-13,-2.7257713559769335e-13,1
853,2.625565000141863e-13,4.764897096574291e-13,-2.139332096432428e-13,1
854,1.6554199444764176e-13,3.5185357598422927e-13,-1.863115815365875e-13,1
855,8.738210092270433e-13,1.0499238636376517e-12,-1.7610285441060837e-13,1
856,3.6478674404415423e-13,6.658704755459303e-13,-3.0108373150177603e-13,1
857,1.0133978253939052e-12,8.558628682791504e-13,1.575349571147548e-13,0
858,1.0729232492095373e-12,1.171839635051283e-12,-9.89163858417457e-14,1
859,4.910665046476076e-13,3.7664668462418843e-13,1.1441982002341919e-13,0
860,2.8246383686422227e-13,3.6535287248521816e-13,-8.288903562099589e-14,1
861,1.1624719477135766e-13,3.26759791432853e-13,-2.1051259666149533e-13,1
862,9.951347496433046e-13,9.181406327993072e-13,7.699411684399736e-14,0
863,2.6350798494867273e-13,5.114253155596474e-13,-2.4791733061097465e-13,1
864,2.283066322085912e-12,2.1315747037898284e-12,1.5149161829608355e-13,0
865,9.459844035688908e-13,8.582472045538538e-13,8.7737199015037e-14,0
866,7.587326167970808e-12,8.840192875297728e-12,-1.2528667073269197e-12,1
867,2.0313733115207413e-12,2.1460121625459607e-12,-1.1463885102521943e-13,1
868,7.536375591101234e-10,6.2658770147819e-10,1.2704985763193337e-10,0
869,1.1431116333766122e-12,1.2025151211956847e-12,-5.940348781907252e-14,1
870,1.868019696201408e-11,1.8694557381297533e-11,-1.4360419283452726e-14,1
871,2.1631528188258853e-12,2.3613556174237028e-12,-1.982027985978175e-13,1
872,2.2417806574767645e-12,2.4362628583558914e-12,-1.9448220087912684e-13,1
873,2.0507567390343818e-13,4.5439826078257915e-13,-2.4932258687914094e-13,1
874,1.4625175834417232e-13,4.0722745145640254e-13,-2.609756931122302e-13,1
875,1.1326473407958253e-12,1.0498313264314602e-12,8.28160143643651e-14,0
876,5.073030392164593e-12,5.339969356184053e-12,-2.6693896401946e-13,1
877,8.659880559482577e-13,8.793058646202199e-13,-1.3317808671962148e-14,1
878,1.315979745149359e-13,3.891021389803075e-13,-2.575041644653716e-13,1
879,7.1853468464682745e-12,7.362034805944725e-12,-1.7668795947645065e-13,1
880,5.288522197293623e-13,7.688497003664481e-13,-2.3999748063708577e-13,1
881,2.3438273553242728e-11,2.3324509055512325e-11,1.1376449773040248e-13,0
882,1.1721773084952282e-13,3.0830711883580785e-13,-1.9108938798628503e-13,1
883,3.8472813858040264e-13,5.069330483634066e-13,-1.2220490978300394e-13,1
884,1.1920347911407473e-10,9.93734025198838e-11,1.9830076594190927e-11,0
885,2.2235263238817574e-13,4.2732659371464157e-13,-2.0497396132646583e-13,1
886,1.20193019185171e-12,1.3490087813206246e-12,-1.4707858946891463e-13,1
887,4.3399704397423847e-13,4.523206000776196e-13,-1.8323556103381125e-14,1
888,3.940966211710026e-13,6.615499655167374e-13,-2.6745334434573483e-13,1
889,2.5975217675308073e-12,2.520413202827901e-12,7.710856470290621e-14,0
890,1.0775310642023075e-13,4.3115956169350143e-13,-3.2340645527327065e-13,1
891,1.275677150664749e-12,1.37239807993651e-12,-9.672092927176116e-14,1
892,2.069027448305952e-13,4.811258386300256e-13,-2.742230937994304e-13,1
893,1.3087507419896242e-13,4.231911990630812e-13,-2.923161248641188e-13,1
894,1.288940530921658e-12,1.0330535429973736e-12,2.558869879242844e-13,0
895,1.5066621886483656e-13,3.9676921543022945e-13,-2.4610299656539286e-13,1
896,1.0169427630947042e-13,3.7628463286241163e-13,-2.745903565529412e-13,1
897,9.970294552050404e-12,9.768108212574143e-12,2.0218633947626118e-13,0
898,5.953673238653424e-12,5.821107280142781e-12,1.3256595851064341e-13,0
899,1.1268493188768787e-12,1.2308093557823333e-12,-1.0396003690545456e-13,1
900,3.3680671681856087e-13,3.2981291724139013e-13,6.9937995771707325e-15,0
901,1.8713715332168008e-13,3.6049203921919057e-13,-1.733548858975105e-13,1
902,1.8592692119542152e-11,1.8611589588861474e-11,-1.8897469319322206e-14,1
903,2.093110699731083e-12,2.2778118980788575e-12,-1.8470119834777468e-13,1
904,1.903178858928824e-13,3.8026877824093676e-13,-1.8995089234805437e-13,1
905,1.424483260965361e-12,1.26910956563372e-12,1.553736953316409e-13,0
906,1.807669234654822e-13,2.848091819471057e-13,-1.040422584816235e-13,1
907,1.665427320157983e-13,3.94959681241731e-13,-2.2841694922593273e-13,1
908,4.588178727427171e-13,6.805948626759616e-13,-2.2177698993324443e-13,1
909,4.967697662018738e-13,6.844853360488846e-13,-1.8771556984701072e-13,1
910,2.3518067005114177e-13,4.3824087837737875e-13,-2.0306020832623698e-13,1
911,2.7265017774240635e-13,5.337509250491288e-13,-2.611007473067225e-13,1
912,9.583451569335408e-12,9.675288958962436e-12,-9.183738962702815e-14,1
913,2.4373381558121693e-13,3.364637936218722e-13,-9.272997804065528e-14,1
914,1.370653178726868e-13,3.546236633943532e-13,-2.175583455216664e-13,1
915,3.4349970584030955e-13,4.651283662586576e-13,-1.2162866041834808e-13,1
916,2.2574911765583417e-13,4.980156871398268e-13,-2.722665694839927e-13,1
917,6.882040934733152e-12,7.111933645056008e-12,-2.298927103228561e-13,1
918,2.4983935801648015e-13,4.186572942600998e-13,-1.6881793624361963e-13,1
919,2.725928349292927e-13,5.729775627946173e-13,-3.003847278653246e-13,1
920,2.436441917821261e-12,2.21410183003464e-12,2.22340087786621e-13,0
921,2.405832375489458e-13,3.175179558135201e-13,-7.693471826457428e-14,1
922,4.624008633314756e-13,6.806780676446872e-13,-2.1827720431321158e-13,1
923,3.79402101726347e-13,6.262721531760703e-13,-2.4687005144972325e-13,1
924,5.709805332989227e-12,5.733581495285418e-12,-2.3776162296191595e-14,1
925,1.8018213774611972e-13,4.4078055644069526e-13,-2.6059841869457553e-13,1
926,9.331512056827445e-13,1.1075670809971425e-12,-1.7441587531439792e-13,1
927,9.16309803622561e-12,9.233340679460968e-12,-7.024264323535797e-14,1
928,8.408538038495159e-14,3.410158658249462e-13,-2.569304854399946e-13,1
929,1.8948429639856964e-13,4.914651696144449e-13,-3.0198087321587526e-13,1
930,2.3650128977584212e-12,2.120848645799751e-12,2.4416425195867006e-13,0
931,1.0375555240175325e-12,1.1706655610618564e-12,-1.331100370443239e-13,1
932,1.5531490640475067e-12,1.4301573969629413e-12,1.2299166708456536e-13,0
933,3.1154705716964036e-11,3.159076724340019e-11,-4.360615264361545e-13,1
934,2.7167408425154373e-13,4.36999136862719e-13,-1.6532505261117527e-13,1
935,6.487619960466121e-13,8.569630458965201e-13,-2.0820104984990798e-13,1
936,2.7230899539797925e-13,5.630840222962936e-13,-2.9077502689831433e-13,1
937,9.397745039603733e-13,8.335902436577037e-13,1.0618426030266962e-13,0
938,9.28827348067346e-13,1.1216031373787728e-12,-1.927757893114267e-13,1
939,4.1551749272540564e-13,4.317180627714306e-13,-1.6200570046024955e-14,1
940,3.0724981748805926e-12,3.1429485389981594e-12,-7.045036411756681e-14,1
941,3.961178082942918e-13,4.1957823638329644e-13,-2.3460428089004646e-14,1
942,3.6448390614447875e-13,4.182694043285455e-13,-5.3785498184066777e-14,1
943,2.3869976944139546e-13,5.318805499963296e-13,-2.931807805549341e-13,1
944,1.885305353256012e-12,1.9826657919496602e-12,-9.736043869364843e-14,1
945,1.0121229561525815e-12,8.754441836847184e-13,1.366787724678631e-13,0
946,2.40025792045187e-13,5.515961357491386e-13,-3.1157034370395163e-13,1
947,7.886411132876049e-14,3.3870639536801765e-13,-2.5984228403925715e-13,1
948,6.992352671582897e-13,9.363775950872527e-13,-2.37142327928963e-13,1
949,1.2576508450213256e-12,1.1329765212322906e-12,1.2467432378903503e-13,0
950,9.382993139217098e-13,1.2442191221811454e-12,-3.0591980825943563e-13,1
951,6.444162909331362e-13,8.222238665686523e-13,-1.7780757563551618e-13,1
952,4.803660045043785e-13,4.5179766001672435e-13,2.8568344487654166e-14,0
953,4.0078369403157846e-13,6.531979005233562e-13,-2.5241420649177775e-13,1
954,2.2611935829686414e-13,3.214085219565395e-13,-9.528916365967535e-14,1
955,2.1726947045032916e-13,3.2864561729306066e-13,-1.113761468427315e-13,1
956,2.8435505602407174e-13,4.89177506604291e-13,-2.0482245058021927e-13,1
957,2.8915820918712133e-13,3.343998094907081e-13,-4.524160030358678e-14,1
958,2.4379145692321353e-12,2.4116907894153515e-12,2.62237798167838e-14,0
959,1.5266036427176923e-13,2.8632747747365e-13,-1.3366711320188077e-13,1
960,1.3089050902873785e-12,1.5743663202933894e-12,-2.654612300060109e-13,1
961,4.553198083242307e-13,7.171216981960786e-13,-2.6180188987184785e-13,1
962,3.934414682709626e-13,6.466823943668635e-13,-2.532409260959009e-13,1
963,3.7579432262254335e-13,4.3800197756620005e-13,-6.22076549436567e-14,1
964,2.9112389458482734e-13,3.6455408477207717e-13,-7.343019018724983e-14,1
965,1.5959821727216787e-12,1.4964348170296762e-12,9.954735569200246e-14,0
966,3.7948459634850877e-13,6.287547828420782e-13,-2.492701864935694e-13,1
967,1.0312936165428869e-12,1.2420045326214032e-12,-2.1071091607851635e-13,1
968,6.687725318655416e-13,8.040721183227761e-13,-1.3529958645723453e-13,1
969,1.0905092073646051e-13,3.6870023164111064e-13,-2.5964931090465013e-13,1
970,3.3091666943735585e-12,3.4138126000753096e-12,-1.0464590570175114e-13,1
971,1.3458573230371074e-13,3.8490634354742606e-13,-2.5032061124371534e-13,1
972,5.164422929304844e-13,7.561817830066882e-13,-2.397394900762038e-13,1
973,8.906554510983199e-12,9.175521030600332e-12,-2.689665196171333e-13,1
974,4.642753560023874e-13,4.052527649656783e-13,5.902259103670912e-14,0
975,8.863565763831427e-14,3.7799000179347195e-13,-2.893543441551577e-13,1
976,1.6243353818803892e-13,3.466801565771424e-13,-1.8424661838910347e-13,1
977,2.8053861949478723e-13,2.709780803802729e-13,9.560539114514353e-15,0
978,1.5805219264413134e-13,3.3700730963345174e-13,-1.789551169893204e-13,1
979,6.280792373612601e-13,5.16728083924604e-13,1.1135115343665613e-13,0
980,2.3368432455392477e-13,5.195867146384181e-13,-2.8590239008449335e-13,1
981,6.558111582888886e-13,7.367361434112216e-13,-8.092498512233302e-14,1
982,2.7962813994889297e-13,4.031381918426288e-13,-1.2351005189373583e-13,1
983,2.3766855556827424e-13,3.5340470226941906e-13,-1.1573614670114482e-13,1
984,8.206804081438279e-13,1.0775475121636258e-12,-2.568671040197979e-13,1
985,2.3824812626132906e-13,5.260117914144186e-13,-2.8776366515308955e-13,1
986,2.643313236290774e-13,4.593659746463881e-13,-1.9503465101731067e-13,1
987,1.2944247736863097e-12,1.0911318554614512e-12,2.0329291822485856e-13,0
988,2.615595623503134e-13,4.245351043904049e-13,-1.6297554204009154e-13,1
989,5.969436275060486e-13,8.998932125080161e-13,-3.0294958500196746e-13,1
990,3.168983767171874e-11,3.1327953493471427e-11,3.6188417824731606e-13,0
991,6.347337091572873e-13,4.876901094323313e-13,1.47043599724956e-13,0
992,3.029348369209387e-13,5.100316525191252e-13,-2.0709681559818648e-13,1
993,2.689529305460821e-13,3.6844270046716826e-13,-9.948976992108618e-14,1
994,3.5113007008308474e-13,2.82692865521248e-13,6.843720456183672e-14,0
995,1.8067365921086447e-13,4.218849155237567e-13,-2.4121125631289224e-13,1
996,5.172483928957178e-13,6.442981492138103e-13,-1.2704975631809246e-13,1
997,1.4521647110579593e-12,1.2813675125498112e-12,1.707971985081481e-13,0
998,1.4338144215908843e-13,3.3299401695193556e-13,-1.8961257479284713e-13,1
999,2.585436267680492e-13,4.661927470632778e-13,-2.0764912029522864e-13,1
1000,1.1179908673392542e-12,1.3066773763074467e-12,-1.8868650896819252e-13,1
1001,4.0451702405451305e-13,6.863302589608266e-13,-2.8181323490631353e-13,1
1002,1.5518370623360703e-12,1.624932498677455e-12,-7.309543634138467e-14,1
1003,4.705472854214467e-13,4.3310018729111993e-13,3.744709813032675e-14,0
1004,4.501383306763228e-13,7.46041465639786e-13,-2.959031349634632e-13,1
1005,1.4467954766699745e-13,3.8488861090157974e-13,-2.402090632345823e-13,1
1006,4.079158367605405e-12,4.30656324274458e-12,-2.2740487513917476e-13,1
1007,1.6774679280261247e-12,1.5887882457699005e-12,8.867968225622422e-14,0
1008,4.62068617146929e-13,4.706619576076092e-13,-8.593340460680225e-15,1
1009,2.682497613036639e-13,3.205546872006476e-13,-5.2304925896983726e-14,1
1010,4.297636826323406e-13,6.855245864598442e-13,-2.557609038275036e-13,1
1011,1.9119927220069632e-13,3.0007933973216035e-13,-1.0888006753146403e-13,1
1012,1.1490068635851161e-12,1.2512204006985668e-12,-1.0221353711345063e-13,1
1013,3.132522904314501e-13,4.150700850129817e-13,-1.018177945815316e-13,1
1014,3.9872492051056846e-13,6.768121255058738e-13,-2.7808720499530533e-13,1
1015,5.397517603850015e-13,8.038633716977057e-13,-2.641116113127042e-13,1
1016,3.5542453808717187e-13,5.178004447453009e-13,-1.6237590665812899e-13,1
1017,3.2342947956011653e-13,5.652828968144236e-13,-2.418534172543071e-13,1
1018,3.7632008771930904e-13,5.754023510583755e-13,-1.9908226333906643e-13,1
1019,2.2511952300965277e-13,4.912261015179894e-13,-2.6610657850833663e-13,1
1020,6.647646152877466e-12,6.6299813111066505e-12,1.7664841770815204e-14,0
1021,1.136896277486394e-12,1.3080810006541728e-12,-1.7118472316777877e-13,1
1022,4.920287455442852e-13,5.840644755382274e-13,-9.203572999394223e-14,1
1023,2.321015021988913e-13,3.3602417248240215e-13,-1.0392267028351087e-13,1
1024,9.328320487966533e-13,7.717463946598522e-13,1.6108565413680111e-13,0
1025,8.197842069572418e-13,8.825821297275825e-13,-6.279792277034073e-14,1
1026,3.012019765698655e-13,4.2242603714398804e-13,-1.2122406057412253e-13,1
1027,6.747147687138339e-13,5.839792432715924e-13,9.073552544224145e-14,0
1028,1.1176491441794132e-13,4.420445250441321e-13,-3.302796106261908e-13,1
1029,2.6203853094768394e-13,4.906647597042006e-13,-2.2862622875651665e-13,1
1030,1.4164567638691119e-13,4.2653781439385734e-13,-2.8489213800694613e-13,1
1031,2.568725436328096e-13,3.282447002691873e-13,-7.137215663637772e-14,1
1032,5.076863360618604e-13,7.589889993329181e-13,-2.513026632710577e-13,1
1033,3.2565417614155824e-12,3.366102376914147e-12,-1.095606154985646e-13,1
1034,8.905415933389456e-12,8.868544585497303e-12,3.687134789215235e-14,0
1035,5.537113443897448e-13,8.550285528369825e-13,-3.0131720844723776e-13,1
1036,1.794121902890312e-13,3.720221995577197e-13,-1.9261000926868851e-13,1
1037,1.4446738450883652e-13,4.3490249337706374e-13,-2.904351088682272e-13,1
1038,8.489970993109405e-13,9.326502166878628e-13,-8.365311737692222e-14,1
1039,2.876776261924877e-13,3.6837271838694423e-13,-8.069509219445651e-14,1
1040,3.533370628919504e-13,5.685507664730685e-13,-2.1521370358111813e-13,1
1041,1.0670942721182644e-12,9.468536940461368e-13,1.2024057807212762e-13,0
1042,6.380581207829061e-13,5.836312330571555e-13,5.442688772575066e-14,0
1043,3.4732787882557587e-13,2.2543240463844954e-13,1.2189547418712632e-13,0
1044,9.079810554306797e-14,3.510486293467272e-13,-2.602505238036592e-13,1
1045,3.075095053095114e-13,3.411634644700014e-13,-3.365395916049004e-14,1
1046,3.449197676413627e-13,5.426132584785588e-13,-1.976934908371961e-13,1
1047,1.0497226011445581e-11,1.0234486599865265e-11,2.6273941158031593e-13,0
1048,4.640988709741448e-12,4.898607883937954e-12,-2.576191741965061e-13,1
1049,2.3128866588096565e-13,3.790595423154046e-13,-1.4777087643443896e-13,1
1050,1.0337961945185317e-12,8.86079102485642e-13,1.4771709203288971e-13,0
1051,9.377060148449922e-13,1.1843627052023551e-12,-2.4665669035736294e-13,1
1052,5.610064553523354e-13,4.4378773491993974e-13,1.1721872043239565e-13,0
1053,4.440961141857743e-12,4.543196861413772e-12,-1.0223571955602847e-13,1
1054,1.8751817173929226e-12,1.721997476130982e-12,1.5318424126194067e-13,0
1055,3.0299670628018027e-13,5.755779086289043e-13,-2.72581202348724e-13,1
1056,2.8828120044210923e-11,3.104832778940573e-11,-2.2202077451948095e-12,1
1057,7.739695213013028e-13,1.0046861957280444e-12,-2.3071667442674157e-13,1
1058,4.44245470848971e-13,3.329492153424667e-13,1.1129625550650433e-13,0
1059,5.397828873215969e-13,6.64949933451135e-13,-1.2516704612953808e-13,1
1060,1.282005471417266e-12,1.1278018600782454e-12,1.5420361133902066e-13,0
1061,1.7216017530424475e-12,1.8733767422109434e-12,-1.5177498916849592e-13,1
1062,1.075331364416533e-13,4.2555885814441395e-13,-3.1802572170276065e-13,1
1063,4.0219812913078707e-13,3.7481835055160297e-13,2.7379778579184108e-14,0
1064,7.413944689681006e-14,3.5883931603694586e-13,-2.8469986914013583e-13,1
1065,1.5359267561678624e-12,1.3625449024106012e-12,1.733818537572612e-13,0
1066,2.9116888379878805e-13,4.1224980924433306e-13,-1.21080925445545e-13,1
1067,2.3020575506410373e-12,2.5238149414418524e-12,-2.2175739080081512e-13,1
1068,1.0288448520503525e-13,3.381481279360942e-13,-2.352636427310589e-13,1
1069,1.85911100575205e-13,4.890978967018632e-13,-3.031867961266582e-13,1
1070,4.053132481806557e-12,4.192260969174638e-12,-1.3912848736808122e-13,1
1071,1.1435289192850989e-12,1.3483588581189208e-12,-2.0482993883382188e-13,1
1072,7.43176063934033e-13,6.73490920863626e-13,6.968514307040701e-14,0
1073,5.7248354359077806e-12,7.982821006236505e-12,-2.2579855703287245e-12,1
1074,2.375789462096663e-13,5.442512783588009e-13,-3.0667233214913455e-13,1
1075,2.9957931274179713e-13,5.411818278159157e-13,-2.416025150741186e-13,1
1076,1.790675784452951e-13,3.604453149057712e-13,-1.8137773646047612e-13,1
1077,3.035121749184882e-13,5.857142474522064e-13,-2.8220207253371823e-13,1
1078,2.4855363705880313e-12,2.66182881010551e-12,-1.7629243951747861e-13,1
1079,1.6069215142101584e-12,1.7751489898965403e-12,-1.6822747568638193e-13,1
1080,4.561475651432107e-12,4.4977159244436035e-12,6.375972698850338e-14,0
1081,5.990109623216173e-12,5.964525920266895e-12,2.5583702949278237e-14,0
1082,1.6336545242766673e-11,1.6266919401787648e-11,6.962584097902512e-14,0
1083,4.812118439567097e-13,6.891925760299124e-13,-2.0798073207320274e-13,1
1084,2.4466671314930364e-13,2.9818251739890613e-13,-5.351580424960249e-14,1
1085,1.6320416902053255e-13,4.3206172385944563e-13,-2.688575548389131e-13,1
1086,1.8326323744448582e-13,3.909342539936067e-13,-2.0767101654912088e-13,1
1087,9.928476675274418e-13,1.0061898495674006e-12,-1.3342182039958766e-14,1
1088,4.628990805193403e-13,6.290974060540073e-13,-1.6619832553466703e-13,1
1089,1.7949517854433499e-12,2.039377503274905e-12,-2.44425717831555e-13,1
1090,5.31019786072023e-13,4.710695060972276e-13,5.995027997479539e-14,0
1091,1.9155533191934936e-13,4.2578590075036687e-13,-2.342305688310175e-13,1
1092,1.1101292347641038e-13,3.697850421426145e-13,-2.587721186662041e-13,1
1093,4.199860182787407e-13,6.94919821678403e-13,-2.749338033996623e-13,1
1094,3.5800552226429334e-13,4.90002907283059e-13,-1.3199738501876568e-13,1
1095,1.426000891533392e-12,1.6122390393077635e-12,-1.8623814777437157e-13,1
1096,3.1901565693478625e-13,5.127913803304936e-13,-1.9377572339570735e-13,1
1097,1.7153179314022342e-13,4.442312010430164e-13,-2.72699407902793e-13,1
1098,1.1016775085137706e-12,1.0036381728735508e-12,9.803933564021977e-14,0
1099,3.753813538183031e-13,3.881790651490661e-13,-1.2797711330762986e-14,1
1100,2.4939083626090883e-13,5.51416604029639e-13,-3.0202576776873015e-13,1
1101,2.5468656052454123e-12,2.4571313646104346e-12,8.973424063497765e-14,0
1102,1.3877917047889331e-12,1.50212448013255e-12,-1.1433277534361677e-13,1
1103,1.8129017428775928e-13,4.981503580195889e-13,-3.1686018373182964e-13,1
1104,4.213829007735927e-12,4.324643497827041e-12,-1.1081449009111477e-13,1
1105,6.103019763258612e-13,7.874754579196647e-13,-1.7717348159380344e-13,1
1106,2.6062855193304545e-13,5.837971197913636e-13,-3.2316856785831814e-13,1
1107,2.025847510727501e-12,2.291254813681427e-12,-2.65407302953926e-13,1
1108,3.63252040225577e-13,2.554921136012668e-13,1.0775992662431019e-13,0
1109,2.89969162586261e-13,4.928917603238777e-13,-2.029225977376167e-13,1
1110,4.403867951713322e-13,2.184822005297689e-13,2.219045946415633e-13,0
1111,3.5402144978464604e-13,5.965690727398204e-13,-2.4254762295517434e-13,1
1112,4.567666909304284e-13,7.596340335355368e-13,-3.028673426051084e-13,1
1113,2.351932006528961e-13,2.96834657951889e-13,-6.164145729899291e-14,1
1114,2.9338621700729813e-13,5.481159598224641e-13,-2.5472974281516597e-13,1
1115,3.6019492875922415e-13,6.012612789614586e-13,-2.410663502022344e-13,1
1116,9.389336972839878e-13,1.156697326088142e-12,-2.177636288041541e-13,1
1117,2.023977741332893e-12,2.2262032863183646e-12,-2.0222554498547148e-13,1
1118,2.2632372652744127e-13,2.967140677423126e-13,-7.039034121487132e-14,1
1119,4.2403481975227665e-13,6.172558003489967e-13,-1.932209805967201e-13,1
1120,5.674905434536052e-13,6.257174996118018e-13,-5.822695615819659e-14,1
1121,3.8623635776523983e-13,5.189066227674814e-13,-1.3267026500224153e-13,1
1122,1.2541392479649528e-13,3.8640562286385566e-13,-2.609916980673604e-13,1
1123,1.6904691323046846e-12,1.48761028655636e-12,2.0285884574832472e-13,0
1124,8.651202069420121e-12,8.631140103275457e-12,2.0061966144664548e-14,0
1125,1.1401289763904465e-13,4.24982295815743e-13,-3.1096939817669834e-13,1
1126,2.4617065357015093e-13,5.642470127683366e-13,-3.180763591981857e-13,1
1127,3.782415200162677e-13,4.5235077316963094e-13,-7.410925315336324e-14,1
1128,1.1086531078325477e-12,9.589231836019992e-13,1.4972992423054852e-13,0
1129,3.3928511307481895e-13,3.098374607383761e-13,2.9447652336442875e-14,0
1130,4.332242308099016e-12,4.1633750766044e-12,1.6886723149461573e-13,0
1131,3.5930971991931123e-13,5.378613601839719e-13,-1.7855164026466068e-13,1
1132,2.032472537443217e-13,3.3919150548560343e-13,-1.3594425174128174e-13,1
1133,5.66045967741867e-13,6.432045941821643e-13,-7.71586264402973e-14,1
1134,9.712573326566036e-13,1.0838857622090618e-12,-1.1262842955245817e-13,1
1135,3.3114659383592834e-13,6.241918878283499e-13,-2.9304529399242153e-13,1
1136,4.2110848030141916e-13,6.156281804616943e-13,-1.9451970016027512e-13,1
1137,5.162999575575635e-13,4.3137568757230884e-13,8.49242699852547e-14,0
1138,2.1692118704349998e-13,3.02630731558678e-13,-8.5709544515178e-14,1
1139,1.3561367511132416e-12,1.4339196211115172e-12,-7.778286999827566e-14,1
1140,6.23568073598437e-13,8.6472694003294e-13,-2.4115886643450296e-13,1
1141,3.324791678147729e-12,3.315780951670455e-12,9.010726477274087e-15,0
1142,3.1681425720663915e-13,4.136485275190488e-13,-9.683427031240967e-14,1
1143,8.668654779292067e-13,1.0760880843178715e-12,-2.0922260638866481e-13,1
1144,9.14991129936248e-13,6.970589817399781e-13,2.1793214819626986e-13,0
1145,3.7048839545704547e-13,3.9625255947872127e-13,-2.5764164021675793e-14,1
1146,5.732265701297914e-13,7.084601751735024e-13,-1.3523360504371104e-13,1
1147,9.564465891942196e-12,9.74688964338471e-12,-1.8242375144251382e-13,1
1148,2.061746832033619e-12,2.0904369102341115e-12,-2.869007820049265e-14,1
1149,7.671229571549415e-13,5.469336818185223e-13,2.2018927533641924e-13,0
1150,6.037415859035003e-13,8.020143774367175e-13,-1.9827279153321717e-13,1
1151,1.2268168203851959e-13,2.9710279042459153e-13,-1.7442110838607194e-13,1
1152,7.325567777114665e-13,1.0252437162454343e-12,-2.926869385339679e-13,1
1153,1.3306824859328312e-13,4.059524412405984e-13,-2.7288419264731527e-13,1
1154,5.479558636005959e-13,7.954582657757068e-13,-2.47502402175111e-13,1
1155,2.870434364632285e-13,5.33631183146084e-13,-2.4658774668285547e-13,1
1156,2.081293712600199e-12,1.93804443559651e-12,1.4324927700368934e-13,0
1157,7.68746840916329e-12,7.841792100845328e-12,-1.5432369168203716e-13,1
1158,9.076326113400943e-13,1.083901505922651e-12,-1.7626889458255676e-13,1
1159,1.0461844612472381e-13,4.103809107435155e-13,-3.0576246461879164e-13,1
1160,4.3870078337664105e-13,4.2605355080127e-13,1.2647232575371057e-14,0
1161,4.763202053328596e-11,4.7267597322280796e-11,3.644232110051663e-13,0
1162,2.646718595330234e-11,2.6497961783363697e-11,-3.077583006135662e-14,1
1163,2.177058383998593e-13,4.647468531936086e-13,-2.4704101479374933e-13,1
1164,7.952503916468498e-13,6.168376793387576e-13,1.7841271230809217e-13,0
1165,5.313279441755746e-13,7.462882649490914e-13,-2.1496032077351683e-13,1
1166,3.2758156306602224e-12,3.277744515293716e-12,-1.928884633493573e-15,1
1167,1.6357702062493498e-13,3.3267870614506733e-13,-1.6910168552013235e-13,1
1168,2.374300435059422e-13,5.443992063379731e-13,-3.069691628320309e-13,1
1169,4.458517069415882e-13,6.152233955461945e-13,-1.6937168860460634e-13,1
1170,1.2861507717527968e-13,4.3217492737195114e-13,-3.0355985019667147e-13,1
1171,2.1913581341295866e-12,2.3539170452474876e-12,-1.62558911117901e-13,1
1172,8.94707333591501e-14,3.7534624268446946e-13,-2.8587550932531936e-13,1
1173,4.414690296995271e-13,6.36761225168706e-13,-1.9529219546917886e-13,1
1174,7.715784567636003e-13,9.202023449287033e-13,-1.4862388816510294e-13,1
1175,1.1203249681088808e-12,9.538082125652925e-13,1.665167555435883e-13,0
1176,9.756128090566585e-14,3.953377878898831e-13,-2.977765069842173e-13,1
1177,8.957763327317117e-13,1.099092307252068e-12,-2.033159745203563e-13,1
1178,2.448283741993928e-13,3.68172859650495e-13,-1.2334448545110217e-13,1
1179,5.984143886846571e-13,6.340225174027472e-13,-3.560812871809013e-14,1
1180,1.6349621516112325e-12,1.880366013153955e-12,-2.4540386154272257e-13,1
1181,9.42139374788026e-13,1.0054901610198155e-12,-6.335078623178952e-14,1
1182,3.513818218182557e-13,5.460491516265711e-13,-1.9466732980831541e-13,1
1183,1.409550479753399e-13,4.3210119476056513e-13,-2.9114614678522523e-13,1
1184,4.099040791923099e-13,3.2608430955613183e-13,8.381976963617808e-14,0
1185,3.7935641171547964e-11,3.964936001238197e-11,-1.7137188408340046e-12,1
1186,1.176827876508884e-13,4.129776817290934e-13,-2.9529489407820496e-13,1
1187,1.2659504996063123e-13,4.220179818888684e-13,-2.9542293192823715e-13,1
1188,2.7388508103187314e-12,2.6811752587505347e-12,5.767555156819678e-14,0
1189,3.1920820652991474e-13,4.755130596895906e-13,-1.5630485315967583e-13,1
1190,6.187303147396192e-13,8.910095393853122e-13,-2.7227922464569304e-13,1
1191,3.8781653928242773e-13,5.96221081238634e-13,-2.0840454195620628e-13,1
1192,5.201791844781184e-13,6.264316180776577e-13,-1.0625243359953925e-13,1
1193,8.26647260334296e-13,1.0717656888316325e-12,-2.4511842849733646e-13,1
1194,2.7922173441014494e-12,2.937560571277852e-12,-1.4534322717640237e-13,1
1195,2.4361476987926076e-13,4.0526548734583024e-13,-1.6165071746656949e-13,1
1196,3.92902121967727e-13,5.368235291052791e-13,-1.4392140713755214e-13,1
1197,6.434539559480424e-13,4.365113222102821e-13,2.069426337377603e-13,0
1198,1.544915549758813e-13,3.4259393615539127e-13,-1.8810238117950998e-13,1
1199,1.701487455050831e-13,3.8002346986607997e-13,-2.0987472436099686e-13,1
1200,2.8825524334903077e-13,4.81112007701448e-13,-1.9285676435241726e-13,1
1201,2.1948824856759935e-12,2.0144751038029444e-12,1.804073818730491e-13,0
1202,1.0631408059966798e-11,1.1196118623183612e-11,-5.64710563216814e-13,1
1203,2.2039696159478717e-13,3.679349675060578e-13,-1.4753800591127063e-13,1
1204,1.2357043806694242e-12,1.098622612682166e-12,1.3708176798725816e-13,0
1205,5.734223958596225e-13,7.832318266315711e-13,-2.0980943077194854e-13,1
1206,1.0750770931224296e-13,3.5398632032532694e-13,-2.4647861101308396e-13,1
1207,2.5511974306832687e-13,5.106393734749676e-13,-2.5551963040664074e-13,1
1208,2.269933940200147e-13,4.630876650108277e-13,-2.3609427099081304e-13,1
1209,2.2268445365720468e-13,4.959529037323599e-13,-2.732684500751552e-13,1
1210,3.3522557412350505e-13,4.1121508986965246e-13,-7.598951574614741e-14,1
1211,3.2557559406244616e-13,4.786509452520939e-13,-1.5307535118964772e-13,1
1212,1.296258190949786e-10,1.2017657085351503e-10,9.449248241463568e-12,0
1213,3.887955158701238e-13,1.9171702418902437e-13,1.9707849168109943e-13,0
1214,1.744456472646094e-13,3.873258174680689e-13,-2.128801702034595e-13,1
1215,2.4373922348818545e-13,3.443899100141197e-13,-1.0065068652593427e-13,1
1216,3.614258204955176e-13,5.779027327889458e-13,-2.1647691229342814e-13,1
1217,3.627687946648207e-13,6.512006209957039e-13,-2.8843182633088323e-13,1
1218,8.479428340927929e-14,3.4279225134144596e-13,-2.5799796793216667e-13,1
1219,1.0048866574795198e-12,9.876138024069684e-13,1.7272855072551432e-14,0
1220,2.356226052371987e-13,3.268795296375193e-13,-9.125692440032056e-14,1
1221,7.625813863159635e-13,9.51836457081638e-13,-1.8925507076567439e-13,1
1222,2.701933180304486e-13,5.120384820221203e-13,-2.418451639916717e-13,1
1223,3.385936841589033e-11,3.4099659415590856e-11,-2.4029099970052563e-13,1
1224,3.5563085597498255e-13,3.9005463405150603e-13,-3.442377807652348e-14,1
1225,3.5491640878181397e-13,4.822669437248356e-13,-1.2735053494302162e-13,1
1226,1.862564824921495e-11,1.837936968188189e-11,2.462785673330572e-13,0
1227,7.197134984951872e-13,5.963443453884951e-13,1.233691531066921e-13,0
1228,2.420028378456497e-13,4.899611137395441e-13,-2.4795827589389436e-13,1
1229,2.602450581657332e-13,5.147387837685088e-13,-2.544937256027756e-13,1
1230,1.9213795670888338e-13,4.826586783622335e-13,-2.905207216533501e-13,1
1231,3.7036536294434136e-13,6.133711055954777e-13,-2.430057426511363e-13,1
1232,3.7844144026223033e-13,6.413108918621859e-13,-2.6286945159995553e-13,1
1233,2.0395805415005814e-13,4.3029680542694567e-13,-2.2633875127688753e-13,1
1234,6.341529804471318e-13,8.594885453180546e-13,-2.2533556487092278e-13,1
1235,4.2510767689982825e-13,7.106092014309787e-13,-2.8550152453115047e-13,1
1236,2.4022902511209304e-13,2.573037434656798e-13,-1.7074718353586762e-14,1
1237,8.435827635962421e-13,8.891824487273841e-13,-4.559968513114198e-14,1
1238,2.0644024011194465e-12,2.3112311899680266e-12,-2.4682878884858003e-13,1
1239,2.5360816801444337e-12,2.6620683601509335e-12,-1.259866800064998e-13,1
1240,8.656208760411425e-13,7.365921515905333e-13,1.2902872445060917e-13,0
1241,5.953900021289838e-13,8.549103518953882e-13,-2.5952034976640437e-13,1
1242,2.136649217943361e-12,1.927560673490403e-12,2.0908854445295816e-13,0
1243,4.846982661869128e-13,6.512169573573776e-13,-1.6651869117046486e-13,1
1244,7.932637080243184e-13,1.0857493959273778e-12,-2.9248568790305944e-13,1
1245,8.125977070349399e-14,3.709653966937838e-13,-2.8970562599028977e-13,1
1246,5.844644636989799e-13,5.921492743584337e-13,-7.684810659453843e-15,1
1247,2.8580260593430493e-12,3.083130877148791e-12,-2.251048178057419e-13,1
1248,1.722255986463067e-13,3.3623374486671075e-13,-1.6400814622040404e-13,1
1249,4.138487245099168e-13,6.597577962248817e-13,-2.459090717149649e-13,1
1250,3.032461945830374e-13,5.42254192574565e-13,-2.390079979915276e-13,1
1251,2.5883188871214165e-13,5.394219744843911e-13,-2.8059008577224944e-13,1
1252,4.942793920339908e-13,4.0861944429773605e-13,8.565994773625479e-14,0
1253,3.509452824269694e-13,6.44900533309601e-13,-2.939552508826316e-13,1
1254,2.9895443795119773e-12,3.0351604938811274e-12,-4.561611436915004e-14,1
1255,6.413530918914789e-13,8.78774206679412e-13,-2.3742111478793305e-13,1
1256,4.078372874169512e-13,3.691856392004806e-13,3.86516482164706e-14,0
1257,3.0919163911430194e-13,5.519244906143477e-13,-2.427328515000458e-13,1
1258,3.1097583953441337e-12,3.1089203984934935e-12,8.379968506401563e-16,0
1259,3.218497884062664e-13,6.140403065333838e-13,-2.9219051812711744e-13,1
1260,2.4779435813456225e-10,2.441534667540245e-10,3.6408913805377495e-12,0
1261,1.9283841774581706e-12,2.018091966520399e-12,-8.970778906222829e-14,1
1262,3.9825027979691645e-13,3.543861333103236e-13,4.386414648659286e-14,0
1263,5.217323992801848e-13,6.17355892565524e-13,-9.562349328533922e-14,1
1264,2.2623763926100785e-13,5.316712262391641e-13,-3.0543358697815626e-13,1
1265,6.532773125608497e-13,8.644544321012234e-13,-2.1117711954037377e-13,1
1266,3.832659958184763e-11,4.0400235626251777e-11,-2.073636044404145e-12,1
1267,1.8247300835067917e-12,2.0769195213028308e-12,-2.52189437796039e-13,1
1268,5.744824781087265e-13,7.526182438584335e-13,-1.7813576574970704e-13,1
1269,5.927451768170611e-12,5.786333407454231e-12,1.4111836071638006e-13,0
1270,3.2643543962925697e-13,6.552209129516932e-13,-3.287854733224362e-13,1
1271,1.6151386168561074e-11,1.6479782745704632e-11,-3.283965771435575e-13,1
1272,2.5487836063149975e-13,3.541039423247092e-13,-9.922558169320947e-14,1
1273,2.496125495057385e-13,4.730978532033148e-13,-2.234853036975763e-13,1
1274,1.3234616350815555e-11,1.3065337844680003e-11,1.6927850613555222e-13,0
1275,7.509251969965122e-12,7.248106062920804e-12,2.6114590704431777e-13,0
1276,5.031445922721971e-13,6.861643438518872e-13,-1.8301975157969002e-13,1
1277,1.8172471328791293e-12,1.9740845188342706e-12,-1.5683738595514132e-13,1
1278,1.4240977228455548e-12,1.4751377290613423e-12,-5.1040006215787475e-14,1
1279,2.758414169066674e-13,5.494776149843649e-13,-2.736361980776975e-13,1
1280,1.0264273198108203e-12,1.234185218173893e-12,-2.077578983630727e-13,1
1281,7.81841502218349e-12,7.590741593056872e-12,2.276734291266174e-13,0
1282,3.700232119769374e-13,3.887828118061038e-13,-1.8759599829166387e-14,1
1283,2.8627613748903876e-13,4.352227656827155e-13,-1.4894662819367675e-13,1
1284,3.0139838102881366e-12,2.795343169769834e-12,2.1864064051830282e-13,0
1285,1.9394618509127736e-13,2.9469374860331126e-13,-1.007475635120339e-13,1
1286,1.0606142261632908e-11,1.294241061831221e-11,-2.336268356679302e-12,1
1287,2.301926812553811e-13,4.432768392009391e-13,-2.13084157945558e-13,1
1288,1.631777213168063e-12,1.7089953606511492e-12,-7.721814748308619e-14,1
1289,2.507103837665046e-12,2.7957418205018163e-12,-2.8863798283677043e-13,1
1290,1.0884975188955159e-13,4.004787513724439e-13,-2.9162899948289233e-13,1
1291,7.167825881395449e-13,7.963868598466762e-13,-7.960427170713133e-14,1
1292,5.56891793857944e-13,8.374535273737584e-13,-2.8056173351581436e-13,1
1293,8.10190048423637e-13,7.266651164265641e-13,8.352493199707289e-14,0
1294,4.0342450374499705e-13,4.894318044720525e-13,-8.600730072705547e-14,1
1295,2.3840643406368166e-13,4.806127277165907e-13,-2.422062936529091e-13,1
1296,2.0737967404628782e-13,2.9964854981617664e-13,-9.226887576988881e-14,1
1297,6.50099970751207e-13,4.14582110241978e-13,2.3551786050922897e-13,0
1298,2.6951686371093214e-13,4.636017750802121e-13,-1.9408491136927992e-13,1
1299,5.177761824953823e-13,6.549140475065891e-13,-1.3713786501120688e-13,1
1300,8.003990460240664e-14,3.040776495751229e-13,-2.2403774497271626e-13,1
1301,3.526696767587281e-13,5.730616049367708e-13,-2.203919281780427e-13,1
1302,2.7865262059656485e-12,2.8258375954750945e-12,-3.9311389509446026e-14,1
1303,6.547141056001588e-13,7.005150956383621e-13,-4.5800990038203236e-14,1
1304,1.3036407136533208e-13,3.649575466652699e-13,-2.3459347529993784e-13,1
1305,8.271156230902251e-13,1.1206769341399355e-12,-2.935613110497104e-13,1
1306,1.2725525709768185e-13,3.376042834989642e-13,-2.1034902640128233e-13,1
1307,2.506395624131615e-12,2.4346411397932307e-12,7.175448433838417e-14,0
1308,1.8772579064132598e-13,4.0950624814281917e-13,-2.217804575014932e-13,1
1309,1.6837221092801856e-12,1.9663256659886174e-12,-2.826035567084318e-13,1
1310,6.229801154583034e-12,6.082937000957308e-12,1.468641536257265e-13,0
1311,1.9364918835938207e-12,1.7560102497272936e-12,1.8048163386652716e-13,0
1312,1.2069422243454004e-12,1.3022589630354237e-12,-9.531673869002328e-14,1
1313,6.169419681819163e-13,5.922575546283001e-13,2.468441355361613e-14,0
1314,6.515464359567765e-13,9.58066060577623e-13,-3.065196246208466e-13,1
1315,2.302661844326983e-13,3.819328706534754e-13,-1.516666862207771e-13,1
1316,1.9290417488236085e-13,3.5757480616715295e-13,-1.646706312847921e-13,1
1317,1.5228382754916193e-13,4.43285963320289e-13,-2.910021357711271e-13,1
1318,3.9874368808880026e-13,5.603220763012228e-13,-1.6157838821242256e-13,1
1319,2.6105499997767687e-13,5.097628999043416e-13,-2.487078999266647e-13,1
1320,1.0451893925831304e-12,8.624781992785269e-13,1.8271119330460355e-13,0
1321,8.807234360748047e-13,1.0765206614386194e-12,-1.9579722536381462e-13,1
1322,3.081077542911222e-13,5.826999584032706e-13,-2.745922041121484e-13,1
1323,1.459158782577918e-11,1.4820340671801778e-11,-2.287528460225968e-13,1
1324,1.974947370178592e-13,3.383990528960234e-13,-1.409043158781642e-13,1
1325,8.705104998650039e-13,9.471919915365956e-13,-7.668149167159167e-14,1
1326,1.6051552706748914e-13,3.2841143766943024e-13,-1.678959106019411e-13,1
1327,2.458942360293574e-13,3.258013126142957e-13,-7.990707658493832e-14,1
1328,1.2131145451107287e-12,1.3252116688312813e-12,-1.1209712372055258e-13,1
1329,4.4957730637082754e-13,4.722479138498633e-13,-2.2670607479035738e-14,1
1330,9.688269125622371e-13,1.235061340891128e-12,-2.6623442832889093e-13,1
1331,9.29029172171515e-14,4.085269883752547e-13,-3.156240711581032e-13,1
1332,2.870098065826809e-13,2.89795464268716e-13,-2.7856576860351196e-15,1
1333,8.874987843531407e-11,7.065150062481655e-11,1.8098377810497524e-11,0
1334,1.3478788551520899e-12,1.2213769888085792e-12,1.2650186634351065e-13,0
1335,3.0103624060128626e-13,3.7344330144349793e-13,-7.240706084221167e-14,1
1336,2.949112237159834e-13,3.184188053863737e-13,-2.3507581670390297e-14,1
1337,9.453921879916526e-13,7.119837278794613e-13,2.3340846011219123e-13,0
1338,1.0666985024622685e-12,1.0047818987478184e-12,6.191660371445016e-14,0
1339,6.43810371171211e-13,5.112903035223545e-13,1.3252006764885657e-13,0
1340,3.692275850836373e-13,4.581434275213836e-13,-8.891584243774628e-14,1
1341,1.9660240577072996e-13,4.4888313716319637e-13,-2.5228073139246644e-13,1
1342,3.205110984986405e-13,4.3143565513536594e-13,-1.1092455663672542e-13,1
1343,1.7125689098458478e-12,1.82448080838891e-12,-1.1191189854306207e-13,1
1344,2.173460773764257e-13,4.357997931614004e-13,-2.1845371578497472e-13,1
1345,7.35317263432263e-13,8.190681983661376e-13,-8.375093493387456e-14,1
1346,3.762911701201644e-12,3.545537530978255e-12,2.173741702233889e-13,0
1347,1.697942149059708e-11,1.6793868368276358e-11,1.8555312232072235e-13,0
1348,1.15438263616975e-13,3.4331476793786414e-13,-2.2787650432088914e-13,1
1349,2.745366233907833e-13,5.251525383510299e-13,-2.506159149602466e-13,1
1350,1.6995213238447144e-13,3.09388038877075e-13,-1.3943590649260358e-13,1
1351,1.705874124658301e-13,4.620968739784138e-13,-2.9150946151258367e-13,1
1352,2.4445471384021044e-13,3.621613479249244e-13,-1.1770663408471397e-13,1
1353,2.98317055582287e-13,6.076744640376679e-13,-3.093574084553809e-13,1
1354,3.1374852083298613e-12,3.3828337118076306e-12,-2.453485034777693e-13,1
1355,3.355207640696359e-13,5.755603488514657e-13,-2.400395847818298e-13,1
1356,3.6513663594903607e-13,5.094277910423224e-13,-1.4429115509328636e-13,1
1357,3.0654550576697163e-13,4.4189409114440504e-13,-1.353485853774334e-13,1
1358,6.118165355425777e-13,9.141722769620908e-13,-3.0235574141951314e-13,1
1359,5.861675160459816e-13,7.220218911158136e-13,-1.35854375069832e-13,1
1360,3.5184977587531055e-13,4.1002587227858887e-13,-5.817609640327832e-14,1
1361,2.9882365732642078e-12,3.2021117509154827e-12,-2.1387517765127495e-13,1
1362,2.444891862155768e-13,4.098020867129154e-13,-1.653129004973386e-13,1
1363,9.249530502538489e-13,7.427953734639708e-13,1.8215767678987806e-13,0
1364,4.916105808138831e-12,4.793289293544584e-12,1.2281651459424731e-13,0
1365,8.479367653535364e-13,7.921060032632348e-13,5.5830762090301554e-14,0
1366,9.993450882183571e-14,3.607496726574645e-13,-2.608151638356288e-13,1
1367,3.593882301131173e-12,3.663694255013982e-12,-6.981195388280922e-14,1
1368,3.4916500174777972e-12,3.6301669970213565e-12,-1.3851697954355929e-13,1
1369,2.595049523970224e-13,5.274021076535009e-13,-2.678971552564785e-13,1
1370,1.2173313638619633e-11,1.5133860166165378e-11,-2.9605465275457452e-12,1
1371,4.025271779651783e-12,4.285822351218882e-12,-2.6055057156709914e-13,1
1372,7.473877443983476e-13,9.744845837040473e-13,-2.2709683930569974e-13,1
1373,5.488824263298256e-13,7.605771834882091e-13,-2.1169475715838355e-13,1
1374,3.441407592655385e-13,5.279917346834164e-13,-1.8385097541787795e-13,1
1375,1.4449454358739156e-11,1.4542503645381893e-11,-9.304928664273664e-14,1
1376,5.178621183269253e-13,7.162918657250909e-13,-1.9842974739816563e-13,1
1377,2.731651365313945e-12,2.8861470868201203e-12,-1.5449572150617544e-13,1
1378,9.982016137521366e-13,8.251704275269936e-13,1.7303118622514302e-13,0
1379,1.3395918873983893e-11,1.313761508148477e-11,2.5830379249912377e-13,0
1380,1.1380789378595571e-12,1.0663267608249042e-12,7.175217703465288e-14,0
1381,2.0351270312088844e-13,5.228807691245501e-13,-3.1936806600366164e-13,1
1382,1.596094534126948e-12,1.8051791223739773e-12,-2.090845882470293e-13,1
1383,4.0449781190375135e-13,3.783415965019583e-13,2.6156215401793055e-14,0
1384,4.258616774802387e-13,3.6216100532337613e-13,6.370067215686256e-14,0
1385,3.8730432318778945e-13,6.691938420656861e-13,-2.8188951887789664e-13,1
1386,5.737394681069344e-13,4.627207561382136e-13,1.1101871196872076e-13,0
1387,2.9373646740554464e-13,5.235146280082221e-13,-2.297781606026775e-13,1
1388,2.052284449145702e-13,5.106186496814343e-13,-3.0539020476686414e-13,1
1389,2.0285771160158828e-13,4.37122841931888e-13,-2.3426513033029975e-13,1
1390,1.6237454341205167e-12,1.848988401179738e-12,-2.2524296705922148e-13,1
1391,2.4287363100491974e-12,2.509306511312725e-12,-8.057020126352772e-14,1
1392,5.00720433891847e-13,4.779999025744091e-13,2.272053131743787e-14,0
1393,2.2288812474155844e-13,3.1113846805726244e-13,-8.8250343315704e-14,1
1394,1.5083396822377693e-13,2.869348986613934e-13,-1.3610093043761645e-13,1
1395,8.821770262926956e-14,3.332651586485596e-13,-2.4504745601929006e-13,1
1396,9.149739983127945e-13,7.785369990730879e-13,1.3643699923970657e-13,0
1397,2.55404935900539e-13,5.59753608251872e-13,-3.04348672351333e-13,1
1398,7.727705020817128e-13,8.501190746190909e-13,-7.734857253737805e-14,1
1399,6.477618670592633e-13,9.259254501172321e-13,-2.7816358305796887e-13,1
1400,3.132689952542353e-13,2.98006730859154e-13,1.5262264395081255e-14,0
1401,2.3552922959479116e-13,4.826724225713073e-13,-2.4714319297651617e-13,1
1402,5.265578280455123e-13,6.904719629440333e-13,-1.6391413489852103e-13,1
1403,4.672707305738842e-13,3.542833701101774e-13,1.1298736046370676e-13,0
1404,5.609021720912258e-12,5.733937266365979e-12,-1.2491554545372094e-13,1
1405,6.289777248521279e-13,6.562435849142972e-13,-2.7265860062169264e-14,1
1406,3.661666613066383e-13,4.3063223337759954e-13,-6.446557207096122e-14,1
1407,1.593545420012062e-13,3.24980596586638e-13,-1.656260545854318e-13,1
1408,3.5220037687122244e-12,3.35782627325925e-12,1.6417749545297442e-13,0
1409,2.7880603915270944e-12,2.720586214307888e-12,6.747417721920633e-14,0
1410,2.318199443003016e-13,2.466679950691436e-13,-1.484805076884203e-14,1
1411,4.927900652066725e-13,7.248281551053511e-13,-2.3203808989867857e-13,1
1412,3.2709651088327195e-13,4.337700566756516e-13,-1.0667354579237963e-13,1
1413,1.408418701664409e-13,4.69927526511856e-13,-3.2908565634541514e-13,1
1414,2.1611230821834348e-13,2.591720835416626e-13,-4.305977532331914e-14,1
1415,1.7321546874895564e-12,1.96234089206001e-12,-2.3018620457045367e-13,1
1416,2.719132855046916e-11,2.7310937410239083e-11,-1.1960885976992137e-13,1
1417,1.28176191144731e-13,3.2500277451197825e-13,-1.9682658336724724e-13,1
1418,7.260391917166111e-13,6.122484040087951e-13,1.1379078770781602e-13,0
1419,1.4957464664794722e-12,1.6275238140713678e-12,-1.3177734759189564e-13,1
1420,1.5616732818597787e-11,1.5827736757452024e-11,-2.110039388542369e-13,1
1421,4.120940808912691e-13,5.205182609611043e-13,-1.0842418006983515e-13,1
1422,2.771431373999316e-13,4.1112594329843877e-13,-1.3398280589850716e-13,1
1423,2.1635424876775005e-13,4.196017891537202e-13,-2.0324754038597016e-13,1
1424,1.5498010739340604e-13,3.725336424807357e-13,-2.1755353508732965e-13,1
1425,7.355333111067112e-13,9.81033808273814e-13,-2.455004971671028e-13,1
1426,5.3867732682573765e-12,5.344838461610775e-12,4.193480664660175e-14,0
1427,2.041126489566273e-12,2.274311810697962e-12,-2.331853211316889e-13,1
1428,7.65832603908766e-13,5.906178915877884e-13,1.752147123209776e-13,0
1429,2.336282522079244e-13,3.3676501981290244e-13,-1.0313676760497802e-13,1
1430,1.1776564810722635e-11,1.1675870259341764e-11,1.0069455138087166e-13,0
1431,2.6318463732265447e-13,2.68480352563415e-13,-5.295715240760508e-15,1
1432,2.9099311022348135e-12,2.8153880550848483e-12,9.454304714996522e-14,0
1433,3.361623008862251e-13,5.580741286580354e-13,-2.2191182777181034e-13,1
1434,7.178160031679133e-13,5.809329475069947e-13,1.3688305566091863e-13,0
1435,2.223779749123063e-13,3.7062182685636887e-13,-1.4824385194406256e-13,1
1436,3.514227540849996e-13,4.625528101951876e-13,-1.1113005611018803e-13,1
1437,2.822468911127682e-13,5.356449215450759e-13,-2.5339803043230777e-13,1
1438,6.00934807715461e-13,8.437162846731597e-13,-2.4278147695769866e-13,1
1439,4.0232013526887894e-13,3.4756943700648097e-13,5.4750698262397964e-14,0
1440,9.231411502199647e-13,1.0884015458685783e-12,-1.6526039564861363e-13,1
1441,5.778347617613058e-13,5.419417457751004e-13,3.5893015986205384e-14,0
1442,3.460841360793243e-13,5.393817722567595e-13,-1.9329763617743518e-13,1
1443,2.760477205520918e-13,4.15807700292533e-13,-1.3975997974044122e-13,1
1444,7.532397056503332e-13,7.926158200206168e-13,-3.9376114370283595e-14,1
1445,9.254099608612982e-13,1.1570608606117218e-12,-2.3165089975042354e-13,1
1446,1.4581670313768293e-13,3.5677699702818043e-13,-2.109602938904975e-13,1
1447,2.6990853541372352e-12,2.6133661216268023e-12,8.571923251043294e-14,0
1448,1.1399314515742218e-12,1.3966323775838404e-12,-2.567009260096186e-13,1
1449,4.4149116014409085e-13,5.106797588512413e-13,-6.918859870715041e-14,1
1450,1.7476654114873364e-12,1.7138868218739353e-12,3.3778589613401103e-14,0
1451,5.673513980491602e-13,6.752218706105027e-13,-1.078704725613425e-13,1
1452,2.150799088459654e-12,1.887072014860546e-12,2.637270735991079e-13,0
1453,7.491251533402642e-13,6.990915254382033e-13,5.0033627902060804e-14,0
1454,1.0907025329560582e-12,1.339038533332878e-12,-2.483360003768198e-13,1
1455,8.520119949994189e-12,8.48751590837845e-12,3.260404161573891e-14,0
1456,3.956069800289192e-13,3.6354956489305234e-13,3.205741513586685e-14,0
1457,2.986828554486809e-12,3.1216163538938393e-12,-1.3478779940703026e-13,1
1458,3.821766554817113e-13,3.712348251105019e-13,1.0941830371209405e-14,0
1459,4.0242704397070126e-13,6.796042078352323e-13,-2.7717716386453107e-13,1
1460,4.0673599545246867e-13,4.0241057189536157e-13,4.325423557107092e-15,0
1461,1.4436476328157651e-12,1.3193356015994886e-12,1.243120312162765e-13,0
1462,2.0310820369381054e-13,4.4823336134216734e-13,-2.451251576483568e-13,1
1463,2.13467166561783e-11,2.0648736478905032e-11,6.979801772732696e-13,0
1464,1.717318037105938e-13,4.5138519411417e-13,-2.796533904035762e-13,1
1465,1.6886431270708476e-13,3.1266465246313284e-13,-1.4380033975604808e-13,1
1466,6.845807831145778e-13,6.677842936755906e-13,1.679648943898727e-14,0
1467,5.55365882977501e-13,5.797512063404636e-13,-2.4385323362962602e-14,1
1468,1.831463936958199e-13,4.284680223556811e-13,-2.453216286598612e-13,1
1469,2.758059136964911e-13,4.0573719279418396e-13,-1.2993127909769287e-13,1
1470,2.3807470811911495e-11,2.5775961134348693e-11,-1.968490322437198e-12,1
1471,1.3656129533941866e-12,1.1526355577791361e-12,2.1297739561505043e-13,0
1472,6.436647191869157e-13,8.059701181054413e-13,-1.6230539891852568e-13,1
1473,7.361674402562732e-13,9.99412214189427e-13,-2.6324477393315393e-13,1
1474,1.748004507786505e-13,3.14865741575285e-13,-1.4006529079663448e-13,1
1475,2.9334371202226475e-12,2.8289906522518445e-12,1.0444646797080294e-13,0
1476,7.625834051905431e-13,8.37666160073789e-13,-7.50827548832459e-14,1
1477,3.405212800440534e-13,5.666707660651572e-13,-2.2614948602110381e-13,1
1478,9.069888387278963e-13,9.937609956149503e-13,-8.677215688705405e-14,1
1479,2.2453731499872624e-13,5.148171032780482e-13,-2.902797882793219e-13,1
1480,6.634593438098649e-13,9.402051443503895e-13,-2.7674580054052457e-13,1
1481,9.090783445940182e-13,1.1284851840870803e-12,-2.1940683949306206e-13,1
1482,8.232405908213146e-13,6.946529573756291e-13,1.285876334456855e-13,0
1483,2.741325710089617e-12,2.841405685460209e-12,-1.0007997537059196e-13,1
1484,4.757675223817042e-13,7.617343677921047e-13,-2.8596684541040053e-13,1
1485,8.688598378329252e-13,1.1718147867653341e-12,-3.02954948932409e-13,1
1486,1.649496211192137e-13,3.8328852692035713e-13,-2.1833890580114343e-13,1
1487,7.279150567729687e-13,9.215817684034489e-13,-1.9366671163048024e-13,1
1488,9.384729704626232e-13,1.1016697893817658e-12,-1.6319681891914262e-13,1
1489,7.726357797919284e-13,9.919706867820772e-13,-2.1933490699014877e-13,1
1490,1.0297406792623473e-13,3.3009754033704736e-13,-2.2712347241081263e-13,1
1491,2.395373133115763e-13,5.219459641830318e-13,-2.8240865087145556e-13,1
1492,1.3159954609707453e-13,4.0908120079922984e-13,-2.7748165470215534e-13,1
1493,2.599696095843428e-13,2.698158306447983e-13,-9.846221060455494e-15,1
1494,1.1893619883781222e-13,3.465215448961726e-13,-2.2758534605836037e-13,1
1495,1.8188224735550766e-12,1.710360915138967e-12,1.0846155841610957e-13,0
1496,4.248784515604184e-12,4.041190318384973e-12,2.0759419721921096e-13,0
1497,1.7491095998941633e-13,4.848745686152713e-13,-3.0996360862585496e-13,1
1498,2.500031944998468e-13,2.520036392845629e-13,-2.0004447847161037e-15,1
1499,2.2209163587440693e-11,2.437455555780799e-11,-2.165391970367298e-12,1
1500,7.774426033761626e-13,9.018181391805891e-13,-1.2437553580442653e-13,1
1501,1.1446250214855464e-12,1.4285911870019227e-12,-2.8396616551637636e-13,1
1502,6.19717812528704e-13,6.606979299915591e-13,-4.098011746285513e-14,1
1503,3.3784524386293227e-13,6.030489913627614e-13,-2.652037474998291e-13,1
1504,3.810244101166206e-13,4.0781142989846627e-13,-2.678701978184569e-14,1
1505,1.2630187209451684e-13,4.014201867545777e-13,-2.751183146600609e-13,1
1506,3.8273433723910853e-13,4.1271922869221375e-13,-2.998489145310522e-14,1
1507,2.3703220799023072e-12,2.1879292722514484e-12,1.8239280765085884e-13,0
1508,2.0457058290852541e-13,3.3910234752563963e-13,-1.3453176461711422e-13,1
1509,6.850165233721373e-13,6.313064138027059e-13,5.371010956943141e-14,0
1510,1.8707684175909873e-12,2.0608559286395226e-12,-1.9008751104853534e-13,1
1511,3.5969427428173086e-13,4.3542205840837897e-13,-7.572778412664811e-14,1
1512,2.5053477131473455e-13,3.324045439974954e-13,-8.186977268276085e-14,1
1513,1.9181017730400021e-13,4.0146194894845877e-13,-2.0965177164445855e-13,1
1514,2.3989132892894515e-13,5.430649687443384e-13,-3.031736398153933e-13,1
1515,5.592942063337875e-13,7.148157224055257e-13,-1.555215160717382e-13,1
1516,9.505188553958718e-13,1.047167475713642e-12,-9.66486203177702e-14,1
1517,2.384646971118402e-13,2.8798770189618817e-13,-4.952300478434798e-14,1
1518,1.4553452996135964e-12,1.6114817356929285e-12,-1.5613643607933218e-13,1
1519,1.7258025493978287e-13,4.527506138587452e-13,-2.801703589189623e-13,1
1520,7.414124715172623e-13,6.118862249602106e-13,1.2952624655705175e-13,0
1521,1.2549434523190362e-13,4.260000669900728e-13,-3.0050572175816917e-13,1
1522,2.6717145539671714e-11,2.8506791055529193e-11,-1.7896455158574788e-12,1
1523,4.4941069793669924e-13,6.544975993805147e-13,-2.050869014438155e-13,1
1524,3.3385770424545647e-12,3.1735625433429497e-12,1.6501449911161498e-13,0
1525,2.6681438188804464e-13,3.854222698835211e-13,-1.1860788799547647e-13,1
1526,2.3902608187329736e-13,3.965018378233757e-13,-1.5747575595007834e-13,1
1527,2.5208517598632173e-13,5.059505837769828e-13,-2.5386540779066103e-13,1
1528,4.2102223621016725e-12,4.250266871680315e-12,-4.004450957864211e-14,1
1529,1.7481164710628774e-12,1.7171862391949744e-12,3.093023186790299e-14,0
1530,3.3249710435764945e-13,4.30238583095435e-13,-9.774147873778553e-14,1
1531,3.6143684032821434e-13,2.0667793750645713e-13,1.547589028217572e-13,0
1532,1.5412012095178013e-13,3.096120676902616e-13,-1.5549194673848146e-13,1
1533,4.721512202403703e-13,6.527868639960336e-13,-1.8063564375566327e-13,1
1534,2.3986672824783995e-13,4.2266993680664455e-13,-1.828032085588046e-13,1
1535,9.917088033822395e-14,3.4419190292586016e-13,-2.4502102258763623e-13,1
1536,3.031802011795862e-13,5.175430132353069e-13,-2.1436281205572067e-13,1
1537,3.0716144632258997e-13,5.451947108840597e-13,-2.380332645614697e-13,1
1538,1.134092455099795e-12,1.275162082116765e-12,-1.4106962701696997e-13,1
1539,7.004925975958085e-14,3.710611033793091e-13,-3.0101184361972824e-13,1
1540,7.809422193181155e-14,3.7032095828918255e-13,-2.92226736357371e-13,1
1541,1.1151359163174796e-12,1.2404086292614388e-12,-1.2527271294395919e-13,1
1542,5.951615543878334e-13,7.699275373015951e-13,-1.747659829137617e-13,1
1543,1.0331421212488364e-13,3.5347916815680154e-13,-2.501649560319179e-13,1
1544,2.1844239380911748e-13,4.87313261623069e-13,-2.688708678139516e-13,1
1545,3.1336972202895283e-13,4.1713420028300746e-13,-1.0376447825405463e-13,1
1546,5.395072873885671e-13,5.264057414742232e-13,1.310154591434392e-14,0
1547,6.32235178000993e-13,8.592935857396806e-13,-2.2705840773868764e-13,1
1548,4.560580578285496e-13,7.383821021902689e-13,-2.823240443617193e-13,1
1549,1.435546164208354e-12,1.6537086869298493e-12,-2.1816252272149525e-13,1
1550,5.179492389161032e-13,7.327797438521814e-13,-2.1483050493607822e-13,1
1551,3.330087928462548e-13,5.132579485513268e-13,-1.8024915570507193e-13,1
1552,2.0330074052991242e-13,4.388406042515223e-13,-2.355398637216099e-13,1
1553,5.030737371576825e-13,7.305127582781976e-13,-2.274390211205152e-13,1
1554,2.902717867887967e-12,2.9266515798468005e-12,-2.3933711958833646e-14,1
1555,2.2651651518469473e-13,4.683164047203887e-13,-2.4179988953569394e-13,1
1556,1.7661149351142968e-13,3.5806137671561053e-13,-1.8144988320418086e-13,1
1557,1.1493505161350337e-12,1.4169689272585502e-12,-2.6761841112351645e-13,1
1558,8.712215886598198e-13,9.881004901534983e-13,-1.1687890149367854e-13,1
1559,3.4418031772807923e-13,6.276572581011648e-13,-2.8347694037308556e-13,1
1560,3.497000648351048e-13,6.416941687294697e-13,-2.9199410389436485e-13,1
1561,2.9115795725397564e-11,2.943946677419832e-11,-3.2367104880075267e-13,1
1562,2.0539266678462614e-12,2.2226449981328667e-12,-1.6871833028660536e-13,1
1563,2.0550466932056216e-12,2.164567577673996e-12,-1.095208844683744e-13,1
1564,1.0754479481444619e-12,1.3517948214663507e-12,-2.763468733218888e-13,1
1565,1.4465889717965086e-12,1.3014077733240147e-12,1.4518119847249395e-13,0
1566,1.8420054507863573e-13,3.2603502329983976e-13,-1.4183447822120402e-13,1
1567,5.375107135185861e-13,3.8087968579320697e-13,1.5663102772537912e-13,0
1568,2.242821486700549e-12,1.9971903109397815e-12,2.4563117576076737e-13,0
1569,6.316332729991201e-13,6.676953674078708e-13,-3.6062094408750753e-14,1
1570,1.9018450850442354e-13,2.70913794652252e-13,-8.072928614782848e-14,1
1571,1.5248014458628344e-13,3.945802071777739e-13,-2.421000625914905e-13,1
1572,4.715932514302456e-13,6.166052682522792e-13,-1.450120168220336e-13,1
1573,2.1006129060571245e-12,2.1590310345285573e-12,-5.841812847143287e-14,1
1574,5.562935120036428e-13,5.194032865822695e-13,3.689022542137328e-14,0
1575,3.2958387230223137e-13,5.674409860241122e-13,-2.3785711372188083e-13,1
1576,3.881013986895594e-13,3.8120426056850956e-13,6.897138121049834e-15,0
1577,3.7191349374410515e-13,6.488991811737522e-13,-2.7698568742964704e-13,1
1578,3.23331524986854e-13,2.912905753338064e-13,3.204094965304759e-14,0
1579,4.3937290266276425e-13,6.291747238268895e-13,-1.8980182116412525e-13,1
1580,2.4106619328167746e-13,2.2720426359083021e-13,1.3861929690847251e-14,0
1581,1.7117992215971472e-12,1.4931478947750563e-12,2.1865132682209092e-13,0
1582,3.5922818239298507e-13,6.274506949659241e-13,-2.6822251257293904e-13,1
1583,3.8240518124352263e-13,3.2647269118227024e-13,5.59324900612524e-14,0
1584,2.8429209484064056e-13,2.450322920653875e-13,3.9259802775253066e-14,0
1585,1.7267645514192856e-13,4.485565247504036e-13,-2.7588006960847506e-13,1
1586,1.5207960635508862e-12,1.3293036303904136e-12,1.914924331604726e-13,0
1587,1.600285039892143e-12,1.8212849306636428e-12,-2.2099989077149983e-13,1
1588,1.1296805044139034e-12,9.745102021073054e-13,1.55170302306598e-13,0
1589,4.150281388222319e-13,6.876216368083982e-13,-2.7259349798616635e-13,1
1590,8.44150423876466e-13,1.0014115495105667e-12,-1.572611256341007e-13,1
1591,4.060116771593406e-12,4.233832373942011e-12,-1.7371560234860535e-13,1
1592,5.695496921423008e-13,8.358672778823756e-13,-2.6631758574007474e-13,1
1593,2.715487125573211e-13,5.201965476412797e-13,-2.4864783508395863e-13,1
1594,6.895623187380924e-13,6.22326488534978e-13,6.723583020311442e-14,0
1595,3.812613119835346e-13,3.440624295916155e-13,3.719888239191909e-14,0
1596,6.9040665967566104e-12,7.065896978666768e-12,-1.6183038191015793e-13,1
1597,2.220447972162301e-12,2.485862416226919e-12,-2.6541444406461794e-13,1
1598,3.201066205355991e-13,3.656871070074533e-13,-4.5580486471854204e-14,1
1599,1.489990776838343e-13,4.67730454145752e-13,-3.187313764619177e-13,1
1600,6.174700460800143e-13,5.124875127601148e-13,1.049825333198995e-13,0
1601,2.1402093098103835e-13,4.438999655482129e-13,-2.2987903456717457e-13,1
1602,2.3141518589592527e-13,4.055697302742269e-13,-1.741545443783016e-13,1
1603,2.2053369037010234e-13,4.853750550770652e-13,-2.648413647069629e-13,1
1604,3.508834469419724e-13,5.518136024467233e-13,-2.0093015550475093e-13,1
1605,2.5786368111609335e-13,5.862397456028003e-13,-3.28376064486707e-13,1
1606,2.2049929177031548e-13,4.4217512230119896e-13,-2.2167583053088347e-13,1
1607,6.802232210943416e-13,4.968044824865015e-13,1.8341873860784012e-13,0
1608,3.475153675090399e-13,4.0238079519773495e-13,-5.486542768869508e-14,1
1609,1.9259666453436817e-13,3.748384831614693e-13,-1.8224181862710115e-13,1
1610,1.1099897679747297e-12,1.0489215654845937e-12,6.106820249013599e-14,0
1611,1.0014795210317254e-12,8.317250847605829e-13,1.6975443627114252e-13,0
1612,2.38877547028624e-13,2.848921388073419e-13,-4.601459177871788e-14,1
1613,2.0169853195352903e-12,2.2624321393796457e-12,-2.454468198443554e-13,1
1614,4.692857363315383e-13,3.972715742266486e-13,7.201416210488968e-14,0
1615,4.917004656035471e-12,5.055656017234799e-12,-1.3865136119932755e-13,1
1616,4.859427064098664e-13,4.562200760230932e-13,2.972263038677322e-14,0
1617,1.2708354528384305e-13,3.355149103720889e-13,-2.0843136508824584e-13,1
1618,9.322933915934899e-14,3.4441223939660763e-13,-2.5118290023725867e-13,1
1619,3.760330407803434e-13,5.885163337557678e-13,-2.1248329297542437e-13,1
1620,2.2708992857644566e-13,4.663417629707886e-13,-2.392518343943429e-13,1
1621,1.5139837222533034e-13,3.6856435108291007e-13,-2.1716597885757973e-13,1
1622,2.324656009743593e-13,4.881412700599001e-13,-2.556756690855408e-13,1
1623,4.765034855815182e-13,7.285056602995556e-13,-2.520021747180374e-13,1
1624,1.0020896446386742e-13,4.2986763691344495e-13,-3.2965867244957753e-13,1
1625,7.676732942394783e-13,9.307661488098647e-13,-1.6309285457038644e-13,1
1626,2.9769947542407136e-13,4.319288461275641e-13,-1.3422937070349275e-13,1
1627,1.3537775543254093e-12,1.561547391125483e-12,-2.0776983680007367e-13,1
1628,2.2445657217357027e-13,3.1624086211930574e-13,-9.178428994573547e-14,1
1629,5.093360086892187e-12,4.927725662073403e-12,1.6563442481878414e-13,0
1630,1.6904643059315153e-13,4.611938445529721e-13,-2.921474139598206e-13,1
1631,3.908500608794248e-13,5.845893242261264e-13,-1.9373926334670162e-13,1
1632,6.4833685240382095e-12,6.3775900492745825e-12,1.0577847476362699e-13,0
1633,3.8897183224859123e-13,4.567999938108174e-13,-6.782816156222616e-14,1
1634,4.1452068951016377e-13,4.513417703934797e-13,-3.68210808833159e-14,1
1635,2.2048992143765098e-13,3.178270288821166e-13,-9.733710744446563e-14,1
1636,7.074749169070126e-12,7.2156626407579634e-12,-1.409134716878376e-13,1
1637,5.515053743211521e-13,8.54204841120189e-13,-3.026994667990369e-13,1
1638,2.665203495698459e-13,2.536884219071131e-13,1.283192766273282e-14,0
1639,1.8849208884884565e-13,5.006373874392895e-13,-3.121452985904439e-13,1
1640,1.207587846361648e-12,1.1387816911031284e-12,6.880615525851962e-14,0
1641,2.1932631024662435e-13,3.266451542817442e-13,-1.0731884403511983e-13,1
1642,4.947998273636224e-13,4.642545347803012e-13,3.0545292583321235e-14,0
1643,1.5473865992448579e-13,4.606411328410654e-13,-3.059024729165797e-13,1
1644,2.760141039068549e-13,3.426248615236738e-13,-6.661075761681891e-14,1
1645,1.4518417597609547e-13,3.9608749488130353e-13,-2.5090331890520806e-13,1
1646,1.6386023682004745e-12,1.7270593019748042e-12,-8.845693377432971e-14,1
1647,1.0829810421610344e-12,1.323539007681346e-12,-2.4055796552031164e-13,1
1648,1.7823458784866929e-13,4.2299943979296247e-13,-2.447648519442932e-13,1
1649,3.335091506296054e-13,6.189324948732798e-13,-2.854233442436744e-13,1
1650,8.347118986437558e-13,7.268737478909349e-13,1.0783815075282091e-13,0
1651,7.596831045346401e-13,6.037728048264462e-13,1.5591029970819392e-13,0
1652,4.784890056569771e-13,7.092336336773408e-13,-2.307446280203637e-13,1
1653,3.501385201879899e-13,4.685036539710644e-13,-1.1836513378307447e-13,1
1654,5.587543716812196e-13,7.776839411403465e-13,-2.1892956945912684e-13,1
1655,1.123574040512571e-12,1.3841175370756763e-12,-2.6054349656310537e-13,1
1656,1.4657832549092511e-13,2.867198410076584e-13,-1.4014151551673328e-13,1
1657,2.928473393883435e-13,3.5054313718088896e-13,-5.769579779254544e-14,1
1658,1.3422197218212416e-13,3.8767974279967744e-13,-2.534577706175533e-13,1
1659,5.812552770768971e-13,6.925611526135416e-13,-1.1130587553664443e-13,1
1660,3.2620997097409703e-13,3.713930782968263e-13,-4.518310732272925e-14,1
1661,1.174798000385064e-12,1.0673920183354045e-12,1.0740598204965944e-13,0
1662,2.565699659488204e-13,4.486165234163175e-13,-1.9204655746749713e-13,1
1663,3.3054454033315293e-12,3.565020539844422e-12,-2.5957513651289283e-13,1
1664,6.163067346838798e-13,8.113766835220023e-13,-1.950699488381225e-13,1
1665,2.818974204564879e-13,2.8993123192532407e-13,-8.03381146883616e-15,1
1666,4.0658844098607564e-13,2.9534486046452794e-13,1.112435805215477e-13,0
1667,2.6875826203824795e-13,4.016946641412964e-13,-1.3293640210304847e-13,1
1668,1.6977605009423975e-13,3.498572393440065e-13,-1.8008118924976677e-13,1
1669,4.715672453571956e-13,4.644087214780212e-13,7.158523879174408e-15,0
1670,6.327797567280692e-12,6.53115319110672e-12,-2.033556238260279e-13,1
1671,5.487732486360341e-12,5.442442319980472e-12,4.5290166379868646e-14,0
1672,1.5271323812725417e-13,2.9253634989540355e-13,-1.3982311176814939e-13,1
1673,2.1374182563701755e-13,5.167337777519045e-13,-3.02991952114887e-13,1
1674,1.5842357985984113e-13,4.700653500075119e-13,-3.116417701476707e-13,1
1675,1.940378466283622e-12,1.6886888535432365e-12,2.516896127403855e-13,0
1676,1.381488600569152e-13,4.380876616148154e-13,-2.999388015579002e-13,1
1677,3.5709492410882265e-12,3.657507702533328e-12,-8.655846144510148e-14,1
1678,7.864828951265302e-13,6.038757569008423e-13,1.8260713822568784e-13,0
1679,1.2485976456992379e-10,9.966109286276121e-11,2.5198671707162576e-11,0
1680,4.236296847303786e-12,4.0342089064303246e-12,2.0208794087346107e-13,0
1681,7.698385562781292e-13,9.399791162381795e-13,-1.7014055996005029e-13,1
1682,1.787646860609102e-12,1.6237469532579073e-12,1.6389990735119478e-13,0
1683,2.7618111332376877e-13,3.2347263665157466e-13,-4.729152332780589e-14,1
1684,1.3118429018025697e-11,1.2934455923028249e-11,1.8397309499744818e-13,0
1685,3.4984785395608795e-12,3.6484559867515915e-12,-1.4997744719071195e-13,1
1686,6.419394203365811e-13,5.176323490562747e-13,1.2430707128030644e-13,0
1687,8.537154532899698e-13,6.61089863630707e-13,1.9262558965926284e-13,0
1688,6.476831038013792e-13,8.092891465876201e-13,-1.6160604278624088e-13,1
1689,2.6474642775626517e-13,5.384711428337117e-13,-2.737247150774465e-13,1
1690,6.556330355103853e-13,7.568295295413797e-13,-1.0119649403099443e-13,1
1691,8.224976115676769e-13,1.0396829341648659e-12,-2.17185322597189e-13,1
1692,3.6041897011218164e-13,4.041123399386656e-13,-4.369336982648395e-14,1
1693,1.1430355429741535e-12,9.68491170464233e-13,1.7454437250992047e-13,0
1694,5.400484508169617e-12,5.6119681931327645e-12,-2.1148368496314766e-13,1
1695,3.7901245075129963e-13,5.61503428879045e-13,-1.824909781277454e-13,1
1696,1.7311699468437215e-13,4.605984780280209e-13,-2.874814833436487e-13,1
1697,3.680518618172963e-13,4.823927429094718e-13,-1.1434088109217551e-13,1
1698,1.2080373252797804e-12,1.147708879902526e-12,6.032844537725442e-14,0
1699,3.52279826282315e-13,6.431392002518375e-13,-2.9085937396952246e-13,1
1700,3.905426027474066e-11,4.129526708917616e-11,-2.2410068144355e-12,1
1701,8.055451642529161e-13,6.950576871281318e-13,1.1048747712478438e-13,0
1702,2.0423198122405648e-13,4.799607230933786e-13,-2.7572874186932214e-13,1
1703,2.685497166649449e-13,5.495392828454208e-13,-2.8098956618047586e-13,1
1704,1.3493410169941291e-13,4.524266521521762e-13,-3.174925504527633e-13,1
1705,1.3387299860501617e-12,1.4302011453101444e-12,-9.147115925998269e-14,1
1706,9.39841801793192e-13,7.888229014386094e-13,1.5101890035458267e-13,0
1707,1.0393709459988527e-11,1.0227391586146406e-11,1.6631787384212085e-13,0
1708,6.97748237885085e-13,6.333862234007582e-13,6.436201448432681e-14,0
1709,4.23824250923982e-13,6.110396669481627e-13,-1.8721541602418075e-13,1
1710,2.938024158936368e-13,5.248166276012206e-13,-2.3101421170758384e-13,1
1711,4.3558437421949673e-13,6.628826809288442e-13,-2.272983067093475e-13,1
1712,1.3267180547629012e-12,1.1766204032011754e-12,1.5009765156172588e-13,0
1713,4.773245889151513e-13,3.235141475807197e-13,1.538104413344316e-13,0
1714,3.807487350183567e-12,3.916177932550602e-12,-1.0869058236703567e-13,1
1715,1.4219209571410949e-13,3.887150061242727e-13,-2.4652291041016323e-13,1
1716,3.506071132754353e-13,3.9865098947652645e-13,-4.804387620109117e-14,1
1717,6.4818731671440455e-12,6.57786356467399e-12,-9.599039752994469e-14,1
1718,1.074840102385152e-12,1.050379595530137e-12,2.4460506855014933e-14,0
1719,2.200676751271853e-13,3.9411824711342904e-13,-1.7405057198624375e-13,1
1720,6.502079487969042e-13,6.571264532166293e-13,-6.9185044197250456e-15,1
1721,1.6027757105070863e-12,1.5015559076916675e-12,1.012198028154188e-13,0
1722,2.402155791421388e-12,2.512922244150041e-12,-1.1076645272865267e-13,1
1723,4.436393364395402e-13,7.348705329688922e-13,-2.91231196529352e-13,1
1724,1.141036867540854e-13,3.9890440846721125e-13,-2.848007217131258e-13,1
1725,4.835878130864121e-13,7.321005921714648e-13,-2.4851277908505266e-13,1
1726,2.521566542390707e-13,4.671567072012509e-13,-2.1500005296218014e-13,1
1727,9.894069665925898e-13,1.2582664624860002e-12,-2.688594958934104e-13,1
1728,2.220715587372088e-13,3.4876351647357985e-13,-1.2669195773637104e-13,1
1729,3.0393336199708313e-12,3.2539848514947955e-12,-2.146512315239642e-13,1
1730,1.673244532899106e-13,3.5568978280556307e-13,-1.8836532951565246e-13,1
1731,4.647631351628314e-13,5.294259152610948e-13,-6.466278009826342e-14,1
1732,1.3769835359296279e-11,1.3480114347860384e-11,2.8972101143589503e-13,0
1733,2.7781456244548485e-13,3.532906237886472e-13,-7.547606134316236e-14,1
1734,1.0188345583609128e-12,1.0579153830773506e-12,-3.908082471643774e-14,1
1735,5.893417243317455e-13,7.688585053858134e-13,-1.7951678105406794e-13,1
1736,2.7152318900019913e-12,2.7613724227125707e-12,-4.614053271057937e-14,1
1737,4.1551886431309875e-13,6.367913446537605e-13,-2.2127248034066173e-13,1
1738,1.0017123916250497e-12,1.2080976071090056e-12,-2.0638521548395587e-13,1
1739,2.3614848923182544e-13,3.098225001705952e-13,-7.367401093876977e-14,1
1740,2.5165705485587127e-13,4.1881101765640527e-13,-1.67153962800534e-13,1
1741,4.5365658367810907e-13,3.4804050469239183e-13,1.0561607898571724e-13,0
1742,2.528706821401761e-13,2.814587049901504e-13,-2.858802284997432e-14,1
1743,3.0158794783730383e-13,4.011982260630982e-13,-9.961027822579439e-14,1
1744,2.592132227436683e-13,3.1359102456901897e-13,-5.4377801825350685e-14,1
1745,1.5934751101480937e-12,1.3349382836022773e-12,2.585368265458164e-13,0
1746,5.235784941428342e-13,7.810536728434927e-13,-2.574751787006585e-13,1
1747,1.3597695891551539e-13,4.4138662919434357e-13,-3.054096702788282e-13,1
1748,5.093329859695161e-13,4.866967851777681e-13,2.263620079174798e-14,0
1749,2.892644729703117e-13,4.137867766011443e-13,-1.2452230363083258e-13,1
1750,5.248658227751934e-13,5.367917186456819e-13,-1.192589587048849e-14,1
1751,3.784437796212193e-13,4.1545118795685986e-13,-3.700740833564057e-14,1
1752,1.0605664142519974e-11,1.0880924766994008e-11,-2.7526062447403403e-13,1
1753,3.1095190289793e-13,4.4724813971103906e-13,-1.3629623681310908e-13,1
1754,6.940347276768323e-14,3.3990764527903217e-13,-2.7050417251134897e-13,1
1755,6.719524686999961e-13,5.152157145375769e-13,1.5673675416241913e-13,0
1756,1.4241947287231298e-13,4.275755219087517e-13,-2.851560490364387e-13,1
1757,1.3055073280684454e-13,3.1367953668484695e-13,-1.831288038780024e-13,1
1758,3.879774943377792e-13,4.3811959712604353e-13,-5.0142102788264313e-14,1
1759,1.1857167509584762e-12,1.021094079890268e-12,1.6462267106820829e-13,0
1760,7.946417537310662e-12,7.845002338325169e-12,1.0141519898549311e-13,0
1761,6.419492618132159e-13,6.340666050304347e-13,7.882656782781238e-15,0
1762,1.921454879323741e-12,1.7544629635595986e-12,1.6699191576414231e-13,0
1763,1.112167294257176e-13,3.5241695695340426e-13,-2.4120022752768664e-13,1
1764,1.1274600617385384e-12,9.981821636315941e-13,1.292778981069443e-13,0
1765,3.421072532503321e-13,3.3158498211320355e-13,1.0522271137128578e-14,0
1766,8.284196392440871e-11,8.285329349935863e-11,-1.132957494992111e-14,1
1767,5.601244362846056e-13,8.777174068538498e-13,-3.1759297056924417e-13,1
1768,9.898918418749158e-13,8.701879246547855e-13,1.197039172201303e-13,0
1769,6.522288561832686e-13,8.587493494154516e-13,-2.0652049323218301e-13,1
1770,3.2998283593966826e-13,4.4031089043702813e-13,-1.1032805449735987e-13,1
1771,1.9104568903959655e-12,2.1308460214451664e-12,-2.2038913104920083e-13,1
1772,4.14865558727928e-13,6.569423707342154e-13,-2.420768120062874e-13,1
1773,3.4541371884209853e-13,3.0263620490433036e-13,4.2777513937768165e-14,0
1774,1.1116529071697838e-11,1.1139358504083894e-11,-2.2829432386055114e-14,1
1775,8.313171050280619e-13,8.800855961494124e-13,-4.8768491121350514e-14,1
1776,2.0294354808849422e-13,5.186575606791048e-13,-3.157140125906106e-13,1
1777,1.428035732187098e-13,3.686726895823219e-13,-2.258691163636121e-13,1
1778,8.431182674971442e-13,1.060526807691177e-12,-2.1740854019403269e-13,1
1779,2.6049264366669356e-13,5.748209406464651e-13,-3.1432829697977154e-13,1
1780,5.806648400553928e-12,5.619881309006324e-12,1.867670915476039e-13,0
1781,5.546422602141297e-13,8.122317563401584e-13,-2.575894961260287e-13,1
1782,3.1428285057157093e-13,5.047171142623682e-13,-1.904342636907973e-13,1
1783,2.2585622593307214e-12,2.4122705737173382e-12,-1.5370831438661681e-13,1
1784,3.714782275205581e-13,4.899308558449395e-13,-1.184526283243814e-13,1
1785,5.903562933878129e-13,5.431996190170916e-13,4.715667437072131e-14,0
1786,1.0768884982850825e-13,3.8302667666627773e-13,-2.7533782683776946e-13,1
1787,4.047484597398496e-12,4.1812942430074096e-12,-1.3380964560891335e-13,1
1788,1.8301525002637345e-13,2.9461847936538933e-13,-1.1160322933901588e-13,1
1789,4.511725467426065e-13,6.275299033840393e-13,-1.763573566414328e-13,1
1790,5.914885615612823e-13,8.40731346916077e-13,-2.492427853547947e-13,1
1791,4.675610877359278e-13,7.149115257528118e-13,-2.47350438016884e-13,1
1792,3.9797173148464637e-13,4.098104320057307e-13,-1.183870052108434e-14,1
1793,7.252961331191119e-13,5.132206986361822e-13,2.1207543448292963e-13,0
1794,1.3262726153847072e-13,3.930347737376244e-13,-2.604075121991537e-13,1
1795,9.667047593104032e-12,1.3450270100476876e-11,-3.7832225073728445e-12,1
1796,1.0499096982315954e-12,8.653680847700745e-13,1.8454161346152088e-13,0
1797,1.185877852532712e-12,1.4923224715851941e-12,-3.0644461905248203e-13,1
1798,1.9215250869420652e-12,1.6949387824766395e-12,2.2658630446542572e-13,0
1799,4.621704047904733e-13,4.172701396178684e-13,4.49002651726049e-14,0
1800,3.721712416344324e-13,4.2346641799922754e-13,-5.1295176364795136e-14,1
1801,7.06167205842747e-12,6.9972348112137055e-12,6.443724721376419e-14,0
1802,2.813324828631818e-13,4.379314868642621e-13,-1.5659900400108028e-13,1
1803,5.74491330008079e-13,7.617871062330391e-13,-1.8729577622496018e-13,1
1804,1.1180194709064213e-13,3.6281496098364524e-13,-2.5101301389300313e-13,1
1805,1.090896311227745e-12,1.194579554145911e-12,-1.0368324291816596e-13,1
1806,1.3144812230918108e-13,4.3471877295073777e-13,-3.0327065064155667e-13,1
1807,1.5865375624872238e-12,1.5505668670201944e-12,3.597069546702934e-14,0
1808,2.874783607111627e-13,4.14272575386294e-13,-1.2679421467513126e-13,1
1809,2.023051837625054e-12,1.85332899392414e-12,1.6972284370091405e-13,0
1810,2.68569095501767e-13,3.481389518406785e-13,-7.956985633891147e-14,1
1811,2.4433556540959913e-12,2.386736255063453e-12,5.661939903253823e-14,0
1812,1.0654531499154398e-12,1.2053348873595884e-12,-1.3988173744414855e-13,1
1813,3.2615739918606676e-13,5.569578623344332e-13,-2.308004631483664e-13,1
1814,6.317826697610113e-14,3.6483696816699045e-13,-3.016587011908893e-13,1
1815,1.8172560384503105e-13,4.2062649190520007e-13,-2.38900888060169e-13,1
1816,2.6104097534486517e-13,5.084363253140768e-13,-2.4739534996921163e-13,1
1817,6.189636028034893e-13,8.571863041627851e-13,-2.3822270135929586e-13,1
1818,3.31639363324797e-13,3.2604521181763913e-13,5.594151507157864e-15,0
1819,7.158991973987012e-13,8.617638359671025e-13,-1.458646385684013e-13,1
1820,5.022408664041576e-13,6.793217079111274e-13,-1.7708084150696979e-13,1
1821,1.3551891733394112e-12,1.3753559228758418e-12,-2.0166749536430542e-14,1
1822,4.217795224258534e-12,3.9495307299381475e-12,2.6826449432038655e-13,0
1823,1.1017205697256052e-12,1.3123203091312427e-12,-2.105997394056375e-13,1
1824,7.730138344215425e-13,8.15211970983321e-13,-4.2198136561778465e-14,1
1825,1.3577032075364722e-12,1.2995877299301294e-12,5.811547760634289e-14,0
1826,1.1678879915789522e-12,1.4427060761201649e-12,-2.7481808454121265e-13,1
1827,2.595520510045426e-13,5.292659421257831e-13,-2.697138911212405e-13,1
1828,1.0054139956377134e-13,4.216656645094779e-13,-3.211242649457066e-13,1
1829,3.0357819187262734e-13,2.8012260736529595e-13,2.3455584507331388e-14,0
1830,1.368071501559162e-12,1.4139452184892882e-12,-4.5873716930126125e-14,1
1831,3.1777055272341405e-13,3.4872979049229956e-13,-3.0959237768885514e-14,1
1832,3.0954706113482115e-13,5.86017923461178e-13,-2.764708623263568e-13,1
1833,2.1216393921136906e-12,2.213547561169925e-12,-9.190816905623425e-14,1
1834,3.134269363478433e-13,5.647313797577167e-13,-2.5130444340987346e-13,1
1835,1.271792628234626e-13,4.2071049349637384e-13,-2.9353123067291123e-13,1
1836,2.9690985591005115e-13,5.300744633138078e-13,-2.331646074037567e-13,1
1837,2.6175807910947083e-13,3.307321208459832e-13,-6.897404173651235e-14,1
1838,9.153349922553518e-13,1.143496235952857e-12,-2.2816124369750515e-13,1
1839,1.5625374738874182e-13,3.7571282988925926e-13,-2.1945908250051743e-13,1
1840,6.511298135880237e-13,7.51500962232356e-13,-1.0037114864433232e-13,1
1841,2.2996839019302074e-13,3.375699229652041e-13,-1.0760153277218337e-13,1
1842,8.35914695412182e-14,3.9012499521199944e-13,-3.0653352567078125e-13,1
1843,2.308091519938366e-13,4.355788167625766e-13,-2.0476966476874003e-13,1
1844,1.3302457288541605e-12,1.315348058364129e-12,1.4897670490031504e-14,0
1845,4.5717683718631436e-12,4.5796047945343394e-12,-7.836422671195822e-15,1
1846,2.3348389863334396e-13,4.63667286300354e-13,-2.3018338766701003e-13,1
1847,3.579584887578595e-12,3.764501048525234e-12,-1.849161609466386e-13,1
1848,4.936147059987413e-13,5.38347267557569e-13,-4.4732561558827717e-14,1
1849,3.1722201681187633e-13,4.665984765002484e-13,-1.493764596883721e-13,1
1850,2.9382833179573525e-12,2.802625421715402e-12,1.356578962419507e-13,0
1851,1.1209095809645317e-12,1.3136221290391605e-12,-1.9271254807462883e-13,1
1852,5.081751399091029e-12,4.908665609312242e-12,1.7308578977878728e-13,0
1853,3.4111057263919324e-11,3.36133147166519e-11,4.977425472674239e-13,0
1854,1.1346780520487589e-13,3.984192511898558e-13,-2.849514459849799e-13,1
1855,1.3422833508180161e-12,1.584744191074758e-12,-2.424608402567418e-13,1
1856,2.834033575588367e-13,3.4795585885935664e-13,-6.455250130051992e-14,1
1857,4.3583350249436654e-13,5.080869729148151e-13,-7.225347042044854e-14,1
1858,9.563839533874719e-14,4.129925401044994e-13,-3.173541447657522e-13,1
1859,2.194714413880068e-12,2.3440684367163676e-12,-1.4935402283629975e-13,1
1860,1.4132700560682952e-12,1.5170284296048536e-12,-1.0375837353655839e-13,1
1861,8.62152461872656e-13,1.0387565754295177e-12,-1.766041135568617e-13,1
1862,8.447962238099298e-13,1.05292319353793e-12,-2.0812696972800012e-13,1
1863,2.593576097843472e-13,3.857955706029712e-13,-1.2643796081862399e-13,1
1864,6.584313671522062e-13,9.258129773794147e-13,-2.673816102272085e-13,1
1865,3.892857440599985e-12,3.779410981784555e-12,1.1344645881542944e-13,0
1866,2.768482182854721e-13,3.1872149456848985e-13,-4.187327628301774e-14,1
1867,1.3359242950956169e-13,4.2835687961874407e-13,-2.947644501091824e-13,1
1868,6.168290820740332e-13,7.685023976892926e-13,-1.5167331561525942e-13,1
1869,6.98490353663655e-13,5.378316386247638e-13,1.6065871503889125e-13,0
1870,1.2155705954294042e-13,3.6828811876216564e-13,-2.467310592192252e-13,1
1871,9.829997232353243e-13,9.532236437466985e-13,2.977607948862578e-14,0
1872,3.2686668214017816e-13,4.875389076317228e-13,-1.606722254915446e-13,1
1873,3.7182009304021575e-13,4.514479339912979e-13,-7.962784095108213e-14,1
1874,2.786626373407784e-13,2.8453636164260684e-13,-5.8737243018284466e-15,1
1875,1.5154456999298121e-12,1.7286056459817183e-12,-2.1315994605190616e-13,1
1876,7.155599579238473e-11,8.953250118012247e-11,-1.7976505387737737e-11,1
1877,9.218047528728026e-13,1.2100959967258143e-12,-2.8829124385301174e-13,1
1878,2.3917717248483404e-13,2.9410358895068716e-13,-5.4926416465853125e-14,1
1879,5.706811719972663e-12,5.852915878006603e-12,-1.4610415803393993e-13,1
1880,6.577460645785142e-14,3.815488012275274e-13,-3.15774194769676e-13,1
1881,3.586812607509562e-13,5.471827063660538e-13,-1.8850144561509763e-13,1
1882,4.728799856433015e-12,8.782755979194146e-12,-4.0539561227611315e-12,1
1883,1.1204852419196453e-12,1.2739440875463082e-12,-1.5345884562666296e-13,1
1884,6.231946598366233e-13,4.932374946166998e-13,1.299571652199235e-13,0
1885,7.651782445341218e-13,8.925203175736513e-13,-1.2734207303952957e-13,1
1886,4.2591647887035274e-13,3.64447640110171e-13,6.146883876018172e-14,0
1887,2.2642538731438104e-13,5.04908303889211e-13,-2.7848291657483e-13,1
1888,6.334965542461372e-13,8.815986357730623e-13,-2.481020815269251e-13,1
1889,3.960618377221362e-13,3.610096026504059e-13,3.5052235071730296e-14,0
1890,5.343768617435436e-13,4.712193455104118e-13,6.315751623313182e-14,0
1891,1.8362758314163204e-12,2.1262342113936644e-12,-2.8995837997734404e-13,1
1892,4.722589385304177e-13,6.42614223864626e-13,-1.703552853342083e-13,1
1893,1.8800188053870533e-13,4.814859005259561e-13,-2.9348401998725073e-13,1
1894,1.8524671676398922e-13,3.762436047596124e-13,-1.909968879956232e-13,1
1895,7.410781986781834e-13,9.524757409290649e-13,-2.1139754225088143e-13,1
1896,5.921604881744385e-13,5.737402328849888e-13,1.8420255289449724e-14,0
1897,5.931752925626974e-13,7.571180611577717e-13,-1.6394276859507437e-13,1
1898,1.6803073182230072e-12,1.7426000317006576e-12,-6.229271347765042e-14,1
1899,2.9293765285405535e-13,4.878176815520526e-13,-1.9488002869799725e-13,1
1900,7.080427030728416e-12,7.194343845508298e-12,-1.1391681477988159e-13,1
1901,2.4372239038743656e-13,4.863937594251933e-13,-2.4267136903775677e-13,1
1902,5.196051465650311e-13,5.089578800726702e-13,1.0647266492360867e-14,0
1903,5.517473122094912e-13,7.994533855718367e-13,-2.477060733623455e-13,1
1904,7.643319592210017e-13,5.490935970700505e-13,2.1523836215095115e-13,0
1905,1.0335330055768548e-12,1.1134964202225115e-12,-7.996341464565677e-14,1
1906,1.7002420777665512e-12,1.77468399923902e-12,-7.444192147246882e-14,1
1907,1.0675811977013926e-12,1.2969070256504338e-12,-2.2932582794904126e-13,1
1908,4.677808887447544e-13,4.09017136386461e-13,5.876375235829343e-14,0
1909,4.423634085699352e-13,6.752588875488466e-13,-2.328954789789114e-13,1
1910,1.7908852635453082e-12,2.025652186451591e-12,-2.3476692290628274e-13,1
1911,7.134657721434718e-13,1.0204187136278087e-12,-3.0695294148433696e-13,1
1912,5.147091001582482e-13,7.658419446060185e-13,-2.5113284444777035e-13,1
1913,1.439007737658141e-12,1.179068625251847e-12,2.59939112406294e-13,0
1914,1.9935156056763045e-12,2.176442751899908e-12,-1.8292714622360373e-13,1
1915,6.917761570160574e-13,8.393606094899126e-13,-1.4758445247385518e-13,1
1916,4.0843751885432983e-13,3.3111013624578504e-13,7.732738260854478e-14,0
1917,3.59738141320697e-13,4.611857917055172e-13,-1.0144765038482018e-13,1
1918,4.0024079017434587e-13,3.733646279896638e-13,2.687616218468206e-14,0
1919,2.0208523685184747e-13,3.673510247604973e-13,-1.6526578790864984e-13,1
1920,1.894558829790829e-13,4.4670106681328253e-13,-2.5724518383419966e-13,1
1921,1.7571846472246445e-12,1.5525424305202043e-12,2.046422167044402e-13,0
1922,6.623612078500077e-13,8.664973566052434e-13,-2.0413614875523563e-13,1
1923,3.63418953385359e-13,5.206221345001541e-13,-1.5720318111479504e-13,1
1924,9.459302311568714e-11,9.67061422052941e-11,-2.1131190896069543e-12,1
1925,1.7675373278882533e-13,4.286310861747759e-13,-2.5187735338595056e-13,1
1926,1.820859548694295e-12,1.7368108718370549e-12,8.404867685724027e-14,0
1927,1.6785305398672496e-12,1.7564880237028725e-12,-7.795748383562297e-14,1
1928,4.549104828190274e-13,4.4026754191440135e-13,1.464294090462608e-14,0
1929,2.031900759726283e-13,4.3838717816134445e-13,-2.3519710218871615e-13,1
1930,3.082866790237367e-13,5.559735215199823e-13,-2.4768684249624564e-13,1
1931,2.066871500922499e-13,4.418567662800679e-13,-2.3516961618781803e-13,1
1932,3.0197543357152654e-13,5.539757034188776e-13,-2.5200026984735105e-13,1
1933,2.1068741520720702e-11,2.083756987104362e-11,2.3117164967708115e-13,0
1934,1.0418541388662944e-12,1.1597117148858467e-12,-1.1785757601955229e-13,1
1935,3.7766646790067916e-13,5.496903075470739e-13,-1.720238396463947e-13,1
1936,3.6186895930879027e-13,3.0992957066892283e-13,5.1939388639867434e-14,0
1937,1.0546065263575296e-13,3.8200138334923337e-13,-2.765407307134804e-13,1
1938,7.575273558204885e-13,6.20844368805687e-13,1.366829870148015e-13,0
1939,2.650882105223347e-13,4.2058805214019207e-13,-1.5549984161785736e-13,1
1940,1.590698038193288e-13,4.221626217314393e-13,-2.630928179121105e-13,1
1941,3.3916931944471915e-13,5.35819166887673e-13,-1.9664984744295384e-13,1
1942,4.4711410458008e-13,6.279126487612364e-13,-1.8079854418115635e-13,1
1943,6.922467332744712e-13,8.546896891426037e-13,-1.624429558681325e-13,1
1944,5.188339238858909e-13,5.890194539684981e-13,-7.01855300826072e-14,1
1945,2.397193007013342e-13,4.3164092857031544e-13,-1.9192162786898122e-13,1
1946,1.2850603536169988e-13,4.497390693524883e-13,-3.212330339907884e-13,1
1947,1.1968467391727642e-13,3.6536621579322697e-13,-2.4568154187595053e-13,1
1948,7.498600804173466e-13,7.780698559442653e-13,-2.8209775526918704e-14,1
1949,5.807912314519335e-12,6.036395043377069e-12,-2.284827288577347e-13,1
1950,1.3829947298313661e-12,1.2332459238945635e-12,1.4974880593680264e-13,0
1951,1.548512065856619e-12,1.3013575657643813e-12,2.471545000922377e-13,0
1952,2.1216201461826157e-13,3.650312842762875e-13,-1.5286926965802595e-13,1
1953,1.3676487955822875e-12,1.630514990678169e-12,-2.628661950958815e-13,1
1954,3.72309304707634e-13,4.535481847762061e-13,-8.12388800685721e-14,1
1955,5.00701343037019e-13,6.527713061693239e-13,-1.5206996313230491e-13,1
1956,2.9869289140428565e-12,2.8044654618883394e-12,1.824634521545171e-13,0
1957,1.52847543521804e-13,4.243100617743654e-13,-2.714625182525614e-13,1
1958,1.9759112984932434e-13,4.4229976042284417e-13,-2.4470863057351983e-13,1
1959,5.107703045895201e-13,7.922882016080503e-13,-2.8151789701853027e-13,1
1960,1.2457104712717235e-12,1.30952147172701e-12,-6.381100045528647e-14,1
1961,1.7674550016251332e-12,2.011439033926395e-12,-2.43984032301262e-13,1
1962,4.0883407018856055e-13,7.199026206625538e-13,-3.110685504739933e-13,1
1963,9.974001200363641e-14,3.7026612419822685e-13,-2.7052611219459046e-13,1
1964,5.030139132409197e-13,5.782382408911692e-13,-7.522432765024945e-14,1
1965,4.215065375844176e-13,5.957889924180821e-13,-1.7428245483366443e-13,1
1966,1.4890657986309184e-12,1.4736048654605473e-12,1.546093317037103e-14,0
1967,3.160242699753092e-13,5.791428999746926e-13,-2.631186299993834e-13,1
1968,8.469931465964434e-13,6.255156490260564e-13,2.2147749757038702e-13,0
1969,3.5452157111773583e-13,5.260276330577338e-13,-1.71506061939998e-13,1
1970,6.262437020669767e-13,5.868932094257943e-13,3.9350492641182374e-14,0
1971,5.546132002645476e-13,7.676987456626689e-13,-2.1308554539812133e-13,1
1972,2.5267404915463473e-13,4.847522142224538e-13,-2.3207816506781904e-13,1
1973,4.777380659546923e-13,7.040652499369838e-13,-2.2632718398229146e-13,1
1974,1.6361173184399432e-13,3.6319120839863055e-13,-1.9957947655463623e-13,1
1975,4.224232003761403e-13,5.164091198827508e-13,-9.398591950661046e-14,1
1976,2.326327398498211e-13,4.324641000140106e-13,-1.9983136016418952e-13,1
1977,1.5783601167737028e-12,1.8146108778377002e-12,-2.3625076106399746e-13,1
1978,1.8599904433352215e-13,3.542975990708139e-13,-1.6829855473729174e-13,1
1979,2.865469526019381e-13,5.340107041522323e-13,-2.4746375155029417e-13,1
1980,1.8582312160216796e-12,1.650499823293338e-12,2.0773139272834163e-13,0
1981,1.1942680045916783e-12,9.786945908332933e-13,2.1557341375838507e-13,0
1982,5.271246581691441e-13,5.519603381662072e-13,-2.483567999706316e-14,1
1983,4.95543520470861e-13,6.851788586712956e-13,-1.896353382004347e-13,1
1984,2.8011391869631166e-13,4.296987139968315e-13,-1.4958479530051986e-13,1
1985,3.5695744382462716e-13,6.173868831512618e-13,-2.604294393266346e-13,1
1986,4.963122936138974e-11,5.3299936649868194e-11,-3.668707288478452e-12,1
1987,6.257899557962996e-13,5.726549874375076e-13,5.3134968358791975e-14,0
1988,1.659097167672708e-13,4.1166760842884945e-13,-2.4575789166157863e-13,1
1989,2.315901694598889e-12,2.0483189083474407e-12,2.6758278625144836e-13,0
1990,4.3560533911245596e-13,7.461712933895187e-13,-3.105659542770627e-13,1
1991,8.993519264513949e-13,1.1017326666000343e-12,-2.023807401486394e-13,1
1992,2.942653304963357e-13,4.589160619357751e-13,-1.6465073143943933e-13,1
1993,1.003498842304892e-12,1.026124499171597e-12,-2.2625656866704942e-14,1
1994,6.118687996910872e-13,5.68986749386129e-13,4.2882050304958214e-14,0
1995,3.423259828177013e-13,5.792883461584688e-13,-2.3696236334076753e-13,1
1996,2.0229965546753163e-11,2.019632019653669e-11,3.364535021647384e-14,0
1997,9.030695553833964e-12,9.09422959190045e-12,-6.353403806648558e-14,1
1998,1.390419930982847e-13,3.404421683141313e-13,-2.014001752158466e-13,1
1999,2.186048153500089e-13,3.8716071437687245e-13,-1.6855589902686356e-13,1
2000,4.080276877664246e-13,4.838775991220303e-13,-7.584991135560564e-14,1
2001,2.2546949447130408e-12,2.345162256854109e-12,-9.046731214106842e-14,1
2002,5.695679010734221e-13,7.936428186656072e-13,-2.2407491759218512e-13,1
2003,5.786206327911175e-13,5.966648155140309e-13,-1.8044182722913405e-14,1
2004,8.372036971161866e-12,8.581615155080713e-12,-2.0957818391884691e-13,1
2005,3.103517306612463e-13,5.211557097714248e-13,-2.1080397911017852e-13,1
2006,7.540549636047325e-13,6.646748571097372e-13,8.938010649499524e-14,0
2007,3.00269489434295e-13,3.6040108250064844e-13,-6.013159306635343e-14,1
2008,1.741163670891886e-13,4.0502513265378433e-13,-2.309087655645957e-13,1
2009,5.166403155487964e-13,7.365401633845437e-13,-2.1989984783574727e-13,1
2010,1.4024422361116035e-13,3.9719567072865453e-13,-2.569514471174942e-13,1
2011,1.3054518138239136e-13,4.2289233741826145e-13,-2.923471560358701e-13,1
2012,4.67072329076769e-13,3.1436254301042833e-13,1.527097860663407e-13,0
2013,9.198882309590881e-13,1.1543174869715962e-12,-2.344292560125081e-13,1
2014,1.2332285401368473e-13,3.838196382520335e-13,-2.604967842383488e-13,1
2015,3.1940239185282416e-13,5.086306926868501e-13,-1.8922830083402593e-13,1
2016,5.373026706174079e-13,4.169101334325403e-13,1.2039253718486757e-13,0
2017,9.210350443253989e-13,9.911744889763902e-13,-7.013944465099136e-14,1
2018,8.582537445538846e-14,4.021479681527883e-13,-3.1632259369739986e-13,1
2019,2.6397775044816676e-13,5.416988297679797e-13,-2.777210793198129e-13,1
2020,2.0660332572983038e-13,2.821161892354174e-13,-7.551286350558701e-14,1
2021,1.1733249244214618e-13,3.3911551292757524e-13,-2.2178302048542906e-13,1
2022,3.071999918068684e-13,6.173169244068409e-13,-3.101169325999725e-13,1
2023,1.6208141411282496e-12,1.777145014762367e-12,-1.563308736341173e-13,1
2024,2.6483140197400917e-13,5.570729360072941e-13,-2.922415340332849e-13,1
2025,7.799407517956828e-13,1.044349835854673e-12,-2.644090840589901e-13,1
2026,5.219690806305148e-13,5.685666848769306e-13,-4.659760424641574e-14,1
2027,1.4902651890683565e-13,3.147133107844074e-13,-1.6568679187757174e-13,1
2028,3.696640566239244e-13,5.962082890989796e-13,-2.2654423247505517e-13,1
2029,1.0615611795176779e-10,1.07682103402343e-10,-1.5259854505752147e-12,1
2030,1.114026919987271e-12,1.1460763308049754e-12,-3.204941081770438e-14,1
2031,7.25267810035853e-13,4.83172703626118e-13,2.4209510640973507e-13,0
2032,3.136612274433711e-11,3.1179225790579086e-11,1.868969537580255e-13,0
2033,1.2555451995027716e-12,1.2872910707213346e-12,-3.1745871218563e-14,1
2034,2.487036520443242e-10,1.377711547561849e-10,1.109324972881393e-10,0
2035,1.5474271094147526e-13,4.297299682291613e-13,-2.7498725728768607e-13,1
2036,1.2524366813425776e-12,1.5426868049705504e-12,-2.902501236279729e-13,1
2037,3.0243999932339834e-13,3.048492759763131e-13,-2.409276652914742e-15,1
2038,9.733054542876584e-13,9.794570558928499e-13,-6.151601605191481e-15,1
2039,9.581800185174405e-13,1.06807200522825e-12,-1.098919867108095e-13,1
2040,7.235717954548911e-13,5.927910398062385e-13,1.3078075564865263e-13,0
2041,4.0747077396997215e-13,3.842140319216171e-13,2.3256742048355065e-14,0
2042,4.3420775017894666e-13,5.667625250654482e-13,-1.3255477488650153e-13,1
2043,3.6510813320019596e-13,6.579956005085405e-13,-2.9288746730834453e-13,1
2044,2.376224147136407e-13,4.4430710584496554e-13,-2.0668469113132482e-13,1
2045,4.944485849441853e-13,6.026567936324792e-13,-1.0820820868829396e-13,1
2046,2.2286418316008883e-12,2.2725190654807857e-12,-4.3877233879897395e-14,1
2047,5.458687933916124e-13,6.322702493911699e-13,-8.640145599955749e-14,1
2048,1.990376631543161e-13,3.3202841037847504e-13,-1.3299074722415895e-13,1
2049,1.2872227745797058e-12,1.0306019418599416e-12,2.566208327197643e-13,0
2050,8.535152649582471e-12,8.740723371765695e-12,-2.0557072218322375e-13,1
2051,1.1395634402562999e-11,1.1190754287965847e-11,2.0488011459715236e-13,0
2052,1.0541144569566443e-12,1.2769767130076508e-12,-2.2286225605100653e-13,1
2053,2.2530017624598292e-12,2.4417392571129007e-12,-1.8873749465307143e-13,1
2054,1.413833946380253e-12,1.4890758336045037e-12,-7.524188722425065e-14,1
2055,1.564245267928988e-12,1.4806053085142549e-12,8.363995941473306e-14,0
2056,2.9401380672090913e-12,3.0746425129993014e-12,-1.345044457902101e-13,1
2057,1.8623932381799226e-12,1.6440032012653497e-12,2.1839003691457288e-13,0
2058,5.463703047014851e-13,4.948609523910314e-13,5.150935231045366e-14,0
2059,1.1555871030608185e-12,1.1940531370181325e-12,-3.846603395731395e-14,1
2060,2.1807568393871814e-13,4.088256931610551e-13,-1.9075000922233696e-13,1
2061,2.628157785976054e-12,2.753490814730269e-12,-1.253330287542149e-13,1
2062,1.563007665762402e-12,1.2893869156582182e-12,2.736207501041838e-13,0
2063,1.774934372784549e-11,1.7879196541918113e-11,-1.2985281407262292e-13,1
2064,5.946657361287611e-13,8.404553142766438e-13,-2.4578957814788264e-13,1
2065,1.5686861794566844e-13,3.3483109005671967e-13,-1.7796247211105123e-13,1
2066,1.1077881162079407e-12,9.109073870404227e-13,1.9688072916751796e-13,0
2067,2.9469885018206353e-13,5.301322636937108e-13,-2.3543341351164723e-13,1
2068,2.098035160695836e-10,1.846375310444592e-10,2.51659850251244e-11,0
2069,6.47354099428992e-13,8.60313517417472e-13,-2.1295941798847998e-13,1
2070,2.0231506698078248e-11,2.0488085431708642e-11,-2.5657873363039475e-13,1
2071,3.8830081541760757e-13,6.126845429707267e-13,-2.243837275531191e-13,1
2072,9.659413197325304e-12,9.858209202245176e-12,-1.987960049198712e-13,1
2073,2.4793558489516224e-13,4.338678314514394e-13,-1.8593224655627715e-13,1
2074,2.11737068501122e-12,2.3225226693180875e-12,-2.0515198430686769e-13,1
2075,5.818806931706625e-13,5.845492061936877e-13,-2.668513023025208e-15,1
2076,5.383570978744752e-11,5.3234985504471867e-11,6.007242829756516e-13,0
2077,1.4034608184725413e-12,1.1535282990962412e-12,2.499325193763001e-13,0
2078,3.3537398056669567e-12,3.6057189766701313e-12,-2.519791710031746e-13,1
2079,5.487726002037396e-13,7.396453468423081e-13,-1.9087274663856856e-13,1
2080,2.767415364629701e-13,4.402234974923734e-13,-1.6348196102940333e-13,1
2081,1.1016567787640197e-12,1.17632382038187e-12,-7.466704161785032e-14,1
2082,8.369607616267537e-14,4.1077687890373426e-13,-3.2708080274105886e-13,1
2083,2.4580522188100735e-12,2.242877116654186e-12,2.1517510215588743e-13,0
2084,2.4539752875719426e-12,2.269520116699413e-12,1.8445517087252974e-13,0
2085,3.424554613422645e-13,3.709246292088667e-13,-2.846916786660221e-14,1
2086,6.776794642960806e-13,5.144435144308435e-13,1.6323594986523712e-13,0
2087,6.540909824660264e-13,7.181144960232432e-13,-6.402351355721677e-14,1
2088,1.8088632537782378e-13,4.038659726521483e-13,-2.2297964727432454e-13,1
2089,2.8185031911399404e-13,2.5888991788161124e-13,2.2960401232382804e-14,0
2090,4.457149295925659e-12,4.405508813714142e-12,5.164048221151673e-14,0
2091,2.8890600978570865e-13,2.6787131766879684e-13,2.1034692116911812e-14,0
2092,5.903892675217302e-12,5.764316345973641e-12,1.395763292436611e-13,0
2093,3.034157107642779e-13,3.4335936916960655e-13,-3.994365840532866e-14,1
2094,1.94992800267826e-13,3.9872621101828344e-13,-2.0373341075045745e-13,1
2095,1.6163152342809548e-10,1.6536091476241626e-10,-3.729391334320774e-12,1
2096,4.868952120584488e-13,7.802912534966231e-13,-2.9339604143817436e-13,1
2097,4.537825742566689e-13,4.4312656594302927e-13,1.0656008313639624e-14,0
2098,1.4002647529325011e-12,1.3273173313010262e-12,7.294742163147491e-14,0
2099,5.099108261956119e-13,7.915328691338928e-13,-2.816220429382809e-13,1
2100,3.5205507302653326e-13,4.265579637274153e-13,-7.450289070088205e-14,1
2101,4.690503582813619e-11,4.5974320971953127e-11,9.307148561830662e-13,0
2102,1.542127560619397e-13,3.2738305814351236e-13,-1.7317030208157265e-13,1
2103,1.2957695875261505e-12,1.5513431076783278e-12,-2.5557352015217726e-13,1
2104,9.156633279883037e-13,8.719485617472341e-13,4.371476624106967e-14,0
2105,3.382485107952283e-13,6.101802306846545e-13,-2.719317198894262e-13,1
2106,6.008589633334644e-13,9.019406366983071e-13,-3.010816733648428e-13,1
2107,2.7349836332084297e-12,2.5877609538105973e-12,1.4722267939783233e-13,0
2108,3.742685275318703e-13,5.846665908565646e-13,-2.1039806332469426e-13,1
2109,2.1550198786871965e-12,2.114974195188346e-12,4.0045683498850587e-14,0
2110,1.2163192174583122e-12,1.2361689581446893e-12,-1.9849740686377077e-14,1
2111,7.238930899775506e-13,9.000870355882567e-13,-1.7619394561070617e-13,1
2112,1.9605975768784782e-13,3.5341161595524154e-13,-1.5735185826739372e-13,1
2113,5.736618055656953e-13,5.532187995240839e-13,2.0443006041611353e-14,0
2114,9.584569451318174e-12,1.2222827270266044e-11,-2.63825781894787e-12,1
2115,5.329858443411371e-13,6.245724340950791e-13,-9.158658975394193e-14,1
2116,8.170181086172608e-13,6.476811603591256e-13,1.6933694825813516e-13,0
2117,5.807337134028959e-13,8.067028423217478e-13,-2.2596912891885185e-13,1
2118,8.512053970640738e-12,1.2364179754580573e-11,-3.852125783939835e-12,1
2119,1.1048292224840616e-13,3.931031347650276e-13,-2.8262021251662145e-13,1
2120,1.592108870852066e-12,1.7375024117385934e-12,-1.4539354088652738e-13,1
2121,1.5005245188802512e-12,1.228880583208769e-12,2.716439356714822e-13,0
2122,5.017433263917632e-13,6.392037124411939e-13,-1.3746038604943068e-13,1
2123,1.0632319739540226e-13,3.1095993587341176e-13,-2.0463673847800951e-13,1
2124,7.461289523503797e-13,6.353856726341608e-13,1.107432797162189e-13,0
2125,1.3110313143902162e-11,1.3339245970428195e-11,-2.2893282652603264e-13,1
2126,7.450802153320323e-13,9.869712925991144e-13,-2.4189107726708214e-13,1
2127,1.8313256642665314e-12,1.8186133693609217e-12,1.271229490560965e-14,0
2128,2.630492735750353e-13,4.882677764726234e-13,-2.2521850289758805e-13,1
2129,2.1642379272997258e-13,3.7919413057522644e-13,-1.6277033784525386e-13,1
2130,2.79796109324697e-13,5.402385890913204e-13,-2.6044247976662345e-13,1
2131,3.49600099956601e-13,4.4178256222174907e-13,-9.218246226514808e-14,1
2132,1.13202462667569e-13,4.193278091354947e-13,-3.0612534646792573e-13,1
2133,2.9176301862573195e-13,3.877388668539135e-13,-9.597584822818154e-14,1
2134,8.773159549810082e-13,1.0978412729469283e-12,-2.2052531796592002e-13,1
2135,3.1844876158005978e-12,3.012444388130444e-12,1.7204322767015395e-13,0
2136,2.8152374304020213e-13,4.90042976408387e-13,-2.0851923336818485e-13,1
2137,1.5220572544419846e-13,4.046237200684156e-13,-2.524179946242171e-13,1
2138,1.9650572790808246e-12,2.0294285030798278e-12,-6.437122399900317e-14,1
2139,7.538820856822781e-13,7.423142008204246e-13,1.1567884861853458e-14,0
2140,5.153640845444942e-13,7.65445718821196e-13,-2.5008163427670174e-13,1
2141,3.0186614075302944e-10,2.229382852401478e-10,7.892785551288164e-11,0
2142,3.195965052402994e-13,2.89000858430235e-13,3.0595646810064406e-14,0
2143,6.23816887806956e-13,9.482898838486413e-13,-3.2447299604168535e-13,1
2144,1.0081954905564783e-12,1.2730371483836006e-12,-2.648416578271223e-13,1
2145,4.60307897450226e-13,6.942851678055302e-13,-2.3397727035530414e-13,1
2146,7.51232125669026e-14,3.577241961697156e-13,-2.82600983602813e-13,1
2147,4.137533719730393e-12,3.908350549977126e-12,2.2918316975326674e-13,0
2148,1.7636325092396655e-12,1.6253629432838546e-12,1.3826956595581088e-13,0
2149,3.2044958965765885e-13,3.962381260613848e-13,-7.578853640372597e-14,1
2150,2.368750787157734e-13,4.208070090151113e-13,-1.839319302993379e-13,1
2151,8.610674421437179e-13,1.142237609123522e-12,-2.811701669798042e-13,1
2152,1.5746291190016388e-13,4.1507114292472984e-13,-2.5760823102456596e-13,1
2153,3.87837706790431e-13,6.397331536910969e-13,-2.5189544690066594e-13,1
2154,1.571570856871513e-13,3.8629918752297775e-13,-2.2914210183582647e-13,1
2155,8.327949214670257e-13,7.094172940563435e-13,1.2337762741068225e-13,0
2156,2.068771404396946e-12,2.317416792354612e-12,-2.4864538795766627e-13,1
2157,1.3101740928293738e-13,3.4292554721218474e-13,-2.1190813792924735e-13,1
2158,3.3011372828278336e-13,5.185213324256143e-13,-1.8840760414283098e-13,1
2159,7.844142863968734e-13,9.125053216892957e-13,-1.2809103529242226e-13,1
2160,1.6195687433806524e-13,2.52195155792617e-13,-9.023828145455175e-14,1
2161,3.048453397581777e-11,3.056247450066767e-11,-7.794052484989971e-14,1
2162,1.371792326373165e-13,4.400326606339788e-13,-3.0285342799666233e-13,1
2163,2.669098929987594e-13,4.947763439861282e-13,-2.278664509873688e-13,1
2164,1.9871788451566205e-13,4.3729393608865913e-13,-2.3857605157299705e-13,1
2165,4.547724580841794e-13,6.444348806007321e-13,-1.8966242251655269e-13,1
2166,8.068967632965968e-13,9.84390971280419e-13,-1.7749420798382215e-13,1
2167,5.377321087349436e-13,5.124056294009888e-13,2.53264793339548e-14,0
2168,3.4264907208686777e-13,6.295115027313392e-13,-2.8686243064447147e-13,1
2169,6.027584995722717e-13,8.271273960291554e-13,-2.2436889645688368e-13,1
2170,3.714640176859348e-13,5.713007728234524e-13,-1.9983675513751758e-13,1
2171,1.234563490958582e-12,1.4176953574751705e-12,-1.8313186651658843e-13,1
2172,2.2474018543001555e-12,2.4762433649661633e-12,-2.2884151066600783e-13,1
2173,5.289954999202337e-13,5.206052309956355e-13,8.390268924598199e-15,0
2174,2.0035205584409148e-13,3.5228582690142996e-13,-1.5193377105733847e-13,1
2175,6.340165740842585e-13,5.959991788185865e-13,3.801739526567194e-14,0
2176,2.4341845893424325e-13,3.3703608466544173e-13,-9.361762573119848e-14,1
2177,1.0196624320595846e-12,8.474913131361715e-13,1.7217111892341309e-13,0
2178,1.0541599042883904e-12,1.2684569036572533e-12,-2.142969993688629e-13,1
2179,1.331237605176423e-12,1.5337481590624417e-12,-2.025105538860186e-13,1
2180,2.62268401670043e-13,5.487117263621225e-13,-2.864433246920795e-13,1
2181,2.767473165657214e-13,5.136360377016998e-13,-2.3688872113597843e-13,1
2182,6.397916775240646e-13,8.950187611197994e-13,-2.552270835957348e-13,1
2183,2.5210896734806096e-11,2.504867358199234e-11,1.6222315281375652e-13,0
2184,3.157614532226471e-13,4.013482005681206e-13,-8.55867473454735e-14,1
2185,1.5324298011540263e-12,1.7089576925634564e-12,-1.765278914094301e-13,1
2186,5.729151706920409e-12,5.526592401255225e-12,2.0255930566518462e-13,0
2187,3.0030214249542714e-13,3.4816912746633156e-13,-4.786698497090442e-14,1
2188,2.6476527146994437e-13,2.416381230025555e-13,2.312714846738886e-14,0
2189,2.627754688002103e-13,5.462677748004191e-13,-2.8349230600020883e-13,1
2190,9.307360469564508e-14,3.126848530753568e-13,-2.1961124837971173e-13,1
2191,1.4861199856845784e-12,1.724195183682256e-12,-2.3807519799767764e-13,1
2192,6.514091516245139e-12,6.712626081123492e-12,-1.9853456487835285e-13,1
2193,8.009384130938173e-13,8.027073126692792e-13,-1.7688995754618419e-15,1
2194,1.1298789384047157e-13,4.269967178230763e-13,-3.140088239826047e-13,1
2195,4.420012905824259e-13,6.591370078347623e-13,-2.1713571725233636e-13,1
2196,4.928018281178227e-13,5.3732540187358e-13,-4.4523573755757326e-14,1
2197,5.108659818566798e-13,7.590641749771009e-13,-2.481981931204211e-13,1
2198,7.100571033643366e-13,5.984960125432462e-13,1.1156109082109038e-13,0
2199,4.962893799876716e-13,4.62810586653284e-13,3.347879333438767e-14,0
2200,2.3899004331494496e-10,1.9868229200573547e-10,4.0307751309209485e-11,0
2201,3.489482743951693e-13,5.188815610839749e-13,-1.6993328668880562e-13,1
2202,2.809992363618187e-13,5.531586863358814e-13,-2.721594499740627e-13,1
2203,3.7664692492678766e-13,3.1903116629359364e-13,5.761575863319402e-14,0
2204,5.336145523471779e-13,5.125389353780173e-13,2.107561696916056e-14,0
2205,1.1588757698658337e-12,1.0626189920651597e-12,9.625677780067401e-14,0
2206,6.36307691331295e-13,9.225908138352513e-13,-2.862831225039563e-13,1
2207,7.694803329625039e-13,1.0278888441170946e-12,-2.584085111545907e-13,1
2208,2.959177001103365e-13,6.020856802166876e-13,-3.0616798010635105e-13,1
2209,5.633627671867897e-13,7.642029884644499e-13,-2.008402212776602e-13,1
2210,2.1206587995719474e-12,2.1168369765768934e-12,3.821822995054066e-15,0
2211,1.4854511003896154e-13,3.393882138151383e-13,-1.9084310377617678e-13,1
2212,3.730898322471755e-13,6.719997614279189e-13,-2.989099291807434e-13,1
2213,7.680498160177153e-12,7.499665044705182e-12,1.8083311547197141e-13,0
2214,2.593421736563006e-13,4.1079580029404415e-13,-1.5145362663774355e-13,1
2215,9.517513475515483e-14,4.227108629307589e-13,-3.2753572817560407e-13,1
2216,1.1713616621510383e-12,1.1773834258280108e-12,-6.021763676972409e-15,1
2217,1.3181138255589676e-13,3.863171049985256e-13,-2.5450572244262886e-13,1
2218,4.116165097738541e-13,6.681589752742811e-13,-2.56542465500427e-13,1
2219,1.556219588724164e-12,1.4170806751628585e-12,1.3913891356130557e-13,0
2220,6.115204642335193e-13,4.531220168411488e-13,1.583984473923705e-13,0
2221,3.055616645651525e-13,2.1309865921007989e-13,9.24630053550726e-14,0
2222,5.1602041279090917e-11,5.1067627931587994e-11,5.344133475029229e-13,0
2223,5.320681262008722e-13,5.935613330550834e-13,-6.149320685421122e-14,1
2224,1.15328124363035e-13,3.082281275186028e-13,-1.929000031555678e-13,1
2225,3.496759595796606e-13,3.585955573790241e-13,-8.919597799363526e-15,1
2226,1.7083241657275841e-13,4.186440232595958e-13,-2.478116066868374e-13,1
2227,4.677032492764357e-13,3.439489278980988e-13,1.2375432137833693e-13,0
2228,1.9673447440698897e-11,2.0479252343693972e-11,-8.058049029950757e-13,1
2229,6.778235000208594e-12,6.708096864243189e-12,7.013813596540435e-14,0
2230,1.2560852871810504e-12,1.4120538295318031e-12,-1.5596854235075266e-13,1
2231,1.3358256581202197e-12,1.4392456091455038e-12,-1.0341995102528406e-13,1
2232,1.2421213802865694e-12,1.0823065266835198e-12,1.5981485360304958e-13,0
2233,1.1847175510344055e-12,1.0878066288913868e-12,9.69109221430187e-14,0
2234,3.8017481655875957e-13,3.1210048738840694e-13,6.807432917035264e-14,0
2235,1.6257786333611292e-13,3.783028881687163e-13,-2.157250248326034e-13,1
2236,9.858121604592766e-13,1.291071170565804e-12,-3.0525901010652734e-13,1
2237,2.88109209780203e-10,3.0307183417214645e-10,-1.4962624391943437e-11,1
2238,4.842244776743016e-13,7.22971681636906e-13,-2.3874720396260445e-13,1
2239,8.786215773124627e-13,1.1320482686182909e-12,-2.534266913058282e-13,1
2240,4.797127266900401e-13,7.073379166890132e-13,-2.2762518999897307e-13,1
2241,8.619920271790659e-13,1.0641780080778586e-12,-2.0218598089879274e-13,1
2242,2.78567996000324e-13,4.067699853470769e-13,-1.282019893467529e-13,1
2243,2.087975983882899e-12,1.846609055188751e-12,2.413669286941479e-13,0
2244,6.948082087630669e-13,6.529716571942397e-13,4.1836551568827174e-14,0
2245,3.2947841668397007e-12,3.4898710571968633e-12,-1.9508689035716256e-13,1
2246,3.471958849501004e-13,5.773443635857953e-13,-2.3014847863569483e-13,1
2247,9.994893575048234e-14,4.0108820194843734e-13,-3.01139266197955e-13,1
2248,2.354844025292566e-13,3.962334210838884e-13,-1.6074901855463183e-13,1
2249,5.109417282238792e-13,5.307779253182588e-13,-1.9836197094379537e-14,1
2250,5.885341665991952e-13,7.995715222015624e-13,-2.1103735560236723e-13,1
2251,6.052269684951499e-12,5.829124361243734e-12,2.231453237077654e-13,0
2252,4.914070093367715e-12,4.97296293210001e-12,-5.889283873229513e-14,1
2253,1.5262838776089436e-13,3.746696567489594e-13,-2.2204126898806505e-13,1
2254,7.924715439590494e-13,9.781198425639648e-13,-1.8564829860491532e-13,1
2255,2.50878937989744e-13,3.233102362740981e-13,-7.243129828435407e-14,1
2256,6.237158639456223e-13,7.286108895491058e-13,-1.0489502560348343e-13,1
2257,1.8609334994124455e-12,2.0035011346309983e-12,-1.4256763521855279e-13,1
2258,1.5808674343193084e-12,1.5805027624698264e-12,3.6467184948198436e-16,0
2259,2.020334134694569e-12,2.1228577772344572e-12,-1.0252364253988821e-13,1
2260,5.962159354053096e-12,6.227836964008659e-12,-2.656776099555633e-13,1
2261,2.9833521995476585e-12,2.8122274044855607e-12,1.711247950620978e-13,0
2262,6.955402247268041e-13,8.889554851195716e-13,-1.9341526039276748e-13,1
2263,4.4485667241741155e-13,7.259215818406998e-13,-2.810649094232882e-13,1
2264,1.6107489132961056e-12,1.894845279740143e-12,-2.8409636644403744e-13,1
2265,1.660584845139438e-13,4.1249144148648065e-13,-2.4643295697253684e-13,1
2266,1.0530724418203297e-12,1.2248100133597308e-12,-1.717375715394011e-13,1
2267,1.7357966958381256e-13,4.0278878164168324e-13,-2.292091120578707e-13,1
2268,6.2304352453864695e-12,6.503569244782027e-12,-2.731339993955571e-13,1
2269,4.767418298010483e-13,5.01395894272537e-13,-2.4654064471488785e-14,1
2270,1.6359073316602132e-13,4.1899560608818463e-13,-2.554048729221633e-13,1
2271,4.127645198244297e-12,4.133604620891854e-12,-5.959422647557083e-15,1
2272,3.8317517713222754e-13,6.369653651051156e-13,-2.5379018797288804e-13,1
2273,9.82772395719369e-13,1.2173174517367302e-12,-2.3454505601736113e-13,1
2274,1.3862887018358838e-11,1.3924138024939447e-11,-6.125100658060885e-14,1
2275,2.6181808591898824e-13,4.4502259575519505e-13,-1.832045098362068e-13,1
2276,1.6799980805401843e-12,1.873040275497675e-12,-1.9304219495749084e-13,1
2277,3.932841532206491e-13,4.57365831689301e-13,-6.408167846865187e-14,1
2278,4.292596031584269e-12,1.1378189891397175e-11,-7.085593859812907e-12,1
2279,6.758234075490635e-13,7.838274170674257e-13,-1.0800400951836219e-13,1
2280,5.5282165524645245e-12,5.7829333417718416e-12,-2.5471678930731705e-13,1
2281,2.515424210857485e-13,4.2406490522450775e-13,-1.7252248413875923e-13,1
2282,4.0420566181214765e-12,4.030097590965882e-12,1.1959027155594835e-14,0
2283,1.341317249359682e-12,1.589334384808396e-12,-2.48017135448714e-13,1
2284,2.0414166346430624e-12,2.231667380342408e-12,-1.9025074569934537e-13,1
2285,1.6619315789285873e-13,4.298575240192807e-13,-2.6366436612642196e-13,1
2286,9.942755377954171e-13,9.053189460445595e-13,8.895659175085765e-14,0
2287,1.9819934755364498e-13,3.8035792058031953e-13,-1.8215857302667456e-13,1
2288,1.4664880536546292e-12,1.5569733041926062e-12,-9.048525053797702e-14,1
2289,5.24367481229184e-13,7.795383593663654e-13,-2.5517087813718134e-13,1
2290,4.113483717757102e-13,3.31439429828014e-13,7.990894194769619e-14,0
2291,6.873887833551439e-13,5.14575148818825e-13,1.7281363453631893e-13,0
2292,2.5192391896454855e-13,5.427611735240413e-13,-2.908372545594927e-13,1
2293,1.6216334561850382e-13,4.0467607698380686e-13,-2.4251273136530305e-13,1
2294,6.332999610221228e-13,6.255081699030933e-13,7.791791119029515e-15,0
2295,2.969403782221505e-11,2.9952781220428046e-11,-2.5874339821299837e-13,1
2296,2.2297476672937864e-13,5.518375016666264e-13,-3.288627349372478e-13,1
2297,3.000923773703563e-13,6.075860761164726e-13,-3.0749369874611627e-13,1
2298,3.769914744354361e-12,3.5926228916753688e-12,1.7729185267899224e-13,0
2299,1.0268266942084322e-12,1.2927994228849557e-12,-2.6597272867652347e-13,1
2300,4.831371389462334e-13,2.899291963122227e-13,1.9320794263401069e-13,0
2301,2.1499466518418576e-12,2.2955082937237497e-12,-1.4556164188189213e-13,1
2302,7.642033322260344e-13,8.534829438068107e-13,-8.927961158077634e-14,1
2303,7.101317452282415e-13,9.82843881505814e-13,-2.7271213627757244e-13,1
2304,2.047930104528383e-13,4.640595151085872e-13,-2.5926650465574893e-13,1
2305,9.53249317615215e-13,8.985099247042957e-13,5.4739392910919357e-14,0
2306,2.3895029341478337e-13,2.820769947611359e-13,-4.312670134635252e-14,1
2307,2.5564219574911593e-12,2.7565399389917494e-12,-2.001179815005901e-13,1
2308,3.6403329041606646e-13,6.024643984133437e-13,-2.384311079972773e-13,1
2309,4.611708803416818e-11,4.6313220299823436e-11,-1.961322656552574e-13,1
2310,2.6122086034256106e-13,4.84489338302226e-13,-2.232684779596649e-13,1
2311,1.8059738580879235e-13,4.0792335791835984e-13,-2.273259721095675e-13,1
2312,9.975794541623108e-13,1.1864347746423176e-12,-1.8885532048000684e-13,1
2313,1.4123938887851958e-13,4.1727390221117437e-13,-2.760345133326548e-13,1
2314,6.403045594680719e-13,5.877710190099642e-13,5.253354045810763e-14,0
2315,1.7881635374394025e-12,2.0085676969771134e-12,-2.2040415953771086e-13,1
2316,1.2685552121773092e-12,1.0996340398768758e-12,1.689211723004334e-13,0
2317,3.2231188262447165e-13,5.304536916815317e-13,-2.0814180905706007e-13,1
2318,2.390439452215269e-13,5.465772179044206e-13,-3.0753327268289366e-13,1
2319,5.914723054729866e-13,7.552292459241233e-13,-1.6375694045113672e-13,1
2320,1.081169486281883e-11,1.0609263117827764e-11,2.0243174499106574e-13,0
2321,2.0325938012444264e-13,4.616068257877806e-13,-2.583474456633379e-13,1
2322,7.164867001949642e-13,6.656219438613341e-13,5.086475633363013e-14,0
2323,1.8218415136285956e-13,5.042736632113677e-13,-3.2208951184850814e-13,1
2324,4.3090476177405307e-13,5.26615157587124e-13,-9.571039581307092e-14,1
2325,4.878114587902295e-13,6.208377931725291e-13,-1.3302633438229962e-13,1
2326,6.531675274891672e-13,6.994418215102279e-13,-4.6274294021060704e-14,1
2327,4.594605883734013e-13,7.814647405090379e-13,-3.2200415213563657e-13,1
2328,7.984679937555445e-13,6.326904978577705e-13,1.6577749589777395e-13,0
2329,9.042137070223834e-13,1.179562674142826e-12,-2.753489671204426e-13,1
2330,3.994388022054676e-12,3.917272681357378e-12,7.711534069729835e-14,0
2331,2.1331764551383946e-12,2.08312073830629e-12,5.005571683210465e-14,0
2332,1.379166359267662e-13,3.6011465072115203e-13,-2.2219801479438583e-13,1
2333,6.465208124138213e-10,5.962885536692806e-10,5.023225874454071e-11,0
2334,1.4507388735738238e-13,3.5714179906949397e-13,-2.1206791171211158e-13,1
2335,2.493964316299312e-11,2.521160986578311e-11,-2.7196670278999035e-13,1
2336,1.0245933767665758e-13,3.656075135960717e-13,-2.631481759194141e-13,1
2337,1.767452484513092e-11,1.7399655941511323e-11,2.7486890361959594e-13,0
2338,3.265608269198691e-13,4.991372214485631e-13,-1.72576394528694e-13,1
2339,1.629438602378267e-13,3.941479889747089e-13,-2.312041287368822e-13,1
2340,3.2331800512331153e-13,5.477229894498719e-13,-2.244049843265604e-13,1
2341,4.097579755551068e-13,3.785475965513552e-13,3.121037900375161e-14,0
2342,2.8191672626083066e-13,5.984107364516367e-13,-3.1649401019080606e-13,1
2343,6.382881111411685e-13,8.87788254001577e-13,-2.4950014286040853e-13,1
2344,3.4303323738011615e-11,3.4527150392969087e-11,-2.2382665495747188e-13,1
2345,1.0503106165263735e-13,4.149545385238427e-13,-3.0992347687120537e-13,1
2346,1.549169897549285e-13,3.309909821302497e-13,-1.7607399237532123e-13,1
2347,2.1414826979932418e-13,3.2906924654968845e-13,-1.1492097675036427e-13,1
2348,1.8381951934999725e-13,2.495374869388254e-13,-6.571796758882814e-14,1
2349,1.3857546611013775e-13,4.3569024946635504e-13,-2.971147833562173e-13,1
2350,7.048721081890056e-13,4.823020171444758e-13,2.225700910445298e-13,0
2351,3.235404039055078e-13,5.962841383044462e-13,-2.727437343989384e-13,1
2352,4.614445407389945e-12,4.822834840947735e-12,-2.0838943355779025e-13,1
2353,2.520015453667628e-13,4.81805379132678e-13,-2.2980383376591525e-13,1
2354,5.432614803756699e-13,5.847826335957842e-13,-4.152115322011433e-14,1
2355,1.4806166028200703e-13,4.1053709122872267e-13,-2.624754309467156e-13,1
2356,3.124951467417292e-12,3.0407619828538465e-12,8.418948456344539e-14,0
2357,3.5131840729896725e-12,3.4828536629882247e-12,3.0330410001447816e-14,0
2358,1.0379446602911305e-11,1.044573080579077e-11,-6.628420287946418e-14,1
2359,3.1907856791301147e-12,3.2680187988606812e-12,-7.723311973056652e-14,1
2360,2.697604572175298e-13,3.774792927467806e-13,-1.0771883552925078e-13,1
2361,7.728896005896529e-13,6.480240504139486e-13,1.248655501757043e-13,0
2362,2.3329583207940916e-13,3.1021403329459413e-13,-7.691820121518498e-14,1
2363,2.6508084615302895e-13,3.5258402207454737e-13,-8.750317592151843e-14,1
2364,3.391915374980663e-13,6.626298220042856e-13,-3.234382845062193e-13,1
2365,1.0748174021277028e-12,1.2921371680543e-12,-2.173197659265973e-13,1
2366,5.890428187824617e-13,4.62978670704267e-13,1.2606414807819473e-13,0
2367,3.948792989936928e-13,5.401364254338905e-13,-1.4525712644019767e-13,1
2368,6.14919714868358e-13,7.996942038175714e-13,-1.8477448894921336e-13,1
2369,3.47822778811163e-11,3.5060280447514275e-11,-2.780025663979736e-13,1
2370,1.3733657308914706e-10,1.382161227690946e-10,-8.795496799475486e-13,1
2371,1.2314002789377086e-12,1.5421081658760445e-12,-3.1070788693833587e-13,1
2372,7.680657170160819e-13,1.0536235583735426e-12,-2.8555784135746067e-13,1
2373,1.6065636577487162e-12,1.8852559506562536e-12,-2.7869229290753736e-13,1
2374,3.3389934900723537e-12,3.6048172748393775e-12,-2.6582378476702387e-13,1
2375,2.429573875218962e-13,3.260977163773135e-13,-8.314032885541727e-14,1
2376,5.782551132926881e-11,5.6880959796454846e-11,9.445515328139634e-13,0
2377,2.441497112587608e-12,2.241993226182511e-12,1.9950388640509714e-13,0
2378,4.2005263138430807e-13,3.683176896072454e-13,5.173494177706266e-14,0
2379,1.4133655228403672e-12,1.3381083096447798e-12,7.525721319558744e-14,0
2380,2.0851807880127977e-12,1.963030758077819e-12,1.2215002993497877e-13,0
2381,1.2133398507748805e-12,1.4401270837426056e-12,-2.2678723296772506e-13,1
2382,1.7947702516424707e-12,1.9982017723363988e-12,-2.034315206939281e-13,1
2383,2.8194806369001943e-12,2.956898234857099e-12,-1.3741759795690454e-13,1
2384,6.343521497354799e-13,4.2881529255236394e-13,2.0553685718311593e-13,0
2385,2.7041914231896076e-13,3.65436557805396e-13,-9.501741548643524e-14,1
2386,2.758546047299572e-13,2.8353392554612873e-13,-7.679320816171542e-15,1
2387,5.340277327336419e-13,4.648223274824677e-13,6.92054052511742e-14,0
2388,5.180223552899141e-12,5.2642998579832465e-12,-8.407630508410535e-14,1
2389,2.9943938151553648e-12,3.2027423440640173e-12,-2.0834852890865253e-13,1
2390,3.224821340345699e-13,5.179900788868757e-13,-1.9550794485230578e-13,1
2391,2.710169753517391e-12,2.981803807519479e-12,-2.7163405400208806e-13,1
2392,1.4055548635925028e-12,1.6833865782208577e-12,-2.778317146283549e-13,1
2393,4.00079567923996e-13,4.865425140827512e-13,-8.646294615875524e-14,1
2394,1.528714472445805e-13,3.6047511111183185e-13,-2.0760366386725134e-13,1
2395,3.7561395853407863e-13,5.563467300166893e-13,-1.807327714826107e-13,1
2396,2.633174894583541e-13,3.9284416127045564e-13,-1.2952667181210156e-13,1
2397,4.458796354045914e-13,4.617292982737256e-13,-1.584966286913413e-14,1
2398,2.989839970747382e-12,3.2879139604081674e-12,-2.9807398966078523e-13,1
2399,5.391985463925537e-13,5.10541027299294e-13,2.865751909325974e-14,0
2400,4.4109653975885893e-13,7.218367536378042e-13,-2.807402138789453e-13,1
2401,3.5101066635904243e-13,3.721792825545775e-13,-2.1168616195535063e-14,1
2402,4.29862200266057e-13,7.095711794037742e-13,-2.797089791377172e-13,1
2403,4.1575176493659386e-13,2.9118426139912374e-13,1.2456750353747011e-13,0
2404,3.33037654534677e-12,3.174323093155339e-12,1.5605345219143116e-13,0
2405,2.1355283990106617e-13,3.4031912819301704e-13,-1.2676628829195087e-13,1
2406,2.2689433191457384e-13,4.285719472015818e-13,-2.0167761528700798e-13,1
2407,2.012619994199626e-13,5.094949709410278e-13,-3.082329715210652e-13,1
2408,8.807283791446802e-13,7.339487381712138e-13,1.467796409734664e-13,0
2409,8.229159535636194e-12,8.054437116924626e-12,1.7472241871156869e-13,0
2410,4.537744107167195e-11,4.561061423750319e-11,-2.3317316583124183e-13,1
2411,8.311614093499205e-13,1.110562764781807e-12,-2.7940135543188654e-13,1
2412,1.9756137105759028e-12,2.2402929501890936e-12,-2.646792396131908e-13,1
2413,5.244491857692028e-13,8.010990550001085e-13,-2.7664986923090573e-13,1
2414,5.65484876897922e-13,8.328087099330528e-13,-2.673238330351308e-13,1
2415,7.211228876748834e-14,4.0168032448809096e-13,-3.2956803572060264e-13,1
2416,3.167458497116033e-13,4.705869692416347e-13,-1.5384111953003134e-13,1
2417,3.1125048586881275e-12,2.8310374305481045e-12,2.81467428140023e-13,0
2418,1.1715090406745075e-12,1.3715903633165939e-12,-2.0008132264208637e-13,1
2419,8.834471429012085e-13,1.107180581023829e-12,-2.2373343812262048e-13,1
2420,2.836105706034493e-13,2.713007541622789e-13,1.2309816441170406e-14,0
2421,4.1118496254542694e-13,6.233198812124062e-13,-2.121349186669793e-13,1
2422,1.6748939894995084e-13,4.801729493234173e-13,-3.1268355037346646e-13,1
2423,5.522261828561844e-12,5.588864860526019e-12,-6.660303196417481e-14,1
2424,1.6591450683610727e-13,4.92215144650459e-13,-3.2630063781435175e-13,1
2425,3.713131021494091e-13,6.80868886574828e-13,-3.0955578442541893e-13,1
2426,2.234403784383781e-12,1.9784111633288197e-12,2.559926210549611e-13,0
2427,4.850563470017608e-13,6.70398400141811e-13,-1.8534205314005027e-13,1
2428,1.4327035904761663e-13,4.363122622826979e-13,-2.930419032350813e-13,1
2429,5.272336457799222e-13,8.027686549902648e-13,-2.755350092103426e-13,1
2430,1.2513454296297696e-12,1.1571182606241917e-12,9.422716900557788e-14,0
2431,3.3507474592954025e-13,6.18592154125672e-13,-2.835174081961317e-13,1
2432,4.8691502183293966e-11,4.9627558240632055e-11,-9.36056057338089e-13,1
2433,3.451433922196843e-13,6.348160077265926e-13,-2.8967261550690827e-13,1
2434,6.154621475233903e-13,4.217316407772324e-13,1.9373050674615788e-13,0
2435,3.7678791680245885e-13,6.249137474403399e-13,-2.481258306378811e-13,1
2436,5.191706950187548e-13,4.2067265475354826e-13,9.849804026520654e-14,0
2437,7.640264100197628e-13,9.936872763787744e-13,-2.2966086635901157e-13,1
2438,2.6217292659819514e-13,5.287977160228661e-13,-2.66624789424671e-13,1
2439,4.052136373954209e-12,4.348873362014529e-12,-2.9673698806032003e-13,1
2440,2.4463139736770775e-12,2.386785030085705e-12,5.952894359137261e-14,0
2441,3.098532112916082e-13,5.499575243406608e-13,-2.401043130490526e-13,1
2442,1.330174966864557e-13,3.0490689414276e-13,-1.7188939745630432e-13,1
2443,4.4669589510081755e-13,4.3945023235175807e-13,7.245662749059483e-15,0
2444,2.7545365464967117e-13,4.1457614206555203e-13,-1.3912248741588086e-13,1
2445,2.98491944367086e-13,5.981156885863889e-13,-2.9962374421930285e-13,1
2446,2.4773883876856714e-13,4.997770501754597e-13,-2.520382114068925e-13,1
2447,2.4171898317632903e-13,4.2116964150796937e-13,-1.7945065833164033e-13,1
2448,5.857239376440198e-12,5.867941437273772e-12,-1.0702060833573897e-14,1
2449,1.5026852536577648e-13,4.2278316703988153e-13,-2.7251464167410505e-13,1
2450,1.2601312507954873e-13,3.138219856281752e-13,-1.8780886054862647e-13,1
2451,1.8839346249165294e-12,1.8136596778977375e-12,7.027494701879189e-14,0
2452,1.8495944860024058e-10,1.8482283628561163e-10,1.3661231462894589e-13,0
2453,4.019913200785156e-13,6.354718654972888e-13,-2.334805454187732e-13,1
2454,4.306143681248728e-12,4.551616396591284e-12,-2.454727153425562e-13,1
2455,3.967467963120724e-13,3.1693470681421027e-13,7.981208949786214e-14,0
2456,1.5805329148751138e-13,4.704127771047516e-13,-3.123594856172402e-13,1
2457,3.622540090541404e-13,3.314115391866086e-13,3.084246986753177e-14,0
2458,1.430011642181714e-12,1.2747387007349186e-12,1.5527294144679544e-13,0
2459,2.4688159021948234e-13,4.053404744904725e-13,-1.5845888427099014e-13,1
2460,2.5356950358146215e-13,5.519750274183412e-13,-2.98405523836879e-13,1
2461,1.9948133424156814e-13,3.431102715013092e-13,-1.4362893725974105e-13,1
2462,7.968408676927052e-13,1.0469764635118414e-12,-2.501355958191362e-13,1
2463,2.184913810232584e-12,2.4375973853560615e-12,-2.5268357512347744e-13,1
2464,6.815519271864042e-13,5.592153125757532e-13,1.2233661461065102e-13,0
2465,3.8717055733788616e-13,3.0431406233478997e-13,8.285649500309619e-14,0
2466,1.2179014813352527e-11,1.2073690466209449e-11,1.053243471430788e-13,0
2467,1.489563014365937e-13,4.629609484946695e-13,-3.1400464705807584e-13,1
2468,1.1471109313297753e-12,1.3483198103092068e-12,-2.012088789794315e-13,1
2469,6.308473196785173e-12,6.135349034726666e-12,1.7312416205850724e-13,0
2470,2.0111380536253612e-13,3.7164811734278136e-13,-1.7053431198024524e-13,1
2471,9.3912797790718e-13,1.2282579500096e-12,-2.891299721024198e-13,1
2472,9.656075228737964e-13,7.978137537021227e-13,1.6779376917167368e-13,0
2473,3.658880325982536e-12,3.60730244730647e-12,5.1577878676066225e-14,0
2474,3.4821758849419287e-13,5.39742793946993e-13,-1.915252054528001e-13,1
2475,3.4449245521538445e-13,4.2144954453377355e-13,-7.69570893183891e-14,1
2476,8.158641310187475e-13,9.552601735802923e-13,-1.3939604256154485e-13,1
2477,5.863634093631584e-13,7.506027888108721e-13,-1.6423937944771366e-13,1
2478,3.446213512749737e-13,3.087112647332922e-13,3.591008654168147e-14,0
2479,3.861252727619487e-13,5.958607686717279e-13,-2.0973549590977923e-13,1
2480,1.2539925511058838e-12,1.0261642799646799e-12,2.278282711412039e-13,0
2481,4.411186144321495e-12,4.616164583271074e-12,-2.049784389495784e-13,1
2482,4.873191768072606e-13,3.6918763597498613e-13,1.1813154083227448e-13,0
2483,1.2068413147836586e-12,1.488633959221019e-12,-2.817926444373605e-13,1
2484,5.213132868401991e-13,7.101079107269424e-13,-1.8879462388674333e-13,1
2485,6.526972827302238e-13,4.841239407127717e-13,1.685733420174521e-13,0
2486,1.0050078468518667e-12,1.0137946298480075e-12,-8.786782996140878e-15,1
2487,4.232615789140722e-11,4.255679652801355e-11,-2.3063863660633105e-13,1
2488,1.66759951161233e-10,1.513857292655504e-10,1.5374221895682588e-11,0
2489,1.8276500046061972e-13,4.3826011570640944e-13,-2.554951152457897e-13,1
2490,3.4701088432029587e-13,2.7980979014905194e-13,6.720109417124393e-14,0
2491,5.433045892542158e-13,6.319301955278274e-13,-8.862560627361169e-14,1
2492,1.2010219636480193e-11,1.1820562835220744e-11,1.8965680125944912e-13,0
2493,1.2876746616054097e-13,3.6783416460010377e-13,-2.3906669843956277e-13,1
2494,1.4307686169374792e-13,3.3524284178419227e-13,-1.9216598009044435e-13,1
2495,1.4759682456428365e-13,4.4424907272372514e-13,-2.966522481594415e-13,1
2496,2.0462423519159936e-13,4.3213504527452147e-13,-2.275108100829221e-13,1
2497,4.911699310338501e-13,4.7223446364275e-13,1.8935467391100104e-14,0
2498,4.740126117729309e-13,4.2203624746563527e-13,5.19763643072956e-14,0
2499,5.102351445286851e-13,8.007535834228721e-13,-2.9051843889418704e-13,1
2500,2.520461375784864e-13,4.0459098737517995e-13,-1.5254484979669355e-13,1
2501,4.60287007103291e-13,5.846070083529747e-13,-1.2432000124968373e-13,1
2502,8.646400394624159e-13,1.1253634435635662e-12,-2.6072340410115034e-13,1
2503,7.830278790957387e-13,1.0485308528365958e-12,-2.6550297374085716e-13,1
2504,3.094715822507835e-13,4.406715434226703e-13,-1.3119996117188677e-13,1
2505,2.7477606277518247e-13,4.901470982929054e-13,-2.1537103551772297e-13,1
2506,5.364347162502256e-13,7.785647681441955e-13,-2.421300518939699e-13,1
2507,7.824855077737943e-12,8.060996665127514e-12,-2.3614158738957134e-13,1
2508,2.504684814188198e-13,5.064619359238618e-13,-2.5599345450504203e-13,1
2509,4.976562148321921e-12,4.9009156179466616e-12,7.564653037525913e-14,0
2510,6.023965572708821e-13,5.905024380838445e-13,1.1894119187037643e-14,0
2511,4.839313008123189e-13,6.530245782821016e-13,-1.690932774697827e-13,1
2512,8.765843555436207e-13,9.813707415474873e-13,-1.0478638600386669e-13,1
2513,1.6370340522764424e-13,3.889594898996161e-13,-2.2525608467197188e-13,1
2514,3.5284313895622954e-13,5.403091484946937e-13,-1.8746600953846417e-13,1
2515,1.5182564594453836e-12,1.3033029877204527e-12,2.1495347172493083e-13,0
2516,4.291656017192491e-12,4.117433011982809e-12,1.742230052096822e-13,0
2517,1.666276102764115e-13,4.076271545006076e-13,-2.409995442241961e-13,1
2518,1.7130163030576028e-12,1.5619894405459102e-12,1.5102686251169263e-13,0
2519,2.7849971729055035e-12,2.5579032364901257e-12,2.2709393641537785e-13,0
2520,3.8666979800175236e-13,6.67048321785593e-13,-2.8037852378384065e-13,1
2521,6.471100859175373e-13,8.499103636133303e-13,-2.028002776957931e-13,1
2522,1.6245670602727512e-13,3.957027444036457e-13,-2.3324603837637057e-13,1
2523,9.314080193483147e-14,3.5016779316485075e-13,-2.5702699123001925e-13,1
2524,1.1034032078447967e-12,8.904224486839814e-13,2.1298075916081535e-13,0
2525,3.330704626143305e-13,3.0530726232646436e-13,2.7763200287866128e-14,0
2526,2.898520448955997e-13,2.737851904475311e-13,1.6066854448068576e-14,0
2527,4.4399058042374304e-13,5.565986564903252e-13,-1.1260807606658211e-13,1
2528,2.584648476071271e-13,4.2462008168997174e-13,-1.6615523408284464e-13,1
2529,1.4574798332203271e-12,1.7305409132859098e-12,-2.7306108006558265e-13,1
2530,2.70781865643185e-13,5.416080448620725e-13,-2.708261792188875e-13,1
2531,4.4077730934023744e-13,3.711389762201223e-13,6.963833312011515e-14,0
2532,2.60197022240909e-11,2.6230412971882705e-11,-2.1071074779180586e-13,1
2533,1.3686834989608152e-12,1.1925397504201408e-12,1.761437485406743e-13,0
2534,6.798402435911363e-13,7.673028278802137e-13,-8.746258428907741e-14,1
2535,1.3367323816346938e-12,1.3075284505801532e-12,2.920393105454058e-14,0
2536,1.2570136810423637e-12,1.1527157330495237e-12,1.0429794799284008e-13,0
2537,2.647977279332431e-13,3.1052447721394137e-13,-4.572674928069829e-14,1
2538,1.2352905303603856e-12,1.3708740485626441e-12,-1.3558351820225853e-13,1
2539,1.771121640232111e-13,3.051503665100893e-13,-1.280382024868782e-13,1
2540,2.392647276083362e-13,4.764224898203891e-13,-2.371577622120529e-13,1
2541,4.478490032471717e-12,4.497576378570063e-12,-1.9086346098346152e-14,1
2542,1.4870137491580698e-13,4.0772147790221765e-13,-2.590201029864107e-13,1
2543,3.7583687590206874e-13,6.20850733304231e-13,-2.4501385740216226e-13,1
2544,1.6329706076758903e-12,1.7972288836605525e-12,-1.6425827598466215e-13,1
2545,4.559003339591237e-13,3.7220660884852564e-13,8.36937251105981e-14,0
2546,2.47955647985561e-13,3.900335748939821e-13,-1.4207792690842109e-13,1
2547,2.8053739952033506e-13,4.3357242964437895e-13,-1.530350301240439e-13,1
2548,2.963208350297058e-13,2.5936822099148716e-13,3.695261403821864e-14,0
2549,1.901537609354978e-12,1.7586565791243796e-12,1.4288103023059833e-13,0
2550,1.0450437763637554e-12,1.0456641171334e-12,-6.203407696446734e-16,1
2551,1.121962225183969e-12,1.3861102182257044e-12,-2.641479930417354e-13,1
2552,3.7477005074815796e-13,3.19321429136243e-13,5.544862161191496e-14,0
2553,8.73791033112308e-13,8.106654444148197e-13,6.312558869748836e-14,0
2554,1.5529647913534593e-12,1.7655978461588742e-12,-2.126330548054149e-13,1
2555,4.458760828931856e-13,6.230974946761471e-13,-1.7722141178296157e-13,1
2556,1.297557977120003e-13,3.892143031567783e-13,-2.5945850544477803e-13,1
2557,7.761010350434735e-13,6.880805497127961e-13,8.802048533067738e-14,0
2558,4.4323509831226134e-13,6.423781681235958e-13,-1.9914306981133442e-13,1
2559,1.4860744537623994e-11,1.5159886560280614e-11,-2.9914202265661977e-13,1
2560,1.9433265707850265e-13,3.844906384010813e-13,-1.9015798132257863e-13,1
2561,1.3269148711116096e-13,4.4579069760410777e-13,-3.130992104929468e-13,1
2562,1.2764793255296483e-12,1.1922638072325143e-12,8.421551829713402e-14,0
2563,1.1518796355452636e-13,3.9252847105642423e-13,-2.7734050750189787e-13,1
2564,5.942026469136607e-13,6.082587209347202e-13,-1.405607402105941e-14,1
2565,3.714154128810065e-13,3.224713261591387e-13,4.8944086721867834e-14,0
2566,1.657914966316423e-13,3.8483311245393665e-13,-2.1904161582229436e-13,1
2567,1.8960893570054793e-12,1.942839519411252e-12,-4.675016240577257e-14,1
2568,3.760397830240718e-13,3.225153819204287e-13,5.352440110364309e-14,0
2569,1.1640720300133253e-12,1.4136716399473034e-12,-2.4959960993397815e-13,1
2570,1.9789530626486569e-13,3.985118171013943e-13,-2.006165108365286e-13,1
2571,1.0956100766152257e-12,8.805260728716633e-13,2.150840037435624e-13,0
2572,3.123544235008097e-13,5.253403909298254e-13,-2.1298596742901571e-13,1
2573,1.1692857175792766e-12,1.2205126881347302e-12,-5.12269705554536e-14,1
2574,4.901764639608346e-13,4.684209626111481e-13,2.175550134968646e-14,0
2575,4.2321590199822514e-11,4.4214783751698304e-11,-1.89319355187579e-12,1
2576,4.841958572039774e-13,3.41688168975165e-13,1.4250768822881235e-13,0
2577,4.930599875491453e-12,4.876978282719658e-12,5.3621592771794543e-14,0
2578,4.602725869974233e-13,3.919599140778041e-13,6.831267291961917e-14,0
2579,1.5694025467656559e-13,3.7070305650743924e-13,-2.1376280183087365e-13,1
2580,5.978509980012346e-13,8.403592808411819e-13,-2.425082828399473e-13,1
2581,3.556912439961427e-13,6.639456082376603e-13,-3.082543642415176e-13,1
2582,1.0746376663224297e-12,1.0799314825904028e-12,-5.293816267973137e-15,1
2583,5.404131753708798e-13,8.069002520767596e-13,-2.664870767058798e-13,1
2584,7.89660121598033e-13,8.515559154570074e-13,-6.189579385897445e-14,1
2585,4.162115876366469e-12,4.067786478211072e-12,9.432939815539745e-14,0
2586,5.393903385596816e-13,8.251464274418037e-13,-2.857560888821221e-13,1
2587,1.4843391813033476e-13,3.1802306950861004e-13,-1.6958915137827528e-13,1
2588,5.954322776517979e-13,8.914988276344674e-13,-2.960665499826695e-13,1
2589,2.905749701371272e-13,5.800315049298952e-13,-2.8945653479276804e-13,1
2590,1.3315313731891502e-11,1.760966389298337e-11,-4.294350161091868e-12,1
2591,4.4844555598753745e-13,7.267465799011072e-13,-2.7830102391356973e-13,1
2592,3.520870357515189e-13,4.1271993041187277e-13,-6.063289466035389e-14,1
2593,3.1227965093480816e-12,2.927963823150971e-12,1.9483268619711039e-13,0
2594,1.4971764180629633e-12,1.341827424024419e-12,1.5534899403854443e-13,0
2595,1.2377410114317895e-12,1.509648097023206e-12,-2.719070855914166e-13,1
2596,2.5770782378863927e-12,2.342757297694066e-12,2.3432094019232657e-13,0
2597,2.213628420055727e-12,2.2428502038243326e-12,-2.9221783768605597e-14,1
2598,3.7756015162761886e-13,4.265533733765658e-13,-4.899322174894696e-14,1
2599,2.80466036657814e-12,2.722946489732629e-12,8.171387684551091e-14,0
2600,3.836251333981933e-11,3.8507685518191895e-11,-1.4517217837256714e-13,1
2601,4.979674820772243e-13,6.016586013837196e-13,-1.0369111930649522e-13,1
2602,2.8074457367194284e-12,2.5811560285210752e-12,2.2628970819835312e-13,0
2603,1.683828002941239e-12,1.5223564012140452e-12,1.6147160172719374e-13,0
2604,2.6739901208890425e-13,3.828685760257705e-13,-1.1546956393686625e-13,1
2605,6.578393667560891e-13,6.577171746055244e-13,1.2219215056465572e-16,0
2606,5.490716251329364e-13,7.407466148806817e-13,-1.9167498974774526e-13,1
2607,5.267042699242918e-13,7.950692343966629e-13,-2.683649644723711e-13,1
2608,2.6473165653494183e-13,3.0843773146539356e-13,-4.370607493045173e-14,1
2609,4.0994260565611417e-13,6.240838221646198e-13,-2.1414121650850566e-13,1
2610,4.1182342749847634e-13,6.029262066971054e-13,-1.911027791986291e-13,1
2611,2.3091274577827265e-13,5.015260041338636e-13,-2.7061325835559093e-13,1
2612,1.7537107624729994e-13,4.107189802546739e-13,-2.353479040073739e-13,1
2613,2.772801310887373e-13,4.584162465997069e-13,-1.811361155109696e-13,1
2614,6.48790556910123e-13,6.570610072689174e-13,-8.270450358794419e-15,1
2615,9.729196005673567e-11,8.719403105686965e-11,1.0097928999866019e-11,0
2616,1.1408075220042945e-11,1.1194740504122765e-11,2.1333471592017914e-13,0
2617,3.259207158964537e-13,3.0484020970213343e-13,2.108050619432029e-14,0
2618,2.1888002300969791e-13,3.1190882229386904e-13,-9.302879928417113e-14,1
2619,1.9618056779495894e-11,2.171600225484033e-11,-2.0979454753444353e-12,1
2620,7.989971714444857e-13,6.199420851215107e-13,1.7905508632297504e-13,0
2621,3.932018305275752e-11,3.9599464304944545e-11,-2.7928125218702183e-13,1
2622,2.7326607194729274e-13,4.899524192929078e-13,-2.1668634734561505e-13,1
2623,1.615693607769024e-13,3.555041223449849e-13,-1.939347615680825e-13,1
2624,7.938402509520704e-13,9.893887178472438e-13,-1.9554846689517343e-13,1
2625,1.4700540271604226e-12,1.4403533834063815e-12,2.970064375404112e-14,0
2626,6.93130846632674e-13,9.41410462087516e-13,-2.4827961545484193e-13,1
2627,1.912141896942225e-12,1.7282045218865366e-12,1.839373750556883e-13,0
2628,3.623172163106069e-13,5.560702981646936e-13,-1.9375308185408668e-13,1
2629,1.6707568243068348e-13,4.0792504840805545e-13,-2.4084936597737194e-13,1
2630,3.7650101368266713e-13,6.221846709820009e-13,-2.456836572993338e-13,1
2631,3.6460832879730275e-13,6.182024011872785e-13,-2.535940723899758e-13,1
2632,2.8988844352724955e-12,3.0450803257030667e-12,-1.4619589043057123e-13,1
2633,9.01379142733163e-14,3.7447621883674574e-13,-2.8433830456342943e-13,1
2634,4.2408844046140017e-13,5.557796068992601e-13,-1.3169116643785993e-13,1
2635,4.184893672778945e-12,4.43626377493042e-12,-2.51370102151475e-13,1
2636,7.210788665857069e-14,3.8016438318611995e-13,-3.0805649652754926e-13,1
2637,1.3669532784889802e-12,1.6418710837636514e-12,-2.749178052746712e-13,1
2638,2.657508717603363e-13,4.078199305131819e-13,-1.420690587528456e-13,1
2639,1.4978620359929278e-12,1.4794875846853546e-12,1.837445130757322e-14,0
2640,1.3919726092285228e-12,1.2378007454843662e-12,1.5417186374415659e-13,0
2641,4.1333008509050175e-13,6.193139885441601e-13,-2.0598390345365836e-13,1
2642,8.122548341280423e-13,6.263697363149632e-13,1.8588509781307908e-13,0
2643,1.6084530037788082e-12,1.57336542210969e-12,3.508758166911826e-14,0
2644,2.048655454232015e-12,2.077136283153679e-12,-2.848082892166406e-14,1
2645,1.7167913680563096e-13,4.22001893411201e-13,-2.5032275660557e-13,1
2646,3.208479791060472e-13,5.818089835404504e-13,-2.6096100443440324e-13,1
2647,8.392674993010487e-13,9.692885973121376e-13,-1.3002109801108886e-13,1
2648,4.4457134655487834e-13,3.5593837437174453e-13,8.863297218313381e-14,0
2649,6.538241043714902e-13,8.34429376879483e-13,-1.8060527250799287e-13,1
2650,7.962106477454081e-13,1.0656064865165397e-12,-2.693958387711316e-13,1
2651,3.0313567782521683e-12,2.9470904647264733e-12,8.426631352569497e-14,0
2652,2.729660724918462e-13,5.384127725364276e-13,-2.6544670004458143e-13,1
2653,8.602596137104134e-12,8.383955718410847e-12,2.1864041869328724e-13,0
2654,1.0447391477733758e-13,4.1364801916624217e-13,-3.091741043889046e-13,1
2655,6.619067748205997e-13,6.905637737377631e-13,-2.865699891716341e-14,1
2656,4.884486303729421e-13,6.267071379873048e-13,-1.3825850761436273e-13,1
2657,5.550846371280811e-13,4.814695743521654e-13,7.361506277591565e-14,0
2658,5.3554330496482415e-12,5.3448877121106e-12,1.0545337537641893e-14,0
2659,4.698823681222007e-11,4.7190527408849774e-11,-2.0229059662970498e-13,1
2660,4.3153280845918576e-12,4.1359266937178636e-12,1.79401390873994e-13,0
2661,1.3243967821200053e-13,3.924015205482037e-13,-2.5996184233620317e-13,1
2662,3.665563354602247e-12,3.540491678066437e-12,1.2507167653581e-13,0
2663,2.6080379314276717e-13,5.737556812517713e-13,-3.1295188810900413e-13,1
2664,4.507772014816367e-13,7.299347228621163e-13,-2.7915752138047956e-13,1
2665,1.3312024601688225e-12,1.5030580719394353e-12,-1.7185561177061282e-13,1
2666,4.619384852029128e-12,4.3185339548072e-12,3.0085089722192764e-13,0
2667,1.5120551443415598e-13,4.387235370526962e-13,-2.8751802261854024e-13,1
2668,9.115999765810651e-13,8.736008856749514e-13,3.7999090906113696e-14,0
2669,3.936514999012649e-13,3.753118741499985e-13,1.833962575126643e-14,0
2670,1.6957488892155806e-12,1.5556389236569669e-12,1.4010996555861368e-13,0
2671,4.199977872927366e-13,3.181498974780956e-13,1.0184788981464099e-13,0
2672,1.597468699375014e-13,3.700582820556429e-13,-2.1031141211814146e-13,1
2673,1.1422511404163506e-13,3.99923997458612e-13,-2.856988834169769e-13,1
2674,2.079753683619117e-13,2.8117629408624145e-13,-7.320092572432975e-14,1
2675,2.936477653733956e-13,2.9511790644709836e-13,-1.4701410737027432e-15,1
2676,1.768236884846318e-12,2.013909842203052e-12,-2.4567295735673393e-13,1
2677,1.0927229974228579e-11,1.08915621883901e-11,3.566778583847963e-14,0
2678,5.01977434136361e-13,6.107575295824979e-13,-1.087800954461369e-13,1
2679,6.815130888515888e-13,5.193743021137751e-13,1.621387867378137e-13,0
2680,2.114303012942018e-12,1.9189887245684373e-12,1.9531428837358063e-13,0
2681,7.374390343107644e-13,6.18590876724362e-13,1.1884815758640246e-13,0
2682,3.740169404373574e-12,3.4759466436845043e-12,2.6422276068907004e-13,0
2683,2.3993791106789716e-13,4.882488655080606e-13,-2.4831095444016343e-13,1
2684,1.5388235982892933e-12,1.6254395751102678e-12,-8.661597682097449e-14,1
2685,4.01327585456418e-12,3.812779279687414e-12,2.004965748767661e-13,0
2686,3.978151805113723e-12,4.071426513230057e-12,-9.327470811633409e-14,1
2687,5.881948549042859e-13,8.514834437784783e-13,-2.6328858887419244e-13,1
2688,8.354988055921396e-13,7.455638905591802e-13,8.993491503295942e-14,0
2689,1.4386961782360401e-12,1.6840126979017535e-12,-2.453165196657134e-13,1
2690,5.171223352772875e-13,7.558642197961265e-13,-2.38741884518839e-13,1
2691,2.1726543560133947e-13,4.654957922783794e-13,-2.4823035667703997e-13,1
2692,3.430338177046962e-13,4.432161093524396e-13,-1.0018229164774344e-13,1
2693,3.0330537519876685e-13,3.232814651487357e-13,-1.9976089949968868e-14,1
2694,3.6514134101065394e-13,5.608593628002126e-13,-1.9571802178955863e-13,1
2695,9.060950883757305e-13,8.348833985156558e-13,7.121168986007465e-14,0
2696,1.7236878950159416e-11,1.713497984166145e-11,1.0189910849796498e-13,0
2697,1.1464673692760503e-10,1.2540325589064144e-10,-1.075651896303641e-11,1
2698,2.5836389379770253e-13,3.148187353027191e-13,-5.6454841505016566e-14,1
2699,3.005816599068687e-13,5.118482458214789e-13,-2.1126658591461023e-13,1
2700,3.147156885240435e-13,5.358833787668446e-13,-2.2116769024280104e-13,1
2701,2.2216622662873404e-13,4.4812558308736085e-13,-2.259593564586268e-13,1
2702,3.3028859000762826e-13,4.499507429255093e-13,-1.1966215291788102e-13,1
2703,3.449761416437651e-12,3.6803688390714935e-12,-2.306074226338423e-13,1
2704,3.2391390282406556e-13,3.3671431548180097e-13,-1.2800412657735418e-14,1
2705,1.7028122083344577e-13,3.205272600367894e-13,-1.5024603920334363e-13,1
2706,3.5686982587080775e-13,2.623264291979218e-13,9.454339667288597e-14,0
2707,6.396606656725096e-13,6.487179130109614e-13,-9.057247338451859e-15,1
2708,3.574301738094375e-11,3.5963778609266505e-11,-2.207612283227549e-13,1
2709,1.7734771076263437e-12,1.6510049143756413e-12,1.2247219325070243e-13,0
2710,6.119268412366158e-13,6.993547508435805e-13,-8.742790960696465e-14,1
2711,6.533160606159107e-13,9.332152327346468e-13,-2.7989917211873613e-13,1
2712,1.236723149033359e-13,4.3984142930475987e-13,-3.16169114401424e-13,1
2713,3.034013846495143e-11,3.069908873619669e-11,-3.5895027124526075e-13,1
2714,5.227864331129177e-13,7.951515722898539e-13,-2.7236513917693623e-13,1
2715,5.856636185687887e-13,4.1521967966549554e-13,1.7044393890329316e-13,0
2716,3.5550318061959055e-13,5.230541574039607e-13,-1.6755097678437018e-13,1
2717,4.84282042455912e-13,7.760373558487221e-13,-2.917553133928101e-13,1
2718,1.7608391484609732e-12,2.02556326045013e-12,-2.6472411198915686e-13,1
2719,1.6977658750982473e-12,1.940909647311854e-12,-2.4314377221360663e-13,1
2720,1.4254856305660159e-12,1.431793913297284e-12,-6.308282731268045e-15,1
2721,9.685906672287656e-13,1.0703483528334699e-12,-1.0175768560470429e-13,1
2722,3.0470753538507892e-12,3.0426022233775e-12,4.473130473289391e-15,0
2723,2.723547235857154e-12,2.9832346316384724e-12,-2.596873957813185e-13,1
2724,3.81675443161422e-13,6.442594495492161e-13,-2.6258400638779405e-13,1
2725,2.7470984600385644e-13,4.068675829669266e-13,-1.3215773696307014e-13,1
2726,1.6681335106644095e-13,3.347155521406317e-13,-1.6790220107419076e-13,1
2727,7.844381075964138e-13,6.455452449675475e-13,1.3889286262886636e-13,0
2728,3.231322306300535e-13,6.098819514120993e-13,-2.867497207820458e-13,1
2729,6.742466198636114e-13,9.21025535416174e-13,-2.467789155525625e-13,1
2730,1.9572047223288887e-13,3.8443861036337383e-13,-1.8871813813048496e-13,1
2731,5.538772457836324e-13,5.264435949347548e-13,2.7433650848877647e-14,0
2732,2.909504146225529e-13,4.3130348612715113e-13,-1.4035307150459823e-13,1
2733,2.2092384688485504e-13,2.5906532692965223e-13,-3.814148004479719e-14,1
2734,2.2510282251718246e-13,4.85566997872298e-13,-2.604641753551155e-13,1
2735,2.4220899535458833e-13,4.957178584887554e-13,-2.535088631341671e-13,1
2736,4.751241279232288e-13,7.24884515431958e-13,-2.497603875087292e-13,1
2737,2.0933433747782178e-13,3.1806320165555175e-13,-1.0872886417772997e-13,1
2738,1.7861638223935406e-13,4.071613422293778e-13,-2.285449599900237e-13,1
2739,3.5477534673883263e-13,6.866577908896569e-13,-3.3188244415082423e-13,1
2740,1.6119524220311417e-12,1.8837673614215102e-12,-2.7181493939036847e-13,1
2741,4.412503098785891e-13,3.440308702543457e-13,9.721943962424343e-14,0
2742,6.291623175171526e-13,6.13665465216464e-13,1.5496852300688555e-14,0
2743,1.5096793900201375e-12,1.570036938721352e-12,-6.035754870121452e-14,1
2744,1.9181474025615947e-13,2.8837153192408463e-13,-9.655679166792517e-14,1
2745,3.3354497761202434e-12,3.191403154113503e-12,1.4404662200674037e-13,0
2746,1.242395877033833e-12,1.2235757019939926e-12,1.8820175039840393e-14,0
2747,7.328994754674028e-13,5.953634463660771e-13,1.3753602910132573e-13,0
2748,3.2078265356419397e-13,4.388972333733668e-13,-1.1811457980917285e-13,1
2749,1.2861759319430414e-12,1.5655684397261101e-12,-2.793925077830687e-13,1
2750,1.1998298746261587e-12,1.1125305738769563e-12,8.729930074920232e-14,0
2751,9.184721405579531e-12,9.031373004313538e-12,1.533484012659933e-13,0
2752,1.0282923874617898e-12,1.3128538232565193e-12,-2.845614357947296e-13,1
2753,1.8615954481806783e-12,1.89506740128618e-12,-3.3471953105501554e-14,1
2754,9.264161827874832e-13,8.209069212739907e-13,1.0550926151349251e-13,0
2755,2.7273081192059654e-13,4.55839979008214e-13,-1.8310916708761747e-13,1
2756,1.9160552853396796e-13,4.981419156711654e-13,-3.0653638713719745e-13,1
2757,3.1898590768560976e-13,3.690264206375808e-13,-5.004051295197105e-14,1
2758,3.8121210637622653e-13,6.028588520654175e-13,-2.21646745689191e-13,1
2759,7.377037483928505e-14,3.4500422853063885e-13,-2.712338536913538e-13,1
2760,1.0750000088288993e-13,4.049384728452087e-13,-2.9743847196231877e-13,1
2761,3.6387994095141663e-13,5.980084014029604e-13,-2.3412846045154376e-13,1
2762,1.3949482964841587e-12,1.2276743273245193e-12,1.672739691596394e-13,0
2763,2.5136320007248154e-12,2.6532945495299293e-12,-1.3966254880511387e-13,1
2764,1.3384384895024797e-10,1.3328124948325817e-10,5.625994669898073e-13,0
2765,6.009102016674991e-13,8.700005006702624e-13,-2.690902990027633e-13,1
2766,2.571378924863623e-13,5.58770036494323e-13,-3.016321440079607e-13,1
2767,3.834658265724192e-12,3.5719581767539123e-12,2.6270008897027934e-13,0
2768,2.6143678121437738e-12,2.801173956484558e-12,-1.8680614434078435e-13,1
2769,6.948732888012892e-13,7.422021365635101e-13,-4.732884776222088e-14,1
2770,1.6442125533793082e-12,1.7480643659145485e-12,-1.0385181253524024e-13,1
2771,4.811930433118667e-13,5.707090719066733e-13,-8.951602859480651e-14,1
2772,5.663773025809202e-13,7.337199968598415e-13,-1.6734269427892123e-13,1
2773,1.0314719451023177e-13,3.461912053083542e-13,-2.430440107981224e-13,1
2774,1.764391970302833e-13,3.8719009623266774e-13,-2.1075089920238446e-13,1
2775,1.2342768015598433e-13,4.597134971687321e-13,-3.3628581701274773e-13,1
2776,3.680462699894209e-13,2.557609520564399e-13,1.1228531793298097e-13,0
2777,2.8516689986785236e-13,4.653892643066028e-13,-1.8022236443875047e-13,1
2778,3.1911258434304657e-12,3.402515936247581e-12,-2.1139009281711538e-13,1
2779,3.016289575498855e-13,5.298632243967391e-13,-2.282342668468536e-13,1
2780,2.2453636764418583e-13,4.821876783986234e-13,-2.5765131075443754e-13,1
2781,1.3792881426400519e-12,1.5648204367385775e-12,-1.855322940985256e-13,1
2782,5.533154117422633e-13,6.406903847192112e-13,-8.737497297694796e-14,1
2783,1.0322478231964574e-12,1.2400565398957965e-12,-2.0780871669933906e-13,1
2784,1.2277559466804197e-12,1.2086817555010098e-12,1.9074191179409863e-14,0
2785,2.200898368054814e-13,5.099800672994885e-13,-2.898902304940071e-13,1
2786,3.7484309549843547e-13,5.522141053487024e-13,-1.7737100985026692e-13,1
2787,2.7224245934054737e-12,2.880540668759536e-12,-1.5811607535406227e-13,1
2788,8.53021842968839e-12,8.79661647837003e-12,-2.6639804868163994e-13,1
2789,5.147254477203863e-13,5.409086700918528e-13,-2.618322237146643e-14,1
2790,3.488051436598517e-13,4.695667955543808e-13,-1.2076165189452908e-13,1
2791,7.620711079381268e-13,1.0581946132288382e-12,-2.9612350529071137e-13,1
2792,1.158169959393476e-12,1.4311270538272648e-12,-2.729570944337888e-13,1
2793,1.0359074340979769e-12,9.702796823705955e-13,6.562775172738143e-14,0
2794,8.730145645891553e-13,7.482093178106541e-13,1.2480524677850122e-13,0
2795,9.420536923800785e-14,3.3457769343823546e-13,-2.403723242002276e-13,1
2796,2.2785058026271336e-13,4.0079055555874224e-13,-1.7293997529602888e-13,1
2797,1.3644634492579554e-13,2.7996626456598347e-13,-1.4351991964018794e-13,1
2798,8.601873348045965e-13,9.70978509086389e-13,-1.107911742817924e-13,1
2799,5.148378758075366e-13,5.833225797999981e-13,-6.848470399246146e-14,1
2800,3.8554009335632417e-13,4.0942438667013645e-13,-2.3884293313812274e-14,1
2801,5.027134773137969e-13,7.995707128386162e-13,-2.9685723552481925e-13,1
2802,2.9708573664113875e-13,4.778224355259621e-13,-1.8073669888482337e-13,1
2803,4.698839552997299e-13,7.188412347280721e-13,-2.4895727942834223e-13,1
2804,1.1184904697222178e-13,4.091690412793173e-13,-2.9731999430709553e-13,1
2805,4.260209355812223e-12,4.489006105166702e-12,-2.2879674935447897e-13,1
2806,7.210115796687981e-13,6.69790834665246e-13,5.1220745003552114e-14,0
2807,4.879159610542377e-13,3.896215516854676e-13,9.829440936877014e-14,0
2808,3.897947698698367e-13,4.717062002574399e-13,-8.191143038760319e-14,1
2809,1.0342194225689542e-12,1.2184417310673258e-12,-1.8422230849837153e-13,1
2810,1.4227609814123704e-12,1.6175515166992104e-12,-1.9479053528684003e-13,1
2811,1.3721768957752242e-11,1.3631167327982737e-11,9.06016297695046e-14,0
2812,1.044157477880478e-12,1.2428056820564926e-12,-1.986482041760146e-13,1
2813,3.2102505806694478e-12,3.011989681320838e-12,1.9826089934860993e-13,0
2814,1.3438909571320026e-11,1.3322515393297989e-11,1.1639417802203698e-13,0
2815,1.5331603063647857e-13,4.2446690424273344e-13,-2.711508736062549e-13,1
2816,9.416290700749559e-13,9.7624979812454e-13,-3.462072804958401e-14,1
2817,1.460870033571421e-12,1.3826289488116992e-12,7.824108475972178e-14,0
2818,2.7692594511263387e-11,2.913919610539876e-11,-1.4466015941353751e-12,1
2819,1.991096594042113e-13,3.780109960138278e-13,-1.7890133660961647e-13,1
2820,3.103876013560545e-13,2.992537870040374e-13,1.1133814352017106e-14,0
2821,2.9182963086935174e-13,4.4988957480824437e-13,-1.5805994393889263e-13,1
2822,3.0335313884393445e-13,4.152478694752096e-13,-1.1189473063127516e-13,1
2823,1.188193942214116e-12,1.1718055060050894e-12,1.638843620902653e-14,0
2824,4.662859047644725e-13,7.234028241854576e-13,-2.571169194209851e-13,1
2825,2.372256383235345e-11,2.3813095811162424e-11,-9.05319788089736e-14,1
2826,5.629925751438274e-13,8.17766872963832e-13,-2.5477429782000456e-13,1
2827,1.230634279684364e-13,3.740440591396031e-13,-2.509806311711667e-13,1
2828,3.937779317020289e-12,3.651135786943564e-12,2.86643530076725e-13,0
2829,7.661008927271833e-13,9.117456938358876e-13,-1.4564480110870426e-13,1
2830,1.2613007617399251e-11,1.2399044414667584e-11,2.139632027316673e-13,0
2831,2.9755276143525164e-12,3.1010664550632935e-12,-1.255388407107771e-13,1
2832,5.470995290334269e-13,5.042704940847916e-13,4.2829034948635294e-14,0
2833,1.7168296122372968e-13,3.83690700842683e-13,-2.120077396189533e-13,1
2834,3.330761312556744e-13,2.850093582501864e-13,4.8066773005488034e-14,0
2835,2.6727531456634707e-13,5.487846873974982e-13,-2.815093728311511e-13,1
2836,7.068050261939805e-13,9.296345123863571e-13,-2.2282948619237657e-13,1
2837,3.658786109543289e-12,3.715371758840172e-12,-5.6585649296882926e-14,1
2838,1.1237730212768302e-11,1.1273151283691672e-11,-3.542107092337089e-14,1
2839,2.7457296271006556e-13,5.437280863204971e-13,-2.691551236104316e-13,1
2840,9.39169438561288e-13,6.914841255366728e-13,2.476853130246153e-13,0
2841,3.637056488979146e-13,5.342593122127185e-13,-1.705536633148039e-13,1
2842,2.800527309147399e-13,3.959782415132054e-13,-1.1592551059846553e-13,1
2843,1.6070162039500705e-12,1.5406056059174923e-12,6.641059803257824e-14,0
2844,3.144862459718241e-13,5.737990370412122e-13,-2.593127910693881e-13,1
2845,9.82475932957895e-14,3.6771444343299706e-13,-2.6946685013720754e-13,1
2846,3.1534661233017476e-13,3.574567007174231e-13,-4.2110088387248354e-14,1
2847,1.7955961927531202e-13,4.702352840402167e-13,-2.9067566476490473e-13,1
2848,6.491288638214422e-13,5.733813041855531e-13,7.574755963588911e-14,0
2849,4.388362660384897e-13,6.162752180699963e-13,-1.774389520315066e-13,1
2850,4.631766364516664e-13,5.936198991168798e-13,-1.3044326266521334e-13,1
2851,1.4126690373117184e-12,1.6483385938965146e-12,-2.356695565847962e-13,1
2852,1.619479902878598e-12,1.4926447344101376e-12,1.2683516846846045e-13,0
2853,2.26432000473765e-13,3.565774934499272e-13,-1.3014549297616222e-13,1
2854,4.681508871456162e-13,7.725555633851961e-13,-3.044046762395799e-13,1
2855,4.171383330073152e-13,7.168798095989811e-13,-2.9974147659166593e-13,1
2856,2.5015945921292597e-13,4.594731016938602e-13,-2.0931364248093427e-13,1
2857,4.0671845659879827e-13,6.183911532830544e-13,-2.1167269668425615e-13,1
2858,1.775270629007013e-12,1.833768410190506e-12,-5.849778118349308e-14,1
2859,3.020956128953042e-13,2.7244566883339917e-13,2.964994406190505e-14,0
2860,9.754903310262526e-13,8.796327596509515e-13,9.585757137530109e-14,0
2861,7.860660255662271e-13,7.665013152382818e-13,1.9564710327945248e-14,0
2862,6.35788119247298e-13,4.4740184814142503e-13,1.8838627110587297e-13,0
2863,2.2186836651002717e-13,5.225926493525582e-13,-3.0072428284253104e-13,1
2864,1.1986275305174191e-11,1.216589763700928e-11,-1.7962233183508925e-13,1
2865,8.386390073780488e-13,9.669004149900597e-13,-1.2826140761201094e-13,1
2866,1.871446615990012e-13,2.9469846492668757e-13,-1.0755380332768637e-13,1
2867,1.9004501835973264e-11,1.8871906768566023e-11,1.3259506740724135e-13,0
2868,3.7305385665212495e-13,2.799136168578485e-13,9.314023979427644e-14,0
2869,5.545021452614258e-13,7.193884028201862e-13,-1.6488625755876036e-13,1
2870,1.940199288857859e-12,1.7669160500517097e-12,1.7328323880614938e-13,0
2871,5.815689995448669e-12,5.884352573756349e-12,-6.86625783076801e-14,1
2872,1.0074466786874165e-12,1.0904243774415547e-12,-8.297769875413817e-14,1
2873,4.657703869431338e-13,7.105613168717979e-13,-2.4479092992866403e-13,1
2874,5.89293630040581e-13,5.408001554802527e-13,4.849347456032838e-14,0
2875,5.31323457192027e-13,6.951966847379825e-13,-1.6387322754595543e-13,1
2876,3.0373218191457637e-13,3.664828553906444e-13,-6.275067347606805e-14,1
2877,4.866376095494182e-12,4.7385154515211315e-12,1.2786064397305037e-13,0
2878,4.962986236506411e-13,4.3302425856885755e-13,6.32743650817835e-14,0
2879,4.3105222733063443e-13,6.653462422471373e-13,-2.3429401491650284e-13,1
2880,5.026591736209607e-13,6.961252428034906e-13,-1.9346606918252987e-13,1
2881,4.152913415400313e-13,5.880673462323486e-13,-1.7277600469231734e-13,1
2882,4.016398150207293e-12,3.937233163168205e-12,7.916498703908782e-14,0
2883,2.1288625799991293e-13,2.926876887843661e-13,-7.980143078445316e-14,1
2884,9.859283269291771e-12,9.906252888454872e-12,-4.6969619163100514e-14,1
2885,8.595216001180553e-13,7.7144238840563e-13,8.807921171242522e-14,0
2886,1.3040921288031246e-12,1.1171311488694426e-12,1.86960979933682e-13,0
2887,8.496060991176545e-13,6.787923192183222e-13,1.7081377989933232e-13,0
2888,1.6553583852347924e-12,1.8209499516876563e-12,-1.655915664528639e-13,1
2889,2.174247137356873e-13,5.09031869060998e-13,-2.916071553253107e-13,1
2890,1.3216101218428857e-13,4.1575362790538395e-13,-2.835926157210954e-13,1
2891,8.408815789174845e-12,8.342006983871352e-12,6.680880530349345e-14,0
2892,1.4952400834503554e-12,1.3537771229936923e-12,1.4146296045666313e-13,0
2893,3.1667368288655504e-13,3.1672830792363557e-13,-5.4625037080530677e-17,1
2894,1.3718799645261522e-13,4.5191319306980315e-13,-3.147251966171879e-13,1
2895,2.2678091129834403e-13,4.958221693810821e-13,-2.6904125808273805e-13,1
2896,4.235743533974778e-13,3.1728417116624053e-13,1.0629018223123724e-13,0
2897,3.3553064145271946e-13,6.397631053339414e-13,-3.042324638812219e-13,1
2898,7.526870905521086e-13,9.131059108748225e-13,-1.6041882032271396e-13,1
2899,4.279218546599003e-13,6.148931823399371e-13,-1.8697132768003683e-13,1
2900,1.796189650046426e-13,4.792770119235621e-13,-2.9965804691891947e-13,1
2901,3.4486475974973965e-13,3.7804169264235815e-13,-3.3176932892618493e-14,1
2902,1.1965970999846313e-13,3.6789318038984776e-13,-2.4823347039138465e-13,1
2903,3.695102530998967e-13,3.440419246892914e-13,2.5468328410605297e-14,0
2904,3.869539700990636e-13,6.672325801586364e-13,-2.802786100595728e-13,1
2905,4.049736913990002e-12,4.1726744576522975e-12,-1.229375436622953e-13,1
2906,4.626358282606429e-13,6.872885880522425e-13,-2.2465275979159957e-13,1
2907,5.800896350262913e-13,6.071285341701366e-13,-2.703889914384527e-14,1
2908,1.7603225387009858e-13,4.559741132912134e-13,-2.799418594211148e-13,1
2909,3.043449074582622e-13,5.448738277377274e-13,-2.4052892027946515e-13,1
2910,5.423373915525006e-13,4.3910418524210824e-13,1.0323320631039235e-13,0
2911,2.159888592289276e-12,2.1378533015040305e-12,2.2035290785245425e-14,0
2912,8.339991458307575e-13,9.654073105206793e-13,-1.314081646899218e-13,1
2913,3.9891025120116885e-13,3.6139293647763194e-13,3.7517314723536903e-14,0
2914,1.1456031161406162e-12,1.1279705455947788e-12,1.7632570545837448e-14,0
2915,3.1488764907298084e-13,6.033902162646372e-13,-2.885025671916564e-13,1
2916,7.447630375155373e-12,7.42806583566963e-12,1.9564539485743757e-14,0
2917,2.1307971251422784e-13,4.0289375193665287e-13,-1.8981403942242503e-13,1
2918,7.357311703937699e-13,6.298901678693818e-13,1.0584100252438817e-13,0
2919,2.684285566994625e-13,3.6609345284974745e-13,-9.766489615028493e-14,1
2920,3.903277930277553e-13,2.8713592848814986e-13,1.0319186453960545e-13,0
2921,3.809277520282212e-13,6.198592255687377e-13,-2.3893147354051646e-13,1
2922,7.402340490342762e-13,9.676448252136667e-13,-2.274107761793905e-13,1
2923,6.202034516838271e-13,6.730978477139525e-13,-5.289439603012538e-14,1
2924,3.030405074555486e-13,6.119923414484973e-13,-3.089518339929487e-13,1
2925,7.221083116698246e-13,8.765037834407504e-13,-1.5439547177092584e-13,1
2926,1.5207625357987984e-13,3.5386141012093574e-13,-2.017851565410559e-13,1
2927,3.602424909090798e-13,5.170595347964096e-13,-1.568170438873298e-13,1
2928,1.6628737665426797e-13,4.4488149048139846e-13,-2.785941138271305e-13,1
2929,6.28382920783919e-13,5.239644296454668e-13,1.0441849113845228e-13,0
2930,1.9403674818891298e-13,4.78855142026992e-13,-2.8481839383807906e-13,1
2931,3.7581924285025537e-13,6.566862789428031e-13,-2.8086703609254774e-13,1
2932,2.655084574103969e-13,5.416650072422954e-13,-2.7615654983189855e-13,1
2933,1.9455563345088202e-13,2.5973391537845593e-13,-6.517828192757391e-14,1
2934,1.0539324572909469e-13,2.869566582483071e-13,-1.8156341251921242e-13,1
2935,1.636078791881794e-12,1.8834386965845425e-12,-2.473599047027486e-13,1
2936,3.3084265617607316e-13,5.18598387097175e-13,-1.877557309211018e-13,1
2937,6.527237159526103e-13,6.784056717479958e-13,-2.568195579538556e-14,1
2938,2.037875644704301e-12,2.0301129554488796e-12,7.762689255421346e-15,0
2939,1.7305909586554377e-12,1.742571139275246e-12,-1.198018061980835e-14,1
2940,2.697608817107526e-13,3.697434672071206e-13,-9.9982585496368e-14,1
2941,2.223382171856042e-13,4.416440991870558e-13,-2.193058820014516e-13,1
2942,3.943981308816967e-13,3.2450597436925777e-13,6.989215651243895e-14,0
2943,6.217423261929948e-13,8.105169555406995e-13,-1.8877462934770467e-13,1
2944,1.372250081872303e-12,1.6422865559392496e-12,-2.7003647406694664e-13,1
2945,3.572968038101042e-11,3.635641511732809e-11,-6.267347363176693e-13,1
2946,8.566208328412069e-12,8.742991686549299e-12,-1.7678335813723003e-13,1
2947,4.946335187757097e-13,4.068541205938345e-13,8.777939818187525e-14,0
2948,3.206566323385595e-13,5.639809320390904e-13,-2.4332429970053096e-13,1
2949,1.9097679731057686e-13,4.820168592498508e-13,-2.910400619392739e-13,1
2950,3.1400489175379147e-13,3.2721322995331924e-13,-1.3208338199527773e-14,1
2951,6.576053964188903e-13,7.940907297678606e-13,-1.3648533334897029e-13,1
2952,2.283375850532458e-13,5.200206905462698e-13,-2.9168310549302407e-13,1
2953,4.921379096627061e-13,6.362413904520615e-13,-1.4410348078935537e-13,1
2954,3.598893573432821e-13,2.6220116845291645e-13,9.768818889036563e-14,0
2955,1.2732893672348593e-12,1.3936802024016711e-12,-1.203908351668118e-13,1
2956,1.2523433270768449e-11,1.2290529049912888e-11,2.3290422085556094e-13,0
2957,9.593597969410414e-13,8.9276051758473e-13,6.659927935631138e-14,0
2958,2.0525533214895574e-12,2.1855431289632588e-12,-1.3298980747370134e-13,1
2959,1.320304469297236e-11,1.3059540627306485e-11,1.4350406566587412e-13,0
2960,3.2637884642271013e-13,4.2899785286306916e-13,-1.0261900644035903e-13,1
2961,3.2418497610280587e-13,4.760003355654136e-13,-1.5181535946260769e-13,1
2962,2.808267727535444e-13,5.709883908604218e-13,-2.901616181068774e-13,1
2963,1.3821535881795682e-12,1.5440614231641504e-12,-1.6190783498458216e-13,1
2964,2.542038508757042e-12,2.319106955127053e-12,2.2293155362998905e-13,0
2965,3.002089057057012e-13,4.863084426636044e-13,-1.8609953695790319e-13,1
2966,6.807213703465909e-13,9.307079458250688e-13,-2.499865754784779e-13,1
2967,4.939292837291414e-13,5.496068131570335e-13,-5.567752942789217e-14,1
2968,5.834915507497652e-13,7.693828660125263e-13,-1.858913152627611e-13,1
2969,7.114100730190443e-13,9.470934098200315e-13,-2.356833368009871e-13,1
2970,1.6720643848444984e-12,1.8235456922849557e-12,-1.5148130744045732e-13,1
2971,2.2628795713176422e-12,2.2356645105720754e-12,2.721506074556682e-14,0
2972,8.091894123803959e-13,1.110010932135574e-12,-3.00821519755178e-13,1
2973,3.497163685243382e-13,6.122827699380934e-13,-2.6256640141375517e-13,1
2974,6.425051372111192e-13,5.13969980788515e-13,1.2853515642260419e-13,0
2975,1.7563424198506047e-13,5.056856409842352e-13,-3.3005139899917476e-13,1
2976,5.007028293728912e-12,5.28540890167348e-12,-2.7838060794456755e-13,1
2977,4.39681389999881e-12,4.370316799596301e-12,2.6497100402509277e-14,0
2978,6.448800454401133e-14,3.7573926913922403e-13,-3.112512645952127e-13,1
2979,7.055128885732672e-13,8.941783669434158e-13,-1.8866547837014864e-13,1
2980,5.260888015747479e-13,6.820218978599221e-13,-1.5593309628517427e-13,1
2981,3.0868225005158326e-13,5.052732028296537e-13,-1.965909527780704e-13,1
2982,1.7107925829345288e-12,1.8944452701850915e-12,-1.836526872505627e-13,1
2983,3.9586390711987475e-13,5.406110480735107e-13,-1.44747140953636e-13,1
2984,1.977225762534698e-13,3.251024973244464e-13,-1.2737992107097662e-13,1
2985,2.6743214344359064e-12,2.8435564896850756e-12,-1.6923505524916918e-13,1
2986,4.068018772218655e-13,2.7734779081059624e-13,1.2945408641126927e-13,0
2987,3.170714552255556e-11,3.195091735149527e-11,-2.4377182893971194e-13,1
2988,6.307874945666263e-13,4.4868456971087153e-13,1.821029248557548e-13,0
2989,2.3781050210765747e-13,4.995992594586362e-13,-2.6178875735097874e-13,1
2990,2.6567423543275876e-13,4.774972672081711e-13,-2.118230317754123e-13,1
2991,5.221165833052237e-13,6.735028622020669e-13,-1.5138627889684322e-13,1
2992,5.744743041069644e-12,5.9578262718769e-12,-2.130832308072558e-13,1
2993,1.0852407483695077e-11,1.1004832058723723e-11,-1.5242457502864647e-13,1
2994,3.442671367722928e-13,6.569728374977461e-13,-3.1270570072545323e-13,1
2995,4.395474050505321e-13,5.163746656984978e-13,-7.68272606479657e-14,1
2996,1.377647490898218e-12,1.2135295531584027e-12,1.6411793773981526e-13,0
2997,7.209270296904946e-12,7.275246918372017e-12,-6.597662146707137e-14,1
2998,1.0470373697408081e-12,9.5770508794184e-13,8.933228179896812e-14,0
2999,4.690895520000075e-13,7.51856155903003e-13,-2.8276660390299545e-13,1
3000,2.693258161963235e-13,3.4391430620055946e-13,-7.458849000423596e-14,1
3001,1.6473075708290405e-12,1.8672585100026902e-12,-2.1995093917364974e-13,1
3002,3.343420174939328e-12,3.0934842480027687e-12,2.499359269365592e-13,0
3003,5.052113597141256e-12,4.919047636339684e-12,1.3306596080157207e-13,0
3004,5.067226866685124e-13,7.163107714868128e-13,-2.0958808481830047e-13,1
3005,6.772614287212318e-13,9.051858701457761e-13,-2.279244414245443e-13,1
3006,1.3648261587479897e-12,1.5806715896273188e-12,-2.158454308793291e-13,1
3007,1.8019559957090048e-13,3.420294664798562e-13,-1.618338669089557e-13,1
3008,2.2669388787418696e-12,2.1412704986705767e-12,1.2566838007129295e-13,0
3009,2.6244122378353985e-12,2.846150464094526e-12,-2.2173822625912763e-13,1
3010,4.430198971626552e-12,4.642071000466097e-12,-2.1187202883954536e-13,1
3011,1.3667970802395927e-12,1.3720160786340443e-12,-5.2189983944516e-15,1
3012,9.321171684926516e-13,9.16053806302759e-13,1.606336218989265e-14,0
3013,7.108835871769124e-13,6.485886596057147e-13,6.229492757119768e-14,0
3014,9.57756902405177e-13,8.828843015690703e-13,7.487260083610678e-14,0
3015,8.385593046353608e-13,8.34745962859893e-13,3.813341775467848e-15,0
3016,2.621518798187387e-13,5.665311688206241e-13,-3.0437928900188535e-13,1
3017,1.0694800517653812e-12,1.2211965968469163e-12,-1.5171654508153512e-13,1
3018,1.218024164666248e-12,1.0873493678388903e-12,1.3067479682735768e-13,0
3019,2.536142940686017e-13,4.3326128087749614e-13,-1.7964698680889446e-13,1
3020,3.674696440699478e-13,4.849230456820524e-13,-1.1745340161210465e-13,1
3021,8.560798768950676e-14,3.5491976334946656e-13,-2.693117756599598e-13,1
3022,3.746579453139082e-13,5.25619367407766e-13,-1.5096142209385784e-13,1
3023,3.86248277057719e-13,6.206637992355623e-13,-2.344155221778433e-13,1
3024,7.072592129107582e-13,5.837468734839989e-13,1.235123394267593e-13,0
3025,4.3471054238800924e-13,7.23711891466528e-13,-2.8900134907851873e-13,1
3026,2.5366021138820745e-12,2.8282035191194414e-12,-2.9160140523736684e-13,1
3027,1.910225753204741e-13,4.872221490273354e-13,-2.961995737068613e-13,1
3028,1.5961028572900046e-10,1.5878387826690665e-10,8.264074620938112e-13,0
3029,1.84986803113047e-13,3.9417765183363626e-13,-2.0919084872058926e-13,1
3030,9.183431047565959e-11,8.705965835347816e-11,4.774652122181424e-12,0
3031,8.222405795022319e-12,8.22408062482678e-12,-1.674829804460373e-15,1
3032,4.150542560003767e-12,4.061641406167888e-12,8.890115383587925e-14,0
3033,1.0957492683185397e-12,1.0892066221262082e-12,6.54264619233154e-15,0
3034,7.137779895392798e-13,7.370935508283326e-13,-2.331556128905283e-14,1
3035,6.357826997618744e-13,7.993528814127042e-13,-1.6357018165082988e-13,1
3036,2.890196887217966e-13,6.092882320233533e-13,-3.202685433015567e-13,1
3037,2.285844466190678e-12,2.4669639554003893e-12,-1.811194892097113e-13,1
3038,2.365565845886784e-13,4.923128292140054e-13,-2.5575624462532694e-13,1
3039,1.956900674191352e-12,1.7587618857834485e-12,1.9813878840790353e-13,0
3040,4.3294074753976347e-13,6.60039770135069e-13,-2.2709902259530549e-13,1
3041,1.0258441919948434e-13,3.717165264841784e-13,-2.6913210728469403e-13,1
3042,5.24952946758173e-13,8.223885039508482e-13,-2.9743555719267515e-13,1
3043,4.625393084178272e-13,6.363518168619758e-13,-1.7381250844414855e-13,1
3044,1.0748213232070248e-10,9.373356628111763e-11,1.3748566039584848e-11,0
3045,1.0734992046647606e-12,8.694724136495546e-13,2.0402679101520605e-13,0
3046,3.613990038169613e-13,3.134995986686574e-13,4.789940514830391e-14,0
3047,1.2376132156140868e-13,2.7482623947110945e-13,-1.5106491790970077e-13,1
3048,1.1730032255678904e-11,1.144121625162908e-11,2.8881600404982427e-13,0
3049,3.1579416629777127e-13,4.703081399049593e-13,-1.5451397360718808e-13,1
3050,3.574389987063779e-13,3.150191657897065e-13,4.241983291667138e-14,0
3051,2.873311383463278e-13,2.5050211320816344e-13,3.6829025138164354e-14,0
3052,3.6766176167616474e-13,3.517184796376419e-13,1.594328203852285e-14,0
3053,8.487025951973441e-14,3.144089104502094e-13,-2.2953865093047497e-13,1
3054,5.148677718324001e-13,3.791773139740932e-13,1.356904578583069e-13,0
3055,2.3394841504458023e-12,2.0351602582801108e-12,3.0432389216569153e-13,0
3056,7.931710443101746e-13,8.93870551991823e-13,-1.0069950768164838e-13,1
3057,1.6709921163867738e-12,1.7701324607171126e-12,-9.914034433033881e-14,1
3058,7.954521467400599e-12,7.855103107894718e-12,9.941835950588069e-14,0
3059,1.0302061309624648e-12,1.2085614580595312e-12,-1.7835532709706642e-13,1
3060,5.302138025261104e-12,5.2299201611442264e-12,7.221786411687783e-14,0
3061,4.037345135812713e-13,3.4898103873844446e-13,5.475347484282683e-14,0
3062,5.044182654718515e-13,5.818124592671016e-13,-7.73941937952501e-14,1
3063,5.600968862794832e-13,7.401750147307871e-13,-1.8007812845130388e-13,1
3064,6.613636678763111e-13,6.451759778560226e-13,1.6187690020288497e-14,0
3065,8.908662710959766e-13,1.1287498631146519e-12,-2.378835920186753e-13,1
3066,6.250729875196218e-13,8.279967007739487e-13,-2.0292371325432685e-13,1
3067,1.5402420057755694e-13,4.0261513139784477e-13,-2.4859093082028784e-13,1
3068,3.671006854287528e-13,4.3629264279247737e-13,-6.919195736372458e-14,1
3069,7.027802006474384e-13,8.970798457073747e-13,-1.942996450599362e-13,1
3070,5.391897842180101e-13,7.702292562220746e-13,-2.310394720040645e-13,1
3071,3.328440153217574e-13,5.022832993613e-13,-1.694392840395426e-13,1
3072,1.0988184000787054e-12,9.28370540027569e-13,1.7044786005113636e-13,0
3073,2.2730844958303964e-13,5.215418147534558e-13,-2.9423336517041616e-13,1
3074,6.762332244856501e-13,6.014749185448696e-13,7.475830594078057e-14,0
3075,7.317423541062371e-12,7.51040599376778e-12,-1.9298245270540976e-13,1
3076,3.8804189526982046e-11,3.8665725994136474e-11,1.3846353284557205e-13,0
3077,2.5424908076044794e-13,5.297523418043824e-13,-2.755032610439345e-13,1
3078,4.586356161777768e-12,4.352949245395289e-12,2.334069163824794e-13,0
3079,2.13678364704965e-13,3.7178924954659667e-13,-1.5811088484163167e-13,1
3080,4.579591232707587e-13,4.3822933503706575e-13,1.9729788233692983e-14,0
3081,6.435781137225809e-13,5.70338860686979e-13,7.323925303560196e-14,0
3082,5.978190934350532e-13,4.671473279599394e-13,1.306717654751138e-13,0
3083,1.0632958411698986e-12,9.190070128849989e-13,1.4428882828489972e-13,0
3084,3.35989040745772e-13,4.843346058974049e-13,-1.483455651516329e-13,1
3085,4.982217365760667e-13,7.853570160624394e-13,-2.871352794863727e-13,1
3086,1.047209765306951e-12,9.654230213692424e-13,8.178674393770854e-14,0
3087,5.350536654369037e-13,7.823281715838149e-13,-2.472745061469112e-13,1
3088,8.64189930137612e-13,1.1409893706493618e-12,-2.7679944051174984e-13,1
3089,1.0293530820998865e-12,1.2920746453384681e-12,-2.627215632385816e-13,1
3090,3.5364432451100456e-12,3.62490424495869e-12,-8.846099984864451e-14,1
3091,1.8908739995190121e-13,4.602784636556716e-13,-2.7119106370377043e-13,1
3092,3.933979990296032e-12,4.166663016723914e-12,-2.3268302642788166e-13,1
3093,3.592767371001231e-12,3.83871430669132e-12,-2.4594693569008886e-13,1
3094,5.701370413323191e-13,8.809656693318411e-13,-3.10828627999522e-13,1
3095,1.174544819356916e-12,1.4286012261407282e-12,-2.540564067838122e-13,1
3096,4.383392467365831e-13,5.215389162667705e-13,-8.319966953018737e-14,1
3097,3.619379711030497e-12,3.4359606162199384e-12,1.8341909481055876e-13,0
3098,4.043363496712796e-13,6.13185641737061e-13,-2.0884929206578137e-13,1
3099,1.2763466978648453e-12,1.1021863279328556e-12,1.7416036993198975e-13,0
3100,1.5531144366160198e-12,1.8577749136258163e-12,-3.0466047700979656e-13,1
3101,7.056129878873132e-12,7.662518546427461e-12,-6.063886675543286e-13,1
3102,4.04668627578476e-12,4.0717990441965565e-12,-2.5112768411796487e-14,1
3103,2.2079552035352293e-12,1.956126927812871e-12,2.5182827572235805e-13,0
3104,7.1511567275494164e-12,6.9428581810021796e-12,2.0829854654723685e-13,0
3105,1.10246470162248e-12,1.215032286073299e-12,-1.1256758445081901e-13,1
3106,2.6025191364406256e-12,2.8580896339254704e-12,-2.5557049748484484e-13,1
3107,1.0297314707172148e-13,3.544506495490259e-13,-2.5147750247730443e-13,1
3108,1.8342231101004666e-12,1.938547490008065e-12,-1.0432437990759856e-13,1
3109,1.2898410834534348e-13,2.8563139579117097e-13,-1.566472874458275e-13,1
3110,2.4832737126407608e-12,2.551381437718773e-12,-6.810772507801236e-14,1
3111,1.5230505999469397e-12,1.540179283242669e-12,-1.7128683295729327e-14,1
3112,6.144186950484994e-13,7.992625376713646e-13,-1.8484384262286529e-13,1
3113,3.3791500503315217e-13,3.7234053573437315e-13,-3.442553070122098e-14,1
3114,8.711456493425044e-13,1.0988142304259371e-12,-2.2766858108343273e-13,1
3115,8.436620210917034e-13,9.749057759001023e-13,-1.3124375480839888e-13,1
3116,9.84275244016917e-13,1.0294520360667117e-12,-4.5176792049794655e-14,1
3117,1.5751081304300244e-13,3.7524815986960033e-13,-2.177373468265979e-13,1
3118,3.2211717733495127e-13,3.4813982655386026e-13,-2.6022649218908998e-14,1
3119,1.2654592955431027e-12,1.5493373345875025e-12,-2.838780390443998e-13,1
3120,1.8099664831119276e-11,1.8762160599830275e-11,-6.624957687109988e-13,1
3121,5.429503407005575e-13,5.999664528124082e-13,-5.701611211185072e-14,1
3122,1.3943409724852922e-11,1.3927542540656094e-11,1.5867184196828307e-14,0
3123,9.256084038692112e-13,9.023457684333341e-13,2.326263543587716e-14,0
3124,4.655265640659307e-12,4.3790549122932545e-12,2.7621072836605207e-13,0
3125,2.466961165812763e-13,3.1941661521603066e-13,-7.272049863475436e-14,1
3126,2.070735173130536e-12,1.8611879233078168e-12,2.0954724982271928e-13,0
3127,2.520601812174428e-12,2.4293858858106852e-12,9.12159263637427e-14,0
3128,5.682065911780224e-13,3.854840749629287e-13,1.8272251621509365e-13,0
3129,4.3561280098779385e-13,6.254054293779935e-13,-1.8979262839019963e-13,1
3130,2.2599047193710396e-12,2.4045337428881557e-12,-1.4462902351711619e-13,1
3131,1.574418536938193e-13,4.4310066707134694e-13,-2.8565881337752765e-13,1
3132,1.830006741875156e-12,1.7982346446427257e-12,3.177209723243035e-14,0
3133,1.5607200648258508e-13,4.1569841874060105e-13,-2.5962641225801597e-13,1
3134,1.3825066851047425e-12,1.579645298282879e-12,-1.9713861317813655e-13,1
3135,4.934901242731862e-12,4.682287564479472e-12,2.5261367825238993e-13,0
3136,3.3845074148161067e-12,3.62416725760258e-12,-2.3965984278647345e-13,1
3137,1.5578233221880858e-12,1.3163903769981295e-12,2.4143294518995625e-13,0
3138,7.101345584033209e-13,8.806367365346456e-13,-1.705021781313247e-13,1
3139,2.6050724907482456e-10,1.736703225966819e-10,8.683692647814266e-11,0
3140,6.119821483852155e-11,6.208495098124552e-11,-8.867361427239652e-13,1
3141,3.486792815533608e-13,5.01106126280078e-13,-1.5242684472671722e-13,1
3142,2.0292393093232855e-12,1.964707682420904e-12,6.453162690238137e-14,0
3143,1.9933443737276192e-13,4.613764579980572e-13,-2.6204202062529526e-13,1
3144,1.380876386163836e-13,3.3170048584909216e-13,-1.9361284723270856e-13,1
3145,6.213759563288199e-13,7.71251435719361e-13,-1.4987547939054118e-13,1
3146,4.653825882155137e-13,7.508246370972292e-13,-2.8544204888171544e-13,1
3147,1.4627810093875366e-13,3.29551906079343e-13,-1.8327380514058933e-13,1
3148,1.0506263005297138e-13,3.5286824113207074e-13,-2.4780561107909937e-13,1
3149,4.619566856673797e-13,6.510578922811783e-13,-1.8910120661379858e-13,1
3150,2.2980979652665776e-12,2.27895825701763e-12,1.9139708248947674e-14,0
3151,1.2841953438706028e-12,1.3490235592598496e-12,-6.482821538924678e-14,1
3152,3.3399497465632705e-12,3.258496552543834e-12,8.145319401943656e-14,0
3153,6.126589744399788e-13,8.713727719485981e-13,-2.5871379750861933e-13,1
3154,3.00101015548916e-13,5.426013364318765e-13,-2.425003208829605e-13,1
3155,7.297333456313084e-13,1.0304704105076416e-12,-3.007370648763332e-13,1
3156,1.4547172320977568e-12,1.2221048093096237e-12,2.326124227881331e-13,0
3157,1.6460150072218013e-13,4.542354598885383e-13,-2.8963395916635814e-13,1
3158,3.5499788584045294e-13,6.584035296666958e-13,-3.034056438262428e-13,1
3159,6.713818743652053e-13,5.357709778022184e-13,1.3561089656298688e-13,0
3160,3.8629038253140196e-13,5.337927841263608e-13,-1.4750240159495886e-13,1
3161,7.320113323346748e-13,1.0186926108981333e-12,-2.866812785634585e-13,1
3162,3.376587226474365e-12,3.1211961772717553e-12,2.553910492026096e-13,0
3163,2.6446676080025387e-12,2.381518783863728e-12,2.6314882413881075e-13,0
3164,2.412537070361712e-13,3.3971830604750364e-13,-9.846459901133246e-14,1
3165,9.6560374646271e-11,8.780872128001529e-11,8.75165336625571e-12,0
3166,4.540480577188716e-13,4.504053675300353e-13,3.642690188836267e-15,0
3167,3.3133163917550367e-12,3.4263736606635465e-12,-1.1305726890850986e-13,1
3168,2.7165755806995303e-13,3.375853602397517e-13,-6.59278021697987e-14,1
3169,4.930317680492667e-13,6.461741847061221e-13,-1.5314241665685538e-13,1
3170,4.682871180894333e-13,3.777542302812962e-13,9.053288780813717e-14,0
3171,2.6892613110726273e-12,2.785107844042387e-12,-9.584653296975985e-14,1
3172,5.506787995698669e-13,7.497081939561913e-13,-1.990293943863244e-13,1
3173,4.571658058822586e-13,3.9209470078213863e-13,6.507110510011997e-14,0
3174,4.0515576749436926e-13,6.687096360104592e-13,-2.6355386851609e-13,1
3175,4.731135275918853e-13,3.5099603717487274e-13,1.221174904170126e-13,0
3176,1.156807785169623e-13,3.3068543672723435e-13,-2.1500465821027205e-13,1
3177,3.5023903052982954e-13,6.012430546909756e-13,-2.5100402416114606e-13,1
3178,2.4226642602687323e-13,4.667486327769831e-13,-2.2448220675010987e-13,1
3179,1.4383373350864417e-12,1.6695812663000592e-12,-2.3124393121361756e-13,1
3180,4.701736650293309e-13,3.7083737590062865e-13,9.933628912870225e-14,0
3181,3.9475938812325977e-13,2.9772289531310607e-13,9.70364928101537e-14,0
3182,1.4711477311774158e-13,4.4996437825590243e-13,-3.0284960513816085e-13,1
3183,1.8797285667095485e-13,4.200133334039352e-13,-2.3204047673298035e-13,1
3184,3.845876681938412e-13,6.759744725587616e-13,-2.9138680436492037e-13,1
3185,8.850703714516907e-13,8.653139590131285e-13,1.9756412438562208e-14,0
3186,5.330064372544652e-13,6.724229676657933e-13,-1.3941653041132806e-13,1
3187,9.369703171261081e-13,7.72755799879874e-13,1.6421451724623416e-13,0
3188,3.993970147401122e-12,3.810675418913306e-12,1.8329472848781596e-13,0
3189,6.132417764852011e-13,8.19149219570658e-13,-2.0590744308545693e-13,1
3190,3.7690524738435427e-13,4.0147105291788785e-13,-2.4565805533533572e-14,1
3191,6.353666715757363e-13,8.021821760148273e-13,-1.6681550443909103e-13,1
3192,1.1590286242406905e-13,3.6430993198379493e-13,-2.484070695597259e-13,1
3193,1.8967668272537081e-13,5.16409325116802e-13,-3.2673264239143124e-13,1
3194,2.883179614054333e-13,4.833646405898257e-13,-1.9504667918439235e-13,1
3195,1.8481557942050361e-13,3.9283515485362335e-13,-2.0801957543311974e-13,1
3196,1.1495618414268461e-12,1.2084817136461535e-12,-5.891987221930741e-14,1
3197,7.501298224904312e-13,7.95743515362598e-13,-4.561369287216675e-14,1
3198,4.144816419912556e-13,6.700633747713321e-13,-2.5558173278007653e-13,1
3199,8.499134415582858e-13,1.1334764975578372e-12,-2.835630559995514e-13,1
3200,3.0047646706125416e-12,2.9658930032656163e-12,3.887166734692535e-14,0
3201,3.7410952986052983e-13,5.581079591819305e-13,-1.839984293214007e-13,1
3202,6.39118693997358e-13,9.217777925627101e-13,-2.826590985653522e-13,1
3203,2.3042688342746635e-13,3.2437368595247883e-13,-9.394680252501248e-14,1
3204,5.640128757038743e-13,5.883465809817822e-13,-2.4333705277907863e-14,1
3205,2.2087871297478133e-13,2.4862381498194213e-13,-2.7745102007160806e-14,1
3206,3.957156038685941e-12,4.151131703836495e-12,-1.9397566515055352e-13,1
3207,1.084783792691673e-12,1.2070661967948761e-12,-1.222824041032031e-13,1
3208,9.934262185741017e-13,1.188644513453904e-12,-1.9521829487980237e-13,1
3209,1.0194254962844788e-12,1.0396426109057347e-12,-2.0217114621255848e-14,1
3210,1.5276626488688863e-11,1.5165855855918702e-11,1.1077063277016137e-13,0
3211,7.887927464215443e-13,6.341710640008323e-13,1.5462168242071195e-13,0
3212,4.471931440851826e-13,5.926564922367193e-13,-1.4546334815153672e-13,1
3213,2.943499541147495e-12,2.735466681719089e-12,2.0803285942840607e-13,0
3214,5.697084719812626e-13,8.359594503073867e-13,-2.662509783261241e-13,1
3215,8.122825057616115e-13,1.0080654424449277e-12,-1.9578293668331614e-13,1
3216,9.280468708208867e-13,8.898037206316443e-13,3.824315018924245e-14,0
3217,9.701104130660315e-13,1.2302510159930992e-12,-2.6014060292706774e-13,1
3218,1.3836585056996518e-12,1.4525140722902536e-12,-6.885556659060183e-14,1
3219,6.301602418027685e-13,7.619554694327206e-13,-1.3179522762995207e-13,1
3220,5.156818150330507e-13,7.795030276278146e-13,-2.6382121259476385e-13,1
3221,2.9614729401594433e-13,5.650184097844543e-13,-2.6887111576851e-13,1
3222,2.421857968895422e-13,5.221287515578831e-13,-2.799429546683409e-13,1
3223,2.7742572326231317e-13,4.923651646605914e-13,-2.1493944139827824e-13,1
3224,2.343656251389305e-12,2.2062252149776915e-12,1.3743103641161363e-13,0
3225,1.3661408285717937e-12,1.6026336205258242e-12,-2.3649279195403047e-13,1
3226,3.780107306301093e-12,4.041735110202892e-12,-2.6162780390179914e-13,1
3227,1.2516497055090981e-11,1.2400154522511099e-11,1.163425325798822e-13,0
3228,8.188859662300841e-13,8.610166364590561e-13,-4.2130670228972e-14,1
3229,7.853423467145327e-13,8.854979082016155e-13,-1.0015556148708282e-13,1
3230,1.4641075452257843e-13,3.5136811569353444e-13,-2.04957361170956e-13,1
3231,6.854763643933465e-13,6.862076681069982e-13,-7.313037136516758e-16,1
3232,1.9094331445944156e-11,2.2005600916099972e-11,-2.9112694701558167e-12,1
3233,2.605294758295435e-13,3.650923679160403e-13,-1.0456289208649679e-13,1
3234,1.5051645809837016e-12,1.4566193389871449e-12,4.8545241996556746e-14,0
3235,1.2386917038334232e-13,4.1879407159949e-13,-2.949249012161477e-13,1
3236,1.7896297210717247e-12,1.920287795815515e-12,-1.3065807474379037e-13,1
3237,3.7912453920678213e-13,4.4909435097031713e-13,-6.9969811763535e-14,1
3238,3.155026472611599e-13,5.726704300373079e-13,-2.5716778277614796e-13,1
3239,4.826114000446688e-13,4.609240309571304e-13,2.1687369087538336e-14,0
3240,1.5392630912939085e-12,1.5219168258891766e-12,1.7346265404731948e-14,0
3241,2.460411223948076e-12,2.6700776062694956e-12,-2.096663823214194e-13,1
3242,2.7045704599737914e-13,5.843465014154905e-13,-3.138894554181114e-13,1
3243,4.2446581996526077e-13,6.877754886008234e-13,-2.633096686355626e-13,1
3244,5.995545825923204e-13,8.420869969774626e-13,-2.4253241438514225e-13,1
3245,6.937921684266613e-13,9.622994883039084e-13,-2.6850731987724715e-13,1
3246,1.9188346701080073e-13,4.894764536635094e-13,-2.975929866527087e-13,1
3247,1.3097022133424639e-12,1.3624746146965496e-12,-5.2772401354085735e-14,1
3248,2.816903492471409e-13,5.256243380789303e-13,-2.439339888317894e-13,1
3249,1.0327989732752279e-12,8.608815329208206e-13,1.719174403544073e-13,0
3250,2.4202186872515603e-12,2.378453541977402e-12,4.1765145274158187e-14,0
3251,4.175293794058325e-13,6.219271647710203e-13,-2.0439778536518775e-13,1
3252,3.7772394632259657e-13,6.552776643865105e-13,-2.775537180639139e-13,1
3253,4.77073688065785e-13,6.391909829679611e-13,-1.6211729490217613e-13,1
3254,6.923868648340905e-14,3.3611157122197036e-13,-2.6687288473856133e-13,1
3255,2.453925089075729e-13,3.940999114064334e-13,-1.4870740249886052e-13,1
3256,2.1293264249621126e-12,1.978292484535111e-12,1.5103394042700148e-13,0
3257,2.823437828103507e-13,3.982024576255242e-13,-1.1585867481517346e-13,1
3258,8.511392623804177e-13,1.0718772844612998e-12,-2.2073802208088214e-13,1
3259,2.0080278673772207e-12,2.1999145163886236e-12,-1.9188664901140283e-13,1
3260,3.928624169494399e-13,3.7610503761029014e-13,1.675737933914975e-14,0
3261,2.901527634895638e-12,2.9301239159190197e-12,-2.859628102338177e-14,1
3262,1.465014161436783e-11,1.4461724205455745e-11,1.8841740891208495e-13,0
3263,1.8615755063692176e-13,4.4523188290706414e-13,-2.590743322701424e-13,1
3264,2.465326871960375e-13,4.905029403849983e-13,-2.4397025318896086e-13,1
3265,4.2819563977186916e-13,6.071113091130562e-13,-1.7891566934118709e-13,1
3266,3.1791523829966676e-13,5.98312562045021e-13,-2.803973237453543e-13,1
3267,1.0965206651976261e-11,1.074291917031339e-11,2.22287481662872e-13,0
3268,1.9959382994073177e-12,2.6494973889325174e-12,-6.535590895251996e-13,1
3269,7.88401338208845e-11,6.67323519113138e-11,1.21077819095707e-11,0
3270,2.2031369784810328e-13,4.5169865086432555e-13,-2.3138495301622227e-13,1
3271,3.7171928439235905e-12,3.540138703103304e-12,1.7705414082028632e-13,0
3272,2.356055315914175e-13,3.903902482446617e-13,-1.5478471665324419e-13,1
3273,1.6990829952499381e-12,1.4392878417998898e-12,2.5979515345004835e-13,0
3274,2.0109021864344817e-13,4.452045352509835e-13,-2.4411431660753534e-13,1
3275,1.1665622874343942e-12,1.0142128575109345e-12,1.523494299234597e-13,0
3276,1.5098988681229571e-12,1.7844835537264215e-12,-2.745846856034644e-13,1
3277,6.325657353934575e-13,4.688738109761803e-13,1.636919244172772e-13,0
3278,1.7232617382125233e-13,4.681620409073679e-13,-2.958358670861156e-13,1
3279,3.220782051921927e-13,5.126889974140859e-13,-1.906107922218932e-13,1
3280,5.181224959834676e-13,6.0861758815311e-13,-9.049509216964242e-14,1
3281,9.225103223380395e-13,9.692945615801358e-13,-4.678423924209624e-14,1
3282,2.601544198402543e-13,4.622252276592689e-13,-2.0207080781901453e-13,1
3283,6.794586486165711e-13,6.046487306019027e-13,7.480991801466836e-14,0
3284,1.7921461269921935e-13,3.646884408536193e-13,-1.8547382815439995e-13,1
3285,1.154120796948473e-12,9.157951843018605e-13,2.3832561264661246e-13,0
3286,2.1943330863008742e-12,2.4375823913632905e-12,-2.4324930506241623e-13,1
3287,1.9697042103829846e-13,3.286450765237672e-13,-1.3167465548546875e-13,1
3288,2.424934632215269e-12,2.6138387976364564e-12,-1.8890416542118724e-13,1
3289,1.0299322932053432e-11,1.0199172087556731e-11,1.0015084449670096e-13,0
3290,2.271538732664223e-12,2.3062555482115186e-12,-3.471681554729567e-14,1
3291,7.356936598144182e-13,8.207178857081446e-13,-8.502422589372644e-14,1
3292,1.6767840673629803e-13,4.850480560465742e-13,-3.1736964931027616e-13,1
3293,2.1399622895783713e-13,4.3292865961587514e-13,-2.1893243065803802e-13,1
3294,6.400941769439591e-13,6.564807751053762e-13,-1.638659816141706e-14,1
3295,1.4136875931411332e-13,3.093714530190518e-13,-1.680026937049385e-13,1
3296,2.6597795570203065e-11,2.6204273282988345e-11,3.9352228721472067e-13,0
3297,4.596195733480198e-13,5.139350570812646e-13,-5.43154837332448e-14,1
3298,1.4338519709576242e-13,3.95661009599819e-13,-2.5227581250405655e-13,1
3299,4.37556408198844e-12,4.193362714808217e-12,1.822013671802228e-13,0
3300,6.760899822141984e-13,9.27346267993793e-13,-2.5125628577959464e-13,1
3301,2.8767113662754955e-13,5.219932860506093e-13,-2.3432214942305973e-13,1
3302,5.133217389934238e-13,7.437621440758143e-13,-2.3044040508239055e-13,1
3303,5.094312775910445e-12,5.22834758027497e-12,-1.3403480436452473e-13,1
3304,3.8720523862125867e-13,3.8204871385978323e-13,5.156524761475436e-15,0
3305,1.5557063848040067e-12,1.513394011492139e-12,4.231237331186776e-14,0
3306,4.975208388039595e-11,5.173284023385929e-11,-1.980756353463342e-12,1
3307,5.727117999548642e-13,6.129098486482308e-13,-4.01980486933667e-14,1
3308,1.661082665057843e-12,1.4199258163142718e-12,2.4115684874357117e-13,0
3309,5.136061084887136e-13,5.684213564443908e-13,-5.4815247955677185e-14,1
3310,6.1820691551287836e-12,6.21905789822018e-12,-3.698874309139632e-14,1
3311,1.1056832773221148e-11,1.2986477543996712e-11,-1.9296447707755637e-12,1
3312,1.5424111263718603e-13,4.403096209065841e-13,-2.8606850826939805e-13,1
3313,6.600697122682491e-13,7.914380125288964e-13,-1.3136830026064722e-13,1
3314,5.869032911327294e-13,4.799363925755927e-13,1.0696689855713673e-13,0
3315,5.642015553587846e-13,7.002423320370964e-13,-1.3604077667831174e-13,1
3316,1.9245030811526583e-13,4.626695130974928e-13,-2.7021920498222695e-13,1
3317,1.7201700842543935e-12,1.934192601450356e-12,-2.1402251719596247e-13,1
3318,3.930302165430308e-13,4.4027266694399343e-13,-4.7242450400962634e-14,1
3319,3.932920423770008e-13,7.050417514658879e-13,-3.1174970908888714e-13,1
3320,2.7204877605034774e-12,2.931914151105228e-12,-2.1142639060175077e-13,1
3321,4.3167088602331355e-13,6.378762598818949e-13,-2.0620537385858132e-13,1
3322,7.289499848179637e-13,7.508468559817282e-13,-2.189687116376447e-14,1
3323,2.9495181319298314e-13,5.08602331776096e-13,-2.1365051858311283e-13,1
3324,7.917246392428893e-13,1.0970868212502486e-12,-3.0536218200735935e-13,1
3325,6.577448445736321e-13,4.574199260487373e-13,2.003249185248948e-13,0
3326,5.326456587193664e-13,6.061728565989016e-13,-7.352719787953511e-14,1
3327,2.006004970988941e-13,2.8392334153488694e-13,-8.332284443599283e-14,1
3328,3.189047251492133e-12,3.3487427957636992e-12,-1.5969554427156632e-13,1
3329,3.2809333294622813e-13,5.262025446692056e-13,-1.981092117229775e-13,1
3330,4.475128639866636e-13,3.994254308803743e-13,4.80874331062893e-14,0
3331,3.0747177034866947e-12,2.8684553701263438e-12,2.062623333603509e-13,0
3332,7.159517871847979e-13,8.805907365535133e-13,-1.6463894936871548e-13,1
3333,9.063183811597733e-12,9.068396331482516e-12,-5.212519884782925e-15,1
3334,1.1348082645609417e-13,3.9706251560365927e-13,-2.835816891475651e-13,1
3335,3.4493113464712987e-13,5.983306568443388e-13,-2.533995221972089e-13,1
3336,5.779309386092729e-13,5.17342702660306e-13,6.058823594896692e-14,0
3337,8.70790363592303e-13,9.003419674701486e-13,-2.955160387784566e-14,1
3338,1.4148880545719407e-12,1.569422318791106e-12,-1.5453426421916524e-13,1
3339,9.379194375625186e-13,1.1678353834127344e-12,-2.299159458502158e-13,1
3340,2.8066606465409757e-13,4.3082394813126817e-13,-1.501578834771706e-13,1
3341,1.10324013471745e-12,9.622488343687102e-13,1.4099130034873976e-13,0
3342,7.604197490321316e-13,1.0150540975753775e-12,-2.5463434854324587e-13,1
3343,1.545381156638592e-12,1.5330883092621313e-12,1.2292847376460746e-14,0
3344,3.484792916888596e-12,3.6344401182272484e-12,-1.4964720133865235e-13,1
3345,2.755703797301264e-12,2.581623789378291e-12,1.74080007922973e-13,0
3346,3.8526187362311833e-13,6.068975804494969e-13,-2.2163570682637853e-13,1
3347,1.5365401695699425e-12,1.7767971735216625e-12,-2.4025700395172e-13,1
3348,1.4672090545171988e-12,1.5025887768382074e-12,-3.5379722321008615e-14,1
3349,7.70589968450697e-13,1.0413825549789282e-12,-2.707925865282312e-13,1
3350,1.2341882008743896e-13,4.179085197735421e-13,-2.9448969968610315e-13,1
3351,8.358909239649789e-13,1.028729482022655e-12,-1.928385580576762e-13,1
3352,1.5094098423153146e-12,1.639890536431769e-12,-1.304806941164544e-13,1
3353,4.263867354196697e-13,7.186295205466917e-13,-2.92242785127022e-13,1
3354,1.466859669289161e-13,4.530662690456537e-13,-3.063803021167376e-13,1
3355,5.303207029107662e-13,7.364395441072254e-13,-2.061188411964592e-13,1
3356,1.5854753976117973e-12,1.7515431858981422e-12,-1.6606778828634488e-13,1
3357,5.669480609871684e-13,7.346835309449803e-13,-1.677354699578119e-13,1
3358,4.638204503509512e-13,4.761124372126727e-13,-1.2291986861721587e-14,1
3359,5.016560648569155e-13,6.808377702370475e-13,-1.7918170538013197e-13,1
3360,2.1654752791750607e-12,2.2415596448611213e-12,-7.608436568606052e-14,1
3361,1.1428529495682083e-12,1.4208662685007016e-12,-2.7801331893249333e-13,1
3362,5.275963369074709e-13,6.961009292993178e-13,-1.6850459239184695e-13,1
3363,7.390173897272601e-13,1.0014028077398627e-12,-2.6238541801260265e-13,1
3364,7.026489987062424e-13,7.294391282872359e-13,-2.6790129580993483e-14,1
3365,6.166934345193129e-13,6.911727388348732e-13,-7.447930431556029e-14,1
3366,4.4784452240000713e-13,7.075953392571095e-13,-2.597508168571024e-13,1
3367,3.1465398548571686e-12,3.0705638124757617e-12,7.597604238140684e-14,0
3368,2.8664615298857376e-13,5.654998955317172e-13,-2.788537425431434e-13,1
3369,1.0257628336519468e-13,3.194567257766964e-13,-2.1688044241150172e-13,1
3370,6.715426632542416e-13,9.556698825265792e-13,-2.8412721927233763e-13,1
3371,2.0086863058276213e-13,3.6558681922610504e-13,-1.647181886433429e-13,1
3372,5.027816283159721e-13,3.548621404123443e-13,1.4791948790362784e-13,0
3373,3.9200394846529066e-12,4.105143983161245e-12,-1.8510449850833836e-13,1
3374,2.938742549583339e-12,3.1264547004504154e-12,-1.8771215086707617e-13,1
3375,2.522458383285592e-13,5.640859474132935e-13,-3.118401090847343e-13,1
3376,3.5518939626547223e-12,3.821110586847641e-12,-2.692166241929185e-13,1
3377,5.992797590419916e-13,8.082884741625139e-13,-2.0900871512052232e-13,1
3378,9.565091887639878e-13,8.736272511613756e-13,8.288193760261215e-14,0
3379,1.0010943553491064e-12,1.2257871316565838e-12,-2.246927763074774e-13,1
3380,3.529512652232171e-13,5.23928128199596e-13,-1.709768629763789e-13,1
3381,1.5122969567748711e-13,2.808705950290946e-13,-1.2964089935160748e-13,1
3382,5.430042482323893e-12,5.196670331680433e-12,2.3337215064346036e-13,0
3383,4.626617860570567e-13,6.933516880372194e-13,-2.306899019801627e-13,1
3384,2.5463389580558805e-12,2.3079220240709103e-12,2.3841693398497026e-13,0
3385,1.0385877079693246e-12,1.0877337234507046e-12,-4.914601548138003e-14,1
3386,3.639939871978362e-12,3.5545908333087746e-12,8.534903866958783e-14,0
3387,2.734226115484803e-12,2.922500892638865e-12,-1.8827477715406222e-13,1
3388,3.158213322348259e-12,3.4350943218452326e-12,-2.768809994969737e-13,1
3389,3.218613083728861e-13,2.952257956944707e-13,2.6635512678415406e-14,0
3390,2.736855485198245e-13,5.470139238259425e-13,-2.73328375306118e-13,1
3391,4.376060114700992e-13,5.23919251651933e-13,-8.631324018183381e-14,1
3392,7.346591886967207e-13,6.282642124760628e-13,1.0639497622065793e-13,0
3393,2.8043939167561005e-12,2.751440676657072e-12,5.295324009902849e-14,0
3394,2.988916026724521e-13,3.3341964853165284e-13,-3.452804585920074e-14,1
3395,2.3065497854697326e-13,4.14710666675641e-13,-1.8405568812866773e-13,1
3396,3.775969427254603e-13,3.377937645709797e-13,3.9803178154480587e-14,0
3397,1.6488732091854233e-12,1.7289510298751428e-12,-8.00778206897195e-14,1
3398,3.53399834332265e-13,3.6514530508532604e-13,-1.1745470753061055e-14,1
3399,5.608539516256046e-13,4.458771849176705e-13,1.149767667079341e-13,0
3400,5.017965071150552e-13,3.6527330160528313e-13,1.3652320550977204e-13,0
3401,4.936615659620168e-13,7.223591553399264e-13,-2.2869758937790966e-13,1
3402,2.5224593519351535e-13,4.788805351020963e-13,-2.2663459990858094e-13,1
3403,1.2788034707275753e-12,1.2751420603341731e-12,3.661410393402225e-15,0
3404,2.9169049486130026e-13,2.972158996070556e-13,-5.525404745755346e-15,1
3405,5.541532598835114e-13,6.061668493402784e-13,-5.2013589456766975e-14,1
3406,2.1043000784792137e-13,2.3562115353002847e-13,-2.5191145682107104e-14,1
3407,8.532272369157752e-12,8.33207274919327e-12,2.0019961996448115e-13,0
3408,1.890418948550356e-12,1.8856920576337528e-12,4.726890916603222e-15,0
3409,1.1346109321313243e-12,9.173410674333508e-13,2.1726986469797344e-13,0
3410,2.6539796479839716e-13,2.632980424479363e-13,2.0999223504608478e-15,0
3411,2.816059670303565e-13,4.325482650186066e-13,-1.5094229798825013e-13,1
3412,3.902017135721428e-13,5.820601324549769e-13,-1.9185841888283408e-13,1
3413,8.326171841202187e-13,7.099398257728128e-13,1.2267735834740593e-13,0
3414,4.070454861446967e-13,5.509102491028339e-13,-1.4386476295813722e-13,1
3415,5.55937800910813e-13,6.691515667428365e-13,-1.1321376583202349e-13,1
3416,5.129692667009607e-13,7.664715874530809e-13,-2.535023207521202e-13,1
3417,4.1356517368405704e-13,4.3156366578440183e-13,-1.799849210034479e-14,1
3418,4.3454281119613863e-13,5.258364037158046e-13,-9.129359251966599e-14,1
3419,4.2016652334783475e-12,4.323943495323026e-12,-1.2227826184467824e-13,1
3420,1.8801790890708466e-13,3.409155988974631e-13,-1.5289768999037846e-13,1
3421,5.052142997509587e-13,4.675647556681719e-13,3.76495440827868e-14,0
3422,1.1718604016633995e-12,1.1853806366823983e-12,-1.3520235018998842e-14,1
3423,1.4731609214367677e-12,1.7116138989590795e-12,-2.3845297752231174e-13,1
3424,5.559653707860603e-13,7.271987903138918e-13,-1.7123341952783152e-13,1
3425,6.411811553190783e-13,5.080212569391012e-13,1.3315989837997702e-13,0
3426,2.4935414409862528e-12,2.727900244011858e-12,-2.343588030256053e-13,1
3427,1.3912606941441716e-13,3.0592626591029644e-13,-1.6680019649587927e-13,1
3428,3.614789084442005e-13,3.735525103591305e-13,-1.207360191493001e-14,1
3429,2.1858037980740951e-13,3.580681535354412e-13,-1.3948777372803166e-13,1
3430,2.489245065139998e-13,5.031087198379928e-13,-2.5418421332399295e-13,1
3431,4.4418886422200384e-13,3.9084642455880603e-13,5.334243966319781e-14,0
3432,1.3620595414276104e-12,1.6478347968068734e-12,-2.8577525537926307e-13,1
3433,2.821818361954301e-10,2.676457826347715e-10,1.4536053560658623e-11,0
3434,9.80202226555354e-13,9.144978153443847e-13,6.570441121096941e-14,0
3435,7.470555002024759e-13,8.900831912888778e-13,-1.4302769108640192e-13,1
3436,1.1551002455189423e-13,3.4446789829968814e-13,-2.289578737477939e-13,1
3437,7.166208343244352e-13,7.483813307689686e-13,-3.1760496444533414e-14,1
3438,3.574126334665464e-13,5.779521500103614e-13,-2.2053951654381496e-13,1
3439,9.032125054485171e-13,1.103675294240395e-12,-2.0046278879187793e-13,1
3440,4.598517287681978e-13,7.32587581090528e-13,-2.727358523223302e-13,1
3441,4.801381638059239e-13,7.611696610162474e-13,-2.810314972103235e-13,1
3442,1.2520179643245116e-12,1.3102879454329324e-12,-5.826998110842075e-14,1
3443,1.5210950576595786e-13,4.46016521461947e-13,-2.939070156959891e-13,1
3444,6.92710921164636e-13,9.869282538879083e-13,-2.942173327232723e-13,1
3445,1.813066519070134e-11,1.9982110145514645e-11,-1.8514449548133067e-12,1
3446,1.2509167342866254e-13,3.508853066624743e-13,-2.2579363323381174e-13,1
3447,9.092008986032927e-12,8.847563680742946e-12,2.444453052899811e-13,0
3448,6.115985319854533e-13,5.18128205657278e-13,9.347032632817528e-14,0
3449,9.3880890308049e-13,9.603331859998577e-13,-2.1524282919367748e-14,1
3450,2.1736843711114556e-12,2.4694192758485776e-12,-2.95734904737122e-13,1
3451,1.4937157193120827e-12,1.4466965011775565e-12,4.701921813452622e-14,0
3452,6.478815718218243e-13,6.565445562729234e-13,-8.662984451099093e-15,1
3453,6.870437311778962e-13,6.013109788471273e-13,8.573275233076894e-14,0
3454,5.543631387889915e-13,5.639409307478263e-13,-9.577791958834779e-15,1
3455,4.610303333193052e-12,4.67323978477358e-12,-6.293645158052859e-14,1
3456,3.256135326565397e-13,6.434110197348234e-13,-3.1779748707828373e-13,1
3457,1.2753648172568258e-12,1.0278458593671069e-12,2.475189578897189e-13,0
3458,1.333332551289506e-13,4.178957972182374e-13,-2.845625420892868e-13,1
3459,6.028183172143172e-12,5.757311266210209e-12,2.7087190593296296e-13,0
3460,2.8326081025205576e-12,2.9490604187229627e-12,-1.1645231620240518e-13,1
3461,6.473332860959561e-13,8.368981690822226e-13,-1.8956488298626649e-13,1
3462,1.5737711176291542e-12,1.6165727604615408e-12,-4.2801642832386614e-14,1
3463,1.7614989648103348e-13,3.5523391847099096e-13,-1.7908402198995749e-13,1
3464,9.225411166340361e-13,1.033983404855701e-12,-1.1144228822166489e-13,1
3465,3.1533696232151676e-13,5.411542074691675e-13,-2.258172451476507e-13,1
3466,3.062716963713733e-12,2.9905133831987508e-12,7.220358051498205e-14,0
3467,2.33233012534439e-12,2.484625379761101e-12,-1.5229525441671124e-13,1
3468,7.447571528772096e-13,7.408016409897965e-13,3.955511887413131e-15,0
3469,4.09325661078283e-13,6.856443536439188e-13,-2.7631869256563577e-13,1
3470,7.261483995334359e-13,9.360832984460326e-13,-2.0993489891259676e-13,1
3471,6.87235805682913e-14,3.4991628193342467e-13,-2.8119270136513334e-13,1
3472,1.836982014650732e-13,4.926599690505232e-13,-3.0896176758545e-13,1
3473,8.837297574902007e-13,9.718222548156847e-13,-8.809249732548396e-14,1
3474,3.381954235127431e-13,5.984216948815472e-13,-2.602262713688041e-13,1
3475,4.255874282634336e-12,4.070220416664368e-12,1.8565386596996807e-13,0
3476,2.126202651491666e-12,2.05754707683346e-12,6.865557465820568e-14,0
3477,3.826613217001608e-13,3.768264435682765e-13,5.834878131884345e-15,0
3478,1.25557366874437e-12,1.2068593274669302e-12,4.87143412774398e-14,0
3479,1.2383877649241853e-12,1.4515912899847062e-12,-2.1320352506052086e-13,1
3480,1.257430677100325e-12,1.2163066935433145e-12,4.112398355701057e-14,0
3481,1.4989846464332273e-13,4.2209208821482523e-13,-2.721936235715025e-13,1
3482,9.166082396317243e-13,1.164189013365223e-12,-2.475807737334987e-13,1
3483,5.32022968392664e-13,6.683709695221617e-13,-1.3634800112949763e-13,1
3484,2.020568424356923e-12,2.236081158882429e-12,-2.155127345255063e-13,1
3485,3.9315223433733513e-13,4.588020741636159e-13,-6.564983982628077e-14,1
3486,5.614181025320477e-13,7.102982961500068e-13,-1.4888019361795915e-13,1
3487,6.584400577530708e-12,6.404076270232469e-12,1.8032430729823902e-13,0
3488,4.372492588932341e-13,5.021797268084785e-13,-6.493046791524438e-14,1
3489,8.778424928587831e-13,9.990494263325196e-13,-1.2120693347373653e-13,1
3490,4.626172976092811e-13,6.507616909490136e-13,-1.881443933397325e-13,1
3491,1.5582980805904063e-12,1.3470139165876566e-12,2.1128416400274975e-13,0
3492,1.7113749168953494e-12,1.5241373962428719e-12,1.8723752065247754e-13,0
3493,9.79713641497654e-13,9.94504858476554e-13,-1.479121697889996e-14,1
3494,2.0771191140497183e-12,1.825892233428199e-12,2.512268806215192e-13,0
3495,1.009744244954212e-12,1.1050342111680847e-12,-9.52899662138728e-14,1
3496,2.3314496718598407e-13,4.914028416930192e-13,-2.582578745070352e-13,1
3497,1.840016775321777e-13,4.641389106747988e-13,-2.8013723314262107e-13,1
3498,1.5939580663400167e-12,1.46418143689222e-12,1.2977662944779675e-13,0
3499,1.1401254434466334e-12,1.2381168125669057e-12,-9.799136912027223e-14,1
3500,4.1706662952715367e-13,5.20453694129721e-13,-1.0338706460256735e-13,1
3501,6.206631385936081e-13,8.901124953342979e-13,-2.694493567406898e-13,1
3502,1.775804683325561e-13,4.3649910969621517e-13,-2.5891864136365905e-13,1
3503,2.4998042827446323e-11,2.4185872146784238e-11,8.121706806620854e-13,0
3504,2.6449873120086117e-13,3.7314031341164744e-13,-1.0864158221078627e-13,1
3505,5.870457647706118e-13,8.458023410358884e-13,-2.587565762652766e-13,1
3506,7.95770237552551e-13,9.542224150375429e-13,-1.5845217748499186e-13,1
3507,4.25334320811778e-12,4.411886549277019e-12,-1.5854334115923918e-13,1
3508,4.837480797931007e-13,6.709486803833951e-13,-1.8720060059029433e-13,1
3509,2.197675141068493e-12,2.4440689059177554e-12,-2.463937648492623e-13,1
3510,6.531571017874033e-13,4.716471820993117e-13,1.8150991968809153e-13,0
3511,2.2635500270390044e-13,4.576124260255329e-13,-2.3125742332163246e-13,1
3512,9.981590867527158e-13,9.854023727113986e-13,1.2756714041317138e-14,0
3513,1.7868424896130824e-13,5.167318737596588e-13,-3.380476247983505e-13,1
3514,1.242036741255655e-13,4.1550033247458207e-13,-2.9129665834901656e-13,1
3515,1.7769105210532612e-13,3.5959567090773655e-13,-1.8190461880241043e-13,1
3516,2.841520525797366e-13,4.274862167228509e-13,-1.433341641431143e-13,1
3517,1.3825829280830115e-11,1.400323029951347e-11,-1.7740101868335422e-13,1
3518,3.458153911324438e-12,3.4517150326085374e-12,6.438878715900368e-15,0
3519,4.759962324514995e-13,5.007954630167485e-13,-2.479923056524906e-14,1
3520,1.6730840418698056e-12,1.9413697909624e-12,-2.682857490925944e-13,1
3521,9.68888322647766e-13,1.074536316086136e-12,-1.0564799343836991e-13,1
3522,1.9272815371826735e-13,4.194659691922265e-13,-2.2673781547395917e-13,1
3523,1.4319549505545305e-12,1.270946318983911e-12,1.6100863157061948e-13,0
3524,2.2053863618931534e-13,5.049921052957739e-13,-2.8445346910645855e-13,1
3525,2.8068963994816066e-13,2.975406043468037e-13,-1.6850964398643022e-14,1
3526,1.261242495551437e-13,4.2784489618259775e-13,-3.0172064662745406e-13,1
3527,3.640594639633229e-13,4.788117880883447e-13,-1.147523241250218e-13,1
3528,6.094163240536739e-13,6.55337920335176e-13,-4.5921596281502033e-14,1
3529,2.1162841553274615e-12,2.265303165630307e-12,-1.4901901030284546e-13,1
3530,9.381997733648624e-12,1.0812820398592485e-11,-1.4308226649438612e-12,1
3531,3.488704338741364e-13,6.674571204453303e-13,-3.185866865711939e-13,1
3532,4.917264531098648e-13,7.18563905602924e-13,-2.2683745249305917e-13,1
3533,5.142045435848429e-13,5.672699475093333e-13,-5.3065403924490325e-14,1
3534,1.1516864267296935e-12,1.3563006790499118e-12,-2.046142523202183e-13,1
3535,7.446181441115321e-12,7.253748222157656e-12,1.92433218957665e-13,0
3536,1.9577579515586764e-12,2.192005141669021e-12,-2.3424719011034465e-13,1
3537,1.602614341742618e-13,3.736136821453778e-13,-2.13352247971116e-13,1
3538,4.709930176578541e-13,5.61518689290789e-13,-9.052567163293491e-14,1
3539,1.2563049315983895e-12,1.5389424578457904e-12,-2.8263752624740097e-13,1
3540,1.433378255497923e-12,1.195660451074104e-12,2.3771780442381913e-13,0
3541,3.531776085024727e-13,4.238858403995833e-13,-7.07082318971106e-14,1
3542,6.57226241386778e-13,7.468291047470162e-13,-8.960286336023823e-14,1
3543,4.182665870264789e-13,4.1926125131612234e-13,-9.946642896434683e-16,1
3544,5.068319802747482e-13,3.6982004028674014e-13,1.3701193998800807e-13,0
3545,5.228672016149049e-12,5.2461294393493045e-12,-1.745742320025566e-14,1
3546,3.6768197724719444e-13,2.638605720319185e-13,1.0382140521527592e-13,0
3547,9.176005536169487e-12,9.069299434355973e-12,1.0670610181351456e-13,0
3548,3.5475333313498763e-13,4.93204926833689e-13,-1.3845159369870141e-13,1
3549,6.859979450752968e-13,9.514867826019019e-13,-2.6548883752660513e-13,1
3550,2.580302113720726e-13,3.320491885217119e-13,-7.401897714963934e-14,1
3551,9.222570572214865e-14,4.020701146284706e-13,-3.0984440890632195e-13,1
3552,6.156880600177929e-13,6.556055256490512e-13,-3.9917465631258327e-14,1
3553,1.4361640627529556e-12,1.5486626153152669e-12,-1.1249855256231124e-13,1
3554,1.5934304690530626e-12,1.5363948006284475e-12,5.703566842461515e-14,0
3555,8.942838337195677e-13,7.268910335016585e-13,1.6739280021790924e-13,0
3556,1.6919467694009786e-13,4.1717309792918883e-13,-2.47978420989091e-13,1
3557,1.3635035603169024e-11,1.364872322811654e-11,-1.3687624947516397e-14,1
3558,2.9862103192294954e-12,2.794543582968973e-12,1.9166673626052222e-13,0
3559,1.6905793677247915e-12,1.637501117811367e-12,5.3078249913424534e-14,0
3560,4.764906213689383e-13,5.423872402099962e-13,-6.589661884105784e-14,1
3561,1.3944408622332112e-10,1.1755513595407386e-10,2.1888950269247253e-11,0
3562,3.3101707850708587e-13,2.5017825456652883e-13,8.083882394055704e-14,0
3563,9.652167991956317e-13,7.988358160290781e-13,1.6638098316655355e-13,0
3564,1.2168598152732046e-12,1.4788020951626649e-12,-2.6194227988946025e-13,1
3565,5.004726628820564e-13,5.863299448162098e-13,-8.585728193415344e-14,1
3566,1.5771396690355052e-12,1.4848618859730259e-12,9.227778306247936e-14,0
3567,1.1020696111329281e-13,3.081909163424533e-13,-1.9798395522916052e-13,1
3568,2.689846919209815e-13,5.572115436122751e-13,-2.882268516912936e-13,1
3569,2.1491423742339107e-13,5.411072412345065e-13,-3.261930038111155e-13,1
3570,5.064061882943926e-13,4.2157279301320673e-13,8.483339528118583e-14,0
3571,1.1919355141967172e-13,3.556739113412701e-13,-2.364803599215984e-13,1
3572,1.6746891694969568e-11,1.6533211898287784e-11,2.136797966817842e-13,0
3573,2.6336368009480396e-13,3.795223547373496e-13,-1.1615867464254562e-13,1
3574,2.384652434487141e-13,4.930807683552204e-13,-2.546155249065063e-13,1
3575,1.3649933160125002e-12,1.6010178494119763e-12,-2.360245333994761e-13,1
3576,2.3365273883322414e-13,4.4182422882539307e-13,-2.0817148999216893e-13,1
3577,1.4172852955035256e-12,1.6942633069994056e-12,-2.7697801149588004e-13,1
3578,8.822814789605211e-14,3.8279992952247606e-13,-2.9457178162642397e-13,1
3579,5.661453593062224e-12,5.543679796962949e-12,1.1777379609927511e-13,0
3580,1.0338300964541753e-12,1.2468651908150396e-12,-2.1303509436086426e-13,1
3581,2.045604319923557e-12,1.9330311882233102e-12,1.1257313170024695e-13,0
3582,4.886317781524755e-13,6.040743523549593e-13,-1.1544257420248382e-13,1
3583,2.1705722557133613e-12,2.4377263293975747e-12,-2.671540736842134e-13,1
3584,3.5160880731704337e-13,3.793071028648484e-13,-2.7698295547805014e-14,1
3585,9.445896391536345e-13,9.608227199897116e-13,-1.623308083607707e-14,1
3586,2.114576665835736e-12,2.069961315965669e-12,4.461534987006722e-14,0
3587,2.103061949926127e-12,2.290629990519946e-12,-1.8756804059381892e-13,1
3588,3.348950006427748e-13,5.3681811543208e-13,-2.0192311478930519e-13,1
3589,2.7939904975968886e-12,2.6029728995713333e-12,1.9101759802555538e-13,0
3590,1.0418618558326175e-12,9.074102278649494e-13,1.344516279676681e-13,0
3591,5.979907313099308e-12,6.206809615941763e-12,-2.26902302842455e-13,1
3592,7.472964599882298e-13,6.052336775291641e-13,1.4206278245906562e-13,0
3593,1.5326097503763837e-12,1.6976944735136513e-12,-1.6508472313726766e-13,1
3594,3.06734231716781e-12,2.8633021936713694e-12,2.0404012349644058e-13,0
3595,3.5344840520921833e-13,5.266102159106292e-13,-1.7316181070141085e-13,1
3596,2.0810283368504286e-11,2.05600024774522e-11,2.5028089105208655e-13,0
3597,7.559187014160536e-13,7.666815165966275e-13,-1.0762815180573948e-14,1
3598,7.349864137935966e-13,9.799194336925242e-13,-2.449330198989276e-13,1
3599,1.4587121748856734e-12,1.3036623504869736e-12,1.550498243986998e-13,0
3600,1.8117458088495286e-12,2.055812387511964e-12,-2.440665786624353e-13,1
3601,5.101081982662712e-13,5.483498339896463e-13,-3.824163572337506e-14,1
3602,4.279086455987797e-13,2.547486418394351e-13,1.7316000375934458e-13,0
3603,1.915440971788864e-13,2.465586758012612e-13,-5.501457862237481e-14,1
3604,3.980056738252596e-13,3.04408307195716e-13,9.359736662954362e-14,0
3605,3.06868558331483e-13,6.273821505814377e-13,-3.2051359224995473e-13,1
3606,1.3083822573775051e-12,1.2706345349312431e-12,3.774772244626203e-14,0
3607,6.377829731660071e-13,8.033941785775632e-13,-1.6561120541155605e-13,1
3608,1.383938440399036e-12,1.16012277798346e-12,2.2381566241557595e-13,0
3609,1.3866136598091823e-12,1.523438070480218e-12,-1.3682441067103575e-13,1
3610,3.596906430966243e-13,5.098119153719883e-13,-1.5012127227536395e-13,1
3611,4.2914118899815314e-13,4.163891379542995e-13,1.275205104385366e-14,0
3612,2.623662440226412e-12,2.4524057740598507e-12,1.7125666616656118e-13,0
3613,1.5784872687557522e-13,4.588212222935953e-13,-3.0097249541802e-13,1
3614,9.429871106556859e-13,8.224717293982034e-13,1.2051538125748243e-13,0
3615,4.960912009784375e-13,6.646427175130883e-13,-1.6855151653465077e-13,1
3616,1.6482599587665367e-12,1.6916547356335486e-12,-4.339477686701188e-14,1
3617,3.938641306159898e-13,6.526582147517941e-13,-2.587940841358043e-13,1
3618,6.293492428775706e-13,4.738520399059365e-13,1.5549720297163413e-13,0
3619,3.085572709600948e-13,3.786504936492134e-13,-7.009322268911859e-14,1
3620,1.9767725124581375e-13,3.642819232890862e-13,-1.6660467204327245e-13,1
3621,3.2870552136580916e-12,3.2317392949639145e-12,5.53159186941771e-14,0
3622,2.871467274667989e-13,5.917101367637025e-13,-3.045634092969036e-13,1
3623,3.9239169688680356e-13,5.781713665916229e-13,-1.8577966970481932e-13,1
3624,1.823939172994981e-13,4.15916735471692e-13,-2.3352281817219385e-13,1
3625,6.191581139775603e-13,4.978085945490644e-13,1.2134951942849592e-13,0
3626,2.2905613430748838e-12,2.1019371593160883e-12,1.8862418375879543e-13,0
3627,5.326556080986194e-12,5.065732972840275e-12,2.6082310814591904e-13,0
3628,2.9883210809778073e-13,3.263428403022989e-13,-2.751073220451818e-14,1
3629,1.0185298469651434e-11,1.0072437970750762e-11,1.1286049890067239e-13,0
3630,5.2700157445355e-13,5.774710166141588e-13,-5.046944216060877e-14,1
3631,5.657954449598972e-13,7.733381332618388e-13,-2.0754268830194159e-13,1
3632,4.713141639075117e-13,7.678170088265189e-13,-2.9650284491900717e-13,1
3633,1.503499296400962e-13,2.578242018906406e-13,-1.074742722505444e-13,1
3634,8.135337139379092e-13,1.0900857737329825e-12,-2.765520597950733e-13,1
3635,2.3245716584479695e-12,2.17259043269026e-12,1.5198122575770938e-13,0
3636,8.776092318336125e-13,9.487721053350922e-13,-7.116287350147974e-14,1
3637,1.448179565964866e-13,4.071113491171862e-13,-2.6229339252069957e-13,1
3638,2.7711729776291027e-13,5.090318121596189e-13,-2.319145143967086e-13,1
3639,5.9462322594211e-12,5.7515525227743065e-12,1.9467973664679347e-13,0
3640,2.7196432481414685e-13,3.0815165013097474e-13,-3.6187325316827886e-14,1
3641,6.676053273813918e-13,5.024926907521868e-13,1.65112636629205e-13,0
3642,2.042868590158145e-13,4.1229998305902866e-13,-2.0801312404321416e-13,1
3643,2.82979669646626e-13,5.780742437503051e-13,-2.9509457410367915e-13,1
3644,7.293425794626301e-13,5.57552336643167e-13,1.7179024281946307e-13,0
3645,4.607484836493359e-13,5.528570120655497e-13,-9.210852841621378e-14,1
3646,1.0070906230483678e-12,8.753813644823019e-13,1.3170925856606586e-13,0
3647,2.6688320946761546e-12,2.8518136659954454e-12,-1.8298157131929083e-13,1
3648,9.126811898527208e-13,1.0600655378550905e-12,-1.4738434800236974e-13,1
3649,1.7425747423016313e-13,4.5439148244775843e-13,-2.8013400821759533e-13,1
3650,5.344571068055876e-13,7.44546924695708e-13,-2.1008981789012047e-13,1
3651,3.112079182176129e-11,3.254153316862058e-11,-1.4207413468592888e-12,1
3652,9.40643680963854e-12,9.240308272747283e-12,1.6612853689125745e-13,0
3653,4.037688390327124e-13,2.901166972499591e-13,1.1365214178275332e-13,0
3654,1.1432967634620128e-13,3.8828717482421835e-13,-2.739574984780171e-13,1
3655,2.1401382306379715e-13,4.919411142954959e-13,-2.7792729123169877e-13,1
3656,6.216888186169824e-13,6.272027282213738e-13,-5.513909604391339e-15,1
3657,2.5071707325715766e-13,5.177235102010456e-13,-2.6700643694388795e-13,1
3658,4.855543729856602e-12,5.117731308375411e-12,-2.621875785188089e-13,1
3659,9.482272803112495e-13,1.167966911687215e-12,-2.1973963137596553e-13,1
3660,1.438613776414996e-12,1.5523147928074556e-12,-1.1370101639245952e-13,1
3661,2.225919136367751e-13,3.692326587754612e-13,-1.4664074513868612e-13,1
3662,2.1570161655571027e-13,4.5455124322625157e-13,-2.388496266705413e-13,1
3663,7.585987148089935e-13,5.994164664463393e-13,1.5918224836265416e-13,0
3664,3.3612052982607844e-13,4.030402087284677e-13,-6.691967890238927e-14,1
3665,3.129423395857651e-13,4.4128937236478323e-13,-1.2834703277901812e-13,1
3666,2.0003310869847966e-12,1.9318976884841036e-12,6.843339850069302e-14,0
3667,9.084111589454375e-13,1.0552945617040346e-12,-1.4688340275859708e-13,1
3668,3.6123880197236446e-13,3.321409922871173e-13,2.909780968524715e-14,0
3669,7.115882579304948e-13,8.849774140039117e-13,-1.7338915607341698e-13,1
3670,5.4646343102214486e-12,5.148824572841966e-12,3.1580973737948234e-13,0
3671,2.0350279750268104e-12,2.1702354235769816e-12,-1.3520744855017123e-13,1
3672,1.479094599239374e-12,1.3173625377988844e-12,1.6173206144048961e-13,0
3673,3.806941502574099e-13,4.02293870211904e-13,-2.159971995449409e-14,1
3674,3.07097554752564e-12,3.1215117583955144e-12,-5.053621086987434e-14,1
3675,1.3482050973850248e-13,3.6549920156894604e-13,-2.3067869183044357e-13,1
3676,2.37248619514339e-12,2.232816716945721e-12,1.3966947819766906e-13,0
3677,4.984095821459961e-13,5.382133999331071e-13,-3.980381778711105e-14,1
3678,2.279831095690571e-13,3.600536222564973e-13,-1.3207051268744022e-13,1
3679,5.00303453417062e-12,5.238471391422555e-12,-2.354368572519343e-13,1
3680,3.825412802657356e-13,6.76440051877137e-13,-2.938987716114014e-13,1
3681,4.552267816886994e-12,4.320560950684054e-12,2.317068662029401e-13,0
3682,3.197944767998243e-13,2.615446209755075e-13,5.824985582431682e-14,0
3683,6.742225489027345e-13,8.289081886837053e-13,-1.5468563978097076e-13,1
3684,1.960489124633959e-12,1.7507452584334897e-12,2.097438662004693e-13,0
3685,1.7821517799106501e-13,3.4931606037758977e-13,-1.7110088238652476e-13,1
3686,1.8826478739715077e-13,4.38266553279198e-13,-2.5000176588204724e-13,1
3687,2.366539279666072e-13,3.7393772232475494e-13,-1.3728379435814776e-13,1
3688,1.7045028016359375e-12,1.8906238624399802e-12,-1.8612106080404268e-13,1
3689,6.2539401916175415e-12,6.186763543822986e-12,6.717664779455535e-14,0
3690,7.760153543299172e-12,7.930983763294254e-12,-1.7083021999508203e-13,1
3691,4.728843174104026e-13,7.379213149012963e-13,-2.6503699749089376e-13,1
3692,6.647564709295572e-13,9.378503329027386e-13,-2.730938619731815e-13,1
3693,1.2959714829547237e-12,1.5213244031705301e-12,-2.2535292021580637e-13,1
3694,7.05516769026454e-13,5.356009318030949e-13,1.6991583722335904e-13,0
3695,4.703516767669729e-12,4.818683811705414e-12,-1.15167044035685e-13,1
3696,3.2254358021124695e-13,3.1154672908285425e-13,1.09968511283927e-14,0
3697,1.5929252397296424e-12,1.5389373895769045e-12,5.3987850152737836e-14,0
3698,8.364093006191318e-13,7.105275974110699e-13,1.2588170320806192e-13,0
3699,8.772605755130445e-13,1.063180021656403e-12,-1.859194461433585e-13,1
3700,4.4683143541064285e-13,6.597241671552618e-13,-2.12892731744619e-13,1
3701,6.861213423379756e-13,9.706179622591636e-13,-2.84496619921188e-13,1
3702,4.97986648856569e-13,7.924978349606173e-13,-2.945111861040483e-13,1
3703,5.068200889067242e-13,4.790342973955341e-13,2.7785791511190154e-14,0
3704,6.624834803842986e-13,6.037561083386213e-13,5.872737204567728e-14,0
3705,9.597243945567971e-12,9.506785957544757e-12,9.0457988023214e-14,0
3706,1.8909725784498126e-13,4.541596315965532e-13,-2.6506237375157195e-13,1
3707,7.901551900791636e-11,7.835529425653263e-11,6.602247513837275e-13,0
3708,4.210543072544564e-12,4.005108814000831e-12,2.0543425854373236e-13,0
3709,4.309829709540684e-13,3.6633778532516134e-13,6.464518562890703e-14,0
3710,5.575971931645249e-13,4.618704289682682e-13,9.572676419625672e-14,0
3711,3.1587366481704997e-13,4.829280421607371e-13,-1.670543773436871e-13,1
3712,2.499148855362218e-13,2.647492261077996e-13,-1.4834340571577764e-14,1
3713,7.25998795489336e-13,6.584579460882724e-13,6.75408494010636e-14,0
3714,2.2614111327812734e-13,2.869738605953677e-13,-6.083274731724037e-14,1
3715,6.21795567116596e-13,6.151672126379693e-13,6.628354478626649e-15,0
3716,1.0191641407011656e-13,3.9898884055709257e-13,-2.97072426486976e-13,1
3717,3.6775351236577347e-13,5.84176082717998e-13,-2.1642257035222453e-13,1
3718,1.6637363581687934e-13,4.614264977477954e-13,-2.9505286193091607e-13,1
3719,1.796364172459591e-12,1.8498273257790935e-12,-5.3463153319502513e-14,1
3720,2.6147327205481537e-13,5.395299532838975e-13,-2.7805668122908217e-13,1
3721,1.8579642839082444e-12,1.6970042493558611e-12,1.6096003455238326e-13,0
3722,9.585977253161565e-13,7.306623642583794e-13,2.2793536105777716e-13,0
3723,1.2203051602338203e-13,4.3496797885205663e-13,-3.1293746282867457e-13,1
3724,6.729924881073918e-13,9.767147796275712e-13,-3.037222915201794e-13,1
3725,3.6742454625406763e-13,6.431475462708037e-13,-2.7572300001673604e-13,1
3726,3.6462095891297365e-13,2.8942105744911643e-13,7.519990146385721e-14,0
3727,5.18263095725652e-13,5.037999499620222e-13,1.4463145763629755e-14,0
3728,2.498766338396389e-13,5.646025617570318e-13,-3.1472592791739285e-13,1
3729,3.359914207764403e-13,2.0433937366138815e-13,1.3165204711505216e-13,0
3730,6.112658632723108e-11,6.048055659982134e-11,6.460297274097392e-13,0
3731,8.585641898693679e-13,1.0354910781150082e-12,-1.7692688824564027e-13,1
3732,3.176375491797384e-12,3.100152879008441e-12,7.622261278894306e-14,0
3733,4.337987243510599e-13,4.147393835255525e-13,1.9059340825507384e-14,0
3734,5.745392955769662e-13,3.973661760595119e-13,1.771731195174543e-13,0
3735,9.609098324371423e-14,3.852724712461603e-13,-2.891814880024461e-13,1
3736,3.8603611551374715e-13,6.319298402039616e-13,-2.458937246902144e-13,1
3737,6.330457902951714e-13,8.766248251843045e-13,-2.4357903488913305e-13,1
3738,4.389093859110253e-12,4.479290381525316e-12,-9.019652241506318e-14,1
3739,9.52225558914327e-13,8.350703201685614e-13,1.1715523874576566e-13,0
3740,3.4221517449135817e-12,3.147901568175467e-12,2.7425017673811454e-13,0
3741,2.1045212897379476e-12,1.9965538775488765e-12,1.0796741218907108e-13,0
3742,2.698967710315296e-13,5.303011960007588e-13,-2.604044249692292e-13,1
3743,2.8959417094980123e-13,2.685731342743535e-13,2.1021036675447734e-14,0
3744,6.027145465562767e-13,7.914098648474003e-13,-1.886953182911236e-13,1
3745,1.741721959023794e-13,4.241410660640125e-13,-2.499688701616331e-13,1
3746,2.3025804486261755e-13,4.23238397394566e-13,-1.9298035253194846e-13,1
3747,4.0326070608464354e-13,6.484889613261621e-13,-2.452282552415185e-13,1
3748,9.790980625087714e-12,1.0037485318925006e-11,-2.465046938372921e-13,1
3749,1.3089642754295785e-12,1.5888610864163998e-12,-2.7989681098682133e-13,1
3750,1.302015703095158e-12,1.0984127922956143e-12,2.0360291079954378e-13,0
3751,1.7240124011483814e-13,4.616811001893829e-13,-2.8927986007454476e-13,1
3752,3.0337599128602426e-13,4.338432104725432e-13,-1.3046721918651893e-13,1
3753,4.988140009081699e-12,4.9593473943820716e-12,2.8792614699627755e-14,0
3754,1.7167316828475203e-13,4.576328090339038e-13,-2.8595964074915173e-13,1
3755,4.860329156920323e-13,5.37797983647929e-13,-5.176506795589669e-14,1
3756,1.780533315e-13,3.1025338293994e-13,-1.3220005143993998e-13,1
3757,5.15744351410502e-13,3.4773927553191593e-13,1.6800507587858611e-13,0
3758,2.1439500928347247e-13,3.6132743330263386e-13,-1.469324240191614e-13,1
3759,1.2016738265492833e-12,1.2763544321018872e-12,-7.468060555260393e-14,1
3760,2.575235618340763e-13,4.2746162694092494e-13,-1.6993806510684862e-13,1
3761,1.0017610455527478e-12,1.0409425063197993e-12,-3.9181460767051444e-14,1
3762,3.7346253777020396e-12,3.6266373550267714e-12,1.0798802267526816e-13,0
3763,6.942878541577886e-13,8.637531461492368e-13,-1.6946529199144814e-13,1
3764,3.312422900463956e-13,5.132422903069813e-13,-1.820000002605857e-13,1
3765,4.482743854687885e-11,4.5093913460403966e-11,-2.6647491352511405e-13,1
3766,1.542359231216924e-13,4.684877910816857e-13,-3.142518679599933e-13,1
3767,1.0088312620546145e-12,1.0376964277303548e-12,-2.8865165675740335e-14,1
3768,3.575050018578399e-13,4.88586286041787e-13,-1.3108128418394715e-13,1
3769,2.776097423288918e-12,3.0009021231822487e-12,-2.2480469989333076e-13,1
3770,1.7210791431531836e-12,1.5352001254071433e-12,1.8587901774604028e-13,0
3771,2.7832526006904303e-13,4.928982885081292e-13,-2.1457302843908614e-13,1
3772,4.698029286645404e-13,5.308914428543255e-13,-6.108851418978504e-14,1
3773,3.597324875149079e-12,3.5552516008037263e-12,4.20732743453527e-14,0
3774,5.631082708582058e-13,6.025259151521e-13,-3.9417644293894174e-14,1
3775,6.286924469896048e-12,6.2212337909708045e-12,6.56906789252433e-14,0
3776,6.310095521427898e-13,7.70961973679992e-13,-1.3995242153720225e-13,1
3777,9.451593346795268e-13,1.0296814269444622e-12,-8.452209226493547e-14,1
3778,1.1570962332431708e-11,1.2834509469389827e-11,-1.2635471369581193e-12,1
3779,8.766731981389651e-13,7.653614031084433e-13,1.1131179503052172e-13,0
3780,9.443048698571145e-14,3.764748975561898e-13,-2.8204441057047834e-13,1
3781,1.333353129580458e-12,1.3749931825829375e-12,-4.164005300247947e-14,1
3782,3.9886472275566925e-13,4.456450697005064e-13,-4.6780346944837164e-14,1
3783,2.6551622919307133e-13,2.905254140568327e-13,-2.500918486376135e-14,1
3784,3.6086234044496415e-13,4.721114156731233e-13,-1.1124907522815915e-13,1
3785,5.11167639105616e-12,5.033570720197898e-12,7.810567085826213e-14,0
3786,2.995986218822202e-13,6.052860656175695e-13,-3.056874437353493e-13,1
3787,6.4700486220400775e-12,6.776973716988897e-12,-3.0692509494881976e-13,1
3788,4.2794967097104136e-13,3.7569960336875305e-13,5.225006760228831e-14,0
3789,6.380088910718983e-13,8.701045844185035e-13,-2.320956933466053e-13,1
3790,1.6113732231073486e-13,4.0737745855984983e-13,-2.4624013624911495e-13,1
3791,1.7735073191042202e-12,1.5601169192522481e-12,2.1339039985197202e-13,0
3792,5.286306747671873e-13,7.998384138905474e-13,-2.7120773912336015e-13,1
3793,3.518736447736533e-12,3.6715283513384805e-12,-1.5279190360194756e-13,1
3794,6.652927594405149e-13,4.926312495610125e-13,1.7266150987950248e-13,0
3795,2.0369220648990007e-13,4.104959121299862e-13,-2.0680370564008613e-13,1
3796,1.0559203252314478e-12,9.49487362670585e-13,1.0643296256086288e-13,0
3797,3.755908832687016e-13,6.19183824818629e-13,-2.4359294154992743e-13,1
3798,1.3455296477624876e-12,1.3755203045885542e-12,-2.9990656826066604e-14,1
3799,9.717016170811737e-13,9.826336613089964e-13,-1.0932044227822621e-14,1
3800,2.5570244753302496e-13,5.767207612813417e-13,-3.210183137483168e-13,1
3801,1.4580486028995456e-12,1.2959020725713036e-12,1.62146530328242e-13,0
3802,1.270694452557382e-13,4.3629440954012787e-13,-3.0922496428438964e-13,1
3803,7.355093677815729e-13,5.477426400895932e-13,1.8776672769197978e-13,0
3804,1.9829577676810035e-12,2.2864483878436868e-12,-3.0349062016268323e-13,1
3805,1.7332042309804552e-12,2.0562876956812914e-12,-3.2308346470083625e-13,1
3806,1.078756616736566e-13,3.819543266688787e-13,-2.7407866499522214e-13,1
3807,5.977685818333958e-13,5.532423037350913e-13,4.452627809830443e-14,0
3808,1.70527158467954e-12,1.7636877433335475e-12,-5.841615865400746e-14,1
3809,2.130075725933886e-12,2.035405377548096e-12,9.467034838578999e-14,0
3810,3.6169613569722286e-12,3.4434639502851372e-12,1.7349740668709138e-13,0
3811,3.7241218688014645e-13,4.7000101480614e-13,-9.758882792599351e-14,1
3812,1.4046560541345677e-12,1.6638043853321193e-12,-2.591483311975516e-13,1
3813,6.315638286377485e-13,4.036747872129411e-13,2.2788904142480737e-13,0
3814,2.3400832583368317e-13,2.6965582813702805e-13,-3.5647502303344874e-14,1
3815,5.147960688637002e-12,5.0677359513900876e-12,8.022473724691479e-14,0
3816,7.880976126184739e-13,6.26411384204304e-13,1.6168622841416994e-13,0
3817,1.0604860911218517e-12,1.0229741276407436e-12,3.751196348110813e-14,0
3818,2.2828595673445076e-12,2.113230526731709e-12,1.696290406127988e-13,0
3819,2.2945466327722438e-12,2.2507242698925696e-12,4.3822362879674144e-14,0
3820,4.4863191888049615e-13,6.743920528345141e-13,-2.2576013395401794e-13,1
3821,1.145397000999945e-12,1.310825845573764e-12,-1.6542884457381895e-13,1
3822,1.9269390744292447e-12,1.7063305255183326e-12,2.206085489109121e-13,0
3823,4.093660018294535e-12,4.051311455929316e-12,4.234856236521853e-14,0
3824,4.914787704155399e-11,4.9488769014135523e-11,-3.4089197258153483e-13,1
3825,7.58357589295049e-14,3.48560036559907e-13,-2.727242776304021e-13,1
3826,4.420375285325538e-13,6.767063500456082e-13,-2.346688215130544e-13,1
3827,2.4900178330972523e-12,2.702036248793315e-12,-2.1201841569606274e-13,1
3828,2.9132176628892096e-13,4.983400922299979e-13,-2.0701832594107693e-13,1
3829,4.974570620158196e-13,7.645227065372475e-13,-2.670656445214278e-13,1
3830,2.07330382998997e-13,2.6220707790407046e-13,-5.487669490507346e-14,1
3831,4.68368279959472e-13,6.151490326509738e-13,-1.4678075269150176e-13,1
3832,5.59803313929463e-13,7.002324963406748e-13,-1.404291824112118e-13,1
3833,2.639572350773703e-13,4.602201811789795e-13,-1.9626294610160925e-13,1
3834,2.3104314767503834e-13,3.0409513147554965e-13,-7.305198380051131e-14,1
3835,3.675207644694435e-12,3.6829482049570256e-12,-7.74056026259039e-15,1
3836,4.927831936516269e-13,3.9933715114790406e-13,9.344604250372282e-14,0
3837,5.061153198797938e-12,5.1753201075794736e-12,-1.1416690878153592e-13,1
3838,2.5053419079389927e-13,4.04320977254145e-13,-1.5378678646024574e-13,1
3839,2.7936562724566783e-13,4.872990886013002e-13,-2.079334613556324e-13,1
3840,5.004649219150907e-13,6.551311190544677e-13,-1.5466619713937701e-13,1
3841,2.920693246989894e-13,3.947064067462503e-13,-1.0263708204726088e-13,1
3842,4.1744556772992497e-13,3.6696474128009533e-13,5.0480826449829635e-14,0
3843,9.555135013744996e-13,8.091503048629181e-13,1.4636319651158147e-13,0
3844,9.06557737019461e-13,7.932991152333691e-13,1.1325862178609189e-13,0
3845,4.063764935885962e-13,2.31647619554274e-13,1.7472887403432223e-13,0
3846,2.978610885989699e-13,4.168684406673032e-13,-1.1900735206833331e-13,1
3847,8.424941527415815e-13,1.1047681407065617e-12,-2.6227398796498015e-13,1
3848,7.883632890059792e-13,8.699694443737628e-13,-8.16061553677836e-14,1
3849,3.268182349627962e-13,3.958439123238007e-13,-6.902567736100448e-14,1
3850,8.092273911993888e-13,1.0582832512588785e-12,-2.490558600594897e-13,1
3851,3.358038455081069e-13,5.967141195440151e-13,-2.609102740359082e-13,1
3852,2.3978883046888695e-12,2.5401781924886927e-12,-1.4228988779982321e-13,1
3853,1.27478628685254e-12,1.038013235392978e-12,2.3677305145956216e-13,0
3854,2.529319082067284e-13,3.225383439474744e-13,-6.960643574074598e-14,1
3855,1.8576651926579026e-12,2.1099024732159693e-12,-2.5223728055806664e-13,1
3856,7.670348551660682e-12,7.545291415669927e-12,1.2505713599075469e-13,0
3857,6.995801386604529e-13,6.814373838298138e-13,1.8142754830639088e-14,0
3858,2.271737454452125e-12,2.561583719402235e-12,-2.8984626495011007e-13,1
3859,8.73727322260743e-13,1.0851966130917384e-12,-2.1146929083099544e-13,1
3860,2.2213136694149724e-13,5.321583469255836e-13,-3.1002697998408637e-13,1
3861,1.0764378673967697e-12,9.708531527471123e-13,1.0558471464965736e-13,0
3862,7.63980321779932e-13,9.51779029972606e-13,-1.8779870819267399e-13,1
3863,6.894907916884161e-13,8.331955712514519e-13,-1.4370477956303584e-13,1
3864,1.4955127577935735e-12,1.6414501341435803e-12,-1.459373763500068e-13,1
3865,1.993177606716736e-12,1.7900663802365537e-12,2.0311122648018238e-13,0
3866,4.13979078612972e-13,3.2427508738147613e-13,8.970399123149585e-14,0
3867,4.0288105807428575e-13,3.065581876672458e-13,9.632287040703995e-14,0
3868,3.597598323888545e-13,4.468894180976364e-13,-8.71295857087819e-14,1
3869,1.235256705239866e-12,1.4265573390918843e-12,-1.9130063385201835e-13,1
3870,7.840302693047454e-12,7.591511550961055e-12,2.487911420863995e-13,0
3871,1.3497253051399062e-11,1.3447860675539205e-11,4.939237585985729e-14,0
3872,1.570773142553354e-11,1.5483592448280862e-11,2.2413897725267706e-13,0
3873,8.106290114242365e-13,6.084134316502642e-13,2.0221557977397222e-13,0
3874,4.949493746593901e-13,6.502077879867389e-13,-1.5525841332734881e-13,1
3875,1.2110599813524905e-11,1.2329416515326112e-11,-2.1881670180120738e-13,1
3876,3.2231944162069995e-13,4.797166491533925e-13,-1.573972075326926e-13,1
3877,4.818636776548437e-13,7.765364847645939e-13,-2.9467280710975024e-13,1
3878,2.9169648224762886e-12,2.7552999106666957e-12,1.6166491180959292e-13,0
3879,3.240044718817183e-13,3.673226267418479e-13,-4.331815486012958e-14,1
3880,5.047467305264352e-12,4.775915784227295e-12,2.715515210370569e-13,0
3881,4.678858189343877e-13,5.639752291837981e-13,-9.60894102494104e-14,1
3882,2.0734433248188123e-13,4.604730214929909e-13,-2.5312868901110964e-13,1
3883,1.9155139043840007e-12,2.0812245243073684e-12,-1.6571061992336768e-13,1
3884,3.4444371967140203e-13,4.4973021436481777e-13,-1.0528649469341574e-13,1
3885,4.241667105054873e-13,5.725826032086807e-13,-1.4841589270319338e-13,1
3886,1.720780614304248e-13,3.974193479864546e-13,-2.253412865560298e-13,1
3887,2.0511766188408926e-13,3.8239923915221197e-13,-1.772815772681227e-13,1
3888,4.042545692249192e-13,6.215367895586026e-13,-2.172822203336834e-13,1
3889,1.2080770894392472e-12,1.064482247644954e-12,1.4359484179429317e-13,0
3890,9.720151283301154e-13,9.90092415899141e-13,-1.8077287569025666e-14,1
3891,2.267695448360554e-12,2.4774498921307433e-12,-2.0975444377018911e-13,1
3892,4.621907395890759e-12,8.079959877572478e-12,-3.458052481681719e-12,1
3893,1.3540091499661552e-13,3.4972109596371134e-13,-2.1432018096709582e-13,1
3894,9.776824738035291e-12,9.844605204366514e-12,-6.778046633122333e-14,1
3895,4.681768416086816e-13,4.1693714111107857e-13,5.123970049760298e-14,0
3896,2.337420950264629e-13,5.079349872562739e-13,-2.7419289222981103e-13,1
3897,2.45025170053199e-12,2.6074336689846283e-12,-1.5718196845263833e-13,1
3898,3.992977350977333e-13,6.884786694857928e-13,-2.8918093438805947e-13,1
3899,2.779231958660686e-13,5.005416035857794e-13,-2.2261840771971083e-13,1
3900,3.882088493343696e-13,6.054522971755071e-13,-2.1724344784113753e-13,1
3901,7.285503590600442e-13,9.922292262255374e-13,-2.636788671654932e-13,1
3902,1.9994994638089665e-13,3.9144365737696587e-13,-1.9149371099606922e-13,1
3903,2.0481645845336874e-12,2.2461737965405696e-12,-1.9800921200688225e-13,1
3904,1.258849418831767e-13,3.264897493762651e-13,-2.006048074930884e-13,1
3905,2.878611224521956e-13,4.935078842215011e-13,-2.0564676176930552e-13,1
3906,2.307399464318584e-13,5.485448195995672e-13,-3.1780487316770877e-13,1
3907,4.652609688136115e-12,4.8245057540192415e-12,-1.7189606588312655e-13,1
3908,6.983771572336581e-13,7.250534319484453e-13,-2.667627471478719e-14,1
3909,5.381842470574295e-13,4.052925245435762e-13,1.3289172251385332e-13,0
3910,6.145799179194126e-13,9.420073420435143e-13,-3.2742742412410174e-13,1
3911,2.0058480700279955e-12,2.068506223852552e-12,-6.26581538245566e-14,1
3912,1.239715657294117e-12,1.02699854754923e-12,2.1271710974488703e-13,0
3913,3.102224928058855e-13,4.0558704487204445e-13,-9.536455206615895e-14,1
3914,2.7697721788308216e-13,5.673311492506499e-13,-2.9035393136756776e-13,1
3915,4.0305528892689197e-13,5.116138075501871e-13,-1.0855851862329515e-13,1
3916,6.900592393216363e-13,9.090184297381373e-13,-2.1895919041650095e-13,1
3917,1.0030936372669576e-12,1.0577814599258614e-12,-5.4687822658903776e-14,1
3918,1.44947810761184e-13,3.604311612551789e-13,-2.1548335049399487e-13,1
3919,1.3629482177471473e-11,1.3797723042417105e-11,-1.6824086494563197e-13,1
3920,1.101150370985428e-11,1.0789754566323942e-11,2.2174914353033796e-13,0
3921,1.939533006130825e-12,1.990586281474616e-12,-5.105327534379103e-14,1
3922,1.8229050791251554e-13,4.34078565505359e-13,-2.517880575928435e-13,1
3923,3.9187499341934315e-12,3.869331847824598e-12,4.941808636883345e-14,0
3924,2.7934941635967725e-12,2.9065285141323982e-12,-1.1303435053562576e-13,1
3925,3.8503426472843347e-13,4.025975061606919e-13,-1.7563241432258435e-14,1
3926,3.318898402883298e-13,3.683725773778804e-13,-3.6482737089550624e-14,1
3927,4.3861386158525986e-13,5.296350999057357e-13,-9.102123832047583e-14,1
3928,3.115694429694007e-13,4.3134272780561056e-13,-1.1977328483620987e-13,1
3929,2.1647474277212867e-12,2.406942189767968e-12,-2.421947620466813e-13,1
3930,1.014322478140745e-12,1.2483823669405086e-12,-2.3405988879976353e-13,1
3931,3.486266451104012e-13,3.9288276410720786e-13,-4.425611899680667e-14,1
3932,1.857724680166489e-12,1.8704558144519492e-12,-1.2731134285460158e-14,1
3933,1.954290812053437e-12,1.735702020625636e-12,2.18588791427801e-13,0
3934,5.171769375975045e-13,7.367908821479263e-13,-2.196139445504218e-13,1
3935,3.68512792271716e-12,3.64199679084611e-12,4.313113187105036e-14,0
3936,5.016246000007256e-13,7.763219476848311e-13,-2.7469734768410554e-13,1
3937,7.470031717758464e-13,6.362415101347614e-13,1.1076166164108499e-13,0
3938,1.4193478144324115e-13,3.7197784405941146e-13,-2.300430626161703e-13,1
3939,2.1257285242568466e-13,5.058358171072607e-13,-2.932629646815761e-13,1
3940,2.241573285750055e-13,3.8810528100918573e-13,-1.6394795243418022e-13,1
3941,1.8282877725590388e-13,4.798183165718666e-13,-2.9698953931596277e-13,1
3942,3.534060940625893e-13,3.2109835902194557e-13,3.2307735040643755e-14,0
3943,1.747855566134833e-12,2.004392176736258e-12,-2.565366106014249e-13,1
3944,1.4488413974476495e-12,1.6777154373059381e-12,-2.288740398582886e-13,1
3945,8.264302729116847e-13,7.668455395948325e-13,5.958473331685216e-14,0
3946,3.381895344875428e-11,3.328068590311987e-11,5.382675456344078e-13,0
3947,6.441036781215459e-13,6.627257828255318e-13,-1.8622104703985884e-14,1
3948,2.9311022463347334e-13,6.02190999728174e-13,-3.0908077509470064e-13,1
3949,2.558207281372498e-13,5.254852424981368e-13,-2.6966451436088694e-13,1
3950,2.8307239596294633e-13,3.5011841402506424e-13,-6.704601806211791e-14,1
3951,4.1785510238881743e-13,2.3279448551165726e-13,1.8506061687716018e-13,0
3952,4.1422716734089275e-13,4.988021996105219e-13,-8.457503226962919e-14,1
3953,8.97658766520103e-14,3.0537141421313245e-13,-2.1560553756112213e-13,1
3954,3.4294497756687043e-13,5.215355767875195e-13,-1.785905992206491e-13,1
3955,1.7841692705913313e-12,1.6222850132278807e-12,1.6188425736345068e-13,0
3956,1.7106237778195536e-13,4.350730328250128e-13,-2.6401065504305743e-13,1
3957,2.896512070759047e-13,3.0530473341391976e-13,-1.565352633801503e-14,1
3958,3.717088415194286e-13,3.305689456582821e-13,4.113989586114648e-14,0
3959,2.1297563840570643e-11,2.1012399481658723e-11,2.851643589119196e-13,0
3960,9.628368916407367e-13,1.2215188963255137e-12,-2.58682004684777e-13,1
3961,3.146298603051907e-13,4.2163869730559665e-13,-1.0700883700040593e-13,1
3962,2.9946682352545144e-12,2.881897961953704e-12,1.1277027330081056e-13,0
3963,8.46172780187722e-14,3.094072442234902e-13,-2.2478996620471798e-13,1
3964,2.9447020260675522e-12,3.097157429479739e-12,-1.5245540341218678e-13,1
3965,7.161250013937009e-13,7.723484204354497e-13,-5.6223419041748774e-14,1
3966,1.668006976556456e-13,3.517887447841145e-13,-1.849880471284689e-13,1
3967,1.4721899959796744e-11,1.5473378963460745e-11,-7.514790036640011e-13,1
3968,3.8274162944372994e-13,4.4942644068225136e-13,-6.668481123852142e-14,1
3969,5.81983435943684e-13,4.927679615635109e-13,8.921547438017304e-14,0
3970,1.0395989079836582e-12,9.508337730344101e-13,8.876513494924808e-14,0
3971,2.587953048400851e-13,4.062456446721728e-13,-1.474503398320877e-13,1
3972,3.8045436194181924e-13,3.592575096496253e-13,2.1196852292193965e-14,0
3973,1.4326126226088303e-12,1.4174289706584827e-12,1.518365195034752e-14,0
3974,2.20064012019911e-12,1.970995800131534e-12,2.29644320067576e-13,0
3975,5.115140483722667e-13,7.211587997014517e-13,-2.0964475132918495e-13,1
3976,1.6095933965240236e-11,1.6142623585392315e-11,-4.668962015207887e-14,1
3977,6.200305862625558e-13,6.082468592201894e-13,1.1783727042366494e-14,0
3978,2.224651497250528e-13,3.349260741596875e-13,-1.1246092443463471e-13,1
3979,1.659850709956355e-13,3.4606387200665536e-13,-1.8007880101101985e-13,1
3980,5.844383599417544e-13,5.653686918360286e-13,1.9069668105725812e-14,0
3981,3.4140222883335757e-13,3.3469001175532724e-13,6.712217078030336e-15,0
3982,6.158322588896836e-13,6.131487605176295e-13,2.6834983720540745e-15,0
3983,1.5085319978027548e-12,1.4648344873197846e-12,4.3697510482970244e-14,0
3984,6.089753348868619e-13,7.706132446882189e-13,-1.616379098013571e-13,1
3985,1.5011115986250008e-13,4.311241517567028e-13,-2.8101299189420277e-13,1
3986,2.2430667916362878e-12,2.220617078043573e-12,2.2449713592714885e-14,0
3987,3.5372159436795394e-12,3.6068415455199616e-12,-6.96256018404222e-14,1
3988,1.1506921963843217e-12,1.0678814165554306e-12,8.281077982889116e-14,0
3989,1.0855249402177112e-12,1.1699725673331581e-12,-8.444762711544692e-14,1
3990,2.4895275044389084e-12,2.3922131912209102e-12,9.73143132179982e-14,0
3991,6.144777148304303e-12,6.395073071505399e-12,-2.5029592320109575e-13,1
3992,1.71849286925512e-10,1.541613380862961e-10,1.7687948839215907e-11,0
3993,6.052394394389291e-12,6.311703220316679e-12,-2.593088259273884e-13,1
3994,3.50981234363228e-13,3.7428426638599166e-13,-2.3303032022763644e-14,1
3995,2.3757127250598896e-13,4.620013748242425e-13,-2.2443010231825358e-13,1
3996,2.627073931998844e-10,2.0567465709663296e-10,5.703273610325146e-11,0
3997,3.217765129401636e-13,3.3437108987443214e-13,-1.2594576934268527e-14,1
3998,3.0908142671533214e-12,3.05590079722336e-12,3.4913469929961514e-14,0
3999,1.089843290445511e-12,1.33458501715615e-12,-2.44741726710639e-13,1
4000,4.4700275807173695e-13,6.426977651265612e-13,-1.9569500705482423e-13,1
4001,3.2245890230700617e-13,4.407085633220656e-13,-1.1824966101505942e-13,1
4002,1.2040676685123177e-12,9.628333936886551e-13,2.412342748236625e-13,0
4003,8.831118279141442e-13,1.1051670449989625e-12,-2.220552170848183e-13,1
4004,4.840494001283484e-13,4.714998687251546e-13,1.2549531403193823e-14,0
4005,6.483841048446104e-12,6.650272805908953e-12,-1.6643175746284886e-13,1
4006,1.2337102177446122e-12,1.4148903948563364e-12,-1.811801771117242e-13,1
4007,6.724196790832552e-13,9.441080018638043e-13,-2.716883227805491e-13,1
4008,1.1561538882949861e-13,4.319203108464449e-13,-3.163049220169463e-13,1
4009,6.039342486464125e-13,7.351440446706895e-13,-1.3120979602427704e-13,1
4010,1.1974740260877476e-12,1.328745771653299e-12,-1.3127174556555149e-13,1
4011,3.3814350115971506e-13,4.915381741095296e-13,-1.5339467294981451e-13,1
4012,7.688775193034863e-13,9.822254529851369e-13,-2.133479336816506e-13,1
4013,1.5221699435867388e-13,4.767822646867368e-13,-3.245652703280629e-13,1
4014,4.55621630491639e-13,7.09566052617381e-13,-2.53944422125742e-13,1
4015,3.118675581613309e-13,5.601306130834721e-13,-2.4826305492214125e-13,1
4016,4.213228953799259e-13,4.029324020493489e-13,1.8390493330576988e-14,0
4017,1.7414755088965996e-13,3.9436044817486476e-13,-2.202128972852048e-13,1
4018,1.7597643708689192e-11,1.7776970590752878e-11,-1.7932688206368584e-13,1
4019,9.525145516580732e-13,1.207491902030412e-12,-2.549773503723388e-13,1
4020,2.370243159929539e-13,3.309977490334983e-13,-9.397343304054438e-14,1
4021,1.4861009115759803e-12,1.6772136096571854e-12,-1.9111269808120505e-13,1
4022,3.13107122005506e-13,4.684961284191155e-13,-1.553890064136095e-13,1
4023,6.140781889687966e-13,8.578775237121172e-13,-2.437993347433206e-13,1
4024,2.535051039047429e-11,2.5520294700562316e-11,-1.6978431008802592e-13,1
4025,1.1949103570346436e-12,1.0941148935433453e-12,1.0079546349129836e-13,0
4026,4.740220407940345e-13,7.612675886140275e-13,-2.8724554781999293e-13,1
4027,2.4061314825954753e-12,2.3785331097486326e-12,2.759837284684268e-14,0
4028,3.024966615588912e-13,6.12672527002992e-13,-3.101758654441008e-13,1
4029,2.884699425001839e-13,5.932364663110618e-13,-3.0476652381087787e-13,1
4030,2.1054777106968542e-13,4.1617905654975534e-13,-2.0563128548006992e-13,1
4031,1.011852709161852e-12,7.676343633899495e-13,2.4421834577190245e-13,0
4032,3.2891578389634875e-13,3.715008377124503e-13,-4.258505381610157e-14,1
4033,4.792123743143105e-13,3.8963853047285524e-13,8.957384384145525e-14,0
4034,5.600445457766949e-13,5.65929853564552e-13,-5.885307787857102e-15,1
4035,3.6402063679807123e-13,4.296529562542671e-13,-6.563231945619588e-14,1
4036,1.690494872640197e-13,3.450555549168446e-13,-1.7600606765282492e-13,1
4037,4.139319229717556e-13,7.184410907179021e-13,-3.0450916774614646e-13,1
4038,1.7129610906708032e-12,1.6101568585132363e-12,1.0280423215756692e-13,0
4039,1.7183392706434795e-12,1.5639187203898623e-12,1.5442055025361727e-13,0
4040,4.1245984159151975e-13,5.246902243291198e-13,-1.122303827376e-13,1
4041,5.189117680092146e-12,5.474391844012897e-12,-2.852741639207506e-13,1
4042,4.138779849771895e-13,2.838019383269775e-13,1.3007604665021198e-13,0
4043,4.10462860402299e-12,4.097448862504432e-12,7.17974151855835e-15,0
4044,8.156663775849671e-14,3.362653256396261e-13,-2.546986878811294e-13,1
4045,3.093439131921022e-12,3.3037664142508147e-12,-2.1032728232979283e-13,1
4046,8.807072911073813e-12,8.997895593029628e-12,-1.908226819558156e-13,1
4047,1.221766808091969e-12,1.3144995482824556e-12,-9.273274019048665e-14,1
4048,6.647427189149513e-13,8.961130551657648e-13,-2.3137033625081353e-13,1
4049,2.7074727916470603e-12,2.482977822651449e-12,2.2449496899561107e-13,0
4050,2.3241039128703116e-12,2.1327573105616658e-12,1.9134660230864579e-13,0
4051,1.1111336999992628e-13,3.2333248813611736e-13,-2.1221911813619107e-13,1
4052,8.098231778030478e-13,1.0039134516039392e-12,-1.9409027380089143e-13,1
4053,2.14928134202732e-13,4.111335342020933e-13,-1.962053999993613e-13,1
4054,2.279939976725834e-13,3.9004967591956675e-13,-1.6205567824698334e-13,1
4055,3.064327003816797e-12,2.907021521306424e-12,1.5730548251037312e-13,0
4056,1.745051027294234e-12,1.954881811519033e-12,-2.0983078422479894e-13,1
4057,1.4661847280055272e-13,4.713757530693009e-13,-3.2475728026874823e-13,1
4058,9.793067910784835e-13,8.079282593686842e-13,1.713785317097992e-13,0
4059,8.408368855438467e-13,1.1251189314373418e-12,-2.842820458934951e-13,1
4060,4.4304258561486056e-13,4.0603001530729403e-13,3.701257030756653e-14,0
4061,1.1048042841336533e-13,4.22899765107228e-13,-3.124193366938627e-13,1
4062,2.260875411475502e-13,5.131227586820665e-13,-2.870352175345163e-13,1
4063,3.591983306651795e-13,4.498259653001304e-13,-9.062763463495093e-14,1
4064,8.563230673743424e-14,3.770788598097917e-13,-2.9144655307235747e-13,1
4065,1.5035586035940974e-12,1.3524422602012571e-12,1.511163433928403e-13,0
4066,1.0062214901542614e-12,1.1939094769776695e-12,-1.876879868234081e-13,1
4067,2.7345552984867726e-12,2.5754463584082104e-12,1.591089400785622e-13,0
4068,3.1485108788283214e-13,6.064355491643478e-13,-2.9158446128151566e-13,1
4069,2.786164341257323e-11,3.0021073701631904e-11,-2.159430289058675e-12,1
4070,5.594255707586257e-13,8.269508856707749e-13,-2.6752531491214923e-13,1
4071,4.432914169449597e-13,3.376754318925891e-13,1.0561598505237061e-13,0
4072,4.55979426716993e-13,7.090576705513245e-13,-2.530782438343315e-13,1
4073,2.008185350700121e-12,1.9677725910307503e-12,4.0412759669370784e-14,0
4074,8.455650136540605e-13,6.710960356624192e-13,1.7446897799164134e-13,0
4075,8.912147534971891e-13,1.0712579062479846e-12,-1.800431527507955e-13,1
4076,1.6026637360473027e-12,1.8824023359754115e-12,-2.7973859992810877e-13,1
4077,8.732746929216353e-13,1.148895422595531e-12,-2.756207296738957e-13,1
4078,8.646415768670546e-13,7.06198406263615e-13,1.5844317060343962e-13,0
4079,4.781778482158306e-12,4.99554838680373e-12,-2.1376990464542466e-13,1
4080,1.3845520328046871e-12,1.3172699449094579e-12,6.728208789522924e-14,0
4081,3.5632938167073393e-13,3.050422371518402e-13,5.1287144518893756e-14,0
4082,1.072030760502322e-12,1.1814619229583048e-12,-1.0943116245598286e-13,1
4083,3.0266253921446707e-13,5.089382666434438e-13,-2.062757274289767e-13,1
4084,3.97885750632757e-13,3.8463454677101425e-13,1.3251203861742778e-14,0
4085,2.8299881904374103e-12,2.5930538875657334e-12,2.36934302871677e-13,0
4086,3.5368001605895025e-12,3.4618972911598478e-12,7.490286942965474e-14,0
4087,1.031235116373445e-12,1.2333757547062943e-12,-2.0214063833284925e-13,1
4088,7.423059839471726e-13,5.735358191864776e-13,1.68770164760695e-13,0
4089,4.913469214804584e-13,3.814884257329985e-13,1.0985849574745992e-13,0
4090,8.63705783946263e-13,1.0980877659807964e-12,-2.3438198203453334e-13,1
4091,3.199481084825846e-12,3.46274204323653e-12,-2.63260958410684e-13,1
4092,7.150695153151993e-13,5.592248745307295e-13,1.5584464078446978e-13,0
4093,7.308672702016062e-13,7.923848654165978e-13,-6.151759521499164e-14,1
4094,5.744916830980602e-13,8.491781025584723e-13,-2.746864194604121e-13,1
4095,9.472071658127818e-13,1.2537727326298358e-12,-3.0656556681705404e-13,1
4096,2.0748804890498374e-13,3.5696783983540487e-13,-1.4947979093042113e-13,1
4097,3.421215275354227e-13,5.251843596795205e-13,-1.8306283214409778e-13,1
4098,6.977250731474306e-12,7.0469617166902905e-12,-6.971098521598416e-14,1
4099,2.056820705723457e-12,1.9627737537684724e-12,9.404695195498468e-14,0
4100,3.384828493070312e-12,3.069332002167789e-12,3.1549649090252305e-13,0
4101,1.6476010039938647e-13,4.738700226116703e-13,-3.091099222122838e-13,1
4102,5.449676917510174e-13,6.186697965970344e-13,-7.3702104846017e-14,1
4103,3.500794197569787e-13,4.076120165778708e-13,-5.753259682089211e-14,1
4104,4.811873043434986e-13,3.8621958605107376e-13,9.496771829242482e-14,0
4105,6.509968270656762e-13,9.189152055125466e-13,-2.679183784468704e-13,1
4106,4.650726826235485e-13,6.231823401426509e-13,-1.5810965751910238e-13,1
4107,5.547296194666225e-13,8.295120210695699e-13,-2.747824016029473e-13,1
4108,2.275584990299086e-13,5.438622677570272e-13,-3.1630376872711857e-13,1
4109,4.38696046900414e-13,7.087553395116283e-13,-2.7005929261121424e-13,1
4110,2.0159902422992632e-13,5.041418391992173e-13,-3.0254281496929094e-13,1
4111,1.1936475375326243e-13,2.8964180897920135e-13,-1.7027705522593892e-13,1
4112,1.6143015280923946e-13,3.7812639860761064e-13,-2.1669624579837117e-13,1
4113,1.852029094982598e-13,4.3657791128825346e-13,-2.5137500178999363e-13,1
4114,4.236455798143825e-12,4.296574092253595e-12,-6.011829410976942e-14,1
4115,3.663200997231425e-13,6.336943438695032e-13,-2.6737424414636075e-13,1
4116,6.129445581447384e-13,9.034725103129127e-13,-2.905279521681743e-13,1
4117,3.469135866515643e-12,3.2838524702315847e-12,1.8528339628405845e-13,0
4118,4.1802273702786136e-13,6.338448905167866e-13,-2.1582215348892525e-13,1
4119,5.134985600848637e-13,7.537676365996881e-13,-2.402690765148244e-13,1
4120,3.417187653319131e-13,5.778455757768648e-13,-2.3612681044495176e-13,1
4121,2.330655659968167e-13,3.897494373111059e-13,-1.5668387131428924e-13,1
4122,2.366887518953877e-12,2.5376295796667956e-12,-1.7074206071291881e-13,1
4123,9.54125858479871e-13,9.829670487934655e-13,-2.8841190313594456e-14,1
4124,2.3769130356398856e-13,4.55040379529621e-13,-2.1734907596563244e-13,1
4125,5.627133823641186e-13,7.579891007417762e-13,-1.9527571837765756e-13,1
4126,6.049421670796907e-13,7.255706592649538e-13,-1.2062849218526307e-13,1
4127,5.301724810795618e-13,8.271279506243876e-13,-2.9695546954482584e-13,1
4128,6.391211899360649e-13,5.243574456887582e-13,1.1476374424730665e-13,0
4129,1.2984763796672257e-12,1.316962358193465e-12,-1.84859785262392e-14,1
4130,2.6063745632020507e-13,5.110515963291008e-13,-2.5041414000889575e-13,1
4131,1.0822498280513882e-12,1.2955615394932e-12,-2.1331171144181184e-13,1
4132,1.6950365599523656e-12,1.535349495504817e-12,1.596870644475485e-13,0
4133,1.2012050808376182e-12,1.4411638689034498e-12,-2.3995878806583155e-13,1
4134,1.928165414619955e-12,1.7057159351675193e-12,2.2244947945243558e-13,0
4135,8.847008512037855e-14,3.920539139888695e-13,-3.035838288684909e-13,1
4136,3.260684726138653e-12,3.316160177786811e-12,-5.547545164815806e-14,1
4137,1.6834177220950265e-12,1.9817652601703133e-12,-2.983475380752868e-13,1
4138,2.4186841587981106e-13,3.408675733001676e-13,-9.899915742035656e-14,1
4139,7.158835552733935e-13,9.159045547789073e-13,-2.0002099950551377e-13,1
4140,1.6433549502620159e-13,2.9991586763663225e-13,-1.3558037261043066e-13,1
4141,5.266347950322385e-13,5.3525384583666e-13,-8.619050804421508e-15,1
4142,1.7220336553300659e-12,1.951307574924025e-12,-2.29273919593959e-13,1
4143,2.756286822971788e-13,2.574806424359484e-13,1.8148039861230383e-14,0
4144,9.860984418321996e-13,1.0279894473696822e-12,-4.1891005537482566e-14,1
4145,3.2512340430115256e-13,5.177943997463946e-13,-1.9267099544524204e-13,1
4146,6.104967859253389e-13,4.4787384025898554e-13,1.6262294566635332e-13,0
4147,1.8312010588455252e-13,5.012738194290879e-13,-3.1815371354453543e-13,1
4148,7.953699743878934e-13,7.710149224727565e-13,2.435505191513686e-14,0
4149,3.161153241911764e-13,4.684327043067546e-13,-1.5231738011557824e-13,1
4150,1.5225398889429312e-12,1.6775311893718777e-12,-1.5499130042894653e-13,1
4151,1.1506953582111555e-11,1.15981472191845e-11,-9.11936370729448e-14,1
4152,9.106048811775696e-13,8.351358187503963e-13,7.546906242717321e-14,0
4153,9.43802454394514e-13,1.2030733274369073e-12,-2.5927087304239334e-13,1
4154,8.670417984968147e-13,1.0905156278880183e-12,-2.2347382939120364e-13,1
4155,4.2883512959177226e-13,4.1378245888186514e-13,1.505267070990712e-14,0
4156,4.4174360504678573e-13,4.13298247244556e-13,2.8445357802229754e-14,0
4157,1.3280657993821339e-12,1.0648579054951936e-12,2.6320789388694024e-13,0
4158,5.916737351935422e-13,4.235348934389415e-13,1.6813884175460077e-13,0
4159,5.417371065960375e-13,6.219987330314866e-13,-8.02616264354491e-14,1
4160,8.330510731080867e-13,6.828922067390567e-13,1.5015886636902997e-13,0
4161,5.575407582002522e-13,4.10695725364633e-13,1.468450328356192e-13,0
4162,6.074919900078758e-13,4.945658048541685e-13,1.1292618515370727e-13,0
4163,8.603815117537993e-13,8.502089191613257e-13,1.017259259247355e-14,0
4164,4.960301668824639e-13,6.961702062036678e-13,-2.0014003932120383e-13,1
4165,7.856714283426985e-13,1.0225601436952903e-12,-2.368887153525918e-13,1
4166,3.328947487281185e-13,3.193892015459065e-13,1.3505547182211986e-14,0
4167,8.197556568326218e-13,1.0255381006985443e-12,-2.0578244386592257e-13,1
4168,5.966637612723875e-13,5.303202113139902e-13,6.634354995839725e-14,0
4169,7.343393107224173e-13,9.8803353251584e-13,-2.5369422179342266e-13,1
4170,1.1786048617483776e-12,1.2680466592995341e-12,-8.944179755115653e-14,1
4171,4.385365827756787e-12,4.532293173768488e-12,-1.4692734601170116e-13,1
4172,1.5666621125562962e-13,3.369740989874826e-13,-1.8030788773185297e-13,1
4173,3.33799571999287e-13,6.199978102603572e-13,-2.861982382610702e-13,1
4174,7.617634327885599e-13,5.682971664734135e-13,1.9346626631514646e-13,0
4175,3.567331070025336e-13,6.495932927207296e-13,-2.92860185718196e-13,1
4176,4.2673814177103707e-13,3.55270817836517e-13,7.146732393452005e-14,0
4177,1.0049100693426172e-12,1.215709638579191e-12,-2.1079956923657387e-13,1
4178,3.3361782890504396e-12,3.1867200130094087e-12,1.494582760410309e-13,0
4179,4.012726933123454e-13,5.750128597065453e-13,-1.7374016639419989e-13,1
4180,1.430968282721359e-13,3.69171236649001e-13,-2.2607440837686509e-13,1
4181,9.511844598567114e-13,1.0945257339479087e-12,-1.433412740911973e-13,1
4182,3.837541831630469e-13,5.624846984836972e-13,-1.7873051532065027e-13,1
4183,2.6100646553973965e-12,2.583325196039727e-12,2.673945935766933e-14,0
4184,9.999318426848392e-13,7.493463602922474e-13,2.5058548239259175e-13,0
4185,4.702692086533922e-12,4.804901191768022e-12,-1.0220910523410055e-13,1
4186,1.1951906133993596e-13,3.7959439974201357e-13,-2.600753384020776e-13,1
4187,2.9998509371875143e-13,5.434028961733162e-13,-2.434178024545648e-13,1
4188,4.082577790029093e-12,3.961253988259624e-12,1.2132380176946888e-13,0
4189,2.451297646879042e-13,3.1436047403478005e-13,-6.923070934687586e-14,1
4190,2.6976101220459614e-13,4.176344818794237e-13,-1.4787346967482755e-13,1
4191,3.538763463027206e-13,4.642342910929571e-13,-1.1035794479023654e-13,1
4192,8.205765500388971e-13,6.222770815390237e-13,1.9829946849987346e-13,0
4193,1.317313873077969e-13,4.305071395760813e-13,-2.9877575226828437e-13,1
4194,1.0428028866036183e-12,1.0981507152819814e-12,-5.534782867836305e-14,1
4195,3.714167435127111e-13,5.349571833478764e-13,-1.6354043983516533e-13,1
4196,3.6275038121936343e-13,4.698697545588854e-13,-1.07119373339522e-13,1
4197,2.7816424972892137e-13,5.27978233110842e-13,-2.498139833819206e-13,1
4198,5.053686380035042e-13,5.974105321791725e-13,-9.20418941756683e-14,1
4199,2.8849511273058633e-12,2.7215656544597087e-12,1.6338547284615455e-13,0
4200,4.661472674290046e-13,6.945351949085016e-13,-2.28387927479497e-13,1
4201,7.201658273391254e-13,1.0248296580786701e-12,-3.0466383073954477e-13,1
4202,2.7590731244694594e-12,2.829742521868489e-12,-7.066939739902972e-14,1
4203,6.435640988946789e-13,4.3906349104356177e-13,2.045006078511171e-13,0
4204,2.240546281148123e-13,5.09798741816722e-13,-2.857441137019097e-13,1
4205,4.1635511896439014e-13,6.33021452917253e-13,-2.1666633395286281e-13,1
4206,4.760185197329342e-13,4.760659663170293e-13,-4.744658409508369e-17,1
4207,5.248966010050114e-13,7.982563389440928e-13,-2.7335973793908145e-13,1
4208,4.221824872599167e-13,3.9160464413332054e-13,3.0577843126596143e-14,0
4209,4.3623841619009725e-13,4.050948114771936e-13,3.114360471290366e-14,0
4210,7.747068147519157e-13,9.237283169835566e-13,-1.4902150223164086e-13,1
4211,1.9475876421106246e-13,4.321824187123242e-13,-2.3742365450126173e-13,1
4212,1.9008574552011136e-12,1.9324899953109098e-12,-3.163254010979622e-14,1
4213,4.986066472666159e-13,7.85777534361117e-13,-2.8717088709450104e-13,1
4214,2.27000424556201e-13,4.561198531508608e-13,-2.2911942859465977e-13,1
4215,1.6395689571086813e-13,3.967655140391458e-13,-2.3280861832827764e-13,1
4216,2.776202757262237e-12,2.897847228764164e-12,-1.2164447150192714e-13,1
4217,6.21022571473298e-12,6.355362180933102e-12,-1.4513646620012176e-13,1
4218,1.8647930333660755e-12,1.6414001036104244e-12,2.2339292975565117e-13,0
4219,6.885870604908827e-14,3.3665256460047855e-13,-2.6779385855139026e-13,1
4220,1.5717596925447333e-11,1.9427360142520708e-11,-3.7097632170733745e-12,1
4221,1.9883336040221745e-12,2.1425623851522198e-12,-1.5422878113004522e-13,1
4222,1.163119248151201e-13,3.844623819449754e-13,-2.681504571298553e-13,1
4223,3.4561549730155244e-13,4.076717580892624e-13,-6.205626078770998e-14,1
4224,1.6884096488915348e-12,1.9113503098743447e-12,-2.2294066098280983e-13,1
4225,5.242002726887969e-13,6.38447314596587e-13,-1.1424704190779017e-13,1
4226,8.457872151254976e-13,7.52004605485264e-13,9.378260964023359e-14,0
4227,1.0302218799513853e-12,1.2897055994547543e-12,-2.5948371950336903e-13,1
4228,3.286775208684012e-13,3.231421377441854e-13,5.5353831242158295e-15,0
4229,2.592708592752209e-13,5.690850240494834e-13,-3.0981416477426246e-13,1
4230,1.628763133133705e-12,1.9280658638480446e-12,-2.9930273071433967e-13,1
4231,1.9837357097698827e-13,4.0649316880320253e-13,-2.0811959782621426e-13,1
4232,5.44408200915521e-13,7.545658611798881e-13,-2.1015766026436713e-13,1
4233,1.0841949191571383e-12,1.1097536446806738e-12,-2.555872552353547e-14,1
4234,7.0537978231901515e-12,6.928656583239292e-12,1.2514123995085933e-13,0
4235,6.609080361964182e-11,6.63539309716394e-11,-2.631273519975814e-13,1
4236,7.649904020195617e-13,9.868153686141489e-13,-2.2182496659458724e-13,1
4237,2.676002453619934e-12,2.966904180238862e-12,-2.9090172661892826e-13,1
4238,2.7187347819264087e-13,3.9651327120904525e-13,-1.2463979301640439e-13,1
4239,4.309516026387216e-13,6.550109942981384e-13,-2.2405939165941683e-13,1
4240,8.131537604143744e-14,3.8733015060905637e-13,-3.0601477456761896e-13,1
4241,1.3864638505006974e-12,1.54792581550708e-12,-1.6146196500638262e-13,1
4242,2.2623532653451205e-13,3.005219447417871e-13,-7.428661820727505e-14,1
4243,8.135770195390133e-13,5.976401577015783e-13,2.1593686183743499e-13,0
4244,2.194843318182104e-12,1.999853196834614e-12,1.9499012134748973e-13,0
4245,3.8102676086165494e-13,5.068746917814287e-13,-1.2584793091977377e-13,1
4246,5.925361698655676e-13,4.842126751268137e-13,1.0832349473875385e-13,0
4247,5.540735771782129e-13,5.43389487810372e-13,1.0684089367840817e-14,0
4248,2.601293806679244e-13,2.655808936337328e-13,-5.451512965808361e-15,1
4249,1.9972942429125036e-12,1.873115732858515e-12,1.241785100539885e-13,0
4250,2.1777408841389357e-13,3.840585550051248e-13,-1.6628446659123122e-13,1
4251,2.6400293070029737e-12,2.7132761891928665e-12,-7.324688218989279e-14,1
4252,3.594599096883871e-12,3.8803121628235505e-12,-2.8571306593967967e-13,1
4253,1.7661262964467323e-13,4.098553305037756e-13,-2.3324270085910236e-13,1
4254,2.978537437270325e-13,2.9552759589207106e-13,2.326147834961426e-15,0
4255,1.2803237883419664e-12,1.4645519968572191e-12,-1.8422820851525278e-13,1
4256,3.50553168102379e-13,5.971713083817455e-13,-2.4661814027936654e-13,1
4257,5.434356570944187e-13,3.9028529606158677e-13,1.5315036103283192e-13,0
4258,6.641296719623475e-13,6.83704753231682e-13,-1.957508126933453e-14,1
4259,3.4828622062308543e-13,6.101171238990499e-13,-2.618309032759644e-13,1
4260,3.9031417426100986e-13,2.3055637645030253e-13,1.5975779781070733e-13,0
4261,6.390442029615169e-13,5.82636468649722e-13,5.640773431179486e-14,0
4262,5.786974916883829e-13,5.375787139289523e-13,4.111877775943063e-14,0
4263,4.351112961874067e-13,3.2964917805816674e-13,1.0546211812923998e-13,0
4264,3.654315313447062e-13,3.432629275157627e-13,2.216860382894347e-14,0
4265,1.2160050891089738e-13,3.6466597912511513e-13,-2.4306547021421773e-13,1
4266,6.654631205167449e-13,6.59290981624821e-13,6.172138891923822e-15,0
4267,2.7949724272198423e-13,5.591655247614415e-13,-2.7966828203945723e-13,1
4268,2.1137563998943606e-13,3.220879877487507e-13,-1.1071234775931462e-13,1
4269,4.0127772167487064e-13,4.5378608066854064e-13,-5.250835899367e-14,1
4270,3.72522026082898e-13,6.25586472617955e-13,-2.5306444653505697e-13,1
4271,2.2873191144160566e-13,2.7622884331675634e-13,-4.749693187515068e-14,1
4272,1.782723017268575e-13,4.432601608347104e-13,-2.649878591078529e-13,1
4273,4.0833628396836387e-13,6.756633186793748e-13,-2.673270347110109e-13,1
4274,5.125579681966097e-13,7.210851955873861e-13,-2.0852722739077637e-13,1
4275,1.7071511638895038e-13,3.3586106952557695e-13,-1.6514595313662657e-13,1
4276,1.640073429501091e-12,1.487171714950207e-12,1.5290171455088413e-13,0
4277,1.8856596437112086e-13,4.0156456347127737e-13,-2.1299859910015651e-13,1
4278,3.7246866329162963e-13,5.600499543018295e-13,-1.8758129101019988e-13,1
4279,2.7141022887089935e-13,4.782582410640337e-13,-2.0684801219313436e-13,1
4280,3.5788408943670196e-13,6.368543383435652e-13,-2.7897024890686327e-13,1
4281,1.2887196635802525e-11,1.3013005621258284e-11,-1.258089854557589e-13,1
4282,2.447084644850078e-13,4.2865618565559275e-13,-1.8394772117058496e-13,1
4283,1.4277996457214742e-12,1.6921412156662474e-12,-2.643415699447733e-13,1
4284,3.685047925730148e-13,6.318481641837381e-13,-2.6334337161072326e-13,1
4285,1.1655900991343754e-11,1.1475993748598539e-11,1.7990724274521508e-13,0
4286,2.0652103130437433e-13,4.457343053771699e-13,-2.392132740727956e-13,1
4287,2.7790768721283994e-12,2.7405432155695346e-12,3.853365655886485e-14,0
4288,1.0226961972587301e-13,3.9860587867923075e-13,-2.9633625895335775e-13,1
4289,1.1804554212610576e-12,1.2795502921387502e-12,-9.909487087769263e-14,1
4290,1.518198233190245e-12,1.6981187784213848e-12,-1.799205452311398e-13,1
4291,4.18674701789311e-13,7.237390979795272e-13,-3.0506439619021626e-13,1
4292,3.42108110444132e-13,5.503577244046564e-13,-2.0824961396052442e-13,1
4293,8.781420501280575e-14,4.0815232841306304e-13,-3.203381234002573e-13,1
4294,3.735965038623081e-13,3.5021607919525974e-13,2.3380424667048384e-14,0
4295,2.8304521689271695e-13,2.5252485700638063e-13,3.052035988633632e-14,0
4296,8.887636925313702e-12,8.64438684156573e-12,2.432500837479716e-13,0
4297,2.9186167040550086e-12,3.097572028942165e-12,-1.789553248871565e-13,1
4298,9.641024055805557e-13,1.1101405799772878e-12,-1.460381743967321e-13,1
4299,2.7601733062387567e-13,5.544625600224301e-13,-2.784452293985544e-13,1
4300,3.7206942319147266e-13,3.7796932416237065e-13,-5.899900970897991e-15,1
4301,5.569002884458128e-13,5.733282493550644e-13,-1.6427960909251606e-14,1
4302,4.460197152251995e-13,5.312695184361067e-13,-8.524980321090723e-14,1
4303,5.467962433099854e-13,8.294302692420769e-13,-2.8263402593209157e-13,1
4304,1.7699408181527185e-12,1.5704511598789327e-12,1.9948965827378582e-13,0
4305,1.1985540103217036e-11,1.2159419306800307e-11,-1.738792035832717e-13,1
4306,7.320755272234555e-11,7.24134007594218e-11,7.94151962923746e-13,0
4307,4.399917509456456e-12,4.648220553768178e-12,-2.4830304431172147e-13,1
4308,3.2002485425371784e-13,5.825014160672515e-13,-2.624765618135337e-13,1
4309,1.6201704170598022e-12,1.6231183522007664e-12,-2.9479351409642204e-15,1
4310,4.831008116792982e-13,3.799548227154341e-13,1.0314598896386409e-13,0
4311,7.112144450901252e-13,8.310404789056897e-13,-1.1982603381556452e-13,1
4312,1.8514696302856326e-12,2.0336818749288598e-12,-1.822122446432272e-13,1
4313,1.3963038658557486e-13,3.1381439531829604e-13,-1.7418400873272118e-13,1
4314,2.8175081723859643e-13,3.236799866771693e-13,-4.192916943857286e-14,1
4315,9.080405661904581e-13,1.1624031504993234e-12,-2.5436258430886535e-13,1
4316,2.5337620278145065e-13,4.42486306900874e-13,-1.8911010411942336e-13,1
4317,1.5737423919827103e-13,4.27399680477545e-13,-2.70025441279274e-13,1
4318,8.984235947339771e-13,1.009306417671165e-12,-1.10882822937188e-13,1
4319,1.1296767028599893e-11,1.1056774130258318e-11,2.399928983415753e-13,0
4320,6.356894943523737e-12,6.2127285327458714e-12,1.4416641077786543e-13,0
4321,5.948389871950046e-13,5.242819719830661e-13,7.055701521193844e-14,0
4322,4.360450442098562e-12,4.381718190997709e-12,-2.1267748899146483e-14,1
4323,5.270669802079778e-13,7.550130237424003e-13,-2.279460435344225e-13,1
4324,2.697653522280211e-13,5.798453733897514e-13,-3.1008002116173034e-13,1
4325,3.802220400766467e-13,4.1455767473664417e-13,-3.4335634659997484e-14,1
4326,7.926326214554358e-14,4.048590686673866e-13,-3.2559580652184303e-13,1
4327,6.109173690015771e-13,8.497443731482863e-13,-2.388270041467092e-13,1
4328,4.611237688830147e-13,2.980807876035705e-13,1.630429812794442e-13,0
4329,6.522567433583559e-13,7.107437451353342e-13,-5.84870017769783e-14,1
4330,2.1359360013829942e-13,3.828458084710462e-13,-1.692522083327468e-13,1
4331,1.7354771898897088e-12,1.6292928595699672e-12,1.0618433031974163e-13,0
4332,1.7206402004706835e-13,3.428315553898865e-13,-1.7076753534281816e-13,1
4333,2.145066072075141e-12,2.3218245278181406e-12,-1.7675845574299954e-13,1
4334,3.3180565647004993e-13,3.1942752609822587e-13,1.2378130371824062e-14,0
4335,3.240401572771169e-13,2.66940843975504e-13,5.709931330161287e-14,0
4336,5.237132712067345e-13,6.445034682515607e-13,-1.2079019704482622e-13,1
4337,1.6703564735060055e-12,1.5070659525240736e-12,1.632905209819319e-13,0
4338,1.0012998177725596e-12,1.1906630332888722e-12,-1.8936321551631264e-13,1
4339,6.132872583800263e-12,5.895131324134335e-12,2.3774125966592743e-13,0
4340,4.777064407616303e-13,4.716547318252428e-13,6.051708936387416e-15,0
4341,9.45151949138138e-13,1.2523891020640238e-12,-3.0723715292588584e-13,1
4342,2.6839656875470326e-13,5.004742760020616e-13,-2.3207770724735833e-13,1
4343,2.6749979722878405e-13,3.323449778779063e-13,-6.484518064912227e-14,1
4344,5.278125808104041e-13,4.021859392299513e-13,1.256266415804528e-13,0
4345,2.821603685941196e-13,5.372205432704344e-13,-2.5506017467631477e-13,1
4346,9.645781425493501e-14,3.921050660670238e-13,-2.9564725181208876e-13,1
4347,1.0335027728051643e-12,8.670366001927524e-13,1.6646617261241183e-13,0
4348,1.1964849975214878e-13,2.780243494061528e-13,-1.58375849654004e-13,1
4349,2.1188408628488805e-13,4.822533593422474e-13,-2.7036927305735934e-13,1
4350,1.3413376140790145e-12,1.324327287265696e-12,1.7010326813318572e-14,0
4351,1.1200505387138666e-11,1.110149531085682e-11,9.901007628184686e-14,0
4352,2.8105968120727124e-13,5.106072754232307e-13,-2.295475942159595e-13,1
4353,6.454102974865141e-12,6.58509104287212e-12,-1.3098806800697929e-13,1
4354,2.1162392696501535e-12,2.1803070571846795e-12,-6.406778753452599e-14,1
4355,8.415990146126234e-14,3.8421003984076276e-13,-3.0005013837950044e-13,1
4356,1.442315419014199e-12,1.4411178000430321e-12,1.1976189711668847e-15,0
4357,2.776627661845942e-13,3.8529895439034373e-13,-1.0763618820574955e-13,1
4358,3.763495782658753e-13,6.727804256849453e-13,-2.9643084741907e-13,1
4359,4.1452337945670163e-13,7.287725675161163e-13,-3.142491880594147e-13,1
4360,2.0934247643214058e-13,3.4076983657810784e-13,-1.3142736014596726e-13,1
4361,5.715589819014706e-13,6.170946974346186e-13,-4.553571553314799e-14,1
4362,7.883863847810292e-13,8.195916651826569e-13,-3.120528040162766e-14,1
4363,3.645178657977703e-13,6.792321541226458e-13,-3.147142883248755e-13,1
4364,4.725679996627571e-13,5.504035888120031e-13,-7.783558914924595e-14,1
4365,1.1322969809526348e-12,1.1992459920857797e-12,-6.694901113314489e-14,1
4366,6.537335901199018e-13,9.348107968864548e-13,-2.8107720676655304e-13,1
4367,1.4760540608808976e-12,1.3315285752559345e-12,1.4452548562496311e-13,0
4368,3.415015804461205e-13,5.75882161737894e-13,-2.343805812917735e-13,1
4369,6.582186338111405e-13,8.128478691321254e-13,-1.5462923532098491e-13,1
4370,4.607963763617603e-13,4.657273468448088e-13,-4.9309704830485116e-15,1
4371,5.679169650042453e-13,6.568652449708308e-13,-8.894827996658551e-14,1
4372,8.848557866771308e-13,1.060360674010733e-12,-1.755048873336021e-13,1
4373,1.1788683169453997e-12,1.4648165733839636e-12,-2.8594825643856387e-13,1
4374,4.52079078415076e-11,4.6008317739390024e-11,-8.004098978824247e-13,1
4375,1.2285730867228112e-13,4.227926182289898e-13,-2.9993530955670867e-13,1
4376,6.098015267053203e-13,7.780680243507466e-13,-1.682664976454263e-13,1
4377,9.038224187153394e-13,7.114889131540738e-13,1.9233350556126557e-13,0
4378,7.064810864325487e-12,7.0727800556396755e-12,-7.96919131418832e-15,1
4379,6.209667675692192e-13,7.134225614618528e-13,-9.245579389263351e-14,1
4380,2.844830033858752e-11,2.8569837489296055e-11,-1.215371507085342e-13,1
4381,4.100053957967947e-13,5.40320225755715e-13,-1.303148299589203e-13,1
4382,6.943826354961051e-13,6.581370403183248e-13,3.624559517778033e-14,0
4383,1.24658563681488e-12,1.0306818322326365e-12,2.1590380458224343e-13,0
4384,1.3223359621617295e-12,1.0965368206365872e-12,2.2579914152514226e-13,0
4385,1.4686754558241292e-12,1.4704356671407103e-12,-1.7602113165811179e-15,1
4386,5.184826805187424e-13,3.4805398848023997e-13,1.7042869203850244e-13,0
4387,1.345335215103544e-12,1.1005130557303008e-12,2.4482215937324315e-13,0
4388,8.735586722759753e-13,9.48113293332826e-13,-7.455462105685078e-14,1
4389,2.0002848021985806e-12,1.9918733993079176e-12,8.411402890662988e-15,0
4390,7.299718176514489e-13,6.355285025531013e-13,9.444331509834762e-14,0
4391,1.896990550976433e-13,3.4491772812130355e-13,-1.5521867302366025e-13,1
4392,5.143226764116771e-13,6.835059959719999e-13,-1.6918331956032276e-13,1
4393,6.669423109019519e-13,8.138224858819767e-13,-1.4688017498002486e-13,1
4394,1.105158665746974e-12,1.3487916592312713e-12,-2.4363299348429726e-13,1
4395,4.155513612798864e-13,7.010729167456088e-13,-2.8552155546572243e-13,1
4396,1.0196482881202698e-11,1.0420001533939261e-11,-2.2351865273656294e-13,1
4397,7.914635990196484e-12,8.005949109084822e-12,-9.131311888833821e-14,1
4398,6.300471088707325e-12,6.005103301580731e-12,2.953677871265943e-13,0
4399,5.238152336904348e-13,6.891399751424579e-13,-1.6532474145202315e-13,1
4400,1.1719389416247185e-12,1.3436825516667185e-12,-1.71743610042e-13,1
4401,3.795815366441071e-13,5.106437368335085e-13,-1.310622001894014e-13,1
4402,5.203473812978088e-13,8.130461583741703e-13,-2.926987770763615e-13,1
4403,1.915851886691031e-12,1.8608961923011975e-12,5.495569438983363e-14,0
4404,5.652550955691809e-13,7.984651442845077e-13,-2.332100487153268e-13,1
4405,2.6276602986652703e-13,3.593445385372324e-13,-9.657850867070536e-14,1
4406,2.1599896035887506e-13,3.000039064173165e-13,-8.400494605844142e-14,1
4407,1.1577290345921785e-11,1.1834035994296449e-11,-2.56745648374664e-13,1
4408,3.9012953642435987e-13,6.546188045318119e-13,-2.64489268107452e-13,1
4409,4.249923851875762e-13,4.4636934775273286e-13,-2.137696256515665e-14,1
4410,3.806615752975095e-13,3.341793830758339e-13,4.64821922216756e-14,0
4411,2.2270681731487168e-12,2.008873782722153e-12,2.181943904265638e-13,0
4412,5.718294835273433e-13,8.219229401706055e-13,-2.5009345664326215e-13,1
4413,7.545197890081044e-13,7.072225151531385e-13,4.72972738549659e-14,0
4414,2.9385644232904723e-13,6.102439015108388e-13,-3.1638745918179156e-13,1
4415,1.0692369652916167e-12,1.2407709028925055e-12,-1.715339376008888e-13,1
4416,1.2420302922540754e-12,1.0984885380318826e-12,1.435417542221928e-13,0
4417,8.730693004632188e-13,1.0963058392934116e-12,-2.2323653883019285e-13,1
4418,1.1128500816477823e-12,9.677811441745393e-13,1.4506893747324295e-13,0
4419,1.450628935130271e-13,3.4905517382249246e-13,-2.0399228030946535e-13,1
4420,8.652188977050129e-13,6.711306420530581e-13,1.9408825565195482e-13,0
4421,4.890407221549545e-13,4.4910917831212464e-13,3.9931543842829865e-14,0
4422,1.421154463014265e-12,1.234302254266367e-12,1.8685220874789806e-13,0
4423,1.894551684044574e-12,2.1841662317732075e-12,-2.8961454772863334e-13,1
4424,1.482727334492527e-12,1.558346095610133e-12,-7.561876111760603e-14,1
4425,1.3183732518668897e-12,1.1366178489372234e-12,1.8175540292966632e-13,0
4426,5.86140791443013e-13,4.518787885061529e-13,1.342620029368601e-13,0
4427,4.347222816835545e-13,5.969421755953267e-13,-1.622198939117722e-13,1
4428,1.1534945966409326e-12,9.997208152586128e-13,1.5377378138231984e-13,0
4429,6.039234613673236e-13,6.936906363792687e-13,-8.976717501194516e-14,1
4430,3.2070668457090514e-13,6.101454738517027e-13,-2.894387892807975e-13,1
4431,4.2758328766977474e-13,6.354752989892384e-13,-2.078920113194636e-13,1
4432,4.94357111684251e-13,5.595224686320152e-13,-6.516535694776427e-14,1
4433,8.442760155053938e-13,1.0933150791751459e-12,-2.490390636697521e-13,1
4434,3.9365478825849335e-13,5.893578074288575e-13,-1.957030191703641e-13,1
4435,1.0659770161839457e-11,1.0897084826004518e-11,-2.3731466416506064e-13,1
4436,1.1842957648325042e-12,9.81016563748062e-13,2.0327920108444212e-13,0
4437,3.740986608955342e-12,3.893746980235746e-12,-1.527603712804035e-13,1
4438,1.010802763345273e-11,1.0109828497724036e-11,-1.8008642713058487e-15,1
4439,3.5119798621313154e-12,3.2637200031972422e-12,2.4825985893407317e-13,0
4440,4.493043415598318e-12,4.383968937425171e-12,1.0907447817314704e-13,0
4441,1.846373201235331e-13,3.138257639162218e-13,-1.2918844379268867e-13,1
4442,5.1984142365781976e-12,5.323777595474309e-12,-1.253633588961111e-13,1
4443,6.563924086685688e-13,8.575006117329355e-13,-2.0110820306436662e-13,1
4444,2.1973928751212506e-13,3.3853090532327765e-13,-1.187916178111526e-13,1
4445,3.513267906903785e-13,5.010438652759128e-13,-1.4971707458553427e-13,1
4446,6.867249727580383e-13,9.35602674297319e-13,-2.4887770153928076e-13,1
4447,8.383684907976e-12,8.209649004819032e-12,1.7403590315696832e-13,0
4448,4.733823407126054e-11,4.621670415664859e-11,1.1215299146119512e-12,0
4449,4.062262020231977e-13,4.1156964054962905e-13,-5.343438526431348e-15,1
4450,4.1906153812850375e-13,6.807140424033999e-13,-2.6165250427489614e-13,1
4451,6.627746086313939e-13,8.368616658751706e-13,-1.7408705724377676e-13,1
4452,9.58080419989283e-13,1.1038376046979605e-12,-1.4575718470867738e-13,1
4453,1.0761323609407352e-13,3.9403362469274886e-13,-2.864203885986753e-13,1
4454,5.299067382192223e-13,6.664133595643185e-13,-1.3650662134509627e-13,1
4455,1.0036467321752615e-13,3.497688679630728e-13,-2.4940419474554663e-13,1
4456,1.248715849736905e-12,1.1870846206080884e-12,6.16312291288166e-14,0
4457,3.189748364595349e-12,3.41674615113948e-12,-2.2699778654413068e-13,1
4458,8.206889409959051e-13,7.565300482095554e-13,6.41588927863497e-14,0
4459,6.974169076493159e-13,9.694968242063627e-13,-2.720799165570468e-13,1
4460,2.59745301597725e-12,2.8075857016793165e-12,-2.1013268570206636e-13,1
4461,6.085920854158928e-13,8.925130499726485e-13,-2.8392096455675563e-13,1
4462,9.24932088349302e-14,3.0890812877086425e-13,-2.1641491993593405e-13,1
4463,5.738219233775366e-13,7.75399173296937e-13,-2.0157724991940044e-13,1
4464,4.0339062022955527e-13,7.380026068618916e-13,-3.346119866323363e-13,1
4465,2.8159567068609746e-13,6.190610305533729e-13,-3.374653598672755e-13,1
4466,3.863758406666157e-13,4.1417249871666797e-13,-2.779665805005228e-14,1
4467,1.517427069349215e-13,4.441414926431515e-13,-2.9239878570823e-13,1
4468,2.93443593515519e-13,4.832837804504458e-13,-1.8984018693492683e-13,1
4469,4.0816646214159825e-13,5.526261988482663e-13,-1.4445973670666803e-13,1
4470,1.4206031812494866e-13,2.6865010838415353e-13,-1.2658979025920487e-13,1
4471,7.153742072899726e-13,4.72178391071055e-13,2.431958162189176e-13,0
4472,1.876039863179852e-12,1.798918298028238e-12,7.712156515161416e-14,0
4473,1.3254591020130352e-11,1.3451652002896702e-11,-1.9706098276635084e-13,1
4474,7.870826332313975e-10,7.226388204058121e-10,6.444381282558533e-11,0
4475,1.087061987520232e-11,1.114351275754875e-11,-2.7289288234642983e-13,1
4476,3.5699016721458347e-13,3.97012086571737e-13,-4.002191935715351e-14,1
4477,4.0667463287682594e-13,5.504317661867702e-13,-1.4375713330994422e-13,1
4478,8.438164293295015e-14,3.415990996767861e-13,-2.5721745674383595e-13,1
4479,9.093904840929278e-14,3.8193227641773014e-13,-2.9099322800843736e-13,1
4480,1.145858120462015e-13,3.748476255889146e-13,-2.602618135427131e-13,1
4481,2.728944432168523e-13,5.022436119391919e-13,-2.293491687223396e-13,1
4482,7.736524806568478e-13,9.77238330596986e-13,-2.0358584994013813e-13,1
4483,5.140432621358738e-13,6.910106511277359e-13,-1.7696738899186215e-13,1
4484,2.4448344773465877e-13,4.103632066011923e-13,-1.6587975886653354e-13,1
4485,1.1149853616189113e-12,1.088078329876863e-12,2.6907031742048303e-14,0
4486,2.188026626945267e-13,4.851113378428118e-13,-2.6630867514828515e-13,1
