Sample,Raw_RMSE,Wavelet_RMSE,Raw_minus_Wavelet_RMSE,Wavelet_harmful_modification,Wavelet_improved,Wavelet_threshold,Wavelet_sigma_MAD
1,1.0784838762371588e-11,1.700607083200201e-11,-6.221232069630422e-12,1,0,3.001231369299891e-11,1.1049363153325162e-11
2,1.5913919619697777e-13,2.5900671702123543e-13,-9.986752082425766e-14,1,0,5.566867908306504e-13,2.0495036062420926e-13
3,5.045058536158818e-13,6.8366480736095e-13,-1.7915895374506822e-13,1,0,8.833986941882635e-13,3.2523293875661266e-13
4,1.2579800278982006e-13,2.1130728211215462e-13,-8.550927932233456e-14,1,0,4.821129434941921e-13,1.7749517908139557e-13
5,2.6224414468722575e-12,3.215718118035956e-12,-5.932766711636985e-13,1,0,6.152721267523849e-12,2.2651919595894708e-12
6,3.3760500352719977e-13,4.965641826978275e-13,-1.5895917917062778e-13,1,0,1.007565012144476e-12,3.709461334320859e-13
7,1.7429878545664604e-13,2.60362167548739e-13,-8.606338209209298e-14,1,0,4.297882808424246e-13,1.5823127942245402e-13
8,5.064063477273324e-13,6.291962622577832e-13,-1.227899145304508e-13,1,0,7.850634001361076e-13,2.890297194418436e-13
9,1.2221834502057363e-12,1.4724871881925854e-12,-2.503037379868491e-13,1,0,2.125616381311647e-12,7.825690335646504e-13
10,8.86580601639711e-12,8.972223181508209e-12,-1.0641716511109844e-13,1,0,8.340680514505325e-12,3.0707132043648683e-12
11,2.9334260630963746e-13,3.4269103528097054e-13,-4.934842897133308e-14,1,0,6.38054513117966e-13,2.3490678190209253e-13
12,2.952465684005593e-13,3.308549110482666e-13,-3.5608342647707254e-14,1,0,4.157685594340065e-13,1.530697648942957e-13
13,3.105407251879214e-13,3.4690859483145815e-13,-3.636786964353677e-14,1,0,5.202394532049419e-13,1.9153187268229997e-13
14,2.1444627003763e-13,2.6472214224996676e-13,-5.027587221233677e-14,1,0,3.3341870087012127e-13,1.2275175935147108e-13
15,1.4722626815289945e-12,1.7898002248567645e-12,-3.1753754332777e-13,1,0,4.080918204255983e-12,1.5024348905282376e-12
16,6.670357248459049e-14,8.577788605274028e-14,-1.9074313568149792e-14,1,0,2.0044024462559316e-13,7.379427911038233e-14
17,5.48943362885024e-13,9.075471693446054e-13,-3.586038064595814e-13,1,0,1.5788502242192966e-12,5.812710632895123e-13
18,1.1552552516893209e-11,1.5954555568774727e-11,-4.402003051881518e-12,1,0,3.5460376651443116e-11,1.3055127411482695e-11
19,2.6002968930063297e-12,3.0681084352046908e-12,-4.678115421983611e-13,1,0,5.696575976397439e-12,2.097257057139392e-12
20,1.7989279178300991e-12,2.5156622460544372e-12,-7.167343282243381e-13,1,0,4.000671702593768e-12,1.4728912589468922e-12
21,1.542072164367391e-13,2.3197572651800627e-13,-7.776851008126717e-14,1,0,4.2620347841834875e-13,1.5691149500923916e-13
22,1.0451914099964101e-13,1.736378005593873e-13,-6.911865955974628e-14,1,0,2.9668749495548133e-13,1.0922876217897726e-13
23,9.361861142930306e-13,1.650914265744236e-12,-7.147281514512055e-13,1,0,2.911989547786671e-12,1.072080957879891e-12
24,9.46487665338232e-13,1.060753762598066e-12,-1.14266097259834e-13,1,0,2.5199948561283465e-12,9.277638037073048e-13
25,9.855184333506867e-13,1.0222300578615462e-12,-3.671162451085947e-14,1,0,2.188527356328138e-12,8.05730400475497e-13
26,5.576253849911537e-13,5.913760379853534e-13,-3.375065299419965e-14,1,0,8.998071244555914e-13,3.3127388270562955e-13
27,4.2076206869011947e-13,6.056187345622081e-13,-1.8485666587208858e-13,1,0,9.707686338688598e-13,3.5739914233858515e-13
28,6.896884822411183e-13,7.358786902463018e-13,-4.61902080051835e-14,1,0,1.447448067365472e-12,5.328939149943179e-13
29,1.7514943990482942e-11,1.9271713670975388e-11,-1.7567696804924464e-12,1,0,3.5381845010536456e-11,1.302621512473665e-11
30,1.040831023528697e-12,1.1255945777839863e-12,-8.476355425528926e-14,1,0,1.9323643405499807e-12,7.114211707127784e-13
31,2.1114879966108863e-12,2.1945293665554383e-12,-8.3041369944552e-14,1,0,3.252846277877047e-12,1.197571109440651e-12
32,1.215231337581968e-12,1.218782522923745e-12,-3.5511853417769306e-15,1,0,2.2064914902585196e-12,8.123440938269051e-13
33,4.033085497520431e-13,4.833704311912759e-13,-8.006188143923275e-14,1,0,6.720289276245801e-13,2.47414836017652e-13
34,7.639724697752526e-14,1.8843279218161755e-13,-1.120355452040923e-13,1,0,4.1630245872571e-13,1.5326632578665738e-13
35,2.1797419049346468e-13,3.815527177917835e-13,-1.635785272983188e-13,1,0,7.832297490980741e-13,2.8835464065841643e-13
36,2.6016409207013325e-12,3.5455374039947605e-12,-9.43896483293428e-13,1,0,7.2482441829001324e-12,2.6685207618472524e-12
37,9.192386786855657e-13,1.4023446767516046e-12,-4.831059980660389e-13,1,0,2.7228022861875743e-12,1.0024295881529654e-12
38,2.1432718371410786e-13,5.617122834213958e-13,-3.473850997072879e-13,1,0,1.2384018373136015e-12,4.559312477603187e-13
39,6.444156440190201e-13,9.553804914501857e-13,-3.1096484743116556e-13,1,0,1.5067049465755563e-12,5.547099863716366e-13
40,2.307056842499231e-13,3.420526951089855e-13,-1.113470108590624e-13,1,0,5.126858018512291e-13,1.8875091291376842e-13
41,3.8143585080615295e-13,5.117154479566584e-13,-1.3027959715050541e-13,1,0,8.66445482753938e-13,3.189914276332412e-13
42,6.445870847691121e-13,7.458822224919062e-13,-1.0129513772279411e-13,1,0,8.165873766972066e-13,3.006356178948425e-13
43,4.023977120518472e-13,4.2499111321943925e-13,-2.2593401167592043e-14,1,0,8.010259433500636e-13,2.9490650517138865e-13
44,2.6601679166894862e-11,2.5629593548979695e-11,9.720856179151678e-13,0,1,5.618719586892577e-11,2.068593371618651e-11
45,3.432997735794639e-11,4.9433935072663423e-11,-1.5103957714717034e-11,1,0,1.086967569268136e-10,4.001790575557141e-11
46,1.596849729646085e-12,1.5390070329807565e-12,5.784269666532842e-14,0,1,1.6513283499149846e-12,6.079546818760667e-13
47,5.701762612085992e-13,9.54511962980664e-13,-3.843357017720649e-13,1,0,1.6901886940594548e-12,6.222615446893661e-13
48,3.45895478124692e-13,3.866058167842617e-13,-4.071033865956967e-14,1,0,5.936379489549121e-13,2.1855433562018406e-13
49,6.254700458824888e-13,6.50291950910161e-13,-2.48219050276722e-14,1,0,1.3167971272750835e-12,4.847933354072537e-13
50,1.8156764326715755e-12,1.8957441768608435e-12,-8.006774418926804e-14,1,0,3.0037255410276232e-12,1.1058545720676809e-12
51,1.156176242386541e-13,1.705020602320814e-13,-5.488443599342731e-14,1,0,3.750099732801929e-13,1.3806404342155786e-13
52,1.6791767232467455e-13,2.317576139304139e-13,-6.383994160573934e-14,1,0,3.745485436369477e-13,1.378941630267946e-13
53,4.498828685130623e-12,4.769251196475083e-12,-2.7042251134446e-13,1,0,7.582527429236154e-12,2.7915908131142687e-12
54,2.654703863678579e-13,3.2213510422371787e-13,-5.6664717855859996e-14,1,0,4.5451547095788104e-13,1.673348662415777e-13
55,1.446046270421192e-13,1.9029749581800394e-13,-4.569286877588473e-14,1,0,3.7706973576251634e-13,1.3882236761840563e-13
56,4.1432450816276815e-13,5.342808465684749e-13,-1.199563384057067e-13,1,0,8.678467129938098e-13,3.1950730594706063e-13
57,3.41484278538024e-13,6.009769545486465e-13,-2.5949267601062247e-13,1,0,1.2717823779417832e-12,4.682206606802278e-13
58,6.635667136452155e-14,1.4203206935627415e-13,-7.56753979917526e-14,1,0,2.9203659662117787e-13,1.075164828388842e-13
59,1.3322581335438794e-12,1.3878275463931613e-12,-5.556941284928186e-14,1,0,2.3616632062805914e-12,8.694722665826255e-13
60,5.659848369659031e-13,8.029339326573727e-13,-2.3694909569146964e-13,1,0,1.1624079541006909e-12,4.279532644018845e-13
61,1.0543568716732666e-12,1.6551803117568208e-12,-6.008234400835543e-13,1,0,3.84562872774227e-12,1.4158104836681212e-12
62,4.611827518629268e-13,6.150665918122944e-13,-1.5388383994936756e-13,1,0,7.401551874204762e-13,2.724962673415632e-13
63,2.0857877851418705e-13,3.478259380593103e-13,-1.3924715954512323e-13,1,0,5.420976271763594e-13,1.995791996744569e-13
64,8.643342445355014e-13,1.2367503965799103e-12,-3.7241615204440883e-13,1,0,2.162727314547593e-12,7.962318315240903e-13
65,4.054968336448436e-13,4.752903537386526e-13,-6.979352009380899e-14,1,0,4.976505270923364e-13,1.832155112576214e-13
66,3.155745164410265e-13,4.831443663075347e-13,-1.6756984986650815e-13,1,0,1.0142645635727109e-12,3.734126469255862e-13
67,5.537842307241035e-13,7.316233221047401e-13,-1.7783909138063662e-13,1,0,1.0761155061476811e-12,3.9618375124220306e-13
68,4.2542280936411117e-13,6.292897741309724e-13,-2.038669647668612e-13,1,0,9.112378222859506e-13,3.354822197474028e-13
69,4.787534225492258e-13,6.55774829895571e-13,-1.770214073463452e-13,1,0,9.482063136363625e-13,3.4909257616109536e-13
70,5.257814258584932e-13,9.81413993912503e-13,-4.556325680540098e-13,1,0,1.873123368004476e-12,6.896109555488558e-13
71,5.409886367263224e-13,6.537260525226733e-13,-1.1273741579635089e-13,1,0,1.0681813021640044e-12,3.9326268684027214e-13
72,5.835575179757029e-13,7.947750852705603e-13,-2.1121756729485742e-13,1,0,1.0586792830040709e-12,3.89764414049246e-13
73,1.0222141827875558e-12,8.95658826171196e-13,1.265553566163598e-13,0,1,1.556367993948479e-12,5.729939831116888e-13
74,7.350811278696733e-13,7.623185687683506e-13,-2.723744089867726e-14,1,0,1.0815365398706652e-12,3.981795643902459e-13
75,3.7583900820530893e-13,4.77298807382323e-13,-1.014597991770141e-13,1,0,1.2340019099553873e-12,4.5431136614351087e-13
76,3.7181972330440305e-13,6.911033508678664e-13,-3.1928362756346337e-13,1,0,1.3472966438036579e-12,4.960220676393732e-13
77,5.505955021986773e-12,7.607472878879709e-12,-2.1015178568929357e-12,1,0,1.3697727634837484e-11,5.042968981360588e-12
78,9.319274033213601e-13,1.2941017409197764e-12,-3.6217433759841626e-13,1,0,2.233051635928713e-12,8.221225033796362e-13
79,2.0445080225209485e-13,3.439451277409461e-13,-1.3949432548885124e-13,1,0,6.808052436634647e-13,2.5064593322841486e-13
80,3.974512913182264e-12,6.555843399401362e-12,-2.581330486219098e-12,1,0,1.4182091661409908e-11,5.221292921419032e-12
81,1.5200367527880673e-13,1.8276290030780073e-13,-3.0759225028994e-14,1,0,3.7924206826796387e-13,1.3962213570653078e-13
82,6.449752715781917e-13,1.2837032975191157e-12,-6.387280259409239e-13,1,0,2.5526917622089236e-12,9.398015290546424e-13
83,2.312724100442393e-13,5.077971261652524e-13,-2.765247161210131e-13,1,0,1.0792766005176453e-12,3.9734754287829453e-13
84,1.8386041809632673e-12,2.501838454938643e-12,-6.632342739753759e-13,1,0,4.422368594698587e-12,1.628143604672629e-12
85,1.2330394085151023e-13,1.8932619467896958e-13,-6.602225382745935e-14,1,0,3.836654686703903e-13,1.412506591825591e-13
86,2.5881698099350944e-11,3.0492218644280914e-11,-4.61052054492997e-12,1,0,5.117798033410358e-11,1.8841735960435354e-11
87,2.354679737874134e-12,2.4348675887096268e-12,-8.018785083549266e-14,1,0,4.1219862754714854e-12,1.5175545523280063e-12
88,2.234958431832115e-11,2.508401334517765e-11,-2.7344290268565e-12,1,0,3.8844862775717914e-11,1.4301163177236596e-11
89,4.5058123181466617e-13,4.658908124300419e-13,-1.5309580615375688e-14,1,0,8.827165710489691e-13,3.2498180762562264e-13
90,3.8404599551523435e-13,6.381847042607868e-13,-2.541387087455525e-13,1,0,1.2583409307082714e-12,4.632720441454094e-13
91,2.2933555261574504e-13,3.4659853646109343e-13,-1.172629838453484e-13,1,0,7.014933964780106e-13,2.582625040718926e-13
92,2.0028751983686275e-12,3.4016994162891613e-12,-1.3988242179205338e-12,1,0,6.260907478775677e-12,2.3050219023433563e-12
93,5.20237280837808e-14,8.486273084842166e-14,-3.283900276464086e-14,1,0,1.7532475422458082e-13,6.454773527329811e-14
94,1.205235459885804e-13,2.6121671078127004e-13,-1.4069316479268963e-13,1,0,5.574322873900256e-13,2.052248233763433e-13
95,1.524399762537846e-12,2.856075699826511e-12,-1.331675937288665e-12,1,0,5.9758798425250965e-12,2.2000858453008364e-12
96,1.2328348486999588e-13,1.7065983156222873e-13,-4.737634669223285e-14,1,0,3.5812494046318427e-13,1.318476330055071e-13
97,3.078861857535456e-13,4.495660682507298e-13,-1.4167988249718418e-13,1,0,9.58487657280058e-13,3.5287776582642336e-13
98,2.34740112245736e-13,2.9300552037829067e-13,-5.826540813255467e-14,1,0,4.570755813568622e-13,1.6827739902329877e-13
99,2.3393137091283863e-13,2.8035916585733113e-13,-4.64277949444925e-14,1,0,4.27862139658001e-13,1.5752214937506828e-13
100,9.72361929364738e-13,1.6200532199655015e-12,-6.476912906007634e-13,1,0,3.2264910632671253e-12,1.1878681475101692e-12
101,2.2153375039518224e-13,3.1441770224798006e-13,-9.288395185279782e-14,1,0,4.0222631127715027e-13,1.4808403739163873e-13
102,1.2379236087470775e-13,2.93513512791324e-13,-1.6972115191661627e-13,1,0,6.966431474786358e-13,2.564768315933777e-13
103,2.238772640747512e-13,2.3912758960874075e-13,-1.5250325533989536e-14,1,0,4.57316278364399e-13,1.6836601427213954e-13
104,1.857392352170793e-13,2.736358677088811e-13,-8.78966324918018e-14,1,0,4.859086839831552e-13,1.7889262266163236e-13
105,4.799292059575611e-13,9.14057380596606e-13,-4.3412817463904496e-13,1,0,1.7987145140415798e-12,6.622165181299716e-13
106,4.840056307340151e-13,5.276763859738281e-13,-4.3670755239813035e-14,1,0,1.0914872342824232e-12,4.018430219066494e-13
107,1.0930636601243155e-13,1.7591556419621592e-13,-6.660919818378437e-14,1,0,3.5161095045566696e-13,1.2944943598856136e-13
108,4.711391873118284e-13,6.912748834192781e-13,-2.2013569610744965e-13,1,0,1.204319047356557e-12,4.433832940315218e-13
109,6.315140683679237e-13,1.1028158384943827e-12,-4.713017701264591e-13,1,0,1.886142455177541e-12,6.944040755852343e-13
110,5.357218993785905e-13,5.620021177610454e-13,-2.6280218382454927e-14,1,0,8.414889582238588e-13,3.09803408828745e-13
111,2.8864444881703344e-13,4.4924823189358107e-13,-1.6060378307654763e-13,1,0,8.21777703063619e-13,3.0254649359384427e-13
112,1.404451348097447e-13,2.1146261258797817e-13,-7.101747777823348e-14,1,0,3.436774826790918e-13,1.2652864262936656e-13
113,1.6516761390699563e-13,2.183487049407179e-13,-5.318109103372227e-14,1,0,3.006044587014681e-13,1.106708354336598e-13
114,6.266067095744543e-13,9.24888871742658e-13,-2.982821621682036e-13,1,0,1.3944143776191786e-12,5.133689792175647e-13
115,8.553943618614296e-13,1.3516390492176763e-12,-4.962446873562467e-13,1,0,3.3706258455007205e-12,1.2409329517840211e-12
116,1.1777975047952934e-09,1.292534755144028e-09,-1.147372503487345e-10,1,0,1.1186085921257812e-09,4.118280478892498e-10
117,3.9506413261587633e-13,7.346253298116316e-13,-3.3956119719575524e-13,1,0,1.4721579105393195e-12,5.419911153462269e-13
118,5.171643677485075e-13,5.669156556432436e-13,-4.97512878947361e-14,1,0,8.327516772933892e-13,3.065866828221825e-13
119,1.0198034190530568e-13,1.3826410346943525e-13,-3.6283761564129575e-14,1,0,2.433024262559227e-13,8.957446237855111e-14
120,5.233687865345829e-12,6.058049528668701e-12,-8.243616633228715e-13,1,0,1.096530634704825e-11,4.036998052044913e-12
121,4.304767119095113e-13,4.639153295474755e-13,-3.343861763796423e-14,1,0,1.0552567224739665e-12,3.8850436077250776e-13
122,5.363142088942823e-13,8.492788842490595e-13,-3.1296467535477716e-13,1,0,1.6583006442678315e-12,6.105216086749977e-13
123,1.8251208146144212e-13,3.8676124146637624e-13,-2.0424916000493412e-13,1,0,8.360342881045537e-13,3.0779521207169677e-13
124,4.958845357887086e-13,6.838629931960649e-13,-1.8797845740735633e-13,1,0,9.509551551157838e-13,3.501045923644357e-13
125,6.711528860995027e-13,7.794411715024006e-13,-1.0828828540289788e-13,1,0,1.6522755455458194e-12,6.083034023582459e-13
126,6.283940251547937e-13,1.1196043957677584e-12,-4.912103706129647e-13,1,0,2.3651309555065246e-12,8.70748956574405e-13
127,3.0320196363340716e-13,3.8090006920599256e-13,-7.76981055725854e-14,1,0,5.525349146914479e-13,2.0342180179002729e-13
128,3.297505788882763e-13,5.232781022638795e-13,-1.9352752337560324e-13,1,0,1.2349476651851365e-12,4.546595563261988e-13
129,5.249197220334048e-10,4.974284267058096e-10,2.749129532759522e-11,0,1,8.854047092060188e-10,3.2597147523363785e-10
130,2.1145656969291625e-13,3.5331625944814976e-13,-1.418596897552335e-13,1,0,7.367570753007467e-13,2.712452150158185e-13
131,4.4374305940637317e-13,7.855907155938599e-13,-3.418476561874867e-13,1,0,1.6125777345874428e-12,5.936882169327558e-13
132,1.0942194866916876e-11,8.541558115163746e-12,2.4006367517531304e-12,0,1,2.3816803263995718e-11,8.768417893638678e-12
133,4.264406719578618e-13,5.650810446409699e-13,-1.3864037268310812e-13,1,0,7.78804042718585e-13,2.867252682115874e-13
134,6.964973979524396e-13,8.312594975836684e-13,-1.3476209963122873e-13,1,0,1.0565348611972492e-12,3.889749215915882e-13
135,8.087982498879185e-13,1.0531002770493313e-12,-2.443020271614128e-13,1,0,2.193757464372056e-12,8.076559222363153e-13
136,1.2748276140659128e-12,1.9864519594489994e-12,-7.116243453830866e-13,1,0,4.372867933320662e-12,1.6099193921214301e-12
137,9.86963827962153e-13,1.322910430363785e-12,-3.359466024016319e-13,1,0,1.6647785543817539e-12,6.129065224825601e-13
138,5.159360160488601e-13,8.157110785902516e-13,-2.997750625413915e-13,1,0,1.5597891609465177e-12,5.742535233442807e-13
139,3.7652215365825803e-13,5.06802306136301e-13,-1.3028015247804294e-13,1,0,9.469360691237232e-13,3.48624921682429e-13
140,1.8195127826537405e-13,3.35968209540498e-13,-1.5401693127512392e-13,1,0,6.379409614930844e-13,2.3486497662333924e-13
141,2.8052969493030877e-13,4.734719701838437e-13,-1.9294227525353493e-13,1,0,9.134240611309515e-13,3.3628710760727996e-13
142,6.523099314149775e-12,1.1401361957123575e-11,-4.878262642973799e-12,1,0,2.5112817431025566e-11,9.24555975380481e-12
143,4.4829793951689967e-13,6.83981423174253e-13,-2.3568348365735337e-13,1,0,1.5312364725647534e-12,5.637415372921211e-13
144,3.5978339656029216e-13,5.106452446308191e-13,-1.50861848070527e-13,1,0,7.390937850501452e-13,2.721055003929849e-13
145,3.3938654958923e-13,6.614360231210662e-13,-3.220494735318362e-13,1,0,1.4654083565594473e-12,5.395061928637601e-13
146,1.3746363297873696e-12,2.2011621330053327e-12,-8.265258032179631e-13,1,0,4.304372939559682e-12,1.5847022073354948e-12
147,1.5110513636673915e-13,2.3800510625445646e-13,-8.68999698877173e-14,1,0,4.474263365275885e-13,1.6472492348393835e-13
148,6.122284155443488e-13,6.406771753495744e-13,-2.844875980522564e-14,1,0,7.585235374517098e-13,2.792587772932647e-13
149,1.350446147997679e-13,1.5395702999675873e-13,-1.891241519699083e-14,1,0,3.0131521798721567e-13,1.1093250927670826e-13
150,9.332148038855894e-13,1.5054197662743865e-12,-5.722049623887971e-13,1,0,3.2994734911825296e-12,1.2147374305017298e-12
151,4.933475441614302e-13,5.524913457286752e-13,-5.914380156724499e-14,1,0,9.545665474037164e-13,3.514341661282803e-13
152,5.209513346296668e-13,8.135733867141822e-13,-2.9262205208451543e-13,1,0,1.471508535620986e-12,5.417520408327214e-13
153,2.5697722016914667e-12,5.285199706986205e-12,-2.7154275052947383e-12,1,0,1.1250963896629715e-11,4.1421660186036155e-12
154,5.375735841849843e-13,8.858020409957117e-13,-3.482284568107274e-13,1,0,1.6959349683894226e-12,6.243770987416102e-13
155,1.3932980747945162e-13,3.0878810364681486e-13,-1.6945829616736324e-13,1,0,5.793367097192553e-13,2.1328917720974747e-13
156,6.6544239246808105e-12,5.854105463970577e-12,8.003184607102339e-13,0,1,1.2587925013475791e-11,4.634382948395121e-12
157,5.227964060786564e-12,4.845404403652341e-12,3.825596571342225e-13,0,1,8.062464693489483e-12,2.9682849919701115e-12
158,1.0856368271745317e-13,1.6110856089815842e-13,-5.254487818070525e-14,1,0,3.037352227479823e-13,1.1182346062781065e-13
159,8.316794676075607e-13,8.84826725526032e-13,-5.314725791847132e-14,1,0,1.6391617397296006e-12,6.034754106123316e-13
160,5.95665486335572e-14,1.0151302649453891e-13,-4.194647786098171e-14,1,0,2.274115968527506e-13,8.372407887665718e-14
161,5.14157738808375e-13,6.372572730044013e-13,-1.2309953419602635e-13,1,0,6.676220374203059e-13,2.457923909525381e-13
162,4.775822397775203e-13,6.398261019981532e-13,-1.622438622206329e-13,1,0,1.0168437672864714e-12,3.7436220912099915e-13
163,3.1117517566795983e-12,4.7482225435772014e-12,-1.6364707868976031e-12,1,0,8.485988653151011e-12,3.1242099926982664e-12
164,6.032060893645315e-12,6.4684790292094056e-12,-4.364181355640908e-13,1,0,1.2346224033379644e-11,4.545398076021888e-12
165,2.512511376538952e-11,2.297277277526845e-11,2.1523409901210703e-12,0,1,6.528020163560262e-11,2.4033623730992995e-11
166,3.0182209767009987e-13,6.073006710908013e-13,-3.0547857342070144e-13,1,0,1.407143456557335e-12,5.180553295347628e-13
167,4.758193679694562e-13,4.665778778665278e-13,9.24149010292839e-15,0,1,6.255378383574298e-13,2.3029863051743317e-13
168,4.671884730699557e-13,4.488828883917135e-13,1.8305584678242197e-14,0,1,3.971768190810184e-13,1.4622501134034306e-13
169,5.217460243461336e-12,5.681371740066844e-12,-4.639114966055079e-13,1,0,1.2557089894769789e-11,4.6230306605327564e-12
170,2.0601711521891444e-13,3.653665291451709e-13,-1.5934941392625644e-13,1,0,7.909851939104732e-13,2.912098929066881e-13
171,8.792782062120355e-13,1.3595671938131747e-12,-4.802889876011393e-13,1,0,2.853349877674294e-12,1.0504921188156778e-12
172,1.5030913364427966e-13,1.9656919844941022e-13,-4.626006480513056e-14,1,0,4.0325278656341194e-13,1.4846194555033108e-13
173,9.450247824024838e-13,1.2471666803594414e-12,-3.0214189795695764e-13,1,0,2.8880288783248762e-12,1.0632595740642903e-12
174,3.117395625496541e-13,4.612046340101953e-13,-1.4946507146054122e-13,1,0,8.714686051978272e-13,3.208407453704171e-13
175,1.8724648457728855e-13,3.5548022996530626e-13,-1.6823374538801771e-13,1,0,6.910742649427315e-13,2.544265862798426e-13
176,5.055273458196575e-13,6.782216862166618e-13,-1.7269434039700423e-13,1,0,1.1325798550923942e-12,4.169717219094478e-13
177,1.4721511988696446e-12,1.724278706525138e-12,-2.521275076554934e-13,1,0,1.8890286811732987e-12,6.954666714082659e-13
178,4.781136573369938e-13,7.046710140807567e-13,-2.265573567437629e-13,1,0,1.3874623168691199e-12,5.10809501641889e-13
179,7.213843030761659e-13,8.671854781003332e-13,-1.4580117502416728e-13,1,0,1.358447756466378e-12,5.001274723287419e-13
180,3.6810187300473857e-13,5.088615054245317e-13,-1.4075963241979311e-13,1,0,8.689062216919601e-13,3.198973757194121e-13
181,3.7180775096222605e-13,6.752084146123189e-13,-3.0340066365009284e-13,1,0,1.5267427202905193e-12,5.620871130012449e-13
182,4.754470485785684e-13,5.852536863138398e-13,-1.0980663773527138e-13,1,0,1.305813393576827e-12,4.807495531233252e-13
183,4.692200512240696e-13,7.333195309274989e-13,-2.640994797034293e-13,1,0,1.4231500565917103e-12,5.239483352669765e-13
184,7.929647873953784e-13,7.997351117213385e-13,-6.77032432596005e-15,1,0,1.0444238795021691e-12,3.845161305679748e-13
185,1.9981979839658688e-13,2.7119632342330287e-13,-7.137652502671599e-14,1,0,3.611537900419194e-13,1.329627372681967e-13
186,1.3844655407166272e-12,1.6878502820391934e-12,-3.0338474132256617e-13,1,0,2.2504494085187357e-12,8.285276845786776e-13
187,4.090372818510291e-13,3.876386491635284e-13,2.139863268750072e-14,0,1,8.782325146064506e-13,3.2333095296176006e-13
188,1.9089446479628577e-12,3.5326139338766493e-12,-1.6236692859137916e-12,1,0,6.8642696930920415e-12,2.5271563331363777e-12
189,8.975835886401886e-14,1.6264909113138706e-13,-7.28907322673682e-14,1,0,3.447637642695924e-13,1.2692856913629938e-13
190,2.7402881898261604e-13,3.62796679414291e-13,-8.876786043167498e-14,1,0,7.679898196647153e-13,2.8274389313449224e-13
191,3.416616271984461e-13,5.869541020739266e-13,-2.4529247487548046e-13,1,0,1.1697079365976916e-12,4.30640833192727e-13
192,6.363637165127422e-13,1.2497415496708988e-12,-6.133778331581567e-13,1,0,2.7877489977981845e-12,1.0263404338658473e-12
193,5.869417622218071e-13,8.389140338051466e-13,-2.5197227158333945e-13,1,0,1.6888108939190345e-12,6.217542924241815e-13
194,1.5464749145263556e-12,1.6309774516737801e-12,-8.450253714742451e-14,1,0,9.183668774370173e-13,3.3810685975716634e-13
195,1.2946175882092557e-13,1.5769729004745784e-13,-2.8235531226532268e-14,1,0,3.3400923142802066e-13,1.2296916966692063e-13
196,6.071176786237042e-13,8.520437974269363e-13,-2.449261188032321e-13,1,0,1.5576763115542508e-12,5.734756546180557e-13
197,2.51267331951941e-12,2.4783897345963466e-12,3.428358492306358e-14,0,1,2.1316074681220374e-12,7.847747180223116e-13
198,3.145294138890034e-11,4.8838416432614264e-11,-1.7385475043713926e-11,1,0,9.280385860117473e-11,3.416676055713169e-11
199,2.5600164946974142e-12,4.987620603438561e-12,-2.4276041087411465e-12,1,0,1.008093925912469e-11,3.711408588490974e-12
200,2.2336127026690717e-13,4.130899370613114e-13,-1.8972866679440425e-13,1,0,9.437082764358392e-13,3.4743657432750986e-13
201,1.7186619348059305e-13,2.616496044969254e-13,-8.978341101633237e-14,1,0,5.563175059750406e-13,2.0481440434578318e-13
202,3.1652627947792123e-13,4.3238420243453373e-13,-1.158579229566125e-13,1,0,8.925779708386156e-13,3.2861239034545296e-13
203,2.5828936751471148e-12,2.8566456073968763e-12,-2.737519322497615e-13,1,0,5.590063839709822e-12,2.058043443336181e-12
204,3.2274926477264106e-13,5.523389185206979e-13,-2.2958965374805687e-13,1,0,1.283656152718418e-12,4.725921213696592e-13
205,2.122197551486426e-11,2.566101976028037e-11,-4.43904424541611e-12,1,0,5.4131750609175366e-11,1.9929198952279888e-11
206,6.464498812968e-13,6.472051971810337e-13,-7.553158842336892e-16,1,0,7.814640508944169e-13,2.8770457945783883e-13
207,1.1835431953528363e-13,1.4748546840934126e-13,-2.9131148874057624e-14,1,0,2.933022319355366e-13,1.0798244039054355e-13
208,9.040953296930617e-12,8.938856059435826e-12,1.020972374947907e-13,0,1,7.111765702868113e-12,2.6182747093798148e-12
209,3.9355869690092705e-12,6.781358906501476e-12,-2.845771937492206e-12,1,0,1.0445100174455073e-11,3.845478431985624e-12
210,4.368444488702083e-13,5.512307450596876e-13,-1.1438629618947933e-13,1,0,8.088320945858423e-13,2.9778042554674504e-13
211,3.9049413003183877e-13,4.93618652502251e-13,-1.0312452247041227e-13,1,0,7.868211215762369e-13,2.8967684390925527e-13
212,5.372558399016051e-13,7.795502553713531e-13,-2.4229441546974803e-13,1,0,1.7471706646858964e-12,6.43240083467952e-13
213,7.519006668040458e-13,8.622265500433289e-13,-1.1032588323928308e-13,1,0,1.6282970897561646e-12,5.994754703105527e-13
214,3.2480167706477493e-13,3.850588195897795e-13,-6.025714252500459e-14,1,0,8.305661688420733e-13,3.057820638647682e-13
215,3.859870389198023e-13,4.68895044560748e-13,-8.290800564094567e-14,1,0,7.123336907117108e-13,2.622534775403924e-13
216,3.0254941714518458e-12,4.128439967634954e-12,-1.1029457961831082e-12,1,0,7.795289888193808e-12,2.8699216508652403e-12
217,5.962282381178004e-12,8.648923716282657e-12,-2.6866413351046533e-12,1,0,1.769710894859164e-11,6.515385169473431e-12
218,1.3822109639048826e-12,1.724994780224853e-12,-3.427838163199704e-13,1,0,2.6013471458393954e-12,9.57714543312615e-13
219,1.7940633036330153e-13,3.553105577568178e-13,-1.7590422739351625e-13,1,0,7.419290289529063e-13,2.731493265981324e-13
220,1.207386131968643e-13,1.369401518624199e-13,-1.6201538665555594e-14,1,0,2.508414729497068e-13,9.235004528100917e-14
221,7.66460922118509e-13,1.1046071656653812e-12,-3.381462435468721e-13,1,0,1.8988210480430066e-12,6.990718388998757e-13
222,1.4879182540435424e-12,1.5709833099262347e-12,-8.306505588269237e-14,1,0,1.9636170822663265e-12,7.229272110765219e-13
223,3.180355894451435e-13,5.50588169791133e-13,-2.3255258034598946e-13,1,0,8.519036158512848e-13,3.136376795024459e-13
224,1.0877806161731213e-12,1.823151965149554e-12,-7.353713489764326e-13,1,0,3.87112927106944e-12,1.4251987889721116e-12
225,1.1408604156758425e-12,1.8281501555959472e-12,-6.872897399201047e-13,1,0,3.2041812506367692e-12,1.1796545447817349e-12
226,1.1603266851597413e-12,1.2568535586870896e-12,-9.652687352734831e-14,1,0,2.11170547421519e-12,7.774475802214255e-13
227,2.3694016407579746e-12,2.8624380083265314e-12,-4.930363675685569e-13,1,0,6.039208517115994e-12,2.2234009929009637e-12
228,4.717342991332963e-13,4.4921013229155674e-13,2.2524166841739535e-14,0,1,6.81763692544399e-13,2.509987967183034e-13
229,4.2079981946675673e-13,6.372946300245791e-13,-2.164948105578224e-13,1,0,1.309429141293372e-12,4.820807303860843e-13
230,2.3482880653487324e-13,3.683032601669622e-13,-1.3347445363208896e-13,1,0,6.894177534661034e-13,2.5381672337289903e-13
231,1.4680729834343298e-13,1.4462957212127527e-13,2.1777262221577104e-15,0,1,2.2966757768201296e-13,8.455464301457881e-14
232,6.105562229050791e-13,6.606211099785428e-13,-5.0064887073463676e-14,1,0,9.061964969866937e-13,3.3362620042895453e-13
233,5.484474219687044e-13,4.941221872407299e-13,5.4325234727974494e-14,0,1,6.234282859499918e-13,2.2952197561241026e-13
234,8.505030805386498e-13,9.270077975399092e-13,-7.650471700125933e-14,1,0,1.7328038911251702e-12,6.379507978754492e-13
235,6.727284128458741e-13,9.372714805907572e-13,-2.645430677448831e-13,1,0,1.2805900318058207e-12,4.714632952557567e-13
236,1.3673840475872683e-11,1.5946186932858674e-11,-2.2723464569859907e-12,1,0,2.885495018859039e-11,1.0623267058521319e-11
237,3.4681932469936084e-13,6.253280886662224e-13,-2.7850876396686157e-13,1,0,1.2978124405066554e-12,4.778039143115577e-13
238,3.178433583466739e-13,4.443819347085044e-13,-1.2653857636183052e-13,1,0,7.997440594183232e-13,2.9443456551265066e-13
239,3.5158330598331004e-12,4.128479956435824e-12,-6.126468966027236e-13,1,0,4.7814216078539944e-12,1.760332917840284e-12
240,1.4651017588102556e-13,2.123294171486116e-13,-6.581924126758603e-14,1,0,3.2789195071084233e-13,1.2071702553547021e-13
241,1.7794995816040983e-12,2.3625739837219903e-12,-5.830744021178919e-13,1,0,3.876752240652251e-12,1.4272689470264396e-12
242,1.7139696091630006e-11,1.8617401698451536e-11,-1.4777056068215304e-12,1,0,2.56983189414335e-11,9.461118570145813e-12
243,4.795627954784886e-13,5.539408840597948e-13,-7.437808858130615e-14,1,0,8.871083966583711e-13,3.2659870649455844e-13
244,3.9876518811783816e-13,5.879353388539226e-13,-1.891701507360844e-13,1,0,1.3566572818409649e-12,4.994682894161755e-13
245,5.678552738993384e-13,6.910734003742356e-13,-1.2321812647489714e-13,1,0,1.2102239710502683e-12,4.4555725659075323e-13
246,4.827906171691909e-13,6.164473406549102e-13,-1.3365672348571935e-13,1,0,1.026103749348293e-12,3.7777137329411023e-13
247,1.4920683597632467e-13,2.442123116061705e-13,-9.500547562984584e-14,1,0,4.712701468404262e-13,1.7350328431944437e-13
248,1.712881634546679e-13,3.1577523983347845e-13,-1.4448707637881055e-13,1,0,6.726965668398512e-13,2.4766063473281917e-13
249,7.663260155668453e-13,9.094517099272954e-13,-1.4312569436045016e-13,1,0,1.7484102448600364e-12,6.436964485333661e-13
250,8.948736157969493e-13,9.480499933262402e-13,-5.317637752929083e-14,1,0,1.9317894162200585e-12,7.112095060016877e-13
251,1.428751851506446e-13,1.339270663635027e-13,8.948118787141921e-15,0,1,2.9413631057743035e-13,1.0828951560996811e-13
252,1.1974347096114342e-12,1.9553106745875948e-12,-7.578759649761606e-13,1,0,4.1267048066699165e-12,1.5192917314503852e-12
253,2.8377227447883654e-13,4.759110169631249e-13,-1.9213874248428836e-13,1,0,8.866666379228787e-13,3.2643606816068856e-13
254,1.4019534650806014e-13,2.0169786197364519e-13,-6.150251546558505e-14,1,0,3.6248595943132244e-13,1.3345319007086386e-13
255,3.9615337800694603e-13,4.2024337280554907e-13,-2.4089994798603037e-14,1,0,8.939594866311125e-13,3.291210105687886e-13
256,3.2590259432436383e-13,6.161936843341724e-13,-2.902910900098086e-13,1,0,1.3377589730490898e-12,4.925106693219335e-13
257,3.4836698813886837e-13,4.1844775788873023e-13,-7.008076974986187e-14,1,0,6.682901767286113e-13,2.4603837378245234e-13
258,5.367205535882304e-13,6.290079039743651e-13,-9.22873503861347e-14,1,0,9.022705536734175e-13,3.3218082124787933e-13
259,6.678191515287765e-13,9.57528930825757e-13,-2.897097792969805e-13,1,0,1.7602599526977074e-12,6.480590487146968e-13
260,1.427673369939949e-12,1.5779696523026285e-12,-1.5029628236267945e-13,1,0,2.5417585990131205e-12,9.357763648570158e-13
261,8.28009453276298e-14,1.8172527609156549e-13,-9.892433076393569e-14,1,0,3.5010477028874175e-13,1.2889491920558588e-13
262,4.354104225587518e-13,5.875545064699309e-13,-1.521440839111791e-13,1,0,1.2270502040139505e-12,4.5175201919452897e-13
263,8.443298383150955e-13,1.9712765383561235e-12,-1.1269467000410281e-12,1,0,3.406615800518956e-12,1.254183049291868e-12
264,1.1716940768132225e-12,1.440223818013729e-12,-2.685297412005065e-13,1,0,1.8235690174733163e-12,6.713669767457925e-13
265,3.659696711418938e-13,6.291108254353361e-13,-2.6314115429344233e-13,1,0,1.0775584587568315e-12,3.967149901048456e-13
266,1.3613592745337785e-13,1.8601213167447941e-13,-4.987620422110157e-14,1,0,3.883635232147923e-13,1.4298029959969682e-13
267,1.0265980024827808e-11,1.334563130062707e-11,-3.079651275799262e-12,1,0,2.0309632303736827e-11,7.4772143570804e-12
268,1.0423908212627799e-12,1.3694663835157339e-12,-3.2707556225295403e-13,1,0,2.6747510577691823e-12,9.847390002766282e-13
269,6.566332565534327e-12,1.0800636835113517e-11,-4.234304269579189e-12,1,0,2.0557915640421163e-11,7.568622596378675e-12
270,3.0102194574660385e-13,5.046067116696744e-13,-2.0358476592307053e-13,1,0,1.2001642119444812e-12,4.418536457085059e-13
271,1.3903731232895703e-13,1.4142551875686296e-13,-2.3882064279059333e-15,1,0,2.2246637059323486e-13,8.190343947592028e-14
272,3.480604414711305e-13,4.434732225571607e-13,-9.541278108603021e-14,1,0,6.592175380958185e-13,2.4269818215184177e-13
273,1.584510834847429e-13,3.437678768960242e-13,-1.8531679341128128e-13,1,0,6.401180892893238e-13,2.356665101504748e-13
274,1.2217774289210172e-13,1.375990464852833e-13,-1.542130359318157e-14,1,0,2.172340168666391e-13,7.997709094234163e-14
275,1.5689217110029355e-13,2.5938725527405193e-13,-1.0249508417375838e-13,1,0,5.257337696831894e-13,1.9355466568214843e-13
276,2.2211041984328305e-13,4.287689350668739e-13,-2.0665851522359087e-13,1,0,9.095980683890722e-13,3.3487852632762765e-13
277,7.065784119383836e-13,1.135947556500664e-12,-4.293691445622804e-13,1,0,2.145064956634619e-12,7.897292403303303e-13
278,2.3059039227864633e-13,2.2233627607217497e-13,8.25411620647136e-15,0,1,3.2252139132167593e-13,1.1873979506818896e-13
279,2.811100769466768e-13,5.141199253097841e-13,-2.3300984836310726e-13,1,0,1.0422204537785328e-12,3.8370491516982593e-13
280,7.941239248944749e-13,1.5087713182919094e-12,-7.146473933974345e-13,1,0,4.100809624982966e-12,1.509758135696746e-12
281,1.9039585789012636e-12,2.318042392645737e-12,-4.140838137444734e-13,1,0,3.805892112631227e-12,1.401181012067328e-12
282,6.950536078201243e-13,8.883723770690519e-13,-1.9331876924892756e-13,1,0,1.116385647390884e-12,4.1100964635257055e-13
283,6.099572264242565e-12,6.663494867134961e-12,-5.639226028923955e-13,1,0,1.9656236085206917e-11,7.236659357709241e-12
284,7.079476102332396e-13,7.371846283200114e-13,-2.9237018086771775e-14,1,0,5.312690724359035e-13,1.9559254822942458e-13
285,1.8560721474107003e-13,2.7373631622936393e-13,-8.81291014882939e-14,1,0,5.188823132906942e-13,1.910322267064586e-13
286,3.7549267510493726e-13,6.678415094156124e-13,-2.9234883431067514e-13,1,0,1.3851409906010883e-12,5.099548798624686e-13
287,1.1034731799706143e-13,1.439311495218779e-13,-3.358383152481647e-14,1,0,2.3826364969748774e-13,8.771938140704981e-14
288,9.690184072156468e-12,1.2183170275391066e-11,-2.4929862032345986e-12,1,0,2.476673589565432e-11,9.118146032753733e-12
289,8.58921747824759e-13,1.0721411441613351e-12,-2.1321939633657613e-13,1,0,1.7371005531776338e-12,6.395326612349494e-13
290,1.691283602884306e-12,2.36805146138575e-12,-6.76767858501444e-13,1,0,4.530772991603745e-12,1.6680538748728803e-12
291,2.5980610856721957e-13,2.8649386663361775e-13,-2.668775806639818e-14,1,0,5.577416280093862e-13,2.0533871052534335e-13
292,1.5321863416227652e-13,1.678586518286051e-13,-1.4640017666328584e-14,1,0,3.274097077079139e-13,1.205394824735786e-13
293,8.411106706347586e-12,9.340471033298344e-12,-9.293643269507577e-13,1,0,1.1058403794422692e-11,4.071272900535776e-12
294,1.1919996325848112e-12,1.0911681540164621e-12,1.0083147856834905e-13,0,1,2.458516674179534e-12,9.051299353122437e-13
295,3.776469750977455e-13,4.071630157963602e-13,-2.951604069861473e-14,1,0,9.624861644624653e-13,3.5434986019347327e-13
296,9.757452888543187e-12,1.321649288278119e-11,-3.459039994238004e-12,1,0,2.9861055196046945e-11,1.099367567518054e-11
297,2.366453430491529e-13,3.677888059228452e-13,-1.3114346287369229e-13,1,0,6.851854152196795e-13,2.5225854152957935e-13
298,8.131833028042094e-13,1.2362843561075094e-12,-4.231010533033e-13,1,0,2.2095364146008762e-12,8.134651161905006e-13
299,5.29505466139933e-13,9.161633360998291e-13,-3.866578699598961e-13,1,0,1.724528738256345e-12,6.349042093940599e-13
300,1.4460982460246442e-13,2.510451867603423e-13,-1.0643536215787786e-13,1,0,5.137633761474719e-13,1.891476337346178e-13
301,5.37492542884464e-13,9.26993081386138e-13,-3.8950053850167413e-13,1,0,1.764707154189092e-12,6.496963348232243e-13
302,7.037750526260892e-13,7.209345563926673e-13,-1.715950376657814e-14,1,0,1.3510335672400747e-12,4.973978570752532e-13
303,6.933376253278267e-13,9.387109780447251e-13,-2.4537335271689846e-13,1,0,1.7355266655606317e-12,6.389532172100512e-13
304,2.703858963135784e-13,3.266625886784033e-13,-5.627669236482492e-14,1,0,5.938530506756863e-13,2.1863352768288377e-13
305,4.642594213706808e-13,5.045291816170119e-13,-4.0269760246331127e-14,1,0,6.044080984012007e-13,2.225194845142324e-13
306,4.438561141180323e-12,5.665185225133411e-12,-1.2266240839530885e-12,1,0,9.675051431107375e-12,3.56197652346748e-12
307,1.1910419327918774e-12,1.5146623347684805e-12,-3.23620401976603e-13,1,0,2.1798762555968475e-12,8.025454026564744e-13
308,3.03483465297487e-13,4.036056895588606e-13,-1.0012222426137361e-13,1,0,9.965538746268196e-13,3.668922621308483e-13
309,1.1976835949392002e-11,1.3557220603045546e-11,-1.5803846536535437e-12,1,0,1.6320747394483242e-11,6.008662535651091e-12
310,1.932577712917523e-12,3.3120992245371294e-12,-1.3795215116196062e-12,1,0,5.6416841854383156e-12,2.077048040978627e-12
311,7.424858260058806e-12,8.459698388133426e-12,-1.0348401280746208e-12,1,0,8.473936979791044e-12,3.1197730366900867e-12
312,1.167459175264168e-12,1.585306695640106e-12,-4.1784752037593806e-13,1,0,2.6044423863914462e-12,9.588540901418382e-13
313,1.3636446682659163e-11,9.440755449901078e-12,4.1956912327580855e-12,0,1,2.8029639389802644e-11,1.0319419816904157e-11
314,9.527618816976537e-12,1.2491693183326033e-11,-2.9640743663494962e-12,1,0,1.901455423637824e-11,7.000417132296973e-12
315,1.1110619153311842e-12,1.1838733679928713e-12,-7.281145266168707e-14,1,0,3.015808645536427e-12,1.1103030997987667e-12
316,2.3710189974510337e-13,3.7912534869374405e-13,-1.4202344894864068e-13,1,0,7.619837107887897e-13,2.805326781382958e-13
317,2.0804890257614593e-12,2.5297338292221017e-12,-4.492448034606423e-13,1,0,3.0400329893514665e-12,1.1192215582255763e-12
318,3.0414362092025664e-13,3.504704391008781e-13,-4.632681818062145e-14,1,0,6.693798160849321e-13,2.464395364877773e-13
319,9.725983778817747e-13,1.3911923307451658e-12,-4.185939528633911e-13,1,0,3.131673258359477e-12,1.1529599304848974e-12
320,1.5337694059002941e-12,1.7098938623039005e-12,-1.761244564036064e-13,1,0,2.4004461690406344e-12,8.837506405887443e-13
321,1.6332147908919904e-12,1.899533001115815e-12,-2.6631821022382473e-13,1,0,2.2291417026729438e-12,8.206830184771998e-13
322,2.1741329820421935e-12,3.970813515263567e-12,-1.7966805332213734e-12,1,0,6.968849274046665e-12,2.5656584553056444e-12
323,2.450750998269704e-13,4.574753457423415e-13,-2.1240024591537105e-13,1,0,7.227791010957223e-13,2.660990701794357e-13
324,9.623692578418168e-12,7.939714681467315e-12,1.6839778969508538e-12,0,1,1.289846498714016e-11,4.748711652864249e-12
325,1.3199693159654858e-12,1.5410169484447218e-12,-2.2104763247923603e-13,1,0,1.618391955598545e-12,5.958287863024658e-13
326,1.6729586299535523e-12,1.7016579099439366e-12,-2.8699279990384326e-14,1,0,2.233501898980309e-12,8.22288272670951e-13
327,1.973295955389973e-13,2.866105656764359e-13,-8.928097013743859e-14,1,0,4.232606705883403e-13,1.5582806796203362e-13
328,2.932916142900553e-13,4.0339436007083485e-13,-1.1010274578077952e-13,1,0,8.17455897468342e-13,3.00955373362703e-13
329,2.7226160530158877e-13,2.4749943261637336e-13,2.4762172685215412e-14,0,1,5.192220677341231e-13,1.9115731103906964e-13
330,1.1959085652113264e-13,1.7488147651431464e-13,-5.5290619993181994e-14,1,0,3.522039289600058e-13,1.2966774754239814e-13
331,1.2529928443942678e-13,2.16463465930005e-13,-9.116418149057822e-14,1,0,3.8838640722153455e-13,1.4298872459829855e-13
332,5.836436382289455e-13,7.372813467686447e-13,-1.5363770853969917e-13,1,0,1.6704455487933865e-12,6.149928887614984e-13
333,8.106914878658972e-13,9.236352860065684e-13,-1.1294379814067125e-13,1,0,9.467994444510451e-13,3.4857462180753206e-13
334,1.8749421369409815e-13,2.3240867793315813e-13,-4.491446423905998e-14,1,0,3.7599355996311116e-13,1.3842616166953798e-13
335,6.500502614272978e-13,9.300775230849212e-13,-2.800272616576234e-13,1,0,1.4737409344943563e-12,5.425739230143906e-13
336,2.523047800352987e-13,4.120662971242408e-13,-1.597615170889421e-13,1,0,9.468401670583142e-13,3.4858961428298297e-13
337,1.9372519626396807e-11,3.345669362404987e-11,-1.408417399765306e-11,1,0,6.98503856382238e-11,2.5716187202740868e-11
338,4.807234682107836e-12,5.147264942052373e-12,-3.4003025994453684e-13,1,0,1.0250895942229241e-11,3.773980009380622e-12
339,4.5129810661866767e-13,6.738116629199957e-13,-2.2251355630132802e-13,1,0,1.242210531392245e-12,4.5733346034697e-13
340,1.2583076106201003e-12,1.502741918432336e-12,-2.4443430781223566e-13,1,0,2.8376468413237364e-12,1.0447108733901492e-12
341,6.157362532317368e-13,6.405286697966243e-13,-2.4792416564887525e-14,1,0,1.1557177589268738e-12,4.2549019551628324e-13
342,1.2301988483221813e-12,1.699642430530493e-12,-4.694435822083117e-13,1,0,2.962823097809593e-12,1.0907958880356095e-12
343,8.089713595004304e-13,8.984678584335274e-13,-8.949649893309703e-14,1,0,1.2379970388687962e-12,4.557822167636982e-13
344,3.1105243486973253e-13,5.922307814368588e-13,-2.811783465671263e-13,1,0,1.2843108600797841e-12,4.728331590806764e-13
345,1.302930649545611e-12,1.351755378250095e-12,-4.8824728704484035e-14,1,0,2.7872422822289627e-12,1.0261538809596952e-12
346,9.016151296545757e-13,1.5079916528997492e-12,-6.063765232451735e-13,1,0,2.669716349229636e-12,9.828854169909926e-13
347,3.934142285390481e-13,5.561978513758265e-13,-1.6278362283677842e-13,1,0,9.013492290065644e-13,3.318416254454394e-13
348,7.613233959760118e-13,8.0659014821925e-13,-4.52667522432382e-14,1,0,2.1012701739103617e-12,7.736057097191541e-13
349,1.774605711913603e-12,2.485030432711106e-12,-7.104247207975029e-13,1,0,4.5792488846976705e-12,1.6859008077170314e-12
350,1.8242058255095896e-13,2.5637709716945485e-13,-7.395651461849588e-14,1,0,3.6088338970735167e-13,1.3286318641303833e-13
351,3.929536976335306e-13,5.561619699693083e-13,-1.632082723357777e-13,1,0,1.2931897958562815e-12,4.761020368757414e-13
352,1.9918747697211123e-13,3.2504502086951877e-13,-1.2585754389740753e-13,1,0,6.075220931886919e-13,2.2366593592136197e-13
353,8.388351421111088e-14,1.1039335578974209e-13,-2.6509841578631205e-14,1,0,2.379766190105772e-13,8.761370790489117e-14
354,7.721025508526911e-13,1.082094893271471e-12,-3.0999234241877995e-13,1,0,2.249407171988283e-12,8.281439737447034e-13
355,1.225321805911539e-13,1.610290097647298e-13,-3.84968291735759e-14,1,0,2.91578784548075e-13,1.0734793429232976e-13
356,3.88818849155002e-13,5.098932869172407e-13,-1.2107443776223872e-13,1,0,9.027197278121909e-13,3.3234618964397027e-13
357,2.2462395284930994e-12,2.271263704850521e-12,-2.5024176357421778e-14,1,0,2.0660231982681556e-12,7.606291482347261e-13
358,3.827714360042733e-13,5.943360993409354e-13,-2.1156466333666211e-13,1,0,1.2494541816425346e-12,4.600002898020345e-13
359,2.0409043591476467e-13,3.434121677310738e-13,-1.3932173181630915e-13,1,0,7.380006015603332e-13,2.717030328759614e-13
360,2.029803221577327e-13,2.7726753931084516e-13,-7.428721715311247e-14,1,0,5.097736333751297e-13,1.8767876608146358e-13
361,1.8990377058185834e-13,3.507150347252136e-13,-1.6081126414335526e-13,1,0,7.758275288195717e-13,2.8562943190461217e-13
362,3.3905543523406267e-13,4.71048946306658e-13,-1.3199351107259538e-13,1,0,6.503852797787665e-13,2.3944648917650643e-13
363,8.021312440218779e-13,1.1074281896000078e-12,-3.052969455781299e-13,1,0,2.1393365266527885e-12,7.876202558709813e-13
364,6.62379050650189e-13,9.66628772740134e-13,-3.0424972208994507e-13,1,0,1.9574918365290933e-12,7.206721345353943e-13
365,3.9116860726746355e-13,6.337936833018445e-13,-2.4262507603438096e-13,1,0,1.3740882145504895e-12,5.058856788776765e-13
366,1.9035116734208435e-12,2.2934546094035515e-12,-3.8994293598270795e-13,1,0,3.3973659961366523e-12,1.250777632143335e-12
367,2.552657256562204e-13,3.151509346711594e-13,-5.988520901493901e-14,1,0,5.142209625316581e-13,1.8931609919131697e-13
368,7.052906018096422e-13,9.507457441805283e-13,-2.45455142370886e-13,1,0,2.1699146173965585e-12,7.988779160640393e-13
369,1.735784961030809e-13,2.4850305497713024e-13,-7.492455887404935e-14,1,0,3.9871900408716617e-13,1.467927837006098e-13
370,1.2426810142539195e-12,2.1554390800115665e-12,-9.12758065757647e-13,1,0,4.32404893789755e-12,1.5919461423837294e-12
371,6.274930183492676e-13,8.962085465759885e-13,-2.6871552822672093e-13,1,0,1.3450439315456237e-12,4.951927068618743e-13
372,1.3036331829889006e-13,2.0831418240865756e-13,-7.795086410976749e-14,1,0,3.814499451808473e-13,1.4043498985892432e-13
373,1.5774081829860777e-13,2.951723009320078e-13,-1.3743148263340002e-13,1,0,7.04057339737979e-13,2.592064479635133e-13
374,1.0698870745293049e-12,1.257747205374097e-12,-1.878601308447922e-13,1,0,2.0462784217635552e-12,7.533598917484637e-13
375,9.174173838591048e-13,1.064507082231999e-12,-1.470896983728941e-13,1,0,1.4830560495918258e-12,5.460033850205462e-13
376,2.609484458785301e-13,2.649316204577615e-13,-3.983174579231402e-15,1,0,3.5113159638238345e-13,1.2927295651787094e-13
377,3.051018388801841e-13,4.349370233570611e-13,-1.2983518447687698e-13,1,0,9.112110870858349e-13,3.354723768896319e-13
378,9.274019264127548e-13,1.3605080858267878e-12,-4.3310615941403305e-13,1,0,2.081060917858705e-12,7.661654499825188e-13
379,1.6824949818815278e-12,1.9600385833795926e-12,-2.775436014980648e-13,1,0,3.1890620863299023e-12,1.1740882582664657e-12
380,9.666445959050988e-13,1.1182008014434672e-12,-1.5155620553836844e-13,1,0,1.1085796717217018e-12,4.081357906139863e-13
381,1.874579988567822e-13,2.134487005587545e-13,-2.59907017019723e-14,1,0,4.243981336687113e-13,1.5624683749700125e-13
382,2.6551209297356326e-13,4.695706621338959e-13,-2.0405856916033265e-13,1,0,8.605539896008262e-13,3.168224096751473e-13
383,6.466756620546989e-13,1.0379826220390713e-12,-3.9130695998437244e-13,1,0,2.0925828234477265e-12,7.704073661631137e-13
384,1.963306244127063e-12,1.955936642951864e-12,7.369601175199053e-15,0,1,3.788224758420676e-12,1.3946765814317004e-12
385,2.132211445243331e-12,3.1929953908504316e-12,-1.0607839456071008e-12,1,0,5.8076098976756876e-12,2.1381354156388663e-12
386,3.6820777850285345e-13,4.13514025484254e-13,-4.530624698140054e-14,1,0,3.469796495211407e-13,1.2774437164659253e-13
387,3.2413301807204656e-13,4.678508846586864e-13,-1.4371786658663982e-13,1,0,9.558064828891417e-13,3.518906620054494e-13
388,2.3236921115869907e-13,3.0481441661360025e-13,-7.244520545490118e-14,1,0,5.774320944015739e-13,2.1258797214679502e-13
389,2.113125329270589e-12,2.2336075261240096e-12,-1.2048219685342067e-13,1,0,4.440160000227578e-12,1.6346937061645961e-12
390,4.1383375584291325e-12,4.619041795562807e-12,-4.807042371336747e-13,1,0,6.677326028662939e-12,2.4583309683671043e-12
391,3.824694347905581e-13,5.060025822740755e-13,-1.2353314748351739e-13,1,0,1.0478226021190053e-12,3.8576740765493936e-13
392,2.052355895956762e-11,2.3084225722864473e-11,-2.560666763296855e-12,1,0,4.096056207710999e-11,1.5080081128829603e-11
393,3.4197884106351327e-13,4.823512454585292e-13,-1.4037240439501593e-13,1,0,7.569127422931295e-13,2.786657453512814e-13
394,6.167848690030777e-12,7.64019246687896e-12,-1.4723437768481831e-12,1,0,9.451676161286821e-12,3.4797384627512535e-12
395,1.876738459962649e-13,2.704578492490553e-13,-8.278400325279043e-14,1,0,4.962252419732248e-13,1.8269077687562113e-13
396,1.4150740339306479e-12,1.3053529466319669e-12,1.0972108729868096e-13,0,1,2.209073988700911e-12,8.132948690128761e-13
397,3.323236429052923e-13,4.3558981316714177e-13,-1.0326617026184946e-13,1,0,9.006599431602311e-13,3.3158785728512725e-13
398,1.224761721910941e-13,1.4704012345256146e-13,-2.4563951261467354e-14,1,0,1.9699903588333615e-13,7.252736028937637e-14
399,2.2183043625066357e-13,3.3316313159795214e-13,-1.1133269534728857e-13,1,0,5.01380864396365e-13,1.8458887593647398e-13
400,1.387609246789826e-13,2.8434063833133983e-13,-1.4557971365235724e-13,1,0,6.572069510061307e-13,2.4195796241628264e-13
401,1.0488865200466474e-13,1.9943984397187872e-13,-9.455119196721398e-14,1,0,4.3179165374908305e-13,1.589688431772393e-13
402,2.2414959303816186e-13,3.5565975689094323e-13,-1.3151016385278137e-13,1,0,6.448227914368628e-13,2.3739859795577163e-13
403,7.847289377490672e-12,1.141645623112845e-11,-3.569166853637778e-12,1,0,2.1678019482908342e-11,7.981001137122865e-12
404,3.995235116263556e-13,5.314540999999125e-13,-1.319305883735569e-13,1,0,7.250036074614083e-13,2.669180466476539e-13
405,3.3331439338826715e-13,4.412602976197221e-13,-1.0794590423145496e-13,1,0,8.983866346293987e-13,3.307509137634227e-13
406,8.356526366161574e-13,1.4487969000930805e-12,-6.131442634769231e-13,1,0,2.8984092213443944e-12,1.0670812114379359e-12
407,2.5890794596935136e-13,3.0791857214472146e-13,-4.90106261753701e-14,1,0,3.8832672078993967e-13,1.4296675038248953e-13
408,1.5071820268396785e-13,2.2847302378499973e-13,-7.775482110103188e-14,1,0,3.595643593388792e-13,1.3237757088533855e-13
409,2.9616453646104423e-10,3.763786063668795e-10,-8.021406990583527e-11,1,0,6.270300697940566e-10,2.308480119220379e-10
410,1.0565645277953873e-12,1.4897898952056208e-12,-4.332253674102335e-13,1,0,2.380430000735519e-12,8.763814682282378e-13
411,6.923731551886734e-13,7.197740107786433e-13,-2.7400855589969904e-14,1,0,9.795813257318245e-13,3.6064363170879205e-13
412,7.242665186052342e-13,9.981745916276856e-13,-2.7390807302245136e-13,1,0,1.862550655810107e-12,6.857184953491469e-13
413,3.4893883268027566e-13,5.779552685851557e-13,-2.2901643590488e-13,1,0,1.0015216233620847e-12,3.6872119342857833e-13
414,2.407368163297223e-13,2.771384324262615e-13,-3.6401616096539195e-14,1,0,4.586861197534634e-13,1.6887033643553738e-13
415,2.793745765701254e-13,4.894267485141143e-13,-2.1005217194398894e-13,1,0,8.134730984266861e-13,2.994890621203199e-13
416,2.714967574145553e-13,4.824786527301705e-13,-2.1098189531561521e-13,1,0,9.436578915646822e-13,3.4741802458341007e-13
417,2.1068186733956172e-13,3.2961632567748486e-13,-1.1893445833792314e-13,1,0,5.460329125057468e-13,2.0102801822144208e-13
418,4.042378366824463e-13,6.726092134225794e-13,-2.683713767401331e-13,1,0,1.1664372793494222e-12,4.2943670477877487e-13
419,1.6712650944338033e-12,2.268926311703514e-12,-5.976612172697106e-13,1,0,4.011463250844382e-12,1.476864286045949e-12
420,3.994902173906351e-13,4.922441861347683e-13,-9.27539687441332e-14,1,0,8.90277362357269e-13,3.2776539604691117e-13
421,1.2727379030787673e-12,2.6733212405442024e-12,-1.4005833374654351e-12,1,0,4.885982005639072e-12,1.798827977514839e-12
422,1.3609752045193009e-12,1.7078883263771858e-12,-3.4691312185788494e-13,1,0,2.1362843516685493e-12,7.864965641038843e-13
423,3.919206545141246e-13,4.719662243366219e-13,-8.004556982249733e-14,1,0,5.227585192906643e-13,1.9245929454897412e-13
424,3.8073017935910656e-13,4.0837013216406263e-13,-2.763995280495607e-14,1,0,4.520578386060421e-13,1.664300618792548e-13
425,8.285353081244462e-13,1.3374107870168327e-12,-5.088754788923865e-13,1,0,2.316016794705929e-12,8.526670384588022e-13
426,4.238668468285757e-14,7.342890600891826e-14,-3.104222132606069e-14,1,0,1.4213476569373336e-13,5.232847620239286e-14
427,1.276098426935655e-13,1.4513761314147176e-13,-1.7527770447906248e-14,1,0,1.6838269947660508e-13,6.199194151726581e-14
428,7.937540142804447e-14,1.5474733354093845e-13,-7.537193211289398e-14,1,0,3.00878124413849e-13,1.1077158847355007e-13
429,1.4100505037496164e-13,2.0130670695977195e-13,-6.030165658481032e-14,1,0,4.3622008334411443e-13,1.6059921820580128e-13
430,1.2561739824203962e-13,2.0778895716928e-13,-8.217155892724039e-14,1,0,4.510529477305371e-13,1.6606010025861815e-13
431,4.0368728977494386e-13,5.471552302941119e-13,-1.43467940519168e-13,1,0,1.0445618443192535e-12,3.845669238317645e-13
432,3.2014109530940086e-13,3.185609025538472e-13,1.580192755553653e-15,0,1,5.479647619360897e-13,2.017392498223027e-13
433,2.968702401595345e-13,4.4480064199999193e-13,-1.479304018404574e-13,1,0,9.178630514705327e-13,3.379213706900218e-13
434,1.147759404015551e-12,1.2767115685693146e-12,-1.2895216455376365e-13,1,0,2.4837110962601734e-12,9.144055387147256e-13
435,1.129124348083289e-12,1.3850329705342877e-12,-2.559086224509986e-13,1,0,2.0967373357269956e-12,7.719368955212352e-13
436,4.545178942594119e-13,5.708093280229014e-13,-1.1629143376348954e-13,1,0,9.045638540801078e-13,3.3302512499841295e-13
437,1.3495861020123415e-12,1.923259708382107e-12,-5.736736063697655e-13,1,0,4.0092064526807e-12,1.4760334209973773e-12
438,9.288457293765904e-13,1.438718724300042e-12,-5.098729949234517e-13,1,0,2.7227690751539513e-12,1.0024173611459124e-12
439,5.629972621846169e-13,8.475273040529645e-13,-2.845300418683476e-13,1,0,1.8482460590619042e-12,6.80452100833564e-13
440,6.488896346821122e-12,8.745763514183788e-12,-2.2568671673626663e-12,1,0,2.0389890125401212e-11,7.506762156244963e-12
441,2.2241780922200458e-13,3.1124466518873746e-13,-8.882685596673289e-14,1,0,6.525624597552022e-13,2.4024804191435475e-13
442,4.67572264324725e-13,1.05644266580106e-12,-5.88870401476335e-13,1,0,1.9627648820521113e-12,7.226134642010719e-13
443,4.858405028329645e-13,6.775026927273089e-13,-1.9166218989434442e-13,1,0,1.484009879324732e-12,5.463545479203189e-13
444,6.577960922801877e-12,7.677180766853027e-12,-1.0992198440511498e-12,1,0,2.1788772318674154e-11,8.021776010901506e-12
445,4.2364085179109264e-13,6.170879835547403e-13,-1.9344713176364761e-13,1,0,9.566772011745091e-13,3.5221122651232746e-13
446,8.348167988482148e-13,1.5199430221686206e-12,-6.851262233204058e-13,1,0,2.9967868610028003e-12,1.1033000207530691e-12
447,1.7153839249878984e-13,1.9933760580429497e-13,-2.779921330550513e-14,1,0,3.963776790486315e-13,1.4593079915402094e-13
448,4.0969236029079026e-13,5.224037023815878e-13,-1.1271134209079752e-13,1,0,1.1482110132917257e-12,4.2272650460358505e-13
449,1.7952298798646774e-12,2.1972650910851466e-12,-4.0203521122046916e-13,1,0,3.953282362030687e-12,1.4554443523593398e-12
450,5.543903833719587e-13,9.304969629317004e-13,-3.761065795597417e-13,1,0,1.835746857122109e-12,6.758503822599053e-13
451,1.7562049895101326e-13,2.0409530624817555e-13,-2.847480729716229e-14,1,0,5.001221063098595e-13,1.8412545031183683e-13
452,3.3685279735658437e-12,4.3901513571904725e-12,-1.0216233836246287e-12,1,0,7.817870367913109e-12,2.8782349026573887e-12
453,2.4257813162854428e-12,3.380036838958648e-12,-9.542555226732054e-13,1,0,4.7769290102318055e-12,1.758678918647249e-12
454,2.420591480187443e-13,4.895931032060015e-13,-2.475339551872572e-13,1,0,1.0120066486767539e-12,3.725813707397535e-13
455,3.8316521591958675e-13,5.147117533027615e-13,-1.3154653738317472e-13,1,0,1.0572696913101914e-12,3.892454573742324e-13
456,6.546477492750667e-13,1.2000488248654198e-12,-5.454010755903531e-13,1,0,2.2130487066857065e-12,8.147582051253565e-13
457,1.3431201269386986e-12,1.2090771087593833e-12,1.3404301817931528e-13,0,1,1.475677725979052e-12,5.432869740868797e-13
458,1.768826212060901e-13,2.2175144129216828e-13,-4.486882008607818e-14,1,0,2.2520881877122885e-13,8.291310191507103e-14
459,2.4242574088209827e-12,2.5941019674964895e-12,-1.6984455867550683e-13,1,0,3.761006911376107e-12,1.3846560318891554e-12
460,1.014118373132152e-13,1.666560130575484e-13,-6.52441757443332e-14,1,0,2.7988287928984677e-13,1.0304195822107487e-13
461,7.281685278572912e-11,1.0384776509613695e-10,-3.103091231040783e-11,1,0,1.6717440456882004e-10,6.154709446651861e-11
462,2.6373475923727473e-13,4.476982737731093e-13,-1.8396351453583458e-13,1,0,8.151983924553287e-13,3.0012424807978106e-13
463,1.498950906091964e-11,2.1354971293822773e-11,-6.365462232903132e-12,1,0,3.5647488622808916e-11,1.3124014740300585e-11
464,2.082626442586103e-12,2.543168775912022e-12,-4.605423333259191e-13,1,0,3.834142832717725e-12,1.4115818251726327e-12
465,2.6156723196310433e-12,5.757720736467742e-12,-3.1420484168366985e-12,1,0,1.2887124073213313e-11,4.7445363707533745e-12
466,2.4593159737050425e-12,2.5840725540686762e-12,-1.2475658036363378e-13,1,0,4.303051827308352e-12,1.584215825339739e-12
467,4.900634759451672e-13,1.0157111200950106e-12,-5.256476441498434e-13,1,0,2.198918122677082e-12,8.095558753124343e-13
468,2.2690250447972522e-13,3.6513140270515493e-13,-1.382288982254297e-13,1,0,6.678590408693894e-13,2.4587964637723817e-13
469,1.9817119306287725e-13,2.28576107193339e-13,-3.0404914130461754e-14,1,0,4.1249918650294453e-13,1.518661093158395e-13
470,3.3940994060371916e-13,5.171079163711321e-13,-1.776979757674129e-13,1,0,1.1398805223246163e-12,4.1965954279308793e-13
471,7.090018259035232e-14,1.3070366352177948e-13,-5.980348093142715e-14,1,0,2.9712147969969273e-13,1.0938853843251259e-13
472,9.704275050582215e-13,1.0526305958107138e-12,-8.22030907524923e-14,1,0,7.470322221624833e-13,2.7502812326775916e-13
473,6.17880578889286e-12,7.605120853478325e-12,-1.4263150645854648e-12,1,0,2.0128547189378795e-11,7.410545881911488e-12
474,5.244737407140882e-13,8.443998875209502e-13,-3.1992614680686193e-13,1,0,1.8106431429208983e-12,6.66608173960211e-13
475,3.179940497980376e-12,3.492271317737352e-12,-3.123308197569761e-13,1,0,9.72285824675071e-12,3.579577128094324e-12
476,1.1668107167152447e-12,1.3638880299504936e-12,-1.9707731323524893e-13,1,0,2.31612272819457e-12,8.527060390369672e-13
477,3.9413854440049894e-13,4.879718869273031e-13,-9.383334252680417e-14,1,0,5.020529807432389e-13,1.848363229568491e-13
478,9.82019679862272e-13,1.2680209309266213e-12,-2.860012510643493e-13,1,0,1.7884122968128274e-12,6.58423643624882e-13
479,3.571262888734257e-13,5.024163536462004e-13,-1.4529006477277472e-13,1,0,7.503246007296945e-13,2.7624024862402007e-13
480,3.9521697084687435e-13,3.718246746952025e-13,2.339229615167183e-14,0,1,4.520257803615237e-13,1.6641825928418115e-13
481,1.5580640583144478e-12,2.016213989805473e-12,-4.581499314910252e-13,1,0,2.1207047599774642e-12,7.807607661865286e-13
482,3.148144361133578e-13,4.1642255253561894e-13,-1.0160811642226113e-13,1,0,9.042335975352785e-13,3.3290353742156334e-13
483,4.5438817029300723e-13,7.037939463216305e-13,-2.494057760286233e-13,1,0,1.073789556557467e-12,3.953274273359059e-13
484,2.2168414822474918e-13,2.7433594714498536e-13,-5.2651798920236185e-14,1,0,5.076592528875432e-13,1.8690033366566825e-13
485,2.2351816703577016e-13,3.875023849030973e-13,-1.6398421786732714e-13,1,0,7.14731539070739e-13,2.6313627176867235e-13
486,2.8993221339914924e-13,3.658686389931871e-13,-7.593642559403784e-14,1,0,5.788144269534451e-13,2.1309689306907137e-13
487,2.640725728898801e-13,4.1361815693740794e-13,-1.4954558404752784e-13,1,0,8.709403818789949e-13,3.206462741498529e-13
488,3.726263177924409e-13,4.661903950475218e-13,-9.356407725508094e-14,1,0,5.634111846802961e-13,2.074260201281966e-13
489,3.273108683848647e-13,4.4089174335661943e-13,-1.1358087497175475e-13,1,0,7.406654730276042e-13,2.7268413459640897e-13
490,3.159915066530846e-13,4.3870076654466533e-13,-1.2270925989158072e-13,1,0,7.609982195389535e-13,2.801698587030716e-13
491,9.182124764656736e-13,9.685814199514272e-13,-5.036894348575367e-14,1,0,1.18248655620613e-12,4.3534542245219394e-13
492,1.310891704821264e-13,2.5507627396223344e-13,-1.2398710348010704e-13,1,0,5.416730701439168e-13,1.9942289433662984e-13
493,3.88522164108665e-13,4.815995591142821e-13,-9.307739500561716e-14,1,0,5.651248105671463e-13,2.0805691033301155e-13
494,1.4316518410525724e-12,1.5431764923782614e-12,-1.1152465132568898e-13,1,0,1.2415803427885526e-12,4.571014494860777e-13
495,1.6075897714754732e-13,2.1876795113143148e-13,-5.800897398388416e-14,1,0,4.561752903943767e-13,1.6794594701030455e-13
496,2.656112772730086e-12,2.6172479258163954e-12,3.8864846913690655e-14,0,1,3.0088080697647308e-12,1.1077257608846434e-12
497,9.325821426112333e-13,1.5041034292919857e-12,-5.715212866807524e-13,1,0,3.326233070070045e-12,1.2245892635854012e-12
498,6.28176129035541e-13,9.515126778312068e-13,-3.2333654879566576e-13,1,0,1.6990300675087807e-12,6.25516593500833e-13
499,2.972025765046551e-13,5.28626860696615e-13,-2.314242841919599e-13,1,0,1.0459477245084638e-12,3.850771508557195e-13
500,2.144220618395399e-13,3.7302664722546625e-13,-1.5860458538592636e-13,1,0,7.105848737711275e-13,2.6160963136235845e-13
501,1.0560076120640945e-12,1.2850286834140623e-12,-2.290210713499678e-13,1,0,2.100882146177002e-12,7.734628530442802e-13
502,4.2019144615279057e-13,5.32795260403921e-13,-1.1260381425113043e-13,1,0,1.0513686929668296e-12,3.8707293997587584e-13
503,7.285031202524203e-14,1.346889365425229e-13,-6.183862451728086e-14,1,0,2.7253100240791653e-13,1.0033528394204611e-13
504,6.698471304667043e-13,8.718849527008932e-13,-2.0203782223418891e-13,1,0,1.7084968004490264e-12,6.29001875282248e-13
505,5.068274920967113e-13,6.012153269695277e-13,-9.438783487281644e-14,1,0,1.0841358743351652e-12,3.991365379428019e-13
506,5.8692259513274865e-12,6.682881724505957e-12,-8.136557731784703e-13,1,0,8.190008727302107e-12,3.015241729862813e-12
507,9.402635253240162e-13,1.1397654552220806e-12,-1.9950192989806438e-13,1,0,2.126465325560141e-12,7.828815817205337e-13
508,6.319433233729645e-13,7.418528405797164e-13,-1.099095172067519e-13,1,0,1.0820429979241038e-12,3.98366022489132e-13
509,2.03659651229977e-13,2.162554141749956e-13,-1.259576294501862e-14,1,0,2.2021731480576642e-13,8.107542486824865e-14
510,1.5207557942300165e-13,2.892356890201222e-13,-1.3716010959712057e-13,1,0,6.269036923465719e-13,2.3080148467572386e-13
511,1.4756151755945198e-13,1.4567468334862302e-13,1.886834210828953e-15,0,1,2.0919946352568894e-13,7.701908182158432e-14
512,3.9713603619737466e-13,6.315063582214483e-13,-2.3437032202407363e-13,1,0,1.2473792040698183e-12,4.592363640024286e-13
513,1.7667435530654236e-13,2.869496524600942e-13,-1.1027529715355186e-13,1,0,5.739546918851568e-13,2.1130772819002399e-13
514,5.8474756191046276e-12,6.917880911903854e-12,-1.0704052927992262e-12,1,0,1.1277578420567077e-11,4.15196444811308e-12
515,7.543459839790503e-13,9.604243308255551e-13,-2.060783468465048e-13,1,0,1.905760925533677e-12,7.016268310747007e-13
516,4.351771641186875e-13,7.628558452330166e-13,-3.2767868111432907e-13,1,0,1.3934448086833433e-12,5.130120217572432e-13
517,3.919928527460273e-12,4.895569243290327e-12,-9.756407158300543e-13,1,0,1.0032438087183101e-11,3.693552348961214e-12
518,2.702919821298826e-12,2.759131941503347e-12,-5.6212120204521206e-14,1,0,3.804016733489542e-12,1.4004905706239055e-12
519,2.722705652539094e-12,4.984251170513226e-12,-2.2615455179741323e-12,1,0,1.0737605454824743e-11,3.953167465897848e-12
520,7.794590011030484e-13,1.1682308805775517e-12,-3.887718794745033e-13,1,0,1.9308021897725982e-12,7.108460477343865e-13
521,3.332547193998287e-13,3.961479288140373e-13,-6.289320941420862e-14,1,0,6.49662941287156e-13,2.3918055232155177e-13
522,2.7619958452087943e-13,4.019031674556399e-13,-1.2570358293476047e-13,1,0,5.212520345512429e-13,1.9190466563428663e-13
523,1.4580129621903447e-12,1.943546681782885e-12,-4.855337195925402e-13,1,0,3.645564487645752e-12,1.3421546347578074e-12
524,2.2796763468321357e-13,2.9617714587289283e-13,-6.820951118967926e-14,1,0,7.399361380170935e-13,2.7241562189612195e-13
525,1.0842116045538677e-13,1.89547078659734e-13,-8.112591820434724e-14,1,0,4.118342253679733e-13,1.5162129656536975e-13
526,3.779750236767236e-12,6.119095030111101e-12,-2.339344793343865e-12,1,0,9.073082019614353e-12,3.3403548683422567e-12
527,6.540598807457738e-13,7.409931323355089e-13,-8.693325158973509e-14,1,0,7.006645219836385e-13,2.579573448165773e-13
528,1.945202804235794e-11,2.1341791708925438e-11,-1.8897636665674974e-12,1,0,4.562169043374773e-11,1.679612676408385e-11
529,3.6759237298092357e-13,4.426710334470501e-13,-7.507866046612651e-14,1,0,7.579602378022011e-13,2.790513923360358e-13
530,4.336792843950554e-13,5.067858520889531e-13,-7.310656769389767e-14,1,0,7.193466803977874e-13,2.6483538677353693e-13
531,1.0553609641158975e-12,1.7353385786451573e-12,-6.799776145292598e-13,1,0,3.059165048718386e-12,1.1262652361631884e-12
532,1.2145974776135452e-13,1.3683718356114426e-13,-1.537743579978974e-14,1,0,2.7058816084978135e-13,9.962000546852358e-14
533,3.131944107351412e-13,5.449746085134749e-13,-2.317801977783337e-13,1,0,1.1038937311639579e-12,4.064106100941823e-13
534,1.4155407089336557e-12,2.276868121926065e-12,-8.613274129924094e-13,1,0,4.0143074824401845e-12,1.4779114211690737e-12
535,3.842180712276909e-13,3.9259931559868685e-13,-8.381244370995971e-15,1,0,7.314498448221618e-13,2.692912997830199e-13
536,1.5180930854547188e-13,2.764692558459585e-13,-1.246599473004866e-13,1,0,5.767863246571721e-13,2.123502249176972e-13
537,2.6980657150479076e-13,3.518480238893017e-13,-8.204145238451094e-14,1,0,7.383592328344121e-13,2.718350669212527e-13
538,7.366278515429136e-14,1.1768020609862825e-13,-4.401742094433689e-14,1,0,2.468304649658435e-13,9.087334860650618e-14
539,5.721366886556421e-13,6.514435740738764e-13,-7.93068854182343e-14,1,0,6.969777417089312e-13,2.566000161368074e-13
540,6.97999307911221e-13,7.185148224200446e-13,-2.05155145088236e-14,1,0,1.0669283144154553e-12,3.928013856289758e-13
541,9.04000599112501e-14,1.6589118775017525e-13,-7.549112783892516e-14,1,0,3.118649225923644e-13,1.148164989795677e-13
542,9.156878833413037e-13,1.1910435890540668e-12,-2.7535570571276305e-13,1,0,2.4062741901662887e-12,8.858962906223047e-13
543,7.049369952317783e-13,7.136361754969541e-13,-8.699180265175833e-15,1,0,7.729781824777518e-13,2.845804137315244e-13
544,6.082751075246491e-13,7.069010833343706e-13,-9.862597580972152e-14,1,0,1.0608289270907632e-12,3.9055582914663664e-13
545,3.357142526301302e-13,5.358090170693036e-13,-2.0009476443917347e-13,1,0,9.011173546875144e-13,3.3175625836633574e-13
546,2.2090460516727744e-12,3.817449244495848e-12,-1.6084031928230734e-12,1,0,7.188500078955673e-12,2.6465253133288553e-12
547,3.8604254950527064e-12,4.403047219351487e-12,-5.426217242987804e-13,1,0,9.257836537273743e-12,3.4083742746672092e-12
548,5.803499285626717e-13,7.646403300287874e-13,-1.8429040146611568e-13,1,0,1.0781030943196405e-12,3.969155036734179e-13
549,1.5121885556164978e-13,3.043251132294484e-13,-1.531062576677986e-13,1,0,6.93016052086154e-13,2.5514147655899953e-13
550,4.278025411274419e-12,6.379870544235197e-12,-2.101845132960778e-12,1,0,1.2219757389775753e-11,4.4988379911761965e-12
551,6.343277632479318e-13,1.5520356667774516e-12,-9.177079035295196e-13,1,0,3.2971142488391085e-12,1.2138688495024168e-12
552,2.2861507038795897e-12,2.516426674696686e-12,-2.302759708170965e-13,1,0,3.9569116559997955e-12,1.4567805168238676e-12
553,2.747841768043425e-13,3.0651354317602496e-13,-3.1729366371682463e-14,1,0,6.506728499683186e-13,2.3955236130249226e-13
554,2.0885752377196722e-13,2.3104841353479447e-13,-2.2190889762827248e-14,1,0,3.694654903179987e-13,1.360227810792614e-13
555,2.384965023258208e-13,3.386412998149478e-13,-1.0014479748912704e-13,1,0,6.39700293348414e-13,2.355126939828071e-13
556,1.6224011707859814e-12,2.9814722388063164e-12,-1.359071068020335e-12,1,0,5.423773885593671e-12,1.9968219690248636e-12
557,1.5320464621372717e-12,1.8607859296044297e-12,-3.2873946746715795e-13,1,0,2.3442124074047192e-12,8.630475631736334e-13
558,4.778163339767136e-13,7.813148472477773e-13,-3.034985132710637e-13,1,0,1.6804431427855703e-12,6.18673612873912e-13
559,4.1531452948273227e-13,9.579870872112923e-13,-5.426725577285601e-13,1,0,2.1791911629304376e-12,8.022931782614386e-13
560,6.688065601060943e-12,8.40228991817919e-12,-1.714224317118248e-12,1,0,1.3582831950713742e-11,5.000668872424664e-12
561,9.95172163166424e-13,1.4733861485165021e-12,-4.782139853500781e-13,1,0,3.1724150415352095e-12,1.167959465756572e-12
562,8.517722827305186e-13,1.2902665567212409e-12,-4.3849427399072225e-13,1,0,2.7891504887730568e-12,1.0268564081721229e-12
563,4.910565706175386e-13,6.949439726262464e-13,-2.0388740200870782e-13,1,0,8.598723958389585e-13,3.1657147344027535e-13
564,8.92300464456601e-13,1.0249786552529034e-12,-1.3267819079630238e-13,1,0,2.0048157923672175e-12,7.380949690178066e-13
565,1.9106814470326421e-13,3.3802040906342205e-13,-1.4695226436015783e-13,1,0,6.092197232499697e-13,2.242909370871813e-13
566,2.5842327936009985e-13,3.947751571241422e-13,-1.3635187776404234e-13,1,0,8.705076539724437e-13,3.204869606149161e-13
567,9.256662004208933e-14,1.3171875709377775e-13,-3.9152137051688416e-14,1,0,2.1390846049430402e-13,7.875275081246499e-14
568,1.1982464808433396e-12,2.607248237993129e-12,-1.4090017571497893e-12,1,0,5.118163405370386e-12,1.884308111746446e-12
569,2.1812182602941741e-13,2.6647455735476315e-13,-4.8352731325345736e-14,1,0,3.2877317898195784e-13,1.2104145940911733e-13
570,2.3500089897269653e-13,4.384430521817706e-13,-2.0344215320907406e-13,1,0,8.703332661657114e-13,3.204227578271602e-13
571,8.901232905540505e-13,1.006371399835879e-12,-1.1624810928182854e-13,1,0,2.0623061211641015e-12,7.592606654442377e-13
572,1.1500169250904782e-13,1.6551903940190856e-13,-5.051734689286075e-14,1,0,2.906022382954073e-13,1.0698840805612823e-13
573,1.2290067757570706e-12,1.356307206965584e-12,-1.2730043120851346e-13,1,0,2.7931659852943245e-12,1.0283347573510051e-12
574,1.6978464168943765e-13,2.7749760148273877e-13,-1.0771295979330113e-13,1,0,5.454930219733895e-13,2.008292515879836e-13
575,1.4623376501137212e-12,1.4943495478176123e-12,-3.201189770389108e-14,1,0,1.7257792072045528e-12,6.353645832813263e-13
576,7.816352958420407e-13,7.824259114656691e-13,-7.906156236283581e-16,1,0,7.105926833923304e-13,2.6161250656024036e-13
577,2.098310864722624e-13,2.3420993508125056e-13,-2.4378848608988172e-14,1,0,4.812916817493339e-13,1.7719282254348597e-13
578,2.601247259572201e-13,3.5327406570578495e-13,-9.314933974856487e-14,1,0,6.30464085100097e-13,2.321122824004372e-13
579,1.3222815395569671e-12,1.4085821368429246e-12,-8.630059728595749e-14,1,0,1.8522655375602985e-12,6.819319160210916e-13
580,3.235926705673692e-11,4.8334863508962375e-11,-1.5975596452225454e-11,1,0,8.205508842051064e-11,3.0209482674703874e-11
581,1.5042771274981106e-11,3.026293598907262e-11,-1.522016471409151e-11,1,0,5.3487814058199335e-11,1.9692126633490496e-11
582,3.8575082309555403e-13,3.948295592998112e-13,-9.07873620425719e-15,1,0,6.064929784117474e-13,2.232870560051639e-13
583,1.6457099057412162e-13,2.9790742938252634e-13,-1.3333643880840473e-13,1,0,6.35348940640497e-13,2.3391069565739323e-13
584,1.2039398980991191e-12,1.255753577642938e-12,-5.181367954381888e-14,1,0,1.491632430821011e-12,5.491608740336221e-13
585,9.668897044077956e-12,1.2804109924741744e-11,-3.135212880663788e-12,1,0,1.9080073205566968e-11,7.024538660926958e-12
586,3.7212838632124787e-13,4.042255979747917e-13,-3.209721165354386e-14,1,0,4.801674436300984e-13,1.7677892192331682e-13
587,2.399459106876008e-13,4.0053692097130994e-13,-1.6059101028370915e-13,1,0,8.012058540089431e-13,2.9497274125786463e-13
588,8.283785137852715e-13,8.565851110919881e-13,-2.820659730671668e-14,1,0,8.676711396706073e-13,3.1944266669838607e-13
589,4.2214615329863964e-13,4.695144958187016e-13,-4.736834252006198e-14,1,0,6.122666031352193e-13,2.2541267940538646e-13
590,4.0140755233254795e-13,5.684139785042458e-13,-1.6700642617169787e-13,1,0,1.1233396377281943e-12,4.1356983432700114e-13
591,6.64866889447688e-13,9.855143415012344e-13,-3.2064745205354634e-13,1,0,2.282177920623139e-12,8.402088850400069e-13
592,1.2642028719175842e-12,1.1449757283303396e-12,1.192271435872446e-13,0,1,2.7889504051499457e-12,1.0267827451871427e-12
593,7.159184873941037e-13,9.878768500462696e-13,-2.7195836265216594e-13,1,0,1.9758183566788035e-12,7.27419244356458e-13
594,1.0143814501574814e-12,1.2371827396432784e-12,-2.2280128948579706e-13,1,0,2.8536365903132966e-12,1.0505976752250035e-12
595,1.355555169967991e-12,1.4031121754515462e-12,-4.7557005483555305e-14,1,0,1.949680591335274e-12,7.177963387633972e-13
596,1.1425835143818936e-12,1.2132476204219145e-12,-7.06641060400209e-14,1,0,3.278536595162391e-12,1.2070292821131607e-12
597,1.6685848339957238e-12,2.2280149948268678e-12,-5.59430160831144e-13,1,0,4.863222899263069e-12,1.7904489623557288e-12
598,1.7570799113646936e-13,1.8863752982765628e-13,-1.2929538691186921e-14,1,0,3.2274904049441453e-13,1.188236066132392e-13
599,1.262183883201324e-12,1.8279860582459534e-12,-5.658021750446295e-13,1,0,3.7877548657841105e-12,1.394503585292929e-12
600,2.588252290448443e-13,3.2661417423038184e-13,-6.778894518553752e-14,1,0,4.477624125989676e-13,1.6484865358345004e-13
601,5.297935238582071e-13,7.649614544669145e-13,-2.3516793060870734e-13,1,0,1.6860590455691524e-12,6.207411692084322e-13
602,1.6164193067681595e-12,1.9713058074715986e-12,-3.5488650070343907e-13,1,0,3.0875133860834067e-12,1.1367019881424987e-12
603,5.875827297926323e-13,7.707137802641838e-13,-1.8313105047155146e-13,1,0,1.3977903701140797e-12,5.146118879603107e-13
604,2.2420273177711432e-11,1.8146471882377785e-11,4.273801295333647e-12,0,1,4.958411079237524e-11,1.8254935370326612e-11
605,1.867948064925624e-12,2.5531395952510106e-12,-6.851915303253867e-13,1,0,6.5480201408762846e-12,2.410725584569215e-12
606,2.4157455498247385e-13,2.837362582254943e-13,-4.2161703243020425e-14,1,0,4.156918715938082e-13,1.5304153142304576e-13
607,3.715136855187418e-13,4.970185195787019e-13,-1.255048340599601e-13,1,0,7.232535552971502e-13,2.662737457084477e-13
608,1.0062755264108578e-12,2.3018193119632216e-12,-1.2955437855523638e-12,1,0,4.680876595296316e-12,1.7233161663705501e-12
609,1.5697449744943176e-12,2.278647180296638e-12,-7.089022058023204e-13,1,0,3.733034571729676e-12,1.3743577076025587e-12
610,5.353091138652699e-13,8.643433239675709e-13,-3.2903421010230095e-13,1,0,1.4290302425961014e-12,5.261131903739913e-13
611,4.813381696918021e-13,6.40840661522974e-13,-1.595024918311719e-13,1,0,8.745453084395653e-13,3.219734674851039e-13
612,4.0762569998468847e-13,7.370333896265021e-13,-3.2940768964181364e-13,1,0,1.536659227119278e-12,5.657379839832093e-13
613,1.4974498823727064e-12,1.5242975356849449e-12,-2.684765331223846e-14,1,0,2.196932595392382e-12,8.088248816195154e-13
614,7.076616176187968e-13,1.0022560123217712e-12,-2.9459439470297434e-13,1,0,2.29090748053682e-12,8.434227684693766e-13
615,4.895073720070958e-13,7.988408950822972e-13,-3.093335230752015e-13,1,0,1.4925682498134625e-12,5.495054060813391e-13
616,3.094395067718122e-13,3.554579443590513e-13,-4.601843758723913e-14,1,0,4.585826646216475e-13,1.6883224829167742e-13
617,1.0345338664418452e-12,1.8205840948925372e-12,-7.86050228450692e-13,1,0,3.3011875858913456e-12,1.2153684933085043e-12
618,1.8038589445827648e-13,3.834319477716713e-13,-2.030460533133948e-13,1,0,7.82665870153617e-13,2.8814704242738525e-13
619,5.110990631783547e-12,1.0004799956202411e-11,-4.893809324418864e-12,1,0,1.955602345777288e-11,7.199764977476042e-12
620,3.3328617640293315e-13,4.966375316243958e-13,-1.6335135522146269e-13,1,0,1.0341264659954921e-12,3.807250246059652e-13
621,2.9641489408697744e-13,4.201550877304472e-13,-1.2374019364346975e-13,1,0,9.54478834122033e-13,3.5140187351956634e-13
622,5.552974139359503e-13,8.562513184606198e-13,-3.0095390452466954e-13,1,0,1.3542226448396608e-12,4.985719510448954e-13
623,1.164059650476239e-13,1.9302050823169173e-13,-7.661454318406784e-14,1,0,3.8360038046216466e-13,1.4122669624331218e-13
624,1.1052642805387128e-13,1.8327874304173969e-13,-7.27523149878684e-14,1,0,3.8036501527147765e-13,1.4003556098825628e-13
625,5.386092645591182e-12,7.073353888913387e-12,-1.687261243322205e-12,1,0,1.6022745275056687e-11,5.898949780023966e-12
626,1.8760531043612857e-13,2.570258830970543e-13,-6.942057266092571e-14,1,0,5.392891389609562e-13,1.985452238696837e-13
627,3.59414434183907e-13,6.781984178470048e-13,-3.187839836630978e-13,1,0,1.217408978135468e-12,4.482024959200392e-13
628,8.718380201701335e-13,1.4290869074644903e-12,-5.572488872943568e-13,1,0,3.0526848483821852e-12,1.1238794791851223e-12
629,4.516644567400085e-13,6.690858476836794e-13,-2.1742139094367087e-13,1,0,1.3288553049353414e-12,4.892326860450748e-13
630,1.0271199126018613e-12,1.3504656362653153e-12,-3.2334572366345403e-13,1,0,2.760852038430424e-12,1.0164380226484161e-12
631,4.748644519107837e-13,6.664248666348592e-13,-1.915604147240755e-13,1,0,9.459051611770856e-13,3.482453815910996e-13
632,9.957157111583756e-12,1.2416929359247791e-11,-2.4597722476640353e-12,1,0,2.4999749413697272e-11,9.203932520487633e-12
633,1.8959601002899224e-12,3.6185682930727584e-12,-1.722608192782836e-12,1,0,7.640076416390388e-12,2.8127781052596758e-12
634,2.54909811407988e-13,3.735801210544545e-13,-1.1867030964646647e-13,1,0,8.011042016754102e-13,2.9493531683400724e-13
635,1.1793761112735651e-12,2.1785854877578155e-12,-9.992093764842504e-13,1,0,3.966763339875866e-12,1.4604075225233268e-12
636,2.805272855165541e-13,5.160564503892229e-13,-2.355291648726688e-13,1,0,1.0174777879167629e-12,3.7459563078460195e-13
637,3.2307875158497293e-12,4.020628362825474e-12,-7.898408469757444e-13,1,0,7.363580681724716e-12,2.710983161560313e-12
638,6.960639792542381e-12,8.71874714618825e-12,-1.7581073536458698e-12,1,0,1.3945420514043314e-11,5.1341598372483944e-12
639,6.5389786268900415e-12,8.074845775427868e-12,-1.5358671485378266e-12,1,0,1.0567336567695745e-11,3.890481103665146e-12
640,1.3244322500649124e-13,1.5710076820480323e-13,-2.4657543198311995e-14,1,0,3.341078225055218e-13,1.2300546705572348e-13
641,2.720669826424346e-13,5.213371288605893e-13,-2.4927014621815467e-13,1,0,9.325752792698958e-13,3.4333783905738823e-13
642,6.638836467862797e-13,1.202005424672279e-12,-5.381217778859993e-13,1,0,2.4872891528125267e-12,9.157228395611215e-13
643,3.103186251523586e-13,4.816089029019514e-13,-1.712902777495928e-13,1,0,8.907217026070855e-13,3.27928984793653e-13
644,3.9711600979402105e-13,6.283093328751189e-13,-2.3119332308109784e-13,1,0,1.2102022073754488e-12,4.455492440546625e-13
645,2.4477252424499773e-13,3.452578327924146e-13,-1.0048530854741688e-13,1,0,5.163714712128996e-13,1.9010783259869362e-13
646,3.2578044456795778e-12,5.158061266496813e-12,-1.9002568208172352e-12,1,0,8.640726820061755e-12,3.1811785495834854e-12
647,1.6570646247438917e-12,1.8981433281625786e-12,-2.4107870341868686e-13,1,0,1.969129816485826e-12,7.249567847702429e-13
648,7.896184241131613e-13,9.21330100086813e-13,-1.3171167597365177e-13,1,0,1.7590120003550224e-12,6.475996013434138e-13
649,1.566720406547082e-11,2.998995532470173e-11,-1.4322751259230908e-11,1,0,5.465462802431081e-11,2.012170201964091e-11
650,2.1653793362738397e-13,2.516640640280172e-13,-3.512613040063322e-14,1,0,4.555448234847626e-13,1.677138336880282e-13
651,2.1392593697021755e-12,2.6122837490543314e-12,-4.730243793521559e-13,1,0,4.8897866989459215e-12,1.8002287171733818e-12
652,3.2460914364233295e-12,4.0631477442861235e-12,-8.17056307862794e-13,1,0,7.361684082046473e-12,2.7102849075431206e-12
653,1.9596250028516752e-13,2.620903113575204e-13,-6.61278110723529e-14,1,0,4.843451390471066e-13,1.7831698640840426e-13
654,1.6642424182549762e-13,2.4671046996188673e-13,-8.02862281363891e-14,1,0,4.0446913478987e-13,1.489097575188623e-13
655,8.38315668016487e-13,1.0807216495513684e-12,-2.424059815348814e-13,1,0,1.9505266361701075e-12,7.181078194682737e-13
656,3.2955530073185635e-13,4.260318460172625e-13,-9.647654528540613e-14,1,0,7.996201808128792e-13,2.943889582424988e-13
657,5.4518342918188754e-12,5.949122935482482e-12,-4.972886436636069e-13,1,0,1.2284723179799614e-11,4.522755860816609e-12
658,6.069728723791111e-13,7.870140423135755e-13,-1.8004116993446445e-13,1,0,1.228894277864673e-12,4.524309352510054e-13
659,6.405303939019112e-13,1.0677410159068526e-12,-4.272106220049415e-13,1,0,2.4086938379623323e-12,8.867871105529208e-13
660,1.0199294106007418e-13,1.9353689701968414e-13,-9.154395595960996e-14,1,0,3.9641859943318154e-13,1.4594586444335158e-13
661,2.3377100896400246e-13,3.156937022864172e-13,-8.192269332241473e-14,1,0,4.2176427242933304e-13,1.5527715253278782e-13
662,4.608685303494489e-13,7.080539300488436e-13,-2.471853996993947e-13,1,0,1.1623833503597834e-12,4.2794420626424816e-13
663,1.3685591729282103e-13,1.9773328232889775e-13,-6.087736503607672e-14,1,0,3.666490234761287e-13,1.3498586785546084e-13
664,1.1525333537882807e-12,1.350016594849006e-12,-1.974832410607253e-13,1,0,2.0717695970185595e-12,7.627447480937211e-13
665,1.8272232188023673e-13,2.647307366454613e-13,-8.200841476522455e-14,1,0,5.194904530283642e-13,1.912561200349843e-13
666,8.209528609661621e-14,1.3265582118021928e-13,-5.056053508360306e-14,1,0,2.84120051137117e-13,1.0460191960767254e-13
667,2.0305328956140624e-13,2.91652204975252e-13,-8.859891541384577e-14,1,0,5.136064433074526e-13,1.8908985718470584e-13
668,5.117180927556748e-13,6.8158075051585e-13,-1.698626577601753e-13,1,0,1.0119551433962794e-12,3.72562408504649e-13
669,2.9309749234479745e-12,2.9613339568227046e-12,-3.035903337473006e-14,1,0,6.444224995377541e-12,2.3725122609348108e-12
670,2.1391797319896255e-13,2.818683561845173e-13,-6.795038298555477e-14,1,0,6.166629567968302e-13,2.2703124532651106e-13
671,1.147087188964352e-12,2.221873822617319e-12,-1.0747866336529671e-12,1,0,4.460829268478164e-12,1.6423033244482904e-12
672,4.995123592299551e-13,5.59659845065692e-13,-6.014748583573691e-14,1,0,5.171338255823137e-13,1.9038850173887877e-13
673,4.1728476212699237e-13,6.530338180112964e-13,-2.35749055884304e-13,1,0,1.3450147852228989e-12,4.951819763228141e-13
674,1.5795889583699322e-12,2.172936145623196e-12,-5.933471872532638e-13,1,0,3.2589459258690522e-12,1.1998167618905266e-12
675,1.442797482780828e-13,2.1586841788151964e-13,-7.158866960343685e-14,1,0,4.3065379783298164e-13,1.5854992901547985e-13
676,5.848883529044908e-13,8.018873078487621e-13,-2.1699895494427126e-13,1,0,1.1142373236663716e-12,4.102187173610286e-13
677,4.395094520634432e-13,6.857469124033777e-13,-2.462374603399345e-13,1,0,1.39082770785405e-12,5.120485073222173e-13
678,1.7543435446420585e-13,3.1741600802256247e-13,-1.4198165355835662e-13,1,0,6.067000493211107e-13,2.2336329143637553e-13
679,2.098057285367728e-12,1.8704514932448554e-12,2.276057921228726e-13,0,1,2.972857355978829e-12,1.0944901104677832e-12
680,1.3796454877261569e-13,2.1156264593649094e-13,-7.359809716387526e-14,1,0,4.0819789306807906e-13,1.5028254086200423e-13
681,3.540505558435026e-13,3.76063847068776e-13,-2.2013291225273424e-14,1,0,4.4032872465975e-13,1.6211185966449039e-13
682,1.8433909831228658e-13,2.1041461429548533e-13,-2.6075515983198753e-14,1,0,2.126328111160694e-13,7.828310647312451e-14
683,6.358351570540045e-12,6.122837829189954e-12,2.3551374135009137e-13,0,1,8.325560581486627e-12,3.0651466348398895e-12
684,3.1800568980287523e-13,4.902613296011901e-13,-1.7225563979831484e-13,1,0,1.0438340987772113e-12,3.842989963117642e-13
685,4.0365479792058976e-13,6.486614327305892e-13,-2.450066348099994e-13,1,0,1.289739076898227e-12,4.748316167642622e-13
686,2.9540304487416614e-13,4.2157665487048356e-13,-1.2617360999631742e-13,1,0,8.922616050394216e-13,3.284959167992831e-13
687,2.1993795390056132e-13,2.954191601475846e-13,-7.548120624702329e-14,1,0,5.77049330178068e-13,2.1244705329092543e-13
688,5.014248189468713e-13,6.063192060151289e-13,-1.0489438706825764e-13,1,0,1.0385823157417874e-12,3.8236549466459164e-13
689,1.6379260777992996e-13,1.9002698778747599e-13,-2.6234380007546028e-14,1,0,3.1289928599296144e-13,1.151973112342514e-13
690,1.2338181602873005e-11,1.9290823649406276e-11,-6.952642046533271e-12,1,0,3.146260358331838e-11,1.1583303316674653e-11
691,2.398355364974539e-13,2.93678791116359e-13,-5.384325461890511e-14,1,0,4.922470728950038e-13,1.8122617020516487e-13
692,7.315137245885337e-13,1.1377576472126768e-12,-4.0624392262414315e-13,1,0,1.9703027198550494e-12,7.25388602037078e-13
693,3.828529737553573e-13,6.79264737078639e-13,-2.964117633232817e-13,1,0,1.283343618251702e-12,4.724770583706515e-13
694,4.758648111713883e-13,4.768237422705367e-13,-9.589310991484055e-16,1,0,5.98334126291275e-13,2.202832849225497e-13
695,2.1901457141288227e-12,2.4291527166081553e-12,-2.390070024793326e-13,1,0,4.313039102881155e-12,1.587892750612647e-12
696,3.48204646341532e-13,4.457261751334643e-13,-9.752152879193229e-14,1,0,1.0014793014391756e-12,3.6870561214749635e-13
697,9.798540814983239e-14,1.6989403852206258e-13,-7.190863037223019e-14,1,0,3.1744184164765995e-13,1.1686970302604662e-13
698,4.748102113835314e-13,6.580625031926184e-13,-1.83252291809087e-13,1,0,1.6024487143886128e-12,5.899591068178516e-13
699,2.3503542531255807e-11,2.769066133703076e-11,-4.187118805774953e-12,1,0,7.518920793008763e-11,2.7681733308825727e-11
700,4.114101466503705e-14,5.319689415086871e-14,-1.2055879485831656e-14,1,0,1.2061417382132093e-13,4.440543377037094e-14
701,1.3981042499054836e-12,2.779599477091632e-12,-1.3814952271861485e-12,1,0,5.260695188900168e-12,1.9367827544288285e-12
702,1.0936282468285485e-13,1.6860197791499073e-13,-5.923915323213588e-14,1,0,2.9234439970486844e-13,1.0762980392722814e-13
703,2.1821236519064033e-13,4.461503530349837e-13,-2.279379878443434e-13,1,0,8.256885735290643e-13,3.0398632354032384e-13
704,5.326620178787812e-13,1.0580793098276511e-12,-5.254172919488699e-13,1,0,1.9568837372168176e-12,7.204482560899218e-13
705,3.0184384809329573e-13,4.99905474239346e-13,-1.9806162614605025e-13,1,0,9.233240434605042e-13,3.399318949132399e-13
706,6.236821365214974e-13,7.211178086521305e-13,-9.74356721306331e-14,1,0,1.549436254252194e-12,5.704419869553098e-13
707,5.563164417002788e-13,7.421598938075529e-13,-1.8584345210727413e-13,1,0,1.412889117355231e-12,5.201706577084313e-13
708,7.323462546621189e-14,8.928262974378715e-14,-1.604800427757526e-14,1,0,1.564671523984242e-13,5.760510189589815e-14
709,3.8332640599749205e-13,4.618983109229277e-13,-7.857190492543562e-14,1,0,7.846173827947866e-13,2.888655132554313e-13
710,2.759560050313699e-13,3.190058385241588e-13,-4.3049833492788914e-14,1,0,5.716259001793714e-13,2.1045035792764139e-13
711,8.194265553529659e-13,1.248046676972219e-12,-4.28620121619253e-13,1,0,2.1559049079736044e-12,7.937200875583719e-13
712,1.425715282419845e-12,2.1533289445551667e-12,-7.276136621353217e-13,1,0,4.411367382089615e-12,1.6240933873356087e-12
713,8.08904509226312e-14,1.0999471550569802e-13,-2.910426458306682e-14,1,0,2.1320870276850706e-13,7.84951273146312e-14
714,9.274448802487571e-12,1.0249850705241885e-11,-9.754019027543139e-13,1,0,3.1293651129083335e-11,1.1521101613680855e-11
715,1.5095829661564735e-13,1.5110288498929316e-13,-1.4458837364581745e-16,1,0,2.5383301766907605e-13,9.345141534970312e-14
716,5.809679355552055e-13,9.693978122145527e-13,-3.8842987665934715e-13,1,0,2.1965211823683947e-12,8.086734153928678e-13
717,1.415386513338569e-12,2.295000840073377e-12,-8.79614326734808e-13,1,0,4.38331862201033e-12,1.6137669280267152e-12
718,2.546626404398859e-13,3.106686324648861e-13,-5.6005992025000196e-14,1,0,3.5415524694398906e-13,1.3038614670526158e-13
719,5.166023577883324e-13,6.784890018243984e-13,-1.6188664403606607e-13,1,0,1.0456686795920525e-12,3.849744174027423e-13
720,7.596467676477134e-13,8.247261952977295e-13,-6.50794276500161e-14,1,0,1.1357163162125637e-12,4.181264445438817e-13
721,4.279084699680587e-12,5.742528780713643e-12,-1.4634440810330555e-12,1,0,8.821597477133422e-12,3.247768069945309e-12
722,6.08550623479805e-13,7.81190956632522e-13,-1.72640333152717e-13,1,0,1.3218034553420855e-12,4.866364701099905e-13
723,7.073992910652824e-13,1.1422474161203078e-12,-4.348481250550254e-13,1,0,2.666927460620167e-12,9.818586569965647e-13
724,1.0141749682910032e-11,1.6405108070130177e-11,-6.263358387220145e-12,1,0,2.752808720853089e-11,1.0134767868777054e-11
725,2.3238755575743226e-13,2.620701645905445e-13,-2.9682608833112257e-14,1,0,2.697318536734754e-13,9.930474656983993e-14
726,7.792847221754308e-12,8.816107789707833e-12,-1.0232605679535256e-12,1,0,1.36387036796673e-11,5.021238663528641e-12
727,1.6681356838545765e-13,2.89247134871064e-13,-1.2243356648560633e-13,1,0,6.015897313290625e-13,2.2148187169977307e-13
728,4.716363982015816e-13,8.618928414978742e-13,-3.902564432962926e-13,1,0,1.7468981152814868e-12,6.431397414091108e-13
729,7.307386494607778e-13,8.916684111417296e-13,-1.6092976168095181e-13,1,0,1.4549213045866876e-12,5.356452694161338e-13
730,5.533169988257744e-14,9.746766206560318e-14,-4.213596218302574e-14,1,0,1.9319511258157479e-13,7.112690411667011e-14
731,1.4602547520028105e-13,2.701596223528692e-13,-1.2413414715258813e-13,1,0,6.310876617006252e-13,2.3234185897969174e-13
732,3.13276775674365e-13,5.109563648057313e-13,-1.976795891313663e-13,1,0,9.453215236206969e-13,3.4803050900991757e-13
733,1.1403952341870604e-12,1.5152142058591694e-12,-3.7481897167210904e-13,1,0,2.288052209276577e-12,8.423715689724503e-13
734,1.6752070767232773e-12,2.646766525310807e-12,-9.715594485875298e-13,1,0,3.845705807911951e-12,1.4158388615797825e-12
735,1.0144064073491552e-13,1.4453052477259108e-13,-4.308988403767556e-14,1,0,2.9245552405297866e-13,1.0767071557735969e-13
736,3.3547922964944e-13,3.7277039769733583e-13,-3.7291168047895825e-14,1,0,3.3060959838048165e-13,1.2171755739488621e-13
737,1.539605091128785e-13,2.055513919988374e-13,-5.1590882885958894e-14,1,0,2.9272835286925863e-13,1.0777116050475203e-13
738,1.380334960165691e-13,1.4739988204734187e-13,-9.366386030772766e-15,1,0,2.7448792726180314e-13,1.0105574733568993e-13
739,6.9349373963417316e-12,9.616220416971729e-12,-2.6812830206299973e-12,1,0,1.450189633829037e-11,5.339032528206106e-12
740,3.789715957676619e-13,5.606529258144672e-13,-1.8168133004680527e-13,1,0,8.63683582030873e-13,3.1797460352581837e-13
741,5.536540586481771e-13,9.197817538705325e-13,-3.661276952223554e-13,1,0,1.9852168462828508e-12,7.308794016035847e-13
742,2.27859582382616e-13,2.62694062909849e-13,-3.483448052723299e-14,1,0,3.635521327791418e-13,1.338457135072426e-13
743,3.4436589427195766e-13,4.285420675313243e-13,-8.417617325936664e-14,1,0,6.583724121520733e-13,2.42387039746819e-13
744,3.2244473010320485e-13,3.131018584338222e-13,9.34287166938264e-15,0,1,3.7448123221939645e-13,1.3786938158859904e-13
745,7.526929885253508e-13,9.621732898780463e-13,-2.0948030135269557e-13,1,0,2.268088375729926e-12,8.350216642284872e-13
746,2.9087453310308056e-13,4.707973468293185e-13,-1.7992281372623797e-13,1,0,8.529797002040838e-13,3.1403385178424037e-13
747,2.9089332294861403e-13,4.88378601872563e-13,-1.9748527892394898e-13,1,0,1.1419004626466174e-12,4.204032060239252e-13
748,2.407919668372738e-13,3.7065665370143517e-13,-1.298646868641614e-13,1,0,5.686486556460369e-13,2.093542526296104e-13
749,2.7379443044807694e-13,6.26743973552811e-13,-3.52949543104734e-13,1,0,1.4663107320429492e-12,5.398384123160777e-13
750,1.359781408663085e-13,2.929155185841405e-13,-1.5693737771783202e-13,1,0,4.868719183422425e-13,1.7924724797790042e-13
751,2.6603964250392485e-13,5.52767306022693e-13,-2.8672766351876814e-13,1,0,1.1439989475143562e-12,4.211757862925637e-13
752,8.85652708087881e-13,1.2689762038998893e-12,-3.833234958120083e-13,1,0,2.547068282621326e-12,9.377311832364467e-13
753,3.158278017076834e-11,3.53882273798288e-11,-3.805447209060458e-12,1,0,3.3110870464750116e-11,1.2190130885279815e-11
754,3.268502045240779e-13,5.097835827267448e-13,-1.8293337820266692e-13,1,0,1.1268516429639825e-12,4.1486281765522936e-13
755,9.422368760745429e-12,7.1063695363159e-12,2.3159992244295287e-12,0,1,2.1314800382039493e-11,7.847278032973771e-12
756,9.137269677045597e-12,9.364964458572574e-12,-2.27694781526977e-13,1,0,1.7886675823278646e-11,6.5851762979310225e-12
757,1.592559465306191e-13,3.277270573729936e-13,-1.6847111084237448e-13,1,0,6.802765892768984e-13,2.504513033055265e-13
758,6.231402138721661e-13,7.559654925575041e-13,-1.3282527868533797e-13,1,0,1.3269810384708764e-12,4.885426542460001e-13
759,8.230211933214701e-13,8.346257679527218e-13,-1.1604574631251715e-14,1,0,1.92737711582126e-12,7.095850691139958e-13
760,7.559701244840802e-12,5.624941350089352e-12,1.93475989475145e-12,0,1,1.729687539167608e-11,6.3680347865025016e-12
761,1.8972423228008368e-13,2.799408495140838e-13,-9.021661723400012e-14,1,0,6.198444050677109e-13,2.28202530474936e-13
762,2.399634027833976e-13,3.3101189877002737e-13,-9.104849598662977e-14,1,0,5.088615577905959e-13,1.8734297543033674e-13
763,2.4808709196417367e-12,2.6460284772796295e-12,-1.6515755763789282e-13,1,0,3.0494902277748152e-12,1.1227033444962409e-12
764,1.9705739762299825e-13,2.717551911085004e-13,-7.469779348550215e-14,1,0,5.768070200891369e-13,2.1235784416843985e-13
765,2.146830566037095e-12,3.581891464157733e-12,-1.4350608981206382e-12,1,0,6.970042384333747e-12,2.5660977119713848e-12
766,5.548234183146195e-13,6.871916315016592e-13,-1.3236821318703969e-13,1,0,1.3738802097918013e-12,5.058090996395719e-13
767,2.3084625988963625e-12,3.991643896009052e-12,-1.6831812971126894e-12,1,0,7.890840561350156e-12,2.9050996813912724e-12
768,1.696530929638159e-13,2.810898946799412e-13,-1.114368017161253e-13,1,0,5.618565516972492e-13,2.0685366490841793e-13
769,4.21719923939826e-13,6.087870521231333e-13,-1.8706712818330734e-13,1,0,9.269558150935757e-13,3.4126897155698806e-13
770,2.4735348128279974e-13,4.501627147539605e-13,-2.0280923347116077e-13,1,0,9.65406634940195e-13,3.554250634989261e-13
771,2.3245814116012862e-12,3.733966822402471e-12,-1.4093854108011852e-12,1,0,6.43788367633959e-12,2.370177634633148e-12
772,1.512606561907014e-12,1.776145561007364e-12,-2.6353899910034994e-13,1,0,3.3507787485708343e-12,1.2336260249085796e-12
773,8.822934131588096e-13,1.2916585289134136e-12,-4.09365115754604e-13,1,0,2.8528035151445208e-12,1.0502909694452365e-12
774,1.0801812426861581e-12,1.0828035131300331e-12,-2.6222704438749927e-15,1,0,1.5392654485773192e-12,5.66697493058133e-13
775,8.870747160333947e-13,9.602700500430897e-13,-7.319533400969501e-14,1,0,1.4938665266088295e-12,5.499833809529962e-13
776,1.9310797142070128e-13,2.195990017919661e-13,-2.6491030371264826e-14,1,0,3.313665112974489e-13,1.219962232045457e-13
777,7.973966187053052e-13,1.1351996134927432e-12,-3.37802994787438e-13,1,0,2.3495721142522138e-12,8.650207981584172e-13
778,8.491581994010243e-13,1.5332682075212687e-12,-6.841100081202445e-13,1,0,2.6931113265706564e-12,9.914985350347725e-13
779,1.7309916862294093e-13,3.422329108558393e-13,-1.6913374223289837e-13,1,0,6.80342594528925e-13,2.5047560386452804e-13
780,3.402001171098945e-10,3.5732796629790085e-10,-1.712784918800633e-11,1,0,5.272360335872745e-10,1.9410774064991545e-10
781,2.5863172618440653e-13,3.2000511575119656e-13,-6.137338956679003e-14,1,0,4.097426933631821e-13,1.5085127606964466e-13
782,6.433757414888902e-13,9.187459482364543e-13,-2.7537020674756417e-13,1,0,1.5355424700596187e-12,5.65326837597348e-13
783,3.2084253286388857e-13,4.3417125981331533e-13,-1.1332872694942676e-13,1,0,5.695541695623163e-13,2.0968762753044968e-13
784,1.912280101152583e-13,2.179864378491663e-13,-2.6758427733907987e-14,1,0,2.411757377824564e-13,8.879149864247627e-14
785,8.09205602146992e-13,9.2549987800003e-13,-1.1629427585303793e-13,1,0,8.956930885910263e-13,3.2975925518446023e-13
786,4.941005230737422e-13,7.131046393678554e-13,-2.190041162941132e-13,1,0,1.241737018674221e-12,4.571591314354211e-13
787,3.458385592282196e-13,4.383733832581971e-13,-9.253482402997747e-14,1,0,8.130659630359329e-13,2.993391707513632e-13
788,7.559581907741438e-13,8.532204928772328e-13,-9.726230210308898e-14,1,0,1.6948299678372312e-12,6.239702806431896e-13
789,5.422382996204862e-13,5.726834221520316e-13,-3.044512253154538e-14,1,0,6.855078280585134e-13,2.5237724135985607e-13
790,1.6106173003223528e-13,2.9326742930710183e-13,-1.3220569927486655e-13,1,0,5.270317171286457e-13,1.9403251930001609e-13
791,1.606261990240169e-13,1.9429959332185124e-13,-3.367339429783435e-14,1,0,1.7148009708783873e-13,6.313228249153552e-14
792,2.7579505320302996e-12,3.207909486790096e-12,-4.499589547597964e-13,1,0,5.681779444559711e-12,2.0918095513137105e-12
793,2.1225197091435786e-13,3.2060993971805714e-13,-1.0835796880369928e-13,1,0,6.482339116566937e-13,2.3865443935654154e-13
794,1.0431908223087477e-12,1.3469050135190004e-12,-3.037141912102527e-13,1,0,2.6690602232595733e-12,9.826438570035918e-13
795,1.300490547532e-13,1.8350504237683279e-13,-5.345598762363279e-14,1,0,3.013109791171192e-13,1.1093094869009256e-13
796,4.364736641925061e-12,5.137501034416459e-12,-7.727643924913978e-13,1,0,7.763396700697053e-12,2.858179823348259e-12
797,1.2138235151252245e-11,1.307103218744031e-11,-9.327970361880654e-13,1,0,2.9089242238057286e-11,1.0709524251651365e-11
798,3.1783870618227e-13,3.6824492998307406e-13,-5.040622380080407e-14,1,0,7.04434977487568e-13,2.5934547945166504e-13
799,1.1498397411545257e-13,1.8966748044781328e-13,-7.468350633236071e-14,1,0,4.338151487061067e-13,1.5971381508602924e-13
800,6.89764104515434e-12,6.6304502722867996e-12,2.6719077286754033e-13,0,1,1.4697910684219275e-11,5.411197364065969e-12
801,9.628649534344018e-13,1.6222942646336758e-12,-6.59429311199274e-13,1,0,3.304972645029888e-12,1.2167620044321843e-12
802,1.2664074170112673e-12,1.3994081848793652e-12,-1.3300076786809781e-13,1,0,3.3272466645542688e-12,1.2249624295352496e-12
803,1.1907332851710938e-13,1.5303302647405063e-13,-3.395969795694125e-14,1,0,1.8801626948002e-13,6.922025610783898e-14
804,7.385651056193618e-14,7.783586005208948e-14,-3.979349490153305e-15,1,0,1.0516205602056309e-13,3.8716566766812935e-14
805,1.2068266094761352e-13,1.6924610472416727e-13,-4.8563443776553756e-14,1,0,2.7507947710831705e-13,1.01273532913446e-13
806,9.239616684162425e-13,9.207090922742105e-13,3.252576142031972e-15,0,1,1.3569458025264689e-12,4.995745114776931e-13
807,1.950023937451759e-11,1.973502555378178e-11,-2.3478617926419024e-13,1,0,4.967131883970118e-11,1.8287041971458848e-11
808,5.080676372195618e-13,6.394744288959196e-13,-1.3140679167635788e-13,1,0,1.1922063078844803e-12,4.3892385586298723e-13
809,1.533610954546444e-11,2.978533638883576e-11,-1.444922684337132e-11,1,0,6.7211718666836e-11,2.4744732955468036e-11
810,1.7208792114958671e-12,1.686764029419136e-12,3.411518207673118e-14,0,1,2.083709468747331e-12,7.671405431025576e-13
811,1.7348954100093899e-13,2.8329993423988535e-13,-1.0981039323894636e-13,1,0,5.442557535505383e-13,2.0037373761921505e-13
812,6.930110313268562e-13,8.282913671148744e-13,-1.3528033578801825e-13,1,0,8.53345427659023e-13,3.1416849836650994e-13
813,2.455541073182864e-13,2.962228119756926e-13,-5.066870465740619e-14,1,0,4.700101099690937e-13,1.73039387896118e-13
814,3.840168776268723e-12,4.6762164863428366e-12,-8.360477100741133e-13,1,0,8.082088974256695e-12,2.9755098866262784e-12
815,3.326876651131153e-13,4.553484068899033e-13,-1.2266074177678804e-13,1,0,9.372259785855058e-13,3.450500451265619e-13
816,1.619183385719731e-13,3.4085469694354324e-13,-1.7893635837157015e-13,1,0,5.91345867487307e-13,2.1771048063547212e-13
817,2.762041321848845e-13,3.9315825618420927e-13,-1.1695412399932475e-13,1,0,6.455234151370762e-13,2.3765654027160485e-13
818,2.1604276331033626e-13,2.973072807192462e-13,-8.126451740890996e-14,1,0,4.16137786062418e-13,1.5320569973573874e-13
819,7.818450782085302e-14,1.1749781448466766e-13,-3.931330666381465e-14,1,0,2.2819691539405224e-13,8.401320252912338e-14
820,3.2675633750300703e-13,3.811708630997263e-13,-5.4414525596719283e-14,1,0,7.954509845858103e-13,2.9285402282760264e-13
821,2.6969692237659047e-13,3.794835675785163e-13,-1.0978664520192585e-13,1,0,6.869112343801059e-13,2.5289392082207843e-13
822,7.798772597658901e-13,9.686172474863562e-13,-1.887399877204661e-13,1,0,1.914819186552646e-12,7.049617294287566e-13
823,2.0359353851381856e-13,2.8379981513483885e-13,-8.020627662102029e-14,1,0,4.916488551969557e-13,1.8100592978457972e-13
824,4.1360587740479356e-13,7.763459067314332e-13,-3.627400293266397e-13,1,0,1.59695953585411e-12,5.879382054084642e-13
825,1.019587692484184e-12,1.8273087404490676e-12,-8.077210479648836e-13,1,0,3.980795335125846e-12,1.4655735558011584e-12
826,1.261822155062154e-13,2.1532697467338132e-13,-8.91447591671659e-14,1,0,4.549595391192543e-13,1.6749835481596866e-13
827,2.713162039901408e-13,3.431290803687316e-13,-7.181287637859082e-14,1,0,6.065337840606046e-13,2.2330207905328818e-13
828,1.5391286540541105e-13,2.485626920669791e-13,-9.464982666156806e-14,1,0,3.7279829952451515e-13,1.3724979141975825e-13
829,3.4968313563081913e-13,4.3737023074406654e-13,-8.768709511324741e-14,1,0,9.3604992556665e-13,3.446170682815967e-13
830,3.8656778203200195e-13,4.410661295867029e-13,-5.449834755470096e-14,1,0,7.549106510083494e-13,2.77928653439677e-13
831,3.731662970450312e-13,5.04489468048936e-13,-1.3132317100390475e-13,1,0,1.0779639707151102e-12,3.968642837892936e-13
832,1.9622876793929833e-12,2.70057620662795e-12,-7.382885272349665e-13,1,0,4.873228365567164e-12,1.7941325847462974e-12
833,1.0714514757838719e-12,2.483305304516392e-12,-1.4118538287325201e-12,1,0,4.878265453356244e-12,1.7959870439787993e-12
834,2.064321015539768e-13,4.674320819719992e-13,-2.609999804180224e-13,1,0,8.627316464345125e-13,3.176241379732336e-13
835,1.7045569013541366e-13,3.935631651306668e-13,-2.2310747499525313e-13,1,0,7.542427334454978e-13,2.776827522477888e-13
836,6.764060409838233e-13,8.353174751494663e-13,-1.5891143416564303e-13,1,0,1.046994630682004e-12,3.8546258087012067e-13
837,3.4667496399804627e-13,4.474269292392387e-13,-1.0075196524119241e-13,1,0,8.743403759424766e-13,3.2189801933387454e-13
838,2.0119143997780468e-13,3.254086083228453e-13,-1.2421716834504065e-13,1,0,6.480304688438795e-13,2.3857953964895113e-13
839,2.770807858635723e-12,4.222719434991614e-12,-1.4519115763558905e-12,1,0,5.850733192870105e-12,2.1540117307355696e-12
840,3.0800309684445346e-13,4.192574382118391e-13,-1.1125434136738565e-13,1,0,8.138693766893301e-13,2.996349563182319e-13
841,2.4448870127966723e-12,2.4139477061288684e-12,3.093930666780383e-14,0,1,1.867023448032518e-12,6.873652029665713e-13
842,5.019215791177516e-13,8.780336280183794e-13,-3.7611204890062786e-13,1,0,1.863506596262731e-12,6.860704353335828e-13
843,2.712800280470728e-13,3.7379867537025953e-13,-1.0251864732318672e-13,1,0,6.937022556750887e-13,2.553941099523731e-13
844,6.75243821493196e-13,1.170620714301485e-12,-4.95376892808289e-13,1,0,2.4082807726456246e-12,8.866350360165477e-13
845,5.453030056547759e-13,7.406040736117185e-13,-1.953010679569426e-13,1,0,9.131942936899813e-13,3.3620251619849825e-13
846,8.915043806810721e-13,1.8150623064429933e-12,-9.235579257619212e-13,1,0,4.081589499954952e-12,1.502682035418067e-12
847,3.17610979684945e-13,4.777523899806057e-13,-1.6014141029566072e-13,1,0,9.925042778888607e-13,3.654013585823936e-13
848,4.494341810737817e-13,5.794249535663916e-13,-1.2999077249260996e-13,1,0,1.069350126660034e-12,3.9369300242510976e-13
849,6.599077924734073e-13,9.044818424969452e-13,-2.4457405002353795e-13,1,0,1.7482633051093567e-12,6.436423510491292e-13
850,2.0070385188691459e-13,2.4079889172723307e-13,-4.009503984031848e-14,1,0,3.485723453142128e-13,1.2833074010823274e-13
851,8.785145729705348e-14,1.391465660123153e-13,-5.129510871526183e-14,1,0,2.9341708937779704e-13,1.0802472642031718e-13
852,3.050593739219675e-13,4.590359518175539e-13,-1.5397657789558644e-13,1,0,8.740717811506221e-13,3.217991332091109e-13
853,2.625565000141863e-13,2.937689055349873e-13,-3.121240552080101e-14,1,0,5.002016643039089e-13,1.841547404617731e-13
854,1.6554199444764176e-13,2.3318204869004004e-13,-6.764005424239828e-14,1,0,5.559325791388033e-13,2.046726893002671e-13
855,8.738210092270433e-13,2.032896786712323e-12,-1.1590757774852798e-12,1,0,4.5485247035195925e-12,1.6745893627248936e-12
856,3.6478674404415423e-13,4.665866829624167e-13,-1.0179993891826245e-13,1,0,6.906880012394127e-13,2.542843790520169e-13
857,1.0133978253939052e-12,1.6905500092495103e-12,-6.77152183855605e-13,1,0,3.2317829465113434e-12,1.1898164124899533e-12
858,1.0729232492095373e-12,1.1995972644040398e-12,-1.2667401519450247e-13,1,0,2.2669684025709136e-12,8.346093338003005e-13
859,4.910665046476076e-13,5.684336188107279e-13,-7.736711416312028e-14,1,0,1.1174647781966216e-12,4.114069402194981e-13
860,2.8246383686422227e-13,3.490102605608945e-13,-6.654642369667225e-14,1,0,6.711919463511852e-13,2.471066921625373e-13
861,1.1624719477135766e-13,1.2699061836893215e-13,-1.0743423597574488e-14,1,0,2.1084056919631977e-13,7.762327291172381e-14
862,9.951347496433046e-13,9.978252496193466e-13,-2.6904999760420015e-15,1,0,1.825422956638391e-12,6.720495248261781e-13
863,2.6350798494867273e-13,4.298416911131239e-13,-1.6633370616445116e-13,1,0,7.259919204126589e-13,2.6728190492326726e-13
864,2.283066322085912e-12,2.4065495299232197e-12,-1.2348320783730772e-13,1,0,4.867631563498995e-12,1.7920720605500936e-12
865,9.459844035688908e-13,1.138342264167635e-12,-1.9235786059874412e-13,1,0,1.9533995418028428e-12,7.191655112532537e-13
866,7.587326167970808e-12,1.9035050933002363e-11,-1.1447724765031555e-11,1,0,3.851550134360417e-11,1.4179905145971487e-11
867,2.0313733115207413e-12,2.8720964336793842e-12,-8.407231221586429e-13,1,0,5.83248031570995e-12,2.1472917333905255e-12
868,7.536375591101234e-10,7.026261075979421e-10,5.101145151218135e-11,0,1,1.0953105434067135e-09,4.032506151829906e-10
869,1.1431116333766122e-12,1.2605059229069157e-12,-1.1739428953030352e-13,1,0,2.5211317460370172e-12,9.281823622228112e-13
870,1.868019696201408e-11,1.7865228975969974e-11,8.149679860441061e-13,0,1,5.241406279883214e-11,1.9296813305686117e-11
871,2.1631528188258853e-12,2.7827614555991866e-12,-6.196086367733013e-13,1,0,3.1645680543702405e-12,1.165070511185054e-12
872,2.2417806574767645e-12,2.8660375129489696e-12,-6.242568554722051e-13,1,0,5.2749396297801636e-12,1.942027001900354e-12
873,2.0507567390343818e-13,1.942801314834708e-13,1.0795542419967379e-14,0,1,3.1918084907873506e-13,1.1750993772533814e-13
874,1.4625175834417232e-13,1.8252595895781155e-13,-3.627420061363923e-14,1,0,3.108349687629695e-13,1.1443731015698797e-13
875,1.1326473407958253e-12,1.2463311676867048e-12,-1.1368382689087951e-13,1,0,3.4609042547082837e-12,1.27416994038952e-12
876,5.073030392164593e-12,6.111228166190922e-12,-1.038197774026329e-12,1,0,6.9936175646023034e-12,2.574777173703559e-12
877,8.659880559482577e-13,1.3235007318074274e-12,-4.575126758591697e-13,1,0,2.349969230515531e-12,8.651670008754876e-13
878,1.315979745149359e-13,1.968068031223886e-13,-6.52088286074527e-14,1,0,3.9434316934815884e-13,1.4518177204636647e-13
879,7.1853468464682745e-12,1.0126553593615839e-11,-2.941206747147564e-12,1,0,1.605420255350814e-11,5.910531122834817e-12
880,5.288522197293623e-13,7.611783669101502e-13,-2.323261471807879e-13,1,0,1.5846220178404423e-12,5.833960125492878e-13
881,2.3438273553242728e-11,2.4027011484076014e-11,-5.887379308332864e-13,1,0,3.5766374342774453e-11,1.3167783824786402e-11
882,1.1721773084952282e-13,1.3354937600624466e-13,-1.633164515672184e-14,1,0,2.1760536564282348e-13,8.011380707581192e-14
883,3.8472813858040264e-13,5.978677857663123e-13,-2.1313964718590968e-13,1,0,1.0897053199766438e-12,4.011869905698433e-13
884,1.1920347911407473e-10,1.0797022225738115e-10,1.1233256856693579e-11,0,1,1.8158549442409275e-10,6.685269558994194e-11
885,2.2235263238817574e-13,3.7388263937845e-13,-1.5153000699027426e-13,1,0,6.669931620321021e-13,2.4556086356636153e-13
886,1.20193019185171e-12,1.8399100949288643e-12,-6.379799030771543e-13,1,0,3.453807760478103e-12,1.2715572880406596e-12
887,4.3399704397423847e-13,6.649247520105477e-13,-2.309277080363092e-13,1,0,1.2473545208272855e-12,4.59227276595395e-13
888,3.940966211710026e-13,4.912532092665088e-13,-9.715658809550619e-14,1,0,6.176038023261942e-13,2.273776279490394e-13
889,2.5975217675308073e-12,5.916036726513334e-12,-3.3185149589825265e-12,1,0,1.234183961969949e-11,4.54378390593617e-12
890,1.0775310642023075e-13,1.5141370997625272e-13,-4.366060355602197e-14,1,0,2.583631554824141e-13,9.51192353767162e-14
891,1.275677150664749e-12,2.0175535862063675e-12,-7.418764355416186e-13,1,0,4.2444214148148494e-12,1.5626303945696651e-12
892,2.069027448305952e-13,3.071590574645557e-13,-1.0025631263396048e-13,1,0,4.893276674998381e-13,1.8015135902156436e-13
893,1.3087507419896242e-13,2.0477200466314317e-13,-7.389693046418075e-14,1,0,4.76990627680368e-13,1.7560934221483755e-13
894,1.288940530921658e-12,1.679453376800303e-12,-3.9051284587864505e-13,1,0,2.783460643541165e-12,1.0247616291125513e-12
895,1.5066621886483656e-13,3.085780863736065e-13,-1.5791186750876993e-13,1,0,5.683141523252225e-13,2.0923110155550528e-13
896,1.0169427630947042e-13,1.441282670244092e-13,-4.2433990714938785e-14,1,0,2.1197614932595652e-13,7.804134921768298e-14
897,9.970294552050404e-12,9.416783789160424e-12,5.535107628899795e-13,0,1,1.3397732291349067e-11,4.932522398387436e-12
898,5.953673238653424e-12,6.539244754386341e-12,-5.85571515732917e-13,1,0,1.735297814363107e-11,6.388689631263644e-12
899,1.1268493188768787e-12,1.768204484108408e-12,-6.413551652315293e-13,1,0,3.494315850449997e-12,1.2864707865908044e-12
900,3.3680671681856087e-13,3.927062864390267e-13,-5.5899569620465824e-14,1,0,5.463807136931023e-13,2.01156065051272e-13
901,1.8713715332168008e-13,3.7235019019827793e-13,-1.8521303687659785e-13,1,0,8.856078634771499e-13,3.2604626871143626e-13
902,1.8592692119542152e-11,1.4781409982737137e-11,3.811282136805015e-12,0,1,5.187599720227413e-11,1.909871854240011e-11
903,2.093110699731083e-12,3.86363510388289e-12,-1.770524404151807e-12,1,0,6.7390230072510675e-12,2.4810453891497374e-12
904,1.903178858928824e-13,3.51507599988935e-13,-1.6118971409605262e-13,1,0,6.689804015319962e-13,2.462924876301232e-13
905,1.424483260965361e-12,1.5745749006140189e-12,-1.5009163964865794e-13,1,0,3.445478897697269e-12,1.2684909256648354e-12
906,1.807669234654822e-13,3.476795496928409e-13,-1.669126262273587e-13,1,0,6.748182189742346e-13,2.4844174428530586e-13
907,1.665427320157983e-13,2.744316290791031e-13,-1.0788889706330481e-13,1,0,5.35059088149467e-13,1.969878841706766e-13
908,4.588178727427171e-13,5.061757771258803e-13,-4.735790438316313e-14,1,0,3.766264962072023e-13,1.3865918410444262e-13
909,4.967697662018738e-13,5.683067925890185e-13,-7.153702638714464e-14,1,0,7.487583797532424e-13,2.756636271571049e-13
910,2.3518067005114177e-13,4.0436919765517754e-13,-1.6918852760403577e-13,1,0,7.820352918879124e-13,2.879148881081403e-13
911,2.7265017774240635e-13,4.44910228505447e-13,-1.7226005076304064e-13,1,0,7.98357965855568e-13,2.9392425993287987e-13
912,9.583451569335408e-12,9.752798349107874e-12,-1.6934677977246664e-13,1,0,1.6524269131932966e-11,6.08359130021356e-12
913,2.4373381558121693e-13,4.126666866113774e-13,-1.6893287103016047e-13,1,0,7.632372710137674e-13,2.809941901130814e-13
914,1.370653178726868e-13,2.846528779806837e-13,-1.475875601079969e-13,1,0,6.367659594961482e-13,2.3443238672364556e-13
915,3.4349970584030955e-13,5.380392728682572e-13,-1.9453956702794764e-13,1,0,9.791468923574157e-13,3.6048369028711864e-13
916,2.2574911765583417e-13,2.8211858981572737e-13,-5.6369472159893205e-14,1,0,4.610050745825332e-13,1.6972408514363938e-13
917,6.882040934733152e-12,8.386514174246159e-12,-1.5044732395130068e-12,1,0,8.763175713067294e-12,3.2262594553870413e-12
918,2.4983935801648015e-13,3.849073989446078e-13,-1.3506804092812764e-13,1,0,6.461468816863993e-13,2.378860763342986e-13
919,2.725928349292927e-13,3.3945883411481836e-13,-6.686599918552564e-14,1,0,4.291027262601605e-13,1.579788849680195e-13
920,2.436441917821261e-12,2.9189901432152836e-12,-4.825482253940227e-13,1,0,4.4348328937155196e-12,1.6327324733516155e-12
921,2.405832375489458e-13,2.264762846286015e-13,1.4106952920344299e-14,0,1,2.5531302253401483e-13,9.399629540755789e-14
922,4.624008633314756e-13,7.846675880748454e-13,-3.2226672474336987e-13,1,0,1.308527905487468e-12,4.817489305186007e-13
923,3.79402101726347e-13,4.883761435690384e-13,-1.0897404184269135e-13,1,0,7.475198730332176e-13,2.752076572956217e-13
924,5.709805332989227e-12,6.256190428230865e-12,-5.463850952416383e-13,1,0,1.2047368890921382e-11,4.435371270590011e-12
925,1.8018213774611972e-13,3.43296972476512e-13,-1.6311483473039228e-13,1,0,6.642987142045584e-13,2.4456887298380395e-13
926,9.331512056827445e-13,1.4159282861183449e-12,-4.827770804356003e-13,1,0,2.5241153775165885e-12,9.292808189452986e-13
927,9.16309803622561e-12,1.1197958322591905e-11,-2.0348602863662955e-12,1,0,2.9866389437679427e-11,1.099563953486653e-11
928,8.408538038495159e-14,1.3286876205170634e-13,-4.878338166675475e-14,1,0,2.7506054568158366e-13,1.0126656310061758e-13
929,1.8948429639856964e-13,2.9409129547891926e-13,-1.0460699908034962e-13,1,0,4.758704060384547e-13,1.7519692030493985e-13
930,2.3650128977584212e-12,2.9181383176270667e-12,-5.531254198686455e-13,1,0,5.246804116876636e-12,1.9316686035857096e-12
931,1.0375555240175325e-12,1.7163611032320733e-12,-6.788055792145408e-13,1,0,3.3613780635651623e-12,1.2375282792214863e-12
932,1.5531490640475067e-12,1.7460247445309946e-12,-1.9287568048348793e-13,1,0,4.442820823467566e-12,1.6356733174856752e-12
933,3.1154705716964036e-11,2.6601389407185832e-11,4.5533163097782035e-12,0,1,5.580390311937348e-11,2.054482027764386e-11
934,2.7167408425154373e-13,4.333387387613248e-13,-1.6166465450978107e-13,1,0,8.43067716364167e-13,3.1038464599033053e-13
935,6.487619960466121e-13,9.174455959555737e-13,-2.6868359990896154e-13,1,0,1.966242557732503e-12,7.238938087261626e-13
936,2.7230899539797925e-13,3.5295491773154133e-13,-8.064592233356208e-14,1,0,6.00760276694549e-13,2.211764988594883e-13
937,9.397745039603733e-13,1.3211936435494168e-12,-3.8141913958904354e-13,1,0,2.2689639589389333e-12,8.353440198104739e-13
938,9.28827348067346e-13,1.129729804362513e-12,-2.0090245629516685e-13,1,0,1.903441853661682e-12,7.007730392759593e-13
939,4.1551749272540564e-13,6.520860687971962e-13,-2.3656857607179056e-13,1,0,1.1747799074531658e-12,4.325081350095239e-13
940,3.0724981748805926e-12,5.225626704443965e-12,-2.153128529563372e-12,1,0,1.3742407780880398e-11,5.0594184682086115e-12
941,3.961178082942918e-13,5.008375332655367e-13,-1.0471972497124495e-13,1,0,9.304132174303534e-13,3.4254185222780164e-13
942,3.6448390614447875e-13,4.0006891961068927e-13,-3.558501346621052e-14,1,0,7.406981376634925e-13,2.726961604411303e-13
943,2.3869976944139546e-13,3.4389226562787323e-13,-1.0519249618647777e-13,1,0,6.185444670849773e-13,2.277239440188916e-13
944,1.885305353256012e-12,2.4959107633418906e-12,-6.106054100858788e-13,1,0,4.74837932975196e-12,1.748168039987241e-12
945,1.0121229561525815e-12,1.0234755099417398e-12,-1.1352553789158285e-14,1,0,1.2157237609534127e-12,4.4758206469213634e-13
946,2.40025792045187e-13,3.074782053957365e-13,-6.745241335054948e-14,1,0,4.2020002594181887e-13,1.547012579956769e-13
947,7.886411132876049e-14,1.1667500951375774e-13,-3.7810898184997255e-14,1,0,2.1661970160707538e-13,7.975092402755519e-14
948,6.992352671582897e-13,9.208063389550437e-13,-2.2157107179675403e-13,1,0,1.2643811978407928e-12,4.654958348792072e-13
949,1.2576508450213256e-12,1.6818232270051747e-12,-4.241723819838491e-13,1,0,3.554577612961e-12,1.3086568168000925e-12
950,9.382993139217098e-13,1.0624675810104448e-12,-1.2416826708873504e-13,1,0,1.0931942906845007e-12,4.0247149348343974e-13
951,6.444162909331362e-13,8.999353039954109e-13,-2.5551901306227475e-13,1,0,2.0047325465416374e-12,7.380643211521591e-13
952,4.803660045043785e-13,6.545707967947709e-13,-1.742047922903924e-13,1,0,1.392368507023158e-12,5.12615769471346e-13
953,4.0078369403157846e-13,4.824325822081819e-13,-8.164888817660342e-14,1,0,7.789529586612925e-13,2.8678009325263975e-13
954,2.2611935829686414e-13,3.469076372867324e-13,-1.2078827898986825e-13,1,0,6.380788576542057e-13,2.349157446106815e-13
955,2.1726947045032916e-13,2.2297866019705792e-13,-5.709189746728762e-15,1,0,3.362422921744028e-13,1.2379129552441382e-13
956,2.8435505602407174e-13,5.23953626231763e-13,-2.3959857020769125e-13,1,0,1.2772728307824304e-12,4.702420312394282e-13
957,2.8915820918712133e-13,3.417204262938768e-13,-5.256221710675548e-14,1,0,5.420651643526973e-13,1.9956724812912476e-13
958,2.4379145692321353e-12,4.142364349639972e-12,-1.704449780407837e-12,1,0,7.13753828177631e-12,2.6277631675729205e-12
959,1.5266036427176923e-13,1.641271335816047e-13,-1.1466769309835478e-14,1,0,2.1169507785310278e-13,7.793786966567744e-14
960,1.3089050902873785e-12,1.435630147216225e-12,-1.2672505692884647e-13,1,0,1.4731095968325755e-12,5.423414891151337e-13
961,4.553198083242307e-13,7.121625167968209e-13,-2.5684270847259017e-13,1,0,1.156941516967366e-12,4.259407354892929e-13
962,3.934414682709626e-13,4.682021148261543e-13,-7.476064655519175e-14,1,0,5.550584217562306e-13,2.0435085865195362e-13
963,3.7579432262254335e-13,5.541143521939765e-13,-1.783200295714331e-13,1,0,1.1706070618640184e-12,4.3097185604186814e-13
964,2.9112389458482734e-13,3.5131524155159106e-13,-6.019134696676372e-14,1,0,6.502788373429679e-13,2.394073012238516e-13
965,1.5959821727216787e-12,2.200703542560667e-12,-6.047213698389882e-13,1,0,3.792691279556099e-12,1.396320980279524e-12
966,3.7948459634850877e-13,5.517538591217365e-13,-1.722692627732277e-13,1,0,9.953136458188042e-13,3.6643565826374375e-13
967,1.0312936165428869e-12,1.6140065624758372e-12,-5.827129459329504e-13,1,0,3.084293130584183e-12,1.1355164156864267e-12
968,6.687725318655416e-13,1.1339484612841854e-12,-4.651759294186439e-13,1,0,2.6102701802671138e-12,9.609996565108182e-13
969,1.0905092073646051e-13,1.3996896284220578e-13,-3.091804210574527e-14,1,0,3.4949350675515246e-13,1.2866987581725864e-13
970,3.3091666943735585e-12,4.344016570126584e-12,-1.0348498757530253e-12,1,0,1.043907159499793e-11,3.843258944197976e-12
971,1.3458573230371074e-13,2.247739803117263e-13,-9.018824800801556e-14,1,0,4.959964458934874e-13,1.8260654308415355e-13
972,5.164422929304844e-13,7.762680212066018e-13,-2.5982572827611735e-13,1,0,1.2498908376284276e-12,4.601610495025547e-13
973,8.906554510983199e-12,9.419702126430667e-12,-5.131476154474682e-13,1,0,8.24018440959633e-12,3.0337144587835443e-12
974,4.642753560023874e-13,5.328198568516625e-13,-6.854450084927508e-14,1,0,1.2240607375293869e-12,4.5065141425082067e-13
975,8.863565763831427e-14,1.714702686445098e-13,-8.283461100619552e-14,1,0,3.1256920157267956e-13,1.1507578702694578e-13
976,1.6243353818803892e-13,2.323810165486406e-13,-6.994747836060168e-14,1,0,4.269733822880357e-13,1.571949435809268e-13
977,2.8053861949478723e-13,2.8670188265203575e-13,-6.163263157248524e-15,1,0,3.889749255663051e-13,1.4320539409536837e-13
978,1.5805219264413134e-13,3.524309129992459e-13,-1.943787203551146e-13,1,0,7.398169626721323e-13,2.723717461830107e-13
979,6.280792373612601e-13,6.488584986006237e-13,-2.0779261239363637e-14,1,0,1.5245838246363513e-12,5.612922918376036e-13
980,2.3368432455392477e-13,4.2909498897556884e-13,-1.9541066442164406e-13,1,0,7.457670528818844e-13,2.7456233729155067e-13
981,6.558111582888886e-13,8.957237455596697e-13,-2.399125872707811e-13,1,0,2.079756824738269e-12,7.656853337668598e-13
982,2.7962813994889297e-13,5.073462391560201e-13,-2.2771809920712716e-13,1,0,1.1774584581606493e-12,4.3349427289260507e-13
983,2.3766855556827424e-13,2.8786594380004134e-13,-5.01973882317671e-14,1,0,7.391535185829407e-13,2.7212749194961867e-13
984,8.206804081438279e-13,1.010110223710766e-12,-1.8942981556693815e-13,1,0,1.264428616798825e-12,4.655132926897915e-13
985,2.3824812626132906e-13,3.7729903788284146e-13,-1.390509116215124e-13,1,0,7.552050816928966e-13,2.7803705133229944e-13
986,2.643313236290774e-13,3.938849305890054e-13,-1.2955360695992801e-13,1,0,8.097385697680225e-13,2.98114154348191e-13
987,1.2944247736863097e-12,1.3866374427696946e-12,-9.221266908338488e-14,1,0,2.2024670050168164e-12,8.108624353517989e-13
988,2.615595623503134e-13,3.6703983476079123e-13,-1.0548027241047785e-13,1,0,5.938460582463275e-13,2.1863095334316108e-13
989,5.969436275060486e-13,7.395273970516146e-13,-1.4258376954556593e-13,1,0,1.1666301384539538e-12,4.2950770797783484e-13
990,3.168983767171874e-11,2.9932930577281277e-11,1.756907094437466e-12,0,1,3.076282055811899e-11,1.1325670504587784e-11
991,6.347337091572873e-13,6.347889477949394e-13,-5.5238637652110857e-17,1,0,7.359891920838529e-13,2.709625103696658e-13
992,3.029348369209387e-13,5.180535723430724e-13,-2.1511873542213369e-13,1,0,1.0482408481844731e-12,3.859213895409104e-13
993,2.689529305460821e-13,4.913090649553687e-13,-2.2235613440928666e-13,1,0,1.0904357366859962e-12,4.014559015094479e-13
994,3.5113007008308474e-13,4.0103803695775847e-13,-4.9907966874673736e-14,1,0,5.435966064905299e-13,2.0013106538434574e-13
995,1.8067365921086447e-13,4.644547945193752e-13,-2.8378113530851066e-13,1,0,1.0024786289191846e-12,3.6907352554293353e-13
996,5.172483928957178e-13,9.305399916853073e-13,-4.1329159878958946e-13,1,0,1.9187929041883824e-12,7.064246972517362e-13
997,1.4521647110579593e-12,1.4646231734869527e-12,-1.2458462428993381e-14,1,0,1.6612180786623845e-12,6.115956942130593e-13
998,1.4338144215908843e-13,1.9681367014105982e-13,-5.3432227981971394e-14,1,0,3.3294984442122594e-13,1.2257914469657922e-13
999,2.585436267680492e-13,3.2533367433375715e-13,-6.679004756570797e-14,1,0,6.795485468595969e-13,2.501832664876365e-13
1000,1.1179908673392542e-12,1.5388069279714883e-12,-4.20816060632234e-13,1,0,2.7124754824571443e-12,9.986276618570513e-13
1001,4.0451702405451305e-13,5.753239169648277e-13,-1.7080689291031462e-13,1,0,9.563196161889548e-13,3.5207957766965627e-13
1002,1.5518370623360703e-12,2.5043728174393307e-12,-9.525357551032604e-13,1,0,5.642947227504061e-12,2.077513043797307e-12
1003,4.705472854214467e-13,6.099950912391139e-13,-1.394478058176672e-13,1,0,1.3880785722846496e-12,5.110363828464187e-13
1004,4.501383306763228e-13,6.576336612096158e-13,-2.07495330533293e-13,1,0,1.1303291383978024e-12,4.1614309582056353e-13
1005,1.4467954766699745e-13,2.801892484850052e-13,-1.3550970081800774e-13,1,0,5.049518534335927e-13,1.859035747994969e-13
1006,4.079158367605405e-12,5.4064816475351645e-12,-1.3273232799297593e-12,1,0,9.151633993059052e-12,3.369274640735656e-12
1007,1.6774679280261247e-12,1.9518659577210564e-12,-2.7439802969493175e-13,1,0,3.1869159226334173e-12,1.1732981245129833e-12
1008,4.62068617146929e-13,5.89610279106841e-13,-1.2754166195991198e-13,1,0,1.1562368456427168e-12,4.25681302996036e-13
1009,2.682497613036639e-13,4.207120886213847e-13,-1.5246232731772082e-13,1,0,9.028907117683604e-13,3.324091392667296e-13
1010,4.297636826323406e-13,5.768537750166838e-13,-1.4709009238434322e-13,1,0,8.074941063574313e-13,2.9728783047454185e-13
1011,1.9119927220069632e-13,2.887098168936785e-13,-9.751054469298218e-14,1,0,6.401186488986088e-13,2.3566671617678376e-13
1012,1.1490068635851161e-12,1.1585560359602003e-12,-9.549172375084117e-15,1,0,2.8846280146758033e-12,1.0620075087327756e-12
1013,3.132522904314501e-13,2.867580076321255e-13,2.6494282799324604e-14,0,1,6.954528388261201e-13,2.56038606380196e-13
1014,3.9872492051056846e-13,5.773110865324639e-13,-1.785861660218954e-13,1,0,9.254939329862923e-13,3.407307635915525e-13
1015,5.397517603850015e-13,6.279672732284486e-13,-8.82155128434471e-14,1,0,8.589247886768093e-13,3.1622260144831957e-13
1016,3.5542453808717187e-13,5.959305777772074e-13,-2.4050603969003553e-13,1,0,1.388672411849869e-12,5.112550114092826e-13
1017,3.2342947956011653e-13,3.7736022432147875e-13,-5.393074476136222e-14,1,0,6.172038078062624e-13,2.2723036557016133e-13
1018,3.7632008771930904e-13,4.448359249163844e-13,-6.851583719707536e-14,1,0,9.321001783866577e-13,3.4316292544536017e-13
1019,2.2511952300965277e-13,3.39731580654059e-13,-1.1461205764440622e-13,1,0,7.199495377148934e-13,2.6505733532087256e-13
1020,6.647646152877466e-12,9.913751840269507e-12,-3.266105687392041e-12,1,0,2.329277742891395e-11,8.575492022852061e-12
1021,1.136896277486394e-12,1.4076889624118607e-12,-2.707926849254666e-13,1,0,3.2854296747492083e-12,1.2095670451253235e-12
1022,4.920287455442852e-13,7.230932905249511e-13,-2.3106454498066595e-13,1,0,1.1960437862287401e-12,4.403366656933949e-13
1023,2.321015021988913e-13,2.845295592170804e-13,-5.242805701818911e-14,1,0,6.421823360166488e-13,2.364264852714065e-13
1024,9.328320487966533e-13,9.801618186118344e-13,-4.732976981518106e-14,1,0,1.666168916769919e-12,6.134183996773244e-13
1025,8.197842069572418e-13,1.2416229460433072e-12,-4.2183873908606533e-13,1,0,2.538098961002149e-12,9.344290288999626e-13
1026,3.012019765698655e-13,3.2823563823364956e-13,-2.7033661663784046e-14,1,0,5.937163406166148e-13,2.1858319637204765e-13
1027,6.747147687138339e-13,8.211445409042838e-13,-1.4642977219044993e-13,1,0,1.1359230334383071e-12,4.182025497625813e-13
1028,1.1176491441794132e-13,1.2301112033315742e-13,-1.1246205915216099e-14,1,0,1.1251665678857503e-13,4.142424387444109e-14
1029,2.6203853094768394e-13,3.995655123158107e-13,-1.3752698136812678e-13,1,0,7.425970626239304e-13,2.7339527053652046e-13
1030,1.4164567638691119e-13,2.0008523227690028e-13,-5.84395558899891e-14,1,0,3.754408859445525e-13,1.3822268865513034e-13
1031,2.568725436328096e-13,4.174561282363676e-13,-1.6058358460355798e-13,1,0,9.197732379323908e-13,3.386246268309357e-13
1032,5.076863360618604e-13,8.925189351476062e-13,-3.848325990857458e-13,1,0,1.7983342063222726e-12,6.620765036631223e-13
1033,3.2565417614155824e-12,5.184005918868199e-12,-1.9274641574526165e-12,1,0,9.524145659348715e-12,3.5064189049795995e-12
1034,8.905415933389456e-12,1.368437493124241e-11,-4.7789589978529545e-12,1,0,3.2209843692580676e-11,1.1858407975863107e-11
1035,5.537113443897448e-13,7.815995478128723e-13,-2.2788820342312755e-13,1,0,1.0036783484629804e-12,3.695152154791757e-13
1036,1.794121902890312e-13,2.9992336980278794e-13,-1.2051117951375674e-13,1,0,6.371892069324521e-13,2.345882099192603e-13
1037,1.4446738450883652e-13,2.0373422489942152e-13,-5.9266840390585e-14,1,0,3.859965297077168e-13,1.4210886492429087e-13
1038,8.489970993109405e-13,1.0377223885891613e-12,-1.8872528927822077e-13,1,0,1.8718755961072713e-12,6.891515746105596e-13
1039,2.876776261924877e-13,2.999051723334277e-13,-1.2227546140939999e-14,1,0,6.601909065578294e-13,2.430565384494857e-13
1040,3.533370628919504e-13,6.115028935617064e-13,-2.58165830669756e-13,1,0,1.4728514804349922e-12,5.422464607263897e-13
1041,1.0670942721182644e-12,1.6648450032364585e-12,-5.977507311181941e-13,1,0,3.746683229610569e-12,1.3793826110146757e-12
1042,6.380581207829061e-13,6.539617016826248e-13,-1.5903580899718606e-14,1,0,8.608333103161525e-13,3.1692524466652644e-13
1043,3.4732787882557587e-13,3.7978116531903015e-13,-3.2453286493454286e-14,1,0,5.85420544072525e-13,2.1552900769471383e-13
1044,9.079810554306797e-14,1.5041738253806557e-13,-5.96192769949976e-14,1,0,3.4414289073718106e-13,1.2669998772128167e-13
1045,3.075095053095114e-13,4.5205157563217857e-13,-1.4454207032266718e-13,1,0,1.1259875359583703e-12,4.145446871636582e-13
1046,3.449197676413627e-13,5.971551515773126e-13,-2.5223538393594996e-13,1,0,9.673677570178293e-13,3.561470721466246e-13
1047,1.0497226011445581e-11,1.2227172383996106e-11,-1.729946372550525e-12,1,0,1.8847306249842095e-11,6.93884294782044e-12
1048,4.640988709741448e-12,5.2178614295066744e-12,-5.768727197652268e-13,1,0,8.126647653521598e-12,2.9919146541449287e-12
1049,2.3128866588096565e-13,3.951322799925172e-13,-1.6384361411155155e-13,1,0,6.803365437764072e-13,2.504733762134844e-13
1050,1.0337961945185317e-12,1.1255842756067188e-12,-9.178808108818709e-14,1,0,1.8609142642226796e-12,6.851160398005517e-13
1051,9.377060148449922e-13,1.2804653047834425e-12,-3.4275928993845033e-13,1,0,2.1194116110584818e-12,7.802846791989233e-13
1052,5.610064553523354e-13,6.169485374526034e-13,-5.594208210026801e-14,1,0,8.485338375072087e-13,3.1239705856762626e-13
1053,4.440961141857743e-12,7.635428408575976e-12,-3.1944672667182324e-12,1,0,1.5124681441004748e-11,5.568317708841058e-12
1054,1.8751817173929226e-12,2.1768976859996725e-12,-3.0171596860674987e-13,1,0,4.682867360184322e-12,1.7240490883446932e-12
1055,3.0299670628018027e-13,4.4038397030980955e-13,-1.3738726402962928e-13,1,0,5.846720085389077e-13,2.15253426110811e-13
1056,2.8828120044210923e-11,3.523866703458269e-11,-6.410546990371766e-12,1,0,7.53064541570836e-11,2.7724898795955028e-11
1057,7.739695213013028e-13,1.0384708281608883e-12,-2.6450130685958554e-13,1,0,1.2977490722827396e-12,4.77780584603439e-13
1058,4.44245470848971e-13,6.090242727403995e-13,-1.6477880189142844e-13,1,0,1.364769304737914e-12,5.024548198054467e-13
1059,5.397828873215969e-13,9.898566086685564e-13,-4.5007372134695953e-13,1,0,2.2132174864883596e-12,8.148203432647728e-13
1060,1.282005471417266e-12,1.385744066107175e-12,-1.0373859468990893e-13,1,0,2.2733202748576316e-12,8.369478453964878e-13
1061,1.7216017530424475e-12,1.8019849568996322e-12,-8.038320385718473e-14,1,0,3.141519403112793e-12,1.1565848968954335e-12
1062,1.075331364416533e-13,1.766480495329141e-13,-6.91149130912608e-14,1,0,3.201275115340345e-13,1.1785846191308384e-13
1063,4.0219812913078707e-13,3.808629280826632e-13,2.133520104812386e-14,0,1,4.2413490427987347e-13,1.5614992670432965e-13
1064,7.413944689681006e-14,1.0856288716539775e-13,-3.4423440268587694e-14,1,0,2.2653858231608788e-13,8.340266897962653e-14
1065,1.5359267561678624e-12,2.072250703649178e-12,-5.363239474813158e-13,1,0,4.966040726569704e-12,1.828302475555942e-12
1066,2.9116888379878805e-13,3.8619432769177286e-13,-9.502544389298481e-14,1,0,9.605712147974963e-13,3.536448504269814e-13
1067,2.3020575506410373e-12,3.525259550041751e-12,-1.2232019994007135e-12,1,0,6.619038292466584e-12,2.4368716976422025e-12
1068,1.0288448520503525e-13,1.159188724264984e-13,-1.303438722146314e-14,1,0,1.647026950403124e-13,6.063710743688198e-14
1069,1.85911100575205e-13,2.657707825325276e-13,-7.985968195732262e-14,1,0,3.833691281386749e-13,1.4114155815871044e-13
1070,4.053132481806557e-12,5.388398180393831e-12,-1.3352656985872742e-12,1,0,1.0487382572331507e-11,3.8610451614923555e-12
1071,1.1435289192850989e-12,1.286026808777422e-12,-1.424978894923231e-13,1,0,1.5332834269895756e-12,5.644951460618256e-13
1072,7.43176063934033e-13,1.1192143618531972e-12,-3.7603829791916417e-13,1,0,1.906326026963647e-12,7.018348793772097e-13
1073,5.7248354359077806e-12,7.57210097271295e-12,-1.84726553680517e-12,1,0,1.4858739939811024e-11,5.4704084221966435e-12
1074,2.375789462096663e-13,3.3820121713757024e-13,-1.0062227092790393e-13,1,0,5.305840507074189e-13,1.9534034995096562e-13
1075,2.9957931274179713e-13,4.61004732104939e-13,-1.6142541936314185e-13,1,0,7.623454660521358e-13,2.8066586231457173e-13
1076,1.790675784452951e-13,2.4213453024616063e-13,-6.306695180086553e-14,1,0,5.509743678667379e-13,2.02847269324441e-13
1077,3.035121749184882e-13,3.7317089903592623e-13,-6.965872411743802e-14,1,0,4.1283621398070527e-13,1.5199018968606756e-13
1078,2.4855363705880313e-12,2.9070795084890673e-12,-4.21543137901036e-13,1,0,4.675495219620218e-12,1.7213349537683525e-12
1079,1.6069215142101584e-12,1.5640424666615253e-12,4.287904754863306e-14,0,1,2.3303856484276295e-12,8.57957089885431e-13
1080,4.561475651432107e-12,3.940995817591411e-12,6.204798338406957e-13,0,1,1.1855250591028775e-11,4.364640806900101e-12
1081,5.990109623216173e-12,7.012626599824146e-12,-1.0225169766079727e-12,1,0,1.5200695340259753e-11,5.596303061325387e-12
1082,1.6336545242766673e-11,1.6661219238359173e-11,-3.2467399559249933e-13,1,0,2.8297517997080544e-11,1.0418042270444317e-11
1083,4.812118439567097e-13,9.0831444521323e-13,-4.271026012565203e-13,1,0,1.894083727367326e-12,6.973277422249311e-13
1084,2.4466671314930364e-13,2.766208307918565e-13,-3.195411764255287e-14,1,0,5.384657058637913e-13,1.9824206792455698e-13
1085,1.6320416902053255e-13,3.1098696194320313e-13,-1.4778279292267058e-13,1,0,6.166093669770633e-13,2.2701151564535476e-13
1086,1.8326323744448582e-13,2.771522165647356e-13,-9.388897912024977e-14,1,0,5.846822594577019e-13,2.1525720009923356e-13
1087,9.928476675274418e-13,1.8110638942388456e-12,-8.182162267114037e-13,1,0,3.963107719046777e-12,1.4590616655359368e-12
1088,4.628990805193403e-13,8.623316870986239e-13,-3.9943260657928365e-13,1,0,1.7471267775898724e-12,6.432239259511849e-13
1089,1.7949517854433499e-12,1.8515697636781397e-12,-5.661797823478981e-14,1,0,3.543680247774465e-12,1.3046448320330363e-12
1090,5.31019786072023e-13,5.744381288612609e-13,-4.341834278923788e-14,1,0,9.29809030140122e-13,3.4231941403624203e-13
1091,1.9155533191934936e-13,2.7617587099327063e-13,-8.462053907392127e-14,1,0,6.297837021127259e-13,2.318617919255039e-13
1092,1.1101292347641038e-13,2.3357987773500265e-13,-1.2256695425859227e-13,1,0,5.716204968339482e-13,2.1044836862663533e-13
1093,4.199860182787407e-13,4.874866145292595e-13,-6.750059625051878e-14,1,0,6.185556712087962e-13,2.277280689402207e-13
1094,3.5800552226429334e-13,4.15998465768324e-13,-5.799294350403067e-14,1,0,6.596758295777437e-13,2.4286690719802333e-13
1095,1.426000891533392e-12,1.6011092066955276e-12,-1.7510831516213568e-13,1,0,1.89731044472469e-12,6.985156936851003e-13
1096,3.1901565693478625e-13,5.260172270794308e-13,-2.0700157014464456e-13,1,0,1.074045423209555e-12,3.954216274561188e-13
1097,1.7153179314022342e-13,2.0107289877926189e-13,-2.954110563903846e-14,1,0,2.383687092983483e-13,8.775806025382337e-14
1098,1.1016775085137706e-12,1.1488063771006275e-12,-4.7128868586856977e-14,1,0,2.065935431545225e-12,7.605968359510295e-13
1099,3.753813538183031e-13,5.436340766926516e-13,-1.6825272287434845e-13,1,0,1.1545410950409527e-12,4.2505699377389387e-13
1100,2.4939083626090883e-13,4.4084601444179534e-13,-1.914551781808865e-13,1,0,8.366671189473293e-13,3.0802819570194866e-13
1101,2.5468656052454123e-12,2.6377470401225192e-12,-9.088143487710694e-14,1,0,4.789593337884553e-12,1.7633414300670383e-12
1102,1.3877917047889331e-12,1.9498884683029723e-12,-5.620967635140392e-13,1,0,4.554339183609145e-12,1.6767300274771829e-12
1103,1.8129017428775928e-13,2.4612551592579134e-13,-6.483534163803207e-14,1,0,3.724013209437593e-13,1.3710363939203618e-13
1104,4.213829007735927e-12,6.217089199731997e-12,-2.0032601919960705e-12,1,0,8.876110754564988e-12,3.2678377321906377e-12
1105,6.103019763258612e-13,8.661019104774054e-13,-2.5579993415154415e-13,1,0,2.0492790649603508e-12,7.544646115216241e-13
1106,2.6062855193304545e-13,3.443737628958938e-13,-8.374521096284834e-14,1,0,4.860435665297962e-13,1.7894228115368086e-13
1107,2.025847510727501e-12,2.3020527376756412e-12,-2.7620522694814016e-13,1,0,2.2429901529919506e-12,8.257814776713399e-13
1108,3.63252040225577e-13,3.8542691439295733e-13,-2.2174874167380344e-14,1,0,5.56174739231955e-13,2.0476184320015787e-13
1109,2.89969162586261e-13,4.551843954955977e-13,-1.6521523290933668e-13,1,0,9.028864039848735e-13,3.324075533088918e-13
1110,4.403867951713322e-13,4.828704620792737e-13,-4.248366690794146e-14,1,0,5.863039717400382e-13,2.1585425130031847e-13
1111,3.5402144978464604e-13,5.000804752988146e-13,-1.460590255141685e-13,1,0,8.623816585186308e-13,3.1749528607526234e-13
1112,4.567666909304284e-13,5.526474858458793e-13,-9.588079491545098e-14,1,0,7.194539666446886e-13,2.6487488538452356e-13
1113,2.351932006528961e-13,5.398206179341061e-13,-3.0462741728120997e-13,1,0,1.1491609424946085e-12,4.2307623148035864e-13
1114,2.9338621700729813e-13,5.058057137293927e-13,-2.124194967220946e-13,1,0,8.382384622370753e-13,3.0860670300480264e-13
1115,3.6019492875922415e-13,4.451341679196486e-13,-8.493923916042448e-14,1,0,8.016656478275112e-13,2.9514201940579357e-13
1116,9.389336972839878e-13,1.2615726156395702e-12,-3.226389183555824e-13,1,0,2.1272200196387285e-12,7.831594306404563e-13
1117,2.023977741332893e-12,3.743124543279008e-12,-1.7191468019461146e-12,1,0,6.9633328667691426e-12,2.5636275293352417e-12
1118,2.2632372652744127e-13,2.8392595619289013e-13,-5.760222966544885e-14,1,0,5.341479164609142e-13,1.9665242629878995e-13
1119,4.2403481975227665e-13,6.967824634474362e-13,-2.727476436951596e-13,1,0,1.3142297924060523e-12,4.83848142857479e-13
1120,5.674905434536052e-13,8.141276917980559e-13,-2.4663714834445063e-13,1,0,1.9591069649277076e-12,7.21266761807323e-13
1121,3.8623635776523983e-13,7.915061539229713e-13,-4.052697961577315e-13,1,0,1.6684681569271905e-12,6.142648902123187e-13
1122,1.2541392479649528e-13,2.626319671055615e-13,-1.3721804230906622e-13,1,0,5.361583109833426e-13,1.9739257513859595e-13
1123,1.6904691323046846e-12,2.0978742727790005e-12,-4.074051404743159e-13,1,0,3.9215854877811775e-12,1.443774799722023e-12
1124,8.651202069420121e-12,1.495559880860643e-11,-6.30439673918631e-12,1,0,2.376991422100442e-11,8.75115517710098e-12
1125,1.1401289763904465e-13,2.0464750039364128e-13,-9.063460275459663e-14,1,0,3.9988700078331905e-13,1.472227945218244e-13
1126,2.4617065357015093e-13,2.8385815699361327e-13,-3.768750342346234e-14,1,0,3.804735670166177e-13,1.4007552550632873e-13
1127,3.782415200162677e-13,3.457286791257556e-13,3.2512840890512106e-14,0,1,5.494143547725145e-13,2.0227293335759954e-13
1128,1.1086531078325477e-12,1.342598286405384e-12,-2.339451785728363e-13,1,0,2.679399598597237e-12,9.864504116748842e-13
1129,3.3928511307481895e-13,3.4878527795395847e-13,-9.500164879139516e-15,1,0,5.884970948971806e-13,2.1666167369537645e-13
1130,4.332242308099016e-12,6.066800022152627e-12,-1.7345577140536113e-12,1,0,9.217009427673586e-12,3.3933433255345546e-12
1131,3.5930971991931123e-13,5.254296443090718e-13,-1.661199243897606e-13,1,0,1.2242708763471907e-12,4.5072877916624433e-13
1132,2.032472537443217e-13,3.0976726266703766e-13,-1.0652000892271597e-13,1,0,5.153627176608809e-13,1.8973644889124353e-13
1133,5.66045967741867e-13,7.033655204109952e-13,-1.3731955266912827e-13,1,0,1.5864252187559866e-12,5.840598807854412e-13
1134,9.712573326566036e-13,1.673426010411666e-12,-7.021686777550624e-13,1,0,2.7145805304958286e-12,9.994026584292096e-13
1135,3.3114659383592834e-13,6.225417134977112e-13,-2.913951196617828e-13,1,0,1.2187409915078957e-12,4.4869289128334205e-13
1136,4.2110848030141916e-13,5.168914843160544e-13,-9.578300401463521e-14,1,0,9.09159995628351e-13,3.347172450258826e-13
1137,5.162999575575635e-13,6.83441221655198e-13,-1.6714126409763448e-13,1,0,1.2712555855767492e-12,4.680267162810321e-13
1138,2.1692118704349998e-13,3.077457308346718e-13,-9.082454379117183e-14,1,0,6.628605315535633e-13,2.440393902336832e-13
1139,1.3561367511132416e-12,1.9948282042823856e-12,-6.38691453169144e-13,1,0,3.762544122371751e-12,1.3852219730127854e-12
1140,6.23568073598437e-13,7.737315425428011e-13,-1.5016346894436414e-13,1,0,8.601520836843264e-13,3.1667444359461444e-13
1141,3.324791678147729e-12,2.8293495643725855e-12,4.954421137751435e-13,0,1,1.0228861060378456e-11,3.765867625440468e-12
1142,3.1681425720663915e-13,4.323759200669416e-13,-1.1556166286030245e-13,1,0,9.185491803477397e-13,3.3817397657745164e-13
1143,8.668654779292067e-13,1.2670051206785814e-12,-4.0013964274937464e-13,1,0,2.538449919414174e-12,9.345582380967559e-13
1144,9.14991129936248e-13,9.293055602769972e-13,-1.4314430340749278e-14,1,0,1.0198776116476384e-12,3.7547915226773897e-13
1145,3.7048839545704547e-13,5.053070805381173e-13,-1.3481868508107183e-13,1,0,1.2419753753008065e-12,4.572468850472914e-13
1146,5.732265701297914e-13,9.767845083653815e-13,-4.035579382355901e-13,1,0,2.240112828789061e-12,8.247221591411929e-13
1147,9.564465891942196e-12,9.967966382605584e-12,-4.035004906633874e-13,1,0,2.736464352855913e-11,1.0074594281575574e-11
1148,2.061746832033619e-12,4.62107247933945e-12,-2.559325647305831e-12,1,0,1.1294441852535353e-11,4.158172905939253e-12
1149,7.671229571549415e-13,7.423376733880463e-13,2.4785283766895166e-14,0,1,1.1995881456901058e-12,4.416415605853768e-13
1150,6.037415859035003e-13,1.0270409739944927e-12,-4.2329938809099235e-13,1,0,1.7133923777752584e-12,6.30804235882502e-13
1151,1.2268168203851959e-13,1.9679002217108562e-13,-7.410834013256604e-14,1,0,3.794126433549962e-13,1.3968493479962337e-13
1152,7.325567777114665e-13,1.008147968288678e-12,-2.7559119057721146e-13,1,0,1.386814774028587e-12,5.105711016279623e-13
1153,1.3306824859328312e-13,2.0705687138222027e-13,-7.398862278893714e-14,1,0,3.8893597468752374e-13,1.4319105390123342e-13
1154,5.479558636005959e-13,7.522232894858297e-13,-2.0426742588523383e-13,1,0,9.262143950907956e-13,3.409960096339702e-13
1155,2.870434364632285e-13,4.45497605500798e-13,-1.5845416903756954e-13,1,0,7.590541181195402e-13,2.794541163977723e-13
1156,2.081293712600199e-12,2.241230777613047e-12,-1.5993706501284802e-13,1,0,3.0856111918729433e-12,1.1360016744367792e-12
1157,7.68746840916329e-12,7.389402835697436e-12,2.9806557346585505e-13,0,1,1.4122748826011989e-11,5.1994452043264116e-12
1158,9.076326113400943e-13,1.2175145161120192e-12,-3.0988190477192486e-13,1,0,2.716335378691052e-12,1.0000487250799292e-12
1159,1.0461844612472381e-13,1.3388797058048225e-13,-2.926952445575844e-14,1,0,2.5245961551267514e-13,9.294578225067374e-14
1160,4.3870078337664105e-13,4.723838181040352e-13,-3.3683034727394136e-14,1,0,5.724943890796527e-13,2.1077010166189665e-13
1161,4.763202053328596e-11,3.964111307455482e-11,7.990907458731145e-12,0,1,7.638507684655965e-11,2.8122005594296182e-11
1162,2.646718595330234e-11,2.845769435013455e-11,-1.990508396832209e-12,1,0,5.7825569411048746e-11,2.1289118943186832e-11
1163,2.177058383998593e-13,4.3307778718152445e-13,-2.1537194878166515e-13,1,0,8.987987519983989e-13,3.3090263930242836e-13
1164,7.952503916468498e-13,8.018186306278238e-13,-6.5682389809740245e-15,1,0,1.1334175561272891e-12,4.172801307526696e-13
1165,5.313279441755746e-13,9.653960822433428e-13,-4.3406813806776823e-13,1,0,1.8924316622323687e-12,6.967195162875437e-13
1166,3.2758156306602224e-12,6.196882126823331e-12,-2.9210664961631084e-12,1,0,1.2516778339827926e-11,4.608189518514047e-12
1167,1.6357702062493498e-13,2.734594408298578e-13,-1.0988242020492284e-13,1,0,5.38115060673932e-13,1.9811297404394665e-13
1168,2.374300435059422e-13,2.8584792196513255e-13,-4.8417878459190355e-14,1,0,2.954582854718514e-13,1.0877621519725931e-13
1169,4.458517069415882e-13,7.170869469688093e-13,-2.7123524002722104e-13,1,0,1.2064575824704407e-12,4.4417061923847344e-13
1170,1.2861507717527968e-13,2.510901371601007e-13,-1.22475059984821e-13,1,0,4.634321666850452e-13,1.7061764577750274e-13
1171,2.1913581341295866e-12,2.8205146681892472e-12,-6.291565340596607e-13,1,0,5.7631213924637596e-12,2.121756483469106e-12
1172,8.94707333591501e-14,1.3838230960048245e-13,-4.891157624133235e-14,1,0,2.5280285093261173e-13,9.30721481430457e-14
1173,4.414690296995271e-13,7.185032500708434e-13,-2.7703422037131625e-13,1,0,1.6113512637726985e-12,5.93236678222089e-13
1174,7.715784567636003e-13,1.4220568765722893e-12,-6.50478419808689e-13,1,0,2.9569485425952635e-12,1.0886331059658444e-12
1175,1.1203249681088808e-12,1.2857922563717729e-12,-1.654672882628921e-13,1,0,2.2438097866869378e-12,8.260832348247954e-13
1176,9.756128090566585e-14,1.8973508814367667e-13,-9.217380723801082e-14,1,0,3.501004245901333e-13,1.2889331928887933e-13
1177,8.957763327317117e-13,1.0460194183257293e-12,-1.5024308559401768e-13,1,0,1.846719250928108e-12,6.798899896378616e-13
1178,2.448283741993928e-13,3.804585197717871e-13,-1.3563014557239428e-13,1,0,7.629366598618105e-13,2.808835168134522e-13
1179,5.984143886846571e-13,6.90742493682447e-13,-9.23281049977899e-14,1,0,1.6355528815137915e-12,6.021467697949914e-13
1180,1.6349621516112325e-12,1.8492935949363648e-12,-2.1433144332513227e-13,1,0,1.7410416564412606e-12,6.409836217183701e-13
1181,9.42139374788026e-13,1.1667363871522552e-12,-2.2459701236422925e-13,1,0,2.67578251019766e-12,9.851187408249315e-13
1182,3.513818218182557e-13,5.541143616056747e-13,-2.0273253978741903e-13,1,0,1.2800013785544187e-12,4.712465760913277e-13
1183,1.409550479753399e-13,2.2336978234783128e-13,-8.241473437249138e-14,1,0,4.183697448940677e-13,1.5402741991121196e-13
1184,4.099040791923099e-13,4.65556484333142e-13,-5.565240514083213e-14,1,0,6.997523517727412e-13,2.5762151932771466e-13
1185,3.7935641171547964e-11,4.8909906987504345e-11,-1.0974265815956381e-11,1,0,6.035543657912577e-11,2.2220517347045248e-11
1186,1.176827876508884e-13,2.4704500149421134e-13,-1.2936221384332294e-13,1,0,5.138659654261762e-13,1.8918540310513804e-13
1187,1.2659504996063123e-13,2.429506167037654e-13,-1.1635556674313416e-13,1,0,4.715140742510423e-13,1.7359308887668437e-13
1188,2.7388508103187314e-12,3.685529118683521e-12,-9.466783083647896e-13,1,0,8.243346560375971e-12,3.0348786393484697e-12
1189,3.1920820652991474e-13,5.118108325362136e-13,-1.926026260062989e-13,1,0,8.811345211404857e-13,3.243993585634034e-13
1190,6.187303147396192e-13,9.68620986082809e-13,-3.4989067134318973e-13,1,0,1.6908279159108144e-12,6.224968812396722e-13
1191,3.8781653928242773e-13,6.052565980040837e-13,-2.1744005872165597e-13,1,0,1.267281656231768e-12,4.665636705149672e-13
1192,5.201791844781184e-13,9.075100944247065e-13,-3.873309099465881e-13,1,0,1.7854409084836656e-12,6.57329694352783e-13
1193,8.26647260334296e-13,9.36824355594907e-13,-1.1017709526061101e-13,1,0,9.997963587846427e-13,3.680860183119004e-13
1194,2.7922173441014494e-12,3.243081926206964e-12,-4.5086458210551435e-13,1,0,4.373716815812675e-12,1.610231917540986e-12
1195,2.4361476987926076e-13,5.40107267289879e-13,-2.964924974106183e-13,1,0,9.86362575466895e-13,3.6314022333190516e-13
1196,3.92902121967727e-13,4.82290187422103e-13,-8.9388065454376e-14,1,0,8.19104156804859e-13,3.0156219815356484e-13
1197,6.434539559480424e-13,9.370834062312562e-13,-2.9362945028321375e-13,1,0,1.956184698861272e-12,7.201908974361528e-13
1198,1.544915549758813e-13,3.043862843468337e-13,-1.4989472937095242e-13,1,0,6.256433983255631e-13,2.303374935799178e-13
1199,1.701487455050831e-13,3.3410907861330273e-13,-1.6396033310821962e-13,1,0,6.559064781248345e-13,2.4147917903145336e-13
1200,2.8825524334903077e-13,3.7034725794067817e-13,-8.20920145916474e-14,1,0,6.542889813612862e-13,2.4088367981994334e-13
1201,2.1948824856759935e-12,2.3658453218678957e-12,-1.7096283619190225e-13,1,0,3.6154001270150994e-12,1.3310492938532276e-12
1202,1.0631408059966798e-11,1.57855156343245e-11,-5.154107574357702e-12,1,0,3.235632659498658e-11,1.1912337266386732e-11
1203,2.2039696159478717e-13,3.2776159118159786e-13,-1.0736462958681068e-13,1,0,8.374499082778745e-13,3.083163881976762e-13
1204,1.2357043806694242e-12,1.2339049330458881e-12,1.799447623536089e-15,0,1,1.6693256716272424e-12,6.145805936741414e-13
1205,5.734223958596225e-13,6.901610412169268e-13,-1.167386453573043e-13,1,0,1.1009757998390165e-12,4.0533634160573644e-13
1206,1.0750770931224296e-13,1.624976699440181e-13,-5.498996063177514e-14,1,0,3.2342441460599934e-13,1.1907225301549894e-13
1207,2.5511974306832687e-13,4.2884947070352816e-13,-1.737297276352013e-13,1,0,9.056890210249789e-13,3.3343936757594867e-13
1208,2.269933940200147e-13,3.5184291685753613e-13,-1.2484952283752142e-13,1,0,7.360261962819785e-13,2.709761338719212e-13
1209,2.2268445365720468e-13,3.059088390151098e-13,-8.322438535790514e-14,1,0,4.797151550089971e-13,1.7661240689632537e-13
1210,3.3522557412350505e-13,4.667458017957137e-13,-1.3152022767220864e-13,1,0,1.0380714799972486e-12,3.8217742487061154e-13
1211,3.2557559406244616e-13,5.140585849042858e-13,-1.884829908418396e-13,1,0,1.1035559360088511e-12,4.062862470951017e-13
1212,1.296258190949786e-10,1.8696842426259699e-10,-5.7342605167618384e-11,1,0,3.239695818815223e-10,1.192729623399509e-10
1213,3.887955158701238e-13,4.0170325323489936e-13,-1.2907737364775558e-14,1,0,4.719323660672057e-13,1.7374708760627688e-13
1214,1.744456472646094e-13,2.959977654303513e-13,-1.215521181657419e-13,1,0,6.511832476512015e-13,2.39740269819259e-13
1215,2.4373922348818545e-13,2.830702772268722e-13,-3.933105373868678e-14,1,0,5.016240418889826e-13,1.8467840440316044e-13
1216,3.614258204955176e-13,5.180372940386064e-13,-1.5661147354308879e-13,1,0,7.779873895874087e-13,2.864246083854583e-13
1217,3.627687946648207e-13,5.381615556310658e-13,-1.7539276096624513e-13,1,0,8.758053935275219e-13,3.224373816599104e-13
1218,8.479428340927929e-14,9.79750256730836e-14,-1.3180742263804306e-14,1,0,1.5936539980011335e-13,5.867212353165143e-14
1219,1.0048866574795198e-12,1.393643859612383e-12,-3.8875720213286325e-13,1,0,2.7892163381774848e-12,1.026880651354118e-12
1220,2.356226052371987e-13,3.293881877595974e-13,-9.37655825223987e-14,1,0,5.462415901382567e-13,2.0110484518543977e-13
1221,7.625813863159635e-13,1.0745025621542163e-12,-3.1192117583825276e-13,1,0,2.9647527397351816e-12,1.091506306919332e-12
1222,2.701933180304486e-13,3.227408575003493e-13,-5.2547539469900695e-14,1,0,4.792064504079342e-13,1.764251217062395e-13
1223,3.385936841589033e-11,3.3411902211951283e-11,4.4746620393904714e-13,0,1,3.946824830959346e-11,1.4530669413202908e-11
1224,3.5563085597498255e-13,5.268256843199603e-13,-1.7119482834497775e-13,1,0,9.651511704382129e-13,3.553310114346948e-13
1225,3.5491640878181397e-13,3.9904625596818653e-13,-4.412984718637256e-14,1,0,8.318362135768437e-13,3.0624964479301637e-13
1226,1.862564824921495e-11,1.7474135888312492e-11,1.1515123609024565e-12,0,1,1.908803023577117e-11,7.02746812905286e-12
1227,7.197134984951872e-13,8.547359448673909e-13,-1.350224463722037e-13,1,0,1.6382042617198367e-12,6.031229045593353e-13
1228,2.420028378456497e-13,2.686258162977415e-13,-2.6622978452091765e-14,1,0,6.087047285704415e-13,2.2410133613557372e-13
1229,2.602450581657332e-13,5.266558957791292e-13,-2.6641083761339604e-13,1,0,9.911773388390316e-13,3.649128313867275e-13
1230,1.9213795670888338e-13,2.9021710306517344e-13,-9.807914635629006e-14,1,0,5.785590365421478e-13,2.1300286828214002e-13
1231,3.7036536294434136e-13,4.0449855460412825e-13,-3.413319165978689e-14,1,0,5.591495090690091e-13,2.0585703741155375e-13
1232,3.7844144026223033e-13,5.688171390985594e-13,-1.9037569883632907e-13,1,0,9.315817340454742e-13,3.4297205446289873e-13
1233,2.0395805415005814e-13,4.2970890354919736e-13,-2.2575084939913922e-13,1,0,8.162733415932209e-13,3.0052000241973035e-13
1234,6.341529804471318e-13,8.207375403289538e-13,-1.86584559881822e-13,1,0,1.516692369303434e-12,5.583869658213029e-13
1235,4.2510767689982825e-13,5.215358078575308e-13,-9.642813095770258e-14,1,0,6.044233311289329e-13,2.225250926103709e-13
1236,2.4022902511209304e-13,3.282652783714093e-13,-8.803625325931628e-14,1,0,5.429368206725842e-13,1.9988815798372115e-13
1237,8.435827635962421e-13,9.885801531717513e-13,-1.4499738957550914e-13,1,0,1.173655038927581e-12,4.320940022983284e-13
1238,2.0644024011194465e-12,3.046180667079173e-12,-9.817782659597266e-13,1,0,4.933741153863851e-12,1.8164110328576254e-12
1239,2.5360816801444337e-12,4.134215605660527e-12,-1.5981339255160933e-12,1,0,8.132739074233839e-12,2.9941572776313325e-12
1240,8.656208760411425e-13,8.979722302725556e-13,-3.235135423141307e-14,1,0,1.6661370247315917e-12,6.134066582728868e-13
1241,5.953900021289838e-13,7.489018080073683e-13,-1.5351180587838452e-13,1,0,9.999890010475462e-13,3.6815694167833163e-13
1242,2.136649217943361e-12,2.109688929272492e-12,2.6960288670869192e-14,0,1,3.12811710963695e-12,1.1516506952468423e-12
1243,4.846982661869128e-13,7.994090483392553e-13,-3.147107821523425e-13,1,0,1.7541366713137006e-12,6.458046953717998e-13
1244,7.932637080243184e-13,1.0085390294442434e-12,-2.1527532141992504e-13,1,0,1.3565333776110635e-12,4.99422672712098e-13
1245,8.125977070349399e-14,1.7802612116152661e-13,-9.676635045803262e-14,1,0,3.334000944714139e-13,1.2274490920128285e-13
1246,5.844644636989799e-13,7.515294851666857e-13,-1.670650214677058e-13,1,0,1.519320603050798e-12,5.593545789624791e-13
1247,2.8580260593430493e-12,4.2385866112799854e-12,-1.3805605519369361e-12,1,0,6.887764016162396e-12,2.5358060264023272e-12
1248,1.722255986463067e-13,3.7001673450452183e-13,-1.9779113585821512e-13,1,0,7.608405666064383e-13,2.801118170431927e-13
1249,4.138487245099168e-13,5.493802088275388e-13,-1.3553148431762195e-13,1,0,7.187851020370499e-13,2.646286355276879e-13
1250,3.032461945830374e-13,4.112960934887163e-13,-1.080498989056789e-13,1,0,8.672089749761355e-13,3.192725156864347e-13
1251,2.5883188871214165e-13,3.7410729617001756e-13,-1.152754074578759e-13,1,0,5.259070513191436e-13,1.9361846122097446e-13
1252,4.942793920339908e-13,6.103793107888339e-13,-1.1609991875484306e-13,1,0,9.426650654433235e-13,3.470525047346169e-13
1253,3.509452824269694e-13,3.636065287626924e-13,-1.2661246335723004e-14,1,0,3.121562719046997e-13,1.1492376243114277e-13
1254,2.9895443795119773e-12,3.4518681388097977e-12,-4.623237592978204e-13,1,0,7.33293868984623e-12,2.6997019754621676e-12
1255,6.413530918914789e-13,1.0821074241402993e-12,-4.407543322488204e-13,1,0,2.022106196069653e-12,7.444606211807844e-13
1256,4.078372874169512e-13,4.923036128072217e-13,-8.446632539027046e-14,1,0,9.16679488965095e-13,3.3748562914503417e-13
1257,3.0919163911430194e-13,5.368347669674093e-13,-2.2764312785310735e-13,1,0,1.161896523108276e-12,4.277649754608564e-13
1258,3.1097583953441337e-12,3.651662532758613e-12,-5.419041374144796e-13,1,0,1.0648432967030245e-11,3.920337634415822e-12
1259,3.218497884062664e-13,5.72940540017581e-13,-2.5109075161131464e-13,1,0,1.160239694820806e-12,4.2715499591651927e-13
1260,2.4779435813456225e-10,2.5745480396308746e-10,-9.660445828525208e-12,1,0,2.9335255076533073e-10,1.0800096582078972e-10
1261,1.9283841774581706e-12,1.534127941448873e-12,3.942562360092976e-13,0,1,2.7223906052836186e-12,1.002278023303363e-12
1262,3.9825027979691645e-13,4.650893949270497e-13,-6.683911513013323e-14,1,0,7.270448675453101e-13,2.6766955898316166e-13
1263,5.217323992801848e-13,6.706755030015014e-13,-1.489431037213167e-13,1,0,1.1351714963578958e-12,4.179258631262361e-13
1264,2.2623763926100785e-13,3.001554547552381e-13,-7.391781549423024e-14,1,0,4.92044207456654e-13,1.8115148306432943e-13
1265,6.532773125608497e-13,1.0349852206986985e-12,-3.817079081378488e-13,1,0,1.8094081356616797e-12,6.661534924636864e-13
1266,3.832659958184763e-11,6.317308011794697e-11,-2.4846480536099336e-11,1,0,1.2051144750182478e-10,4.436761394677692e-11
1267,1.8247300835067917e-12,1.7930314862920975e-12,3.1698597214694213e-14,0,1,2.7573901160725966e-12,1.0151634778821732e-12
1268,5.744824781087265e-13,8.368761637724562e-13,-2.623936856637297e-13,1,0,1.455721282610616e-12,5.359397901182523e-13
1269,5.927451768170611e-12,6.7569188932110254e-12,-8.294671250404144e-13,1,0,1.1203914687504844e-11,4.124844335143446e-12
1270,3.2643543962925697e-13,3.975269174563527e-13,-7.109147782709573e-14,1,0,4.514576443952004e-13,1.662090937837607e-13
1271,1.6151386168561074e-11,1.7096997206945283e-11,-9.456110383842083e-13,1,0,2.5282420317777772e-11,9.308000920678746e-12
1272,2.5487836063149975e-13,4.4799998037958486e-13,-1.931216197480851e-13,1,0,1.0086810256415835e-12,3.7135700606722134e-13
1273,2.496125495057385e-13,4.4511851506039756e-13,-1.9550596555465904e-13,1,0,8.066962553096302e-13,2.969940928420623e-13
1274,1.3234616350815555e-11,1.3490410540399564e-11,-2.557941895840089e-13,1,0,1.517048115029461e-11,5.585179375203637e-12
1275,7.509251969965122e-12,8.832704415440715e-12,-1.3234524454755928e-12,1,0,1.793487453297124e-11,6.602921182659433e-12
1276,5.031445922721971e-13,7.458031747249578e-13,-2.426585824527607e-13,1,0,1.3032417071473346e-12,4.798027584987386e-13
1277,1.8172471328791293e-12,2.041322309740631e-12,-2.2407517686150174e-13,1,0,3.19691673150163e-12,1.1769800322173418e-12
1278,1.4240977228455548e-12,2.165465911425355e-12,-7.413681885798003e-13,1,0,4.382725060332105e-12,1.6135484017710026e-12
1279,2.758414169066674e-13,3.7113724037221104e-13,-9.529582346554363e-14,1,0,6.432947305375709e-13,2.3683602554068285e-13
1280,1.0264273198108203e-12,1.4351189500918631e-12,-4.086916302810428e-13,1,0,2.275390979799785e-12,8.377101981801912e-13
1281,7.81841502218349e-12,6.366012431997348e-12,1.4524025901861414e-12,0,1,7.1281120656324086e-12,2.6242928024954023e-12
1282,3.700232119769374e-13,6.283481740525898e-13,-2.583249620756524e-13,1,0,1.134831776029405e-12,4.1780079135341447e-13
1283,2.8627613748903876e-13,3.099177141012256e-13,-2.3641576612186867e-14,1,0,6.307237096864952e-13,2.3220786604547004e-13
1284,3.0139838102881366e-12,3.733977742214176e-12,-7.199939319260397e-13,1,0,5.494623653994211e-12,2.0229060899758304e-12
1285,1.9394618509127736e-13,1.8005492255970641e-13,1.3891262531570947e-14,0,1,1.822117967936253e-13,6.70832756910145e-14
1286,1.0606142261632908e-11,1.2214648767506915e-11,-1.608506505874007e-12,1,0,1.980575442050796e-11,7.291706176215849e-12
1287,2.301926812553811e-13,3.0283454619837886e-13,-7.264186494299776e-14,1,0,7.160300512371012e-13,2.636143332947483e-13
1288,1.631777213168063e-12,3.3247487609165485e-12,-1.6929715477484856e-12,1,0,6.572006370891461e-12,2.4195563787834815e-12
1289,2.507103837665046e-12,2.688804430714966e-12,-1.8170059304992011e-13,1,0,1.6140570534718596e-12,5.942328444393418e-13
1290,1.0884975188955159e-13,2.5769933067768237e-13,-1.488495787881308e-13,1,0,4.954690286285012e-13,1.8241236862117223e-13
1291,7.167825881395449e-13,1.2577121706924914e-12,-5.409295825529465e-13,1,0,2.9551771205342032e-12,1.0879809374642526e-12
1292,5.56891793857944e-13,8.221389266911968e-13,-2.6524713283325274e-13,1,0,1.2253974962941698e-12,4.5114355668247613e-13
1293,8.10190048423637e-13,1.1867495365300186e-12,-3.765594881063815e-13,1,0,2.460797906500076e-12,9.059697960642206e-13
1294,4.0342450374499705e-13,7.269009673650534e-13,-3.2347646362005635e-13,1,0,1.468028694826545e-12,5.404708991970966e-13
1295,2.3840643406368166e-13,4.31461179972885e-13,-1.9305474590920336e-13,1,0,8.656801989550155e-13,3.18709679991385e-13
1296,2.0737967404628782e-13,2.2864821801753427e-13,-2.126854397124644e-14,1,0,3.877112393039659e-13,1.4274015410863215e-13
1297,6.50099970751207e-13,6.625195962868474e-13,-1.2419625535640389e-14,1,0,6.67162087835929e-13,2.456230554577146e-13
1298,2.6951686371093214e-13,4.911148325387774e-13,-2.2159796882784522e-13,1,0,1.0550739387040724e-12,3.884370669186332e-13
1299,5.177761824953823e-13,7.561831114020649e-13,-2.384069289066826e-13,1,0,1.8412293787025714e-12,6.778688328384957e-13
1300,8.003990460240664e-14,1.0798196251675722e-13,-2.7942057914350583e-14,1,0,1.8048920108841874e-13,6.644908314898381e-14
1301,3.526696767587281e-13,3.639297290754468e-13,-1.1260052316718702e-14,1,0,4.586876826030193e-13,1.6887091181577877e-13
1302,2.7865262059656485e-12,4.347933901572914e-12,-1.5614076956072656e-12,1,0,8.570839037292894e-12,3.1554485942160666e-12
1303,6.547141056001588e-13,1.3311087912636329e-12,-6.76394685663474e-13,1,0,2.674213246555462e-12,9.8454099916718e-13
1304,1.3036407136533208e-13,1.889394880703903e-13,-5.857541670505821e-14,1,0,4.999872899825345e-13,1.8407581619915732e-13
1305,8.271156230902251e-13,1.04931403232816e-12,-2.22198409237935e-13,1,0,1.3605276348570007e-12,5.008932024183252e-13
1306,1.2725525709768185e-13,2.7619110998647766e-13,-1.489358528887958e-13,1,0,5.589611943019098e-13,2.0578770726026653e-13
1307,2.506395624131615e-12,2.653455061771757e-12,-1.4705943764014215e-13,1,0,3.2367689558587486e-12,1.191652066632746e-12
1308,1.8772579064132598e-13,2.1750865120448067e-13,-2.978286056315469e-14,1,0,3.797747051924914e-13,1.398182318445419e-13
1309,1.6837221092801856e-12,2.0057748952129897e-12,-3.2205278593280416e-13,1,0,2.3658800884731546e-12,8.710247581098378e-13
1310,6.229801154583034e-12,5.639898846896958e-12,5.899023076860765e-13,0,1,8.448536671895905e-12,3.110421634162092e-12
1311,1.9364918835938207e-12,2.1277897792167366e-12,-1.9129789562291583e-13,1,0,3.0507743824919013e-12,1.1231761201695621e-12
1312,1.2069422243454004e-12,1.7097675539202588e-12,-5.028253295748584e-13,1,0,3.381595745818331e-12,1.2449716411568211e-12
1313,6.169419681819163e-13,8.788623592718801e-13,-2.6192039108996384e-13,1,0,1.6519660477975383e-12,6.081894573605068e-13
1314,6.515464359567765e-13,8.413667737637876e-13,-1.8982033780701112e-13,1,0,1.1115286724408761e-12,4.092214976414047e-13
1315,2.302661844326983e-13,2.7761194246053435e-13,-4.7345758027836076e-14,1,0,5.097742981842123e-13,1.8767901083823429e-13
1316,1.9290417488236085e-13,2.1383204466316658e-13,-2.092786978080573e-14,1,0,4.549316075538976e-13,1.67488071503185e-13
1317,1.5228382754916193e-13,2.115896582095803e-13,-5.930583066041838e-14,1,0,4.121986248674596e-13,1.517554542462437e-13
1318,3.9874368808880026e-13,6.435322719627296e-13,-2.4478858387392934e-13,1,0,1.0419580858385833e-12,3.836083215290308e-13
1319,2.6105499997767687e-13,4.0121973661076966e-13,-1.401647366330928e-13,1,0,6.957706425987775e-13,2.561556093321013e-13
1320,1.0451893925831304e-12,1.3273375208588045e-12,-2.821481282756741e-13,1,0,2.5461567702636526e-12,9.37395599943479e-13
1321,8.807234360748047e-13,1.8356035387173324e-12,-9.548801026425275e-13,1,0,3.503613226298432e-12,1.2898937176974547e-12
1322,3.081077542911222e-13,3.762086964243257e-13,-6.810094213320347e-14,1,0,5.62660485669753e-13,2.0714964203648458e-13
1323,1.459158782577918e-11,1.6460304621238843e-11,-1.868716795459662e-12,1,0,2.8660351883611905e-11,1.0551623553701149e-11
1324,1.974947370178592e-13,2.248792896899594e-13,-2.7384552672100195e-14,1,0,4.2556021165054244e-13,1.5667466927848533e-13
1325,8.705104998650039e-13,1.1175006041444297e-12,-2.4699010427942576e-13,1,0,1.4538689303991128e-12,5.352578262922665e-13
1326,1.6051552706748914e-13,2.5643386706954907e-13,-9.591834000205993e-14,1,0,4.701488583955174e-13,1.7309046965429864e-13
1327,2.458942360293574e-13,3.7749490116646965e-13,-1.3160066513711227e-13,1,0,6.963196476623252e-13,2.5635773158039593e-13
1328,1.2131145451107287e-12,1.92013520633894e-12,-7.070206612282112e-13,1,0,3.315416676134131e-12,1.2206070892742212e-12
1329,4.4957730637082754e-13,7.965153234721703e-13,-3.4693801710134276e-13,1,0,1.758472042998715e-12,6.474008101079836e-13
1330,9.688269125622371e-13,1.5080746252144917e-12,-5.392477126522546e-13,1,0,2.254392803432416e-12,8.299794887582531e-13
1331,9.29029172171515e-14,1.5081981138284076e-13,-5.791689416568926e-14,1,0,2.8092013829813403e-13,1.0342383652555552e-13
1332,2.870098065826809e-13,4.0280695460367853e-13,-1.1579714802099764e-13,1,0,8.970576805899153e-13,3.302616447271686e-13
1333,8.874987843531407e-11,7.531326501030001e-11,1.3436613425014056e-11,0,1,1.507300350988539e-10,5.54929191050404e-11
1334,1.3478788551520899e-12,1.6812836078907408e-12,-3.334047527386509e-13,1,0,2.9300819069670033e-12,1.0787418587664003e-12
1335,3.0103624060128626e-13,4.1314080630502615e-13,-1.1210456570373989e-13,1,0,7.007724353374139e-13,2.5799707430385223e-13
1336,2.949112237159834e-13,4.4886585692230277e-13,-1.5395463320631937e-13,1,0,7.716179721324104e-13,2.840796373427286e-13
1337,9.453921879916526e-13,1.0414581186055895e-12,-9.606593061393697e-14,1,0,1.3649725527472446e-12,5.025296477939935e-13
1338,1.0666985024622685e-12,1.3064671305200736e-12,-2.397686280578051e-13,1,0,3.6221215485739426e-12,1.3335238590756873e-12
1339,6.43810371171211e-13,8.317476311315308e-13,-1.8793725996031978e-13,1,0,1.460886898854923e-12,5.378415685142105e-13
1340,3.692275850836373e-13,4.5274439528919643e-13,-8.351681020555912e-14,1,0,7.149276843999785e-13,2.6320848482747767e-13
1341,1.9660240577072996e-13,2.682141915287543e-13,-7.161178575802436e-14,1,0,5.066077721945378e-13,1.8651321949164718e-13
1342,3.205110984986405e-13,3.5464663934008254e-13,-3.413554084144202e-14,1,0,8.820377561755419e-13,3.24731894469073e-13
1343,1.7125689098458478e-12,3.0417177472289756e-12,-1.3291488373831278e-12,1,0,5.730952762412175e-12,2.1099132487481576e-12
1344,2.173460773764257e-13,4.2533719290272414e-13,-2.0799111552629845e-13,1,0,7.531030239300329e-13,2.7726315566305066e-13
1345,7.35317263432263e-13,1.007531996720308e-12,-2.72214733288045e-13,1,0,2.241043600743978e-12,8.250648330665692e-13
1346,3.762911701201644e-12,4.0082427673156725e-12,-2.4533106611402877e-13,1,0,6.540697300397228e-12,2.4080296003610453e-12
1347,1.697942149059708e-11,1.7839061159576095e-11,-8.596396689790141e-13,1,0,2.001475346615651e-11,7.368651471993159e-12
1348,1.15438263616975e-13,1.4774697926958802e-13,-3.2308715652613016e-14,1,0,2.796732492485243e-13,1.029647806173049e-13
1349,2.745366233907833e-13,4.264919850042493e-13,-1.5195536161346599e-13,1,0,8.180812988621459e-13,3.011856217596584e-13
1350,1.6995213238447144e-13,2.201223370779131e-13,-5.017020469344167e-14,1,0,4.0863953323863074e-13,1.5044513554488802e-13
1351,1.705874124658301e-13,2.904693744692365e-13,-1.1988196200340637e-13,1,0,5.373158409090121e-13,1.9781873250321617e-13
1352,2.4445471384021044e-13,5.359485570731353e-13,-2.914938432329249e-13,1,0,1.040123402034127e-12,3.8293286252129384e-13
1353,2.98317055582287e-13,4.382513437079308e-13,-1.3993428812564383e-13,1,0,7.522910084710353e-13,2.7696420324690717e-13
1354,3.1374852083298613e-12,3.3711510625755602e-12,-2.3366585424569895e-13,1,0,2.1024580560593516e-12,7.740430415883929e-13
1355,3.355207640696359e-13,4.65583837369109e-13,-1.3006307329947308e-13,1,0,7.509578711181744e-13,2.7647339407785405e-13
1356,3.6513663594903607e-13,3.842885771607174e-13,-1.9151941211681317e-14,1,0,6.918717973103576e-13,2.547202065867131e-13
1357,3.0654550576697163e-13,3.9971706723611055e-13,-9.317156146913892e-14,1,0,6.856521717700112e-13,2.524303830837349e-13
1358,6.118165355425777e-13,7.922014863667436e-13,-1.8038495082416594e-13,1,0,1.0675753698967647e-12,3.9303960621624774e-13
1359,5.861675160459816e-13,7.136731089722281e-13,-1.2750559292624646e-13,1,0,1.0112754580261138e-12,3.7231217486515744e-13
1360,3.5184977587531055e-13,4.380856836632291e-13,-8.623590778791854e-14,1,0,8.495252490960686e-13,3.1276205764073284e-13
1361,2.9882365732642078e-12,3.5428077105638386e-12,-5.545711372996308e-13,1,0,5.284882226016175e-12,1.945687477984349e-12
1362,2.444891862155768e-13,3.4325260534681885e-13,-9.876341913124204e-14,1,0,6.097463764836455e-13,2.244848302636382e-13
1363,9.249530502538489e-13,8.776328317566066e-13,4.732021849724227e-14,0,1,1.1272607147068494e-12,4.1501342191349936e-13
1364,4.916105808138831e-12,6.86283617202502e-12,-1.9467303638861886e-12,1,0,1.3459385643097231e-11,4.955220757469432e-12
1365,8.479367653535364e-13,1.7522008695794675e-12,-9.042641042259311e-13,1,0,3.269027502021477e-12,1.203528404958286e-12
1366,9.993450882183571e-14,1.7757400189622339e-13,-7.763949307438767e-14,1,0,4.1639349809605783e-13,1.5329984293147045e-13
1367,3.593882301131173e-12,2.0705032649529467e-12,1.5233790361782261e-12,0,1,6.624324733510598e-12,2.438817959016166e-12
1368,3.4916500174777972e-12,3.958146083397776e-12,-4.664960659199789e-13,1,0,6.186310706308219e-12,2.2775582806615933e-12
1369,2.595049523970224e-13,3.514727663604678e-13,-9.196781396344544e-14,1,0,5.95859321475623e-13,2.1937215832893034e-13
1370,1.2173313638619633e-11,1.8773615149236656e-11,-6.600301510617023e-12,1,0,3.129186693730493e-11,1.1520444743867471e-11
1371,4.025271779651783e-12,5.0127345775834385e-12,-9.874627979316554e-13,1,0,7.0819762900791035e-12,2.6073074096442113e-12
1372,7.473877443983476e-13,8.94246680195513e-13,-1.4685893579716544e-13,1,0,1.6733002810077275e-12,6.160438898027513e-13
1373,5.488824263298256e-13,7.739816685127889e-13,-2.2509924218296337e-13,1,0,1.1613756596859477e-12,4.2757321386708323e-13
1374,3.441407592655385e-13,4.022159637230282e-13,-5.807520445748972e-14,1,0,7.009402527532221e-13,2.580588581299739e-13
1375,1.4449454358739156e-11,1.8444694327991206e-11,-3.99523996925205e-12,1,0,4.592838301345062e-11,1.690903900817911e-11
1376,5.178621183269253e-13,6.293870422953791e-13,-1.115249239684538e-13,1,0,1.1022189038432244e-12,4.0579400400792076e-13
1377,2.731651365313945e-12,3.659901917597451e-12,-9.282505522835061e-13,1,0,5.732669085205823e-12,2.110545131848852e-12
1378,9.982016137521366e-13,1.290151721029407e-12,-2.919501072772703e-13,1,0,2.4808273272551558e-12,9.1334384745984e-13
1379,1.3395918873983893e-11,1.465411382026414e-11,-1.258194946280247e-12,1,0,2.406189987220057e-11,8.858652903821696e-12
1380,1.1380789378595571e-12,1.3886628822567462e-12,-2.5058394439718904e-13,1,0,3.2742391098268837e-12,1.2054471156529593e-12
1381,2.0351270312088844e-13,2.604558131983374e-13,-5.694311007744894e-14,1,0,3.485826746454011e-13,1.2833454296504005e-13
1382,1.596094534126948e-12,1.6539654162745569e-12,-5.787088214760884e-14,1,0,1.5575046438765904e-12,5.734124532757146e-13
1383,4.0449781190375135e-13,5.666544053457644e-13,-1.6215659344201304e-13,1,0,9.103489320213132e-13,3.351549650266271e-13
1384,4.258616774802387e-13,4.2192665717829076e-13,3.9350203019479285e-15,0,1,8.190674089454619e-13,3.0154866902522976e-13
1385,3.8730432318778945e-13,6.941040508182417e-13,-3.067997276304523e-13,1,0,1.1622773512298137e-12,4.279051815195066e-13
1386,5.737394681069344e-13,6.049940102804762e-13,-3.125454217354187e-14,1,0,7.720015538838427e-13,2.842208571804898e-13
1387,2.9373646740554464e-13,4.3523681609337345e-13,-1.4150034868782882e-13,1,0,6.658723303907311e-13,2.45148217078459e-13
1388,2.052284449145702e-13,3.127067493251745e-13,-1.0747830441060429e-13,1,0,5.611628360743409e-13,2.0659826587717173e-13
1389,2.0285771160158828e-13,2.897702919203432e-13,-8.691258031875491e-14,1,0,5.99601633729547e-13,2.2074993171720435e-13
1390,1.6237454341205167e-12,2.0586510721764454e-12,-4.349056380559287e-13,1,0,3.317571074327102e-12,1.221400254648091e-12
1391,2.4287363100491974e-12,3.603013390651734e-12,-1.1742770806025367e-12,1,0,5.762764754752224e-12,2.1216251833757766e-12
1392,5.00720433891847e-13,6.449739700329666e-13,-1.442535361411196e-13,1,0,1.3113391711464164e-12,4.827839288697421e-13
1393,2.2288812474155844e-13,3.8168128886410755e-13,-1.587931641225491e-13,1,0,7.605086022626066e-13,2.799896007213699e-13
1394,1.5083396822377693e-13,1.865557595255581e-13,-3.572179130178116e-14,1,0,3.321555020366428e-13,1.222866988170273e-13
1395,8.821770262926956e-14,1.4897012145275574e-13,-6.075241882348618e-14,1,0,3.33050964990673e-13,1.2261637334564376e-13
1396,9.149739983127945e-13,1.3713949184934091e-12,-4.564209201806146e-13,1,0,2.737612227483918e-12,1.0078820308182205e-12
1397,2.55404935900539e-13,3.1090738437775805e-13,-5.5502448477219074e-14,1,0,4.0278175934023977e-13,1.482885317010301e-13
1398,7.727705020817128e-13,1.1236145342442685e-12,-3.5084403216255566e-13,1,0,2.443893634132828e-12,8.997463023962862e-13
1399,6.477618670592633e-13,7.547894795135354e-13,-1.0702761245427215e-13,1,0,1.074039992557437e-12,3.9541962810185286e-13
1400,3.132689952542353e-13,3.8841601359182994e-13,-7.514701833759466e-14,1,0,6.950241054679122e-13,2.5588076348213617e-13
1401,2.3552922959479116e-13,4.92336045998425e-13,-2.568068164036338e-13,1,0,9.50410305079434e-13,3.499039998350721e-13
1402,5.265578280455123e-13,7.294227711642526e-13,-2.0286494311874026e-13,1,0,1.2203866203821607e-12,4.4929874764061427e-13
1403,4.672707305738842e-13,4.4771671931022827e-13,1.9554011263655887e-14,0,1,2.75628977692325e-13,1.0147583759304437e-13
1404,5.609021720912258e-12,6.903388661306083e-12,-1.2943669403938248e-12,1,0,9.616476964847372e-12,3.540411689918178e-12
1405,6.289777248521279e-13,5.870751513295874e-13,4.190257352254054e-14,0,1,1.3191106837602456e-12,4.856450966557125e-13
1406,3.661666613066383e-13,5.768223680969341e-13,-2.1065570679029573e-13,1,0,9.282057275026395e-13,3.417291405482516e-13
1407,1.593545420012062e-13,3.112890432554992e-13,-1.5193450125429302e-13,1,0,5.682815291825183e-13,2.092190909869557e-13
1408,3.5220037687122244e-12,4.80235888375987e-12,-1.2803551150476452e-12,1,0,9.664432391342241e-12,3.5580670072634054e-12
1409,2.7880603915270944e-12,4.026588913339092e-12,-1.2385285218119974e-12,1,0,7.433265622771496e-12,2.7366384385183016e-12
1410,2.318199443003016e-13,2.575713439919866e-13,-2.5751399691685003e-14,1,0,3.5585673608988646e-13,1.3101256863549906e-13
1411,4.927900652066725e-13,6.705370480063855e-13,-1.7774698279971298e-13,1,0,9.557692107414682e-13,3.5187693985462284e-13
1412,3.2709651088327195e-13,3.843266105170004e-13,-5.723009963372843e-14,1,0,5.750642148117071e-13,2.1171621125027046e-13
1413,1.408418701664409e-13,2.447324395664835e-13,-1.0389056940004262e-13,1,0,4.897352713759595e-13,1.803014228685585e-13
1414,2.1611230821834348e-13,3.105750563427636e-13,-9.44627481244201e-14,1,0,6.224282302028495e-13,2.2915379409742354e-13
1415,1.7321546874895564e-12,2.229056231307006e-12,-4.969015438174495e-13,1,0,2.528916112379762e-12,9.310482622503578e-13
1416,2.719132855046916e-11,2.9487253010599535e-11,-2.2959244601303734e-12,1,0,5.017547034762638e-11,1.8472650890262783e-11
1417,1.28176191144731e-13,1.952742549267982e-13,-6.70980637820672e-14,1,0,3.7966821094603047e-13,1.3977902481722227e-13
1418,7.260391917166111e-13,8.796563165478557e-13,-1.5361712483124462e-13,1,0,1.668283198669329e-12,6.14196795796799e-13
1419,1.4957464664794722e-12,2.1309169327077924e-12,-6.351704662283202e-13,1,0,4.419485089538727e-12,1.6270820105552381e-12
1420,1.5616732818597787e-11,1.4923010144718787e-11,6.937226738789998e-13,0,1,2.7535698968007415e-11,1.0137570221689669e-11
1421,4.120940808912691e-13,7.234421641564642e-13,-3.113480832651951e-13,1,0,1.2406135800717191e-12,4.56745525166125e-13
1422,2.771431373999316e-13,4.407393866576316e-13,-1.635962492577e-13,1,0,9.396218412960462e-13,3.459321083165267e-13
1423,2.1635424876775005e-13,4.5169327490848273e-13,-2.353390261407327e-13,1,0,8.997326552713483e-13,3.312464660569549e-13
1424,1.5498010739340604e-13,3.459101296631614e-13,-1.9093002226975535e-13,1,0,7.855900752559301e-13,2.89223620675926e-13
1425,7.355333111067112e-13,9.3461574853051e-13,-1.990824374237989e-13,1,0,1.0981840584605556e-12,4.043085313330491e-13
1426,5.3867732682573765e-12,5.880386701700395e-12,-4.936134334430187e-13,1,0,1.5646021399181666e-11,5.76025474452451e-12
1427,2.041126489566273e-12,2.374534393818339e-12,-3.334079042520657e-13,1,0,2.87754074060092e-12,1.0593982508854273e-12
1428,7.65832603908766e-13,8.726843987880499e-13,-1.0685179487928392e-13,1,0,1.371159301356761e-12,5.048073672935342e-13
1429,2.336282522079244e-13,3.1584867115601627e-13,-8.222041894809185e-14,1,0,4.959418911729652e-13,1.8258645816417892e-13
1430,1.1776564810722635e-11,1.4215432455236462e-11,-2.438867644513827e-12,1,0,1.699204446317726e-11,6.255807929759548e-12
1431,2.6318463732265447e-13,3.496109183090994e-13,-8.642628098644492e-14,1,0,7.27152370647811e-13,2.677091374319208e-13
1432,2.9099311022348135e-12,2.82687435912284e-12,8.305674311197373e-14,0,1,4.161574974490635e-12,1.5321295669938136e-12
1433,3.361623008862251e-13,5.421556505425295e-13,-2.0599334965630441e-13,1,0,1.2420037396667123e-12,4.572573277003541e-13
1434,7.178160031679133e-13,8.182576951706186e-13,-1.0044169200270525e-13,1,0,1.5314646759097715e-12,5.63825552861787e-13
1435,2.223779749123063e-13,2.526742033289796e-13,-3.0296228416673306e-14,1,0,4.878651044747975e-13,1.7961290036877247e-13
1436,3.514227540849996e-13,5.067233088381505e-13,-1.5530055475315087e-13,1,0,8.41802361749534e-13,3.099187917813604e-13
1437,2.822468911127682e-13,4.761722688533935e-13,-1.9392537774062534e-13,1,0,7.594404040672661e-13,2.79596331815121e-13
1438,6.00934807715461e-13,9.072736028985639e-13,-3.0633879518310293e-13,1,0,1.6412807954270143e-12,6.042555642580103e-13
1439,4.0232013526887894e-13,4.0739628631946755e-13,-5.0761510505886094e-15,1,0,6.239711830078287e-13,2.2972184913126897e-13
1440,9.231411502199647e-13,1.5753538900068005e-12,-6.522127397868358e-13,1,0,3.2220748567285405e-12,1.1862422725341824e-12
1441,5.778347617613058e-13,9.908996180967223e-13,-4.1306485633541653e-13,1,0,1.7340938801523961e-12,6.384257215141738e-13
1442,3.460841360793243e-13,5.787435894245295e-13,-2.3265945334520516e-13,1,0,1.4704554563839138e-12,5.413643381371324e-13
1443,2.760477205520918e-13,4.910866407680677e-13,-2.1503892021597588e-13,1,0,7.868521320868938e-13,2.896882607695921e-13
1444,7.532397056503332e-13,1.4080106807426046e-12,-6.547709750922714e-13,1,0,3.2786955161228528e-12,1.2070877906114651e-12
1445,9.254099608612982e-13,1.2134501148104313e-12,-2.8804015394913305e-13,1,0,1.5588561372563992e-12,5.739100204178409e-13
1446,1.4581670313768293e-13,2.7157188796335933e-13,-1.257551848256764e-13,1,0,5.273257995374268e-13,1.941407889710873e-13
1447,2.6990853541372352e-12,3.067641887405185e-12,-3.6855653326794993e-13,1,0,5.709718550551761e-12,2.102095640265174e-12
1448,1.1399314515742218e-12,1.2631244608684058e-12,-1.231930092941839e-13,1,0,8.64372151789697e-13,3.182281080506434e-13
1449,4.4149116014409085e-13,6.568710325491156e-13,-2.1537987240502478e-13,1,0,1.2170278641723172e-12,4.480621846256574e-13
1450,1.7476654114873364e-12,2.5639804085522894e-12,-8.16314997064953e-13,1,0,5.468863650338523e-12,2.0134222615001513e-12
1451,5.673513980491602e-13,9.213846859396582e-13,-3.5403328789049805e-13,1,0,1.849581904713955e-12,6.809439070927309e-13
1452,2.150799088459654e-12,2.3392577329594984e-12,-1.884586444998445e-13,1,0,3.49016238915006e-12,1.2849416441622753e-12
1453,7.491251533402642e-13,1.1751995087241584e-12,-4.2607435538389425e-13,1,0,2.1099885435121025e-12,7.768154733121894e-13
1454,1.0907025329560582e-12,1.2915836024797454e-12,-2.0088106952368717e-13,1,0,2.272667897502254e-12,8.367076655027846e-13
1455,8.520119949994189e-12,8.516144096916253e-12,3.975853077935199e-15,0,1,1.9306212886492577e-11,7.1077944699753294e-12
1456,3.956069800289192e-13,4.012913574735031e-13,-5.684377444583902e-15,1,0,3.6818807954113853e-13,1.3555248826165726e-13
1457,2.986828554486809e-12,4.576749857301646e-12,-1.5899213028148368e-12,1,0,7.501375924559717e-12,2.761713994726292e-12
1458,3.821766554817113e-13,3.9444279763135593e-13,-1.2266142149644624e-14,1,0,4.891173781730341e-13,1.8007393869459805e-13
1459,4.0242704397070126e-13,5.810765278215741e-13,-1.786494838508728e-13,1,0,8.546475806838313e-13,3.146479003146398e-13
1460,4.0673599545246867e-13,5.165983176513068e-13,-1.0986232219883816e-13,1,0,9.845409547375953e-13,3.6246957363886423e-13
1461,1.4436476328157651e-12,1.9582704601931966e-12,-5.146228273774315e-13,1,0,3.856242808203435e-12,1.4197181740499319e-12
1462,2.0310820369381054e-13,3.5034739141544956e-13,-1.4723918772163901e-13,1,0,6.703398443392114e-13,2.4679298144132177e-13
1463,2.13467166561783e-11,3.253326771246373e-11,-1.1186551056285429e-11,1,0,5.3229911726275176e-11,1.9597177055371694e-11
1464,1.717318037105938e-13,2.1785714911660606e-13,-4.612534540601227e-14,1,0,3.0974115109670387e-13,1.1403460916093277e-13
1465,1.6886431270708476e-13,1.9924198828211242e-13,-3.037767557502766e-14,1,0,3.359917993291061e-13,1.2369907383023506e-13
1466,6.845807831145778e-13,8.228727787557932e-13,-1.3829199564121534e-13,1,0,1.5816258443330056e-12,5.822929383413914e-13
1467,5.55365882977501e-13,7.774275731142498e-13,-2.220616901367488e-13,1,0,1.6046739468924847e-12,5.90778350621824e-13
1468,1.831463936958199e-13,3.660131187693085e-13,-1.828667250734886e-13,1,0,7.627187176878199e-13,2.808032790066813e-13
1469,2.758059136964911e-13,4.868137872590278e-13,-2.110078735625367e-13,1,0,1.1007337657100216e-12,4.0524723408093455e-13
1470,2.3807470811911495e-11,4.2318490999947484e-11,-1.851102018803599e-11,1,0,7.796998453099211e-11,2.87055067781411e-11
1471,1.3656129533941866e-12,1.624644246977068e-12,-2.5903129358288134e-13,1,0,2.636512801006744e-12,9.706611657704257e-13
1472,6.436647191869157e-13,6.901947043416499e-13,-4.652998515473425e-14,1,0,1.3178431670269244e-12,4.851784464389833e-13
1473,7.361674402562732e-13,8.503452879377989e-13,-1.1417784768152573e-13,1,0,1.2339406300911206e-12,4.5428880528795017e-13
1474,1.748004507786505e-13,2.6701130583868473e-13,-9.221085506003423e-14,1,0,5.279742567051069e-13,1.9437952560460267e-13
1475,2.9334371202226475e-12,2.7201841372041397e-12,2.1325298301850774e-13,0,1,4.512925014470663e-12,1.6614829459230848e-12
1476,7.625834051905431e-13,1.2938199981626614e-12,-5.312365929721183e-13,1,0,3.2118440039258614e-12,1.1824756716269226e-12
1477,3.405212800440534e-13,4.921653365084035e-13,-1.5164405646435006e-13,1,0,1.005608044717225e-12,3.7022565436459007e-13
1478,9.069888387278963e-13,1.0508578912635492e-12,-1.4386905253565293e-13,1,0,1.1542834030940717e-12,4.2496212165134105e-13
1479,2.2453731499872624e-13,3.80469538911962e-13,-1.5593222391323575e-13,1,0,7.854671009112526e-13,2.891783463193141e-13
1480,6.634593438098649e-13,9.921051313532309e-13,-3.28645787543366e-13,1,0,1.47626365125961e-12,5.435026889188591e-13
1481,9.090783445940182e-13,1.753141288714655e-12,-8.440629441206368e-13,1,0,3.6111088625164726e-12,1.3294694176624973e-12
1482,8.232405908213146e-13,1.2025864372314672e-12,-3.793458464101526e-13,1,0,2.296654855047284e-12,8.455387275651624e-13
1483,2.741325710089617e-12,3.956473335264939e-12,-1.2151476251753219e-12,1,0,6.470780715803521e-12,2.3822890412852465e-12
1484,4.757675223817042e-13,7.361974586909359e-13,-2.604299363092317e-13,1,0,1.1286069808327377e-12,4.155090645846417e-13
1485,8.688598378329252e-13,9.822845914178723e-13,-1.1342475358494711e-13,1,0,1.2995787770575531e-12,4.784542105266881e-13
1486,1.649496211192137e-13,2.9954241436425223e-13,-1.3459279324503853e-13,1,0,5.273963373237991e-13,1.9416675823242554e-13
1487,7.279150567729687e-13,1.130666398160534e-12,-4.0275134138756545e-13,1,0,2.0682907492707243e-12,7.614639720591189e-13
1488,9.384729704626232e-13,9.514900139007916e-13,-1.3017043438168448e-14,1,0,1.6618911837429133e-12,6.118435052465966e-13
1489,7.726357797919284e-13,1.3122417081209449e-12,-5.396059283290165e-13,1,0,2.634948670733636e-12,9.700853140189258e-13
1490,1.0297406792623473e-13,1.691245123350028e-13,-6.615044440876808e-14,1,0,3.2436946989344053e-13,1.1942018550673317e-13
1491,2.395373133115763e-13,3.8938178321207516e-13,-1.4984446990049888e-13,1,0,6.184527497486988e-13,2.276901772734696e-13
1492,1.3159954609707453e-13,1.9100037484032923e-13,-5.94008287432547e-14,1,0,3.5433112865882903e-13,1.30450899491707e-13
1493,2.599696095843428e-13,3.0476835730313267e-13,-4.479874771878986e-14,1,0,4.521930804810269e-13,1.664798526619825e-13
1494,1.1893619883781222e-13,1.2323689007644547e-13,-4.300691238633251e-15,1,0,2.1008257395192881e-13,7.734420863132737e-14
1495,1.8188224735550766e-12,1.871959848024189e-12,-5.3137374469112426e-14,1,0,2.5011330550040687e-12,9.208196243121467e-13
1496,4.248784515604184e-12,4.1268206092538e-12,1.2196390635038415e-13,0,1,9.177445398285689e-12,3.378777393264638e-12
1497,1.7491095998941633e-13,2.6087575323704926e-13,-8.596479324763294e-14,1,0,4.832430055223161e-13,1.7791122383763302e-13
1498,2.500031944998468e-13,2.7184514003084205e-13,-2.1841945530995233e-14,1,0,4.1743575743057355e-13,1.5368356216101101e-13
1499,2.2209163587440693e-11,3.518762389143838e-11,-1.297846030399769e-11,1,0,7.416064729131417e-11,2.7303057404685913e-11
1500,7.774426033761626e-13,1.0070236331292957e-12,-2.295810297531332e-13,1,0,2.0081039678644785e-12,7.393055469676691e-13
1501,1.1446250214855464e-12,1.286845708716465e-12,-1.4222068723091868e-13,1,0,1.5667886956435189e-12,5.768304789753124e-13
1502,6.19717812528704e-13,9.112038607175583e-13,-2.9148604818885427e-13,1,0,1.2657370451623943e-12,4.659950049728589e-13
1503,3.3784524386293227e-13,4.1494848536561573e-13,-7.710324150268346e-14,1,0,6.726972230199576e-13,2.4766087631273743e-13
1504,3.810244101166206e-13,5.125252723680814e-13,-1.315008622514608e-13,1,0,9.04812978292654e-13,3.3311684281540187e-13
1505,1.2630187209451684e-13,1.9438179276428036e-13,-6.807992066976352e-14,1,0,4.69948678259287e-13,1.7301677113695283e-13
1506,3.8273433723910853e-13,5.303302511610595e-13,-1.47595913921951e-13,1,0,8.311633779658872e-13,3.0600193296766373e-13
1507,2.3703220799023072e-12,2.9976719684649662e-12,-6.27349888562659e-13,1,0,6.177664204163116e-12,2.274374975862619e-12
1508,2.0457058290852541e-13,2.772606808366698e-13,-7.26900979281444e-14,1,0,5.07710337341002e-13,1.869191409686816e-13
1509,6.850165233721373e-13,9.910885593635225e-13,-3.060720359913852e-13,1,0,2.1920865781385e-12,8.070407671046151e-13
1510,1.8707684175909873e-12,2.6416247966622525e-12,-7.708563790712652e-13,1,0,5.369486734182458e-12,1.976835557559293e-12
1511,3.5969427428173086e-13,4.949198093673552e-13,-1.3522553508562435e-13,1,0,1.0492259057055302e-12,3.8628404929411743e-13
1512,2.5053477131473455e-13,3.287974248050646e-13,-7.826265349033007e-14,1,0,6.677822876830637e-13,2.458513888480932e-13
1513,1.9181017730400021e-13,2.3907202491910257e-13,-4.726184761510236e-14,1,0,4.4299854700645376e-13,1.630947841056165e-13
1514,2.3989132892894515e-13,3.457718659510351e-13,-1.0588053702208995e-13,1,0,7.200415227031739e-13,2.650912006053209e-13
1515,5.592942063337875e-13,9.298159900454325e-13,-3.70521783711645e-13,1,0,1.5840352868444637e-12,5.831800010843205e-13
1516,9.505188553958718e-13,1.4415320534006253e-12,-4.910131980047535e-13,1,0,2.4419758319061746e-12,8.990402424278574e-13
1517,2.384646971118402e-13,3.3899997259118766e-13,-1.0053527547934747e-13,1,0,5.330795964065989e-13,1.9625911252882016e-13
1518,1.4553452996135964e-12,1.8899940288682875e-12,-4.3464872925469117e-13,1,0,2.9316810609359752e-12,1.0793306048764803e-12
1519,1.7258025493978287e-13,2.937844516790253e-13,-1.2120419673924244e-13,1,0,5.137927824602021e-13,1.8915845999185603e-13
1520,7.414124715172623e-13,8.390579337114451e-13,-9.764546219418278e-14,1,0,1.4130908823632105e-12,5.202449397137309e-13
1521,1.2549434523190362e-13,1.941162970457335e-13,-6.862195181382988e-14,1,0,3.253857292557571e-13,1.1979433256074125e-13
1522,2.6717145539671714e-11,3.036273816077361e-11,-3.645592621101898e-12,1,0,4.673793884906356e-11,1.7207085886939664e-11
1523,4.4941069793669924e-13,7.455119663425944e-13,-2.9610126840589513e-13,1,0,1.3811192328229246e-12,5.084742255330422e-13
1524,3.3385770424545647e-12,4.380333617934703e-12,-1.0417565754801382e-12,1,0,7.096614462087482e-12,2.612696613558175e-12
1525,2.6681438188804464e-13,5.358427309003811e-13,-2.690283490123365e-13,1,0,1.0632026600852523e-12,3.91429745038408e-13
1526,2.3902608187329736e-13,2.9488992354819147e-13,-5.586384167489412e-14,1,0,5.766895145380202e-13,2.1231458320828527e-13
1527,2.5208517598632173e-13,3.4211914416212726e-13,-9.003396817580553e-14,1,0,5.343412913063241e-13,1.967236193735228e-13
1528,4.2102223621016725e-12,6.247462823245071e-12,-2.0372404611433985e-12,1,0,1.3445469145783303e-11,4.950097246026202e-12
1529,1.7481164710628774e-12,1.89595075969989e-12,-1.478342886370127e-13,1,0,4.214654368612852e-12,1.551671329338903e-12
1530,3.3249710435764945e-13,5.21648150244027e-13,-1.8915104588637756e-13,1,0,9.917786663052268e-13,3.6513421670263574e-13
1531,3.6143684032821434e-13,3.9091254913508286e-13,-2.9475708806868524e-14,1,0,5.122258353254667e-13,1.8858157118178765e-13
1532,1.5412012095178013e-13,2.0328341219657592e-13,-4.916329124479579e-14,1,0,3.185662261735958e-13,1.172836575474517e-13
1533,4.721512202403703e-13,7.160962020404368e-13,-2.4394498180006654e-13,1,0,1.3538942015166092e-12,4.984510310255725e-13
1534,2.3986672824783995e-13,3.075504576023495e-13,-6.768372935450957e-14,1,0,5.363369904671595e-13,1.974583579544407e-13
1535,9.917088033822395e-14,1.597880374830193e-13,-6.061715714479534e-14,1,0,3.5368178695086853e-13,1.3021183720496537e-13
1536,3.031802011795862e-13,4.77419635810148e-13,-1.7423943463056175e-13,1,0,8.772399300198395e-13,3.229655220366389e-13
1537,3.0716144632258997e-13,3.6250699389738084e-13,-5.5345547574790876e-14,1,0,6.611503485144129e-13,2.4340976755108944e-13
1538,1.134092455099795e-12,1.6145225541153776e-12,-4.804300990155826e-13,1,0,3.6163446887071895e-12,1.3313970446219082e-12
1539,7.004925975958085e-14,1.0289276773620608e-13,-3.284350797662523e-14,1,0,2.1945148876590482e-13,8.079347759443091e-14
1540,7.809422193181155e-14,1.460511350051878e-13,-6.795691307337625e-14,1,0,2.740381423963538e-13,1.0089015409386071e-13
1541,1.1151359163174796e-12,1.7111581274173183e-12,-5.960222110998387e-13,1,0,3.01012612034035e-12,1.1082110156908352e-12
1542,5.951615543878334e-13,9.342783177463855e-13,-3.391167633585521e-13,1,0,1.5604923772087412e-12,5.745124201403129e-13
1543,1.0331421212488364e-13,1.9970688721139188e-13,-9.639267508650824e-14,1,0,5.017980483430309e-13,1.8474246679173433e-13
1544,2.1844239380911748e-13,3.173997928591372e-13,-9.895739905001972e-14,1,0,6.574229172512148e-13,2.420374727631091e-13
1545,3.1336972202895283e-13,4.169902406775564e-13,-1.036205186486036e-13,1,0,6.941606036870841e-13,2.555628558107213e-13
1546,5.395072873885671e-13,9.23278075657124e-13,-3.8377078826855695e-13,1,0,1.6257064722996432e-12,5.985217060202931e-13
1547,6.32235178000993e-13,9.69675048350485e-13,-3.374398703494921e-13,1,0,1.912085570928899e-12,7.039553187915312e-13
1548,4.560580578285496e-13,4.77901641079224e-13,-2.1843583250674427e-14,1,0,6.089292164698206e-13,2.2418398382309089e-13
1549,1.435546164208354e-12,1.8346087304172382e-12,-3.990625662088842e-13,1,0,2.6261852104535954e-12,9.668589497970798e-13
1550,5.179492389161032e-13,6.743115330569145e-13,-1.563622941408113e-13,1,0,8.965069545479105e-13,3.300588888817396e-13
1551,3.330087928462548e-13,4.093246335167543e-13,-7.631584067049947e-14,1,0,7.307484279343038e-13,2.6903306544643735e-13
1552,2.0330074052991242e-13,4.1143873166289307e-13,-2.0813799113298064e-13,1,0,7.942617184487721e-13,2.9241618142795233e-13
1553,5.030737371576825e-13,6.427523443984487e-13,-1.3967860724076625e-13,1,0,8.859417577362853e-13,3.2616919555279e-13
1554,2.902717867887967e-12,2.35269022312071e-12,5.500276447672567e-13,0,1,6.060683990391888e-12,2.2313074244257757e-12
1555,2.2651651518469473e-13,4.567807345411207e-13,-2.30264219356426e-13,1,0,9.93098155901755e-13,3.656200013001916e-13
1556,1.7661149351142968e-13,3.255440055505596e-13,-1.4893251203912993e-13,1,0,6.378341926729859e-13,2.348256685087171e-13
1557,1.1493505161350337e-12,1.3374992324053656e-12,-1.8814871627033187e-13,1,0,1.2937019498122837e-12,4.762905919837603e-13
1558,8.712215886598198e-13,1.8072840218261193e-12,-9.360624331662995e-13,1,0,3.514728191921724e-12,1.2939858144569633e-12
1559,3.4418031772807923e-13,4.4658544086019774e-13,-1.0240512313211852e-13,1,0,5.856031924346008e-13,2.155962516967118e-13
1560,3.497000648351048e-13,4.724858768245692e-13,-1.2278581198946435e-13,1,0,6.975011323788138e-13,2.567927081645448e-13
1561,2.9115795725397564e-11,3.0813780911874536e-11,-1.6979851864769716e-12,1,0,6.115040362300328e-11,2.2513193201782067e-11
1562,2.0539266678462614e-12,3.198437022463291e-12,-1.1445103546170295e-12,1,0,4.564134215639468e-12,1.6803361761769658e-12
1563,2.0550466932056216e-12,2.7802829918222276e-12,-7.25236298616606e-13,1,0,5.160345015244112e-12,1.8998377350422138e-12
1564,1.0754479481444619e-12,1.398694237578145e-12,-3.2324628943368305e-13,1,0,1.706846894573422e-12,6.283944442999239e-13
1565,1.4465889717965086e-12,1.6465391410157887e-12,-1.9995016921928007e-13,1,0,3.3607160319704095e-12,1.2372845450134466e-12
1566,1.8420054507863573e-13,2.8545493908039115e-13,-1.0125439400175541e-13,1,0,6.053925904172468e-13,2.2288193607055411e-13
1567,5.375107135185861e-13,6.405900560830549e-13,-1.0307934256446876e-13,1,0,1.2459524590905893e-12,4.587110921568806e-13
1568,2.242821486700549e-12,2.365306545368476e-12,-1.2248505866792728e-13,1,0,2.1942729122983006e-12,8.078456900556833e-13
1569,6.316332729991201e-13,7.893083864324309e-13,-1.5767511343331085e-13,1,0,1.6153389783817877e-12,5.9470479918465e-13
1570,1.9018450850442354e-13,2.0194948060997212e-13,-1.1764972105548585e-14,1,0,2.494428468372256e-13,9.18351257053107e-14
1571,1.5248014458628344e-13,1.8514995723460024e-13,-3.26698126483168e-14,1,0,3.127964666639517e-13,1.1515945716818267e-13
1572,4.715932514302456e-13,6.265709825169992e-13,-1.5497773108675352e-13,1,0,1.0738431365852134e-12,3.9534715341202223e-13
1573,2.1006129060571245e-12,3.5607071234057794e-12,-1.460094217348655e-12,1,0,7.65336430488084e-12,2.8176701874554633e-12
1574,5.562935120036428e-13,6.922060727132989e-13,-1.3591256070965606e-13,1,0,1.442234004895308e-12,5.30974300587835e-13
1575,3.2958387230223137e-13,5.310252562767665e-13,-2.0144138397453517e-13,1,0,1.0521592198344198e-12,3.8736398113091023e-13
1576,3.881013986895594e-13,4.702405499567685e-13,-8.213915126720915e-14,1,0,1.0685126591952816e-12,3.93384679573303e-13
1577,3.7191349374410515e-13,5.249223872243486e-13,-1.5300889348024349e-13,1,0,6.65829269331317e-13,2.4513236367614883e-13
1578,3.23331524986854e-13,3.893178417266409e-13,-6.598631673978693e-14,1,0,7.798753639065727e-13,2.8711968688190435e-13
1579,4.3937290266276425e-13,7.180434752944851e-13,-2.7867057263172086e-13,1,0,1.6069243984862788e-12,5.916068791109358e-13
1580,2.4106619328167746e-13,2.6001164522783335e-13,-1.8945451946155885e-14,1,0,3.7658224830956966e-13,1.3864289375459772e-13
1581,1.7117992215971472e-12,2.0410006681488e-12,-3.2920144655165294e-13,1,0,3.4363479556464597e-12,1.2651292689900654e-12
1582,3.5922818239298507e-13,5.154898345418539e-13,-1.562616521488688e-13,1,0,9.811306972886335e-13,3.612140498766726e-13
1583,3.8240518124352263e-13,5.174222915160127e-13,-1.3501711027249007e-13,1,0,7.78466266499898e-13,2.8660091218415785e-13
1584,2.8429209484064056e-13,2.902613499682134e-13,-5.969255127572857e-15,1,0,3.2706657559385386e-13,1.2041315461440053e-13
1585,1.7267645514192856e-13,1.9561550691742132e-13,-2.2939051775492756e-14,1,0,2.1826660236368596e-13,8.035724864229228e-14
1586,1.5207960635508862e-12,1.821578346927789e-12,-3.0078228337690265e-13,1,0,4.159736043285661e-12,1.5314525442588927e-12
1587,1.600285039892143e-12,1.802024789631103e-12,-2.0173974973896006e-13,1,0,1.9329461621695627e-12,7.116353747368658e-13
1588,1.1296805044139034e-12,1.0850092971770487e-12,4.467120723685468e-14,0,1,1.5182114730969907e-12,5.589462405794672e-13
1589,4.150281388222319e-13,6.149611866987626e-13,-1.9993304787653072e-13,1,0,1.333817251056503e-12,4.910594810466457e-13
1590,8.44150423876466e-13,9.69617545167739e-13,-1.2546712129127294e-13,1,0,2.062041133619551e-12,7.591631073672166e-13
1591,4.060116771593406e-12,8.107398417206062e-12,-4.047281645612656e-12,1,0,1.5986091511833336e-11,5.885455294229449e-12
1592,5.695496921423008e-13,8.37345827897389e-13,-2.6779613575508817e-13,1,0,1.5129892608404343e-12,5.570236257395491e-13
1593,2.715487125573211e-13,3.3333109682008057e-13,-6.178238426275949e-14,1,0,6.578838255303795e-13,2.422071612119558e-13
1594,6.895623187380924e-13,7.871537105310724e-13,-9.759139179298002e-14,1,0,1.9742253617579066e-12,7.268327657676213e-13
1595,3.812613119835346e-13,5.166963388583136e-13,-1.35435026874779e-13,1,0,9.730145522004453e-13,3.582260018573895e-13
1596,6.9040665967566104e-12,9.051312168161757e-12,-2.1472455714051466e-12,1,0,1.3646188629658195e-11,5.02399433013535e-12
1597,2.220447972162301e-12,2.9734802716809747e-12,-7.530322995186736e-13,1,0,4.128001752485481e-12,1.5197692163071992e-12
1598,3.201066205355991e-13,5.922729926606236e-13,-2.721663721250245e-13,1,0,1.1330936393258655e-12,4.1716087722203544e-13
1599,1.489990776838343e-13,2.478194207263077e-13,-9.882034304247343e-14,1,0,4.2849744486465963e-13,1.5775604396957956e-13
1600,6.174700460800143e-13,6.132454531846687e-13,4.224592895345604e-15,0,1,9.208960919089928e-13,3.3903801786378114e-13
1601,2.1402093098103835e-13,4.49805760143674e-13,-2.3578482916263567e-13,1,0,9.012583387083729e-13,3.3180816318317917e-13
1602,2.3141518589592527e-13,3.661849651842886e-13,-1.347697792883633e-13,1,0,7.44349220655397e-13,2.740403467738852e-13
1603,2.2053369037010234e-13,3.3368502472413766e-13,-1.1315133435403532e-13,1,0,6.548840593692807e-13,2.411027643291267e-13
1604,3.508834469419724e-13,5.024953113668655e-13,-1.5161186442489312e-13,1,0,8.562711908678605e-13,3.152456502490929e-13
1605,2.5786368111609335e-13,3.1818345967900305e-13,-6.03197785629097e-14,1,0,3.4482294079982104e-13,1.2695035562631605e-13
1606,2.2049929177031548e-13,3.4785418131173483e-13,-1.2735488954141935e-13,1,0,7.396712957379029e-13,2.723181173001396e-13
1607,6.802232210943416e-13,7.999668525300198e-13,-1.1974363143567825e-13,1,0,1.3852443894160766e-12,5.099929472726695e-13
1608,3.475153675090399e-13,6.135850324652604e-13,-2.660696649562205e-13,1,0,1.3812505979352982e-12,5.085225890430049e-13
1609,1.9259666453436817e-13,2.8195140523885665e-13,-8.935474070448848e-14,1,0,4.4279510315124995e-13,1.6301988401425889e-13
1610,1.1099897679747297e-12,1.940232607119223e-12,-8.302428391444931e-13,1,0,3.586257624744393e-12,1.320320161335172e-12
1611,1.0014795210317254e-12,1.2144111525865745e-12,-2.129316315548491e-13,1,0,2.025768495503282e-12,7.458089369698408e-13
1612,2.38877547028624e-13,2.6736170666732363e-13,-2.848415963869964e-14,1,0,5.16281616119348e-13,1.9007475145839955e-13
1613,2.0169853195352903e-12,2.3454232694195716e-12,-3.2843794988428134e-13,1,0,1.998271055029492e-12,7.356854520332988e-13
1614,4.692857363315383e-13,7.301942576602027e-13,-2.6090852132866437e-13,1,0,1.4888903882599786e-12,5.481513609268139e-13
1615,4.917004656035471e-12,4.702371543676688e-12,2.146331123587836e-13,0,1,1.2142181863297677e-11,4.47027770846575e-12
1616,4.859427064098664e-13,5.955024778761391e-13,-1.0955977146627267e-13,1,0,1.0121523611980464e-12,3.726350164060029e-13
1617,1.2708354528384305e-13,1.6882976457055385e-13,-4.1746219286710806e-14,1,0,2.68909805503492e-13,9.900210050087686e-14
1618,9.322933915934899e-14,1.5483983536194373e-13,-6.161049620259474e-14,1,0,3.135386712324782e-13,1.154327079377033e-13
1619,3.760330407803434e-13,6.309654995164085e-13,-2.5493245873606514e-13,1,0,1.153777519010022e-12,4.2477587486559403e-13
1620,2.2708992857644566e-13,3.3302244350545754e-13,-1.0593251492901188e-13,1,0,6.624490739040132e-13,2.438879075776441e-13
1621,1.5139837222533034e-13,2.335992574827626e-13,-8.220088525743228e-14,1,0,4.2314195110650853e-13,1.5578436007994389e-13
1622,2.324656009743593e-13,4.402047211487341e-13,-2.077391201743748e-13,1,0,7.93780524824046e-13,2.922390247061797e-13
1623,4.765034855815182e-13,7.518335142036737e-13,-2.7533002862215556e-13,1,0,1.0368713514924802e-12,3.817355843708924e-13
1624,1.0020896446386742e-13,1.2529527782786084e-13,-2.508631336399342e-14,1,0,1.8375825990953106e-13,6.765262308440961e-14
1625,7.676732942394783e-13,9.311459630149127e-13,-1.6347266877543443e-13,1,0,1.6958086720525199e-12,6.243306013570484e-13
1626,2.9769947542407136e-13,4.904563198442975e-13,-1.927568444202261e-13,1,0,8.791391684811106e-13,3.2366474755080653e-13
1627,1.3537775543254093e-12,1.7209372375401315e-12,-3.671596832147222e-13,1,0,2.2693059246124338e-12,8.354699182317395e-13
1628,2.2445657217357027e-13,2.548798719260226e-13,-3.042329975245234e-14,1,0,3.3052991323682123e-13,1.2168822043342315e-13
1629,5.093360086892187e-12,5.130046670113552e-12,-3.668658322136503e-14,1,0,7.1731010065365964e-12,2.6408559755655886e-12
1630,1.6904643059315153e-13,2.5188676834038843e-13,-8.28403377472369e-14,1,0,4.1149105871396314e-13,1.514949559899294e-13
1631,3.908500608794248e-13,7.570140220781298e-13,-3.66163961198705e-13,1,0,1.3988081770540942e-12,5.149866047720578e-13
1632,6.4833685240382095e-12,1.2015523996619972e-11,-5.532155472581763e-12,1,0,2.6306862976878427e-11,9.685160745341038e-12
1633,3.8897183224859123e-13,5.997945923608497e-13,-2.1082276011225843e-13,1,0,1.0840562534334476e-12,3.991072246327162e-13
1634,4.1452068951016377e-13,1.067968310465428e-12,-6.534476209552644e-13,1,0,2.3224631414314335e-12,8.550403318580034e-13
1635,2.2048992143765098e-13,2.891863301102394e-13,-6.86964086725884e-14,1,0,4.872099905191757e-13,1.7937171296561115e-13
1636,7.074749169070126e-12,8.564928033857836e-12,-1.49017886478771e-12,1,0,1.8275411501628277e-11,6.72829361053399e-12
1637,5.515053743211521e-13,6.042458634106445e-13,-5.2740489089492387e-14,1,0,5.909559918306418e-13,2.1756694362732274e-13
1638,2.665203495698459e-13,3.776985134156586e-13,-1.111781638458127e-13,1,0,7.711215855010178e-13,2.838968871485644e-13
1639,1.8849208884884565e-13,2.5936797953591085e-13,-7.08758906870652e-14,1,0,3.8411661503525415e-13,1.4141675367536209e-13
1640,1.207587846361648e-12,1.4467462636531026e-12,-2.3915841729145466e-13,1,0,2.5831461013664762e-12,9.51013628741073e-13
1641,2.1932631024662435e-13,3.8396240152230095e-13,-1.646360912756766e-13,1,0,7.1494123947422e-13,2.6321347527704435e-13
1642,4.947998273636224e-13,7.338214199712226e-13,-2.390215926076002e-13,1,0,1.6980381505900737e-12,6.251514083849891e-13
1643,1.5473865992448579e-13,2.0102297954194344e-13,-4.6284319617457654e-14,1,0,2.8612840186226644e-13,1.0534131600104679e-13
1644,2.760141039068549e-13,3.695033604890237e-13,-9.348925658216877e-14,1,0,8.20372720956784e-13,3.020292339889653e-13
1645,1.4518417597609547e-13,2.694779791549339e-13,-1.2429380317883842e-13,1,0,6.018389635509939e-13,2.215736292816043e-13
1646,1.6386023682004745e-12,2.1046634103484164e-12,-4.660610421479419e-13,1,0,3.339742504154315e-12,1.229562910226574e-12
1647,1.0829810421610344e-12,1.2872544103752173e-12,-2.0427336821418288e-13,1,0,2.151898724227137e-12,7.922451669798898e-13
1648,1.7823458784866929e-13,2.623306349667502e-13,-8.409604711808092e-14,1,0,4.92609411057557e-13,1.813595689821906e-13
1649,3.335091506296054e-13,3.992933737547149e-13,-6.578422312510953e-14,1,0,5.804053876191635e-13,2.136826227245054e-13
1650,8.347118986437558e-13,1.3560814913810958e-12,-5.2136959273734e-13,1,0,2.6943755204202434e-12,9.919639618953328e-13
1651,7.596831045346401e-13,8.561200507820968e-13,-9.643694624745668e-14,1,0,9.926005931801026e-13,3.654368181154718e-13
1652,4.784890056569771e-13,7.478586633244985e-13,-2.693696576675214e-13,1,0,1.4115799559301948e-12,5.196886755407277e-13
1653,3.501385201879899e-13,3.9133870090796576e-13,-4.1200180719975864e-14,1,0,8.39859460415391e-13,3.0920349130064357e-13
1654,5.587543716812196e-13,8.484189682701353e-13,-2.896645965889157e-13,1,0,1.6974337732207726e-12,6.249289002137309e-13
1655,1.123574040512571e-12,1.3168314520079248e-12,-1.9325741149535385e-13,1,0,1.4834102427094603e-12,5.461337851097624e-13
1656,1.4657832549092511e-13,1.8662190998744811e-13,-4.0043584496523e-14,1,0,3.24814601469459e-13,1.195840655889138e-13
1657,2.928473393883435e-13,3.456618406048244e-13,-5.2814501216480896e-14,1,0,8.017570437736546e-13,2.9517566782790494e-13
1658,1.3422197218212416e-13,1.9363783483174456e-13,-5.94158626496204e-14,1,0,3.1140455584901624e-13,1.1464700990308395e-13
1659,5.812552770768971e-13,8.50328234706193e-13,-2.690729576292959e-13,1,0,1.6037619945024881e-12,5.904426053261201e-13
1660,3.2620997097409703e-13,4.844118087334145e-13,-1.5820183775931746e-13,1,0,8.807534779491194e-13,3.242590733244319e-13
1661,1.174798000385064e-12,1.6608868704224372e-12,-4.860888700373733e-13,1,0,3.592305302936658e-12,1.32254668053207e-12
1662,2.565699659488204e-13,2.9428751193169514e-13,-3.7717545982874766e-14,1,0,3.7665013652219087e-13,1.3866788754623787e-13
1663,3.3054454033315293e-12,4.199415042226066e-12,-8.939696388945367e-13,1,0,6.284607293128596e-12,2.3137472494835496e-12
1664,6.163067346838798e-13,8.546798619077013e-13,-2.3837312722382147e-13,1,0,1.6844592064485613e-12,6.201521708522532e-13
1665,2.818974204564879e-13,3.3198580344379385e-13,-5.008838298730594e-14,1,0,4.0315494549639893e-13,1.4842592428613286e-13
1666,4.0658844098607564e-13,4.843374531136582e-13,-7.774901212758251e-14,1,0,7.10565029715664e-13,2.616023255552323e-13
1667,2.6875826203824795e-13,4.880984681991883e-13,-2.1934020616094038e-13,1,0,1.0369603481188435e-12,3.8176834945705564e-13
1668,1.6977605009423975e-13,2.1033082411609617e-13,-4.055477402185642e-14,1,0,4.5266142352462006e-13,1.666522783010695e-13
1669,4.715672453571956e-13,6.214886541599398e-13,-1.4992140880274423e-13,1,0,1.0344087082358816e-12,3.8082893518890704e-13
1670,6.327797567280692e-12,8.17264276817768e-12,-1.8448452008969875e-12,1,0,1.0639365217754847e-11,3.916999242855875e-12
1671,5.487732486360341e-12,6.224055419848701e-12,-7.363229334883601e-13,1,0,1.2992069316732776e-11,4.783173115614908e-12
1672,1.5271323812725417e-13,1.8276952957283592e-13,-3.005629144558175e-14,1,0,3.3058363821633606e-13,1.217079998751262e-13
1673,2.1374182563701755e-13,2.8601264770564814e-13,-7.227082206863059e-14,1,0,4.158687569717954e-13,1.5310665371911018e-13
1674,1.5842357985984113e-13,2.2247258702436657e-13,-6.404900716452543e-14,1,0,3.836840661945041e-13,1.4125750606546816e-13
1675,1.940378466283622e-12,2.924538365660735e-12,-9.841598993771129e-13,1,0,5.106678622831346e-12,1.8800798628247234e-12
1676,1.381488600569152e-13,2.259572734643318e-13,-8.78084134074166e-14,1,0,4.236034521982492e-13,1.5595426677925605e-13
1677,3.5709492410882265e-12,4.075043900564123e-12,-5.040946594758967e-13,1,0,9.555181649466218e-12,3.517845145859898e-12
1678,7.864828951265302e-13,7.508518579278101e-13,3.5631037198720075e-14,0,1,6.274176805530258e-13,2.309907150832069e-13
1679,1.2485976456992379e-10,1.0785469199984114e-10,1.7005072570082642e-11,0,1,2.3800461129874746e-10,8.762401357344607e-11
1680,4.236296847303786e-12,3.5913698166654685e-12,6.449270306383172e-13,0,1,7.357795381616389e-12,2.708853239738831e-12
1681,7.698385562781292e-13,1.0023144427045283e-12,-2.32475886426399e-13,1,0,1.5558182549754305e-12,5.72791590666545e-13
1682,1.787646860609102e-12,2.3802879184231073e-12,-5.926410578140053e-13,1,0,4.08407754335487e-12,1.5035980359419898e-12
1683,2.7618111332376877e-13,4.1649482750391866e-13,-1.403137141801499e-13,1,0,7.891934556282198e-13,2.905502447649671e-13
1684,1.3118429018025697e-11,1.2417741696191876e-11,7.006873218338208e-13,0,1,1.496639486198582e-11,5.510042765037387e-12
1685,3.4984785395608795e-12,5.411940961843575e-12,-1.9134624222826955e-12,1,0,8.613215557531292e-12,3.1710499759048604e-12
1686,6.419394203365811e-13,7.426693091779543e-13,-1.0072988884137318e-13,1,0,1.525916638780068e-12,5.617829820136579e-13
1687,8.537154532899698e-13,8.512734909086903e-13,2.4419623812795485e-15,0,1,9.503737588007024e-13,3.498905449208746e-13
1688,6.476831038013792e-13,1.0579728788796764e-12,-4.1028977507829724e-13,1,0,2.3377794449395205e-12,8.60679197336971e-13
1689,2.6474642775626517e-13,4.4673317950028144e-13,-1.8198675174401627e-13,1,0,9.875416128679334e-13,3.6357429890997244e-13
1690,6.556330355103853e-13,8.474527388338471e-13,-1.9181970332346177e-13,1,0,1.463316132195491e-12,5.387359174683986e-13
1691,8.224976115676769e-13,1.170488153134258e-12,-3.4799054156658107e-13,1,0,1.816666775600314e-12,6.688258405372676e-13
1692,3.6041897011218164e-13,3.5639098236359106e-13,4.0279877485905775e-15,0,1,4.655387072977606e-13,1.713931918571957e-13
1693,1.1430355429741535e-12,1.5496613688183527e-12,-4.066258258441993e-13,1,0,2.986022056410077e-12,1.0993368396256064e-12
1694,5.400484508169617e-12,7.268819929596727e-12,-1.86833542142711e-12,1,0,1.0517096499337561e-11,3.871984670307295e-12
1695,3.7901245075129963e-13,4.295254423068646e-13,-5.0512991555564975e-14,1,0,8.50799700503743e-13,3.132312609340446e-13
1696,1.7311699468437215e-13,2.810157722578179e-13,-1.0789877757344575e-13,1,0,4.441215299822163e-13,1.6350822263092076e-13
1697,3.680518618172963e-13,5.951749108939807e-13,-2.2712304907668437e-13,1,0,1.0553742075803809e-12,3.885476142057204e-13
1698,1.2080373252797804e-12,1.277384624947124e-12,-6.93472996673437e-14,1,0,1.6650009549001897e-12,6.129884016778404e-13
1699,3.52279826282315e-13,4.939293008120157e-13,-1.4164947452970067e-13,1,0,8.289517399998112e-13,3.051876941421994e-13
1700,3.905426027474066e-11,5.057776933787984e-11,-1.152350906313918e-11,1,0,1.0003873868414677e-10,3.6830361178704745e-11
1701,8.055451642529161e-13,9.442590205052776e-13,-1.387138562523614e-13,1,0,1.6742326081572011e-12,6.16387136290097e-13
1702,2.0423198122405648e-13,1.9841365027842523e-13,5.81833094563125e-15,0,1,2.9131249011569506e-13,1.0724989507019008e-13
1703,2.685497166649449e-13,3.934576733603314e-13,-1.2490795669538653e-13,1,0,4.720089530833778e-13,1.737752839580534e-13
1704,1.3493410169941291e-13,2.1702381821944944e-13,-8.208971652003653e-14,1,0,3.2901277382114087e-13,1.2112966888256468e-13
1705,1.3387299860501617e-12,2.23902626365411e-12,-9.002962776039482e-13,1,0,4.9482992887570656e-12,1.8217707702279485e-12
1706,9.39841801793192e-13,1.0363613837409377e-12,-9.651958194774567e-14,1,0,1.488272658840582e-12,5.479239370515597e-13
1707,1.0393709459988527e-11,1.0984054367685478e-11,-5.903449076969512e-13,1,0,2.838294344752522e-11,1.044949258894208e-11
1708,6.97748237885085e-13,8.766408347268487e-13,-1.7889259684176368e-13,1,0,1.9787892778441643e-12,7.28513021637069e-13
1709,4.23824250923982e-13,5.031457476416591e-13,-7.932149671767712e-14,1,0,6.002552981933552e-13,2.20990585474023e-13
1710,2.938024158936368e-13,3.9915204345521895e-13,-1.0534962756158215e-13,1,0,6.18667583460179e-13,2.27769270665602e-13
1711,4.3558437421949673e-13,7.724194042720518e-13,-3.368350300525551e-13,1,0,1.3317061103474268e-12,4.902822413909175e-13
1712,1.3267180547629012e-12,1.8007883484308674e-12,-4.740702936679661e-13,1,0,2.7677325692892083e-12,1.0189711657084295e-12
1713,4.773245889151513e-13,5.814768039693408e-13,-1.0415221505418952e-13,1,0,9.184533151716941e-13,3.381386827592302e-13
1714,3.807487350183567e-12,5.597258575800607e-12,-1.7897712256170402e-12,1,0,1.0151619702674945e-11,3.737430370637249e-12
1715,1.4219209571410949e-13,1.9283416854709529e-13,-5.06420728329858e-14,1,0,4.818284884809992e-13,1.7739045384182548e-13
1716,3.506071132754353e-13,4.901225480829307e-13,-1.3951543480749539e-13,1,0,1.1462431583063744e-12,4.2200201716190877e-13
1717,6.4818731671440455e-12,7.885760025787617e-12,-1.4038868586435715e-12,1,0,1.5930010198503368e-11,5.864808342333741e-12
1718,1.074840102385152e-12,1.5624786329221927e-12,-4.876385305370407e-13,1,0,2.86009550082616e-12,1.0529755941206101e-12
1719,2.200676751271853e-13,3.913894539273615e-13,-1.7132177880017622e-13,1,0,6.885363226500108e-13,2.534922149300924e-13
1720,6.502079487969042e-13,9.352620613312404e-13,-2.850541125343362e-13,1,0,1.8818831767541046e-12,6.928359754196463e-13
1721,1.6027757105070863e-12,1.7803751236117162e-12,-1.7759941310462988e-13,1,0,3.3847778945804512e-12,1.246143184198795e-12
1722,2.402155791421388e-12,3.3837087363411062e-12,-9.81552944919718e-13,1,0,7.346977943814913e-12,2.7048706811170713e-12
1723,4.436393364395402e-13,6.226260525721428e-13,-1.7898671613260263e-13,1,0,1.0483741836473462e-12,3.859704784570657e-13
1724,1.141036867540854e-13,1.597922922173551e-13,-4.5688605463269684e-14,1,0,3.281446117315438e-13,1.208100454672548e-13
1725,4.835878130864121e-13,7.448000848832993e-13,-2.612122717968872e-13,1,0,1.48570114166555e-12,5.469772047398629e-13
1726,2.521566542390707e-13,3.9995362436451764e-13,-1.4779697012544692e-13,1,0,6.787878672568883e-13,2.4990321393122144e-13
1727,9.894069665925898e-13,1.6315372334316296e-12,-6.421302668390399e-13,1,0,3.0219833123945485e-12,1.1125763712687401e-12
1728,2.220715587372088e-13,4.01727471648034e-13,-1.7965591291082518e-13,1,0,7.197133215855489e-13,2.6497036975658787e-13
1729,3.0393336199708313e-12,3.83732810014036e-12,-7.979944801695287e-13,1,0,5.795263594206196e-12,2.1335899883175666e-12
1730,1.673244532899106e-13,2.290130709522073e-13,-6.168861766229667e-14,1,0,4.671817024509773e-13,1.719980785811166e-13
1731,4.647631351628314e-13,7.439869210439802e-13,-2.7922378588114884e-13,1,0,1.5601063178038966e-12,5.743702881272159e-13
1732,1.3769835359296279e-11,1.4674731376986514e-11,-9.048960176902353e-13,1,0,1.685503421479387e-11,6.205366100928854e-12
1733,2.7781456244548485e-13,2.818220354697222e-13,-4.007473024237361e-15,1,0,7.395614566962535e-13,2.722776788497085e-13
1734,1.0188345583609128e-12,1.6663783925022646e-12,-6.475438341413517e-13,1,0,3.909658511160208e-12,1.4393837521888546e-12
1735,5.893417243317455e-13,9.589857766526424e-13,-3.696440523208969e-13,1,0,1.7092990472354742e-12,6.292972312542242e-13
1736,2.7152318900019913e-12,2.219638310940111e-12,4.955935790618805e-13,0,1,5.586639981252263e-12,2.0567829122131845e-12
1737,4.1551886431309875e-13,4.9382858447526e-13,-7.830972016216127e-14,1,0,7.88848796847748e-13,2.904233548467699e-13
1738,1.0017123916250497e-12,1.0556807766600916e-12,-5.396838503504186e-14,1,0,1.498240929459735e-12,5.515938654418969e-13
1739,2.3614848923182544e-13,4.01983869920485e-13,-1.6583538068865954e-13,1,0,8.284610198313024e-13,3.050070301186263e-13
1740,2.5165705485587127e-13,2.86505009796636e-13,-3.484795494076472e-14,1,0,5.266059167264751e-13,1.938757562019577e-13
1741,4.5365658367810907e-13,6.316168634448107e-13,-1.7796027976670163e-13,1,0,1.05953886117737e-12,3.9008087720142446e-13
1742,2.528706821401761e-13,2.8066775384661246e-13,-2.7797071706436372e-14,1,0,3.6555607518064644e-13,1.3458348692781486e-13
1743,3.0158794783730383e-13,4.851378603170956e-13,-1.8354991247979174e-13,1,0,8.191805481246689e-13,3.0159032245757473e-13
1744,2.592132227436683e-13,3.365553065837548e-13,-7.734208384008651e-14,1,0,6.40214133352407e-13,2.3570186982792525e-13
1745,1.5934751101480937e-12,1.5028309213572586e-12,9.064418879083504e-14,0,1,1.3636982061451317e-12,5.020604830860011e-13
1746,5.235784941428342e-13,6.179024602261303e-13,-9.432396608329614e-14,1,0,8.952217650036367e-13,3.295857322254152e-13
1747,1.3597695891551539e-13,1.9499979131139833e-13,-5.902283239588295e-14,1,0,3.1073088026162735e-13,1.143989888311755e-13
1748,5.093329859695161e-13,7.551977550644399e-13,-2.4586476909492387e-13,1,0,1.5043882635628023e-12,5.53857074057681e-13
1749,2.892644729703117e-13,3.6043175951991667e-13,-7.116728654960496e-14,1,0,7.641713259864897e-13,2.8133807271754675e-13
1750,5.248658227751934e-13,5.619310971406045e-13,-3.706527436541107e-14,1,0,7.78134479474774e-13,2.8647876114416616e-13
1751,3.784437796212193e-13,5.121221051224331e-13,-1.3367832550121383e-13,1,0,8.791007457531671e-13,3.236506018012075e-13
1752,1.0605664142519974e-11,1.3619266197327643e-11,-3.0136020548076686e-12,1,0,2.0335559494091665e-11,7.486759737176932e-12
1753,3.1095190289793e-13,5.252948044415776e-13,-2.1434290154364765e-13,1,0,1.2291697087124885e-12,4.525323381449066e-13
1754,6.940347276768323e-14,1.1715603482174855e-13,-4.7752562054065325e-14,1,0,2.4432457236459977e-13,8.995077670293341e-14
1755,6.719524686999961e-13,6.526030695583935e-13,1.934939914160258e-14,0,1,7.938717910830345e-13,2.9227262538253956e-13
1756,1.4241947287231298e-13,2.508071825991502e-13,-1.0838770972683724e-13,1,0,4.4748846199163907e-13,1.6474779565635348e-13
1757,1.3055073280684454e-13,1.4386499973604907e-13,-1.3314266929204534e-14,1,0,2.863238009409899e-13,1.0541325431952252e-13
1758,3.879774943377792e-13,6.881446817802473e-13,-3.001671874424681e-13,1,0,1.2869026380718851e-12,4.73787350634865e-13
1759,1.1857167509584762e-12,1.4284707883755359e-12,-2.4275403741705965e-13,1,0,2.088735261124319e-12,7.689908438049492e-13
1760,7.946417537310662e-12,1.0730389029770275e-11,-2.783971492459613e-12,1,0,2.4607579665159296e-11,9.059550917200742e-12
1761,6.419492618132159e-13,8.187285471504168e-13,-1.7677928533720085e-13,1,0,1.6880413026463688e-12,6.21470958938523e-13
1762,1.921454879323741e-12,1.9078777366115067e-12,1.3577142712234265e-14,0,1,2.550893221610469e-12,9.391393765654472e-13
1763,1.112167294257176e-13,1.6578442181316421e-13,-5.456769238744661e-14,1,0,3.0672769304558137e-13,1.1292517145830301e-13
1764,1.1274600617385384e-12,1.339884731527698e-12,-2.1242466978915967e-13,1,0,2.0314369130691345e-12,7.478958271986472e-13
1765,3.421072532503321e-13,4.208196807201565e-13,-7.87124274698244e-14,1,0,6.642582037026648e-13,2.4455395859727833e-13
1766,8.284196392440871e-11,8.981478665481822e-11,-6.972822730409506e-12,1,0,1.3273963995257355e-10,4.886955739836062e-11
1767,5.601244362846056e-13,7.462519716586634e-13,-1.861275353740578e-13,1,0,1.0378737818799353e-12,3.8210464013581007e-13
1768,9.898918418749158e-13,1.1795991037113135e-12,-1.8970726183639763e-13,1,0,2.9156794406859245e-12,1.0734394325065988e-12
1769,6.522288561832686e-13,1.0046676500771807e-12,-3.5243879389391213e-13,1,0,1.4852831620961056e-12,5.468233209673319e-13
1770,3.2998283593966826e-13,4.730803102378611e-13,-1.430974742981928e-13,1,0,9.716121474425092e-13,3.5770969113183545e-13
1771,1.9104568903959655e-12,2.2959976897947482e-12,-3.855407993987827e-13,1,0,2.9976743759958493e-12,1.1036267691524938e-12
1772,4.14865558727928e-13,5.620063941641499e-13,-1.4714083543622188e-13,1,0,7.922530122928772e-13,2.9167665417884255e-13
1773,3.4541371884209853e-13,4.0723044735585414e-13,-6.181672851375561e-14,1,0,5.202340082710086e-13,1.915298680700268e-13
1774,1.1116529071697838e-11,1.3682041696452247e-11,-2.565512624754409e-12,1,0,3.747224440279756e-11,1.3795818636710179e-11
1775,8.313171050280619e-13,1.0618791301533393e-12,-2.305620251252774e-13,1,0,1.4070753746411973e-12,5.180302644290441e-13
1776,2.0294354808849422e-13,2.5924449076458166e-13,-5.630094267608744e-14,1,0,4.280552795137707e-13,1.575932559357823e-13
1777,1.428035732187098e-13,2.186714765711358e-13,-7.586790335242601e-14,1,0,3.9351346065950076e-13,1.4487630567325607e-13
1778,8.431182674971442e-13,1.0978871296409744e-12,-2.5476886214383017e-13,1,0,1.537734997776351e-12,5.661340407744745e-13
1779,2.6049264366669356e-13,3.2732785291308425e-13,-6.683520924639069e-14,1,0,3.557452829558521e-13,1.3097153593921583e-13
1780,5.806648400553928e-12,8.396859271386701e-12,-2.590210870832773e-12,1,0,1.4727862908843237e-11,5.422224604768085e-12
1781,5.546422602141297e-13,9.768139305396334e-13,-4.2217167032550367e-13,1,0,1.7465735651569016e-12,6.430202547135937e-13
1782,3.1428285057157093e-13,4.932433028378874e-13,-1.7896045226631643e-13,1,0,9.548210075709656e-13,3.5152784843564095e-13
1783,2.2585622593307214e-12,3.1096525765774836e-12,-8.510903172467622e-13,1,0,6.3207437823599624e-12,2.3270512951725273e-12
1784,3.714782275205581e-13,3.8916196489105513e-13,-1.7683737370497027e-14,1,0,7.388339819180665e-13,2.720098510143974e-13
1785,5.903562933878129e-13,9.529483323759246e-13,-3.625920389881117e-13,1,0,1.7950626681987673e-12,6.608720509452704e-13
1786,1.0768884982850825e-13,1.7520658914615774e-13,-6.751773931764949e-14,1,0,2.956349355373174e-13,1.0884125086043272e-13
1787,4.047484597398496e-12,6.120595758330153e-12,-2.0731111609316564e-12,1,0,9.338783497614035e-12,3.4381757878096747e-12
1788,1.8301525002637345e-13,2.0698880782445282e-13,-2.3973557798079377e-14,1,0,3.4392346968588524e-13,1.266192054495764e-13
1789,4.511725467426065e-13,6.691061527271567e-13,-2.1793360598455017e-13,1,0,1.2942533595593172e-12,4.764935995427103e-13
1790,5.914885615612823e-13,8.024265055044979e-13,-2.1093794394321557e-13,1,0,1.2376928159019783e-12,4.556702137347302e-13
1791,4.675610877359278e-13,7.009847480085621e-13,-2.3342366027263427e-13,1,0,1.3779892033381486e-12,5.073218707758689e-13
1792,3.9797173148464637e-13,6.069994367251745e-13,-2.0902770524052815e-13,1,0,1.28620731635503e-12,4.735313603024796e-13
1793,7.252961331191119e-13,7.972025946595268e-13,-7.190646154041498e-14,1,0,1.0133524794363356e-12,3.7307685312600496e-13
1794,1.3262726153847072e-13,2.2432232227271085e-13,-9.169506073424013e-14,1,0,4.3145636121303226e-13,1.588454015448706e-13
1795,9.667047593104032e-12,1.7445509746270888e-11,-7.778462153166857e-12,1,0,3.209452394646084e-11,1.1815951743842429e-11
1796,1.0499096982315954e-12,1.2123284474411665e-12,-1.6241874920957108e-13,1,0,2.7317084946398618e-12,1.0057085066833781e-12
1797,1.185877852532712e-12,1.3421012238687917e-12,-1.5622337133607966e-13,1,0,1.539044450960833e-12,5.666161303566247e-13
1798,1.9215250869420652e-12,2.119059342750986e-12,-1.9753425580892058e-13,1,0,2.756051023900862e-12,1.0146704763811019e-12
1799,4.621704047904733e-13,5.473136258837739e-13,-8.514322109330061e-14,1,0,1.009997435586859e-12,3.718416568573199e-13
1800,3.721712416344324e-13,5.424428764283422e-13,-1.702716347939098e-13,1,0,1.1634726424606e-12,4.2834524112364245e-13
1801,7.06167205842747e-12,1.0736122912934251e-11,-3.674450854506781e-12,1,0,2.790865512253754e-11,1.0274878129164736e-11
1802,2.813324828631818e-13,2.6555200180315873e-13,1.5780481060023093e-14,0,1,6.531024317858037e-13,2.4044683855228763e-13
1803,5.74491330008079e-13,7.029566816794751e-13,-1.2846535167139618e-13,1,0,1.346442940127817e-12,4.957077672480011e-13
1804,1.1180194709064213e-13,1.7726031425254202e-13,-6.545836716189988e-14,1,0,3.4040996337230496e-13,1.2532566948306058e-13
1805,1.090896311227745e-12,1.621928200408961e-12,-5.31031889181216e-13,1,0,3.124119656743208e-12,1.1501789890277524e-12
1806,1.3144812230918108e-13,2.0242366187166454e-13,-7.097553956248347e-14,1,0,3.0846822741558255e-13,1.1356596831694285e-13
1807,1.5865375624872238e-12,1.9182804805737236e-12,-3.317429180864998e-13,1,0,2.7994441940842305e-12,1.0306461489212008e-12
1808,2.874783607111627e-13,3.2710393541042524e-13,-3.962557469926252e-14,1,0,6.053103425268092e-13,2.2285165560569772e-13
1809,2.023051837625054e-12,3.117252424838417e-12,-1.0942005872133632e-12,1,0,4.732778829829628e-12,1.7424245444747483e-12
1810,2.68569095501767e-13,3.442115466048493e-13,-7.564245110308227e-14,1,0,5.630806193419921e-13,2.0730431886563533e-13
1811,2.4433556540959913e-12,3.2432775805213002e-12,-7.999219264253089e-13,1,0,5.6472136604256425e-12,2.0790837779700225e-12
1812,1.0654531499154398e-12,1.5584428427557537e-12,-4.929896928403139e-13,1,0,2.5369523448601183e-12,9.340068895647432e-13
1813,3.2615739918606676e-13,4.1164643778366866e-13,-8.54890385976019e-14,1,0,7.120902252500509e-13,2.621638430547379e-13
1814,6.317826697610113e-14,9.740444781863948e-14,-3.422618084253835e-14,1,0,1.6858950079604576e-13,6.206807769598434e-14
1815,1.8172560384503105e-13,3.3645133666033293e-13,-1.5472573281530188e-13,1,0,6.330283717271317e-13,2.3305635270641736e-13
1816,2.6104097534486517e-13,4.141057582205324e-13,-1.5306478287566723e-13,1,0,7.549793259116006e-13,2.7795393686011914e-13
1817,6.189636028034893e-13,8.959608015962181e-13,-2.769971987927288e-13,1,0,1.6814484703111778e-12,6.190437352520832e-13
1818,3.31639363324797e-13,4.762897432546745e-13,-1.4465037992987746e-13,1,0,1.0799873516020223e-12,3.976092137019183e-13
1819,7.158991973987012e-13,7.769187182015795e-13,-6.101952080287831e-14,1,0,9.930285747166834e-13,3.655943842221363e-13
1820,5.022408664041576e-13,8.320678371344487e-13,-3.2982697073029117e-13,1,0,1.5881408645341436e-12,5.846915146354415e-13
1821,1.3551891733394112e-12,2.1047753973309903e-12,-7.495862239915791e-13,1,0,3.361250302382287e-12,1.2374812425377793e-12
1822,4.217795224258534e-12,4.070734516333497e-12,1.470607079250369e-13,0,1,4.9763668344165465e-12,1.832104145654665e-12
1823,1.1017205697256052e-12,2.029544132783721e-12,-9.278235630581157e-13,1,0,3.5691486782431587e-12,1.314021314635224e-12
1824,7.730138344215425e-13,1.1430092939089142e-12,-3.699954594873717e-13,1,0,2.453233442575226e-12,9.031848555287832e-13
1825,1.3577032075364722e-12,1.935968669524658e-12,-5.782654619881858e-13,1,0,3.2890544988344163e-12,1.2109015639529647e-12
1826,1.1678879915789522e-12,1.735682192004597e-12,-5.677942004256448e-13,1,0,3.344182919894984e-12,1.231197698086393e-12
1827,2.595520510045426e-13,3.7747993024439494e-13,-1.1792787923985233e-13,1,0,7.492157499635538e-13,2.758320130270161e-13
1828,1.0054139956377134e-13,1.8896190795176563e-13,-8.84205083879943e-14,1,0,4.3076508980604367e-13,1.5859090237857979e-13
1829,3.0357819187262734e-13,4.584174653254003e-13,-1.5483927345277296e-13,1,0,9.200604616992897e-13,3.387303714176142e-13
1830,1.368071501559162e-12,1.8170577557849886e-12,-4.489862542258266e-13,1,0,3.1314436162670923e-12,1.1528753852245752e-12
1831,3.1777055272341405e-13,4.850050940124853e-13,-1.6723454128907127e-13,1,0,1.0187146814042679e-12,3.750510067168019e-13
1832,3.0954706113482115e-13,4.771485333959581e-13,-1.67601472261137e-13,1,0,7.974660157549612e-13,2.935958786998612e-13
1833,2.1216393921136906e-12,1.8026076317772226e-12,3.19031760336468e-13,0,1,3.194924030531776e-12,1.176246397453387e-12
1834,3.134269363478433e-13,3.922661333512466e-13,-7.883919700340332e-14,1,0,7.794917307928193e-13,2.8697844813454007e-13
1835,1.271792628234626e-13,1.7449276767611139e-13,-4.731350485264878e-14,1,0,3.377079414753635e-13,1.2433089042360714e-13
1836,2.9690985591005115e-13,3.81211539171715e-13,-8.430168326166383e-14,1,0,7.932456107597619e-13,2.92042090214139e-13
1837,2.6175807910947083e-13,2.7000244660074415e-13,-8.244367491273315e-15,1,0,4.231859817321767e-13,1.5580057043872704e-13
1838,9.153349922553518e-13,1.1440083062454807e-12,-2.286733139901289e-13,1,0,2.3462038428075103e-12,8.63780732005164e-13
1839,1.5625374738874182e-13,2.496954081555683e-13,-9.34416607668265e-14,1,0,4.771636127208969e-13,1.7567302855879782e-13
1840,6.511298135880237e-13,1.215292113215217e-12,-5.641622996271933e-13,1,0,2.188389239149321e-12,8.05679551118061e-13
1841,2.2996839019302074e-13,3.321259590651413e-13,-1.0215756887212057e-13,1,0,6.980875757772813e-13,2.570086137473273e-13
1842,8.35914695412182e-14,1.750550668565105e-13,-9.146359731529229e-14,1,0,3.8042379279691964e-13,1.4005720058027526e-13
1843,2.308091519938366e-13,2.964330091062001e-13,-6.562385711236349e-14,1,0,6.386813221743355e-13,2.3513754854549316e-13
1844,1.3302457288541605e-12,1.6058200259508727e-12,-2.7557429709671224e-13,1,0,3.5477300125329704e-12,1.306135797440102e-12
1845,4.5717683718631436e-12,4.039961393424649e-12,5.318069784384943e-13,0,1,1.1333333804922078e-11,4.172491405674347e-12
1846,2.3348389863334396e-13,2.7719998749640705e-13,-4.371608886306309e-14,1,0,4.880511837468892e-13,1.7968140749800214e-13
1847,3.579584887578595e-12,4.1421125175608096e-12,-5.625276299822145e-13,1,0,5.346664069699701e-12,1.9684331427846103e-12
1848,4.936147059987413e-13,7.637843289179362e-13,-2.701696229191949e-13,1,0,1.5466788521567393e-12,5.694268190670864e-13
1849,3.1722201681187633e-13,6.269963255414252e-13,-3.0977430872954887e-13,1,0,1.2196545212905836e-12,4.490292173135025e-13
1850,2.9382833179573525e-12,3.300137142348212e-12,-3.6185382439085933e-13,1,0,6.672740099422166e-12,2.4566426081128738e-12
1851,1.1209095809645317e-12,1.667816786483746e-12,-5.469072055192143e-13,1,0,3.641465078853622e-12,1.3406453923541221e-12
1852,5.081751399091029e-12,5.488677009659493e-12,-4.0692561056846345e-13,1,0,9.253136837820701e-12,3.4066440286588763e-12
1853,3.4111057263919324e-11,3.688118426930581e-11,-2.7701270053864866e-12,1,0,6.509390727934184e-11,2.3965037416162476e-11
1854,1.1346780520487589e-13,2.0980734115346584e-13,-9.633953594858995e-14,1,0,3.659019165533948e-13,1.347108122303567e-13
1855,1.3422833508180161e-12,1.6245139096731124e-12,-2.822305588550963e-13,1,0,2.0637543135773765e-12,7.597938333983598e-13
1856,2.834033575588367e-13,2.7755876084402326e-13,5.844596714813457e-15,0,1,3.193010853958324e-13,1.1755420404700252e-13
1857,4.3583350249436654e-13,6.388774481498391e-13,-2.030439456554726e-13,1,0,1.7388436015621315e-12,6.401743836556578e-13
1858,9.563839533874719e-14,1.4606039144493322e-13,-5.042199610618604e-14,1,0,2.790074958935671e-13,1.0271967620233997e-13
1859,2.194714413880068e-12,2.7412856682041323e-12,-5.465712543240645e-13,1,0,4.025000073193055e-12,1.4818480159776877e-12
1860,1.4132700560682952e-12,2.6781542158868885e-12,-1.2648841598185932e-12,1,0,4.9970664553842505e-12,1.839724938624775e-12
1861,8.62152461872656e-13,1.3123598552182558e-12,-4.5020739334559973e-13,1,0,2.277282285031595e-12,8.384065029887382e-13
1862,8.447962238099298e-13,8.490859979246378e-13,-4.289774114707977e-15,1,0,1.3861320280126377e-12,5.103197411780857e-13
1863,2.593576097843472e-13,5.305705553501265e-13,-2.712129455657793e-13,1,0,9.527088325578073e-13,3.507502279894969e-13
1864,6.584313671522062e-13,8.378241473640696e-13,-1.7939278021186339e-13,1,0,1.4110406778458363e-12,5.194901343867315e-13
1865,3.892857440599985e-12,4.23165213502718e-12,-3.3879469442719566e-13,1,0,1.0309209387658782e-11,3.7954487452422934e-12
1866,2.768482182854721e-13,3.866320113336632e-13,-1.097837930481911e-13,1,0,7.692073645661341e-13,2.8319214567206296e-13
1867,1.3359242950956169e-13,2.9023584901870536e-13,-1.5664341950914368e-13,1,0,6.33865490895744e-13,2.3336454732917196e-13
1868,6.168290820740332e-13,7.081464349655131e-13,-9.131735289147985e-14,1,0,1.324498688307605e-12,4.876287497497233e-13
1869,6.98490353663655e-13,8.865028124213718e-13,-1.880124587577168e-13,1,0,1.5917695377390761e-12,5.860274505588154e-13
1870,1.2155705954294042e-13,2.2653691308770344e-13,-1.0497985354476302e-13,1,0,4.56478220294718e-13,1.6805747398263694e-13
1871,9.829997232353243e-13,1.113068366942709e-12,-1.3006864370738474e-13,1,0,1.5221798240189706e-12,5.604072325877913e-13
1872,3.2686668214017816e-13,7.259516287070274e-13,-3.990849465668492e-13,1,0,1.5397259494914287e-12,5.668670315310572e-13
1873,3.7182009304021575e-13,6.127386992346922e-13,-2.409186061944764e-13,1,0,1.2308812022997545e-12,4.5316244332019345e-13
1874,2.786626373407784e-13,3.8166505029975624e-13,-1.0300241295897785e-13,1,0,7.309965109673237e-13,2.6912439994174004e-13
1875,1.5154456999298121e-12,2.1789880805812177e-12,-6.635423806514056e-13,1,0,3.3754607358580556e-12,1.2427129698096613e-12
1876,7.155599579238473e-11,1.214770871074625e-10,-4.992109131507777e-11,1,0,2.0619612842007947e-10,7.591337099260714e-11
1877,9.218047528728026e-13,1.2268735733840486e-12,-3.05068820511246e-13,1,0,1.650563408888487e-12,6.076730604296461e-13
1878,2.3917717248483404e-13,3.7857804574707766e-13,-1.3940087326224362e-13,1,0,7.524500661992139e-13,2.7702276209774975e-13
1879,5.706811719972663e-12,7.332841043533326e-12,-1.6260293235606626e-12,1,0,1.494323857771272e-11,5.5015175244700534e-12
1880,6.577460645785142e-14,1.408266298630069e-13,-7.505202340515548e-14,1,0,3.217540533767533e-13,1.1845729116990556e-13
1881,3.586812607509562e-13,6.196061894058411e-13,-2.6092492865488494e-13,1,0,1.2162174213283357e-12,4.4776381118501677e-13
1882,4.728799856433015e-12,5.883040276220691e-12,-1.1542404197876764e-12,1,0,1.3483452452159433e-11,4.964081217745509e-12
1883,1.1204852419196453e-12,1.5251951185949669e-12,-4.047098766753216e-13,1,0,2.7088991007831657e-12,9.973109776355377e-13
1884,6.231946598366233e-13,7.175062220167222e-13,-9.431156218009893e-14,1,0,1.1555248097012567e-12,4.2541915913815517e-13
1885,7.651782445341218e-13,1.3957729611724829e-12,-6.305947166383611e-13,1,0,2.611920731093066e-12,9.616073249387016e-13
1886,4.2591647887035274e-13,5.403339584533632e-13,-1.1441747958301048e-13,1,0,8.97322387977963e-13,3.3035909966149406e-13
1887,2.2642538731438104e-13,3.3466240409770244e-13,-1.0823701678332139e-13,1,0,6.578246864776167e-13,2.4218538851968006e-13
1888,6.334965542461372e-13,8.130412414989671e-13,-1.7954468725282985e-13,1,0,1.2528182836548559e-12,4.612388209329296e-13
1889,3.960618377221362e-13,5.524467539759389e-13,-1.5638491625380272e-13,1,0,1.0267876298730112e-12,3.7802315142585954e-13
1890,5.343768617435436e-13,6.026402936788385e-13,-6.826343193529492e-14,1,0,8.014310832087587e-13,2.950556618632852e-13
1891,1.8362758314163204e-12,1.957647008063736e-12,-1.213711766474156e-13,1,0,1.694195273835577e-12,6.237366110705185e-13
1892,4.722589385304177e-13,6.553915042202231e-13,-1.8313256568980546e-13,1,0,1.299328898358065e-12,4.783622149370388e-13
1893,1.8800188053870533e-13,3.0829288118508257e-13,-1.2029100064637723e-13,1,0,4.423940764006456e-13,1.6287224160831337e-13
1894,1.8524671676398922e-13,2.999027733013519e-13,-1.1465605653736267e-13,1,0,5.349940919797311e-13,1.9696395511641128e-13
1895,7.410781986781834e-13,9.760073791674188e-13,-2.349291804892354e-13,1,0,1.8219274844372207e-12,6.7076262831636e-13
1896,5.921604881744385e-13,8.620811966354547e-13,-2.6992070846101614e-13,1,0,1.6267675377981594e-12,5.989123489458102e-13
1897,5.931752925626974e-13,8.376363880830846e-13,-2.444610955203872e-13,1,0,2.193567176189685e-12,8.075858655505061e-13
1898,1.6803073182230072e-12,2.1313978038268008e-12,-4.510904856037936e-13,1,0,4.505570869117131e-12,1.6587754364813032e-12
1899,2.9293765285405535e-13,3.397463179479296e-13,-4.680866509387423e-14,1,0,5.137068317480419e-13,1.8912681629248455e-13
1900,7.080427030728416e-12,7.940070913356352e-12,-8.596438826279361e-13,1,0,1.9338824053208287e-11,7.119800629433124e-12
1901,2.4372239038743656e-13,4.818864131622737e-13,-2.3816402277483717e-13,1,0,9.170394079784524e-13,3.3761813728569445e-13
1902,5.196051465650311e-13,6.899086435992668e-13,-1.703034970342357e-13,1,0,1.5548268693481178e-12,5.724266011514674e-13
1903,5.517473122094912e-13,7.723054179929175e-13,-2.2055810578342635e-13,1,0,1.474118027801889e-12,5.427127540602153e-13
1904,7.643319592210017e-13,8.608216586881219e-13,-9.648969946712025e-14,1,0,1.397733559606127e-12,5.145909725474e-13
1905,1.0335330055768548e-12,1.32766691795844e-12,-2.9413391238158525e-13,1,0,2.5150204716389836e-12,9.259324293837697e-13
1906,1.7002420777665512e-12,2.744054171956819e-12,-1.0438120941902677e-12,1,0,6.485912117547436e-12,2.387859833147467e-12
1907,1.0675811977013926e-12,1.3987565698328893e-12,-3.3117537213149674e-13,1,0,2.2134144149113604e-12,8.148928446281533e-13
1908,4.677808887447544e-13,4.810102706924969e-13,-1.3229381947742479e-14,1,0,6.911669817555515e-13,2.5446072099353866e-13
1909,4.423634085699352e-13,5.597610513630182e-13,-1.1739764279308298e-13,1,0,1.2296572300434275e-12,4.527118244812697e-13
1910,1.7908852635453082e-12,2.5772976762433294e-12,-7.864124126980212e-13,1,0,3.647760194622879e-12,1.3429630084145918e-12
1911,7.134657721434718e-13,9.85466355714049e-13,-2.7200058357057714e-13,1,0,1.5845899562636277e-12,5.833842087273926e-13
1912,5.147091001582482e-13,8.914408882978191e-13,-3.7673178813957093e-13,1,0,1.8849572769027227e-12,6.939677391769903e-13
1913,1.439007737658141e-12,1.4105957615355981e-12,2.8411976122542864e-14,0,1,1.6703647550223126e-12,6.149631436466681e-13
1914,1.9935156056763045e-12,2.458899082430882e-12,-4.653834767545775e-13,1,0,3.1600625219505623e-12,1.1634117499041563e-12
1915,6.917761570160574e-13,1.139113418243492e-12,-4.4733726122743455e-13,1,0,1.8201771720026913e-12,6.701182315557928e-13
1916,4.0843751885432983e-13,3.798609074011763e-13,2.857661145315354e-14,0,1,4.131270815541203e-13,1.520972757801643e-13
1917,3.59738141320697e-13,5.228629199953752e-13,-1.6312477867467818e-13,1,0,9.323332962121417e-13,3.432487503350249e-13
1918,4.0024079017434587e-13,5.43110709400128e-13,-1.4286991922578216e-13,1,0,1.184238793127334e-12,4.3599052773368263e-13
1919,2.0208523685184747e-13,2.7416017181705375e-13,-7.207493496520628e-14,1,0,6.583107782107316e-13,2.4236434853389146e-13
1920,1.894558829790829e-13,4.0014735878536604e-13,-2.1069147580628315e-13,1,0,8.759196017087056e-13,3.2247942865708254e-13
1921,1.7571846472246445e-12,1.972940971542802e-12,-2.1575632431815738e-13,1,0,2.623151463387874e-12,9.657420424707277e-13
1922,6.623612078500077e-13,9.881221137772148e-13,-3.2576090592720704e-13,1,0,1.8449897211828378e-12,6.79253244252769e-13
1923,3.63418953385359e-13,6.105468419277043e-13,-2.471278885423453e-13,1,0,1.4248365227090704e-12,5.24569226304139e-13
1924,9.459302311568714e-11,1.6191443074228606e-10,-6.732140762659891e-11,1,0,3.9261781856469046e-10,1.4454656519199245e-10
1925,1.7675373278882533e-13,2.8527850536995396e-13,-1.0852477258112864e-13,1,0,5.254879347687713e-13,1.9346415885641826e-13
1926,1.820859548694295e-12,2.288860654803615e-12,-4.6800110610932e-13,1,0,4.0604065592822215e-12,1.4948833029863537e-12
1927,1.6785305398672496e-12,2.262520893159077e-12,-5.839903532918275e-13,1,0,4.215883080956206e-12,1.5521236932929643e-12
1928,4.549104828190274e-13,6.786095072576205e-13,-2.2369902443859305e-13,1,0,1.2866164540710166e-12,4.736819888494787e-13
1929,2.031900759726283e-13,3.8358821428401135e-13,-1.8039813831138305e-13,1,0,7.771740555351007e-13,2.8612517051469487e-13
1930,3.082866790237367e-13,4.3261500455215093e-13,-1.2432832552841425e-13,1,0,6.983547883396837e-13,2.57106990989126e-13
1931,2.066871500922499e-13,3.2144235969744296e-13,-1.1475520960519306e-13,1,0,5.867252342008804e-13,2.1600934370540003e-13
1932,3.0197543357152654e-13,4.329247032697103e-13,-1.3094926969818374e-13,1,0,9.186140481898333e-13,3.38197858386485e-13
1933,2.1068741520720702e-11,1.9432998315532394e-11,1.6357432051883081e-12,0,1,2.0921277875374948e-11,7.702398396914333e-12
1934,1.0418541388662944e-12,1.934915942460529e-12,-8.930618035942347e-13,1,0,4.010251814736461e-12,1.4764182825278463e-12
1935,3.7766646790067916e-13,3.747853511268069e-13,2.881116773872255e-15,0,1,6.477828717718826e-13,2.384883840655403e-13
1936,3.6186895930879027e-13,4.357392353069021e-13,-7.387027599811183e-14,1,0,5.804047047289164e-13,2.1368237131095525e-13
1937,1.0546065263575296e-13,1.0956379550979354e-13,-4.1031428740405835e-15,1,0,2.458253722658955e-13,9.050331268198255e-14
1938,7.575273558204885e-13,9.70588085917332e-13,-2.130607300968435e-13,1,0,1.9590802418296207e-12,7.212569234050471e-13
1939,2.650882105223347e-13,5.94896095352557e-13,-3.298078848302223e-13,1,0,1.2950694650316785e-12,4.767940577422272e-13
1940,1.590698038193288e-13,2.508911362054071e-13,-9.182133238607832e-14,1,0,4.1155130046889604e-13,1.515171346541289e-13
1941,3.3916931944471915e-13,4.4290753056310316e-13,-1.0373821111838401e-13,1,0,9.475601965779348e-13,3.4885470106452153e-13
1942,4.4711410458008e-13,9.671876106119866e-13,-5.200735060319066e-13,1,0,1.9826312598729006e-12,7.299274895484169e-13
1943,6.922467332744712e-13,9.598606581158714e-13,-2.676139248414002e-13,1,0,1.6174243140858763e-12,5.954725384441674e-13
1944,5.188339238858909e-13,8.100614550750766e-13,-2.912275311891857e-13,1,0,1.484906225802178e-12,5.466845477277918e-13
1945,2.397193007013342e-13,3.769343772705771e-13,-1.3721507656924289e-13,1,0,7.641374747656755e-13,2.8132561001854305e-13
1946,1.2850603536169988e-13,2.0579769128500887e-13,-7.729165592330898e-14,1,0,3.3857012260747334e-13,1.2464831188368101e-13
1947,1.1968467391727642e-13,2.5084206699999905e-13,-1.3115739308272263e-13,1,0,4.606810310769418e-13,1.6960478496547316e-13
1948,7.498600804173466e-13,1.3097160367030922e-12,-5.598559562857456e-13,1,0,3.027935167308102e-12,1.1147676120723807e-12
1949,5.807912314519335e-12,8.829874989202046e-12,-3.0219626746827117e-12,1,0,1.4889272749980957e-11,5.481649411848761e-12
1950,1.3829947298313661e-12,1.5029500482454e-12,-1.1995531841403396e-13,1,0,2.619385549822801e-12,9.643555800003506e-13
1951,1.548512065856619e-12,1.8066719067173256e-12,-2.581598408607067e-13,1,0,2.677980340763244e-12,9.859278963041467e-13
1952,2.1216201461826157e-13,3.0119509051181067e-13,-8.903307589354909e-14,1,0,5.336596095346778e-13,1.9647265073688354e-13
1953,1.3676487955822875e-12,1.490092103644946e-12,-1.224433080626586e-13,1,0,1.3161027073688536e-12,4.845376770863618e-13
1954,3.72309304707634e-13,7.600727343154655e-13,-3.877634296078315e-13,1,0,1.4245658429037503e-12,5.244695725587515e-13
1955,5.00701343037019e-13,9.599721878522865e-13,-4.592708448152675e-13,1,0,2.1658367220075167e-12,7.973765940561561e-13
1956,2.9869289140428565e-12,4.230013159055263e-12,-1.2430842450124067e-12,1,0,6.976671727485906e-12,2.568538377516384e-12
1957,1.52847543521804e-13,1.8347875469887336e-13,-3.0631211177069367e-14,1,0,3.878035506176492e-13,1.4277413953336418e-13
1958,1.9759112984932434e-13,2.6776557230549813e-13,-7.017444245617379e-14,1,0,3.673585040582011e-13,1.3524707092969698e-13
1959,5.107703045895201e-13,9.071911809601263e-13,-3.964208763706062e-13,1,0,1.6742437736506001e-12,6.163912469892125e-13
1960,1.2457104712717235e-12,1.6184246781731084e-12,-3.727142069013849e-13,1,0,2.885508057077418e-12,1.0623315060155319e-12
1961,1.7674550016251332e-12,3.1280672781856354e-12,-1.3606122765605022e-12,1,0,5.7156081136968276e-12,2.1042639476695927e-12
1962,4.0883407018856055e-13,5.891801186201747e-13,-1.803460484316142e-13,1,0,1.0252957170875508e-12,3.7747388733618404e-13
1963,9.974001200363641e-14,1.622463707260857e-13,-6.25063587224493e-14,1,0,3.130292685137342e-13,1.1524516572792002e-13
1964,5.030139132409197e-13,7.615367353248002e-13,-2.585228220838805e-13,1,0,1.4433672710415027e-12,5.313915249753568e-13
1965,4.215065375844176e-13,4.947181876614712e-13,-7.321165007705355e-14,1,0,8.632756364110989e-13,3.178244138621423e-13
1966,1.4890657986309184e-12,2.2022718286385667e-12,-7.132060300076483e-13,1,0,4.1680618447474146e-12,1.5345177795764506e-12
1967,3.160242699753092e-13,4.1409852143341044e-13,-9.807425145810125e-14,1,0,6.638065468612764e-13,2.4438767616693213e-13
1968,8.469931465964434e-13,9.679592213822693e-13,-1.2096607478582585e-13,1,0,1.0193422389598846e-12,3.7528204892842716e-13
1969,3.5452157111773583e-13,7.000880989597778e-13,-3.4556652784204196e-13,1,0,1.2370526363073378e-12,4.554345245807087e-13
1970,6.262437020669767e-13,6.391154583523387e-13,-1.2871756285362e-14,1,0,1.1522492649646438e-12,4.242132313416507e-13
1971,5.546132002645476e-13,1.053932998706987e-12,-4.993197984424395e-13,1,0,2.3849871703806146e-12,8.780592403212211e-13
1972,2.5267404915463473e-13,4.092242004750514e-13,-1.5655015132041665e-13,1,0,8.535107388381901e-13,3.14229359494066e-13
1973,4.777380659546923e-13,5.50940005619447e-13,-7.320193966475472e-14,1,0,8.187260673261267e-13,3.0142300035636405e-13
1974,1.6361173184399432e-13,1.7736355269682063e-13,-1.3751820852826309e-14,1,0,2.728120422549786e-13,1.0043875185066884e-13
1975,4.224232003761403e-13,8.189445931753534e-13,-3.965213927992131e-13,1,0,1.789885880837382e-12,6.589661597797775e-13
1976,2.326327398498211e-13,3.7480924889556794e-13,-1.4217650904574684e-13,1,0,7.430089558949779e-13,2.7354691357140177e-13
1977,1.5783601167737028e-12,1.6577591047105655e-12,-7.93989879368627e-14,1,0,1.7980231144461595e-12,6.619619717697007e-13
1978,1.8599904433352215e-13,2.42576483871105e-13,-5.657743953758284e-14,1,0,5.378003716791174e-13,1.9799711783173896e-13
1979,2.865469526019381e-13,3.9455846778012923e-13,-1.0801151517819113e-13,1,0,5.937781224237967e-13,2.1860594202340943e-13
1980,1.8582312160216796e-12,1.950107921530026e-12,-9.187670550834627e-14,1,0,2.762048709606851e-12,1.0168785902947066e-12
1981,1.1942680045916783e-12,1.5069988048954973e-12,-3.127308003038189e-13,1,0,2.42976340274692e-12,8.945441024052928e-13
1982,5.271246581691441e-13,9.354797458417265e-13,-4.0835508767258245e-13,1,0,1.8436994358739156e-12,6.787782115346815e-13
1983,4.95543520470861e-13,6.949108285467133e-13,-1.9936730807585231e-13,1,0,1.1896819220155117e-12,4.3799447545964084e-13
1984,2.8011391869631166e-13,4.1839307394227884e-13,-1.3827915524596718e-13,1,0,6.816073050299342e-13,2.509412209359881e-13
1985,3.5695744382462716e-13,4.733640328650442e-13,-1.1640658904041705e-13,1,0,6.166951219511754e-13,2.270430872816125e-13
1986,4.963122936138974e-11,9.767533012430162e-11,-4.8044100762911876e-11,1,0,2.173855370562994e-10,8.003287476553311e-11
1987,6.257899557962996e-13,1.1801686229523086e-12,-5.54378667156009e-13,1,0,2.285955672600939e-12,8.415997059521463e-13
1988,1.659097167672708e-13,2.5858055827215606e-13,-9.267084150488526e-14,1,0,5.413470019801094e-13,1.9930284875828823e-13
1989,2.315901694598889e-12,2.2766064375836602e-12,3.9295257015228836e-14,0,1,2.1374044462847016e-12,7.869089392478519e-13
1990,4.3560533911245596e-13,5.680756274253974e-13,-1.3247028831294144e-13,1,0,7.513231344725908e-13,2.766078697964152e-13
1991,8.993519264513949e-13,1.0244388239058327e-12,-1.2508689745443775e-13,1,0,1.054705278429464e-12,3.883013405865676e-13
1992,2.942653304963357e-13,4.617473889395819e-13,-1.6748205844324615e-13,1,0,1.0278548786088286e-12,3.7841607077814944e-13
1993,1.003498842304892e-12,1.080987191607235e-12,-7.748834930234299e-14,1,0,2.015037270603008e-12,7.418581185752299e-13
1994,6.118687996910872e-13,8.554697251728232e-13,-2.43600925481736e-13,1,0,1.883559845694074e-12,6.93453259518271e-13
1995,3.423259828177013e-13,5.965591012208018e-13,-2.542331184031005e-13,1,0,1.16429253966609e-12,4.28647095291386e-13
1996,2.0229965546753163e-11,1.7561119788771352e-11,2.6688457579818113e-12,0,1,3.553064537890521e-11,1.3080997615825916e-11
1997,9.030695553833964e-12,1.0941893227878409e-11,-1.9111976740444453e-12,1,0,1.8316275349842546e-11,6.743338085391227e-12
1998,1.390419930982847e-13,1.9196259149164572e-13,-5.292059839336103e-14,1,0,3.665649729646578e-13,1.349549237358583e-13
1999,2.186048153500089e-13,3.0156985804799163e-13,-8.296504269798274e-14,1,0,5.273499265290384e-13,1.941496715882304e-13
2000,4.080276877664246e-13,4.585295932616816e-13,-5.050190549525694e-14,1,0,8.555745773060405e-13,3.149891843097849e-13
2001,2.2546949447130408e-12,3.7666466330778945e-12,-1.5119516883648537e-12,1,0,6.6069521156470166e-12,2.432422038806141e-12
2002,5.695679010734221e-13,7.020138216431493e-13,-1.3244592056972714e-13,1,0,1.2485870147538379e-12,4.596810327808744e-13
2003,5.786206327911175e-13,1.1282219325139547e-12,-5.496012997228372e-13,1,0,2.3502470684934546e-12,8.652692899807949e-13
2004,8.372036971161866e-12,1.2704102660451292e-11,-4.332065689289426e-12,1,0,2.1450891025684428e-11,7.89738129921257e-12
2005,3.103517306612463e-13,3.8901130922114105e-13,-7.865957855989475e-14,1,0,6.145086971720743e-13,2.262381309680527e-13
2006,7.540549636047325e-13,7.326591350126627e-13,2.139582859206978e-14,0,1,1.2747603110614668e-12,4.693170194888915e-13
2007,3.00269489434295e-13,4.071379759340717e-13,-1.0686848649977669e-13,1,0,8.916174315812528e-13,3.2825875726050683e-13
2008,1.741163670891886e-13,2.936782789742831e-13,-1.1956191188509448e-13,1,0,5.395787060120914e-13,1.98651831162209e-13
2009,5.166403155487964e-13,8.916355372299061e-13,-3.7499522168110974e-13,1,0,1.871014529079241e-12,6.888345633201478e-13
2010,1.4024422361116035e-13,2.8279582457757554e-13,-1.425516009664152e-13,1,0,5.299011140365828e-13,1.9508891930939696e-13
2011,1.3054518138239136e-13,1.9285441348823027e-13,-6.230923210583891e-14,1,0,3.7207869205156644e-13,1.3698486001934072e-13
2012,4.67072329076769e-13,6.726686838908108e-13,-2.055963548140418e-13,1,0,1.2328871946729098e-12,4.5390097146036024e-13
2013,9.198882309590881e-13,1.229410958434831e-12,-3.0952272747574293e-13,1,0,2.2009529885106636e-12,8.103050335344071e-13
2014,1.2332285401368473e-13,2.641641787496045e-13,-1.4084132473591978e-13,1,0,5.692555521075501e-13,2.0957768823235406e-13
2015,3.1940239185282416e-13,6.147654955301427e-13,-2.9536310367731854e-13,1,0,1.3428180639315528e-12,4.943732292351017e-13
2016,5.373026706174079e-13,5.889681512999267e-13,-5.1665480682518797e-14,1,0,7.362570448889985e-13,2.7106112332386733e-13
2017,9.210350443253989e-13,1.4236737389586143e-12,-5.026386946332155e-13,1,0,2.306430755515315e-12,8.491378327700116e-13
2018,8.582537445538846e-14,1.105791077800967e-13,-2.4753733324708236e-14,1,0,1.7422031621750915e-13,6.414112428204633e-14
2019,2.6397775044816676e-13,3.8279187358711124e-13,-1.1881412313894448e-13,1,0,5.800549739074471e-13,2.135536140651176e-13
2020,2.0660332572983038e-13,1.9704957281798677e-13,9.553752911843614e-15,0,1,2.381056254821938e-13,8.766120305533517e-14
2021,1.1733249244214618e-13,1.651496843777854e-13,-4.781719193563922e-14,1,0,3.4140427039843457e-13,1.2569173454322193e-13
2022,3.071999918068684e-13,3.674047995137092e-13,-6.020480770684079e-14,1,0,3.5115717980336807e-13,1.2928237533549544e-13
2023,1.6208141411282496e-12,2.6238656341056927e-12,-1.0030514929774431e-12,1,0,5.387821346614611e-12,1.9835856466430813e-12
2024,2.6483140197400917e-13,3.176880759013435e-13,-5.2856673927334344e-14,1,0,3.3237160865967547e-13,1.223662608455384e-13
2025,7.799407517956828e-13,1.1125346606898315e-12,-3.325939088941487e-13,1,0,1.806549837507839e-12,6.651011785826132e-13
2026,5.219690806305148e-13,6.868640561908579e-13,-1.6489497556034303e-13,1,0,1.6116647104297094e-12,5.933520770539797e-13
2027,1.4902651890683565e-13,2.4992840467345375e-13,-1.009018857666181e-13,1,0,4.931757526569726e-13,1.8156807386671195e-13
2028,3.696640566239244e-13,5.783233249906094e-13,-2.08659268366685e-13,1,0,1.1344860993331296e-12,4.176735266783261e-13
2029,1.0615611795176779e-10,1.165729578727774e-10,-1.0416839921009615e-11,1,0,1.5566400967080924e-10,5.730941607333392e-11
2030,1.114026919987271e-12,1.2741256733040048e-12,-1.6009875331673372e-13,1,0,2.664264668466118e-12,9.808783207981337e-13
2031,7.25267810035853e-13,7.625707012559748e-13,-3.730289122012172e-14,1,0,8.983138032185849e-13,3.3072410007903697e-13
2032,3.136612274433711e-11,2.8265547124072088e-11,3.100575620265024e-12,0,1,6.860894055727935e-11,2.525913555138937e-11
2033,1.2555451995027716e-12,1.5819158371342381e-12,-3.263706376314665e-13,1,0,2.389904392762917e-12,8.798695697867695e-13
2034,2.487036520443242e-10,2.9644939732579416e-10,-4.774574528146995e-11,1,0,5.263348439231031e-10,1.9377595777001787e-10
2035,1.5474271094147526e-13,2.5464350319096217e-13,-9.990079224948691e-14,1,0,5.627009329634722e-13,2.0716453315222608e-13
2036,1.2524366813425776e-12,1.874623237732143e-12,-6.221865563895656e-13,1,0,3.093977366714115e-12,1.1390817736577161e-12
2037,3.0243999932339834e-13,3.512811019145024e-13,-4.884110259110404e-14,1,0,4.920075967687781e-13,1.8113800443719755e-13
2038,9.733054542876584e-13,1.1828551776836677e-12,-2.0954972339600924e-13,1,0,3.006371413179295e-12,1.1068286789812678e-12
2039,9.581800185174405e-13,2.387114231159322e-12,-1.4289342126418815e-12,1,0,4.770820752218409e-12,1.756430096323365e-12
2040,7.235717954548911e-13,8.225771443928185e-13,-9.90053489379274e-14,1,0,1.6061544785776054e-12,5.91323424634319e-13
2041,4.0747077396997215e-13,5.978355385958757e-13,-1.9036476462590358e-13,1,0,1.2614538857634957e-12,4.644181127636771e-13
2042,4.3420775017894666e-13,4.638056808138169e-13,-2.959793063487021e-14,1,0,9.662881273463493e-13,3.557495946167909e-13
2043,3.6510813320019596e-13,5.543139453373314e-13,-1.892058121371354e-13,1,0,1.055548264225059e-12,3.8861169507252636e-13
2044,2.376224147136407e-13,3.461670092314265e-13,-1.0854459451778576e-13,1,0,6.949259662563942e-13,2.558446324527615e-13
2045,4.944485849441853e-13,7.845922949525633e-13,-2.9014371000837805e-13,1,0,1.5495650577531271e-12,5.704894073798658e-13
2046,2.2286418316008883e-12,2.419701838960671e-12,-1.9106000735978275e-13,1,0,7.715022413015825e-12,2.8403702976535436e-12
2047,5.458687933916124e-13,9.326577745596258e-13,-3.867889811680134e-13,1,0,1.973264167574732e-12,7.264788915645394e-13
2048,1.990376631543161e-13,1.926530202371188e-13,6.3846429171972946e-15,0,1,3.5001689449611003e-13,1.2886256676668008e-13
2049,1.2872227745797058e-12,1.6260740905826823e-12,-3.3885131600297647e-13,1,0,2.6258150895166165e-12,9.667226857061083e-13
2050,8.535152649582471e-12,8.803592011516904e-12,-2.684393619344327e-13,1,0,1.0511728707418431e-11,3.870008458714525e-12
2051,1.1395634402562999e-11,1.2835258620692984e-11,-1.4396242181299846e-12,1,0,1.6463069819747566e-11,6.061060100786975e-12
2052,1.0541144569566443e-12,1.3919867855545511e-12,-3.378723285979069e-13,1,0,2.3693978109105728e-12,8.723198462886842e-13
2053,2.2530017624598292e-12,2.3904186081504313e-12,-1.374168456906021e-13,1,0,3.3925861535940214e-12,1.2490178805757121e-12
2054,1.413833946380253e-12,3.1563781253319164e-12,-1.7425441789516633e-12,1,0,6.711766688911858e-12,2.47101067597723e-12
2055,1.564245267928988e-12,2.5207482825387706e-12,-9.565030146097827e-13,1,0,5.1324827849611686e-12,1.889579948728004e-12
2056,2.9401380672090913e-12,5.021345715484316e-12,-2.0812076482752247e-12,1,0,7.683255708993917e-12,2.828675036418015e-12
2057,1.8623932381799226e-12,2.2643486530183733e-12,-4.019554148384507e-13,1,0,4.109016373050351e-12,1.5127795401986435e-12
2058,5.463703047014851e-13,7.810521669648773e-13,-2.3468186226339225e-13,1,0,1.902631358936127e-12,7.004746467345471e-13
2059,1.1555871030608185e-12,1.3235898187599382e-12,-1.6800271569911965e-13,1,0,1.6314658009652955e-12,6.006420661697005e-13
2060,2.1807568393871814e-13,2.6697331271099453e-13,-4.8897628772276395e-14,1,0,5.589043682010333e-13,2.0576678610664958e-13
2061,2.628157785976054e-12,3.0956575296101812e-12,-4.674997436341271e-13,1,0,5.582541591269919e-12,2.0552740448955196e-12
2062,1.563007665762402e-12,1.6121931202712114e-12,-4.9185454508809365e-14,1,0,1.946616116620173e-12,7.166681187151965e-13
2063,1.774934372784549e-11,1.7387034516904895e-11,3.6230921094059556e-13,0,1,2.1446516394341302e-11,7.895770730601747e-12
2064,5.946657361287611e-13,9.413343002053933e-13,-3.4666856407663215e-13,1,0,1.644655347689031e-12,6.054979427631902e-13
2065,1.5686861794566844e-13,2.133077796910824e-13,-5.643916174541396e-14,1,0,4.5262706959680105e-13,1.666396305249567e-13
2066,1.1077881162079407e-12,1.0858425214415055e-12,2.1945594766435138e-14,0,1,1.7005945345963282e-12,6.260925692542709e-13
2067,2.9469885018206353e-13,4.916040816208499e-13,-1.969052314387864e-13,1,0,1.045834737421536e-12,3.850355534178188e-13
2068,2.098035160695836e-10,2.3029333000359654e-10,-2.048981393401294e-11,1,0,4.99878443656766e-10,1.8403574322798878e-10
2069,6.47354099428992e-13,8.529503193219885e-13,-2.0559621989299648e-13,1,0,1.1026306275933765e-12,4.0594558463182113e-13
2070,2.0231506698078248e-11,2.3677172419746034e-11,-3.4456657216677867e-12,1,0,3.853550620776788e-11,1.4187270156588087e-11
2071,3.8830081541760757e-13,7.699584346541485e-13,-3.8165761923654093e-13,1,0,1.6202632116893863e-12,5.965177097994037e-13
2072,9.659413197325304e-12,1.2365842871523704e-11,-2.7064296741984e-12,1,0,2.157385940312407e-11,7.942653458920226e-12
2073,2.4793558489516224e-13,4.565612342898006e-13,-2.086256493946384e-13,1,0,8.971756056792441e-13,3.3030506014492714e-13
2074,2.11737068501122e-12,2.8912209901690707e-12,-7.738503051578509e-13,1,0,4.076954670978274e-12,1.500975672188603e-12
2075,5.818806931706625e-13,6.606833143710709e-13,-7.880262120040839e-14,1,0,9.358760136324567e-13,3.4455304069154626e-13
2076,5.383570978744752e-11,8.082885493383778e-11,-2.6993145146390258e-11,1,0,1.111719319715193e-10,4.092916865308607e-11
2077,1.4034608184725413e-12,1.4613712155783609e-12,-5.791039710581957e-14,1,0,2.0204245610383963e-12,7.438415087610698e-13
2078,3.3537398056669567e-12,5.79971633774894e-12,-2.4459765320819836e-12,1,0,1.1230998158921008e-11,4.134815412821462e-12
2079,5.487726002037396e-13,9.318067927629928e-13,-3.8303419255925324e-13,1,0,1.8016095135452564e-12,6.632823440163737e-13
2080,2.767415364629701e-13,4.140411721862911e-13,-1.3729963572332103e-13,1,0,8.448099615368228e-13,3.110260726997712e-13
2081,1.1016567787640197e-12,1.651455661701452e-12,-5.497988829374324e-13,1,0,3.6228069902246137e-12,1.3337762119531147e-12
2082,8.369607616267537e-14,1.0492603660165641e-13,-2.1229960438981034e-14,1,0,1.8169428790173274e-13,6.689274910449112e-14
2083,2.4580522188100735e-12,4.856950402107594e-12,-2.39889818329752e-12,1,0,9.494105722376293e-12,3.4953593720123454e-12
2084,2.4539752875719426e-12,3.1687337129014125e-12,-7.147584253294699e-13,1,0,6.1368255803590605e-12,2.2593397876492457e-12
2085,3.424554613422645e-13,4.166457767114861e-13,-7.41903153692216e-14,1,0,8.055477699155411e-13,2.9657126532115243e-13
2086,6.776794642960806e-13,7.36610197934353e-13,-5.893073363827243e-14,1,0,1.1048774394075368e-12,4.0677277309605573e-13
2087,6.540909824660264e-13,1.1410233857368177e-12,-4.869324032707913e-13,1,0,2.0210014454876445e-12,7.440538951116341e-13
2088,1.8088632537782378e-13,3.1240853159540035e-13,-1.3152220621757657e-13,1,0,7.788964215867255e-13,2.867592785072353e-13
2089,2.8185031911399404e-13,2.8028055600610633e-13,1.5697631078877081e-15,0,1,3.9589411634664576e-13,1.4575277023041648e-13
2090,4.457149295925659e-12,4.716858567483729e-12,-2.5970927155807027e-13,1,0,1.1084902002872212e-11,4.08102850721996e-12
2091,2.8890600978570865e-13,4.454733685509938e-13,-1.5656735876528514e-13,1,0,9.56114888216641e-13,3.5200420481647077e-13
2092,5.903892675217302e-12,7.626990561216181e-12,-1.723097885998879e-12,1,0,1.6095999960707854e-11,5.92591929769335e-12
2093,3.034157107642779e-13,3.562626541219138e-13,-5.284694335763591e-14,1,0,7.438622844734502e-13,2.7386107586655497e-13
2094,1.94992800267826e-13,3.047399477743637e-13,-1.0974714750653774e-13,1,0,4.796872604204372e-13,1.7660213719695586e-13
2095,1.6163152342809548e-10,2.768291105696196e-10,-1.1519758714152412e-10,1,0,4.948636459343313e-10,1.821894903285139e-10
2096,4.868952120584488e-13,6.749670968372096e-13,-1.8807188477876087e-13,1,0,1.083814980209034e-12,3.99018397243299e-13
2097,4.537825742566689e-13,6.128161631038752e-13,-1.5903358884720628e-13,1,0,1.1654793718615102e-12,4.2908404060867796e-13
2098,1.4002647529325011e-12,1.5097059198265125e-12,-1.0944116689401133e-13,1,0,3.0798126062846407e-12,1.1338668614198228e-12
2099,5.099108261956119e-13,5.579276331581869e-13,-4.8016806962575007e-14,1,0,5.429180142261864e-13,1.9988123418377697e-13
2100,3.5205507302653326e-13,5.720936190961819e-13,-2.200385460696486e-13,1,0,1.0192141854387076e-12,3.752349046171615e-13
2101,4.690503582813619e-11,4.1849910566301466e-11,5.055125261834727e-12,0,1,5.779746261409833e-11,2.1278771116965944e-11
2102,1.542127560619397e-13,1.9128131285384185e-13,-3.706855679190214e-14,1,0,2.7955477087774894e-13,1.0292116150290065e-13
2103,1.2957695875261505e-12,1.5533445160474972e-12,-2.5757492852134674e-13,1,0,2.3144717736600257e-12,8.520982219793284e-13
2104,9.156633279883037e-13,1.759358998786357e-12,-8.436956707980532e-13,1,0,3.422215087964574e-12,1.2599260984177322e-12
2105,3.382485107952283e-13,4.78809716023732e-13,-1.4056120522850373e-13,1,0,8.108710034922975e-13,2.9853107227043394e-13
2106,6.008589633334644e-13,6.381783399240108e-13,-3.731937659054647e-14,1,0,6.222680906776035e-13,2.290948369711005e-13
2107,2.7349836332084297e-12,2.7524844408874073e-12,-1.750080767897767e-14,1,0,4.902334012387617e-12,1.8048481485252616e-12
2108,3.742685275318703e-13,6.145212530358473e-13,-2.4025272550397697e-13,1,0,1.2546339775415302e-12,4.619072885937157e-13
2109,2.1550198786871965e-12,1.521520017827134e-12,6.334998608600625e-13,0,1,3.4454054686231566e-12,1.2684638919441373e-12
2110,1.2163192174583122e-12,2.681952239586066e-12,-1.4656330221277537e-12,1,0,4.9560166276205205e-12,1.8246119933522913e-12
2111,7.238930899775506e-13,1.2247959138912421e-12,-5.009028239136916e-13,1,0,2.3796514669283743e-12,8.76094842450223e-13
2112,1.9605975768784782e-13,3.029537624403727e-13,-1.0689400475252488e-13,1,0,5.193878605004879e-13,1.9121834946824567e-13
2113,5.736618055656953e-13,1.0664377624184942e-12,-4.927759568527989e-13,1,0,2.2240693376839046e-12,8.18815571555799e-13
2114,9.584569451318174e-12,1.588281513181496e-11,-6.298245680496786e-12,1,0,3.034936577621151e-11,1.1173452582320756e-11
2115,5.329858443411371e-13,5.651611108936541e-13,-3.217526655251702e-14,1,0,8.028948319201334e-13,2.9559455703953295e-13
2116,8.170181086172608e-13,8.645116975250808e-13,-4.749358890782009e-14,1,0,1.0942203306036787e-12,4.0284924135695504e-13
2117,5.807337134028959e-13,1.3785619242121206e-12,-7.978282108092247e-13,1,0,2.8176460513470765e-12,1.037347362730288e-12
2118,8.512053970640738e-12,1.3032042208475732e-11,-4.519988237834995e-12,1,0,2.606507155514888e-11,9.596142575886419e-12
2119,1.1048292224840616e-13,1.3111970948480422e-13,-2.0636787236398066e-14,1,0,1.787105883189869e-13,6.579426730907146e-14
2120,1.592108870852066e-12,2.0991554572508483e-12,-5.070465863987823e-13,1,0,3.287111255945841e-12,1.2101861377252295e-12
2121,1.5005245188802512e-12,1.4615941345913145e-12,3.89303842889367e-14,0,1,2.2248318340765193e-12,8.190962929833863e-13
2122,5.017433263917632e-13,5.300815079347874e-13,-2.8338181543024207e-14,1,0,8.862093712335376e-13,3.262677204031604e-13
2123,1.0632319739540226e-13,1.6205237393788385e-13,-5.5729176542481586e-14,1,0,3.3543922471213684e-13,1.234956374116151e-13
2124,7.461289523503797e-13,1.1789055263446406e-12,-4.327765739942609e-13,1,0,2.3582847917672853e-12,8.682284661471832e-13
2125,1.3110313143902162e-11,1.458612580763991e-11,-1.4758126637377468e-12,1,0,1.499069038061087e-11,5.518987427252789e-12
2126,7.450802153320323e-13,1.0415699496079044e-12,-2.9648973427587215e-13,1,0,1.4698874872101433e-12,5.411552340432236e-13
2127,1.8313256642665314e-12,2.1041893837682258e-12,-2.7286371950169436e-13,1,0,5.0994959106814175e-12,1.8774354684010814e-12
2128,2.630492735750353e-13,3.5215512902862156e-13,-8.910585545358627e-14,1,0,4.275998999393783e-13,1.574256029403639e-13
2129,2.1642379272997258e-13,3.53051208020167e-13,-1.3662741529019442e-13,1,0,7.233624840372526e-13,2.663138490213591e-13
2130,2.79796109324697e-13,3.3435303597531354e-13,-5.455692665061656e-14,1,0,5.107717800798041e-13,1.880462447614833e-13
2131,3.49600099956601e-13,4.1400084964879275e-13,-6.440074969219176e-14,1,0,7.314680192379903e-13,2.692979908939633e-13
2132,1.13202462667569e-13,1.4541340019596903e-13,-3.2210937528400035e-14,1,0,2.4053603266249035e-13,8.855598417152114e-14
2133,2.9176301862573195e-13,3.1165452879794963e-13,-1.9891510172217673e-14,1,0,3.3331599556756344e-13,1.227139472654939e-13
2134,8.773159549810082e-13,1.2691467213252366e-12,-3.918307663442284e-13,1,0,1.9187044804891274e-12,7.063921430949849e-13
2135,3.1844876158005978e-12,3.10845674691138e-12,7.60308688892179e-14,0,1,3.654439561649613e-12,1.3454220907988316e-12
2136,2.8152374304020213e-13,4.612308189145629e-13,-1.7970707587436078e-13,1,0,9.556394623822147e-13,3.518291715700912e-13
2137,1.5220572544419846e-13,2.29823544457915e-13,-7.761781901371653e-14,1,0,4.938669817541154e-13,1.81822557456168e-13
2138,1.9650572790808246e-12,2.742409570008551e-12,-7.773522909277264e-13,1,0,5.532446703200486e-12,2.036831061256659e-12
2139,7.538820856822781e-13,8.666918963042513e-13,-1.1280981062197325e-13,1,0,1.8758479157133175e-12,6.906140277335429e-13
2140,5.153640845444942e-13,7.123626287770614e-13,-1.9699854423256713e-13,1,0,8.044857806965788e-13,2.9618028231780047e-13
2141,3.0186614075302944e-10,2.759096930031458e-10,2.595644774988364e-11,0,1,3.190700440731553e-10,1.174691436446691e-10
2142,3.195965052402994e-13,3.563767167794887e-13,-3.678021153918927e-14,1,0,5.961134568918209e-13,2.1946572107562213e-13
2143,6.23816887806956e-13,7.092726025487605e-13,-8.545571474180453e-14,1,0,6.153171301619402e-13,2.2653576445881023e-13
2144,1.0081954905564783e-12,9.98176587982291e-13,1.001890257418724e-14,0,1,1.1383090918514964e-12,4.1908100339271666e-13
2145,4.60307897450226e-13,8.50626749205777e-13,-3.9031885175555094e-13,1,0,1.3902399066552235e-12,5.11832101850309e-13
2146,7.51232125669026e-14,1.3506555130876606e-13,-5.994233874186347e-14,1,0,2.806048876807384e-13,1.0330777354582175e-13
2147,4.137533719730393e-12,4.73934247110652e-12,-6.018087513761276e-13,1,0,7.420520997762534e-12,2.731946364744269e-12
2148,1.7636325092396655e-12,1.5572227260815034e-12,2.064097831581621e-13,0,1,2.7501253347363684e-12,1.0124888687855674e-12
2149,3.2044958965765885e-13,4.930950252525209e-13,-1.72645435594862e-13,1,0,1.1923067167229231e-12,4.3896082248045986e-13
2150,2.368750787157734e-13,4.3033503458617943e-13,-1.9345995587040603e-13,1,0,8.480767367927704e-13,3.122287719155828e-13
2151,8.610674421437179e-13,1.1261087276434865e-12,-2.650412854997686e-13,1,0,1.7281442440584087e-12,6.362352975933438e-13
2152,1.5746291190016388e-13,2.733827068863314e-13,-1.159197949861675e-13,1,0,4.4501223656224357e-13,1.6383614604817043e-13
2153,3.87837706790431e-13,6.550826567955507e-13,-2.6724495000511976e-13,1,0,1.0172209982989751e-12,3.745010908644224e-13
2154,1.571570856871513e-13,1.4292808843815677e-13,1.4228997248994545e-14,0,1,2.8114473305599913e-13,1.0350652355419882e-13
2155,8.327949214670257e-13,9.905925250267161e-13,-1.577976035596904e-13,1,0,1.9999389748230216e-12,7.362995150374992e-13
2156,2.068771404396946e-12,2.7190974051811683e-12,-6.503260007842224e-13,1,0,4.102250384153774e-12,1.5102885670209548e-12
2157,1.3101740928293738e-13,2.3746232751798924e-13,-1.0644491823505186e-13,1,0,4.938304771905653e-13,1.8180911789987308e-13
2158,3.3011372828278336e-13,5.329205375322742e-13,-2.0280680924949084e-13,1,0,9.411492828191768e-13,3.4649445270147415e-13
2159,7.844142863968734e-13,1.0843847658593018e-12,-2.999704794624284e-13,1,0,1.6209648511812173e-12,5.967760260900855e-13
2160,1.6195687433806524e-13,2.209512185484549e-13,-5.899434421038967e-14,1,0,3.769852138389069e-13,1.3879124994324296e-13
2161,3.048453397581777e-11,4.763909939190313e-11,-1.715456541608536e-11,1,0,9.279377707885399e-11,3.4163048933882656e-11
2162,1.371792326373165e-13,2.1495889907264569e-13,-7.777966643532919e-14,1,0,3.4016956919701494e-13,1.252371657252399e-13
2163,2.669098929987594e-13,3.579782556223488e-13,-9.106836262358939e-14,1,0,6.27174774376848e-13,2.3090128650464983e-13
2164,1.9871788451566205e-13,2.8946936105801347e-13,-9.075147654235142e-14,1,0,5.840593375596323e-13,2.1502786455588506e-13
2165,4.547724580841794e-13,5.943867747367872e-13,-1.3961431665260784e-13,1,0,1.0523535745035312e-12,3.8743553493850807e-13
2166,8.068967632965968e-13,9.535810026695768e-13,-1.4668423937298e-13,1,0,1.201974576698529e-12,4.4252015139054266e-13
2167,5.377321087349436e-13,9.510907931284554e-13,-4.133586843935117e-13,1,0,2.1629914133801733e-12,7.963290624120317e-13
2168,3.4264907208686777e-13,5.19165751876999e-13,-1.7651667979013122e-13,1,0,9.25173174979993e-13,3.406126730060617e-13
2169,6.027584995722717e-13,9.1336129448116e-13,-3.106027949088883e-13,1,0,1.8168350452675617e-12,6.688877908647274e-13
2170,3.714640176859348e-13,5.381352369333207e-13,-1.6667121924738595e-13,1,0,1.0363109966741487e-12,3.815292835856282e-13
2171,1.234563490958582e-12,1.6516600091471953e-12,-4.170965181886133e-13,1,0,2.0808566073827616e-12,7.660902308352107e-13
2172,2.2474018543001555e-12,2.1258559343504727e-12,1.215459199496828e-13,0,1,3.462445463823712e-12,1.2747373534648923e-12
2173,5.289954999202337e-13,7.555403516541546e-13,-2.2654485173392085e-13,1,0,1.5019290300208479e-12,5.529516801996183e-13
2174,2.0035205584409148e-13,2.921943787844634e-13,-9.184232294037189e-14,1,0,7.6492179560433e-13,2.816143663558139e-13
2175,6.340165740842585e-13,1.2485996293745256e-12,-6.145830552902672e-13,1,0,2.3609349659155683e-12,8.692041568881061e-13
2176,2.4341845893424325e-13,3.670639575261165e-13,-1.2364549859187325e-13,1,0,8.116696834111382e-13,2.988251150608969e-13
2177,1.0196624320595846e-12,1.0575295235443986e-12,-3.7867091484814015e-14,1,0,1.8416033626790083e-12,6.780065191499027e-13
2178,1.0541599042883904e-12,1.3023362271498787e-12,-2.4817632286148826e-13,1,0,1.9200582277105743e-12,7.068905400136825e-13
2179,1.331237605176423e-12,1.7635326498380592e-12,-4.322950446616361e-13,1,0,2.6708374719716446e-12,9.832981706507944e-13
2180,2.62268401670043e-13,3.2431241804556336e-13,-6.204401637552035e-14,1,0,5.249430436932084e-13,1.9326355121801732e-13
2181,2.767473165657214e-13,3.9210577845925293e-13,-1.153584618935315e-13,1,0,7.884961221511586e-13,2.902935137809505e-13
2182,6.397916775240646e-13,8.971724784516849e-13,-2.5738080092762027e-13,1,0,1.7489566449923953e-12,6.438976117476126e-13
2183,2.5210896734806096e-11,2.334796755823047e-11,1.8629291765756263e-12,0,1,4.9479432881539376e-11,1.8216397046930816e-11
2184,3.157614532226471e-13,4.4328883398936254e-13,-1.2752738076671545e-13,1,0,8.052686558190173e-13,2.964685063987564e-13
2185,1.5324298011540263e-12,1.9324028788020244e-12,-3.999730776479981e-13,1,0,3.1768158318159317e-12,1.1695796650677857e-12
2186,5.729151706920409e-12,8.869910168323061e-12,-3.1407584614026516e-12,1,0,1.4440219399837271e-11,5.3163254854194465e-12
2187,3.0030214249542714e-13,3.7573922737528233e-13,-7.543708487985519e-14,1,0,5.22054303308475e-13,1.9220002969504855e-13
2188,2.6476527146994437e-13,2.9652815714997664e-13,-3.176288568003227e-14,1,0,3.2908124771189767e-13,1.2115487829804767e-13
2189,2.627754688002103e-13,3.9876751985217723e-13,-1.3599205105196692e-13,1,0,5.451200804356475e-13,2.0069194906183975e-13
2190,9.307360469564508e-14,1.3303823197994188e-13,-3.9964627284296794e-14,1,0,2.0642513816423194e-13,7.599768344697752e-14
2191,1.4861199856845784e-12,1.6650493662439478e-12,-1.789293805593694e-13,1,0,1.3041221201328833e-12,4.801268922160435e-13
2192,6.514091516245139e-12,7.448638174714988e-12,-9.345466584698492e-13,1,0,9.30902686226926e-12,3.427220555450425e-12
2193,8.009384130938173e-13,9.11075081603734e-13,-1.1013666850991665e-13,1,0,1.0190138732475027e-12,3.751611574823254e-13
2194,1.1298789384047157e-13,1.7273304777531676e-13,-5.974515393484519e-14,1,0,3.428731345771922e-13,1.2623251303501112e-13
2195,4.420012905824259e-13,6.896964209084556e-13,-2.476951303260297e-13,1,0,1.1453423092657892e-12,4.216703596863282e-13
2196,4.928018281178227e-13,4.761332688589457e-13,1.6668559258876994e-14,0,1,5.382497182010588e-13,1.9816254969258784e-13
2197,5.108659818566798e-13,6.939810338972876e-13,-1.8311505204060782e-13,1,0,1.144020643789608e-12,4.211837740147628e-13
2198,7.100571033643366e-13,8.51903262868727e-13,-1.418461595043904e-13,1,0,1.9617579904889484e-12,7.222427660052843e-13
2199,4.962893799876716e-13,6.650849604432265e-13,-1.6879558045555484e-13,1,0,1.412446341155469e-12,5.200076447839076e-13
2200,2.3899004331494496e-10,3.1462450050657806e-10,-7.56344571916331e-11,1,0,5.22365468036543e-10,1.9231458840971806e-10
2201,3.489482743951693e-13,5.105612982605961e-13,-1.616130238654268e-13,1,0,8.767313483606058e-13,3.2277828210893864e-13
2202,2.809992363618187e-13,3.983401954796353e-13,-1.1734095911781663e-13,1,0,6.747063201154601e-13,2.4840054749056055e-13
2203,3.7664692492678766e-13,4.368931896935364e-13,-6.024626476674875e-14,1,0,5.874411191385151e-13,2.1627290461352707e-13
2204,5.336145523471779e-13,1.1250413788339714e-12,-5.914268264867936e-13,1,0,2.3331128784637554e-12,8.589611495983894e-13
2205,1.1588757698658337e-12,1.3022596605380756e-12,-1.4338389067224185e-13,1,0,1.8193787641013207e-12,6.698242889115512e-13
2206,6.36307691331295e-13,8.878027162204931e-13,-2.5149502488919803e-13,1,0,1.4019396725879145e-12,5.161394992713002e-13
2207,7.694803329625039e-13,1.187157728905272e-12,-4.1767739594276806e-13,1,0,1.8854353853146436e-12,6.941437600437589e-13
2208,2.959177001103365e-13,3.85139797932079e-13,-8.922209782174249e-14,1,0,5.447850441202793e-13,2.0056860175993149e-13
2209,5.633627671867897e-13,8.41514807363592e-13,-2.7815204017680225e-13,1,0,1.4876361658621163e-12,5.476896051658027e-13
2210,2.1206587995719474e-12,3.089770215270515e-12,-9.691114156985674e-13,1,0,4.427764210967027e-12,1.6301300601054166e-12
2211,1.4854511003896154e-13,2.2338168552796143e-13,-7.483657548899988e-14,1,0,3.501267329308665e-13,1.2890300499367691e-13
2212,3.730898322471755e-13,4.28118930212553e-13,-5.502909796537748e-14,1,0,4.648710453766149e-13,1.711473847826113e-13
2213,7.680498160177153e-12,8.696960339513081e-12,-1.016462179335928e-12,1,0,1.3726254344643282e-11,5.053471403114473e-12
2214,2.593421736563006e-13,3.609538580295997e-13,-1.0161168437329911e-13,1,0,8.575084731263784e-13,3.157011693116142e-13
2215,9.517513475515483e-14,1.1206966316853513e-13,-1.6894528413380302e-14,1,0,1.589622153426349e-13,5.852368674220474e-14
2216,1.1713616621510383e-12,1.993623813558267e-12,-8.222621514072285e-13,1,0,4.350978048593426e-12,1.6018603904659837e-12
2217,1.3181138255589676e-13,1.9851733025389443e-13,-6.670594769799766e-14,1,0,3.450293131744657e-13,1.2702633388429337e-13
2218,4.116165097738541e-13,4.574690110170625e-13,-4.5852501243208366e-14,1,0,6.710457644037241e-13,2.470528736718844e-13
2219,1.556219588724164e-12,1.6503783272984055e-12,-9.41587385742414e-14,1,0,2.6694307026238252e-12,9.827802530535034e-13
2220,6.115204642335193e-13,6.288344281160838e-13,-1.7313963882564458e-14,1,0,5.531510420459011e-13,2.0364863584746418e-13
2221,3.055616645651525e-13,3.1456139329181163e-13,-8.999728726659145e-15,1,0,3.123992067627926e-13,1.1501320156926213e-13
2222,5.1602041279090917e-11,6.23045453533527e-11,-1.0702504074261785e-11,1,0,9.360137158208856e-11,3.446037372657099e-11
2223,5.320681262008722e-13,5.610272116952339e-13,-2.8959085494361753e-14,1,0,1.2408688265581848e-12,4.568394969655476e-13
2224,1.15328124363035e-13,1.4606530482387776e-13,-3.073718046084275e-14,1,0,2.791529863940814e-13,1.0277324012919965e-13
2225,3.496759595796606e-13,4.163650921292512e-13,-6.66891325495906e-14,1,0,7.792751197126475e-13,2.868987003845887e-13
2226,1.7083241657275841e-13,2.820748500945992e-13,-1.1124243352184078e-13,1,0,4.859214227738288e-13,1.788973125874317e-13
2227,4.677032492764357e-13,5.050703052465392e-13,-3.7367055970103455e-14,1,0,6.412643059683302e-13,2.3608850241899135e-13
2228,1.9673447440698897e-11,2.670614911245214e-11,-7.032701671753242e-12,1,0,4.4343966400771806e-11,1.6325718617797696e-11
2229,6.778235000208594e-12,7.834019208714082e-12,-1.055784208505488e-12,1,0,1.4108130834534335e-11,5.1940634300966396e-12
2230,1.2560852871810504e-12,1.6198921554127582e-12,-3.638068682317078e-13,1,0,3.1288416305373194e-12,1.1519174355795687e-12
2231,1.3358256581202197e-12,1.6402177908949966e-12,-3.043921327747769e-13,1,0,3.513917188366553e-12,1.2936872345843355e-12
2232,1.2421213802865694e-12,1.2175624516190085e-12,2.4558928667560947e-14,0,1,1.4414849148812224e-12,5.306985148658534e-13
2233,1.1847175510344055e-12,1.2163169105426956e-12,-3.15993595082901e-14,1,0,2.855634922695104e-12,1.051333383255164e-12
2234,3.8017481655875957e-13,3.839175741860264e-13,-3.742757627266845e-15,1,0,3.77746639935972e-13,1.390715773297601e-13
2235,1.6257786333611292e-13,3.2764776962844576e-13,-1.6506990629233284e-13,1,0,7.756845971915979e-13,2.85576810054803e-13
2236,9.858121604592766e-13,1.2843311392786058e-12,-2.985189788193292e-13,1,0,1.7933353728809865e-12,6.602361281892168e-13
2237,2.88109209780203e-10,4.1202325397114863e-10,-1.2391404419094562e-10,1,0,8.479620258941734e-10,3.1218653983746953e-10
2238,4.842244776743016e-13,5.368795564992553e-13,-5.265507882495372e-14,1,0,8.100161073153112e-13,2.982163328466582e-13
2239,8.786215773124627e-13,1.7020492839252588e-12,-8.234277066127961e-13,1,0,3.011830952354508e-12,1.1088386683347646e-12
2240,4.797127266900401e-13,7.589931977314884e-13,-2.792804710414483e-13,1,0,1.4040084876237131e-12,5.16901156265207e-13
2241,8.619920271790659e-13,1.2664590650925964e-12,-4.0446703791353053e-13,1,0,1.935822352271108e-12,7.126942757351379e-13
2242,2.78567996000324e-13,3.652337726884888e-13,-8.666577668816482e-14,1,0,7.671798781862867e-13,2.8244570427709045e-13
2243,2.087975983882899e-12,2.230416045481823e-12,-1.4244006159892403e-13,1,0,2.7263368623605765e-12,1.0037308812198074e-12
2244,6.948082087630669e-13,7.597658013991235e-13,-6.495759263605659e-14,1,0,1.5757150000279814e-12,5.801167960440313e-13
2245,3.2947841668397007e-12,4.8411302342849135e-12,-1.5463460674452128e-12,1,0,8.850712585857722e-12,3.258487117228171e-12
2246,3.471958849501004e-13,5.943894144210556e-13,-2.471935294709552e-13,1,0,9.82440299405023e-13,3.616961942897415e-13
2247,9.994893575048234e-14,2.2043142737007972e-13,-1.2048249161959738e-13,1,0,4.655346689485606e-13,1.71391705094552e-13
2248,2.354844025292566e-13,3.913987959295882e-13,-1.559143934003316e-13,1,0,7.966506748827594e-13,2.9329570199629677e-13
2249,5.109417282238792e-13,6.121258868740587e-13,-1.0118415865017951e-13,1,0,1.2343982509524267e-12,4.5445728343777994e-13
2250,5.885341665991952e-13,9.114167468711646e-13,-3.228825802719694e-13,1,0,1.4317064658474595e-12,5.270984713785186e-13
2251,6.052269684951499e-12,6.257214634807968e-12,-2.0494494985646858e-13,1,0,9.135873847216169e-12,3.363472369822834e-12
2252,4.914070093367715e-12,6.552911925252459e-12,-1.6388418318847444e-12,1,0,1.3984158279898496e-11,5.148421571517227e-12
2253,1.5262838776089436e-13,1.774367158798113e-13,-2.4808328118916952e-14,1,0,2.7470713421697575e-13,1.0113645078555431e-13
2254,7.924715439590494e-13,1.0924993926931201e-12,-3.000278487340707e-13,1,0,1.9754680679570817e-12,7.272902817135105e-13
2255,2.50878937989744e-13,3.279810514607003e-13,-7.710211347095631e-14,1,0,6.545315694475423e-13,2.4097299129019957e-13
2256,6.237158639456223e-13,1.086843046036533e-12,-4.631271820909106e-13,1,0,2.225969001236455e-12,8.195149535719933e-13
2257,1.8609334994124455e-12,3.0365653006655795e-12,-1.175631801253134e-12,1,0,5.040275286153298e-12,1.8556327445834055e-12
2258,1.5808674343193084e-12,1.5986373350803855e-12,-1.7769900761077024e-14,1,0,3.276915000474172e-12,1.2064322742056427e-12
2259,2.020334134694569e-12,2.938715488224786e-12,-9.18381353530217e-13,1,0,5.37222623498831e-12,1.977844134890995e-12
2260,5.962159354053096e-12,7.613146579391532e-12,-1.6509872253384365e-12,1,0,1.0042563380267713e-11,3.697280086898054e-12
2261,2.9833521995476585e-12,2.8668167504092208e-12,1.165354491384377e-13,0,1,2.6438194599855148e-12,9.733511925814135e-13
2262,6.955402247268041e-13,1.371559351281379e-12,-6.760191265545749e-13,1,0,2.2172477877307923e-12,8.163041429644715e-13
2263,4.4485667241741155e-13,6.705053666522121e-13,-2.2564869423480055e-13,1,0,1.1337410468235424e-12,4.173992274080021e-13
2264,1.6107489132961056e-12,2.198361237564033e-12,-5.876123242679273e-13,1,0,3.2285477456494193e-12,1.1886253377343376e-12
2265,1.660584845139438e-13,3.95718764129203e-13,-2.296602796152592e-13,1,0,7.960845933628861e-13,2.9308729286291747e-13
2266,1.0530724418203297e-12,1.0771163395846136e-12,-2.4043897764283877e-14,1,0,1.0844813823824466e-12,3.9926374052790947e-13
2267,1.7357966958381256e-13,2.445541185325461e-13,-7.097444894873356e-14,1,0,4.893440791196679e-13,1.8015740113978582e-13
2268,6.2304352453864695e-12,6.6742292206661074e-12,-4.437939752796379e-13,1,0,8.170111948473121e-12,3.0079165120501603e-12
2269,4.767418298010483e-13,5.630295649758654e-13,-8.628773517481714e-14,1,0,1.3822040753964635e-12,5.088736222500643e-13
2270,1.6359073316602132e-13,3.193451915454469e-13,-1.5575445837942557e-13,1,0,6.444648698490786e-13,2.3726682518928996e-13
2271,4.127645198244297e-12,6.369795560814717e-12,-2.2421503625704205e-12,1,0,1.167134058803335e-11,4.296932317930801e-12
2272,3.8317517713222754e-13,4.98206258755394e-13,-1.1503108162316643e-13,1,0,7.86748207033076e-13,2.896499996187822e-13
2273,9.82772395719369e-13,1.1687149688120295e-12,-1.8594257309266043e-13,1,0,1.9599238425785576e-12,7.215675042928377e-13
2274,1.3862887018358838e-11,2.2112356957254407e-11,-8.249469938895569e-12,1,0,4.098745519790059e-11,1.5089982126832662e-11
2275,2.6181808591898824e-13,4.734168735745988e-13,-2.1159878765561056e-13,1,0,9.446300256165002e-13,3.4777592641937406e-13
2276,1.6799980805401843e-12,1.6200682031331117e-12,5.992987740707262e-14,0,1,2.080847649237529e-12,7.660869327955838e-13
2277,3.932841532206491e-13,5.544784740995818e-13,-1.611943208789327e-13,1,0,1.2403921214507067e-12,4.566639927407334e-13
2278,4.292596031584269e-12,7.75608293714932e-12,-3.4634869055650507e-12,1,0,1.5775918970320943e-11,5.808077963051897e-12
2279,6.758234075490635e-13,1.0160690944893173e-12,-3.402456869402538e-13,1,0,1.6264359185792647e-12,5.987902596855262e-13
2280,5.5282165524645245e-12,8.093201852019033e-12,-2.5649852995545084e-12,1,0,1.2027903002932422e-11,4.4282046899760625e-12
2281,2.515424210857485e-13,3.047437831384596e-13,-5.3201362052711065e-14,1,0,4.500089095694564e-13,1.656757261345265e-13
2282,4.0420566181214765e-12,5.866934194902327e-12,-1.824877576780851e-12,1,0,1.2829535254970387e-11,4.723334414354879e-12
2283,1.341317249359682e-12,1.607677053339676e-12,-2.6635980397999403e-13,1,0,2.232992275676559e-12,8.221006492503733e-13
2284,2.0414166346430624e-12,2.8056518490164565e-12,-7.642352143733941e-13,1,0,6.083673586594167e-12,2.239771296947758e-12
2285,1.6619315789285873e-13,2.837446883947663e-13,-1.175515305019076e-13,1,0,6.974046743225884e-13,2.567571960709688e-13
2286,9.942755377954171e-13,1.4157610293499284e-12,-4.2148549155451127e-13,1,0,2.9501353157607075e-12,1.0861247416220934e-12
2287,1.9819934755364498e-13,2.657868590945634e-13,-6.758751154091841e-14,1,0,5.226792169195112e-13,1.9243009850941673e-13
2288,1.4664880536546292e-12,1.968063523695753e-12,-5.015754700411239e-13,1,0,4.404660312935019e-12,1.6216241061085209e-12
2289,5.24367481229184e-13,6.475965867262673e-13,-1.2322910549708324e-13,1,0,1.079101851226545e-12,3.972832070060954e-13
2290,4.113483717757102e-13,5.367552935338888e-13,-1.2540692175817862e-13,1,0,1.2114263984482982e-12,4.459999434532939e-13
2291,6.873887833551439e-13,9.462215845274872e-13,-2.5883280117234325e-13,1,0,2.072937170678952e-12,7.631746031696711e-13
2292,2.5192391896454855e-13,3.7412465933014947e-13,-1.2220074036560092e-13,1,0,6.127166300499479e-13,2.255783617603182e-13
2293,1.6216334561850382e-13,2.8501583275147503e-13,-1.2285248713297122e-13,1,0,6.939452171461862e-13,2.554835588883626e-13
2294,6.332999610221228e-13,7.795665107948513e-13,-1.4626654977272846e-13,1,0,1.592172595845359e-12,5.861758408306806e-13
2295,2.969403782221505e-11,3.006758546684184e-11,-3.735476446267951e-13,1,0,2.6767578755583694e-11,9.854778323027793e-12
2296,2.2297476672937864e-13,2.9470412127579736e-13,-7.172935454641872e-14,1,0,3.4350637768681106e-13,1.2646564844583257e-13
2297,3.000923773703563e-13,4.171252113729734e-13,-1.170328340026171e-13,1,0,6.946092709122693e-13,2.5572803758100326e-13
2298,3.769914744354361e-12,5.657141998286855e-12,-1.887227253932494e-12,1,0,1.1570295156231086e-11,4.259731331616034e-12
2299,1.0268266942084322e-12,1.4444183443175156e-12,-4.175916501090834e-13,1,0,2.604455535935185e-12,9.588589312908931e-13
2300,4.831371389462334e-13,4.697624181552353e-13,1.3374720790998055e-14,0,1,2.949701183085584e-13,1.0859649109061669e-13
2301,2.1499466518418576e-12,3.2819748560094017e-12,-1.132028204167544e-12,1,0,4.766173564753421e-12,1.7547191831805969e-12
2302,7.642033322260344e-13,8.628977511677797e-13,-9.869441894174534e-14,1,0,2.1717768075349716e-12,7.995635018309463e-13
2303,7.101317452282415e-13,9.509582066276013e-13,-2.4082646139935973e-13,1,0,1.2598846990786888e-12,4.638403994386349e-13
2304,2.047930104528383e-13,3.6384204341723596e-13,-1.5904903296439766e-13,1,0,7.56364101725475e-13,2.7846375729615603e-13
2305,9.53249317615215e-13,1.2633569609883479e-12,-3.1010764337313283e-13,1,0,2.6179171349621527e-12,9.638149669299619e-13
2306,2.3895029341478337e-13,2.7895967708271393e-13,-4.000938366793056e-14,1,0,3.173564627797104e-13,1.1683826985740642e-13
2307,2.5564219574911593e-12,3.92168104055633e-12,-1.3652590830651706e-12,1,0,6.151328833833365e-12,2.264679319821992e-12
2308,3.6403329041606646e-13,4.642921150881319e-13,-1.002588246720654e-13,1,0,7.404047017226414e-13,2.7258812877433293e-13
2309,4.611708803416818e-11,4.99916448912112e-11,-3.8745568570430235e-12,1,0,4.976087507400167e-11,1.8320013083434838e-11
2310,2.6122086034256106e-13,4.486334383357766e-13,-1.8741257799321553e-13,1,0,8.280294711636755e-13,3.0484815073346066e-13
2311,1.8059738580879235e-13,3.8639628854032076e-13,-2.0579890273152841e-13,1,0,7.422677251298803e-13,2.732740213183166e-13
2312,9.975794541623108e-13,1.4594558688112523e-12,-4.618764146489415e-13,1,0,2.3382898211413705e-12,8.608670979452594e-13
2313,1.4123938887851958e-13,1.500307209937836e-13,-8.791332115264032e-15,1,0,3.1059219165590806e-13,1.1434792909664468e-13
2314,6.403045594680719e-13,9.62457446092628e-13,-3.221528866245562e-13,1,0,1.9324223693773954e-12,7.114425346633896e-13
2315,1.7881635374394025e-12,2.0399201814874085e-12,-2.5175664404800596e-13,1,0,3.2930462172160077e-12,1.2123711589483781e-12
2316,1.2685552121773092e-12,1.3443614845674759e-12,-7.580627239016674e-14,1,0,2.6443825022493867e-12,9.735584827792912e-13
2317,3.2231188262447165e-13,4.3412702073600525e-13,-1.118151381115336e-13,1,0,9.978826554092744e-13,3.673814673806231e-13
2318,2.390439452215269e-13,2.789670558972014e-13,-3.992311067567449e-14,1,0,4.103289457427409e-13,1.5106711132671638e-13
2319,5.914723054729866e-13,1.120360564769705e-12,-5.288882592967184e-13,1,0,2.1388502494675522e-12,7.874412275805331e-13
2320,1.081169486281883e-11,1.0062894632878779e-11,7.488002299400506e-13,0,1,1.3517798271970463e-11,4.976726008806029e-12
2321,2.0325938012444264e-13,3.09809751371173e-13,-1.0655037124673037e-13,1,0,4.943491003038394e-13,1.8200005469924455e-13
2322,7.164867001949642e-13,7.765217261018007e-13,-6.00350259068365e-14,1,0,1.7406889972616175e-12,6.40853786365285e-13
2323,1.8218415136285956e-13,2.541848565336907e-13,-7.200070517083114e-14,1,0,4.1852029317656425e-13,1.5408284591609881e-13
2324,4.3090476177405307e-13,7.307579344858325e-13,-2.9985317271177946e-13,1,0,1.6094918348535916e-12,5.925521090284183e-13
2325,4.878114587902295e-13,5.081383398914804e-13,-2.0326881101250865e-14,1,0,1.1933733769031414e-12,4.393535251495371e-13
2326,6.531675274891672e-13,8.59316042750693e-13,-2.0614851526152575e-13,1,0,1.839198539016012e-12,6.771211568868008e-13
2327,4.594605883734013e-13,4.96410684367398e-13,-3.695009599399672e-14,1,0,3.232015372110471e-13,1.1899019825288766e-13
2328,7.984679937555445e-13,9.620015571148032e-13,-1.6353356335925875e-13,1,0,1.5423600114248352e-12,5.678367903829829e-13
2329,9.042137070223834e-13,9.654195085781031e-13,-6.120580155571973e-14,1,0,5.961131268094732e-13,2.1946559955217786e-13
2330,3.994388022054676e-12,5.392167042459365e-12,-1.397779020404689e-12,1,0,9.712854983441093e-12,3.5758943167603854e-12
2331,2.1331764551383946e-12,2.7644501512174827e-12,-6.312736960790881e-13,1,0,4.6829937365248326e-12,1.7240956151834625e-12
2332,1.379166359267662e-13,1.6874410786178467e-13,-3.082747193501847e-14,1,0,3.878259913400187e-13,1.4278240133195193e-13
2333,6.465208124138213e-10,9.851486551063936e-10,-3.3862784269257225e-10,1,0,1.810384154730428e-09,6.665128246113337e-10
2334,1.4507388735738238e-13,1.6135563384115537e-13,-1.6281746483772985e-14,1,0,2.8481846312195966e-13,1.0485904765618288e-13
2335,2.493964316299312e-11,2.7194063421198896e-11,-2.2544202582057764e-12,1,0,3.5933873736568604e-11,1.3229450567608204e-11
2336,1.0245933767665758e-13,1.7326388157851372e-13,-7.080454390185614e-14,1,0,3.5120456262642955e-13,1.2929981984259314e-13
2337,1.767452484513092e-11,1.9494840392304242e-11,-1.820315547173323e-12,1,0,2.700232764688231e-11,9.941203707499365e-12
2338,3.265608269198691e-13,3.5872770030907006e-13,-3.216687338920098e-14,1,0,6.153454680183091e-13,2.2654619735209558e-13
2339,1.629438602378267e-13,2.2041387954099334e-13,-5.747001930316665e-14,1,0,4.48387873933929e-13,1.6507892404840136e-13
2340,3.2331800512331153e-13,3.9771373160610414e-13,-7.439572648279261e-14,1,0,6.321037426099556e-13,2.327159403342716e-13
2341,4.097579755551068e-13,6.091991879849248e-13,-1.9944121242981804e-13,1,0,1.1156085344262973e-12,4.1072354367335995e-13
2342,2.8191672626083066e-13,3.34805102753701e-13,-5.2888376492870327e-14,1,0,3.978483000970349e-13,1.4647222445668007e-13
2343,6.382881111411685e-13,7.481886396018811e-13,-1.0990052846071261e-13,1,0,9.556430360472985e-13,3.5183048725417015e-13
2344,3.4303323738011615e-11,3.400626320764642e-11,2.9706053036519387e-13,0,1,6.244463215739722e-11,2.298967766166729e-11
2345,1.0503106165263735e-13,1.4828856633283666e-13,-4.325750468019931e-14,1,0,2.2655832473750992e-13,8.340993736906326e-14
2346,1.549169897549285e-13,1.5964587086058907e-13,-4.728881105660574e-15,1,0,3.230976792229253e-13,1.1895196179305086e-13
2347,2.1414826979932418e-13,3.676286324451642e-13,-1.5348036264584e-13,1,0,8.163112679797513e-13,3.0053396543578284e-13
2348,1.8381951934999725e-13,2.4847079443298714e-13,-6.46512750829899e-14,1,0,4.2517789024038894e-13,1.565339134492184e-13
2349,1.3857546611013775e-13,2.367583659684623e-13,-9.818289985832457e-14,1,0,4.547530940426463e-13,1.6742234979196446e-13
2350,7.048721081890056e-13,7.019726107530216e-13,2.899497435983986e-15,0,1,8.541836896229726e-13,3.144771137219285e-13
2351,3.235404039055078e-13,4.819992944975346e-13,-1.5845889059202675e-13,1,0,1.049393810189964e-12,3.8634586517551064e-13
2352,4.614445407389945e-12,5.413277744409838e-12,-7.988323370198934e-13,1,0,7.194401963601747e-12,2.6486981570292968e-12
2353,2.520015453667628e-13,4.114482594564927e-13,-1.5944671408972993e-13,1,0,8.160662545875132e-13,3.004437610624726e-13
2354,5.432614803756699e-13,5.248652280926684e-13,1.8396252283001485e-14,0,1,1.1025190031876472e-12,4.0590448887998095e-13
2355,1.4806166028200703e-13,3.283605678464297e-13,-1.8029890756442266e-13,1,0,6.979256390061749e-13,2.5694899494518713e-13
2356,3.124951467417292e-12,6.6947763308156534e-12,-3.5698248633983616e-12,1,0,1.431109406717583e-11,5.268786574975398e-12
2357,3.5131840729896725e-12,4.0082867780472605e-12,-4.95102705057588e-13,1,0,9.731147424952281e-12,3.5826288801561167e-12
2358,1.0379446602911305e-11,9.423856092657794e-12,9.55590510253511e-13,0,1,1.7207984818481656e-11,6.3353087449790336e-12
2359,3.1907856791301147e-12,3.779647261800101e-12,-5.888615826699863e-13,1,0,6.814789715414281e-12,2.50893973551673e-12
2360,2.697604572175298e-13,4.510489297701549e-13,-1.812884725526251e-13,1,0,8.528916369462635e-13,3.14001430327965e-13
2361,7.728896005896529e-13,9.868664119475487e-13,-2.1397681135789586e-13,1,0,1.5115034842585013e-12,5.564766207606456e-13
2362,2.3329583207940916e-13,2.4399116884782993e-13,-1.0695336768420776e-14,1,0,3.6167475241850145e-13,1.3315453529306598e-13
2363,2.6508084615302895e-13,3.927110869980663e-13,-1.2763024084503733e-13,1,0,9.124531171565296e-13,3.359296439113896e-13
2364,3.391915374980663e-13,4.098862852792367e-13,-7.069474778117039e-14,1,0,5.042269189756162e-13,1.8563668221099213e-13
2365,1.0748174021277028e-12,1.3937935973846618e-12,-3.1897619525695904e-13,1,0,2.0952087249567927e-12,7.713741206651268e-13
2366,5.890428187824617e-13,6.725396533535211e-13,-8.349683457105946e-14,1,0,9.30421677377389e-13,3.4254496685028654e-13
2367,3.948792989936928e-13,7.795906418387003e-13,-3.847113428450075e-13,1,0,1.6939153107779197e-12,6.236335395937502e-13
2368,6.14919714868358e-13,1.0120304096823037e-12,-3.971106948139456e-13,1,0,1.8476601781390304e-12,6.802364023323535e-13
2369,3.47822778811163e-11,3.630977271279866e-11,-1.5274948316823567e-12,1,0,6.594564765470665e-11,2.4278614996885637e-11
2370,1.3733657308914706e-10,1.3555814192629983e-10,1.7784311628472264e-12,0,1,1.7932817394024557e-10,6.602163824346067e-11
2371,1.2314002789377086e-12,1.371396262784128e-12,-1.3999598384641928e-13,1,0,1.36106763033911e-12,5.010920076901884e-13
2372,7.680657170160819e-13,9.2198245807411e-13,-1.539167410580281e-13,1,0,9.75787800914664e-13,3.59247003852482e-13
2373,1.6065636577487162e-12,2.0628913948387814e-12,-4.563277370900652e-13,1,0,2.6255232733618465e-12,9.666152503813598e-13
2374,3.3389934900723537e-12,3.749510308249882e-12,-4.1051681817752814e-13,1,0,3.6331418594405863e-12,1.3375811076461796e-12
2375,2.429573875218962e-13,2.6184882015130274e-13,-1.8891432629406522e-14,1,0,5.683286679930889e-13,2.0923644565817296e-13
2376,5.782551132926881e-11,9.471758066457387e-11,-3.689206933530506e-11,1,0,1.442950911691454e-10,5.3123823770440426e-11
2377,2.441497112587608e-12,2.781476343251198e-12,-3.3997923066359003e-13,1,0,5.70871702833085e-12,2.101726918851751e-12
2378,4.2005263138430807e-13,5.049885409073833e-13,-8.493590952307528e-14,1,0,8.604719735488036e-13,3.1679221456415154e-13
2379,1.4133655228403672e-12,1.7706928633670188e-12,-3.5732734052665157e-13,1,0,3.305041834451952e-12,1.2167874772783824e-12
2380,2.0851807880127977e-12,2.8000729781455614e-12,-7.148921901327637e-13,1,0,5.505659685590765e-12,2.0269691263058267e-12
2381,1.2133398507748805e-12,1.3603531517449932e-12,-1.470133009701127e-13,1,0,1.8116655031542686e-12,6.669845671169526e-13
2382,1.7947702516424707e-12,2.2894507597821755e-12,-4.946805081397048e-13,1,0,2.7173334785825815e-12,1.0004161865251752e-12
2383,2.8194806369001943e-12,3.1220511899820228e-12,-3.025705530818285e-13,1,0,3.220777064165067e-12,1.1857644759378192e-12
2384,6.343521497354799e-13,6.357395432444761e-13,-1.3873935089962707e-15,1,0,7.028950762609985e-13,2.587785478899512e-13
2385,2.7041914231896076e-13,2.827391330427387e-13,-1.2319990723777943e-14,1,0,5.833152664008913e-13,2.1475392658066116e-13
2386,2.758546047299572e-13,3.314947428600566e-13,-5.564013813009941e-14,1,0,5.69012904831618e-13,2.09488354970768e-13
2387,5.340277327336419e-13,6.930468614481347e-13,-1.5901912871449277e-13,1,0,1.421786948171551e-12,5.234464919200836e-13
2388,5.180223552899141e-12,4.805464064815298e-12,3.747594880838433e-13,0,1,1.377163938324068e-11,5.070180403903949e-12
2389,2.9943938151553648e-12,4.152487068803132e-12,-1.1580932536477674e-12,1,0,5.712667887809824e-12,2.103181471193083e-12
2390,3.224821340345699e-13,4.636455704675539e-13,-1.41163436432984e-13,1,0,9.144469689183224e-13,3.3666370235204507e-13
2391,2.710169753517391e-12,3.2389386908536434e-12,-5.287689373362523e-13,1,0,3.6262368751240637e-12,1.3350389617769302e-12
2392,1.4055548635925028e-12,2.1157307653506105e-12,-7.101759017581077e-13,1,0,3.56089112299937e-12,1.3109812049129086e-12
2393,4.00079567923996e-13,4.071184361033502e-13,-7.038868179354219e-15,1,0,9.895704459033283e-13,3.64321236090986e-13
2394,1.528714472445805e-13,2.65049289038142e-13,-1.1217784179356149e-13,1,0,5.569321541304677e-13,2.0504069381984064e-13
2395,3.7561395853407863e-13,4.209029032784563e-13,-4.528894474437767e-14,1,0,6.821986718651941e-13,2.511589391361395e-13
2396,2.633174894583541e-13,3.4120147021949544e-13,-7.788398076114135e-14,1,0,7.033810040132072e-13,2.5895744753278966e-13
2397,4.458796354045914e-13,5.791711307657394e-13,-1.3329149536114794e-13,1,0,1.1735276283336772e-12,4.3204709468780476e-13
2398,2.989839970747382e-12,3.873785146614064e-12,-8.839451758666818e-13,1,0,5.353045107437133e-12,1.970782391962037e-12
2399,5.391985463925537e-13,8.275788776598577e-13,-2.8838033126730397e-13,1,0,1.5132849106617837e-12,5.571324724707848e-13
2400,4.4109653975885893e-13,6.253996254507889e-13,-1.8430308569193e-13,1,0,9.014840325072775e-13,3.3189125483586076e-13
2401,3.5101066635904243e-13,3.873596959843026e-13,-3.634902962526015e-14,1,0,4.945490793361743e-13,1.820736791779809e-13
2402,4.29862200266057e-13,5.262463450591633e-13,-9.638414479310626e-14,1,0,8.073418602942297e-13,2.9723177941302806e-13
2403,4.1575176493659386e-13,4.633818616667401e-13,-4.763009673014623e-14,1,0,5.653287448012804e-13,2.0813199096276212e-13
2404,3.33037654534677e-12,4.223928269560024e-12,-8.935517242132536e-13,1,0,6.190184171137597e-12,2.2789843393120273e-12
2405,2.1355283990106617e-13,2.750409638630031e-13,-6.148812396193695e-14,1,0,5.803749034436269e-13,2.136713996402281e-13
2406,2.2689433191457384e-13,4.0421990746178533e-13,-1.7732557554721149e-13,1,0,8.624471604033336e-13,3.1751940131405107e-13
2407,2.012619994199626e-13,2.9280346358764265e-13,-9.154146416768004e-14,1,0,3.752240721951628e-13,1.381428662902788e-13
2408,8.807283791446802e-13,1.0006349764448672e-12,-1.1990659730018699e-13,1,0,2.324048033989648e-12,8.556238274729648e-13
2409,8.229159535636194e-12,8.154012698462407e-12,7.514683717378704e-14,0,1,8.359726141420395e-12,3.0777250612453476e-12
2410,4.537744107167195e-11,4.7755156917913466e-11,-2.377715846241518e-12,1,0,5.7052642090410614e-11,2.100455725480059e-11
2411,8.311614093499205e-13,1.252162111373715e-12,-4.2100070202379453e-13,1,0,1.8200167948503684e-12,6.700591869444497e-13
2412,1.9756137105759028e-12,2.226979949066527e-12,-2.5136623849062413e-13,1,0,2.1776958564805965e-12,8.017426647569213e-13
2413,5.244491857692028e-13,8.939597465373442e-13,-3.695105607681414e-13,1,0,1.482485443058722e-12,5.457933099538114e-13
2414,5.65484876897922e-13,8.373750489320277e-13,-2.718901720341057e-13,1,0,1.6676835779422254e-12,6.139760388356463e-13
2415,7.211228876748834e-14,1.1582468214340099e-13,-4.3712393375912646e-14,1,0,2.257235265378301e-13,8.310259723653106e-14
2416,3.167458497116033e-13,4.983980036804605e-13,-1.8165215396885718e-13,1,0,7.262226144023315e-13,2.6736683745113757e-13
2417,3.1125048586881275e-12,4.330538558736653e-12,-1.2180337000485253e-12,1,0,6.8839690425291705e-12,2.5344088651484587e-12
2418,1.1715090406745075e-12,1.488580475972389e-12,-3.1707143529788143e-13,1,0,2.1610286721279996e-12,7.9560645764743e-13
2419,8.834471429012085e-13,1.2525875947156623e-12,-3.6914045181445383e-13,1,0,1.7482894095815372e-12,6.436519616974784e-13
2420,2.836105706034493e-13,3.0810424523700805e-13,-2.4493674633558767e-14,1,0,4.207923810890603e-13,1.549193400537469e-13
2421,4.1118496254542694e-13,5.494951045527307e-13,-1.383101420073038e-13,1,0,8.791964457496232e-13,3.236858348067475e-13
2422,1.6748939894995084e-13,2.3738287367971987e-13,-6.989347472976902e-14,1,0,3.628199497808267e-13,1.3357615228894302e-13
2423,5.522261828561844e-12,5.927248418567406e-12,-4.049865900055623e-13,1,0,1.3317965606209434e-11,4.903155416532573e-12
2424,1.6591450683610727e-13,2.236967272737702e-13,-5.778222043766294e-14,1,0,3.3990266277577357e-13,1.2513890119267444e-13
2425,3.713131021494091e-13,4.820670836376856e-13,-1.1075398148827652e-13,1,0,5.94198376724838e-13,2.187606632633795e-13
2426,2.234403784383781e-12,2.1191795040131717e-12,1.152242803706091e-13,0,1,2.4782025643049735e-12,9.123775121307939e-13
2427,4.850563470017608e-13,6.551713206480598e-13,-1.7011497364629905e-13,1,0,1.0018619825881034e-12,3.6884650041854697e-13
2428,1.4327035904761663e-13,2.696116598574396e-13,-1.2634130080982298e-13,1,0,4.985404990840981e-13,1.8354316422812724e-13
2429,5.272336457799222e-13,6.399819240967513e-13,-1.1274827831682908e-13,1,0,9.604688121530145e-13,3.536071497679015e-13
2430,1.2513454296297696e-12,1.3664097696598303e-12,-1.1506434003006074e-13,1,0,2.6698895682487294e-12,9.829491894767332e-13
2431,3.3507474592954025e-13,5.456849810749386e-13,-2.1061023514539836e-13,1,0,8.380527120461376e-13,3.0853831703041677e-13
2432,4.8691502183293966e-11,6.572457607195548e-11,-1.7033073888661518e-11,1,0,1.3191351829990854e-10,4.85654116319764e-11
2433,3.451433922196843e-13,4.1036613581708064e-13,-6.522274359739635e-14,1,0,3.9771220926850357e-13,1.4642212112237332e-13
2434,6.154621475233903e-13,7.025131832290118e-13,-8.70510357056215e-14,1,0,1.2187509597627735e-12,4.4869656120593705e-13
2435,3.7678791680245885e-13,5.740304568276386e-13,-1.9724254002517978e-13,1,0,7.637809824660672e-13,2.8119436346021273e-13
2436,5.191706950187548e-13,6.477830296948526e-13,-1.286123346760978e-13,1,0,1.3671963641635977e-12,5.033483684089766e-13
2437,7.640264100197628e-13,1.5942659129229138e-12,-8.302395029031509e-13,1,0,3.1202844995680214e-12,1.1487670337612511e-12
2438,2.6217292659819514e-13,4.0482482176104784e-13,-1.426518951628527e-13,1,0,7.76896900900785e-13,2.8602313298984736e-13
2439,4.052136373954209e-12,4.469255947074468e-12,-4.171195731202586e-13,1,0,2.880294133309364e-12,1.0604119426737553e-12
2440,2.4463139736770775e-12,2.2853751241454733e-12,1.609388495316042e-13,0,1,3.549217639492394e-12,1.3066834836558163e-12
2441,3.098532112916082e-13,4.3906223844954163e-13,-1.2920902715793343e-13,1,0,6.958663257551329e-13,2.561908361377732e-13
2442,1.330174966864557e-13,1.6392812827802131e-13,-3.0910631591565617e-14,1,0,2.9368939547324697e-13,1.0812497890229068e-13
2443,4.4669589510081755e-13,7.216104182475393e-13,-2.7491452314672175e-13,1,0,1.3941977854457678e-12,5.132892384283452e-13
2444,2.7545365464967117e-13,3.7265951447438583e-13,-9.720585982471466e-14,1,0,6.33264654645481e-13,2.331433428598082e-13
2445,2.98491944367086e-13,4.6815135210994e-13,-1.6965940774285397e-13,1,0,7.093545754483684e-13,2.611566835125476e-13
2446,2.4773883876856714e-13,4.2912430623449123e-13,-1.8138546746592408e-13,1,0,8.197688905868422e-13,3.018069272015332e-13
2447,2.4171898317632903e-13,4.202866389910881e-13,-1.7856765581475908e-13,1,0,8.135547042426466e-13,2.995191061984005e-13
2448,5.857239376440198e-12,9.351425950197067e-12,-3.4941865737568692e-12,1,0,1.937740557707606e-11,7.1340048414970264e-12
2449,1.5026852536577648e-13,3.0562054787450174e-13,-1.5535202250872526e-13,1,0,6.605175694187766e-13,2.431768029721157e-13
2450,1.2601312507954873e-13,1.7453140906025575e-13,-4.851828398070702e-14,1,0,3.11888478420083e-13,1.148251713164459e-13
2451,1.8839346249165294e-12,1.9950906774013418e-12,-1.1115605248481244e-13,1,0,4.5540410569387986e-12,1.6766202688667655e-12
2452,1.8495944860024058e-10,1.919458540206327e-10,-6.9864054203921146e-12,1,0,1.5264897702847175e-10,5.6199398667641944e-11
2453,4.019913200785156e-13,7.33192023664195e-13,-3.3120070358567936e-13,1,0,1.4554263787724682e-12,5.358312180289314e-13
2454,4.306143681248728e-12,5.280877643519512e-12,-9.747339622707842e-13,1,0,7.037409660062566e-12,2.5908997149689597e-12
2455,3.967467963120724e-13,5.636385110935741e-13,-1.668917147815017e-13,1,0,8.649228206293277e-13,3.184308428363897e-13
2456,1.5805329148751138e-13,2.6849630917584406e-13,-1.1044301768833267e-13,1,0,4.3962432151155385e-13,1.618525259033422e-13
2457,3.622540090541404e-13,4.760777521704903e-13,-1.1382374311634987e-13,1,0,9.465922847497955e-13,3.4849835368661165e-13
2458,1.430011642181714e-12,1.630503149470469e-12,-2.0049150728875502e-13,1,0,2.625303803534638e-12,9.665344501522661e-13
2459,2.4688159021948234e-13,4.742055982791977e-13,-2.2732400805971535e-13,1,0,8.904366424448112e-13,3.2782403676179736e-13
2460,2.5356950358146215e-13,3.259892796663467e-13,-7.241977608488456e-14,1,0,4.233062042112657e-13,1.5584483166577656e-13
2461,1.9948133424156814e-13,3.5651467450333927e-13,-1.5703334026177113e-13,1,0,8.345351646199704e-13,3.0724329328388594e-13
2462,7.968408676927052e-13,1.1637026286513847e-12,-3.668617609586795e-13,1,0,1.8111221227179873e-12,6.667845156370067e-13
2463,2.184913810232584e-12,2.7272081919053364e-12,-5.422943816727523e-13,1,0,3.7852503391513595e-12,1.3935815162856703e-12
2464,6.815519271864042e-13,9.214862845767557e-13,-2.3993435739035143e-13,1,0,1.608440786341773e-12,5.921651539666513e-13
2465,3.8717055733788616e-13,4.2782495221725765e-13,-4.0654394879371486e-14,1,0,4.854525799390366e-13,1.787247029447215e-13
2466,1.2179014813352527e-11,8.402959105063336e-12,3.776055708289191e-12,0,1,1.719610780240569e-11,6.330936090969629e-12
2467,1.489563014365937e-13,1.9530773019094366e-13,-4.6351428754349965e-14,1,0,2.4045433334764544e-13,8.852590567079863e-14
2468,1.1471109313297753e-12,1.276861088742215e-12,-1.297501574124396e-13,1,0,2.3633820866817043e-12,8.701050912946189e-13
2469,6.308473196785173e-12,6.7048134448182215e-12,-3.9634024803304816e-13,1,0,9.027471001689545e-12,3.3235626707796413e-12
2470,2.0111380536253612e-13,3.284807317527909e-13,-1.273669263902548e-13,1,0,5.212908363030259e-13,1.9191895092567807e-13
2471,9.3912797790718e-13,1.0736552122202213e-12,-1.3452723431304118e-13,1,0,1.0691204417340387e-12,3.93608441395123e-13
2472,9.656075228737964e-13,1.1098505829384225e-12,-1.4424306006462614e-13,1,0,2.4989804870608283e-12,9.200271327648317e-13
2473,3.658880325982536e-12,3.945930453639417e-12,-2.8705012765688044e-13,1,0,6.355213233764189e-12,2.339741602562925e-12
2474,3.4821758849419287e-13,6.287970005625121e-13,-2.805794120683192e-13,1,0,1.1952434375491797e-12,4.400420085303315e-13
2475,3.4449245521538445e-13,4.633943300399077e-13,-1.189018748245232e-13,1,0,7.529813273242045e-13,2.772183517200398e-13
2476,8.158641310187475e-13,9.102242560092327e-13,-9.436012499048519e-14,1,0,1.9488908635306843e-12,7.17505591792189e-13
2477,5.863634093631584e-13,1.1622035611866731e-12,-5.758401518235147e-13,1,0,2.265387170238647e-12,8.340271857377514e-13
2478,3.446213512749737e-13,4.488566690677696e-13,-1.0423531779279592e-13,1,0,6.399793187448953e-13,2.3561542024930756e-13
2479,3.861252727619487e-13,5.051167029799894e-13,-1.1899143021804074e-13,1,0,9.946391843546328e-13,3.6618734786266023e-13
2480,1.2539925511058838e-12,1.325028733412879e-12,-7.103618230699514e-14,1,0,1.3041491186122332e-12,4.801368320029581e-13
2481,4.411186144321495e-12,7.682115357585596e-12,-3.270929213264101e-12,1,0,1.651069785933066e-11,6.078594887042301e-12
2482,4.873191768072606e-13,5.632892842196966e-13,-7.597010741243604e-14,1,0,1.129636950961786e-12,4.15888259408118e-13
2483,1.2068413147836586e-12,1.5281230262558551e-12,-3.212817114721966e-13,1,0,1.961222778072803e-12,7.220457216717267e-13
2484,5.213132868401991e-13,6.300475629726406e-13,-1.0873427613244149e-13,1,0,9.016311430387065e-13,3.319454151949076e-13
2485,6.526972827302238e-13,8.505479420078216e-13,-1.9785065927759775e-13,1,0,1.3842732732755409e-12,5.09635420191932e-13
2486,1.0050078468518667e-12,9.782381289539872e-13,2.6769717897879503e-14,0,1,1.9301884088121725e-12,7.106200775277003e-13
2487,4.232615789140722e-11,4.283279107258636e-11,-5.066331811791418e-13,1,0,5.196332810654276e-11,1.9130870374666125e-11
2488,1.66759951161233e-10,1.5182241675858172e-10,1.493753440265127e-11,0,1,2.789348311891607e-10,1.0269292389275036e-10
2489,1.8276500046061972e-13,2.508001649551662e-13,-6.803516449454649e-14,1,0,4.3113765644348734e-13,1.5872806688105828e-13
2490,3.4701088432029587e-13,3.4276218659899826e-13,4.248697721297615e-15,0,1,2.990800604622652e-13,1.1010961146713932e-13
2491,5.433045892542158e-13,6.707610646899467e-13,-1.2745647543573095e-13,1,0,1.0155782783811953e-12,3.738963054714527e-13
2492,1.2010219636480193e-11,1.166603183366901e-11,3.441878028111825e-13,0,1,2.971124970963554e-11,1.0938523138836558e-11
2493,1.2876746616054097e-13,2.1958583180512235e-13,-9.081836564458137e-14,1,0,4.812341710214226e-13,1.7717164933690135e-13
2494,1.4307686169374792e-13,1.9802012712753276e-13,-5.4943265433784845e-14,1,0,4.0370778325373006e-13,1.4862945758276925e-13
2495,1.4759682456428365e-13,2.268822476115837e-13,-7.928542304730006e-14,1,0,3.47452341689518e-13,1.2791839846377031e-13
2496,2.0462423519159936e-13,2.6861845816486893e-13,-6.399422297326957e-14,1,0,6.00576273029569e-13,2.2110875588782994e-13
2497,4.911699310338501e-13,5.141303506986972e-13,-2.296041966484709e-14,1,0,7.027067097665655e-13,2.587091986946776e-13
2498,4.740126117729309e-13,5.655257871988135e-13,-9.15131754258826e-14,1,0,8.323232700397011e-13,3.0642895998308584e-13
2499,5.102351445286851e-13,6.734229193980755e-13,-1.6318777486939034e-13,1,0,8.071527927244458e-13,2.971621721091584e-13
2500,2.520461375784864e-13,2.798771347582896e-13,-2.7830997179803195e-14,1,0,5.783462224108023e-13,2.129245184206315e-13
2501,4.60287007103291e-13,7.711049445836335e-13,-3.1081793748034255e-13,1,0,1.3486357666447193e-12,4.965150804316943e-13
2502,8.646400394624159e-13,9.112618023503129e-13,-4.662176288789698e-14,1,0,1.1742158477655265e-12,4.323004702359036e-13
2503,7.830278790957387e-13,1.102450925719636e-12,-3.194230466238973e-13,1,0,1.7536378441484427e-12,6.45621046668269e-13
2504,3.094715822507835e-13,4.922633542544348e-13,-1.827917720036513e-13,1,0,8.951507715281779e-13,3.2955959519713126e-13
2505,2.7477606277518247e-13,4.093960240608818e-13,-1.3461996128569933e-13,1,0,6.791882948809938e-13,2.5005063576216133e-13
2506,5.364347162502256e-13,5.832092160412424e-13,-4.677449979101682e-14,1,0,6.300631982940375e-13,2.3196469151661405e-13
2507,7.824855077737943e-12,9.213470395631019e-12,-1.3886153178930765e-12,1,0,1.2264583947400977e-11,4.515341381057467e-12
2508,2.504684814188198e-13,3.7286729154417937e-13,-1.2239881012535958e-13,1,0,7.604034724285202e-13,2.799508960174623e-13
2509,4.976562148321921e-12,6.941025365135216e-12,-1.964463216813295e-12,1,0,1.0862938655892505e-11,3.999310261416125e-12
2510,6.023965572708821e-13,8.697261831684855e-13,-2.6732962589760337e-13,1,0,1.8849021155520555e-12,6.939474309194602e-13
2511,4.839313008123189e-13,6.158416419280956e-13,-1.3191034111577668e-13,1,0,1.14985940320755e-12,4.233333774686541e-13
2512,8.765843555436207e-13,1.3729500358167256e-12,-4.963656802731049e-13,1,0,3.1530396848542247e-12,1.1608262152386906e-12
2513,1.6370340522764424e-13,2.559015791875381e-13,-9.219817395989385e-14,1,0,6.648384949422532e-13,2.447675991951507e-13
2514,3.5284313895622954e-13,5.187664223284151e-13,-1.6592328337218557e-13,1,0,9.3843447213551e-13,3.4549496530962534e-13
2515,1.5182564594453836e-12,1.904186617855519e-12,-3.8593015841013536e-13,1,0,2.9579543453274066e-12,1.0890034032965246e-12
2516,4.291656017192491e-12,5.054690926296428e-12,-7.630349091039367e-13,1,0,9.339897398338111e-12,3.4385858826041965e-12
2517,1.666276102764115e-13,2.1487141499319967e-13,-4.8243804716788176e-14,1,0,3.131108111374437e-13,1.1527518654107885e-13
2518,1.7130163030576028e-12,1.624078120526465e-12,8.893818253113776e-14,0,1,2.1090475300091303e-12,7.764690288483309e-13
2519,2.7849971729055035e-12,2.650707416287004e-12,1.3428975661849956e-13,0,1,1.893566193753074e-12,6.971372065365994e-13
2520,3.8666979800175236e-13,6.147117508634057e-13,-2.2804195286165336e-13,1,0,1.0053312194082056e-12,3.7012373808447e-13
2521,6.471100859175373e-13,9.691449090882052e-13,-3.220348231706679e-13,1,0,1.6958644984758244e-12,6.243511544683797e-13
2522,1.6245670602727512e-13,2.1232651646334616e-13,-4.986981043607104e-14,1,0,5.158667229646559e-13,1.8992200398338266e-13
2523,9.314080193483147e-14,1.2699269261995548e-13,-3.385189068512401e-14,1,0,2.6366866357372735e-13,9.707251649370988e-14
2524,1.1034032078447967e-12,1.1397636065766364e-12,-3.6360398731839717e-14,1,0,1.379909170905548e-12,5.080287279382925e-13
2525,3.330704626143305e-13,3.714404263087259e-13,-3.8369963694395435e-14,1,0,6.537402254111043e-13,2.4068164928547234e-13
2526,2.898520448955997e-13,3.7578814169024323e-13,-8.593609679464353e-14,1,0,5.747938045023686e-13,2.1161665672279062e-13
2527,4.4399058042374304e-13,6.063397061313606e-13,-1.6234912570761758e-13,1,0,1.0316728600193635e-12,3.7982170259811424e-13
2528,2.584648476071271e-13,3.252578123862311e-13,-6.679296477910398e-14,1,0,5.161298143372327e-13,1.900188639638508e-13
2529,1.4574798332203271e-12,1.743105982556339e-12,-2.8562614933601193e-13,1,0,1.8757027687453063e-12,6.905605902819499e-13
2530,2.70781865643185e-13,3.53554715599492e-13,-8.277284995630699e-14,1,0,4.866652389788421e-13,1.7917115669863854e-13
2531,4.4077730934023744e-13,4.502366145727429e-13,-9.45930523250544e-15,1,0,8.443238529444125e-13,3.108471064786249e-13
2532,2.60197022240909e-11,2.7909186167793085e-11,-1.8894839437021865e-12,1,0,2.196211331811177e-11,8.085593405046408e-12
2533,1.3686834989608152e-12,1.5515411554969905e-12,-1.8285765653617536e-13,1,0,2.873682480335447e-12,1.0579777899623097e-12
2534,6.798402435911363e-13,7.088200940667593e-13,-2.8979850475623054e-14,1,0,1.5293340161399027e-12,5.630411270492928e-13
2535,1.3367323816346938e-12,2.0833143067168285e-12,-7.465819250821348e-13,1,0,3.882901953416793e-12,1.4295330313725897e-12
2536,1.2570136810423637e-12,1.6921071432644934e-12,-4.350934622221296e-13,1,0,2.625921181327801e-12,9.667617445724577e-13
2537,2.647977279332431e-13,3.320437119334755e-13,-6.72459840002324e-14,1,0,6.831193841223262e-13,2.514979094732096e-13
2538,1.2352905303603856e-12,2.353589083306562e-12,-1.1182985529461764e-12,1,0,5.2318288056381536e-12,1.9261552781586643e-12
2539,1.771121640232111e-13,2.3672044327046014e-13,-5.960827924724905e-14,1,0,4.310476936193706e-13,1.5869494607857257e-13
2540,2.392647276083362e-13,4.597461049715085e-13,-2.2048137736317228e-13,1,0,8.602009542346756e-13,3.1669243582486483e-13
2541,4.478490032471717e-12,2.9797682941872437e-12,1.498721738284473e-12,0,1,1.0093467765761402e-11,3.716021095910892e-12
2542,1.4870137491580698e-13,1.4176285420776766e-13,6.938520708039324e-15,0,1,2.4449953234280035e-13,9.00151901419042e-14
2543,3.7583687590206874e-13,5.233597077283997e-13,-1.4752283182633095e-13,1,0,8.007750689036873e-13,2.9481414298657823e-13
2544,1.6329706076758903e-12,2.053717519990147e-12,-4.207469123142568e-13,1,0,3.5659670207689743e-12,1.3128499524663036e-12
2545,4.559003339591237e-13,5.46897417719742e-13,-9.099708376061831e-14,1,0,1.037589691721288e-12,3.8200004922145115e-13
2546,2.47955647985561e-13,3.32903658841771e-13,-8.494801085620999e-14,1,0,6.481221885441526e-13,2.386133072647037e-13
2547,2.8053739952033506e-13,4.088240736069191e-13,-1.2828667408658404e-13,1,0,7.62696626106984e-13,2.8079514574838657e-13
2548,2.963208350297058e-13,3.1545808542858435e-13,-1.9137250398878553e-14,1,0,4.1809898650356556e-13,1.5392773723382592e-13
2549,1.901537609354978e-12,2.3774761276028077e-12,-4.759385182478297e-13,1,0,4.403619784461395e-12,1.6212410241144416e-12
2550,1.0450437763637554e-12,1.1589256640064166e-12,-1.1388188764266119e-13,1,0,1.9799348542313023e-12,7.289347781750968e-13
2551,1.121962225183969e-12,1.6245668891688513e-12,-5.026046639848823e-13,1,0,3.2375640074641597e-12,1.191944773619741e-12
2552,3.7477005074815796e-13,4.4150925263143245e-13,-6.673920188327449e-14,1,0,5.84210727071068e-13,2.1508360026845185e-13
2553,8.73791033112308e-13,1.0720366949219631e-12,-1.9824566180965508e-13,1,0,1.9935541479855128e-12,7.339488708612328e-13
2554,1.5529647913534593e-12,1.98271540316364e-12,-4.2975061181018066e-13,1,0,2.9206624015305357e-12,1.0752739643095818e-12
2555,4.458760828931856e-13,6.402881345051572e-13,-1.944120516119716e-13,1,0,1.065596933312939e-12,3.923112230427901e-13
2556,1.297557977120003e-13,1.8358587593444254e-13,-5.383007822244225e-14,1,0,3.323655866602717e-13,1.2236404378026972e-13
2557,7.761010350434735e-13,9.022956362129167e-13,-1.2619460116944317e-13,1,0,1.0007318204958618e-12,3.684304188226048e-13
2558,4.4323509831226134e-13,5.672172421323985e-13,-1.239821438201372e-13,1,0,1.0441939403513536e-12,3.8443147594232624e-13
2559,1.4860744537623994e-11,1.631854711485084e-11,-1.4578025772268441e-12,1,0,1.1975396928098434e-11,4.408874001428324e-12
2560,1.9433265707850265e-13,1.766231882166284e-13,1.7709468861874263e-14,0,1,3.2708573876802566e-13,1.2042020974759554e-13
2561,1.3269148711116096e-13,1.7540438248371516e-13,-4.271289537255421e-14,1,0,2.865843302685236e-13,1.0550917105494845e-13
2562,1.2764793255296483e-12,2.100942528902188e-12,-8.244632033725399e-13,1,0,3.9471402615000265e-12,1.4531830705407596e-12
2563,1.1518796355452636e-13,1.7995836768953256e-13,-6.47704041350062e-14,1,0,3.496301677435931e-13,1.2872018906220267e-13
2564,5.942026469136607e-13,7.508904049580532e-13,-1.5668775804439247e-13,1,0,1.4312198766831073e-12,5.2691932822953e-13
2565,3.714154128810065e-13,4.0128698266965425e-13,-2.987156978864774e-14,1,0,5.182947419035695e-13,1.9081590584225418e-13
2566,1.657914966316423e-13,2.489878064390114e-13,-8.319630980736911e-14,1,0,5.531249029499918e-13,2.036390124520087e-13
2567,1.8960893570054793e-12,2.7033205116514606e-12,-8.072311546459813e-13,1,0,4.676800185629717e-12,1.7218153913477142e-12
2568,3.760397830240718e-13,3.734808257501149e-13,2.5589572739568985e-15,0,1,5.20623941368959e-13,1.916734262258167e-13
2569,1.1640720300133253e-12,1.6771937919773124e-12,-5.131217619639871e-13,1,0,2.90738258592084e-12,1.0703848542335747e-12
2570,1.9789530626486569e-13,3.4349691428167917e-13,-1.4560160801681348e-13,1,0,6.164176904355498e-13,2.269409478198675e-13
2571,1.0956100766152257e-12,1.1070626246743021e-12,-1.1452548059076405e-14,1,0,1.5350472157760383e-12,5.651445042894766e-13
2572,3.123544235008097e-13,4.034021855197271e-13,-9.10477620189174e-14,1,0,6.865124469205519e-13,2.527471028357453e-13
2573,1.1692857175792766e-12,2.2770815769486076e-12,-1.107795859369331e-12,1,0,4.489972913923998e-12,1.6530328778388341e-12
2574,4.901764639608346e-13,4.719225076897249e-13,1.8253956271109675e-14,0,1,1.1680360930002388e-12,4.300253255969855e-13
2575,4.2321590199822514e-11,4.1703716708110686e-11,6.178734917118285e-13,0,1,5.7413472950412713e-11,2.113740110182528e-11
2576,4.841958572039774e-13,5.231258033810678e-13,-3.892994617709048e-14,1,0,5.901697162260844e-13,2.1727746762149973e-13
2577,4.930599875491453e-12,3.605120031732775e-12,1.3254798437586776e-12,0,1,7.635730338290051e-12,2.8111780488390163e-12
2578,4.602725869974233e-13,5.821362391288899e-13,-1.2186365213146666e-13,1,0,9.17261876548684e-13,3.377000415349914e-13
2579,1.5694025467656559e-13,2.601698286331447e-13,-1.0322957395657912e-13,1,0,4.915113962250932e-13,1.8095532275326822e-13
2580,5.978509980012346e-13,6.989493929562918e-13,-1.0109839495505728e-13,1,0,8.68083601134181e-13,3.195945189195909e-13
2581,3.556912439961427e-13,4.758172423937072e-13,-1.2012599839756453e-13,1,0,5.08304109732169e-13,1.871377448006798e-13
2582,1.0746376663224297e-12,1.343937786116076e-12,-2.693001197936462e-13,1,0,3.0067598905800954e-12,1.1069717012061524e-12
2583,5.404131753708798e-13,8.896026464844942e-13,-3.491894711136144e-13,1,0,1.3823641589825945e-12,5.089325587817873e-13
2584,7.89660121598033e-13,8.550290553782795e-13,-6.536893378024648e-14,1,0,1.3428999032771783e-12,4.944033592896952e-13
2585,4.162115876366469e-12,4.597932688124097e-12,-4.3581681175762785e-13,1,0,6.22167858938914e-12,2.2905793555484858e-12
2586,5.393903385596816e-13,6.436447784548782e-13,-1.042544398951966e-13,1,0,7.209495964966556e-13,2.6542551795308797e-13
2587,1.4843391813033476e-13,1.6851479514267384e-13,-2.0080877012339086e-14,1,0,2.953561911548427e-13,1.0873862805232745e-13
2588,5.954322776517979e-13,7.692026767605812e-13,-1.7377039910878327e-13,1,0,1.0286028338276045e-12,3.786914387127651e-13
2589,2.905749701371272e-13,4.351493218524729e-13,-1.445743517153457e-13,1,0,6.938102844368993e-13,2.5543388192838466e-13
2590,1.3315313731891502e-11,1.5836400617697775e-11,-2.5210868858062725e-12,1,0,2.2920345449828713e-11,8.438377096328273e-12
2591,4.4844555598753745e-13,5.96012091790007e-13,-1.475665358024696e-13,1,0,7.527689795856717e-13,2.7714017356617144e-13
2592,3.520870357515189e-13,4.2993067924772785e-13,-7.784364349620896e-14,1,0,5.59149104213609e-13,2.058568883595884e-13
2593,3.1227965093480816e-12,3.0182129315379875e-12,1.0458357781009409e-13,0,1,3.802006717239732e-12,1.3997505610493214e-12
2594,1.4971764180629633e-12,1.4405414579429064e-12,5.6634960120056953e-14,0,1,1.2114583873700751e-12,4.460117205264384e-13
2595,1.2377410114317895e-12,1.5720664718748393e-12,-3.3432546044304987e-13,1,0,2.0048041966359486e-12,7.380906999218905e-13
2596,2.5770782378863927e-12,2.9554275436584985e-12,-3.783493057721058e-13,1,0,5.14453079683204e-12,1.8940155567187296e-12
2597,2.213628420055727e-12,2.1771992860232096e-12,3.642913403251742e-14,0,1,2.7245858832108515e-12,1.003086239000713e-12
2598,3.7756015162761886e-13,4.8871573811707e-13,-1.1115558648945114e-13,1,0,1.1753406676413713e-12,4.3271458503616263e-13
2599,2.80466036657814e-12,3.1364259421887124e-12,-3.3176557561057256e-13,1,0,4.750978670761897e-12,1.7491250159495717e-12
2600,3.836251333981933e-11,3.9918965120631865e-11,-1.5564517808125369e-12,1,0,5.819206584698368e-11,2.1424048634261905e-11
2601,4.979674820772243e-13,5.725282245018953e-13,-7.456074242467093e-14,1,0,1.0958212523983655e-12,4.034386383115022e-13
2602,2.8074457367194284e-12,3.2217952143787383e-12,-4.1434947765931e-13,1,0,4.060840447726802e-12,1.4950430437861213e-12
2603,1.683828002941239e-12,1.7248832155394762e-12,-4.105521259823728e-14,1,0,1.5436433943666658e-12,5.683092819187614e-13
2604,2.6739901208890425e-13,2.798374507469016e-13,-1.2438438657997375e-14,1,0,4.4865262237220644e-13,1.651763940958201e-13
2605,6.578393667560891e-13,5.811495612786175e-13,7.668980547747161e-14,0,1,7.155954586963247e-13,2.634543332742272e-13
2606,5.490716251329364e-13,5.849347566437296e-13,-3.5863131510793226e-14,1,0,1.3670718230375176e-12,5.033025172245707e-13
2607,5.267042699242918e-13,5.803063227383245e-13,-5.3602052814032664e-14,1,0,8.423712089440676e-13,3.101282191282636e-13
2608,2.6473165653494183e-13,2.8471177334894196e-13,-1.9980116814000134e-14,1,0,3.921975556225735e-13,1.443918407707154e-13
2609,4.0994260565611417e-13,6.223073303180406e-13,-2.123647246619264e-13,1,0,1.1527849698243657e-12,4.244104569737235e-13
2610,4.1182342749847634e-13,5.425725542515667e-13,-1.3074912675309038e-13,1,0,1.3136695363075118e-12,4.83641878416991e-13
2611,2.3091274577827265e-13,3.1021252608541504e-13,-7.929978030714239e-14,1,0,5.054847248950367e-13,1.8609975728485159e-13
2612,1.7537107624729994e-13,2.0544216602778174e-13,-3.0071089780481806e-14,1,0,3.795116178271396e-13,1.3972137333937766e-13
2613,2.772801310887373e-13,3.144581016940065e-13,-3.7177970605269166e-14,1,0,5.618211052621224e-13,2.06840614913732e-13
2614,6.48790556910123e-13,9.60931673489097e-13,-3.1214111657897407e-13,1,0,1.5712580060879824e-12,5.784759047379169e-13
2615,9.729196005673567e-11,1.2817373923909087e-10,-3.08817791823552e-11,1,0,2.546737979847909e-10,9.376095786400345e-11
2616,1.1408075220042945e-11,1.1999712043991e-11,-5.91636823948056e-13,1,0,1.7026373447731525e-11,6.268446522735253e-12
2617,3.259207158964537e-13,3.815155751097145e-13,-5.559485921326079e-14,1,0,6.603370540384285e-13,2.431103442507845e-13
2618,2.1888002300969791e-13,2.500966794304741e-13,-3.1216656420776174e-14,1,0,4.0455893071278384e-13,1.4894281687483573e-13
2619,1.9618056779495894e-11,2.775407323370243e-11,-8.136016454206536e-12,1,0,4.0506941009271553e-11,1.4913075546926888e-11
2620,7.989971714444857e-13,7.95625079341798e-13,3.3720921026876944e-15,0,1,1.240277212530601e-12,4.566216877588253e-13
2621,3.932018305275752e-11,4.417530360777472e-11,-4.8551205550171985e-12,1,0,4.359743631313751e-11,1.605087536087548e-11
2622,2.7326607194729274e-13,3.7015541152347925e-13,-9.688933957618651e-14,1,0,6.943608442282532e-13,2.556365765668093e-13
2623,1.615693607769024e-13,2.1012756751597892e-13,-4.8558206739076516e-14,1,0,4.2181470107681754e-13,1.552957183936237e-13
2624,7.938402509520704e-13,9.260995505168695e-13,-1.3225929956479918e-13,1,0,1.3952874286241221e-12,5.136904025407938e-13
2625,1.4700540271604226e-12,1.8308249633609606e-12,-3.6077093620053805e-13,1,0,3.80522926883734e-12,1.4009369788392503e-12
2626,6.93130846632674e-13,8.45204595145562e-13,-1.52073748512888e-13,1,0,1.4797146660552865e-12,5.447732179462104e-13
2627,1.912141896942225e-12,1.890990098834318e-12,2.115179810790674e-14,0,1,3.0148796962547508e-12,1.109961096910577e-12
2628,3.623172163106069e-13,3.42540276872654e-13,1.97769394379529e-14,0,1,6.560689317659672e-13,2.4153898812497466e-13
2629,1.6707568243068348e-13,1.6775212195938868e-13,-6.764395287052005e-16,1,0,3.3914019999401276e-13,1.248581921392923e-13
2630,3.7650101368266713e-13,4.693106845311773e-13,-9.280967084851021e-14,1,0,7.265011748715531e-13,2.674693925495573e-13
2631,3.6460832879730275e-13,5.734358794302219e-13,-2.0882755063291916e-13,1,0,8.943380578400821e-13,3.2926038572027095e-13
2632,2.8988844352724955e-12,3.973924658137133e-12,-1.0750402228646377e-12,1,0,7.623404696026731e-12,2.8066402281678578e-12
2633,9.01379142733163e-14,1.313487773605391e-13,-4.1210863087222796e-14,1,0,2.763811744902514e-13,1.0175276711164381e-13
2634,4.2408844046140017e-13,5.368754651428974e-13,-1.1278702468149726e-13,1,0,1.1429996049261395e-12,4.2080786733487384e-13
2635,4.184893672778945e-12,4.563365378460748e-12,-3.7847170568180293e-13,1,0,4.305661135313919e-12,1.5851764707610585e-12
2636,7.210788665857069e-14,1.1017706623633589e-13,-3.8069179577765196e-14,1,0,1.7759815657528857e-13,6.538471333582091e-14
2637,1.3669532784889802e-12,1.4818177074364275e-12,-1.1486442894744736e-13,1,0,1.4130342596449059e-12,5.202240934376432e-13
2638,2.657508717603363e-13,3.456359163534526e-13,-7.98850445931163e-14,1,0,5.386103103166069e-13,1.9829530564321777e-13
2639,1.4978620359929278e-12,1.5124650410314914e-12,-1.4603005038563577e-14,1,0,2.3879540451867403e-12,8.791515278902058e-13
2640,1.3919726092285228e-12,1.82569774344995e-12,-4.3372513422142706e-13,1,0,3.1475209175696086e-12,1.1587944204057372e-12
2641,4.1333008509050175e-13,5.938100997316714e-13,-1.8048001464116965e-13,1,0,1.0898438225907956e-12,4.012379818295344e-13
2642,8.122548341280423e-13,1.169246974004171e-12,-3.569921398761287e-13,1,0,1.944686324233983e-12,7.159576444377498e-13
2643,1.6084530037788082e-12,1.5067596029044239e-12,1.0169340087438432e-13,0,1,3.6364635217594384e-12,1.3388040141374666e-12
2644,2.048655454232015e-12,2.917700793013768e-12,-8.690453387817531e-13,1,0,5.026262318011205e-12,1.8504737163444705e-12
2645,1.7167913680563096e-13,1.829128495907765e-13,-1.1233712785145541e-14,1,0,2.1723537504557485e-13,7.997759097084466e-14
2646,3.208479791060472e-13,3.394946584263523e-13,-1.8646679320305093e-14,1,0,4.719251486307959e-13,1.7374443042773532e-13
2647,8.392674993010487e-13,1.6389845272166665e-12,-7.997170279156177e-13,1,0,2.9270296231675244e-12,1.077618126937777e-12
2648,4.4457134655487834e-13,5.786912234220915e-13,-1.3411987686721318e-13,1,0,9.901758771584688e-13,3.6454413226189936e-13
2649,6.538241043714902e-13,8.697544952874094e-13,-2.1593039091591917e-13,1,0,1.8102664018834776e-12,6.664694726064999e-13
2650,7.962106477454081e-13,1.0176836897630146e-12,-2.2147304201760643e-13,1,0,1.2985148395770031e-12,4.780625102494191e-13
2651,3.0313567782521683e-12,4.154321247644202e-12,-1.1229644693920334e-12,1,0,7.38888022759505e-12,2.7202974674413934e-12
2652,2.729660724918462e-13,2.8752432922962705e-13,-1.4558256737780838e-14,1,0,4.992177416003821e-13,1.8379249850411275e-13
2653,8.602596137104134e-12,1.0021355952517814e-11,-1.41875981541368e-12,1,0,1.8647898175908074e-11,6.865428673694813e-12
2654,1.0447391477733758e-13,2.0702647036014872e-13,-1.0255255558281115e-13,1,0,4.3502184173961e-13,1.6015807238915333e-13
2655,6.619067748205997e-13,8.493223828043636e-13,-1.874156079837639e-13,1,0,1.241991229828962e-12,4.5725272206609e-13
2656,4.884486303729421e-13,4.417199460654305e-13,4.6728684307511616e-14,0,1,4.982159842506121e-13,1.834236905254162e-13
2657,5.550846371280811e-13,4.776055725537955e-13,7.74790645742856e-14,0,1,6.720891571572864e-13,2.4743701018210446e-13
2658,5.3554330496482415e-12,5.453719197749904e-12,-9.828614810166268e-14,1,0,1.1623634566150497e-11,4.27936882163471e-12
2659,4.698823681222007e-11,4.86925100838342e-11,-1.7042732716141335e-12,1,0,9.05888640000642e-11,3.3351285949586384e-11
2660,4.3153280845918576e-12,5.947485252044975e-12,-1.6321571674531173e-12,1,0,1.1961368732319551e-11,4.403709366967536e-12
2661,1.3243967821200053e-13,2.2088926981198812e-13,-8.844959159998758e-14,1,0,4.238393242136738e-13,1.5604110565421894e-13
2662,3.665563354602247e-12,5.465120299105563e-12,-1.799556944503316e-12,1,0,1.0229709742289158e-11,3.7661800770138104e-12
2663,2.6080379314276717e-13,3.5448327515222995e-13,-9.367948200946279e-14,1,0,6.945767929152438e-13,2.557160804494306e-13
2664,4.507772014816367e-13,6.329782478597759e-13,-1.8220104637813917e-13,1,0,1.1313020958711397e-12,4.1650130080821007e-13
2665,1.3312024601688225e-12,1.9641161235923297e-12,-6.329136634235072e-13,1,0,3.709616884918511e-12,1.365736228817744e-12
2666,4.619384852029128e-12,4.652617540476611e-12,-3.3232688447483074e-14,1,0,6.213189522849101e-12,2.2874540123979004e-12
2667,1.5120551443415598e-13,1.9940697205671672e-13,-4.820145762256074e-14,1,0,2.998605403658356e-13,1.1039695372194298e-13
2668,9.115999765810651e-13,1.171463199563455e-12,-2.5986322298238987e-13,1,0,2.511097781136869e-12,9.244882477608756e-13
2669,3.936514999012649e-13,5.683303300407094e-13,-1.7467883013944445e-13,1,0,9.181498857398225e-13,3.3802697187887447e-13
2670,1.6957488892155806e-12,1.8475895783994098e-12,-1.518406891838292e-13,1,0,2.5026807749033673e-12,9.213894344041613e-13
2671,4.199977872927366e-13,7.415440968074683e-13,-3.215463095147317e-13,1,0,1.3949859623432765e-12,5.135794144160654e-13
2672,1.597468699375014e-13,3.16919469819694e-13,-1.5717259988219258e-13,1,0,6.763580695116617e-13,2.490086571852548e-13
2673,1.1422511404163506e-13,1.5546469475472012e-13,-4.1239580713085056e-14,1,0,3.0880284668389137e-13,1.136891620783924e-13
2674,2.079753683619117e-13,2.2205097253747699e-13,-1.4075604175565284e-14,1,0,3.481975330699629e-13,1.2819274886092694e-13
2675,2.936477653733956e-13,3.589096230615762e-13,-6.52618576881806e-14,1,0,6.880093876389495e-13,2.53298218014194e-13
2676,1.768236884846318e-12,1.9891319280529564e-12,-2.2089504320663843e-13,1,0,2.0376472070850256e-12,7.501822151983338e-13
2677,1.0927229974228579e-11,1.0517943206776866e-11,4.092867674517131e-13,0,1,1.0744256278796968e-11,3.9556160398428516e-12
2678,5.01977434136361e-13,7.27910054056008e-13,-2.2593261991964704e-13,1,0,1.7477832235754652e-12,6.434656037558204e-13
2679,6.815130888515888e-13,7.045210774679082e-13,-2.3007988616319384e-14,1,0,7.054316167097227e-13,2.597124031354264e-13
2680,2.114303012942018e-12,2.1128564839492177e-12,1.446528992800183e-15,0,1,2.9276207761424786e-12,1.0778357664029063e-12
2681,7.374390343107644e-13,9.192153014082054e-13,-1.81776267097441e-13,1,0,2.153953524038386e-12,7.930016641148365e-13
2682,3.740169404373574e-12,4.180325428692771e-12,-4.4015602431919657e-13,1,0,5.076588383297678e-12,1.869001810416668e-12
2683,2.3993791106789716e-13,3.6234233456062443e-13,-1.2240442349272727e-13,1,0,7.156615480946265e-13,2.6347866481260483e-13
2684,1.5388235982892933e-12,1.9151580355821448e-12,-3.7633443729285145e-13,1,0,2.912079443156855e-12,1.0721140538484702e-12
2685,4.01327585456418e-12,5.369283417841211e-12,-1.3560075632770314e-12,1,0,1.1921232925844134e-11,4.388932928678412e-12
2686,3.978151805113723e-12,4.315327799685163e-12,-3.371759945714395e-13,1,0,8.79933034260515e-12,3.239570179629235e-12
2687,5.881948549042859e-13,8.977689754968641e-13,-3.0957412059257815e-13,1,0,1.4291912141643154e-12,5.26172453826078e-13
2688,8.354988055921396e-13,9.945358728288346e-13,-1.59037067236695e-13,1,0,2.1259706119942546e-12,7.826994474838244e-13
2689,1.4386961782360401e-12,1.9395677788277653e-12,-5.008716005917251e-13,1,0,3.616038088347652e-12,1.3312841663296804e-12
2690,5.171223352772875e-13,6.928103776441654e-13,-1.756880423668779e-13,1,0,1.0337488698093583e-12,3.8058600841985637e-13
2691,2.1726543560133947e-13,3.233738217372932e-13,-1.0610838613595374e-13,1,0,5.053367482259815e-13,1.8604527804771794e-13
2692,3.430338177046962e-13,5.783736230044819e-13,-2.353398052997857e-13,1,0,1.2679760304085272e-12,4.668193120000518e-13
2693,3.0330537519876685e-13,3.549780373647708e-13,-5.167266216600396e-14,1,0,6.266864145644587e-13,2.30721491472125e-13
2694,3.6514134101065394e-13,3.488668808172426e-13,1.6274460193411347e-14,0,1,6.944967610257264e-13,2.556866158296692e-13
2695,9.060950883757305e-13,8.524961553880092e-13,5.359893298772126e-14,0,1,1.1884808345199894e-12,4.3755228189693535e-13
2696,1.7236878950159416e-11,2.0282939311351675e-11,-3.0460603611922584e-12,1,0,3.230606387801378e-11,1.1893832494692479e-11
2697,1.1464673692760503e-10,1.2286301306883498e-10,-8.216276141229943e-12,1,0,9.530427346252439e-11,3.5087315770556254e-11
2698,2.5836389379770253e-13,2.79547664090799e-13,-2.1183770293096467e-14,1,0,4.768630458687185e-13,1.7556237156861896e-13
2699,3.005816599068687e-13,4.904335493532711e-13,-1.8985188944640235e-13,1,0,8.916281703720862e-13,3.282627108643829e-13
2700,3.147156885240435e-13,4.241548948354942e-13,-1.0943920631145066e-13,1,0,8.325831796742845e-13,3.0652464857174105e-13
2701,2.2216622662873404e-13,2.377358965470228e-13,-1.5569669918288752e-14,1,0,3.9768799986497236e-13,1.464132081643762e-13
2702,3.3028859000762826e-13,3.9395921645584216e-13,-6.36706264482139e-14,1,0,8.139032459146399e-13,2.996474256457885e-13
2703,3.449761416437651e-12,3.8135765180745176e-12,-3.638151016368664e-13,1,0,5.834318990900262e-12,2.147968661870835e-12
2704,3.2391390282406556e-13,3.7648703126256285e-13,-5.25731284384973e-14,1,0,6.553195414912534e-13,2.4126309185874265e-13
2705,1.7028122083344577e-13,3.551260583750839e-13,-1.8484483754163814e-13,1,0,8.517045724468492e-13,3.135643994854042e-13
2706,3.5686982587080775e-13,3.841629369246798e-13,-2.729311105387206e-14,1,0,4.697366747783563e-13,1.7293871972530442e-13
2707,6.396606656725096e-13,1.2597647200504628e-12,-6.201040543779532e-13,1,0,2.533551356768035e-12,9.327547784181663e-13
2708,3.574301738094375e-11,4.187253762084149e-11,-6.129520239897742e-12,1,0,6.278930591396012e-11,2.3116573093477092e-11
2709,1.7734771076263437e-12,2.047066023380714e-12,-2.735889157543705e-13,1,0,4.306743652455479e-12,1.5855750113447386e-12
2710,6.119268412366158e-13,7.26921326967514e-13,-1.1499448573089812e-13,1,0,9.470763362362721e-13,3.486765625615986e-13
2711,6.533160606159107e-13,7.503471019727927e-13,-9.703104135688201e-14,1,0,7.297224264785872e-13,2.686553317336681e-13
2712,1.236723149033359e-13,1.6790376844000144e-13,-4.4231453536665546e-14,1,0,3.2168318765365644e-13,1.184312011750578e-13
2713,3.034013846495143e-11,4.2996089728294225e-11,-1.2655951263342797e-11,1,0,6.419434069782554e-11,2.3633852091983768e-11
2714,5.227864331129177e-13,6.096200353994946e-13,-8.683360228657692e-14,1,0,5.108716688967956e-13,1.8808301992734306e-13
2715,5.856636185687887e-13,5.638833662019366e-13,2.1780252366852092e-14,0,1,7.588650896003833e-13,2.7938452347082023e-13
2716,3.5550318061959055e-13,6.757511468559587e-13,-3.202479662363681e-13,1,0,1.418024479075775e-12,5.220612975689366e-13
2717,4.84282042455912e-13,7.000415162525469e-13,-2.1575947379663495e-13,1,0,1.1546599854764398e-12,4.2510076459445076e-13
2718,1.7608391484609732e-12,2.3065507437334608e-12,-5.457115952724875e-13,1,0,2.854014598960617e-12,1.0507368432632315e-12
2719,1.6977658750982473e-12,1.9336467989962144e-12,-2.3588092389796715e-13,1,0,1.8149090122451577e-12,6.68178700638378e-13
2720,1.4254856305660159e-12,1.6337356703781566e-12,-2.0825003981214073e-13,1,0,4.477134220121727e-12,1.6483061716046284e-12
2721,9.685906672287656e-13,1.3949971600013408e-12,-4.2640649277257523e-13,1,0,2.9006184854344183e-12,1.0678945762948402e-12
2722,3.0470753538507892e-12,2.850958478579554e-12,1.9611687527123526e-13,0,1,4.69108304125937e-12,1.727073781631545e-12
2723,2.723547235857154e-12,3.167355346569838e-12,-4.4380811071268406e-13,1,0,2.9722209330005444e-12,1.0942558043533623e-12
2724,3.81675443161422e-13,4.395004021442468e-13,-5.782495898282479e-14,1,0,9.065368323803182e-13,3.337514986447653e-13
2725,2.7470984600385644e-13,3.295511971555945e-13,-5.484135115173805e-14,1,0,5.159888411202467e-13,1.899669631245718e-13
2726,1.6681335106644095e-13,1.9704681033121254e-13,-3.0233459264771586e-14,1,0,3.100982688917097e-13,1.1416608600226855e-13
2727,7.844381075964138e-13,7.336093945499299e-13,5.082871304648392e-14,0,1,1.1774145413331339e-12,4.334781044298626e-13
2728,3.231322306300535e-13,4.876102390401257e-13,-1.644780084100722e-13,1,0,9.124838307669392e-13,3.3594095146463715e-13
2729,6.742466198636114e-13,1.060326296716741e-12,-3.8607967685312966e-13,1,0,1.76140126378846e-12,6.484792349369801e-13
2730,1.9572047223288887e-13,2.847644580315781e-13,-8.904398579868923e-14,1,0,4.4423948481745796e-13,1.6355164899996407e-13
2731,5.538772457836324e-13,6.930464388564792e-13,-1.391691930728468e-13,1,0,1.2283744833922523e-12,4.522395672028896e-13
2732,2.909504146225529e-13,4.0442506765347794e-13,-1.1347465303092505e-13,1,0,8.270529927123212e-13,3.0448864945905783e-13
2733,2.2092384688485504e-13,3.458888317684871e-13,-1.2496498488363205e-13,1,0,5.213405605838888e-13,1.9193725746620046e-13
2734,2.2510282251718246e-13,2.6453080480137455e-13,-3.942798228419209e-14,1,0,3.6849757934557877e-13,1.3566643401639396e-13
2735,2.4220899535458833e-13,3.252164848578091e-13,-8.300748950322079e-14,1,0,6.621060346910486e-13,2.437616139210254e-13
2736,4.751241279232288e-13,6.744607004928887e-13,-1.9933657256965993e-13,1,0,1.1880635655362837e-12,4.3739865973435416e-13
2737,2.0933433747782178e-13,3.552095072232916e-13,-1.4587516974546983e-13,1,0,6.884824536105027e-13,2.5347238245111945e-13
2738,1.7861638223935406e-13,2.6900152674273625e-13,-9.038514450338219e-14,1,0,6.099285830852462e-13,2.2455191162666184e-13
2739,3.5477534673883263e-13,4.743410487582418e-13,-1.195657020194092e-13,1,0,6.787286774654117e-13,2.498814225589306e-13
2740,1.6119524220311417e-12,2.073463777391014e-12,-4.615113553598724e-13,1,0,3.062498789908921e-12,1.1274925896238451e-12
2741,4.412503098785891e-13,4.832890323733038e-13,-4.20387224947147e-14,1,0,7.520973982631403e-13,2.7689292352088855e-13
2742,6.291623175171526e-13,5.786202549433046e-13,5.0542062573847967e-14,0,1,1.3585715368302909e-12,5.001730434301941e-13
2743,1.5096793900201375e-12,1.691270962818715e-12,-1.8159157279857748e-13,1,0,2.8900004796725174e-12,1.06398544077042e-12
2744,1.9181474025615947e-13,2.735716719442954e-13,-8.175693168813591e-14,1,0,4.832217090213924e-13,1.7790338329674676e-13
2745,3.3354497761202434e-12,3.4383234293549316e-12,-1.028736532346882e-13,1,0,7.737305925123176e-12,2.848574217555363e-12
2746,1.242395877033833e-12,1.3436999920422069e-12,-1.0130411500837385e-13,1,0,1.871248927644131e-12,6.889208597281016e-13
2747,7.328994754674028e-13,8.977159721966392e-13,-1.6481649672923637e-13,1,0,1.6370664304236475e-12,6.027039994616672e-13
2748,3.2078265356419397e-13,3.2008308829741584e-13,6.995652667781253e-16,0,1,7.164780577007317e-13,2.6377927179840143e-13
2749,1.2861759319430414e-12,1.5347327637303979e-12,-2.485568317873565e-13,1,0,2.1087941713007036e-12,7.763757520551421e-13
2750,1.1998298746261587e-12,1.3333460163461438e-12,-1.335161417199851e-13,1,0,2.612707297427009e-12,9.618969079797431e-13
2751,9.184721405579531e-12,1.018084080879163e-11,-9.961194032120995e-13,1,0,2.4111569246063607e-11,8.876939229728617e-12
2752,1.0282923874617898e-12,1.6725290606155798e-12,-6.4423667315379e-13,1,0,3.0714010225613163e-12,1.1307700444198296e-12
2753,1.8615954481806783e-12,2.618302155342711e-12,-7.567067071620327e-13,1,0,4.107019114553711e-12,1.5120442275311106e-12
2754,9.264161827874832e-13,9.23316801192628e-13,3.099381594855256e-15,0,1,1.6520569828611883e-12,6.082229361036626e-13
2755,2.7273081192059654e-13,3.4769539751843236e-13,-7.496458559783582e-14,1,0,7.784071734125818e-13,2.8657915641456653e-13
2756,1.9160552853396796e-13,2.4013546454782276e-13,-4.8529936013854803e-14,1,0,3.866205357129261e-13,1.4233859959359835e-13
2757,3.1898590768560976e-13,4.710950413711772e-13,-1.5210913368556748e-13,1,0,8.275619412921266e-13,3.0467602447259935e-13
2758,3.8121210637622653e-13,5.037172475060595e-13,-1.2250514112983293e-13,1,0,9.400131954808536e-13,3.460761896610623e-13
2759,7.377037483928505e-14,1.3886027097835372e-13,-6.508989613906866e-14,1,0,3.0138830377368224e-13,1.1095941661228645e-13
2760,1.0750000088288993e-13,1.5982774419751294e-13,-5.232774331462301e-14,1,0,2.5669194516772073e-13,9.450396093098304e-14
2761,3.6387994095141663e-13,4.878008705201597e-13,-1.239209295687431e-13,1,0,7.656214001482249e-13,2.818719334580468e-13
2762,1.3949482964841587e-12,1.6922508040846318e-12,-2.973025076004731e-13,1,0,2.6017380081373766e-12,9.578584435636091e-13
2763,2.5136320007248154e-12,3.3649959786434798e-12,-8.513639779186644e-13,1,0,6.133098557598633e-12,2.2579676432560504e-12
2764,1.3384384895024797e-10,1.501598779372372e-10,-1.6316028986989228e-11,1,0,1.4485301088811062e-10,5.332922804710857e-11
2765,6.009102016674991e-13,9.69036781769759e-13,-3.6812658010225995e-13,1,0,1.6193644584051123e-12,5.961868238995437e-13
2766,2.571378924863623e-13,3.366897589399652e-13,-7.95518664536029e-14,1,0,5.652961260810506e-13,2.0811998202239508e-13
2767,3.834658265724192e-12,4.097380933854061e-12,-2.6272266812986904e-13,1,0,4.788907162437913e-12,1.76308880703456e-12
2768,2.6143678121437738e-12,3.639578000246408e-12,-1.0252101881026341e-12,1,0,5.363000584535679e-12,1.9744476102771486e-12
2769,6.948732888012892e-13,1.0348059859928331e-12,-3.399326971915439e-13,1,0,2.14259105600564e-12,7.888184466229726e-13
2770,1.6442125533793082e-12,3.110839018951895e-12,-1.4666264655725866e-12,1,0,5.04608887864367e-12,1.8577730825563004e-12
2771,4.811930433118667e-13,7.453439306321271e-13,-2.641508873202603e-13,1,0,1.1963513786694306e-12,4.4044990923120316e-13
2772,5.663773025809202e-13,9.108198202577354e-13,-3.444425176768152e-13,1,0,1.6609684901928605e-12,6.115038054747613e-13
2773,1.0314719451023177e-13,1.5318440484842737e-13,-5.0037210338195605e-14,1,0,2.8803796979301603e-13,1.0604434442293476e-13
2774,1.764391970302833e-13,3.847443407126756e-13,-2.0830514368239232e-13,1,0,7.918954279716552e-13,2.9154500558075267e-13
2775,1.2342768015598433e-13,1.5224437454998092e-13,-2.881669439399659e-14,1,0,1.984591694035299e-13,7.306492449325605e-14
2776,3.680462699894209e-13,4.666699529668241e-13,-9.862368297740317e-14,1,0,6.798666072058059e-13,2.503003638999148e-13
2777,2.8516689986785236e-13,3.615875140701039e-13,-7.642061420225156e-14,1,0,7.932478456139903e-13,2.920429130002866e-13
2778,3.1911258434304657e-12,4.125510017133479e-12,-9.343841737030134e-13,1,0,6.003138328810052e-12,2.2101213566263983e-12
2779,3.016289575498855e-13,3.7162928422171925e-13,-7.000032667183374e-14,1,0,5.194163115737399e-13,1.9122882404357097e-13
2780,2.2453636764418583e-13,2.75448340821234e-13,-5.091197317704818e-14,1,0,4.59624827293873e-13,1.6921593193393343e-13
2781,1.3792881426400519e-12,1.588508300300632e-12,-2.0922015766058011e-13,1,0,4.742311978834216e-12,1.7459342780602339e-12
2782,5.533154117422633e-13,4.943576073920892e-13,5.895780435017407e-14,0,1,9.402326366729842e-13,3.461569793478373e-13
2783,1.0322478231964574e-12,1.4175207860335346e-12,-3.8527296283707724e-13,1,0,3.023227801291244e-12,1.1130345435343152e-12
2784,1.2277559466804197e-12,1.781423774469447e-12,-5.536678277890274e-13,1,0,2.6511866353518925e-12,9.760634991656383e-13
2785,2.200898368054814e-13,3.2127473212630063e-13,-1.0118489532081924e-13,1,0,5.978461720495069e-13,2.2010363920530667e-13
2786,3.7484309549843547e-13,3.385537026642468e-13,3.6289392834188674e-14,0,1,6.359678020656797e-13,2.341385362930195e-13
2787,2.7224245934054737e-12,3.2591836805384548e-12,-5.367590871329811e-13,1,0,4.626164036044215e-12,1.7031731363326726e-12
2788,8.53021842968839e-12,9.27927233424296e-12,-7.490539045545701e-13,1,0,1.0441802859853899e-11,3.844264489374207e-12
2789,5.147254477203863e-13,7.886698538992934e-13,-2.7394440617890706e-13,1,0,1.52001037315232e-12,5.596085254066615e-13
2790,3.488051436598517e-13,6.440847843400279e-13,-2.9527964068017626e-13,1,0,1.152429938318745e-12,4.2427974822275534e-13
2791,7.620711079381268e-13,8.023531401242853e-13,-4.0282032186158495e-14,1,0,4.1085814492236157e-13,1.5126194182115556e-13
2792,1.158169959393476e-12,1.226655886770786e-12,-6.848592737730993e-14,1,0,9.092149605500429e-13,3.347374809659264e-13
2793,1.0359074340979769e-12,1.545060872745325e-12,-5.09153438647348e-13,1,0,3.4285332271490297e-12,1.262252190801559e-12
2794,8.730145645891553e-13,9.350922958297073e-13,-6.207773124055192e-14,1,0,1.5782489138542508e-12,5.810496842695803e-13
2795,9.420536923800785e-14,1.6895478859072593e-13,-7.474941935271808e-14,1,0,3.6065242214646036e-13,1.3277815316691705e-13
2796,2.2785058026271336e-13,3.1580951234800154e-13,-8.795893208528818e-14,1,0,6.717558385084554e-13,2.473142952580109e-13
2797,1.3644634492579554e-13,1.7746505157390243e-13,-4.1018706648106894e-14,1,0,3.5683094435279247e-13,1.3137123411507286e-13
2798,8.601873348045965e-13,8.559442840195927e-13,4.243050785003826e-15,0,1,1.240319916611877e-12,4.566374097357103e-13
2799,5.148378758075366e-13,6.084243678479475e-13,-9.358649204041084e-14,1,0,1.0789291192787421e-12,3.9721961384100394e-13
2800,3.8554009335632417e-13,6.098269303889841e-13,-2.2428683703265996e-13,1,0,1.2226485965163315e-12,4.5013151901593275e-13
2801,5.027134773137969e-13,5.644691637057273e-13,-6.175568639193034e-14,1,0,4.586444810440963e-13,1.6885500668703017e-13
2802,2.9708573664113875e-13,3.2459646507909177e-13,-2.7510728437953028e-14,1,0,8.111307160044352e-13,2.9862668828629416e-13
2803,4.698839552997299e-13,5.369658558541945e-13,-6.70819005544646e-14,1,0,5.460649279706184e-13,2.0103980506671862e-13
2804,1.1184904697222178e-13,2.177537811505943e-13,-1.0590473417837252e-13,1,0,4.588867370413163e-13,1.689441958950578e-13
2805,4.260209355812223e-12,6.357055267793807e-12,-2.096845911981584e-12,1,0,9.496809736069529e-12,3.4963548843734965e-12
2806,7.210115796687981e-13,7.410395254006e-13,-2.0027945731801954e-14,1,0,1.3540706185263263e-12,4.985159808867104e-13
2807,4.879159610542377e-13,5.342378739278406e-13,-4.632191287360285e-14,1,0,8.606636069509758e-13,3.168627665074162e-13
2808,3.897947698698367e-13,5.350063829764046e-13,-1.4521161310656786e-13,1,0,8.102588995172041e-13,2.983057194643296e-13
2809,1.0342194225689542e-12,1.5652927333407584e-12,-5.310733107718042e-13,1,0,2.678649811439119e-12,9.861743692916649e-13
2810,1.4227609814123704e-12,2.455295418484919e-12,-1.0325344370725487e-12,1,0,4.422100082713309e-12,1.6280447490340165e-12
2811,1.3721768957752242e-11,1.5070857226666432e-11,-1.34908826891419e-12,1,0,2.9425636009520316e-11,1.0833371315940805e-11
2812,1.044157477880478e-12,1.395321401967371e-12,-3.511639240868931e-13,1,0,1.99690119802909e-12,7.351811241224154e-13
2813,3.2102505806694478e-12,2.931595843461697e-12,2.7865473720775093e-13,0,1,2.6704817480379756e-12,9.831672069748299e-13
2814,1.3438909571320026e-11,1.3604978375455793e-11,-1.6606880413576739e-13,1,0,2.958618811573078e-11,1.0892480338480593e-11
2815,1.5331603063647857e-13,2.860974692985968e-13,-1.3278143866211824e-13,1,0,5.33370924874038e-13,1.9636636830611756e-13
2816,9.416290700749559e-13,9.836495812741733e-13,-4.202051119921744e-14,1,0,2.4684175503046265e-12,9.087750516788553e-13
2817,1.460870033571421e-12,2.4616947324070143e-12,-1.0008246988355933e-12,1,0,4.993272147166401e-12,1.838328022350891e-12
2818,2.7692594511263387e-11,3.256840712389092e-11,-4.875812612627532e-12,1,0,5.645806489635216e-11,2.0785657125772234e-11
2819,1.991096594042113e-13,2.2413301041439537e-13,-2.5023351010184068e-14,1,0,4.350607345189761e-13,1.6017239119334998e-13
2820,3.103876013560545e-13,3.344008098928518e-13,-2.4013208536797297e-14,1,0,5.732825642220706e-13,2.1106027700346092e-13
2821,2.9182963086935174e-13,3.257973646823105e-13,-3.3967733812958754e-14,1,0,5.924718936496158e-13,2.1812503954335125e-13
2822,3.0335313884393445e-13,4.654713336707964e-13,-1.6211819482686192e-13,1,0,9.442130097569307e-13,3.4762239744722577e-13
2823,1.188193942214116e-12,1.49977224834107e-12,-3.1157830612695406e-13,1,0,2.874493439438053e-12,1.058276353469237e-12
2824,4.662859047644725e-13,5.257619921322647e-13,-5.947608736779219e-14,1,0,7.739981864259573e-13,2.8495593939598446e-13
2825,2.372256383235345e-11,2.0838665230664885e-11,2.8838986016885655e-12,0,1,3.79114989820173e-11,1.3957535037924929e-11
2826,5.629925751438274e-13,7.421032843844877e-13,-1.7911070924066023e-13,1,0,1.0008772135477408e-12,3.6848394687267837e-13
2827,1.230634279684364e-13,1.9289538209556637e-13,-6.983195412712998e-14,1,0,3.5904696335914696e-13,1.3218708586866804e-13
2828,3.937779317020289e-12,4.206404244763894e-12,-2.6862492774360515e-13,1,0,4.998472020293468e-12,1.8402424127947566e-12
2829,7.661008927271833e-13,1.6732651970461248e-12,-9.071643043189414e-13,1,0,4.011707219134395e-12,1.4769541056533881e-12
2830,1.2613007617399251e-11,1.1558294370166973e-11,1.0547132472322786e-12,0,1,1.2075389626057607e-11,4.445687412208093e-12
2831,2.9755276143525164e-12,3.069680584428154e-12,-9.415297007563756e-14,1,0,3.372302264791444e-12,1.241550143971532e-12
2832,5.470995290334269e-13,6.956762804350356e-13,-1.4857675140160878e-13,1,0,8.654651514647809e-13,3.186305078942545e-13
2833,1.7168296122372968e-13,2.760289020320237e-13,-1.0434594080829402e-13,1,0,5.036098186318149e-13,1.8540948993683253e-13
2834,3.330761312556744e-13,3.859480305275879e-13,-5.2871899271913486e-14,1,0,5.024385811010847e-13,1.8497828596674806e-13
2835,2.6727531456634707e-13,4.717143936126106e-13,-2.0443907904626353e-13,1,0,9.169173861316015e-13,3.3757321360162644e-13
2836,7.068050261939805e-13,8.169453169740875e-13,-1.1014029078010701e-13,1,0,1.4489017121696405e-12,5.33429090306075e-13
2837,3.658786109543289e-12,4.734282959938212e-12,-1.0754968503949232e-12,1,0,1.0357825785685485e-11,3.813347406521745e-12
2838,1.1237730212768302e-11,1.2266598622732228e-11,-1.0288684099639266e-12,1,0,1.979792843809228e-11,7.288824954773645e-12
2839,2.7457296271006556e-13,3.5628168333747063e-13,-8.170872062740507e-14,1,0,4.989546407022308e-13,1.8369563501669962e-13
2840,9.39169438561288e-13,9.38117185291371e-13,1.0522532699170236e-15,0,1,1.0256919489455103e-12,3.7761976444970133e-13
2841,3.637056488979146e-13,5.728953921737203e-13,-2.0918974327580568e-13,1,0,1.130243588891054e-12,4.16111599829374e-13
2842,2.800527309147399e-13,4.515723722118212e-13,-1.7151964129708132e-13,1,0,8.774791333240516e-13,3.230535873621833e-13
2843,1.6070162039500705e-12,2.0091766868656113e-12,-4.0216048291554073e-13,1,0,4.403446606650048e-12,1.6211772667997858e-12
2844,3.144862459718241e-13,3.731321949036498e-13,-5.864594893182568e-14,1,0,3.8148612686347374e-13,1.4044831054305842e-13
2845,9.82475932957895e-14,1.5775852192251493e-13,-5.951092862672543e-14,1,0,3.573917388735606e-13,1.3157769678162188e-13
2846,3.1534661233017476e-13,4.4168737376651635e-13,-1.263407614363416e-13,1,0,9.08434739171103e-13,3.344502338898069e-13
2847,1.7955961927531202e-13,3.2601481025505685e-13,-1.4645519097974483e-13,1,0,6.04370977728665e-13,2.2250581813064272e-13
2848,6.491288638214422e-13,7.846192945271818e-13,-1.354904307057396e-13,1,0,1.4253738704048837e-12,5.247670567643753e-13
2849,4.388362660384897e-13,6.20221637655119e-13,-1.813853716166293e-13,1,0,1.2198612584068863e-12,4.4910532985513016e-13
2850,4.631766364516664e-13,5.692728691093006e-13,-1.0609623265763418e-13,1,0,1.2880475336358964e-12,4.742088565203757e-13
2851,1.4126690373117184e-12,1.5729692534163443e-12,-1.6030021610462587e-13,1,0,1.7489831371242947e-12,6.439073651171481e-13
2852,1.619479902878598e-12,1.8238234213372787e-12,-2.043435184586807e-13,1,0,3.1533397468793164e-12,1.1609366863712289e-12
2853,2.26432000473765e-13,3.265244934108526e-13,-1.000924929370876e-13,1,0,7.42764875105492e-13,2.7345705254604505e-13
2854,4.681508871456162e-13,5.152661807078021e-13,-4.711529356218589e-14,1,0,3.5204763727244117e-13,1.2961020703980934e-13
2855,4.171383330073152e-13,4.975940020674938e-13,-8.045566906017861e-14,1,0,5.111450147355652e-13,1.881836552022476e-13
2856,2.5015945921292597e-13,2.6254632039820697e-13,-1.2386861185281e-14,1,0,5.816537475742986e-13,2.14142220162792e-13
2857,4.0671845659879827e-13,6.177615219160585e-13,-2.1104306531726022e-13,1,0,1.2384752223998963e-12,4.559582652864183e-13
2858,1.775270629007013e-12,2.6791034115001952e-12,-9.038327824931822e-13,1,0,4.685625298741656e-12,1.7250644537372536e-12
2859,3.020956128953042e-13,3.632222328910938e-13,-6.112661999578957e-14,1,0,5.689064389902853e-13,2.0944915840110858e-13
2860,9.754903310262526e-13,9.87451158824895e-13,-1.1960827798642367e-14,1,0,1.843658456913427e-12,6.787631246799752e-13
2861,7.860660255662271e-13,1.279231408766766e-12,-4.93165383200539e-13,1,0,2.515720706476447e-12,9.261902285355075e-13
2862,6.35788119247298e-13,6.328962756212697e-13,2.8918436260282796e-15,0,1,7.363714335961451e-13,2.711032367836569e-13
2863,2.2186836651002717e-13,3.198010259032465e-13,-9.793265939321932e-14,1,0,4.1973249334473834e-13,1.545291307313812e-13
2864,1.1986275305174191e-11,1.5307427741017846e-11,-3.3211524358436545e-12,1,0,2.5750285275925404e-11,9.480250547354292e-12
2865,8.386390073780488e-13,1.0413930085252697e-12,-2.0275400114722096e-13,1,0,1.991482855316216e-12,7.331863016993217e-13
2866,1.871446615990012e-13,2.531611404419118e-13,-6.601647884291057e-14,1,0,4.892452411011869e-13,1.8012101283694708e-13
2867,1.9004501835973264e-11,1.331067269840111e-11,5.693829137572155e-12,0,1,4.813768807526174e-11,1.772241894929725e-11
2868,3.7305385665212495e-13,3.6683581720401937e-13,6.218039448105587e-15,0,1,4.662085545352425e-13,1.7163980348000826e-13
2869,5.545021452614258e-13,6.825718790704059e-13,-1.2806973380898008e-13,1,0,9.986539723966117e-13,3.6766543620710537e-13
2870,1.940199288857859e-12,1.937399338620135e-12,2.799950237724276e-15,0,1,2.4722385572263483e-12,9.10181797374017e-13
2871,5.815689995448669e-12,7.06658231969228e-12,-1.2508923242436115e-12,1,0,8.552114509615488e-12,3.1485549535491557e-12
2872,1.0074466786874165e-12,1.564882078267233e-12,-5.574353995798165e-13,1,0,3.075178937293518e-12,1.1321609252517905e-12
2873,4.657703869431338e-13,6.111447913946702e-13,-1.4537440445153631e-13,1,0,9.266279834863136e-13,3.411482767475565e-13
2874,5.89293630040581e-13,5.839355236284714e-13,5.3581064121096354e-15,0,1,7.261494192601079e-13,2.6733988985503544e-13
2875,5.31323457192027e-13,7.926736682660955e-13,-2.6135021107406847e-13,1,0,1.6175766733424183e-12,5.955286311790536e-13
2876,3.0373218191457637e-13,4.12213506668092e-13,-1.0848132475351564e-13,1,0,8.534737511523271e-13,3.142157420709815e-13
2877,4.866376095494182e-12,5.567275284473687e-12,-7.008991889795053e-13,1,0,1.0556546610328929e-11,3.8865086622674445e-12
2878,4.962986236506411e-13,5.833694999937695e-13,-8.707087634312841e-14,1,0,8.480459973116685e-13,3.1221745483775556e-13
2879,4.3105222733063443e-13,5.348875168191515e-13,-1.0383528948851705e-13,1,0,8.512905078057202e-13,3.134119570367618e-13
2880,5.026591736209607e-13,8.892561795088214e-13,-3.8659700588786067e-13,1,0,1.8319774504304362e-12,6.744626337565774e-13
2881,4.152913415400313e-13,6.18288366377553e-13,-2.0299702483752166e-13,1,0,1.2747591581249693e-12,4.693165950226479e-13
2882,4.016398150207293e-12,3.589984072696242e-12,4.2641407751105087e-13,0,1,4.7499941297126786e-12,1.7487625463411487e-12
2883,2.1288625799991293e-13,2.3753644367505234e-13,-2.465018567513941e-14,1,0,4.3131825782423944e-13,1.5879455726438342e-13
2884,9.859283269291771e-12,8.753343977293605e-12,1.1059392919981666e-12,0,1,1.2453451749465055e-11,4.584875138245376e-12
2885,8.595216001180553e-13,9.78489696192302e-13,-1.1896809607424682e-13,1,0,1.6661516065740034e-12,6.134120267384407e-13
2886,1.3040921288031246e-12,1.499918818455922e-12,-1.9582668965279741e-13,1,0,2.910562483160811e-12,1.0715555683529228e-12
2887,8.496060991176545e-13,9.221868484580434e-13,-7.25807493403889e-14,1,0,1.265194655502313e-12,4.657953182580607e-13
2888,1.6553583852347924e-12,2.051674859761509e-12,-3.9631647452671663e-13,1,0,4.2823309026014104e-12,1.5765871891638777e-12
2889,2.174247137356873e-13,3.996330490966008e-13,-1.8220833536091352e-13,1,0,6.85453531929591e-13,2.5235725164322107e-13
2890,1.3216101218428857e-13,2.403383529167207e-13,-1.0817734073243213e-13,1,0,4.683503791324129e-13,1.7242833974638682e-13
2891,8.408815789174845e-12,7.1528972101151995e-12,1.2559185790596459e-12,0,1,1.53506904665291e-11,5.651525415667414e-12
2892,1.4952400834503554e-12,2.1235047339605336e-12,-6.282646505101782e-13,1,0,3.85211257392718e-12,1.4181975829054616e-12
2893,3.1667368288655504e-13,3.1471315899684985e-13,1.9605238897051844e-15,0,1,4.4368727154948337e-13,1.633483456159481e-13
2894,1.3718799645261522e-13,2.1503022872010202e-13,-7.78422322674868e-14,1,0,3.900880474179825e-13,1.4361520213945644e-13
2895,2.2678091129834403e-13,3.5181975815386616e-13,-1.2503884685552213e-13,1,0,5.765365722249861e-13,2.1225827581474308e-13
2896,4.235743533974778e-13,4.299937049980292e-13,-6.419351600551435e-15,1,0,5.396519789283795e-13,1.9867880739168778e-13
2897,3.3553064145271946e-13,4.2350757148207385e-13,-8.797693002935439e-14,1,0,5.669014330299957e-13,2.0871099341967998e-13
2898,7.526870905521086e-13,1.1818679410822429e-12,-4.291808505301343e-13,1,0,1.8334368313220216e-12,6.749999208719627e-13
2899,4.279218546599003e-13,4.939256205532401e-13,-6.600376589333981e-14,1,0,6.334134553028608e-13,2.331981254573001e-13
2900,1.796189650046426e-13,2.552197751505683e-13,-7.56008101459257e-14,1,0,4.876668626139928e-13,1.7953991544882831e-13
2901,3.4486475974973965e-13,4.0869028169006277e-13,-6.382552194032312e-14,1,0,7.468877535779422e-13,2.74974935570497e-13
2902,1.1965970999846313e-13,2.1152586112314668e-13,-9.186615112468355e-14,1,0,4.656677633458212e-13,1.7144070525975243e-13
2903,3.695102530998967e-13,3.9894013237816257e-13,-2.942987927826586e-14,1,0,6.580599542193045e-13,2.4227200492462516e-13
2904,3.869539700990636e-13,5.940301661134871e-13,-2.0707619601442352e-13,1,0,1.1522550579321868e-12,4.2421536408632257e-13
2905,4.049736913990002e-12,5.360962698924494e-12,-1.3112257849344915e-12,1,0,8.255638877474623e-12,3.039404190993977e-12
2906,4.626358282606429e-13,5.709823106918803e-13,-1.0834648243123737e-13,1,0,1.1058657685268303e-12,4.0713663732411183e-13
2907,5.800896350262913e-13,9.185982606205485e-13,-3.3850862559425713e-13,1,0,2.135734218139536e-12,7.862940263986255e-13
2908,1.7603225387009858e-13,1.9076226404634118e-13,-1.4730010176242598e-14,1,0,1.9703258461988746e-13,7.253971162547404e-14
2909,3.043449074582622e-13,4.237016260912875e-13,-1.1935671863302526e-13,1,0,7.110735069450386e-13,2.6178952703593213e-13
2910,5.423373915525006e-13,5.584918814645362e-13,-1.6154489912035596e-14,1,0,6.282982276397547e-13,2.3131489817133515e-13
2911,2.159888592289276e-12,3.0069204919143747e-12,-8.470318996250987e-13,1,0,5.80248276061823e-12,2.1362478037784736e-12
2912,8.339991458307575e-13,1.3229302525459642e-12,-4.889311067152068e-13,1,0,2.1433367013336972e-12,7.89092964145932e-13
2913,3.9891025120116885e-13,4.3531320449165184e-13,-3.640295329048299e-14,1,0,5.421830328523329e-13,1.9961064271276576e-13
2914,1.1456031161406162e-12,1.6873851585125615e-12,-5.417820423719453e-13,1,0,4.184302905948868e-12,1.5404971047643013e-12
2915,3.1488764907298084e-13,4.361468093298605e-13,-1.2125916025687965e-13,1,0,9.025026441524765e-13,3.3226626790866616e-13
2916,7.447630375155373e-12,9.89412397587587e-12,-2.4464936007204974e-12,1,0,1.6716865429112597e-11,6.154497743858387e-12
2917,2.1307971251422784e-13,2.5918518939777197e-13,-4.610547688354413e-14,1,0,2.889008630877829e-13,1.0636202807351824e-13
2918,7.357311703937699e-13,1.0568746633857432e-12,-3.2114349299197326e-13,1,0,2.185278296818876e-12,8.045342235065427e-13
2919,2.684285566994625e-13,4.790013298823777e-13,-2.1057277318291514e-13,1,0,1.1112738140204672e-12,4.0912766871276603e-13
2920,3.903277930277553e-13,3.7984761640214667e-13,1.0480176625608643e-14,0,1,3.8696115662560206e-13,1.424640029263861e-13
2921,3.809277520282212e-13,4.693094279214304e-13,-8.838167589320918e-14,1,0,6.148414695851348e-13,2.2636064478944367e-13
2922,7.402340490342762e-13,1.1517347135854723e-12,-4.1150066455119607e-13,1,0,1.9939351187403575e-12,7.340891294319025e-13
2923,6.202034516838271e-13,8.537653187769673e-13,-2.335618670931402e-13,1,0,1.4256576423331233e-12,5.24871530518712e-13
2924,3.030405074555486e-13,4.77889685037602e-13,-1.7484917758205336e-13,1,0,7.643602475156978e-13,2.814076262549732e-13
2925,7.221083116698246e-13,8.033301761533561e-13,-8.122186448353155e-14,1,0,1.6452894263168804e-12,6.057313857792315e-13
2926,1.5207625357987984e-13,1.7563616483933746e-13,-2.3559911259457614e-14,1,0,3.6463276950624737e-13,1.3424356179567348e-13
2927,3.602424909090798e-13,3.8962492865617044e-13,-2.938243774709064e-14,1,0,6.809164044850197e-13,2.5068685830664597e-13
2928,1.6628737665426797e-13,2.296379382990887e-13,-6.335056164482076e-14,1,0,4.128537070489371e-13,1.5199662995140452e-13
2929,6.28382920783919e-13,1.0106531223212214e-12,-3.822702015373023e-13,1,0,1.8014453553118907e-12,6.632219073584865e-13
2930,1.9403674818891298e-13,2.333155821336449e-13,-3.927883394473193e-14,1,0,5.23985959457188e-13,1.9291119013715275e-13
2931,3.7581924285025537e-13,4.862311669328767e-13,-1.1041192408262129e-13,1,0,7.479441936028256e-13,2.7536387557705725e-13
2932,2.655084574103969e-13,3.7870260447650016e-13,-1.1319414706610327e-13,1,0,6.314366803542823e-13,2.324703540331218e-13
2933,1.9455563345088202e-13,3.3711011653907146e-13,-1.4255448308818944e-13,1,0,7.428913917401514e-13,2.7350363103564725e-13
2934,1.0539324572909469e-13,1.351940363083892e-13,-2.980079057929452e-14,1,0,2.4567186180945673e-13,9.044679612020144e-14
2935,1.636078791881794e-12,2.989644446753598e-12,-1.353565654871804e-12,1,0,5.516119946746854e-12,2.030820186419836e-12
2936,3.3084265617607316e-13,4.817733502225195e-13,-1.509306940464463e-13,1,0,8.337369380453711e-13,3.069494173970882e-13
2937,6.527237159526103e-13,1.1395659797156238e-12,-4.868422637630136e-13,1,0,2.1545631145668443e-12,7.932260915679366e-13
2938,2.037875644704301e-12,2.211018184865825e-12,-1.7314254016152396e-13,1,0,4.342939991821758e-12,1.598901091518701e-12
2939,1.7305909586554377e-12,2.3300497007719978e-12,-5.994587421165601e-13,1,0,5.277666805557057e-12,1.9430310416371796e-12
2940,2.697608817107526e-13,2.66014050669174e-13,3.7468310415786045e-15,0,1,3.336672654383603e-13,1.2284327112925725e-13
2941,2.223382171856042e-13,3.4552458336671005e-13,-1.2318636618110584e-13,1,0,7.416140562602981e-13,2.730333659394638e-13
2942,3.943981308816967e-13,5.582755317612294e-13,-1.6387740087953267e-13,1,0,9.91567035668403e-13,3.650563025576432e-13
2943,6.217423261929948e-13,8.452842123970229e-13,-2.2354188620402806e-13,1,0,1.2428777084713638e-12,4.575790889216333e-13
2944,1.372250081872303e-12,1.597589901185567e-12,-2.2533981931326398e-13,1,0,1.5566437330235607e-12,5.730954994828458e-13
2945,3.572968038101042e-11,3.541153134299465e-11,3.181490380157698e-13,0,1,4.873126120164431e-11,1.7940949419774955e-11
2946,8.566208328412069e-12,8.805361862443344e-12,-2.391535340312749e-13,1,0,7.819905875350062e-12,2.8789842970926948e-12
2947,4.946335187757097e-13,5.143095820454809e-13,-1.967606326977115e-14,1,0,7.042501371283002e-13,2.5927742844180847e-13
2948,3.206566323385595e-13,4.603942843553071e-13,-1.397376520167476e-13,1,0,8.312372228256138e-13,3.0602911976440566e-13
2949,1.9097679731057686e-13,2.5200862740849293e-13,-6.103183009791607e-14,1,0,3.966259055914264e-13,1.460221864840246e-13
2950,3.1400489175379147e-13,4.4536745807100696e-13,-1.313625663172155e-13,1,0,1.112437920474766e-12,4.0955624729868417e-13
2951,6.576053964188903e-13,7.127841672925845e-13,-5.5178770873694204e-14,1,0,1.6649552120471841e-12,6.129715609437438e-13
2952,2.283375850532458e-13,3.118532587841679e-13,-8.351567373092214e-14,1,0,4.079783153305117e-13,1.5020170090452594e-13
2953,4.921379096627061e-13,6.566939074182422e-13,-1.6455599775553605e-13,1,0,1.3075208817332768e-12,4.813781836552331e-13
2954,3.598893573432821e-13,3.4472738116226654e-13,1.5161976181015538e-14,0,1,1.755456738629119e-13,6.462906926629148e-14
2955,1.2732893672348593e-12,1.552972035946309e-12,-2.7968266871144967e-13,1,0,2.2708811680209414e-12,8.360498614061821e-13
2956,1.2523433270768449e-11,1.364229392099678e-11,-1.1188606502283308e-12,1,0,2.136900855580015e-11,7.86723536794924e-12
2957,9.593597969410414e-13,1.132990882299703e-12,-1.736310853586616e-13,1,0,2.024207404775448e-12,7.452342042603412e-13
2958,2.0525533214895574e-12,2.413262691993528e-12,-3.607093705039705e-13,1,0,5.761271394854804e-12,2.121075386515928e-12
2959,1.320304469297236e-11,1.9379387019970234e-11,-6.176342326997875e-12,1,0,3.842179183109153e-11,1.4145404958972748e-11
2960,3.2637884642271013e-13,4.1037374103831665e-13,-8.399489461560652e-14,1,0,7.47036227790465e-13,2.750295979837267e-13
2961,3.2418497610280587e-13,5.18416925377721e-13,-1.9423194927491514e-13,1,0,1.1061061538683328e-12,4.072251378296765e-13
2962,2.808267727535444e-13,2.691933453908755e-13,1.1633427362668885e-14,0,1,3.5450729997983185e-13,1.305157588998444e-13
2963,1.3821535881795682e-12,1.8654490843194293e-12,-4.832954961398611e-13,1,0,4.143068241089226e-12,1.525316109683402e-12
2964,2.542038508757042e-12,2.9516938503951255e-12,-4.0965534163808353e-13,1,0,5.114064797460417e-12,1.882799164196331e-12
2965,3.002089057057012e-13,4.4079661700486496e-13,-1.4058771129916377e-13,1,0,6.608630277131388e-13,2.433039872401392e-13
2966,6.807213703465909e-13,7.349064810556175e-13,-5.4185110709026646e-14,1,0,7.844573242108956e-13,2.888065859285578e-13
2967,4.939292837291414e-13,7.189693212091454e-13,-2.2504003748000402e-13,1,0,1.8080641827132476e-12,6.656587014142488e-13
2968,5.834915507497652e-13,1.122950564122697e-12,-5.394590133729319e-13,1,0,2.0854728995887128e-12,7.677897695487928e-13
2969,7.114100730190443e-13,9.249575107084925e-13,-2.1354743768944816e-13,1,0,1.0938859451169832e-12,4.0272613366477596e-13
2970,1.6720643848444984e-12,3.140488060674623e-12,-1.4684236758301246e-12,1,0,5.170668711868486e-12,1.9036385174228827e-12
2971,2.2628795713176422e-12,3.0875030642395177e-12,-8.246234929218755e-13,1,0,6.464612317990109e-12,2.3800180778329865e-12
2972,8.091894123803959e-13,8.917533298932284e-13,-8.256391751283249e-14,1,0,8.016050242675483e-13,2.9511970017587583e-13
2973,3.497163685243382e-13,5.187785610620569e-13,-1.690621925377187e-13,1,0,7.871799600530776e-13,2.898089542385207e-13
2974,6.425051372111192e-13,7.139632058128034e-13,-7.145806860168423e-14,1,0,1.1487824431925543e-12,4.2293688280219743e-13
2975,1.7563424198506047e-13,2.483070070230872e-13,-7.267276503802671e-14,1,0,3.806622912668979e-13,1.401450064133496e-13
2976,5.007028293728912e-12,5.444171797698961e-12,-4.371435039700488e-13,1,0,4.386321913292934e-12,1.614872622721771e-12
2977,4.39681389999881e-12,4.033775223581674e-12,3.6303867641713616e-13,0,1,1.0279382150065206e-11,3.784467519889154e-12
2978,6.448800454401133e-14,1.142744409241021e-13,-4.978643638009076e-14,1,0,2.2083840549384056e-13,8.130408623151038e-14
2979,7.055128885732672e-13,8.148856230382282e-13,-1.0937273446496097e-13,1,0,1.0739703337416367e-12,3.9539398244319155e-13
2980,5.260888015747479e-13,6.31877988812735e-13,-1.0578918723798714e-13,1,0,9.78867167605205e-13,3.6038070654511973e-13
2981,3.0868225005158326e-13,5.128250789578272e-13,-2.0414282890624396e-13,1,0,1.0399412701458253e-12,3.8286580866479246e-13
2982,1.7107925829345288e-12,2.467242447537046e-12,-7.564498646025172e-13,1,0,3.3765972849321022e-12,1.2431314028431546e-12
2983,3.9586390711987475e-13,4.777086103168211e-13,-8.184470319694631e-14,1,0,9.901706723710276e-13,3.645422160621967e-13
2984,1.977225762534698e-13,2.803720770502092e-13,-8.264950079673939e-14,1,0,5.413999384609591e-13,1.9932233790554126e-13
2985,2.6743214344359064e-12,3.1289464630195283e-12,-4.546250285836219e-13,1,0,5.977002421208452e-12,2.2004991349814476e-12
2986,4.068018772218655e-13,4.3984847491744473e-13,-3.304659769557922e-14,1,0,5.902766711932495e-13,2.173168442682104e-13
2987,3.170714552255556e-11,3.443192534587783e-11,-2.7247798233222713e-12,1,0,2.526969536395852e-11,9.303316089069412e-12
2988,6.307874945666263e-13,6.886378398348764e-13,-5.785034526825003e-14,1,0,1.0040855218958592e-12,3.6966512085375914e-13
2989,2.3781050210765747e-13,3.268728669384434e-13,-8.906236483078593e-14,1,0,4.088251828995354e-13,1.505134845080373e-13
2990,2.6567423543275876e-13,5.178477869734222e-13,-2.5217355154066343e-13,1,0,1.1018036199762069e-12,4.056411126878669e-13
2991,5.221165833052237e-13,7.837393343078956e-13,-2.6162275100267197e-13,1,0,1.4109193068825864e-12,5.19445450332615e-13
2992,5.744743041069644e-12,6.041649375413082e-12,-2.969063343434381e-13,1,0,5.335681337011995e-12,1.964389729033718e-12
2993,1.0852407483695077e-11,1.2715155012281973e-11,-1.8627475285868968e-12,1,0,1.9588447888884728e-11,7.211702388168852e-12
2994,3.442671367722928e-13,3.8139831381372625e-13,-3.713117704143342e-14,1,0,2.7668963952193673e-13,1.0186633190341752e-13
2995,4.395474050505321e-13,6.494899881727831e-13,-2.0994258312225096e-13,1,0,1.318115569930763e-12,4.852787345620292e-13
2996,1.377647490898218e-12,1.3084364846900212e-12,6.921100620819672e-14,0,1,1.6483860327099582e-12,6.068714354578408e-13
2997,7.209270296904946e-12,9.056830820513034e-12,-1.847560523608088e-12,1,0,1.6104532674618775e-11,5.9290607101032565e-12
2998,1.0470373697408081e-12,1.115134311519226e-12,-6.809694177841777e-14,1,0,1.286619384043322e-12,4.736830675509865e-13
2999,4.690895520000075e-13,6.259290922303661e-13,-1.5683954023035862e-13,1,0,7.456224148677456e-13,2.745090872169199e-13
3000,2.693258161963235e-13,4.219537632660011e-13,-1.526279470696776e-13,1,0,9.024792701041326e-13,3.322576624958627e-13
3001,1.6473075708290405e-12,1.9137675994581115e-12,-2.6646002862907104e-13,1,0,1.6613859887021353e-12,6.116575121397035e-13
3002,3.343420174939328e-12,3.613381983793539e-12,-2.6996180885421117e-13,1,0,6.1854340055994385e-12,2.2772355136597827e-12
3003,5.052113597141256e-12,6.798715625137631e-12,-1.7466020279963755e-12,1,0,1.3113440282771312e-11,4.827857170757998e-12
3004,5.067226866685124e-13,5.670208500697324e-13,-6.029816340122005e-14,1,0,1.0840222612648577e-12,3.9909471004223977e-13
3005,6.772614287212318e-13,8.006824689592941e-13,-1.2342104023806222e-13,1,0,1.540429168651554e-12,5.671259293939838e-13
3006,1.3648261587479897e-12,1.7560290089110968e-12,-3.9120285016310707e-13,1,0,2.385949762363953e-12,8.784136291397967e-13
3007,1.8019559957090048e-13,2.441351373317131e-13,-6.393953776081263e-14,1,0,4.488587474635442e-13,1.652522813137301e-13
3008,2.2669388787418696e-12,2.5265365941209127e-12,-2.5959771537904303e-13,1,0,5.510704085113508e-12,2.0288262774334404e-12
3009,2.6244122378353985e-12,2.701160706863734e-12,-7.674846902833555e-14,1,0,3.0655100399821925e-12,1.1286012144351611e-12
3010,4.430198971626552e-12,6.189732322380752e-12,-1.7595333507541999e-12,1,0,1.1258371695230871e-11,4.1448932810782164e-12
3011,1.3667970802395927e-12,1.1989281893808245e-12,1.6786889085876822e-13,0,1,2.1692672094828338e-12,7.986395657249001e-13
3012,9.321171684926516e-13,1.2586692619583986e-12,-3.26552093465747e-13,1,0,2.6584404606711493e-12,9.787340746841779e-13
3013,7.108835871769124e-13,7.862022029333457e-13,-7.53186157564333e-14,1,0,1.5582063664678747e-12,5.736708001603736e-13
3014,9.57756902405177e-13,1.2443683474972652e-12,-2.866114450920882e-13,1,0,1.977788884597018e-12,7.281447158677464e-13
3015,8.385593046353608e-13,1.0293183500542314e-12,-1.9075904541887055e-13,1,0,2.5450619903188106e-12,9.369925446739895e-13
3016,2.621518798187387e-13,3.023155773658829e-13,-4.016369754714419e-14,1,0,4.592100749657552e-13,1.6906323630576765e-13
3017,1.0694800517653812e-12,1.3809407029255522e-12,-3.1146065116017103e-13,1,0,2.868059283582875e-12,1.0559075482729372e-12
3018,1.218024164666248e-12,1.2745950727807296e-12,-5.657090811448161e-14,1,0,3.0368922552266975e-12,1.1180652624375341e-12
3019,2.536142940686017e-13,3.0040550369734947e-13,-4.679120962874779e-14,1,0,6.180111090448141e-13,2.275275823942334e-13
3020,3.674696440699478e-13,3.803158899649402e-13,-1.2846245894992413e-14,1,0,3.5963232686863254e-13,1.3240259387845269e-13
3021,8.560798768950676e-14,8.409760796306035e-14,1.5103797264464064e-15,0,1,1.5782321460225238e-13,5.810435110080337e-14
3022,3.746579453139082e-13,3.499797993774342e-13,2.4678145936474023e-14,0,1,7.124984849542155e-13,2.6231414835203447e-13
3023,3.86248277057719e-13,5.455865784998055e-13,-1.5933830144208644e-13,1,0,9.013256139180171e-13,3.318329312910358e-13
3024,7.072592129107582e-13,8.0586692480345e-13,-9.860771189269182e-14,1,0,1.539981047953951e-12,5.669609488338382e-13
3025,4.3471054238800924e-13,5.4344698908144e-13,-1.087364466934308e-13,1,0,6.537620766094999e-13,2.4068969404432956e-13
3026,2.5366021138820745e-12,2.4322290393834376e-12,1.0437307449863691e-13,0,1,1.993632521543647e-12,7.339777249480685e-13
3027,1.910225753204741e-13,2.521986500742721e-13,-6.117607475379798e-14,1,0,3.125401663180512e-13,1.15065097378826e-13
3028,1.5961028572900046e-10,1.868077762951271e-10,-2.719749056612663e-11,1,0,3.0427006565552875e-10,1.1202036892271629e-10
3029,1.84986803113047e-13,2.457110446596422e-13,-6.072424154659521e-14,1,0,6.415182986170751e-13,2.3618201260427616e-13
3030,9.183431047565959e-11,1.4958284538287665e-10,-5.774853490721706e-11,1,0,2.1419443356706346e-10,7.88580349423496e-11
3031,8.222405795022319e-12,1.0889266489333153e-11,-2.6668606943108337e-12,1,0,2.2543882277299863e-11,8.299778041631117e-12
3032,4.150542560003767e-12,3.8750245964988216e-12,2.7551796350494534e-13,0,1,1.0481551923247982e-11,3.858898543947221e-12
3033,1.0957492683185397e-12,1.905557557555641e-12,-8.098082892371013e-13,1,0,4.0976894374065086e-12,1.5086094043462933e-12
3034,7.137779895392798e-13,1.0787640798702917e-12,-3.649860903310119e-13,1,0,1.6894282830877013e-12,6.219815910323897e-13
3035,6.357826997618744e-13,5.927692600165963e-13,4.301343974527807e-14,0,1,1.4326449889208195e-12,5.274439989633429e-13
3036,2.890196887217966e-13,3.541164961648437e-13,-6.50968074430471e-14,1,0,4.823462558204891e-13,1.7758107557867244e-13
3037,2.285844466190678e-12,2.550374386130616e-12,-2.645299199399381e-13,1,0,4.129637365725057e-12,1.5203713852984779e-12
3038,2.365565845886784e-13,3.200620404972056e-13,-8.35054559085272e-14,1,0,4.318175514764358e-13,1.5897837771020777e-13
3039,1.956900674191352e-12,1.9665862484438583e-12,-9.685574252506206e-15,1,0,1.8013553260105678e-12,6.631887620816867e-13
3040,4.3294074753976347e-13,5.508896089339966e-13,-1.1794886139423311e-13,1,0,8.511167160753826e-13,3.1334797370108205e-13
3041,1.0258441919948434e-13,1.7585486586132014e-13,-7.32704466618358e-14,1,0,3.9592579721510594e-13,1.4576443389034654e-13
3042,5.24952946758173e-13,6.953624406262382e-13,-1.7040949386806518e-13,1,0,9.822558358953836e-13,3.6162828202121754e-13
3043,4.625393084178272e-13,9.433968676792113e-13,-4.808575592613841e-13,1,0,1.8717245926044155e-12,6.890959810112941e-13
3044,1.0748213232070248e-10,1.0931777264623022e-10,-1.8356403255277475e-12,1,0,1.8554044913686774e-10,6.83087556366087e-11
3045,1.0734992046647606e-12,1.1467045656607047e-12,-7.320536099594411e-14,1,0,1.7145785192656775e-12,6.312409269091563e-13
3046,3.613990038169613e-13,4.259940511434685e-13,-6.459504732650719e-14,1,0,8.183448127059213e-13,3.012826372775417e-13
3047,1.2376132156140868e-13,1.403985688452304e-13,-1.6637247283821718e-14,1,0,1.8464462430382412e-13,6.797894787825601e-14
3048,1.1730032255678904e-11,1.1668868675239022e-11,6.116358043988197e-14,0,1,1.3162882490614836e-11,4.846059862998041e-12
3049,3.1579416629777127e-13,3.59625032404241e-13,-4.3830866106469726e-14,1,0,5.814664492813695e-13,2.1407326423764273e-13
3050,3.574389987063779e-13,4.0298079627798474e-13,-4.5541797571606844e-14,1,0,7.489716948902598e-13,2.7574216146935813e-13
3051,2.873311383463278e-13,3.1819475392403905e-13,-3.086361557771126e-14,1,0,4.524271269558673e-13,1.6656601944411469e-13
3052,3.6766176167616474e-13,4.7409879827096e-13,-1.0643703659479522e-13,1,0,7.479509882197113e-13,2.7536637708994376e-13
3053,8.487025951973441e-14,1.4009631610936271e-13,-5.52260565896283e-14,1,0,2.570367181814955e-13,9.463089290542634e-14
3054,5.148677718324001e-13,5.550321419810303e-13,-4.016437014863014e-14,1,0,5.352497852730811e-13,1.9705809141269935e-13
3055,2.3394841504458023e-12,2.3823912968890317e-12,-4.2907146443229426e-14,1,0,3.284511187589594e-12,1.2092288939823607e-12
3056,7.931710443101746e-13,1.283073312426222e-12,-4.899022681160474e-13,1,0,2.475657847305201e-12,9.114406465981813e-13
3057,1.6709921163867738e-12,2.3665174447246197e-12,-6.955253283378459e-13,1,0,3.306532222911708e-12,1.217336180170796e-12
3058,7.954521467400599e-12,6.8342995547480694e-12,1.1202219126525293e-12,0,1,1.627590258716738e-11,5.9921524269456284e-12
3059,1.0302061309624648e-12,1.957776190369008e-12,-9.275700594065433e-13,1,0,3.4384561075047125e-12,1.2659054082675123e-12
3060,5.302138025261104e-12,5.511611846165605e-12,-2.0947382090450045e-13,1,0,9.695495859923013e-12,3.569503364641974e-12
3061,4.037345135812713e-13,3.6065146479728344e-13,4.308304878398785e-14,0,1,3.1238263484490693e-13,1.1500710043554952e-13
3062,5.044182654718515e-13,7.274753721072494e-13,-2.2305710663539791e-13,1,0,1.69133170023856e-12,6.226823549770573e-13
3063,5.600968862794832e-13,7.995634587405984e-13,-2.3946657246111515e-13,1,0,1.609863304308137e-12,5.926888695909536e-13
3064,6.613636678763111e-13,5.531354317710465e-13,1.0822823610526456e-13,0,1,1.0648377405611996e-12,3.9203171788690143e-13
3065,8.908662710959766e-13,9.83004645115158e-13,-9.213837401918141e-14,1,0,1.104931224188875e-12,4.0679257455445737e-13
3066,6.250729875196218e-13,7.979699775835784e-13,-1.7289699006395655e-13,1,0,1.0985236397902993e-12,4.0443355193195424e-13
3067,1.5402420057755694e-13,2.0893053139501738e-13,-5.490633081746044e-14,1,0,3.7845457467077443e-13,1.393322112833333e-13
3068,3.671006854287528e-13,5.481655044696819e-13,-1.8106481904092907e-13,1,0,1.147953802644269e-12,4.226318096767053e-13
3069,7.027802006474384e-13,1.031074548025598e-12,-3.2829434737815956e-13,1,0,1.7751458249321847e-12,6.535394461893876e-13
3070,5.391897842180101e-13,9.120315050034452e-13,-3.7284172078543515e-13,1,0,1.8738651872046376e-12,6.898840644407772e-13
3071,3.328440153217574e-13,3.726087244383242e-13,-3.976470911656681e-14,1,0,7.761736878297179e-13,2.8575687414885316e-13
3072,1.0988184000787054e-12,9.836580362717696e-13,1.1516036380693577e-13,0,1,1.5355174357967083e-12,5.653176209583043e-13
3073,2.2730844958303964e-13,3.3654585543470803e-13,-1.092374058516684e-13,1,0,7.063931762280701e-13,2.600664118406677e-13
3074,6.762332244856501e-13,1.0256262026846698e-12,-3.4939297819901963e-13,1,0,1.7602193624740987e-12,6.480441049777455e-13
3075,7.317423541062371e-12,9.05515461279955e-12,-1.7377310717371795e-12,1,0,9.950969561770842e-12,3.663558815904949e-12
3076,3.8804189526982046e-11,4.952028464891715e-11,-1.0716095121935105e-11,1,0,8.598228368822316e-11,3.1655322776565073e-11
3077,2.5424908076044794e-13,3.705335304866323e-13,-1.1628444972618436e-13,1,0,6.432827388928707e-13,2.368316106848855e-13
3078,4.586356161777768e-12,4.648559160624931e-12,-6.220299884716265e-14,1,0,7.556801525288641e-12,2.782119538820946e-12
3079,2.13678364704965e-13,3.1715783952719183e-13,-1.0347947482222683e-13,1,0,5.642468797561988e-13,2.0773369045556787e-13
3080,4.579591232707587e-13,5.680422190669618e-13,-1.1008309579620304e-13,1,0,8.959750844884538e-13,3.2986307507353297e-13
3081,6.435781137225809e-13,6.462580743599794e-13,-2.6799606373985025e-15,1,0,1.1101366068042718e-12,4.0870899337700693e-13
3082,5.978190934350532e-13,8.964748435875028e-13,-2.9865575015244966e-13,1,0,1.8105134617894148e-12,6.665604304263218e-13
3083,1.0632958411698986e-12,1.6226423990257226e-12,-5.59346557855824e-13,1,0,3.281579986646371e-12,1.2081497401380972e-12
3084,3.35989040745772e-13,8.83900778466299e-13,-5.47911737720527e-13,1,0,1.7851288830639573e-12,6.572148187650262e-13
3085,4.982217365760667e-13,6.547615371950507e-13,-1.5653980061898398e-13,1,0,9.162498575465517e-13,3.3732745561619117e-13
3086,1.047209765306951e-12,1.1408942261813583e-12,-9.368446087440735e-14,1,0,2.483702647245838e-12,9.144024281172344e-13
3087,5.350536654369037e-13,7.141414358645922e-13,-1.790877704276885e-13,1,0,1.1902949343058511e-12,4.382201626719864e-13
3088,8.64189930137612e-13,1.0331507265889408e-12,-1.689607964513288e-13,1,0,1.0723600606207433e-12,3.948011426951204e-13
3089,1.0293530820998865e-12,1.2921337786613024e-12,-2.6278069656141587e-13,1,0,1.511288725763149e-12,5.563975550601574e-13
3090,3.5364432451100456e-12,4.069532286276117e-12,-5.330890411660717e-13,1,0,8.989964926400891e-12,3.309754396930466e-12
3091,1.8908739995190121e-13,2.43549102148365e-13,-5.446170219646379e-14,1,0,2.831534675715754e-13,1.0424606124423697e-13
3092,3.933979990296032e-12,4.5304473098345e-12,-5.964673195384676e-13,1,0,6.338276092973802e-12,2.333506008023753e-12
3093,3.592767371001231e-12,4.264207268805852e-12,-6.714398978046212e-13,1,0,4.528815155127262e-12,1.667333075855358e-12
3094,5.701370413323191e-13,5.786922063531755e-13,-8.555165020856394e-15,1,0,5.975866932761403e-13,2.2000810924294406e-13
3095,1.174544819356916e-12,1.5664540030439396e-12,-3.9190918368702355e-13,1,0,2.355760926262149e-12,8.67299277321501e-13
3096,4.383392467365831e-13,4.321391875951794e-13,6.200059141403718e-15,0,1,1.0081648600387047e-12,3.7116697402731254e-13
3097,3.619379711030497e-12,4.192041355829807e-12,-5.726616447993098e-13,1,0,7.228288124522501e-12,2.6611737196172213e-12
3098,4.043363496712796e-13,6.647474779998034e-13,-2.6041112832852383e-13,1,0,1.2655029616485485e-12,4.659088245544098e-13
3099,1.2763466978648453e-12,1.2733249100375337e-12,3.0217878273116355e-15,0,1,1.4435807032702468e-12,5.314701023962161e-13
3100,1.5531144366160198e-12,1.6846520653083784e-12,-1.3153762869235867e-13,1,0,1.7808946123281176e-12,6.55655925454488e-13
3101,7.056129878873132e-12,8.453611333255596e-12,-1.3974814543824633e-12,1,0,8.777648399160577e-12,3.2315877338424964e-12
3102,4.04668627578476e-12,4.1509029895104024e-12,-1.0421671372564241e-13,1,0,7.061164793035398e-12,2.5996454282670842e-12
3103,2.2079552035352293e-12,2.132084980422228e-12,7.587022311300138e-14,0,1,1.4663443597278622e-12,5.398507927178824e-13
3104,7.1511567275494164e-12,6.297638186101142e-12,8.535185414482742e-13,0,1,8.825711366224226e-12,3.2492826434301054e-12
3105,1.10246470162248e-12,1.8187173015444403e-12,-7.162525999219603e-13,1,0,3.805011846098501e-12,1.4008569322682395e-12
3106,2.6025191364406256e-12,2.8879720022176658e-12,-2.854528657770402e-13,1,0,3.0296826626594354e-12,1.1154109716928064e-12
3107,1.0297314707172148e-13,2.0774349602082026e-13,-1.0477034894909878e-13,1,0,3.8087587881666025e-13,1.4022364101734896e-13
3108,1.8342231101004666e-12,3.1185683852119308e-12,-1.2843452751114642e-12,1,0,6.1976789752109994e-12,2.2817436338075183e-12
3109,1.2898410834534348e-13,1.3431956022549336e-13,-5.335451880149881e-15,1,0,1.9665267016647842e-13,7.239984194378759e-14
3110,2.4832737126407608e-12,3.055338211019786e-12,-5.720644983790253e-13,1,0,6.882747558330912e-12,2.5339591623154593e-12
3111,1.5230505999469397e-12,1.997240641101791e-12,-4.741900411548511e-13,1,0,3.437634544401074e-12,1.2656029407810556e-12
3112,6.144186950484994e-13,7.573544539119189e-13,-1.4293575886341956e-13,1,0,1.0820084488942928e-12,3.9835330288407653e-13
3113,3.3791500503315217e-13,7.65907351618115e-13,-4.2799234658496285e-13,1,0,1.7191008663804702e-12,6.329058787048718e-13
3114,8.711456493425044e-13,1.35181546996758e-12,-4.806698206250756e-13,1,0,2.2725679891634553e-12,8.366708831497569e-13
3115,8.436620210917034e-13,1.1337862658668933e-12,-2.901242447751899e-13,1,0,2.03969182939264e-12,7.509349653734559e-13
3116,9.84275244016917e-13,2.0653566786172912e-12,-1.0810814346003742e-12,1,0,4.579315610389986e-12,1.6859253735140438e-12
3117,1.5751081304300244e-13,2.1363061499854533e-13,-5.6119801955542894e-14,1,0,3.628589998332599e-13,1.3359052899494792e-13
3118,3.2211717733495127e-13,4.759622372154309e-13,-1.5384505988047962e-13,1,0,8.788012995111829e-13,3.235403573759883e-13
3119,1.2654592955431027e-12,1.4207235607310527e-12,-1.5526426518794998e-13,1,0,1.4140197104789761e-12,5.205868979933589e-13
3120,1.8099664831119276e-11,2.3850215737901628e-11,-5.750550906782352e-12,1,0,4.902646444943586e-11,1.8049631740047076e-11
3121,5.429503407005575e-13,6.775762684070832e-13,-1.3462592770652575e-13,1,0,1.5089643633591954e-12,5.555418154939269e-13
3122,1.3943409724852922e-11,1.8319977561759903e-11,-4.376567836906981e-12,1,0,4.027246693962762e-11,1.482675134106807e-11
3123,9.256084038692112e-13,9.131095815153922e-13,1.2498822353819055e-14,0,1,1.2166817984827123e-12,4.4793477673839934e-13
3124,4.655265640659307e-12,4.7157872637055035e-12,-6.052162304619693e-14,1,0,4.999346339688072e-12,1.8405643030895802e-12
3125,2.466961165812763e-13,3.169093695450854e-13,-7.02132529638091e-14,1,0,8.494556553391123e-13,3.1273643593419996e-13
3126,2.070735173130536e-12,2.0277789393417643e-12,4.2956233788771686e-14,0,1,3.2245871506292604e-12,1.1871672011465144e-12
3127,2.520601812174428e-12,2.524600444053349e-12,-3.998631878921213e-15,1,0,3.919712022592972e-12,1.4430850629216101e-12
3128,5.682065911780224e-13,5.947797312661947e-13,-2.6573140088172356e-14,1,0,9.061099469372072e-13,3.3359433607695897e-13
3129,4.3561280098779385e-13,6.962001529805501e-13,-2.605873519927563e-13,1,0,1.4023026276073649e-12,5.162731251509725e-13
3130,2.2599047193710396e-12,2.7054069566760262e-12,-4.4550223730498667e-13,1,0,4.967819866453345e-12,1.828957485458744e-12
3131,1.574418536938193e-13,2.305583367927103e-13,-7.311648309889103e-14,1,0,4.677473569189702e-13,1.7220633049065242e-13
3132,1.830006741875156e-12,1.9312330212326477e-12,-1.0122627935749158e-13,1,0,4.094158565835889e-12,1.5073094751695361e-12
3133,1.5607200648258508e-13,2.1378001846731356e-13,-5.770801198472848e-14,1,0,3.9161029757692147e-13,1.4417563526661808e-13
3134,1.3825066851047425e-12,2.3808474827499574e-12,-9.98340797645215e-13,1,0,4.405942152751363e-12,1.6220960295256908e-12
3135,4.934901242731862e-12,5.011887091297634e-12,-7.69858485657719e-14,1,0,5.424729504370247e-12,1.9971737905807266e-12
3136,3.3845074148161067e-12,4.127855500120747e-12,-7.433480853046406e-13,1,0,4.515823181886643e-12,1.6625499381112204e-12
3137,1.5578233221880858e-12,1.6120682617144824e-12,-5.424493952639661e-14,1,0,1.3859234002387379e-12,5.102429325700834e-13
3138,7.101345584033209e-13,1.0127737349454563e-12,-3.026391765421354e-13,1,0,1.5878321662085677e-12,5.845778639539578e-13
3139,2.6050724907482456e-10,3.4233973100704304e-10,-8.183248193221848e-11,1,0,5.225590311624578e-10,1.9238585080198825e-10
3140,6.119821483852155e-11,1.2113887804835291e-10,-5.994066320983136e-11,1,0,2.3954120316252583e-10,8.818972675687493e-11
3141,3.486792815533608e-13,4.306830683334047e-13,-8.20037867800439e-14,1,0,6.53864103368136e-13,2.4072725631690404e-13
3142,2.0292393093232855e-12,1.7189843564933946e-12,3.1025495282989094e-13,0,1,3.5423030187463903e-12,1.3041377900291387e-12
3143,1.9933443737276192e-13,2.824428233570451e-13,-8.310838598428318e-14,1,0,4.672783037486233e-13,1.72033643410596e-13
3144,1.380876386163836e-13,2.1379114404578207e-13,-7.570350542939846e-14,1,0,4.4018566937767765e-13,1.6205919229006576e-13
3145,6.213759563288199e-13,1.2351336370830255e-12,-6.137576807542057e-13,1,0,2.7540232502627323e-12,1.0139239292288355e-12
3146,4.653825882155137e-13,6.315550798162568e-13,-1.6617249160074305e-13,1,0,8.183223795615777e-13,3.0127437826888746e-13
3147,1.4627810093875366e-13,2.0329212446689232e-13,-5.701402352813866e-14,1,0,3.4635922211797956e-13,1.2751595447896174e-13
3148,1.0506263005297138e-13,1.193115707548327e-13,-1.4248940701861327e-14,1,0,1.846958568125737e-13,6.799780968945193e-14
3149,4.619566856673797e-13,5.695666666595662e-13,-1.076099809921865e-13,1,0,6.292926428094448e-13,2.316810030457369e-13
3150,2.2980979652665776e-12,2.3923337750513033e-12,-9.423580978472574e-14,1,0,5.580064467451459e-12,2.0543620645355284e-12
3151,1.2841953438706028e-12,1.6587034813164967e-12,-3.745081374458939e-13,1,0,2.2483711983353103e-12,8.277625686579092e-13
3152,3.3399497465632705e-12,2.9060689292520785e-12,4.3388081731119206e-13,0,1,5.294230996161614e-12,1.949129330466319e-12
3153,6.126589744399788e-13,7.618956107272581e-13,-1.4923663628727937e-13,1,0,8.429802551506297e-13,3.10352446183275e-13
3154,3.00101015548916e-13,3.713491070132125e-13,-7.124809146429654e-14,1,0,4.369507312596809e-13,1.6086821426651476e-13
3155,7.297333456313084e-13,8.199909401695061e-13,-9.025759453819769e-14,1,0,7.996037577949451e-13,2.9438291192793995e-13
3156,1.4547172320977568e-12,1.8337687140069565e-12,-3.7905148190919967e-13,1,0,3.305479159288235e-12,1.2169484832235252e-12
3157,1.6460150072218013e-13,3.6094469105825236e-13,-1.9634319033607223e-13,1,0,6.29535145736067e-13,2.3177028316353795e-13
3158,3.5499788584045294e-13,5.141011697311161e-13,-1.591032838906632e-13,1,0,7.697629286710215e-13,2.833966827035177e-13
3159,6.713818743652053e-13,9.732342521245677e-13,-3.0185237775936237e-13,1,0,2.0083820974915606e-12,7.394079434468198e-13
3160,3.8629038253140196e-13,6.189440887555258e-13,-2.3265370622412384e-13,1,0,1.171032094510251e-12,4.3112833648213946e-13
3161,7.320113323346748e-13,8.455621304298032e-13,-1.1355079809512837e-13,1,0,8.305739325174503e-13,3.057849221471893e-13
3162,3.376587226474365e-12,3.3390714843514875e-12,3.7515742122877364e-14,0,1,4.782163487701385e-12,1.7606060490601494e-12
3163,2.6446676080025387e-12,3.014663758977158e-12,-3.6999615097461913e-13,1,0,3.84795363511069e-12,1.4166664238690097e-12
3164,2.412537070361712e-13,3.391673179670902e-13,-9.7913610930919e-14,1,0,6.563933331402194e-13,2.416584200564217e-13
3165,9.6560374646271e-11,9.031625002420661e-11,6.244124622064389e-12,0,1,1.962841188926318e-10,7.226415574155048e-11
3166,4.540480577188716e-13,4.622311737977995e-13,-8.183116078927935e-15,1,0,8.643156493321859e-13,3.182073060498886e-13
3167,3.3133163917550367e-12,5.04287408334218e-12,-1.729557691587143e-12,1,0,7.1860835420924894e-12,2.645635638722364e-12
3168,2.7165755806995303e-13,4.817249456372246e-13,-2.1006738756727157e-13,1,0,1.0563827271403756e-12,3.889189117664351e-13
3169,4.930317680492667e-13,8.101478629520634e-13,-3.171160949027967e-13,1,0,1.786309108849447e-12,6.576493318598909e-13
3170,4.682871180894333e-13,7.637403268274899e-13,-2.9545320873805654e-13,1,0,1.3951836146553734e-12,5.13652182287173e-13
3171,2.6892613110726273e-12,3.1095301232219963e-12,-4.2026881214936903e-13,1,0,7.340923936685191e-12,2.702641831852287e-12
3172,5.506787995698669e-13,1.2207120371690598e-12,-6.700332375991929e-13,1,0,2.125353427978618e-12,7.824722244049589e-13
3173,4.571658058822586e-13,5.993535726345261e-13,-1.4218776675226749e-13,1,0,1.4784386130498135e-12,5.443034250070658e-13
3174,4.0515576749436926e-13,6.263839758620272e-13,-2.2122820836765793e-13,1,0,1.0914672418960906e-12,4.018356614898835e-13
3175,4.731135275918853e-13,5.807072262685809e-13,-1.0759369867669556e-13,1,0,9.54515762129013e-13,3.5141546897121406e-13
3176,1.156807785169623e-13,1.5913368166602922e-13,-4.3452903149066913e-14,1,0,3.567967025094375e-13,1.3135862760408745e-13
3177,3.5023903052982954e-13,4.220857401432454e-13,-7.184670961341584e-14,1,0,6.113595517407434e-13,2.2507873846505062e-13
3178,2.4226642602687323e-13,3.251916918976977e-13,-8.292526587082448e-14,1,0,4.3341342399819015e-13,1.5956591571942797e-13
3179,1.4383373350864417e-12,1.9266124533314758e-12,-4.882751182450341e-13,1,0,3.352286568581734e-12,1.2341811454181379e-12
3180,4.701736650293309e-13,5.990976349277171e-13,-1.2892396989838618e-13,1,0,1.2674975967048528e-12,4.666431713735488e-13
3181,3.9475938812325977e-13,5.139385430056184e-13,-1.1917915488235866e-13,1,0,8.824643479500896e-13,3.2488894891957004e-13
3182,1.4711477311774158e-13,2.109441295064874e-13,-6.382935638874581e-14,1,0,3.208609406772446e-13,1.1812848191332297e-13
3183,1.8797285667095485e-13,2.793754310610177e-13,-9.140257439006286e-14,1,0,5.34924199890804e-13,1.969382235756844e-13
3184,3.845876681938412e-13,6.280405592546825e-13,-2.434528910608413e-13,1,0,1.0153468694206295e-12,3.7381110971918987e-13
3185,8.850703714516907e-13,1.6188290149042062e-12,-7.337586434525155e-13,1,0,2.572178922085416e-12,9.46975941147786e-13
3186,5.330064372544652e-13,8.572718631813462e-13,-3.24265425926881e-13,1,0,2.044718314096773e-12,7.527855209636952e-13
3187,9.369703171261081e-13,1.222988591412725e-12,-2.8601827428661694e-13,1,0,2.2252146810420974e-12,8.192372423016593e-13
3188,3.993970147401122e-12,3.5213716829912636e-12,4.725984644098584e-13,0,1,5.444393517742805e-12,2.004413313232255e-12
3189,6.132417764852011e-13,1.101647473027917e-12,-4.884056965427159e-13,1,0,2.3007640427135327e-12,8.470515701688348e-13
3190,3.7690524738435427e-13,4.897683627712645e-13,-1.1286311538691018e-13,1,0,9.387033218192552e-13,3.4559394527564013e-13
3191,6.353666715757363e-13,1.0120843532306702e-12,-3.767176816549339e-13,1,0,1.4917910403996328e-12,5.492192678932796e-13
3192,1.1590286242406905e-13,2.33547807130736e-13,-1.1764494470666696e-13,1,0,4.903249729404243e-13,1.8051852798096365e-13
3193,1.8967668272537081e-13,2.5601293836755153e-13,-6.633625564218071e-14,1,0,3.193006430557926e-13,1.175540411946551e-13
3194,2.883179614054333e-13,4.802611134002234e-13,-1.9194315199479006e-13,1,0,1.0457806332915253e-12,3.8501563438769343e-13
3195,1.8481557942050361e-13,2.204614038940421e-13,-3.5645824473538484e-14,1,0,4.3571629517299483e-13,1.6041374305343578e-13
3196,1.1495618414268461e-12,1.2189508265986379e-12,-6.938898517179171e-14,1,0,2.6723148622825815e-12,9.838420881318567e-13
3197,7.501298224904312e-13,1.0752912164912598e-12,-3.251613940008286e-13,1,0,2.443846058380546e-12,8.997287868601754e-13
3198,4.144816419912556e-13,5.858162941542892e-13,-1.7133465216303358e-13,1,0,9.93161742798429e-13,3.6564341151508976e-13
3199,8.499134415582858e-13,1.028571177695773e-12,-1.786577361374871e-13,1,0,1.2625239560545794e-12,4.648120709025501e-13
3200,3.0047646706125416e-12,3.784414078364457e-12,-7.796494077519153e-13,1,0,6.760820287607014e-12,2.489070297488073e-12
3201,3.7410952986052983e-13,7.053392143410842e-13,-3.3122968448055435e-13,1,0,1.4211806139184158e-12,5.232232633005336e-13
3202,6.39118693997358e-13,7.089839081866668e-13,-6.986521418930885e-14,1,0,5.586224406228765e-13,2.0566299137006722e-13
3203,2.3042688342746635e-13,2.696186410401995e-13,-3.919175761273317e-14,1,0,4.1968851264546545e-13,1.5451293875354922e-13
3204,5.640128757038743e-13,8.837785928709908e-13,-3.197657171671165e-13,1,0,2.084759834080433e-12,7.675272466445712e-13
3205,2.2087871297478133e-13,3.1670911097332263e-13,-9.58303979985413e-14,1,0,5.58746390583671e-13,2.0570862491047562e-13
3206,3.957156038685941e-12,5.6151572081680685e-12,-1.6580011694821272e-12,1,0,1.0273773399794687e-11,3.782402596830932e-12
3207,1.084783792691673e-12,9.862512961785089e-13,9.853249651316413e-14,0,1,1.959686710865418e-12,7.214802016463155e-13
3208,9.934262185741017e-13,1.4551339149191258e-12,-4.617076963450241e-13,1,0,2.8493739996297497e-12,1.0490283556144505e-12
3209,1.0194254962844788e-12,1.4768375516335262e-12,-4.574120553490474e-13,1,0,3.0660485565284327e-12,1.128799475220529e-12
3210,1.5276626488688863e-11,1.288181250086437e-11,2.3948139878244938e-12,0,1,2.2771482579333273e-11,8.383571594394105e-12
3211,7.887927464215443e-13,8.949534708435336e-13,-1.0616072442198931e-13,1,0,1.4057054673510274e-12,5.175259180034299e-13
3212,4.471931440851826e-13,4.521421914164501e-13,-4.949047331267504e-15,1,0,9.292181436225939e-13,3.421018726703428e-13
3213,2.943499541147495e-12,2.985123849882927e-12,-4.162430873543201e-14,1,0,3.465875972621344e-12,1.2760003329836807e-12
3214,5.697084719812626e-13,7.323178268133048e-13,-1.6260935483204217e-13,1,0,9.836266883359385e-13,3.6213297641433415e-13
3215,8.122825057616115e-13,1.0197127218606913e-12,-2.0743021609907979e-13,1,0,1.1424531852496823e-12,4.2060669692525276e-13
3216,9.280468708208867e-13,1.2692328776692229e-12,-3.4118600684833613e-13,1,0,2.659074322025058e-12,9.789674377084297e-13
3217,9.701104130660315e-13,1.137820627295795e-12,-1.6771021422976352e-13,1,0,1.857263340657301e-12,6.837719121624246e-13
3218,1.3836585056996518e-12,2.0814228317862946e-12,-6.977643260866428e-13,1,0,4.536492347359102e-12,1.6701595185560176e-12
3219,6.301602418027685e-13,6.121764936470926e-13,1.7983748155675954e-14,0,1,1.1703178707830653e-12,4.308653871668977e-13
3220,5.156818150330507e-13,5.740893168085944e-13,-5.840750177554371e-14,1,0,5.690880740318156e-13,2.0951602933801024e-13
3221,2.9614729401594433e-13,4.36796598034705e-13,-1.406493040187607e-13,1,0,8.962572649651382e-13,3.299669629174879e-13
3222,2.421857968895422e-13,3.0346092123872734e-13,-6.127512434918514e-14,1,0,4.050836866405822e-13,1.4913601153728044e-13
3223,2.7742572326231317e-13,3.355729129937328e-13,-5.814718973141962e-14,1,0,5.039261523061472e-13,1.8552595165588152e-13
3224,2.343656251389305e-12,2.690685268355152e-12,-3.4702901696584697e-13,1,0,5.021522241119527e-12,1.8487286049383126e-12
3225,1.3661408285717937e-12,1.5373186403246885e-12,-1.7117781175289479e-13,1,0,2.2074051585220406e-12,8.126804708403063e-13
3226,3.780107306301093e-12,4.399345748291826e-12,-6.192384419907333e-13,1,0,5.0742737060385954e-12,1.868149636542972e-12
3227,1.2516497055090981e-11,1.0293547808125521e-11,2.22294924696546e-12,0,1,1.260468817248893e-11,4.6405544896307545e-12
3228,8.188859662300841e-13,6.803210901977877e-13,1.3856487603229642e-13,0,1,1.7221137902469143e-12,6.340151197415409e-13
3229,7.853423467145327e-13,7.799314683548802e-13,5.410878359652496e-15,0,1,1.467613536041842e-12,5.403180539274716e-13
3230,1.4641075452257843e-13,2.370311085607232e-13,-9.062035403814479e-14,1,0,5.372600655974688e-13,1.9779819820924151e-13
3231,6.854763643933465e-13,1.2215294467592805e-12,-5.36053082365934e-13,1,0,2.492575812996743e-12,9.176691816139589e-13
3232,1.9094331445944156e-11,2.3759719409268885e-11,-4.6653879633247296e-12,1,0,4.504527537257561e-11,1.6583913223898756e-11
3233,2.605294758295435e-13,2.7646485989091467e-13,-1.593538406137116e-14,1,0,5.020444642756869e-13,1.848331875257148e-13
3234,1.5051645809837016e-12,2.166293379952858e-12,-6.611287989691566e-13,1,0,4.349709280384716e-12,1.6013932795048349e-12
3235,1.2386917038334232e-13,1.2899090147372513e-13,-5.1217310903828156e-15,1,0,2.2145922631828122e-13,8.153264824150935e-14
3236,1.7896297210717247e-12,2.7169732088147146e-12,-9.2734348774299e-13,1,0,3.970220184974894e-12,1.461680198040938e-12
3237,3.7912453920678213e-13,7.782917990410623e-13,-3.991672598342802e-13,1,0,1.627360366813708e-12,5.991306054637058e-13
3238,3.155026472611599e-13,4.658218705548269e-13,-1.5031922329366702e-13,1,0,9.836736906104708e-13,3.6215028081830824e-13
3239,4.826114000446688e-13,6.474794510501729e-13,-1.6486805100550414e-13,1,0,1.3248297045713134e-12,4.877506170254284e-13
3240,1.5392630912939085e-12,2.5271552199302972e-12,-9.878921286363887e-13,1,0,6.303688415157592e-12,2.3207721742803497e-12
3241,2.460411223948076e-12,3.5569174836444335e-12,-1.0965062596963573e-12,1,0,5.625511453660514e-12,2.071093872019106e-12
3242,2.7045704599737914e-13,3.70201287610546e-13,-9.974424161316686e-14,1,0,5.112816793946688e-13,1.8823396979858657e-13
3243,4.2446581996526077e-13,5.768484634826752e-13,-1.5238264351741439e-13,1,0,8.60573541748045e-13,3.168296080130448e-13
3244,5.995545825923204e-13,7.433710909747242e-13,-1.4381650838240386e-13,1,0,1.126196877448453e-12,4.1462175853411775e-13
3245,6.937921684266613e-13,1.1748759222415486e-12,-4.810837538148873e-13,1,0,1.835764220559178e-12,6.75856774800105e-13
3246,1.9188346701080073e-13,2.983532243926728e-13,-1.0646975738187208e-13,1,0,4.324999964034184e-13,1.59229627310872e-13
3247,1.3097022133424639e-12,1.5287126175866237e-12,-2.1901040424415984e-13,1,0,3.4569807672810116e-12,1.27272546536987e-12
3248,2.816903492471409e-13,4.1061040479633765e-13,-1.2892005554919672e-13,1,0,7.141331185176541e-13,2.629159566647758e-13
3249,1.0327989732752279e-12,1.2494766518186405e-12,-2.1667767854341265e-13,1,0,2.503444007997184e-12,9.216704270563935e-13
3250,2.4202186872515603e-12,3.871787222959514e-12,-1.4515685357079536e-12,1,0,8.72865502485255e-12,3.2135502846017053e-12
3251,4.175293794058325e-13,4.4104985060817964e-13,-2.352047120234712e-14,1,0,8.43779690928587e-13,3.1064676725157943e-13
3252,3.7772394632259657e-13,7.640127058552562e-13,-3.862887595326596e-13,1,0,1.4717283615861794e-12,5.418329721779286e-13
3253,4.77073688065785e-13,6.277048000657347e-13,-1.506311119999497e-13,1,0,1.270183029495197e-12,4.676318429710766e-13
3254,6.923868648340905e-14,9.860802498219752e-14,-2.936933849878847e-14,1,0,2.3469749710243026e-13,8.640646313336954e-14
3255,2.453925089075729e-13,4.2218907419561397e-13,-1.7679656528804108e-13,1,0,9.89997554022898e-13,3.6447848063957803e-13
3256,2.1293264249621126e-12,1.832541747903763e-12,2.9678467705834944e-13,0,1,3.369895967601141e-12,1.2406642392131566e-12
3257,2.823437828103507e-13,4.944648214400516e-13,-2.1212103862970087e-13,1,0,1.0431438188908795e-12,3.84044862184701e-13
3258,8.511392623804177e-13,1.2073979736578933e-12,-3.5625871127747563e-13,1,0,2.235459519572443e-12,8.230089922082776e-13
3259,2.0080278673772207e-12,3.6311700122058405e-12,-1.6231421448286198e-12,1,0,7.1791004735305216e-12,2.643064745279925e-12
3260,3.928624169494399e-13,5.765263869503334e-13,-1.8366397000089355e-13,1,0,1.1471941858749622e-12,4.2235214841408877e-13
3261,2.901527634895638e-12,4.929435397517582e-12,-2.0279077626219444e-12,1,0,8.557197797365816e-12,3.1504264218051775e-12
3262,1.465014161436783e-11,1.791274707603223e-11,-3.2626054616644003e-12,1,0,2.815663174520991e-11,1.0366173448328392e-11
3263,1.8615755063692176e-13,3.460423348564503e-13,-1.5988478421952855e-13,1,0,6.669717125843e-13,2.4555296671640095e-13
3264,2.465326871960375e-13,3.564441922364988e-13,-1.099115050404613e-13,1,0,6.598956307489806e-13,2.4294782941506283e-13
3265,4.2819563977186916e-13,7.455314461345545e-13,-3.1733580636268533e-13,1,0,1.5274506279537461e-12,5.6234773698812e-13
3266,3.1791523829966676e-13,3.909013587635553e-13,-7.298612046388855e-14,1,0,5.844447462703508e-13,2.151697570087877e-13
3267,1.0965206651976261e-11,1.145151705392733e-11,-4.863104019510695e-13,1,0,1.879471830097239e-11,6.919482116446569e-12
3268,1.9959382994073177e-12,3.705824570660864e-12,-1.7098862712535459e-12,1,0,7.803371528772138e-12,2.872896995669978e-12
3269,7.88401338208845e-11,8.302432535742239e-11,-4.184191536537884e-12,1,0,1.8230429521175644e-10,6.711733000030547e-11
3270,2.2031369784810328e-13,2.4184367199307595e-13,-2.152997414497267e-14,1,0,3.787755790335064e-13,1.3945039256765242e-13
3271,3.7171928439235905e-12,5.259855148710914e-12,-1.5426623047873239e-12,1,0,8.426670704951774e-12,3.102371438101378e-12
3272,2.356055315914175e-13,3.139294340746789e-13,-7.832390248326137e-14,1,0,5.5478047566461e-13,2.0424852974340032e-13
3273,1.6990829952499381e-12,1.7670421476228713e-12,-6.795915237293314e-14,1,0,2.0461888912112447e-12,7.533269300915947e-13
3274,2.0109021864344817e-13,4.619924259827081e-13,-2.609022073392599e-13,1,0,9.310879365288238e-13,3.42790257479784e-13
3275,1.1665622874343942e-12,1.540365754662105e-12,-3.7380346722771087e-13,1,0,2.815402610096761e-12,1.0365214151761788e-12
3276,1.5098988681229571e-12,1.7567829281479142e-12,-2.4688406002495704e-13,1,0,2.2291001897538563e-12,8.206677350397665e-13
3277,6.325657353934575e-13,6.392963059785299e-13,-6.730570585072358e-15,1,0,6.511805758410472e-13,2.3973928616298466e-13
3278,1.7232617382125233e-13,2.98301414688086e-13,-1.2597524086683367e-13,1,0,5.689400133761662e-13,2.0946151918028883e-13
3279,3.220782051921927e-13,4.397618065868583e-13,-1.176836013946656e-13,1,0,8.845719699181996e-13,3.2566489311213676e-13
3280,5.181224959834676e-13,8.236806278020365e-13,-3.0555813181856893e-13,1,0,1.7231953116832865e-12,6.344132937454122e-13
3281,9.225103223380395e-13,1.2007977167494019e-12,-2.7828739441136233e-13,1,0,2.6093945105261142e-12,9.606772690711274e-13
3282,2.601544198402543e-13,6.462845936937436e-13,-3.861301738534893e-13,1,0,1.5087729946472001e-12,5.554713609992601e-13
3283,6.794586486165711e-13,1.09905238016642e-12,-4.19593731549849e-13,1,0,2.2866698567753034e-12,8.418626407055822e-13
3284,1.7921461269921935e-13,1.830496129371213e-13,-3.835000237901949e-15,1,0,3.2194266643469745e-13,1.185267311402458e-13
3285,1.154120796948473e-12,1.1370425765355948e-12,1.7078220412878142e-14,0,1,1.4959561347554398e-12,5.507526931591867e-13
3286,2.1943330863008742e-12,2.418622437265048e-12,-2.242893509641736e-13,1,0,2.607737973039022e-12,9.600673965881456e-13
3287,1.9697042103829846e-13,2.703275755845537e-13,-7.335715454625523e-14,1,0,5.814983475318752e-13,2.1408500792916207e-13
3288,2.424934632215269e-12,2.6599499080708317e-12,-2.350152758555625e-13,1,0,4.842692767284878e-12,1.7828905686199721e-12
3289,1.0299322932053432e-11,1.2578194904956974e-11,-2.2788719729035413e-12,1,0,1.9701563286024184e-11,7.253347064884263e-12
3290,2.271538732664223e-12,3.4256963828960248e-12,-1.1541576502318019e-12,1,0,6.498967191834018e-12,2.3926662022352237e-12
3291,7.356936598144182e-13,7.564380038956082e-13,-2.0744344081190065e-14,1,0,1.438890041107843e-12,5.297431835657611e-13
3292,1.6767840673629803e-13,2.2183326798070077e-13,-5.4154861244402743e-14,1,0,2.837517952449614e-13,1.0446634215345153e-13
3293,2.1399622895783713e-13,2.9542231869945004e-13,-8.142608974161291e-14,1,0,4.850452709855535e-13,1.7857474767673815e-13
3294,6.400941769439591e-13,1.1100115317344323e-12,-4.699173547904732e-13,1,0,2.438892711321604e-12,8.979051576978735e-13
3295,1.4136875931411332e-13,2.3996848378029987e-13,-9.859972446618656e-14,1,0,4.885974908682573e-13,1.7988253646923005e-13
3296,2.6597795570203065e-11,2.933062410744076e-11,-2.7328285372376946e-12,1,0,3.8205039858867946e-11,1.406560533806393e-11
3297,4.596195733480198e-13,6.320754652345305e-13,-1.7245589188651072e-13,1,0,1.2656743147415474e-12,4.659719100789501e-13
3298,1.4338519709576242e-13,2.335985756687107e-13,-9.02133785729483e-14,1,0,4.2667189329683066e-13,1.5708394709512999e-13
3299,4.37556408198844e-12,5.125815501080733e-12,-7.502514190922934e-13,1,0,8.527258895996772e-12,3.1394040862057956e-12
3300,6.760899822141984e-13,1.03252004812695e-12,-3.564300659127516e-13,1,0,1.866555207664788e-12,6.871928151287319e-13
3301,2.8767113662754955e-13,4.916723836028201e-13,-2.040012469752705e-13,1,0,7.887422493023927e-13,2.903841281968765e-13
3302,5.133217389934238e-13,6.846225117021281e-13,-1.7130077270870428e-13,1,0,1.2579486920978234e-12,4.631276371898534e-13
3303,5.094312775910445e-12,5.057019073824692e-12,3.729370208575273e-14,0,1,7.537417957009614e-12,2.7749832651129915e-12
3304,3.8720523862125867e-13,5.299708001229597e-13,-1.42765561501701e-13,1,0,8.303705984891476e-13,3.0571006248981246e-13
3305,1.5557063848040067e-12,2.5003914176353214e-12,-9.446850328313147e-13,1,0,4.729747555887214e-12,1.7413085476559238e-12
3306,4.975208388039595e-11,4.83514531475286e-11,1.4006307328673514e-12,0,1,6.72057563143149e-11,2.47425378498548e-11
3307,5.727117999548642e-13,7.862316046154624e-13,-2.1351980466059827e-13,1,0,1.568664475921901e-12,5.775210681016191e-13
3308,1.661082665057843e-12,1.6473930146104633e-12,1.368965044737962e-14,0,1,1.863332266048028e-12,6.860062537489654e-13
3309,5.136061084887136e-13,7.362010247435799e-13,-2.225949162548663e-13,1,0,1.5794038503425387e-12,5.814748868317238e-13
3310,6.1820691551287836e-12,8.5859323474168e-12,-2.403863192288016e-12,1,0,1.7702244426116313e-11,6.517275851968499e-12
3311,1.1056832773221148e-11,1.6999930691610558e-11,-5.94309791838941e-12,1,0,3.094393065921731e-11,1.1392348178899762e-11
3312,1.5424111263718603e-13,2.0077910879376044e-13,-4.6537996156574404e-14,1,0,2.826274331834188e-13,1.0405239590255974e-13
3313,6.600697122682491e-13,8.000005532469257e-13,-1.3993084097867653e-13,1,0,1.3165098497997073e-12,4.846875710472089e-13
3314,5.869032911327294e-13,8.314327884725648e-13,-2.445294973398354e-13,1,0,1.955707791743708e-12,7.20015318839105e-13
3315,5.642015553587846e-13,1.0168630817708402e-12,-4.5266152641205555e-13,1,0,2.143358204681814e-12,7.891008808398859e-13
3316,1.9245030811526583e-13,3.320147164768892e-13,-1.3956440836162338e-13,1,0,5.620159644178113e-13,2.0691235445360824e-13
3317,1.7201700842543935e-12,2.0150042700665977e-12,-2.9483418581220426e-13,1,0,2.2728883511125154e-12,8.36788827922422e-13
3318,3.930302165430308e-13,8.820384942543139e-13,-4.890082777112831e-13,1,0,1.95490376353262e-12,7.197193070160679e-13
3319,3.932920423770008e-13,6.074547701944081e-13,-2.1416272781740733e-13,1,0,9.538290171109964e-13,3.511626362447731e-13
3320,2.7204877605034774e-12,3.1780955959079737e-12,-4.576078354044963e-13,1,0,4.581546732756605e-12,1.6867467857357223e-12
3321,4.3167088602331355e-13,7.110255455808878e-13,-2.793546595575742e-13,1,0,1.2081688125257919e-12,4.4480062739158927e-13
3322,7.289499848179637e-13,6.819510376054219e-13,4.699894721254179e-14,0,1,1.4375750158244548e-12,5.292590425541553e-13
3323,2.9495181319298314e-13,4.5165591191126756e-13,-1.5670409871828442e-13,1,0,8.139766993044333e-13,2.996744683185718e-13
3324,7.917246392428893e-13,9.047904002559077e-13,-1.1306576101301847e-13,1,0,7.782093809774843e-13,2.8650633695563616e-13
3325,6.577448445736321e-13,6.653223940173312e-13,-7.57754944369908e-15,1,0,5.515481836156069e-13,2.0305852589923244e-13
3326,5.326456587193664e-13,7.989678562787226e-13,-2.663221975593561e-13,1,0,1.6741783457560635e-12,6.163671589907167e-13
3327,2.006004970988941e-13,2.3474006159515287e-13,-3.413956449625876e-14,1,0,3.2533262254421086e-13,1.1977478074118627e-13
3328,3.189047251492133e-12,3.657016076211435e-12,-4.67968824719302e-13,1,0,5.662869555836893e-12,2.084847667940616e-12
3329,3.2809333294622813e-13,5.872988775052744e-13,-2.5920554455904627e-13,1,0,1.2252437407564124e-12,4.5108694989131386e-13
3330,4.475128639866636e-13,6.071976427234888e-13,-1.5968477873682518e-13,1,0,9.66678065837065e-13,3.558931547579866e-13
3331,3.0747177034866947e-12,3.014203174665204e-12,6.051452882149072e-14,0,1,4.127650415890183e-12,1.519639867878077e-12
3332,7.159517871847979e-13,1.1084273531056652e-12,-3.9247556592086734e-13,1,0,2.15013436615835e-12,7.915955991646941e-13
3333,9.063183811597733e-12,1.4040796086683492e-11,-4.977612275085759e-12,1,0,2.544767601329362e-11,9.368841621318759e-12
3334,1.1348082645609417e-13,1.7737390264343754e-13,-6.389307618734337e-14,1,0,3.8418341270413073e-13,1.4144134597133643e-13
3335,3.4493113464712987e-13,4.656803639183194e-13,-1.2074922927118952e-13,1,0,6.336428118943173e-13,2.3328256560731766e-13
3336,5.779309386092729e-13,6.480137567172491e-13,-7.008281810797623e-14,1,0,1.0162208168675116e-12,3.7413286307737144e-13
3337,8.70790363592303e-13,8.228367002643801e-13,4.795366332792288e-14,0,1,1.1057992790837834e-12,4.0711215850486436e-13
3338,1.4148880545719407e-12,1.9492124709108716e-12,-5.343244163389309e-13,1,0,3.937226225968996e-12,1.4495331093942159e-12
3339,9.379194375625186e-13,1.1070079657330934e-12,-1.690885281705748e-13,1,0,1.0223014535812353e-12,3.763715163161934e-13
3340,2.8066606465409757e-13,3.336008618445663e-13,-5.293479719046873e-14,1,0,6.037554774241062e-13,2.2227921492851641e-13
3341,1.10324013471745e-12,1.2915136988160918e-12,-1.8827356409864185e-13,1,0,2.1222292265060926e-12,7.813220152945518e-13
3342,7.604197490321316e-13,8.946505875243381e-13,-1.3423083849220648e-13,1,0,1.1652274011760192e-12,4.289912748313886e-13
3343,1.545381156638592e-12,2.84518704814512e-12,-1.299805891506528e-12,1,0,6.414698574720072e-12,2.361641784642997e-12
3344,3.484792916888596e-12,4.1716824923987995e-12,-6.868895755102035e-13,1,0,4.732460548659455e-12,1.7423073657637002e-12
3345,2.755703797301264e-12,2.6862687924480273e-12,6.943500485323677e-14,0,1,2.646740055440128e-12,9.744264418984797e-13
3346,3.8526187362311833e-13,5.426708331798864e-13,-1.5740895955676808e-13,1,0,8.390416721114101e-13,3.0890241354816976e-13
3347,1.5365401695699425e-12,2.0217185039369564e-12,-4.851783343670139e-13,1,0,3.3720507099366416e-12,1.241457531286881e-12
3348,1.4672090545171988e-12,2.096664797440062e-12,-6.29455742922863e-13,1,0,4.504046889132723e-12,1.6582143664998825e-12
3349,7.70589968450697e-13,9.765564532603871e-13,-2.0596648480969015e-13,1,0,1.4861047676764981e-12,5.471258040920726e-13
3350,1.2341882008743896e-13,1.629543478509156e-13,-3.953552776347663e-14,1,0,3.625135720238896e-13,1.3346335595030923e-13
3351,8.358909239649789e-13,1.4196601108670426e-12,-5.837691869020637e-13,1,0,2.975366486386905e-12,1.0954138744055282e-12
3352,1.5094098423153146e-12,2.094791385346485e-12,-5.853815430311705e-13,1,0,3.9427585322252676e-12,1.4515698887483922e-12
3353,4.263867354196697e-13,6.00857243483148e-13,-1.7447050806347828e-13,1,0,8.650937602484313e-13,3.184937761359709e-13
3354,1.466859669289161e-13,2.413262126234715e-13,-9.464024569455539e-14,1,0,4.707650563941155e-13,1.7331732972015393e-13
3355,5.303207029107662e-13,6.970897013085278e-13,-1.667689983977616e-13,1,0,1.188043677322153e-12,4.3739133766972927e-13
3356,1.5854753976117973e-12,2.066814898447407e-12,-4.813395008356099e-13,1,0,3.97771035172783e-12,1.4644377852559304e-12
3357,5.669480609871684e-13,7.98779658096857e-13,-2.318315971096886e-13,1,0,1.3823023800922483e-12,5.089098142042906e-13
3358,4.638204503509512e-13,7.19425643299154e-13,-2.556051929482028e-13,1,0,1.5981511507702644e-12,5.883769115369617e-13
3359,5.016560648569155e-13,6.320579945863155e-13,-1.3040192972940003e-13,1,0,1.0849627446085947e-12,3.9944095932214875e-13
3360,2.1654752791750607e-12,2.8724713519733946e-12,-7.069960727983339e-13,1,0,5.180273814848349e-12,1.9071747416552167e-12
3361,1.1428529495682083e-12,1.2028707637464927e-12,-6.001781417828436e-14,1,0,8.695915484284714e-13,3.2014968628992844e-13
3362,5.275963369074709e-13,7.043566727092996e-13,-1.7676033580182874e-13,1,0,1.3673613971620105e-12,5.034091271212304e-13
3363,7.390173897272601e-13,8.831353450413024e-13,-1.4411795531404234e-13,1,0,1.2253997379313346e-12,4.511443819658363e-13
3364,7.026489987062424e-13,9.793151466202213e-13,-2.766661479139789e-13,1,0,1.858553278388871e-12,6.842468169160897e-13
3365,6.166934345193129e-13,9.27768164456779e-13,-3.1107472993746623e-13,1,0,1.91375487485937e-12,7.045698913809597e-13
3366,4.4784452240000713e-13,7.024900059790814e-13,-2.5464548357907423e-13,1,0,1.3006672506458184e-12,4.788549440416904e-13
3367,3.1465398548571686e-12,4.048100578979164e-12,-9.015607241219955e-13,1,0,7.709609812875833e-12,2.8383775894217737e-12
3368,2.8664615298857376e-13,3.663834843335906e-13,-7.973733134501682e-14,1,0,5.644887558941201e-13,2.078227398142196e-13
3369,1.0257628336519468e-13,1.6896735321205101e-13,-6.639106984685633e-14,1,0,3.4721245011905645e-13,1.2783007974544138e-13
3370,6.715426632542416e-13,7.827318404218377e-13,-1.1118917716759608e-13,1,0,9.825861906759161e-13,3.6174990576462097e-13
3371,2.0086863058276213e-13,2.3503168073431294e-13,-3.4163050151550804e-14,1,0,4.043377164253179e-13,1.4886137440352485e-13
3372,5.027816283159721e-13,5.087513481031695e-13,-5.969719787197411e-15,1,0,5.444970907490942e-13,2.0046258856141592e-13
3373,3.9200394846529066e-12,3.5821913017216323e-12,3.3784818293127426e-13,0,1,4.926661204570325e-12,1.813804471709041e-12
3374,2.938742549583339e-12,2.7098773899740785e-12,2.288651596092607e-13,0,1,2.6618209676467257e-12,9.799786454826034e-13
3375,2.522458383285592e-13,2.9991539634594385e-13,-4.7669558017384656e-14,1,0,3.4813865267979927e-13,1.2817107139813008e-13
3376,3.5518939626547223e-12,3.972012934309164e-12,-4.201189716544416e-13,1,0,3.501078834086622e-12,1.288960653349011e-12
3377,5.992797590419916e-13,7.741859975091143e-13,-1.7490623846712273e-13,1,0,1.0507765875928435e-12,3.86854949874575e-13
3378,9.565091887639878e-13,1.3949725075169104e-12,-4.3846331875292263e-13,1,0,3.01680134319223e-12,1.1106685723515536e-12
3379,1.0010943553491064e-12,1.4909210204926166e-12,-4.898266651435101e-13,1,0,2.417544992367466e-12,8.900457603307715e-13
3380,3.529512652232171e-13,5.165122094592573e-13,-1.6356094423604015e-13,1,0,1.0254186800666553e-12,3.7751915750843525e-13
3381,1.5122969567748711e-13,1.7655979065064183e-13,-2.5330094973154716e-14,1,0,3.344799187050234e-13,1.2314245836130296e-13
3382,5.430042482323893e-12,5.079271118242576e-12,3.50771364081317e-13,0,1,5.675090462240978e-12,2.089346928954039e-12
3383,4.626617860570567e-13,6.700005286822746e-13,-2.0733874262521792e-13,1,0,1.3562747788298696e-12,4.993274667285259e-13
3384,2.5463389580558805e-12,2.6495618481386693e-12,-1.0322289008278875e-13,1,0,3.2617120165201937e-12,1.2008351285660224e-12
3385,1.0385877079693246e-12,1.4234237082736284e-12,-3.8483600030430383e-13,1,0,2.3779669406016042e-12,8.754746655682867e-13
3386,3.639939871978362e-12,6.206353673013023e-12,-2.5664138010346607e-12,1,0,1.1780842118521256e-11,4.3372465099182065e-12
3387,2.734226115484803e-12,2.891437415081281e-12,-1.5721129959647827e-13,1,0,4.381951886947007e-12,1.6132637494912806e-12
3388,3.158213322348259e-12,3.3050362567677148e-12,-1.4682293441945586e-13,1,0,2.512552172681651e-12,9.25023697993397e-13
3389,3.218613083728861e-13,3.5922037388698756e-13,-3.7359065514101475e-14,1,0,4.827235413640126e-13,1.7771997739828999e-13
3390,2.736855485198245e-13,4.079201245110734e-13,-1.3423457599124893e-13,1,0,6.933889815199301e-13,2.5527877462893533e-13
3391,4.376060114700992e-13,4.880560143248484e-13,-5.045000285474923e-14,1,0,8.934926854645799e-13,3.289491525886883e-13
3392,7.346591886967207e-13,1.0074692174582178e-12,-2.7281002876149715e-13,1,0,1.7783602675523231e-12,6.547228785701348e-13
3393,2.8043939167561005e-12,2.6630166673189585e-12,1.4137724943714194e-13,0,1,6.157931408277414e-12,2.267110130172884e-12
3394,2.988916026724521e-13,3.1130788806437033e-13,-1.2416285391918233e-14,1,0,4.604586535868985e-13,1.6952291424834855e-13
3395,2.3065497854697326e-13,2.945896606724387e-13,-6.393468212546545e-14,1,0,4.960729415334208e-13,1.826347057947635e-13
3396,3.775969427254603e-13,4.250955739314523e-13,-4.749863120599198e-14,1,0,8.022173214798634e-13,2.9534512412438723e-13
3397,1.6488732091854233e-12,2.6601543759960646e-12,-1.0112811668106413e-12,1,0,5.571890091177887e-12,2.0513525780653238e-12
3398,3.53399834332265e-13,3.876904258047235e-13,-3.429059147245849e-14,1,0,4.912716342628627e-13,1.8086705175163412e-13
3399,5.608539516256046e-13,5.392429569199104e-13,2.1610994705694222e-14,0,1,7.236370210460565e-13,2.6641492283860396e-13
3400,5.017965071150552e-13,5.160724030091422e-13,-1.4275895894087053e-14,1,0,5.990166737477771e-13,2.2053457227058344e-13
3401,4.936615659620168e-13,7.037474987479064e-13,-2.1008593278588966e-13,1,0,1.3109481035819204e-12,4.826399530476244e-13
3402,2.5224593519351535e-13,3.4293737284959647e-13,-9.069143765608113e-14,1,0,6.542126368083646e-13,2.408555727336774e-13
3403,1.2788034707275753e-12,2.699171786107792e-12,-1.4203683153802166e-12,1,0,5.877572176165895e-12,2.163892797424886e-12
3404,2.9169049486130026e-13,4.158042465224395e-13,-1.2411375166113923e-13,1,0,6.668436567567784e-13,2.455058215560291e-13
3405,5.541532598835114e-13,1.0432512398216554e-12,-4.89097979938144e-13,1,0,2.2530140970720083e-12,8.294719028582197e-13
3406,2.1043000784792137e-13,2.5517809049384077e-13,-4.47480826459194e-14,1,0,4.3709707227073035e-13,1.6092209131817597e-13
3407,8.532272369157752e-12,9.880228600826724e-12,-1.3479562316689717e-12,1,0,1.163216072215758e-11,4.28250781968024e-12
3408,1.890418948550356e-12,1.5102919417336093e-12,3.8012700681674676e-13,0,1,3.2062812050559563e-12,1.180427666081891e-12
3409,1.1346109321313243e-12,1.166555712579889e-12,-3.1944780448564674e-14,1,0,1.9194178896306225e-12,7.066547925115516e-13
3410,2.6539796479839716e-13,2.7128674850756937e-13,-5.8887837091722076e-15,1,0,1.895077363134887e-13,6.976935601538726e-14
3411,2.816059670303565e-13,3.404754811301164e-13,-5.886951409975994e-14,1,0,7.316019831542928e-13,2.69347311182156e-13
3412,3.902017135721428e-13,6.690942544016683e-13,-2.788925408295255e-13,1,0,1.4654946280722915e-12,5.395379546694294e-13
3413,8.326171841202187e-13,8.105863493223588e-13,2.2030834797859874e-14,0,1,1.3722541947581742e-12,5.052104643333075e-13
3414,4.070454861446967e-13,7.402526349579756e-13,-3.332071488132789e-13,1,0,1.0809221844415302e-12,3.979533826865903e-13
3415,5.55937800910813e-13,7.138047632286675e-13,-1.5786696231785454e-13,1,0,1.6501181633767664e-12,6.075091384007845e-13
3416,5.129692667009607e-13,5.71763690355319e-13,-5.879442365435832e-14,1,0,1.0835516330924647e-12,3.989214431078691e-13
3417,4.1356517368405704e-13,5.855224503810186e-13,-1.7195727669696153e-13,1,0,1.0095183101779198e-12,3.7166526157192114e-13
3418,4.3454281119613863e-13,6.331930843396704e-13,-1.9865027314353173e-13,1,0,1.1879005477235274e-12,4.3733864293484875e-13
3419,4.2016652334783475e-12,7.851323713548436e-12,-3.649658480070088e-12,1,0,1.2028151400163107e-11,4.428296140146689e-12
3420,1.8801790890708466e-13,2.2496486373820498e-13,-3.694695483112031e-14,1,0,4.473084633990029e-13,1.6468152719609852e-13
3421,5.052142997509587e-13,5.896838492668105e-13,-8.446954951585174e-14,1,0,1.143665486512819e-12,4.210530189597568e-13
3422,1.1718604016633995e-12,1.3277568381789513e-12,-1.558964365155518e-13,1,0,2.8789448660933802e-12,1.059915195118309e-12
3423,1.4731609214367677e-12,1.5183686616249208e-12,-4.520774018815309e-14,1,0,1.5372156269856104e-12,5.65942828709426e-13
3424,5.559653707860603e-13,7.047423625777196e-13,-1.4877699179165927e-13,1,0,1.1842789101942692e-12,4.3600529727280404e-13
3425,6.411811553190783e-13,7.289866059292107e-13,-8.780545061013244e-14,1,0,1.308504778072863e-12,4.81740415906719e-13
3426,2.4935414409862528e-12,2.90547312116047e-12,-4.119316801742171e-13,1,0,2.665387618864098e-12,9.812917473295691e-13
3427,1.3912606941441716e-13,2.19690988424335e-13,-8.056491900991783e-14,1,0,4.365459080262942e-13,1.6071917414370555e-13
3428,3.614789084442005e-13,4.4380062110156264e-13,-8.232171265736215e-14,1,0,5.987419197731566e-13,2.204334185749885e-13
3429,2.1858037980740951e-13,2.739353043623934e-13,-5.5354924554983875e-14,1,0,4.727476040064731e-13,1.7404722641395019e-13
3430,2.489245065139998e-13,2.6653274212967283e-13,-1.7608235615673028e-14,1,0,4.1314216011478167e-13,1.521028271180012e-13
3431,4.4418886422200384e-13,6.856941756684783e-13,-2.415053114464745e-13,1,0,1.2330863902572409e-12,4.53974307504103e-13
3432,1.3620595414276104e-12,1.7277840280920957e-12,-3.6572448666448533e-13,1,0,2.573382004809863e-12,9.4741886927595e-13
3433,2.821818361954301e-10,2.3417040388758236e-10,4.801143230784775e-11,0,1,4.406248219251396e-10,1.6222087112716744e-10
3434,9.80202226555354e-13,1.2539661576780752e-12,-2.737639311227211e-13,1,0,2.0964688499433163e-12,7.718380495290293e-13
3435,7.470555002024759e-13,1.2195639250577814e-12,-4.725084248553056e-13,1,0,2.407633537354247e-12,8.863967492302228e-13
3436,1.1551002455189423e-13,1.692664835896357e-13,-5.3756459037741456e-14,1,0,3.194239705383945e-13,1.1759944556287517e-13
3437,7.166208343244352e-13,1.023259171195079e-12,-3.0663833687064384e-13,1,0,1.908046152767268e-12,7.02468162597825e-13
3438,3.574126334665464e-13,6.911793752075928e-13,-3.3376674174104637e-13,1,0,1.3431335114590806e-12,4.944893647094649e-13
3439,9.032125054485171e-13,1.7956874650782573e-12,-8.924749596297402e-13,1,0,3.160240279583362e-12,1.1634771933304169e-12
3440,4.598517287681978e-13,5.658372547956041e-13,-1.0598552602740626e-13,1,0,8.190123642700171e-13,3.015284037229652e-13
3441,4.801381638059239e-13,6.064186790389684e-13,-1.2628051523304456e-13,1,0,6.898169688774426e-13,2.539636989143855e-13
3442,1.2520179643245116e-12,1.844011776563516e-12,-5.919938122390045e-13,1,0,3.986307378848196e-12,1.4676028752807648e-12
3443,1.5210950576595786e-13,2.1209590882586884e-13,-5.998640305991097e-14,1,0,2.9388431662544867e-13,1.0819674126686452e-13
3444,6.92710921164636e-13,8.11004233410469e-13,-1.18293312245833e-13,1,0,8.495033135989784e-13,3.1275398184638463e-13
3445,1.813066519070134e-11,2.5418854078263376e-11,-7.288188887562037e-12,1,0,3.2030580204506535e-11,1.179241015243222e-11
3446,1.2509167342866254e-13,1.658553156517927e-13,-4.076364222313016e-14,1,0,3.0644001941834807e-13,1.1281926125059797e-13
3447,9.092008986032927e-12,9.212493045355383e-12,-1.204840593224566e-13,1,0,9.935254511552817e-12,3.6577731474420674e-12
3448,6.115985319854533e-13,6.713022572502168e-13,-5.97037252647635e-14,1,0,1.2331505337991541e-12,4.5399792265406413e-13
3449,9.3880890308049e-13,1.3523460419459988e-12,-4.135371388655088e-13,1,0,2.7893969565443065e-12,1.0269471479910515e-12
3450,2.1736843711114556e-12,2.2848144205077254e-12,-1.1113004939626981e-13,1,0,1.6862153381774662e-12,6.207987100500049e-13
3451,1.4937157193120827e-12,1.367559582498299e-12,1.2615613681378374e-13,0,1,4.058639093562027e-12,1.494232591055136e-12
3452,6.478815718218243e-13,9.131014158188338e-13,-2.652198439970095e-13,1,0,1.3371975731113997e-12,4.923039837644904e-13
3453,6.870437311778962e-13,8.733430973108534e-13,-1.8629936613295712e-13,1,0,1.713777250714279e-12,6.309459310851653e-13
3454,5.543631387889915e-13,7.181250464241183e-13,-1.6376190763512675e-13,1,0,1.1196578116781892e-12,4.122143295995076e-13
3455,4.610303333193052e-12,6.007610940733343e-12,-1.3973076075402914e-12,1,0,9.732469740806798e-12,3.583115705271615e-12
3456,3.256135326565397e-13,3.3871285237087635e-13,-1.3099319714336665e-14,1,0,1.4988926869243063e-13,5.518338171159866e-14
3457,1.2753648172568258e-12,1.2541483947283371e-12,2.1216422528488677e-14,0,1,1.29828033178121e-12,4.779761736269078e-13
3458,1.333332551289506e-13,1.7128002585951179e-13,-3.7946770730561175e-14,1,0,2.6616464167187497e-13,9.799143826399687e-14
3459,6.028183172143172e-12,5.757386149493738e-12,2.7079702264943453e-13,0,1,4.69017024312935e-12,1.7267377249673557e-12
3460,2.8326081025205576e-12,2.9841867706389865e-12,-1.515786681184289e-13,1,0,7.407947300122322e-12,2.727317219759715e-12
3461,6.473332860959561e-13,8.992773949783375e-13,-2.519441088823813e-13,1,0,1.9106837064977798e-12,7.034392069932335e-13
3462,1.5737711176291542e-12,3.200761744341878e-12,-1.6269906267127236e-12,1,0,7.2621021125689564e-12,2.673622710968216e-12
3463,1.7614989648103348e-13,2.625519206634676e-13,-8.640202418243412e-14,1,0,5.786148662329699e-13,2.1302342259644386e-13
3464,9.225411166340361e-13,1.1844464814897932e-12,-2.6190536485575706e-13,1,0,2.3640120034028555e-12,8.703370020589655e-13
3465,3.1533696232151676e-13,3.4544871598469106e-13,-3.01117536631743e-14,1,0,4.760835093563043e-13,1.7527537663363828e-13
3466,3.062716963713733e-12,3.2325497699587577e-12,-1.698328062450249e-13,1,0,8.140624935157421e-12,2.997060544004348e-12
3467,2.33233012534439e-12,3.806712339394504e-12,-1.474382214050114e-12,1,0,7.48859086766378e-12,2.7570070355086795e-12
3468,7.447571528772096e-13,1.0433685421403219e-12,-2.986113892631122e-13,1,0,2.0909257835670287e-12,7.697973087184042e-13
3469,4.09325661078283e-13,5.894167401170923e-13,-1.8009107903880926e-13,1,0,9.77025957279031e-13,3.59702844726679e-13
3470,7.261483995334359e-13,1.043455108625082e-12,-3.173067090916461e-13,1,0,1.8984929385232034e-12,6.989510417738875e-13
3471,6.87235805682913e-14,9.289245804869156e-14,-2.4168877480400255e-14,1,0,1.9710449232573964e-13,7.256618523772568e-14
3472,1.836982014650732e-13,2.3291308062779607e-13,-4.921487916272288e-14,1,0,3.899057907072404e-13,1.4354810232820163e-13
3473,8.837297574902007e-13,1.6785429749465087e-12,-7.94813217456308e-13,1,0,2.921717623263668e-12,1.0756624557886435e-12
3474,3.381954235127431e-13,4.984864988372664e-13,-1.6029107532452332e-13,1,0,8.959489757584201e-13,3.2985346285760833e-13
3475,4.255874282634336e-12,4.372974571473545e-12,-1.1710028883920838e-13,1,0,9.23850642384751e-12,3.401257680950836e-12
3476,2.126202651491666e-12,2.434583305545207e-12,-3.0838065405354115e-13,1,0,4.549128269850423e-12,1.6748115723034248e-12
3477,3.826613217001608e-13,6.061831193320372e-13,-2.235217976318764e-13,1,0,1.2598387659138403e-12,4.638234886391415e-13
3478,1.25557366874437e-12,1.2741160156188844e-12,-1.8542346874514396e-14,1,0,1.578591016294447e-12,5.811756330430081e-13
3479,1.2383877649241853e-12,1.5354095627731022e-12,-2.9702179784891693e-13,1,0,2.1882495561874372e-12,8.056281253003791e-13
3480,1.257430677100325e-12,1.2405463842358994e-12,1.6884292864425686e-14,0,1,1.192784317750773e-12,4.3913665654820606e-13
3481,1.4989846464332273e-13,2.7564327513838044e-13,-1.257448104950577e-13,1,0,5.518322671295591e-13,2.0316311436727392e-13
3482,9.166082396317243e-13,1.1366286351635114e-12,-2.2002039553178716e-13,1,0,1.4930252480819532e-12,5.49673655016781e-13
3483,5.32022968392664e-13,6.743787361933394e-13,-1.4235576780067534e-13,1,0,1.2502662867539398e-12,4.602992752246972e-13
3484,2.020568424356923e-12,2.0839754232954812e-12,-6.340699893855836e-14,1,0,4.232224296774493e-12,1.5581398915038082e-12
3485,3.9315223433733513e-13,3.834474509495756e-13,9.704783387759519e-15,0,1,1.01384431305666e-12,3.7325792707910194e-13
3486,5.614181025320477e-13,9.585448575322197e-13,-3.97126755000172e-13,1,0,1.7517588227600635e-12,6.449292642916936e-13
3487,6.584400577530708e-12,6.407166326535809e-12,1.7723425099489883e-13,0,1,8.936267451706327e-12,3.2899850814293043e-12
3488,4.372492588932341e-13,6.548358743157591e-13,-2.1758661542252498e-13,1,0,1.2672220607191853e-12,4.665417297719919e-13
3489,8.778424928587831e-13,1.4770589336266993e-12,-5.992164407679162e-13,1,0,2.786241353967597e-12,1.0257853782190073e-12
3490,4.626172976092811e-13,8.322051932441542e-13,-3.6958789563487314e-13,1,0,1.4159671834431727e-12,5.213038815699271e-13
3491,1.5582980805904063e-12,1.5972036930483047e-12,-3.890561245789838e-14,1,0,1.7520683400205268e-12,6.450432164730571e-13
3492,1.7113749168953494e-12,1.625348557441416e-12,8.602635945393335e-14,0,1,1.7682514977966254e-12,6.510012238784436e-13
3493,9.79713641497654e-13,1.8389794473416503e-12,-8.592658058439963e-13,1,0,3.833184933986036e-12,1.4112291642262354e-12
3494,2.0771191140497183e-12,2.287434058374554e-12,-2.1031494432483556e-13,1,0,3.833605628192136e-12,1.4113840474220879e-12
3495,1.009744244954212e-12,1.1946231598023892e-12,-1.8487891484817723e-13,1,0,2.472552191365822e-12,9.102972652296372e-13
3496,2.3314496718598407e-13,3.090767956604563e-13,-7.593182847447225e-14,1,0,5.461990146886849e-13,2.0108917056573044e-13
3497,1.840016775321777e-13,3.1923569926327985e-13,-1.3523402173110215e-13,1,0,6.567528920874143e-13,2.417907956347668e-13
3498,1.5939580663400167e-12,1.775929111909982e-12,-1.8197104556996525e-13,1,0,2.982315642158275e-12,1.097972282481371e-12
3499,1.1401254434466334e-12,1.7832592273696905e-12,-6.43133783923057e-13,1,0,3.487825350929925e-12,1.284081237854997e-12
3500,4.1706662952715367e-13,4.762016003257333e-13,-5.913497079857964e-14,1,0,7.546389926051371e-13,2.778286394127196e-13
3501,6.206631385936081e-13,7.373720469347027e-13,-1.167089083410946e-13,1,0,9.224828462440961e-13,3.396221989123672e-13
3502,1.775804683325561e-13,2.20894046464293e-13,-4.331357813173691e-14,1,0,3.8737662238213556e-13,1.4261696121106446e-13
3503,2.4998042827446323e-11,5.504950130516817e-11,-3.005145847772185e-11,1,0,1.101653270707742e-10,4.055857599521831e-11
3504,2.6449873120086117e-13,4.0974273862628526e-13,-1.452440074254241e-13,1,0,9.181759534526782e-13,3.3803656899387427e-13
3505,5.870457647706118e-13,6.869711548958303e-13,-9.992539012521855e-14,1,0,1.179050074778497e-12,4.3408024404402514e-13
3506,7.95770237552551e-13,1.0412680700006835e-12,-2.454978324481325e-13,1,0,2.7840066919566016e-12,1.0249626628383472e-12
3507,4.25334320811778e-12,5.947032515958311e-12,-1.6936893078405306e-12,1,0,1.3089293623195871e-11,4.818967312637829e-12
3508,4.837480797931007e-13,6.62872796206074e-13,-1.7912471641297329e-13,1,0,1.0691024958542905e-12,3.9360183442224937e-13
3509,2.197675141068493e-12,2.9088998345721475e-12,-7.112246935036544e-13,1,0,4.035869121216496e-12,1.485849575469915e-12
3510,6.531571017874033e-13,6.114941000334652e-13,4.16630017539381e-14,0,1,3.8831391025898195e-13,1.429620340447161e-13
3511,2.2635500270390044e-13,2.806733124139873e-13,-5.4318309710086856e-14,1,0,5.135763712903997e-13,1.890787858411044e-13
3512,9.981590867527158e-13,1.3899001833037904e-12,-3.917410965510746e-13,1,0,2.3210671137351873e-12,8.545263689178013e-13
3513,1.7868424896130824e-13,2.044426836562498e-13,-2.575843469494155e-14,1,0,2.276045565534834e-13,8.37951191113143e-14
3514,1.242036741255655e-13,2.250462852845111e-13,-1.008426111589456e-13,1,0,4.2320053591802305e-13,1.5580592872221235e-13
3515,1.7769105210532612e-13,2.8305136973068226e-13,-1.0536031762535615e-13,1,0,4.765957976215269e-13,1.7546398118907287e-13
3516,2.841520525797366e-13,4.1350111637057124e-13,-1.2934906379083465e-13,1,0,7.635374557505103e-13,2.8110470642326286e-13
3517,1.3825829280830115e-11,1.7921311147538934e-11,-4.095481866708819e-12,1,0,2.4830168467986776e-11,9.14149943144936e-12
3518,3.458153911324438e-12,3.1741752566967018e-12,2.8397865462773605e-13,0,1,4.040141493781927e-12,1.4874224963877971e-12
3519,4.759962324514995e-13,7.824646563743045e-13,-3.0646842392280506e-13,1,0,1.6105752160378491e-12,5.929509677189142e-13
3520,1.6730840418698056e-12,2.4271678332967064e-12,-7.540837914269007e-13,1,0,3.729985006707872e-12,1.3732349767218183e-12
3521,9.68888322647766e-13,1.5716564345033112e-12,-6.027681118555451e-13,1,0,3.41406433333766e-12,1.2569253085163716e-12
3522,1.9272815371826735e-13,2.3207601850759466e-13,-3.9347864789327315e-14,1,0,3.923398518234281e-13,1.444442286810466e-13
3523,1.4319549505545305e-12,1.4278166024196329e-12,4.138348134897628e-15,0,1,2.3059832616456247e-12,8.489730829834516e-13
3524,2.2053863618931534e-13,2.8828808039303203e-13,-6.774944420371669e-14,1,0,3.6346160313740545e-13,1.3381238402462032e-13
3525,2.8068963994816066e-13,4.695335698739746e-13,-1.8884392992581397e-13,1,0,8.367141345974337e-13,3.0804550503028656e-13
3526,1.261242495551437e-13,1.604490316869997e-13,-3.4324782131856e-14,1,0,2.4595241569065883e-13,9.055008511515153e-14
3527,3.640594639633229e-13,4.216740141204332e-13,-5.761455015711029e-14,1,0,8.591029561454745e-13,3.162881957601586e-13
3528,6.094163240536739e-13,9.04963094231245e-13,-2.955467701775711e-13,1,0,1.7847416736832004e-12,6.570722633756577e-13
3529,2.1162841553274615e-12,2.465151870448928e-12,-3.488677151214664e-13,1,0,3.1078321493413313e-12,1.1441825641607223e-12
3530,9.381997733648624e-12,1.390926050896235e-11,-4.527262775313726e-12,1,0,1.8971132097158403e-11,6.9844307944876975e-12
3531,3.488704338741364e-13,3.6096372463488573e-13,-1.2093290760749339e-14,1,0,3.2128954579737584e-13,1.1828627759912542e-13
3532,4.917264531098648e-13,1.0588749056371962e-12,-5.671484525273314e-13,1,0,2.099340781738585e-12,7.728953827850425e-13
3533,5.142045435848429e-13,7.763602219078148e-13,-2.621556783229718e-13,1,0,1.5965458278132056e-12,5.877858942461139e-13
3534,1.1516864267296935e-12,1.093049071649714e-12,5.863735507997941e-14,0,1,1.990214550070285e-12,7.327193611830086e-13
3535,7.446181441115321e-12,7.78275047578509e-12,-3.365690346697687e-13,1,0,1.3493391036385219e-11,4.9677402167638435e-12
3536,1.9577579515586764e-12,2.103235397706294e-12,-1.4547744614761758e-13,1,0,2.317328228959101e-12,8.531498573931647e-13
3537,1.602614341742618e-13,1.872359446540432e-13,-2.697451047978141e-14,1,0,3.0935731439207495e-13,1.1389329545935002e-13
3538,4.709930176578541e-13,8.768803079723772e-13,-4.058872903145231e-13,1,0,1.6775556188895236e-12,6.176105392146237e-13
3539,1.2563049315983895e-12,1.2386019893254112e-12,1.770294227297824e-14,0,1,1.171816884514845e-12,4.3141726554800766e-13
3540,1.433378255497923e-12,1.5737053273559123e-12,-1.4032707185798917e-13,1,0,1.7524725581224537e-12,6.451920338100683e-13
3541,3.531776085024727e-13,7.007160877271602e-13,-3.475384792246875e-13,1,0,1.3767620154828735e-12,5.068700680788496e-13
3542,6.57226241386778e-13,9.371853488944167e-13,-2.799591075076387e-13,1,0,2.205851833540845e-12,8.121085971757855e-13
3543,4.182665870264789e-13,5.220603100992013e-13,-1.0379372307272247e-13,1,0,1.0707780817942015e-12,3.942187198024992e-13
3544,5.068319802747482e-13,4.924162409132014e-13,1.441573936154676e-14,0,1,7.254065242055071e-13,2.670663848754774e-13
3545,5.228672016149049e-12,8.138033044884242e-12,-2.9093610287351937e-12,1,0,1.4807509901360107e-11,5.451547520468329e-12
3546,3.6768197724719444e-13,4.5272465368368333e-13,-8.504267643648889e-14,1,0,8.338086508400444e-13,3.0697581925064706e-13
3547,9.176005536169487e-12,8.718354046908382e-12,4.576514892611057e-13,0,1,1.4956552066669845e-11,5.506419031759022e-12
3548,3.5475333313498763e-13,3.8214112526618446e-13,-2.7387792131196824e-14,1,0,9.89949277559226e-13,3.6446070712886753e-13
3549,6.859979450752968e-13,9.091699924841115e-13,-2.2317204740881475e-13,1,0,1.2506617288131094e-12,4.604448615651093e-13
3550,2.580302113720726e-13,4.091374786058229e-13,-1.511072672337503e-13,1,0,7.598060133496796e-13,2.797309348908764e-13
3551,9.222570572214865e-14,9.136969784252944e-14,8.560078796192151e-16,0,1,1.2814984546726982e-13,4.71797741118731e-14
3552,6.156880600177929e-13,1.2598200589246275e-12,-6.441319989068346e-13,1,0,2.6196438829681187e-12,9.644506881871554e-13
3553,1.4361640627529556e-12,1.6476012137798777e-12,-2.1143715102692204e-13,1,0,3.1720146147577e-12,1.1678120442373158e-12
3554,1.5934304690530626e-12,1.9784587932696576e-12,-3.85028324216595e-13,1,0,3.51166521686493e-12,1.2928581465244512e-12
3555,8.942838337195677e-13,1.0937937995692416e-12,-1.9950996584967385e-13,1,0,2.0710737746603435e-12,7.624885734447162e-13
3556,1.6919467694009786e-13,2.300981353421082e-13,-6.090345840201035e-14,1,0,4.1701405547317095e-13,1.5352830795044023e-13
3557,1.3635035603169024e-11,1.650633430377459e-11,-2.8712987006055662e-12,1,0,3.106897033198049e-11,1.1438382908746519e-11
3558,2.9862103192294954e-12,2.9038192859306086e-12,8.23910332988868e-14,0,1,3.675988535459395e-12,1.3533555823530438e-12
3559,1.6905793677247915e-12,4.009523144986486e-12,-2.3189437772616943e-12,1,0,8.781883280901032e-12,3.2331468521010994e-12
3560,4.764906213689383e-13,8.464171759186879e-13,-3.699265545497496e-13,1,0,1.7972753719674433e-12,6.616866821576762e-13
3561,1.3944408622332112e-10,1.1298392558791251e-10,2.6460160635408604e-11,0,1,2.825115693553031e-10,1.0400973936077224e-10
3562,3.3101707850708587e-13,3.456452994777415e-13,-1.4628220970655606e-14,1,0,4.4534632372627425e-13,1.639591439095816e-13
3563,9.652167991956317e-13,1.1023250797973016e-12,-1.3710828060166996e-13,1,0,2.0405378598269704e-12,7.512464407766288e-13
3564,1.2168598152732046e-12,1.5107434729777155e-12,-2.938836577045109e-13,1,0,2.1783335405625624e-12,8.019774351605233e-13
3565,5.004726628820564e-13,4.949985247256891e-13,5.474138156367252e-15,0,1,8.551254940880896e-13,3.148238493871941e-13
3566,1.5771396690355052e-12,1.3474995792657601e-12,2.296400897697451e-13,0,1,3.3268382740846877e-12,1.2248120760952278e-12
3567,1.1020696111329281e-13,1.3030655284996432e-13,-2.009959173667151e-14,1,0,2.244923539027728e-13,8.264932749903802e-14
3568,2.689846919209815e-13,3.3701254977200855e-13,-6.802785785102705e-14,1,0,5.093281657197734e-13,1.8751476226798086e-13
3569,2.1491423742339107e-13,2.7150322560126105e-13,-5.658898817786998e-14,1,0,4.682468588194912e-13,1.7239022760538635e-13
3570,5.064061882943926e-13,7.634329066850081e-13,-2.5702671839061556e-13,1,0,1.5161659647982029e-12,5.581931642169567e-13
3571,1.1919355141967172e-13,2.1158177948080124e-13,-9.238822806112951e-14,1,0,4.268792202992334e-13,1.5716027680980882e-13
3572,1.6746891694969568e-11,1.5122653117925523e-11,1.6242385770440456e-12,0,1,2.761839417506134e-11,1.0168015371074848e-11
3573,2.6336368009480396e-13,2.900392356017872e-13,-2.667555550698325e-14,1,0,5.207431295934016e-13,1.9171730668065063e-13
3574,2.384652434487141e-13,4.866147260641833e-13,-2.481494826154692e-13,1,0,1.0642031871118401e-12,3.9179810006010244e-13
3575,1.3649933160125002e-12,1.4268753830534085e-12,-6.188206704090825e-14,1,0,2.3468248159063312e-12,8.640093500766498e-13
3576,2.3365273883322414e-13,3.9012326937132243e-13,-1.5647053053809829e-13,1,0,9.09605584756465e-13,3.3488129356089615e-13
3577,1.4172852955035256e-12,1.6440211339431839e-12,-2.2673583843965832e-13,1,0,1.629152185290895e-12,5.997902831300731e-13
3578,8.822814789605211e-14,1.4279865805392556e-13,-5.4570510157873443e-14,1,0,2.1617905933955602e-13,7.958869673364076e-14
3579,5.661453593062224e-12,6.078429387743286e-12,-4.1697579468106155e-13,1,0,1.355053216871437e-11,4.988777352672638e-12
3580,1.0338300964541753e-12,1.228463845918027e-12,-1.9463374946385175e-13,1,0,2.3379143769267207e-12,8.607288740311049e-13
3581,2.045604319923557e-12,2.3887961788571544e-12,-3.431918589335972e-13,1,0,4.086053636180263e-12,1.5043255562350202e-12
3582,4.886317781524755e-13,5.860617064171996e-13,-9.742992826472413e-14,1,0,1.01733194275546e-12,3.7454193628547495e-13
3583,2.1705722557133613e-12,3.067183070341424e-12,-8.966108146280625e-13,1,0,4.604284901034927e-12,1.6951180923040395e-12
3584,3.5160880731704337e-13,3.9999047522759065e-13,-4.838166791054728e-14,1,0,5.663432905320025e-13,2.0850550712446412e-13
3585,9.445896391536345e-13,1.2329367826101408e-12,-2.8834714345650623e-13,1,0,2.9077374370538084e-12,1.0705154965783684e-12
3586,2.114576665835736e-12,2.405245308940909e-12,-2.9066864310517297e-13,1,0,4.643905318492934e-12,1.7097047844617317e-12
3587,2.103061949926127e-12,2.9242111911082567e-12,-8.211492411821298e-13,1,0,4.275999025926779e-12,1.5742560391720533e-12
3588,3.348950006427748e-13,4.615390460489975e-13,-1.266440454062227e-13,1,0,9.476948865083576e-13,3.489042886427923e-13
3589,2.7939904975968886e-12,2.6344145628969543e-12,1.5957593469993434e-13,0,1,3.6119203566235312e-12,1.3297681781371942e-12
3590,1.0418618558326175e-12,1.0817540414784362e-12,-3.989218564581871e-14,1,0,1.853923109566862e-12,6.825421693737872e-13
3591,5.979907313099308e-12,8.271565453106053e-12,-2.2916581400067455e-12,1,0,1.1063254035253318e-11,4.073058570006876e-12
3592,7.472964599882298e-13,7.953762511616492e-13,-4.807979117341945e-14,1,0,9.10941676508692e-13,3.353731904245479e-13
3593,1.5326097503763837e-12,1.6112782814217109e-12,-7.866853104532719e-14,1,0,1.258533243793579e-12,4.633428463214907e-13
3594,3.06734231716781e-12,3.5938747491831465e-12,-5.265324320153365e-13,1,0,4.783252560843791e-12,1.761007003307598e-12
3595,3.5344840520921833e-13,6.335838088537135e-13,-2.801354036444952e-13,1,0,1.2457433745765821e-12,4.586341153949877e-13
3596,2.0810283368504286e-11,2.3682756067155638e-11,-2.872472698651351e-12,1,0,4.7580518526497326e-11,1.75172908560337e-11
3597,7.559187014160536e-13,9.76413842604181e-13,-2.2049514118812748e-13,1,0,2.159012335964395e-12,7.948641213271201e-13
3598,7.349864137935966e-13,1.054664469809478e-12,-3.1967805601588143e-13,1,0,2.033372880650095e-12,7.486085749419205e-13
3599,1.4587121748856734e-12,1.2820547969051053e-12,1.766573779805681e-13,0,1,2.0922956544684363e-12,7.703016417470955e-13
3600,1.8117458088495286e-12,2.464578403588752e-12,-6.528325947392234e-13,1,0,3.703006245594031e-12,1.3633024492924793e-12
3601,5.101081982662712e-13,6.06905437532893e-13,-9.679723926662178e-14,1,0,1.158087204406299e-12,4.263625329122596e-13
3602,4.279086455987797e-13,5.31205145345422e-13,-1.0329649974664234e-13,1,0,8.438184440454277e-13,3.106610346374823e-13
3603,1.915440971788864e-13,2.9346704752084804e-13,-1.0192295034196166e-13,1,0,5.220138581700645e-13,1.9218513937280762e-13
3604,3.980056738252596e-13,5.475974633557861e-13,-1.4959178953052645e-13,1,0,9.048615148365255e-13,3.331347120774964e-13
3605,3.06868558331483e-13,4.408991732748868e-13,-1.3403061494340382e-13,1,0,7.515117309750255e-13,2.766773036716627e-13
3606,1.3083822573775051e-12,1.4252271063110568e-12,-1.1684484893355165e-13,1,0,2.5452985455550234e-12,9.370796350841949e-13
3607,6.377829731660071e-13,1.1852662875374612e-12,-5.47483314371454e-13,1,0,2.6240253116655143e-12,9.66063759318663e-13
3608,1.383938440399036e-12,1.5126236725240467e-12,-1.2868523212501068e-13,1,0,2.983724717045629e-12,1.0984910488883818e-12
3609,1.3866136598091823e-12,1.816711272221639e-12,-4.300976124124568e-13,1,0,3.3542058628389645e-12,1.2348877546940225e-12
3610,3.596906430966243e-13,7.090119089678358e-13,-3.493212658712115e-13,1,0,1.214966834926673e-12,4.4730339405597e-13
3611,4.2914118899815314e-13,3.8664103205173375e-13,4.250015694641939e-14,0,1,6.715719891888792e-13,2.4724660911030937e-13
3612,2.623662440226412e-12,4.2645099946197555e-12,-1.6408475543933437e-12,1,0,8.415566891546633e-12,3.0982834471535564e-12
3613,1.5784872687557522e-13,2.2927087894868897e-13,-7.142215207311375e-14,1,0,4.381388294074802e-13,1.6130562565808935e-13
3614,9.429871106556859e-13,9.668728342603965e-13,-2.388572360471066e-14,1,0,1.1349742117750955e-12,4.1785323063871073e-13
3615,4.960912009784375e-13,8.197171403541209e-13,-3.236259393756834e-13,1,0,1.6481979809133343e-12,6.068022021220244e-13
3616,1.6482599587665367e-12,1.6741760886052448e-12,-2.5916129838708042e-14,1,0,3.075073888545168e-12,1.132122250400488e-12
3617,3.938641306159898e-13,5.683410689370657e-13,-1.744769383210759e-13,1,0,9.760628763639064e-13,3.5934827590249236e-13
3618,6.293492428775706e-13,6.745701860646353e-13,-4.522094318706464e-14,1,0,8.576322323293883e-13,3.1574673262244755e-13
3619,3.085572709600948e-13,3.715018244364168e-13,-6.294455347632198e-14,1,0,6.672086104622302e-13,2.456401832739206e-13
3620,1.9767725124581375e-13,2.606784017142467e-13,-6.300115046843294e-14,1,0,5.781943675048723e-13,2.128686113679665e-13
3621,3.2870552136580916e-12,4.306835182994059e-12,-1.019779969335967e-12,1,0,8.68739930405412e-12,3.1983615375455133e-12
3622,2.871467274667989e-13,3.6705237497781374e-13,-7.990564751101482e-14,1,0,4.3518381432036396e-13,1.6021770437500883e-13
3623,3.9239169688680356e-13,6.524484633439666e-13,-2.6005676645716304e-13,1,0,1.2561252669132211e-12,4.6245632316676e-13
3624,1.823939172994981e-13,2.3831262009390416e-13,-5.591870279440605e-14,1,0,5.543388342816127e-13,2.0408593461414135e-13
3625,6.191581139775603e-13,5.690867503071146e-13,5.007136367044571e-14,0,1,1.1754291619330263e-12,4.327471651822818e-13
3626,2.2905613430748838e-12,2.4846324711856625e-12,-1.9407112811077874e-13,1,0,4.215108276214511e-12,1.5518384404113808e-12
3627,5.326556080986194e-12,5.387503890842105e-12,-6.094780985591152e-14,1,0,6.9245611691406015e-12,2.549353302711101e-12
3628,2.9883210809778073e-13,3.2377584550222994e-13,-2.494373740444921e-14,1,0,3.566363392068174e-13,1.312995880916646e-13
3629,1.0185298469651434e-11,8.897735184439006e-12,1.2875632852124277e-12,0,1,2.1392226923707742e-11,7.875783465288978e-12
3630,5.2700157445355e-13,9.63051362781631e-13,-4.360497883280809e-13,1,0,2.1899795421495928e-12,8.062650386467324e-13
3631,5.657954449598972e-13,9.65003543815038e-13,-3.992080988551407e-13,1,0,1.7522033519511961e-12,6.450929225992577e-13
3632,4.713141639075117e-13,5.249877596946666e-13,-5.3673595787154873e-14,1,0,5.427496486042303e-13,1.9981924852953656e-13
3633,1.503499296400962e-13,1.6792873113040146e-13,-1.757880149030527e-14,1,0,3.242433802267386e-13,1.193737642100773e-13
3634,8.135337139379092e-13,9.506730307998946e-13,-1.3713931686198536e-13,1,0,1.199665751908255e-12,4.416701321675633e-13
3635,2.3245716584479695e-12,2.4031496899348398e-12,-7.857803148687025e-14,1,0,3.795055356150574e-12,1.3971913410614962e-12
3636,8.776092318336125e-13,8.856634149714868e-13,-8.054183137874293e-15,1,0,1.7383017251872825e-12,6.399748859124594e-13
3637,1.448179565964866e-13,1.9034734786866646e-13,-4.5529391272179856e-14,1,0,3.3487574476624596e-13,1.2328818607629147e-13
3638,2.7711729776291027e-13,4.370183665118089e-13,-1.5990106874889864e-13,1,0,7.931832634717084e-13,2.920191363747791e-13
3639,5.9462322594211e-12,9.527376213034157e-12,-3.581143953613057e-12,1,0,1.8414028152412987e-11,6.7793268540648024e-12
3640,2.7196432481414685e-13,2.7966480183732645e-13,-7.700477023179602e-15,1,0,4.666927007674824e-13,1.7181804723668937e-13
3641,6.676053273813918e-13,1.2924451225173699e-12,-6.24839795135978e-13,1,0,2.693288164024476e-12,9.915636396870277e-13
3642,2.042868590158145e-13,2.1580270299342284e-13,-1.1515843977608342e-14,1,0,4.782873644748268e-13,1.7608675011823407e-13
3643,2.82979669646626e-13,3.2549610413108604e-13,-4.251643448446003e-14,1,0,4.2103315395998877e-13,1.5500798323252916e-13
3644,7.293425794626301e-13,9.839988105883391e-13,-2.5465623112570904e-13,1,0,1.9726845215764487e-12,7.262654885193452e-13
3645,4.607484836493359e-13,6.105367270835532e-13,-1.4978824343421735e-13,1,0,1.2242779224172474e-12,4.507313732543795e-13
3646,1.0070906230483678e-12,1.00215048391455e-12,4.940139133817677e-15,0,1,1.0912682424932288e-12,4.017623976725048e-13
3647,2.6688320946761546e-12,2.7156581627502923e-12,-4.682606807413777e-14,1,0,4.252515568698361e-12,1.5656103462852397e-12
3648,9.126811898527208e-13,1.3463546479584945e-12,-4.3367345810577373e-13,1,0,2.4862167891554247e-12,9.153280370943424e-13
3649,1.7425747423016313e-13,1.9919946337171126e-13,-2.4941989141548134e-14,1,0,2.852153076764783e-13,1.0500515034067264e-13
3650,5.344571068055876e-13,7.422564416851502e-13,-2.077993348795626e-13,1,0,1.8317115420828744e-12,6.74364736675807e-13
3651,3.112079182176129e-11,4.564235341298955e-11,-1.4521561591228262e-11,1,0,8.818356476782053e-11,3.246574860043912e-11
3652,9.40643680963854e-12,1.2068389622380558e-11,-2.6619528127420178e-12,1,0,2.6658505157173252e-11,9.814621678938135e-12
3653,4.037688390327124e-13,4.4064061932284164e-13,-3.687178029012924e-14,1,0,5.526645262555364e-13,2.0346951971191542e-13
3654,1.1432967634620128e-13,1.7820937401270612e-13,-6.387969766650484e-14,1,0,3.735380956083333e-13,1.375221554791617e-13
3655,2.1401382306379715e-13,2.9761422481227523e-13,-8.360040174847808e-14,1,0,5.213765909499563e-13,1.9195052244148024e-13
3656,6.216888186169824e-13,8.60087050946649e-13,-2.3839823232966655e-13,1,0,1.896098166743371e-12,6.980693802220533e-13
3657,2.5071707325715766e-13,3.0265629239176017e-13,-5.1939219134602515e-14,1,0,4.456886094527443e-13,1.6408516016186572e-13
3658,4.855543729856602e-12,5.021160707032999e-12,-1.6561697717639714e-13,1,0,4.704227851357133e-12,1.7319131879444798e-12
3659,9.482272803112495e-13,1.2131833748979064e-12,-2.649560945866569e-13,1,0,1.6634862436939156e-12,6.124307440989635e-13
3660,1.438613776414996e-12,2.2413327106232827e-12,-8.027189342082867e-13,1,0,4.293359448931584e-12,1.580647469710785e-12
3661,2.225919136367751e-13,3.065794715133071e-13,-8.398755787653199e-14,1,0,7.831536571671156e-13,2.8832662657770284e-13
3662,2.1570161655571027e-13,4.447552693026702e-13,-2.2905365274695994e-13,1,0,9.291300963063475e-13,3.42069457083133e-13
3663,7.585987148089935e-13,8.81541192679871e-13,-1.2294247787087753e-13,1,0,1.556950804011443e-12,5.732085510420715e-13
3664,3.3612052982607844e-13,4.896856501885262e-13,-1.5356512036244778e-13,1,0,9.161172258217088e-13,3.3727862578892656e-13
3665,3.129423395857651e-13,5.707974829010145e-13,-2.5785514331524944e-13,1,0,1.236814965581145e-12,4.553470234906068e-13
3666,2.0003310869847966e-12,2.5424225157674222e-12,-5.420914287826256e-13,1,0,4.2052048613669894e-12,1.5481923893862037e-12
3667,9.084111589454375e-13,1.2961038168161245e-12,-3.87692657870687e-13,1,0,2.6356507918642288e-12,9.703438076302115e-13
3668,3.6123880197236446e-13,4.019922287102057e-13,-4.075342673784125e-14,1,0,5.392100668625666e-13,1.9851611260757513e-13
3669,7.115882579304948e-13,9.513873017236478e-13,-2.3979904379315304e-13,1,0,1.9285134085999833e-12,7.10003407789549e-13
3670,5.4646343102214486e-12,5.849999237414474e-12,-3.8536492719302574e-13,1,0,5.8251342179726215e-12,2.144587186767101e-12
3671,2.0350279750268104e-12,3.158396597932972e-12,-1.1233686229061618e-12,1,0,5.757217940566605e-12,2.1195830627679535e-12
3672,1.479094599239374e-12,2.2840729580095055e-12,-8.049783587701315e-13,1,0,4.730321387245833e-12,1.7415198099776162e-12
3673,3.806941502574099e-13,5.114764570906027e-13,-1.3078230683319282e-13,1,0,1.1155745498291307e-12,4.107110318703862e-13
3674,3.07097554752564e-12,4.951176133953963e-12,-1.880200586428323e-12,1,0,1.2424040469889188e-11,4.574047052408277e-12
3675,1.3482050973850248e-13,2.2664522508475592e-13,-9.182471534625344e-14,1,0,5.087316900829006e-13,1.8729516320636449e-13
3676,2.37248619514339e-12,3.095013686973465e-12,-7.225274918300751e-13,1,0,6.1017877944984936e-12,2.2464402416821464e-12
3677,4.984095821459961e-13,1.0503041290442654e-12,-5.518945468982693e-13,1,0,1.93638904542536e-12,7.129029100484364e-13
3678,2.279831095690571e-13,4.0540873107995517e-13,-1.7742562151089809e-13,1,0,7.842330950574055e-13,2.887240335011835e-13
3679,5.00303453417062e-12,5.887259953606296e-12,-8.842254194356755e-13,1,0,7.993721703851835e-12,2.9429765047764426e-12
3680,3.825412802657356e-13,4.1625678022726543e-13,-3.371549996152985e-14,1,0,5.568640571005413e-13,2.0501562314981446e-13
3681,4.552267816886994e-12,4.379168070886574e-12,1.7309974600042058e-13,0,1,5.587695323449625e-12,2.0571714480424765e-12
3682,3.197944767998243e-13,3.770827527599718e-13,-5.728827596014749e-14,1,0,6.15009072536253e-13,2.2642234965803254e-13
3683,6.742225489027345e-13,1.1495252347713732e-12,-4.753026858686387e-13,1,0,1.9508454954833375e-12,7.182252110290424e-13
3684,1.960489124633959e-12,2.256225846881739e-12,-2.957367222477801e-13,1,0,2.842753033959752e-12,1.0465907743315863e-12
3685,1.7821517799106501e-13,2.565986469635128e-13,-7.838346897244777e-14,1,0,5.549727842129359e-13,2.0431933024914198e-13
3686,1.8826478739715077e-13,2.198034351495494e-13,-3.1538647752398626e-14,1,0,4.791663946467352e-13,1.764103747374986e-13
3687,2.366539279666072e-13,2.568918133510554e-13,-2.0237885384448238e-14,1,0,5.058449245777965e-13,1.8623236875703723e-13
3688,1.7045028016359375e-12,3.088032906037947e-12,-1.3835301044020094e-12,1,0,5.107366441585684e-12,1.8803330908589927e-12
3689,6.2539401916175415e-12,5.259928793601232e-12,9.940113980163095e-13,0,1,1.2376799141993285e-11,4.556654638310962e-12
3690,7.760153543299172e-12,9.497017301322536e-12,-1.7368637580233636e-12,1,0,1.569756493672195e-11,5.779231064388264e-12
3691,4.728843174104026e-13,8.051975499033364e-13,-3.3231323249293386e-13,1,0,1.6087927486413912e-12,5.922947327556958e-13
3692,6.647564709295572e-13,6.437442648658961e-13,2.1012206063661098e-14,0,1,7.02346806665324e-13,2.585766964122377e-13
3693,1.2959714829547237e-12,2.2084628210805182e-12,-9.124913381257945e-13,1,0,3.954275317616979e-12,1.455809919872071e-12
3694,7.05516769026454e-13,8.111649862334342e-13,-1.0564821720698023e-13,1,0,1.372341990854564e-12,5.052427874311659e-13
3695,4.703516767669729e-12,5.641499393728562e-12,-9.37982626058833e-13,1,0,1.1893976125076105e-11,4.378898037894431e-12
3696,3.2254358021124695e-13,4.045030575496011e-13,-8.195947733835415e-14,1,0,6.824807076441307e-13,2.5126277370802816e-13
3697,1.5929252397296424e-12,1.6678326608473742e-12,-7.490742111773186e-14,1,0,3.004105863279446e-12,1.1059945918848354e-12
3698,8.364093006191318e-13,1.193993985781254e-12,-3.575846851621221e-13,1,0,2.6547848356809346e-12,9.773882161648236e-13
3699,8.772605755130445e-13,1.1501964925717835e-12,-2.72935917058739e-13,1,0,2.688526666116105e-12,9.898106418981348e-13
3700,4.4683143541064285e-13,6.577268051839238e-13,-2.1089536977328092e-13,1,0,1.3201999846122927e-12,4.860461347369685e-13
3701,6.861213423379756e-13,7.858261005470025e-13,-9.970475820902692e-14,1,0,7.549190382291317e-13,2.7793174128719247e-13
3702,4.97986648856569e-13,5.63675038799964e-13,-6.568838994339497e-14,1,0,5.766882687611128e-13,2.1231412456182436e-13
3703,5.068200889067242e-13,6.929303338382442e-13,-1.8611024493152e-13,1,0,1.3229940191603229e-12,4.870747892652372e-13
3704,6.624834803842986e-13,6.042476790890642e-13,5.823580129523434e-14,0,1,6.626972864843531e-13,2.439792897672165e-13
3705,9.597243945567971e-12,1.4395597286274889e-11,-4.798353340706918e-12,1,0,2.751179567595224e-11,1.0128769961996953e-11
3706,1.8909725784498126e-13,3.355786251226484e-13,-1.4648136727766713e-13,1,0,7.379691714940167e-13,2.7169146155159715e-13
3707,7.901551900791636e-11,1.3866941823495958e-10,-5.965389922704322e-11,1,0,2.8364112239331355e-10,1.0442559672670502e-10
3708,4.210543072544564e-12,3.8631268783591535e-12,3.474161941854102e-13,0,1,6.388114862750154e-12,2.3518546988980034e-12
3709,4.309829709540684e-13,5.30243445263927e-13,-9.926047430985858e-14,1,0,9.027447824023501e-13,3.32355413766714e-13
3710,5.575971931645249e-13,5.833550150423043e-13,-2.5757821877779353e-14,1,0,7.378919152872971e-13,2.7166301882996546e-13
3711,3.1587366481704997e-13,6.173654579550754e-13,-3.014917931380255e-13,1,0,1.3901179309012395e-12,5.117871951358365e-13
3712,2.499148855362218e-13,2.306263714115001e-13,1.9288514124721725e-14,0,1,2.2249146812446663e-13,8.191267940789182e-14
3713,7.25998795489336e-13,9.021322538839617e-13,-1.7613345839462574e-13,1,0,1.3583588847905273e-12,5.000947532444831e-13
3714,2.2614111327812734e-13,2.3338217080977515e-13,-7.241057531647804e-15,1,0,9.67514829616332e-14,3.562012185402476e-14
3715,6.21795567116596e-13,6.116573237616678e-13,1.013824335492815e-14,0,1,6.794377849993377e-13,2.501424882913914e-13
3716,1.0191641407011656e-13,1.5988476715729607e-13,-5.796835308717951e-14,1,0,3.095487440453332e-13,1.139637723902125e-13
3717,3.6775351236577347e-13,3.623360149961643e-13,5.417497369609184e-15,0,1,8.937902289618861e-13,3.2905869649754106e-13
3718,1.6637363581687934e-13,2.6575614647370726e-13,-9.938251065682792e-14,1,0,4.640881568929638e-13,1.7085915578257806e-13
3719,1.796364172459591e-12,2.143564446081792e-12,-3.4720027362220097e-13,1,0,4.2321528257886706e-12,1.5581135786748355e-12
3720,2.6147327205481537e-13,3.7416415131136987e-13,-1.126908792565545e-13,1,0,5.937948183662827e-13,2.1861208881814182e-13
3721,1.8579642839082444e-12,1.9283134069711408e-12,-7.034912306289638e-14,1,0,2.5276454408753245e-12,9.30580450569968e-13
3722,9.585977253161565e-13,9.561631270789357e-13,2.4345982372208123e-15,0,1,1.1587301060120021e-12,4.2659922420457156e-13
3723,1.2203051602338203e-13,1.696609815768555e-13,-4.7630465553473476e-14,1,0,2.9419288611266487e-13,1.0831034451509e-13
3724,6.729924881073918e-13,7.816938294509901e-13,-1.0870134134359831e-13,1,0,8.686877000387047e-13,3.1981692457098077e-13
3725,3.6742454625406763e-13,4.974843965230463e-13,-1.3005985026897867e-13,1,0,7.957709579536816e-13,2.9297182453983207e-13
3726,3.6462095891297365e-13,4.668322059240674e-13,-1.0221124701109377e-13,1,0,6.646738755305752e-13,2.4470699274939904e-13
3727,5.18263095725652e-13,7.926204959926604e-13,-2.7435740026700846e-13,1,0,1.6297353950796816e-12,6.000049982239107e-13
3728,2.498766338396389e-13,3.032479869711054e-13,-5.3371353131466466e-14,1,0,5.015976944024368e-13,1.8466870428640169e-13
3729,3.359914207764403e-13,4.2422712774093274e-13,-8.823570696449243e-14,1,0,6.592093015207589e-13,2.4269514976620484e-13
3730,6.112658632723108e-11,5.2548951566000445e-11,8.577634761230635e-12,0,1,9.506599210786916e-11,3.4999589870874416e-11
3731,8.585641898693679e-13,1.0145537322302039e-12,-1.5598954236083595e-13,1,0,2.5535567130320964e-12,9.40119970206923e-13
3732,3.176375491797384e-12,3.808075212628677e-12,-6.316997208312929e-13,1,0,5.732387900955653e-12,2.110441610776638e-12
3733,4.337987243510599e-13,4.721497598313061e-13,-3.8351035480246155e-14,1,0,9.883327291603286e-13,3.6386555706822723e-13
3734,5.745392955769662e-13,5.907969110851637e-13,-1.6257615508197503e-14,1,0,5.680600659617117e-13,2.0913755686809944e-13
3735,9.609098324371423e-14,1.2047342435632906e-13,-2.438244111261483e-14,1,0,2.6039999105689226e-13,9.586911878044962e-14
3736,3.8603611551374715e-13,4.699895599037642e-13,-8.39534443900171e-14,1,0,1.010173159070251e-12,3.7190635138911866e-13
3737,6.330457902951714e-13,6.493163408066676e-13,-1.6270550511496204e-14,1,0,1.0211705253709132e-12,3.7595515266545954e-13
3738,4.389093859110253e-12,6.0450653558024256e-12,-1.6559714966921725e-12,1,0,1.0745494055976903e-11,3.956071741116133e-12
3739,9.52225558914327e-13,8.57383894263329e-13,9.484166465099804e-14,0,1,1.9333392349431814e-12,7.117800887987614e-13
3740,3.4221517449135817e-12,3.576085749226693e-12,-1.5393400431311138e-13,1,0,4.361092713420575e-12,1.6055842154930225e-12
3741,2.1045212897379476e-12,2.0959742928169175e-12,8.546996921030079e-15,0,1,3.8255976677757855e-12,1.4084358287788064e-12
3742,2.698967710315296e-13,4.27778070655158e-13,-1.578812996236284e-13,1,0,1.00286064435066e-12,3.692141687227871e-13
3743,2.8959417094980123e-13,3.0559684047520314e-13,-1.600266952540191e-14,1,0,2.35850236140382e-13,8.68308566800195e-14
3744,6.027145465562767e-13,7.849645997735714e-13,-1.8225005321729464e-13,1,0,1.3881965748271289e-12,5.110798267794059e-13
3745,1.741721959023794e-13,1.998124661480774e-13,-2.5640270245698006e-14,1,0,2.463100771517308e-13,9.068176211312504e-14
3746,2.3025804486261755e-13,3.51261563819112e-13,-1.2100351895649445e-13,1,0,7.052774031973238e-13,2.596556277358662e-13
3747,4.0326070608464354e-13,5.931936660604017e-13,-1.8993295997575812e-13,1,0,1.0189258972665252e-12,3.751287681579789e-13
3748,9.790980625087714e-12,1.600588805783109e-11,-6.214907432743377e-12,1,0,2.729477420436376e-11,1.0048871121934865e-11
3749,1.3089642754295785e-12,1.4620407527499758e-12,-1.530764773203973e-13,1,0,1.4135212171320607e-12,5.2040337218872e-13
3750,1.302015703095158e-12,1.311004574178637e-12,-8.98887108347903e-15,1,0,1.749465056507896e-12,6.440847890350275e-13
3751,1.7240124011483814e-13,3.0674809264463986e-13,-1.3434685252980172e-13,1,0,6.757755251368498e-13,2.4879418707088555e-13
3752,3.0337599128602426e-13,3.1856612290264535e-13,-1.5190131616621083e-14,1,0,4.582958826085543e-13,1.6872666634151784e-13
3753,4.988140009081699e-12,6.210638219415919e-12,-1.2224982103342197e-12,1,0,1.086693892101236e-11,4.000783002987168e-12
3754,1.7167316828475203e-13,2.3727533155095077e-13,-6.560216326619874e-14,1,0,3.2560583025355526e-13,1.198753651622247e-13
3755,4.860329156920323e-13,6.993584887764873e-13,-2.1332557308445501e-13,1,0,1.0917801090015875e-12,4.019508469535144e-13
3756,1.780533315e-13,2.508957373228071e-13,-7.284240582280708e-14,1,0,4.81750468379583e-13,1.7736172988396524e-13
3757,5.15744351410502e-13,5.917557960188789e-13,-7.601144460837681e-14,1,0,9.853452236525225e-13,3.627656740796655e-13
3758,2.1439500928347247e-13,2.727451667283729e-13,-5.835015744490045e-14,1,0,4.78348109162733e-13,1.7610911394273545e-13
3759,1.2016738265492833e-12,2.134825506296395e-12,-9.331516797471117e-13,1,0,4.177830211971638e-12,1.5381141113347933e-12
3760,2.575235618340763e-13,4.791217188120107e-13,-2.2159815697793442e-13,1,0,9.295934055318334e-13,3.422400294667568e-13
3761,1.0017610455527478e-12,1.7634910526253826e-12,-7.617300070726348e-13,1,0,3.417904965172541e-12,1.2583392793390115e-12
3762,3.7346253777020396e-12,4.878280354125072e-12,-1.143654976423032e-12,1,0,8.502467317700026e-12,3.130276794170036e-12
3763,6.942878541577886e-13,7.822470276579329e-13,-8.795917350014423e-14,1,0,1.105203226331119e-12,4.068927151327173e-13
3764,3.312422900463956e-13,3.567214033316638e-13,-2.5479113285268194e-14,1,0,7.915389200102341e-13,2.914137532563538e-13
3765,4.482743854687885e-11,4.5694669912515854e-11,-8.672313656370018e-13,1,0,3.0697955112558915e-11,1.1301789577864606e-11
3766,1.542359231216924e-13,1.7825621640656002e-13,-2.4020293284867618e-14,1,0,2.168107781324017e-13,7.98212709504883e-14
3767,1.0088312620546145e-12,6.584563077683529e-13,3.503749542862616e-13,0,1,2.162538870349845e-12,7.961624537214871e-13
3768,3.575050018578399e-13,5.439140584778429e-13,-1.8640905662000305e-13,1,0,1.2161278153830649e-12,4.477308217714007e-13
3769,2.776097423288918e-12,3.882003727019051e-12,-1.1059063037301334e-12,1,0,6.930545751940528e-12,2.551556592645824e-12
3770,1.7210791431531836e-12,1.923505677117802e-12,-2.0242653396461855e-13,1,0,3.011042519829284e-12,1.1085483982348915e-12
3771,2.7832526006904303e-13,5.372410027925459e-13,-2.589157427235029e-13,1,0,1.1864022197556706e-12,4.3678701702526435e-13
3772,4.698029286645404e-13,6.7256911208547e-13,-2.0276618342092953e-13,1,0,1.5278759492897817e-12,5.625043237127154e-13
3773,3.597324875149079e-12,3.90817900247729e-12,-3.108541273282113e-13,1,0,7.693731601041007e-12,2.8325318512163466e-12
3774,5.631082708582058e-13,7.05484950436067e-13,-1.423766795778612e-13,1,0,1.4700196249518903e-12,5.41203882005182e-13
3775,6.286924469896048e-12,7.774765447890223e-12,-1.4878409779941753e-12,1,0,1.918761667713414e-11,7.0641319720015454e-12
3776,6.310095521427898e-13,7.982324063278626e-13,-1.6722285418507285e-13,1,0,1.598427758237723e-12,5.884787476163169e-13
3777,9.451593346795268e-13,1.1096957161522287e-12,-1.6453638147270198e-13,1,0,2.692141739430696e-12,9.911415708724021e-13
3778,1.1570962332431708e-11,1.2013146507903284e-11,-4.421841754715758e-13,1,0,1.03334345456849e-11,3.80436750342986e-12
3779,8.766731981389651e-13,1.105902544619284e-12,-2.29229346480319e-13,1,0,2.0546852752809277e-12,7.564549672711458e-13
3780,9.443048698571145e-14,1.0978109554109897e-13,-1.535060855538752e-14,1,0,1.9553460004095375e-13,7.198821213829586e-14
3781,1.333353129580458e-12,1.8212255228039592e-12,-4.878723932235011e-13,1,0,4.263421503750893e-12,1.569625486142655e-12
3782,3.9886472275566925e-13,5.654928011521225e-13,-1.6662807839645324e-13,1,0,9.75388736377036e-13,3.5910008385681053e-13
3783,2.6551622919307133e-13,4.4551530206881054e-13,-1.799990728757392e-13,1,0,7.896065835630621e-13,2.907023423548947e-13
3784,3.6086234044496415e-13,5.118825141673995e-13,-1.5102017372243534e-13,1,0,8.728610297886224e-13,3.213533817877455e-13
3785,5.11167639105616e-12,5.8348081403723536e-12,-7.231317493161932e-13,1,0,1.2911850001510982e-11,4.753639493020411e-12
3786,2.995986218822202e-13,4.391390916666636e-13,-1.3954046978444342e-13,1,0,6.61129263929786e-13,2.4340200502951707e-13
3787,6.4700486220400775e-12,7.697525206065216e-12,-1.2274765840251382e-12,1,0,1.5415398909389815e-11,5.675348540121195e-12
3788,4.2794967097104136e-13,5.093700041488443e-13,-8.142033317780294e-14,1,0,1.001826170135775e-12,3.688333156706053e-13
3789,6.380088910718983e-13,7.641257921255544e-13,-1.2611690105365614e-13,1,0,9.952056069653275e-13,3.663958825723744e-13
3790,1.6113732231073486e-13,2.1161096150998317e-13,-5.047363919924831e-14,1,0,4.495394407034665e-13,1.6550288601155016e-13
3791,1.7735073191042202e-12,2.2669431441813024e-12,-4.934358250770823e-13,1,0,3.4116441484639375e-12,1.2560342908547048e-12
3792,5.286306747671873e-13,7.435880426256411e-13,-2.149573678584538e-13,1,0,1.1971220883554617e-12,4.4073365447303467e-13
3793,3.518736447736533e-12,4.653450853131259e-12,-1.134714405394726e-12,1,0,8.75117471834381e-12,3.221841157275895e-12
3794,6.652927594405149e-13,7.323375820765671e-13,-6.704482263605215e-14,1,0,1.185123588454853e-12,4.363162748583504e-13
3795,2.0369220648990007e-13,2.695359661503876e-13,-6.584375966048752e-14,1,0,5.900967593081211e-13,2.1725060773027745e-13
3796,1.0559203252314478e-12,1.5077601769368003e-12,-4.518398517053525e-13,1,0,2.8558689644376086e-12,1.0514195482950349e-12
3797,3.755908832687016e-13,5.33596920246367e-13,-1.5800603697766542e-13,1,0,1.059865318778251e-12,3.9020106615530507e-13
3798,1.3455296477624876e-12,2.083596916849219e-12,-7.380672690867315e-13,1,0,3.151433933711747e-12,1.1602350403066746e-12
3799,9.717016170811737e-13,1.230030478628322e-12,-2.5832886154714824e-13,1,0,2.186011407485433e-12,8.048041262561017e-13
3800,2.5570244753302496e-13,2.9267965795411684e-13,-3.6977210421091876e-14,1,0,3.564470828235602e-13,1.3122991127403953e-13
3801,1.4580486028995456e-12,1.6848456393586732e-12,-2.267970364591276e-13,1,0,2.9851272270339857e-12,1.0990073983556719e-12
3802,1.270694452557382e-13,1.5454411683701467e-13,-2.747467158127647e-14,1,0,1.9850802359632673e-13,7.308291070129373e-14
3803,7.355093677815729e-13,7.322164530807165e-13,3.292914700856438e-15,0,1,9.90321728365923e-13,3.6459782898698353e-13
3804,1.9829577676810035e-12,2.2563273436526458e-12,-2.733695759716422e-13,1,0,2.396170896514341e-12,8.821766520183973e-13
3805,1.7332042309804552e-12,2.009187040447251e-12,-2.7598280946679595e-13,1,0,2.671726650076638e-12,9.836255313431608e-13
3806,1.078756616736566e-13,2.2434404397453035e-13,-1.1646838230087375e-13,1,0,4.548138108355426e-13,1.6744470334661138e-13
3807,5.977685818333958e-13,5.956886105452964e-13,2.0799712880993117e-15,0,1,6.558865509927974e-13,2.414718426387735e-13
3808,1.70527158467954e-12,2.084857014320927e-12,-3.7958542964138694e-13,1,0,3.789533972415575e-12,1.3951585829535767e-12
3809,2.130075725933886e-12,2.1802831487023708e-12,-5.0207422768484986e-14,1,0,3.112221933724544e-12,1.1457987115298012e-12
3810,3.6169613569722286e-12,3.738951195438428e-12,-1.2198983846619934e-13,1,0,3.708887294639745e-12,1.365467622137643e-12
3811,3.7241218688014645e-13,4.1635412624270523e-13,-4.394193936255878e-14,1,0,5.609301806382598e-13,2.0651261122124778e-13
3812,1.4046560541345677e-12,1.7451567269913559e-12,-3.4050067285678816e-13,1,0,2.268838122324945e-12,8.352976916779558e-13
3813,6.315638286377485e-13,6.549880282631235e-13,-2.3424199625375047e-14,1,0,4.940721617321498e-13,1.8189809672022756e-13
3814,2.3400832583368317e-13,3.027845668319924e-13,-6.877624099830921e-14,1,0,6.082816120857927e-13,2.2394556115125006e-13
3815,5.147960688637002e-12,5.198009012740102e-12,-5.004832410309995e-14,1,0,1.1018044761555267e-11,4.056414278996938e-12
3816,7.880976126184739e-13,8.243666657364385e-13,-3.626905311796459e-14,1,0,1.092208772731028e-12,4.021086642169783e-13
3817,1.0604860911218517e-12,1.6735720794852185e-12,-6.130859883633668e-13,1,0,4.57088404936788e-12,1.6828212016519322e-12
3818,2.2828595673445076e-12,2.407593034795817e-12,-1.2473346745130927e-13,1,0,5.0377208731619624e-12,1.85469230936493e-12
3819,2.2945466327722438e-12,2.2535551489575706e-12,4.099148381467314e-14,0,1,4.52549014487818e-12,1.6661089367867591e-12
3820,4.4863191888049615e-13,6.09960462814479e-13,-1.6132854393398286e-13,1,0,1.0810944883686234e-12,3.980168182711531e-13
3821,1.145397000999945e-12,1.3460922024127837e-12,-2.0069520141283862e-13,1,0,1.901837569370599e-12,7.001824043814064e-13
3822,1.9269390744292447e-12,2.330168217065837e-12,-4.032291426365925e-13,1,0,4.027065515161848e-12,1.4826084311399028e-12
3823,4.093660018294535e-12,3.713454205645538e-12,3.802058126489968e-13,0,1,9.25417930596697e-12,3.407027824764759e-12
3824,4.914787704155399e-11,5.946804357272441e-11,-1.0320166531170426e-11,1,0,1.1246407253869939e-10,4.1404884404892537e-11
3825,7.58357589295049e-14,1.2421372994334765e-13,-4.837797101384275e-14,1,0,2.660019953940434e-13,9.793155824915759e-14
3826,4.420375285325538e-13,5.939830419654356e-13,-1.5194551343288177e-13,1,0,8.524680738590389e-13,3.1384549092199444e-13
3827,2.4900178330972523e-12,2.9687632689641057e-12,-4.787454358668534e-13,1,0,4.932668485259091e-12,1.8160161181210141e-12
3828,2.9132176628892096e-13,3.915446579774966e-13,-1.0022289168857565e-13,1,0,8.65515332370717e-13,3.186489825463164e-13
3829,4.974570620158196e-13,7.868996795505426e-13,-2.8944261753472297e-13,1,0,1.3788699721840681e-12,5.076461355070805e-13
3830,2.07330382998997e-13,2.637646606871659e-13,-5.643427768816888e-14,1,0,4.720635513996138e-13,1.7379538492826924e-13
3831,4.68368279959472e-13,5.666559878674692e-13,-9.828770790799717e-14,1,0,1.4341339286860595e-12,5.279921685029476e-13
3832,5.59803313929463e-13,7.236768377014898e-13,-1.6387352377202676e-13,1,0,1.1322538237017381e-12,4.1685168986954596e-13
3833,2.639572350773703e-13,4.422681057930442e-13,-1.7831087071567393e-13,1,0,9.008996464559251e-13,3.3167610668803114e-13
3834,2.3104314767503834e-13,2.6705999297452436e-13,-3.601684529948602e-14,1,0,5.662829758430676e-13,2.0848330160881015e-13
3835,3.675207644694435e-12,4.753297575612499e-12,-1.078089930918064e-12,1,0,1.0444375698053911e-11,3.84521170803577e-12
3836,4.927831936516269e-13,5.470508382032072e-13,-5.4267644551580305e-14,1,0,1.054217851919195e-12,3.881218891594763e-13
3837,5.061153198797938e-12,7.751922325280026e-12,-2.6907691264820885e-12,1,0,1.4760540674461107e-11,5.434255283343704e-12
3838,2.5053419079389927e-13,3.8162560186349483e-13,-1.3109141106959556e-13,1,0,7.383045974213577e-13,2.718149522934354e-13
3839,2.7936562724566783e-13,4.126738283331345e-13,-1.3330820108746668e-13,1,0,8.692224580291733e-13,3.2001380160273084e-13
3840,5.004649219150907e-13,5.699629477202505e-13,-6.949802580515978e-14,1,0,6.110894507685348e-13,2.2497929782343504e-13
3841,2.920693246989894e-13,2.8216171350086704e-13,9.907611198122366e-15,0,1,4.2394677495117553e-13,1.5608066482422809e-13
3842,4.1744556772992497e-13,4.3234629513637435e-13,-1.490072740644938e-14,1,0,5.63097711384788e-13,2.0731061148905034e-13
3843,9.555135013744996e-13,1.6575731611122296e-12,-7.020596597377301e-13,1,0,3.307565164182392e-12,1.2177164688527214e-12
3844,9.06557737019461e-13,9.387639169434712e-13,-3.220617992401023e-14,1,0,1.5950301333426369e-12,5.872278746676798e-13
3845,4.063764935885962e-13,4.2029879797950624e-13,-1.3922304390910032e-14,1,0,5.613499224021083e-13,2.0666714376501704e-13
3846,2.978610885989699e-13,3.9306148975526653e-13,-9.520040115629663e-14,1,0,7.907756322567688e-13,2.9113274048057137e-13
3847,8.424941527415815e-13,1.3980427963070024e-12,-5.555486435654209e-13,1,0,2.191408513123707e-12,8.067911300167633e-13
3848,7.883632890059792e-13,9.22339541008415e-13,-1.339762520024359e-13,1,0,2.034498591001629e-12,7.490230175805919e-13
3849,3.268182349627962e-13,5.652489754536972e-13,-2.38430740490901e-13,1,0,1.0558074264369087e-12,3.887071084892872e-13
3850,8.092273911993888e-13,9.141396313021111e-13,-1.0491224010272237e-13,1,0,6.865465755780106e-13,2.5275966767609897e-13
3851,3.358038455081069e-13,6.048126883008406e-13,-2.6900884279273375e-13,1,0,1.2407251610437735e-12,4.567866049273803e-13
3852,2.3978883046888695e-12,3.904369246160383e-12,-1.5064809414715134e-12,1,0,6.9906106457560604e-12,2.5736701434810784e-12
3853,1.27478628685254e-12,1.4105127363839625e-12,-1.3572644953142242e-13,1,0,1.5368563091056652e-12,5.658105418826385e-13
3854,2.529319082067284e-13,3.413992509429154e-13,-8.846734273618697e-14,1,0,6.719852479859479e-13,2.473987548786039e-13
3855,1.8576651926579026e-12,2.633057329724634e-12,-7.753921370667315e-13,1,0,5.051120363860946e-12,1.8596254791404146e-12
3856,7.670348551660682e-12,8.814036961239109e-12,-1.143688409578427e-12,1,0,1.4735633446374232e-11,5.425085413566593e-12
3857,6.995801386604529e-13,9.104491450975545e-13,-2.1086900643710157e-13,1,0,1.7351957576803178e-12,6.388313898368841e-13
3858,2.271737454452125e-12,2.534995216934556e-12,-2.6325776248243105e-13,1,0,2.5793434673872797e-12,9.4961364724664e-13
3859,8.73727322260743e-13,1.0621927715674264e-12,-1.884654493066834e-13,1,0,1.6130832489580375e-12,5.938743276044308e-13
3860,2.2213136694149724e-13,2.674287836420501e-13,-4.529741670055284e-14,1,0,3.586487081213705e-13,1.3204046382563198e-13
3861,1.0764378673967697e-12,1.691061100892012e-12,-6.146232334952423e-13,1,0,3.507294612456555e-12,1.291249060473917e-12
3862,7.63980321779932e-13,1.2063471101186944e-12,-4.423667883387624e-13,1,0,1.8721964031938917e-12,6.8926968326551e-13
3863,6.894907916884161e-13,1.2112236972753814e-12,-5.217329055869654e-13,1,0,2.6609184378711515e-12,9.796463692259636e-13
3864,1.4955127577935735e-12,2.8952185774425834e-12,-1.39970581964901e-12,1,0,5.652286802365696e-12,2.0809515109344787e-12
3865,1.993177606716736e-12,2.3704756848357823e-12,-3.772980781190462e-13,1,0,4.0019619102802515e-12,1.4733662630874261e-12
3866,4.13979078612972e-13,4.851318944830989e-13,-7.115281587012689e-14,1,0,8.522699895655928e-13,3.1377256401220516e-13
3867,4.0288105807428575e-13,4.2154521080068766e-13,-1.8664152726401906e-14,1,0,5.981943058651556e-13,2.2023180849589863e-13
3868,3.597598323888545e-13,3.450682562002296e-13,1.4691576188624927e-14,0,1,5.689878367287537e-13,2.094791258731734e-13
3869,1.235256705239866e-12,1.42544914563756e-12,-1.9019244039769408e-13,1,0,2.100695630988348e-12,7.733941854275768e-13
3870,7.840302693047454e-12,8.581974260432352e-12,-7.416715673848978e-13,1,0,1.1222682460510386e-11,4.131753897053222e-12
3871,1.3497253051399062e-11,1.2441420327706633e-11,1.0558327236924293e-12,0,1,2.9753248606804655e-11,1.0953985494441917e-11
3872,1.570773142553354e-11,1.6959977380241956e-11,-1.2522459547084168e-12,1,0,3.067097332958603e-11,1.1291855937904646e-11
3873,8.106290114242365e-13,1.1121534325886519e-12,-3.0152442116441544e-13,1,0,2.3699853611306896e-12,8.725361593600221e-13
3874,4.949493746593901e-13,1.1648422653573254e-12,-6.698928906979353e-13,1,0,2.37148449694906e-12,8.730880826886522e-13
3875,1.2110599813524905e-11,1.3786118211879304e-11,-1.6755183983543989e-12,1,0,1.3749143684687243e-11,5.061898365229849e-12
3876,3.2231944162069995e-13,4.2695500670162206e-13,-1.0463556508092211e-13,1,0,7.85654262785108e-13,2.8924725202028205e-13
3877,4.818636776548437e-13,6.533896702681445e-13,-1.7152599261330085e-13,1,0,9.032452391893473e-13,3.3253966243339936e-13
3878,2.9169648224762886e-12,3.388584881791343e-12,-4.716200593150545e-13,1,0,5.199312775103206e-12,1.9141841441314648e-12
3879,3.240044718817183e-13,4.446568663879803e-13,-1.20652394506262e-13,1,0,6.660747211867148e-13,2.4522272947449044e-13
3880,5.047467305264352e-12,5.408889510953819e-12,-3.6142220568946735e-13,1,0,7.840601906046507e-12,2.88660376826498e-12
3881,4.678858189343877e-13,8.15165896416824e-13,-3.472800774824363e-13,1,0,1.4664080033533909e-12,5.398742238181319e-13
3882,2.0734433248188123e-13,3.6031974980768024e-13,-1.52975417325799e-13,1,0,7.83755318981842e-13,2.885481349876976e-13
3883,1.9155139043840007e-12,2.4163625714320835e-12,-5.008486670480828e-13,1,0,4.6001579814691e-12,1.693598721506645e-12
3884,3.4444371967140203e-13,4.1342954885067493e-13,-6.89858291792729e-14,1,0,7.318331598125927e-13,2.6943242140978646e-13
3885,4.241667105054873e-13,5.634492038921373e-13,-1.3928249338665002e-13,1,0,9.597064635365174e-13,3.53326482745716e-13
3886,1.720780614304248e-13,3.09639532682762e-13,-1.375614712523372e-13,1,0,6.370831372100976e-13,2.345491591851564e-13
3887,2.0511766188408926e-13,2.720990554518608e-13,-6.698139356777155e-14,1,0,5.623808989342747e-13,2.070467091068627e-13
3888,4.042545692249192e-13,7.990416504135142e-13,-3.94787081188595e-13,1,0,1.7277264639552927e-12,6.360814872565339e-13
3889,1.2080770894392472e-12,1.3769128155926759e-12,-1.6883572615342872e-13,1,0,2.709749948546931e-12,9.976242265914898e-13
3890,9.720151283301154e-13,9.249682967332934e-13,4.7046831596822e-14,0,1,1.5924776925469425e-12,5.862881655347058e-13
3891,2.267695448360554e-12,2.7407749785773836e-12,-4.730795302168294e-13,1,0,3.231690462311533e-12,1.1897823634152933e-12
3892,4.621907395890759e-12,9.303401892679284e-12,-4.681494496788525e-12,1,0,1.8584163284761124e-11,6.841963973004823e-12
3893,1.3540091499661552e-13,1.9309707397384747e-13,-5.769615897723195e-14,1,0,3.362563544390233e-13,1.237964727016931e-13
3894,9.776824738035291e-12,1.4057054037782694e-11,-4.280229299747403e-12,1,0,2.4236967466569446e-11,8.923105962867655e-12
3895,4.681768416086816e-13,5.610103588228443e-13,-9.283351721416272e-14,1,0,1.1232191324480324e-12,4.1352546898362835e-13
3896,2.337420950264629e-13,3.230025295563275e-13,-8.926043452986459e-14,1,0,4.992421701772735e-13,1.8380149215319135e-13
3897,2.45025170053199e-12,3.2057618522040826e-12,-7.555101516720927e-13,1,0,4.253084346195717e-12,1.5658197479723611e-12
3898,3.992977350977333e-13,4.2281968109975865e-13,-2.3521946002025366e-14,1,0,5.576367897215549e-13,2.0530011315739395e-13
3899,2.779231958660686e-13,3.50961048184987e-13,-7.303785231891843e-14,1,0,4.782373524879522e-13,1.7606833765558124e-13
3900,3.882088493343696e-13,5.340425792966362e-13,-1.4583372996226662e-13,1,0,7.512929006883556e-13,2.7659673889644757e-13
3901,7.285503590600442e-13,8.194462111929833e-13,-9.08958521329391e-14,1,0,1.2592634560428308e-12,4.636116819868621e-13
3902,1.9994994638089665e-13,3.415988681618388e-13,-1.4164892178094217e-13,1,0,5.814950725542303e-13,2.1408380221014663e-13
3903,2.0481645845336874e-12,2.4425029624163783e-12,-3.943383778826909e-13,1,0,3.886388536181048e-12,1.4308166551385028e-12
3904,1.258849418831767e-13,2.293096758680943e-13,-1.0342473398491763e-13,1,0,5.044849727298025e-13,1.8573168753688102e-13
3905,2.878611224521956e-13,5.452652089297891e-13,-2.5740408647759354e-13,1,0,1.0430362347324623e-12,3.8400525389431536e-13
3906,2.307399464318584e-13,2.5694206813760675e-13,-2.6202121705748358e-14,1,0,2.5200535856022336e-13,9.277854256086157e-14
3907,4.652609688136115e-12,8.004344030707483e-12,-3.3517343425713676e-12,1,0,1.6723472045288118e-11,6.156930042217143e-12
3908,6.983771572336581e-13,9.11101340724621e-13,-2.1272418349096296e-13,1,0,1.7105670128603795e-12,6.297640467353239e-13
3909,5.381842470574295e-13,5.746056084874546e-13,-3.6421361430025055e-14,1,0,9.037324193819466e-13,3.3271902317593327e-13
3910,6.145799179194126e-13,7.193423839075465e-13,-1.0476246598813396e-13,1,0,7.440719619805752e-13,2.7393827094538183e-13
3911,2.0058480700279955e-12,1.9735893336490727e-12,3.225873637892287e-14,0,1,4.288126996828242e-12,1.578721084958726e-12
3912,1.239715657294117e-12,1.427389403532023e-12,-1.8767374623790593e-13,1,0,2.48929934490507e-12,9.164629138741404e-13
3913,3.102224928058855e-13,4.81866957266067e-13,-1.7164446446018148e-13,1,0,9.34141124026222e-13,3.4391432201472897e-13
3914,2.7697721788308216e-13,3.6640678611206774e-13,-8.942956822898558e-14,1,0,5.327871595577425e-13,1.9615144868872166e-13
3915,4.0305528892689197e-13,5.030938893823267e-13,-1.0003860045543472e-13,1,0,1.0702766250677844e-12,3.9403410299712596e-13
3916,6.900592393216363e-13,9.105551165816602e-13,-2.204958772600239e-13,1,0,1.3330310902578776e-12,4.907700473078884e-13
3917,1.0030936372669576e-12,1.2618754352741883e-12,-2.587817980072307e-13,1,0,3.264022880302993e-12,1.2016858984665107e-12
3918,1.44947810761184e-13,1.7877906594972313e-13,-3.383125518853912e-14,1,0,3.7080844640553923e-13,1.3651720512340516e-13
3919,1.3629482177471473e-11,1.657653729173108e-11,-2.9470551142596064e-12,1,0,2.7603471967722167e-11,1.0162521596432002e-11
3920,1.101150370985428e-11,1.4718423680530327e-11,-3.706919970676047e-12,1,0,2.695255349279017e-11,9.922878805599453e-12
3921,1.939533006130825e-12,1.865428800799043e-12,7.410420533178192e-14,0,1,4.24095654674305e-12,1.561354765306447e-12
3922,1.8229050791251554e-13,3.1518968863081816e-13,-1.3289918071830263e-13,1,0,6.628158902795392e-13,2.440229550579961e-13
3923,3.9187499341934315e-12,4.5959492249682755e-12,-6.77199290774844e-13,1,0,8.819530144391491e-12,3.2470069586741816e-12
3924,2.7934941635967725e-12,3.0232985242316924e-12,-2.2980436063491995e-13,1,0,4.960095135756346e-12,1.826113540949638e-12
3925,3.8503426472843347e-13,5.580032644868038e-13,-1.7296899975837036e-13,1,0,1.1064822833911827e-12,4.073636140475772e-13
3926,3.318898402883298e-13,4.279445238670456e-13,-9.605468357871583e-14,1,0,6.371667055021971e-13,2.3457992577039727e-13
3927,4.3861386158525986e-13,5.861222546205748e-13,-1.4750839303531492e-13,1,0,9.591162043131215e-13,3.5310917232504615e-13
3928,3.115694429694007e-13,5.037789961247237e-13,-1.92209553155323e-13,1,0,9.6024633220785e-13,3.53525241330798e-13
3929,2.1647474277212867e-12,2.3601037656741143e-12,-1.9535633795282766e-13,1,0,2.648680722830687e-12,9.751409199283127e-13
3930,1.014322478140745e-12,1.3544953907126214e-12,-3.401729125718763e-13,1,0,2.4477160215741844e-12,9.011535563449248e-13
3931,3.486266451104012e-13,4.165110020614429e-13,-6.788435695104173e-14,1,0,7.075213094449963e-13,2.60481746483863e-13
3932,1.857724680166489e-12,4.4353554638373095e-12,-2.5776307836708204e-12,1,0,8.689643420074365e-12,3.1991877335235886e-12
3933,1.954290812053437e-12,1.940140036385074e-12,1.4150775668363084e-14,0,1,2.614856491445182e-12,9.626881573794616e-13
3934,5.171769375975045e-13,7.012952273005821e-13,-1.8411828970307757e-13,1,0,1.3713057754459763e-12,5.048612933393849e-13
3935,3.68512792271716e-12,4.155845971529052e-12,-4.707180488118919e-13,1,0,6.67819977398072e-12,2.4586526473092357e-12
3936,5.016246000007256e-13,6.30700365045418e-13,-1.2907576504469248e-13,1,0,7.9842111758073e-13,2.939475099346029e-13
3937,7.470031717758464e-13,1.079921705918438e-12,-3.3291853414259155e-13,1,0,1.9451160119764906e-12,7.161158387028792e-13
3938,1.4193478144324115e-13,2.592013370514488e-13,-1.1726655560820765e-13,1,0,6.322308240931381e-13,2.327627267790659e-13
3939,2.1257285242568466e-13,2.9812405314557255e-13,-8.555120071988789e-14,1,0,4.580524176510842e-13,1.686370320414864e-13
3940,2.241573285750055e-13,3.3517751594022127e-13,-1.1102018736521575e-13,1,0,8.007622770595742e-13,2.9480943352857205e-13
3941,1.8282877725590388e-13,2.933038570491343e-13,-1.1047507979323042e-13,1,0,4.98030155196033e-13,1.8335527551651395e-13
3942,3.534060940625893e-13,4.662247650398443e-13,-1.1281867097725494e-13,1,0,7.364764880786946e-13,2.71141913746068e-13
3943,1.747855566134833e-12,1.5953397793864932e-12,1.5251578674833984e-13,0,1,2.0360847617185816e-12,7.49606983763741e-13
3944,1.4488413974476495e-12,1.7181412357813201e-12,-2.692998383336706e-13,1,0,2.457540648262572e-12,9.047706006433513e-13
3945,8.264302729116847e-13,7.828743161412653e-13,4.355595677041945e-14,0,1,1.0883502034310618e-12,4.0068808951941524e-13
3946,3.381895344875428e-11,2.750181046042999e-11,6.31714298832429e-12,0,1,3.3183067926668496e-11,1.2216711174411962e-11
3947,6.441036781215459e-13,1.145707525701504e-12,-5.016038475799581e-13,1,0,2.3683970664083777e-12,8.719514112009548e-13
3948,2.9311022463347334e-13,3.7832157360493763e-13,-8.521134897146429e-14,1,0,4.566557851923045e-13,1.681228464513105e-13
3949,2.558207281372498e-13,3.8503891940408946e-13,-1.2921819126683964e-13,1,0,6.307535912054018e-13,2.3221886725508516e-13
3950,2.8307239596294633e-13,3.127003648971627e-13,-2.962796893421635e-14,1,0,5.799029034876839e-13,2.1349762766866617e-13
3951,4.1785510238881743e-13,4.351860744138528e-13,-1.733097202503538e-14,1,0,5.121566677285957e-13,1.8855610637077416e-13
3952,4.1422716734089275e-13,6.490267359307672e-13,-2.347995685898745e-13,1,0,1.395757832097907e-12,5.138635867499022e-13
3953,8.97658766520103e-14,9.987376255504612e-14,-1.0107885903035814e-14,1,0,1.5168999355334036e-13,5.5846338361023985e-14
3954,3.4294497756687043e-13,4.894909796650914e-13,-1.4654600209822095e-13,1,0,7.925088142737291e-13,2.91770830489629e-13
3955,1.7841692705913313e-12,1.8638920994765502e-12,-7.972282888521887e-14,1,0,3.21156455550774e-12,1.1823727896203559e-12
3956,1.7106237778195536e-13,2.6983556342196555e-13,-9.877318564001019e-14,1,0,5.496709181382368e-13,2.0236738998059445e-13
3957,2.896512070759047e-13,4.2800297458801447e-13,-1.3835176751210975e-13,1,0,8.371910405601735e-13,3.08221083202173e-13
3958,3.717088415194286e-13,6.100975569793526e-13,-2.3838871545992397e-13,1,0,1.1762781686463543e-12,4.3305973633528024e-13
3959,2.1297563840570643e-11,1.9937167549585986e-11,1.360396290984657e-12,0,1,2.0861673532752836e-11,7.680454403062884e-12
3960,9.628368916407367e-13,1.2706766846367958e-12,-3.078397929960591e-13,1,0,2.131634220170603e-12,7.847845670830244e-13
3961,3.146298603051907e-13,4.1591600249868985e-13,-1.0128614219349914e-13,1,0,7.843009498460908e-13,2.8874901498743433e-13
3962,2.9946682352545144e-12,3.74374617698201e-12,-7.490779417274958e-13,1,0,7.356798354698508e-12,2.708486173320627e-12
3963,8.46172780187722e-14,9.583837427299982e-14,-1.1221096254227624e-14,1,0,1.843472224405172e-13,6.786945611351678e-14
3964,2.9447020260675522e-12,3.802484785956648e-12,-8.577827598890961e-13,1,0,6.239129549286594e-12,2.297004118239343e-12
3965,7.161250013937009e-13,1.3107936847438142e-12,-5.946686833501133e-13,1,0,3.1962107160207373e-12,1.17672010485819e-12
3966,1.668006976556456e-13,2.366352042161547e-13,-6.983450656050912e-14,1,0,4.472820334543701e-13,1.6467179672148875e-13
3967,1.4721899959796744e-11,1.990069871163049e-11,-5.1787987518337445e-12,1,0,3.526884337578661e-11,1.2984612330895345e-11
3968,3.8274162944372994e-13,4.985135259525221e-13,-1.1577189650879214e-13,1,0,1.0320460883269102e-12,3.799591107017136e-13
3969,5.81983435943684e-13,7.087829894733361e-13,-1.2679955352965214e-13,1,0,1.089407034100268e-12,4.010771733459766e-13
3970,1.0395989079836582e-12,1.2469579802522887e-12,-2.0735907226863054e-13,1,0,2.3930623672248755e-12,8.810322127944376e-13
3971,2.587953048400851e-13,3.2160984440647686e-13,-6.281453956639174e-14,1,0,3.3422215740388393e-13,1.2304756070521764e-13
3972,3.8045436194181924e-13,4.123650564243949e-13,-3.1910694482575676e-14,1,0,6.549143575909193e-13,2.411139189524326e-13
3973,1.4326126226088303e-12,1.5624232465833143e-12,-1.2981062397448404e-13,1,0,3.3081732878453454e-12,1.2179403562631636e-12
3974,2.20064012019911e-12,2.2710631022766167e-12,-7.042298207750688e-14,1,0,2.646986769436124e-12,9.745172723677548e-13
3975,5.115140483722667e-13,8.948025732263963e-13,-3.832885248541296e-13,1,0,1.7033027812559137e-12,6.270896400285085e-13
3976,1.6095933965240236e-11,1.3088840877113728e-11,3.0070930881265074e-12,0,1,3.0314824800042545e-11,1.1160735942302084e-11
3977,6.200305862625558e-13,9.219589521703556e-13,-3.019283659077997e-13,1,0,1.7273069667838978e-12,6.359270447621648e-13
3978,2.224651497250528e-13,3.553918756496399e-13,-1.3292672592458708e-13,1,0,7.421789443372501e-13,2.732413356937145e-13
3979,1.659850709956355e-13,2.449409714087286e-13,-7.895590041309309e-14,1,0,5.43552455137936e-13,2.0011481057861794e-13
3980,5.844383599417544e-13,9.29580210454477e-13,-3.4514185051272257e-13,1,0,1.7417851989216318e-12,6.412573650548414e-13
3981,3.4140222883335757e-13,4.570034675702062e-13,-1.1560123873684867e-13,1,0,6.275386994362512e-13,2.310352695151926e-13
3982,6.158322588896836e-13,6.974359928239932e-13,-8.160373393430964e-14,1,0,1.4889341789259205e-12,5.481674829417863e-13
3983,1.5085319978027548e-12,1.6905788934443697e-12,-1.8204689564161488e-13,1,0,2.3304536951154243e-12,8.579821420214481e-13
3984,6.089753348868619e-13,7.834953594006806e-13,-1.745200245138187e-13,1,0,1.3418954013173735e-12,4.940335408526481e-13
3985,1.5011115986250008e-13,2.0306979759990614e-13,-5.2958637737406066e-14,1,0,3.4706533752414953e-13,1.2777591862670253e-13
3986,2.2430667916362878e-12,2.5273981960949773e-12,-2.8433140445868956e-13,1,0,5.905668118854762e-12,2.174236627530085e-12
3987,3.5372159436795394e-12,7.273447094025061e-12,-3.736231150345521e-12,1,0,1.773153573094419e-11,6.5280597677834754e-12
3988,1.1506921963843217e-12,1.1442273536938652e-12,6.464842690456481e-15,0,1,2.4471858757980033e-12,9.009583773505579e-13
3989,1.0855249402177112e-12,1.3712715638952566e-12,-2.8574662367754534e-13,1,0,2.4181922580669928e-12,8.902840583121908e-13
3990,2.4895275044389084e-12,3.662522367298356e-12,-1.1729948628594478e-12,1,0,8.819855186997143e-12,3.2471266266820162e-12
3991,6.144777148304303e-12,6.986231376979557e-12,-8.414542286752538e-13,1,0,7.726948021742337e-12,2.8447608415813327e-12
3992,1.71849286925512e-10,2.0357059224733722e-10,-3.172130532182521e-11,1,0,2.4786052379311616e-10,9.125257608520865e-11
3993,6.052394394389291e-12,6.8127336218592944e-12,-7.603392274700036e-13,1,0,6.510149558867321e-12,2.396783113564641e-12
3994,3.50981234363228e-13,4.336535689134625e-13,-8.267233455023448e-14,1,0,7.509021736553476e-13,2.7645288844474e-13
3995,2.3757127250598896e-13,4.441250421947465e-13,-2.0655376968875752e-13,1,0,8.162679208629534e-13,3.005180067183028e-13
3996,2.627073931998844e-10,2.372148625027151e-10,2.5492530697169308e-11,0,1,5.212614915282068e-10,1.919081473242981e-10
3997,3.217765129401636e-13,5.267971037488454e-13,-2.0502059080868181e-13,1,0,1.0351511468924195e-12,3.811022721405019e-13
3998,3.0908142671533214e-12,6.1112295105321564e-12,-3.020415243378835e-12,1,0,1.1781526430028804e-11,4.337498446721021e-12
3999,1.089843290445511e-12,1.4016923239903479e-12,-3.118490335448369e-13,1,0,2.2273723426112372e-12,8.200316091233335e-13
4000,4.4700275807173695e-13,7.389648260528005e-13,-2.919620679810635e-13,1,0,1.3746545514516398e-12,5.060941820324798e-13
4001,3.2245890230700617e-13,4.855034577175686e-13,-1.6304455541056247e-13,1,0,7.978290476553864e-13,2.9372953288410947e-13
4002,1.2040676685123177e-12,1.2121465045346353e-12,-8.078836022317604e-15,1,0,1.3279520018730285e-12,4.889001250944229e-13
4003,8.831118279141442e-13,1.4085194192141634e-12,-5.254075913000193e-13,1,0,2.6425436146571346e-12,9.728814761008732e-13
4004,4.840494001283484e-13,5.196138629417165e-13,-3.556446281336812e-14,1,0,8.270206419835056e-13,3.0447673918267547e-13
4005,6.483841048446104e-12,9.850832912147443e-12,-3.3669918637013387e-12,1,0,1.6335399557694e-11,6.014056890579988e-12
4006,1.2337102177446122e-12,1.6821590500188715e-12,-4.4844883227425933e-13,1,0,2.1543147257917975e-12,7.931346445103463e-13
4007,6.724196790832552e-13,7.857173540143583e-13,-1.1329767493110309e-13,1,0,9.185305293517843e-13,3.381671100082964e-13
4008,1.1561538882949861e-13,2.0192604459688027e-13,-8.631065576738165e-14,1,0,4.0838144609922444e-13,1.5035011792786343e-13
4009,6.039342486464125e-13,7.871587922469141e-13,-1.8322454360050164e-13,1,0,1.4224736749597127e-12,5.236993179350031e-13
4010,1.1974740260877476e-12,1.8428010553432693e-12,-6.453270292555217e-13,1,0,3.85658212625817e-12,1.419843097721249e-12
4011,3.3814350115971506e-13,7.042194069098869e-13,-3.6607590575017187e-13,1,0,1.579876594323852e-12,5.816489327244035e-13
4012,7.688775193034863e-13,1.1749404793312628e-12,-4.0606296002777655e-13,1,0,1.9709561046862844e-12,7.256291528440914e-13
4013,1.5221699435867388e-13,2.0288564617212104e-13,-5.066865181344716e-14,1,0,3.177566390053285e-13,1.1698559913323005e-13
4014,4.55621630491639e-13,7.472186558749724e-13,-2.915970253833334e-13,1,0,1.4258909420306952e-12,5.249574223665849e-13
4015,3.118675581613309e-13,4.845845833204944e-13,-1.7271702515916355e-13,1,0,7.621775209820245e-13,2.806040314911153e-13
4016,4.213228953799259e-13,7.244099390382173e-13,-3.030870436582914e-13,1,0,1.3575086833572737e-12,4.997817422422128e-13
4017,1.7414755088965996e-13,3.589573020688014e-13,-1.8480975117914145e-13,1,0,7.154905772679119e-13,2.634157200235986e-13
4018,1.7597643708689192e-11,1.7513656200895614e-11,8.39875077935787e-14,0,1,2.500201693476506e-11,9.204767333291207e-12
4019,9.525145516580732e-13,1.3556384859499027e-12,-4.0312393429182953e-13,1,0,2.75645035079818e-12,1.0148174929673768e-12
4020,2.370243159929539e-13,3.506682234187915e-13,-1.1364390742583759e-13,1,0,7.814382002837813e-13,2.8769506227140765e-13
4021,1.4861009115759803e-12,2.012080338338949e-12,-5.259794267629689e-13,1,0,3.5455947920767592e-12,1.305349692560804e-12
4022,3.13107122005506e-13,4.503279656749036e-13,-1.3722084366939763e-13,1,0,9.71513161608542e-13,3.5767324840910084e-13
4023,6.140781889687966e-13,6.865918240972386e-13,-7.251363512844202e-14,1,0,5.604396932445331e-13,2.0633203289626918e-13
4024,2.535051039047429e-11,2.8126527226798234e-11,-2.7760168363239438e-12,1,0,2.390626521891754e-11,8.80135429562518e-12
4025,1.1949103570346436e-12,1.5408832900218538e-12,-3.459729329872102e-13,1,0,2.1111959804022025e-12,7.772600044742953e-13
4026,4.740220407940345e-13,5.855327140146746e-13,-1.1151067322064007e-13,1,0,5.91506812591981e-13,2.1776973434471573e-13
4027,2.4061314825954753e-12,2.898285382413303e-12,-4.921538998178275e-13,1,0,7.314734020334123e-12,2.692999726292606e-12
4028,3.024966615588912e-13,4.044943471616518e-13,-1.0199768560276064e-13,1,0,5.032292018252093e-13,1.8526936167609717e-13
4029,2.884699425001839e-13,3.6720736445624686e-13,-7.873742195606294e-14,1,0,4.4583579233921523e-13,1.6413934715921646e-13
4030,2.1054777106968542e-13,5.405903915650622e-13,-3.300426204953768e-13,1,0,1.115584734388425e-12,4.107147814278295e-13
4031,1.011852709161852e-12,1.2212422590093742e-12,-2.0938954984752222e-13,1,0,1.8747829026126385e-12,6.902219314549011e-13
4032,3.2891578389634875e-13,4.842893590149513e-13,-1.553735751186026e-13,1,0,9.535535944113058e-13,3.510612363506936e-13
4033,4.792123743143105e-13,7.739185300332923e-13,-2.947061557189818e-13,1,0,1.341088293302836e-12,4.937363951661207e-13
4034,5.600445457766949e-13,6.537472679668937e-13,-9.370272219019878e-14,1,0,1.2809378729510936e-12,4.71591356796533e-13
4035,3.6402063679807123e-13,4.326300032456093e-13,-6.860936644753806e-14,1,0,9.814494354477244e-13,3.6133139683321323e-13
4036,1.690494872640197e-13,2.785464743557342e-13,-1.0949698709171449e-13,1,0,4.823064845001412e-13,1.7756643332995724e-13
4037,4.139319229717556e-13,4.856361262652281e-13,-7.170420329347251e-14,1,0,6.105758719030236e-13,2.2479021811931913e-13
4038,1.7129610906708032e-12,2.9106767848815574e-12,-1.1977156942107541e-12,1,0,5.596546601961183e-12,2.0604301435114713e-12
4039,1.7183392706434795e-12,1.639133978517085e-12,7.920529212639464e-14,0,1,1.4145028672596121e-12,5.20764777472557e-13
4040,4.1245984159151975e-13,4.822900619021963e-13,-6.983022031067655e-14,1,0,8.888405609432525e-13,3.2723642181436533e-13
4041,5.189117680092146e-12,7.116764413868956e-12,-1.92764673377681e-12,1,0,9.231675182401111e-12,3.3987426843297354e-12
4042,4.138779849771895e-13,4.931427709883333e-13,-7.926478601114381e-14,1,0,6.695030766579895e-13,2.4648491622251317e-13
4043,4.10462860402299e-12,4.6397565685445335e-12,-5.351279645215434e-13,1,0,9.766246423470807e-12,3.595550962236036e-12
4044,8.156663775849671e-14,1.3213590594226563e-13,-5.056926818376892e-14,1,0,2.6607295557628834e-13,9.795768302017894e-14
4045,3.093439131921022e-12,3.3702003599670386e-12,-2.767612280460167e-13,1,0,4.425900755323674e-12,1.6294440084289568e-12
4046,8.807072911073813e-12,1.3261472511246472e-11,-4.454399600172659e-12,1,0,2.2116048126367058e-11,8.142266196612855e-12
4047,1.221766808091969e-12,1.6515485694253182e-12,-4.297817613333492e-13,1,0,3.008345339004807e-12,1.1075554014694744e-12
4048,6.647427189149513e-13,1.0068933508678153e-12,-3.421506319528641e-13,1,0,1.5473840999306456e-12,5.696864637864732e-13
4049,2.7074727916470603e-12,3.249445400879984e-12,-5.419726092329236e-13,1,0,6.219502349025116e-12,2.2897781487392743e-12
4050,2.3241039128703116e-12,2.384521081818776e-12,-6.041716894846442e-14,1,0,3.9804041710191144e-12,1.4654295444359558e-12
4051,1.1111336999992628e-13,1.3011846305876475e-13,-1.9005093058838465e-14,1,0,2.485436978554763e-13,9.150409412507608e-14
4052,8.098231778030478e-13,1.231016866476518e-12,-4.2119368867347026e-13,1,0,2.6201537181132743e-12,9.64638389599475e-13
4053,2.14928134202732e-13,2.771255723112476e-13,-6.219743810851563e-14,1,0,5.174681240652302e-13,1.9051157739966036e-13
4054,2.279939976725834e-13,3.3041323372190264e-13,-1.0241923604931922e-13,1,0,5.954869729059113e-13,2.192350741104842e-13
4055,3.064327003816797e-12,3.7632051756472774e-12,-6.988781718304803e-13,1,0,6.05839791126641e-12,2.23046577926929e-12
4056,1.745051027294234e-12,2.8401853763172e-12,-1.0951343490229659e-12,1,0,4.9379703400773046e-12,1.817968054245363e-12
4057,1.4661847280055272e-13,1.9588869071557871e-13,-4.9270217915026e-14,1,0,2.585336118693364e-13,9.518199076905864e-14
4058,9.793067910784835e-13,1.0536734510869398e-12,-7.436666000845637e-14,1,0,1.4581102092774884e-12,5.368192997275062e-13
4059,8.408368855438467e-13,8.741575581804629e-13,-3.332067263661624e-14,1,0,4.685500143808303e-13,1.7250183765729535e-13
4060,4.4304258561486056e-13,4.473196236458001e-13,-4.2770380309395524e-15,1,0,5.904214698522151e-13,2.173701534859999e-13
4061,1.1048042841336533e-13,1.816663641899608e-13,-7.118593577659547e-14,1,0,2.9778226395872267e-13,1.0963181342019627e-13
4062,2.260875411475502e-13,3.0011945985863714e-13,-7.403191871108695e-14,1,0,4.343370412626849e-13,1.599059555668878e-13
4063,3.591983306651795e-13,4.779111673148371e-13,-1.187128366496576e-13,1,0,8.176101061590393e-13,3.010121469871007e-13
4064,8.563230673743424e-14,1.5252476504146776e-13,-6.689245830403352e-14,1,0,3.1692935578800537e-13,1.166810257240501e-13
4065,1.5035586035940974e-12,1.3884004541321942e-12,1.151581494619033e-13,0,1,1.6135454077279172e-12,5.940444764351785e-13
4066,1.0062214901542614e-12,1.7120963357747602e-12,-7.058748456204988e-13,1,0,3.134613732120892e-12,1.1540424982190963e-12
4067,2.7345552984867726e-12,3.3267153482549485e-12,-5.92160049768176e-13,1,0,6.871951208888287e-12,2.529984367604794e-12
4068,3.1485108788283214e-13,3.580194384541086e-13,-4.316835057127647e-14,1,0,3.4393102229487e-13,1.2662198602558535e-13
4069,2.786164341257323e-11,3.229099138341811e-11,-4.429347970844878e-12,1,0,3.8054383425661673e-11,1.4010139516304606e-11
4070,5.594255707586257e-13,6.343398454289203e-13,-7.491427467029459e-14,1,0,6.887244907105817e-13,2.535614910697587e-13
4071,4.432914169449597e-13,4.562788429089e-13,-1.2987425963940272e-14,1,0,5.583783714735296e-13,2.0557313463015563e-13
4072,4.55979426716993e-13,5.847520666016767e-13,-1.2877263988468373e-13,1,0,6.864051718273225e-13,2.5270760833110556e-13
4073,2.008185350700121e-12,4.110678966695929e-12,-2.102493615995808e-12,1,0,9.420279643894958e-12,3.4681794897923202e-12
4074,8.455650136540605e-13,8.772139874012735e-13,-3.1648973747213036e-14,1,0,1.2258570084718637e-12,4.513127311412217e-13
4075,8.912147534971891e-13,1.0783580297027867e-12,-1.871432762055976e-13,1,0,1.7911633568015652e-12,6.59436476596811e-13
4076,1.6026637360473027e-12,2.27384014798143e-12,-6.711764119341274e-13,1,0,3.292783677249956e-12,1.2122745019742826e-12
4077,8.732746929216353e-13,1.3073262781987738e-12,-4.3405158527713846e-13,1,0,2.337554966912299e-12,8.605965532839972e-13
4078,8.646415768670546e-13,9.423309243941092e-13,-7.768934752705457e-14,1,0,1.5984316080880089e-12,5.884801649810136e-13
4079,4.781778482158306e-12,4.907333254954672e-12,-1.2555477279636655e-13,1,0,3.7710693452440455e-12,1.3883606275144872e-12
4080,1.3845520328046871e-12,1.2465408801352121e-12,1.38011152669475e-13,0,1,1.883661254567321e-12,6.934905943095482e-13
4081,3.5632938167073393e-13,3.504124764661624e-13,5.916905204571509e-15,0,1,2.4925165942218567e-13,9.176473795711072e-14
4082,1.072030760502322e-12,1.735922889359765e-12,-6.63892128857443e-13,1,0,3.046621390021738e-12,1.1216471503458673e-12
4083,3.0266253921446707e-13,3.60261482316701e-13,-5.759894310223395e-14,1,0,7.395271292381837e-13,2.7226504081872483e-13
4084,3.97885750632757e-13,6.028052972385348e-13,-2.049195466057778e-13,1,0,1.2042679619837812e-12,4.4336448639005176e-13
4085,2.8299881904374103e-12,3.620402923260303e-12,-7.904147328228926e-13,1,0,5.560581363936243e-12,2.0471891458363725e-12
4086,3.5368001605895025e-12,4.597821499967998e-12,-1.0610213393784959e-12,1,0,8.432962398308709e-12,3.1046877941631354e-12
4087,1.031235116373445e-12,1.3409214598400577e-12,-3.0968634346661266e-13,1,0,2.0500863717862383e-12,7.547618304027353e-13
4088,7.423059839471726e-13,7.66369670937318e-13,-2.4063686990145347e-14,1,0,1.035374451438137e-12,3.8118448416336224e-13
4089,4.913469214804584e-13,5.062494453212346e-13,-1.4902523840776155e-14,1,0,9.345181863985865e-13,3.440531416714315e-13
4090,8.63705783946263e-13,9.64917722753501e-13,-1.0121193880723803e-13,1,0,1.2337038182197688e-12,4.5420162039469764e-13
4091,3.199481084825846e-12,3.20546042758809e-12,-5.979342762243926e-15,1,0,2.5513812765682435e-12,9.39319059362395e-13
4092,7.150695153151993e-13,1.0052398251254802e-12,-2.901703098102809e-13,1,0,1.9268943143619886e-12,7.094073204502635e-13
4093,7.308672702016062e-13,8.530914020218715e-13,-1.2222413182026532e-13,1,0,1.4176343273783397e-12,5.219176589333437e-13
4094,5.744916830980602e-13,7.765612766282112e-13,-2.0206959353015104e-13,1,0,1.1021112669334538e-12,4.057543762965446e-13
4095,9.472071658127818e-13,1.141403120718152e-12,-1.9419595490537026e-13,1,0,1.4838138494962687e-12,5.462823773843938e-13
4096,2.0748804890498374e-13,3.271299489741235e-13,-1.1964190006913975e-13,1,0,6.976965222866194e-13,2.568646431066464e-13
4097,3.421215275354227e-13,7.117246069984016e-13,-3.696030794629789e-13,1,0,1.4284801669684522e-12,5.25910673985756e-13
4098,6.977250731474306e-12,8.010984205477457e-12,-1.0337334740031507e-12,1,0,1.3932146893057028e-11,5.1292730077910814e-12
4099,2.056820705723457e-12,2.238471633937726e-12,-1.8165092821426903e-13,1,0,3.870417567056734e-12,1.4249367673174495e-12
4100,3.384828493070312e-12,3.3676808443852565e-12,1.7147648685055496e-14,0,1,1.7663233072535603e-12,6.502913393371494e-13
4101,1.6476010039938647e-13,2.1554874254562716e-13,-5.0788642146240684e-14,1,0,3.8800269795465826e-13,1.428474578143251e-13
4102,5.449676917510174e-13,7.994594955318437e-13,-2.544918037808263e-13,1,0,1.1405286265408814e-12,4.198981494836606e-13
4103,3.500794197569787e-13,3.6394893363200987e-13,-1.38695138750312e-14,1,0,4.852894528540301e-13,1.7866464591543623e-13
4104,4.811873043434986e-13,5.748755351671831e-13,-9.368823082368449e-14,1,0,1.0711605621526124e-12,3.943595341503141e-13
4105,6.509968270656762e-13,7.808915012482628e-13,-1.2989467418258656e-13,1,0,1.148404030187735e-12,4.227975658953119e-13
4106,4.650726826235485e-13,4.4332667571475437e-13,2.1746006908794176e-14,0,1,9.085597177267797e-13,3.3449624611872654e-13
4107,5.547296194666225e-13,6.662638786672074e-13,-1.1153425920058491e-13,1,0,7.923637788185704e-13,2.9171743409271843e-13
4108,2.275584990299086e-13,2.5810353026746917e-13,-3.054503123756055e-14,1,0,2.7398253026079433e-13,1.0086967987491797e-13
4109,4.38696046900414e-13,6.651441694509258e-13,-2.264481225505118e-13,1,0,1.0747671273313516e-12,3.9568733076085406e-13
4110,2.0159902422992632e-13,2.5013414349468865e-13,-4.8535119264762333e-14,1,0,3.0350986855572066e-13,1.117404940050473e-13
4111,1.1936475375326243e-13,1.410063692712756e-13,-2.1641615518013165e-14,1,0,2.375744203487201e-13,8.746563404693742e-14
4112,1.6143015280923946e-13,2.1849388419087952e-13,-5.706373138164005e-14,1,0,4.840506162669781e-13,1.7820855460978135e-13
4113,1.852029094982598e-13,3.12568425201247e-13,-1.2736551570298722e-13,1,0,5.591901344830602e-13,2.0587199410425315e-13
4114,4.236455798143825e-12,5.4971643468779425e-12,-1.2607085487341174e-12,1,0,8.15687281318222e-12,3.0030423788806377e-12
4115,3.663200997231425e-13,5.089751036121801e-13,-1.4265500388903762e-13,1,0,8.964212538453594e-13,3.300273372261535e-13
4116,6.129445581447384e-13,7.388401808968824e-13,-1.2589562275214405e-13,1,0,1.1771216383986779e-12,4.3337026899522785e-13
4117,3.469135866515643e-12,3.095787992481292e-12,3.7334787403435126e-13,0,1,6.277639123998321e-12,2.311181841430649e-12
4118,4.1802273702786136e-13,7.502648656971767e-13,-3.3224212866931536e-13,1,0,1.4181663726188087e-12,5.221135372363655e-13
4119,5.134985600848637e-13,6.359154188157386e-13,-1.224168587308749e-13,1,0,1.2585775839006026e-12,4.633591706192364e-13
4120,3.417187653319131e-13,5.568551112369333e-13,-2.151363459050202e-13,1,0,1.0489258952665705e-12,3.861735971535806e-13
4121,2.330655659968167e-13,4.227124867909053e-13,-1.8964692079408865e-13,1,0,7.688529766821737e-13,2.8306167387748316e-13
4122,2.366887518953877e-12,2.590114825871572e-12,-2.23227306917695e-13,1,0,3.2001223530503073e-12,1.1781602170236775e-12
4123,9.54125858479871e-13,1.3737868541442461e-12,-4.1966099566437505e-13,1,0,3.3074674450058013e-12,1.217680492463822e-12
4124,2.3769130356398856e-13,3.9964402885034107e-13,-1.619527252863525e-13,1,0,7.236396518320558e-13,2.6641589139138475e-13
4125,5.627133823641186e-13,6.872391052784192e-13,-1.2452572291430057e-13,1,0,7.334849026480018e-13,2.700405286890528e-13
4126,6.049421670796907e-13,8.453310770953657e-13,-2.4038891001567504e-13,1,0,1.570087285785869e-12,5.780448911912326e-13
4127,5.301724810795618e-13,5.639314146653913e-13,-3.375893358582955e-14,1,0,3.6004679131995796e-13,1.3255518352161327e-13
4128,6.391211899360649e-13,8.113524785587427e-13,-1.7223128862267786e-13,1,0,1.4340712755665027e-12,5.279691020683584e-13
4129,1.2984763796672257e-12,1.4148086467863776e-12,-1.163322671191519e-13,1,0,2.75059986823237e-12,1.012663573507748e-12
4130,2.6063745632020507e-13,3.1851094907061984e-13,-5.787349275041477e-14,1,0,5.151966273172727e-13,1.8967530090573467e-13
4131,1.0822498280513882e-12,1.1951225325286044e-12,-1.1287270447721629e-13,1,0,1.3479942596647274e-12,4.962789025861663e-13
4132,1.6950365599523656e-12,1.7066266090943759e-12,-1.1590049142010325e-14,1,0,3.1413073664024695e-12,1.156506833250019e-12
4133,1.2012050808376182e-12,2.0232034442190282e-12,-8.2199836338141e-13,1,0,3.0863974615587177e-12,1.1362911482635371e-12
4134,1.928165414619955e-12,2.0862124354896563e-12,-1.5804702086970143e-13,1,0,2.4899184806744314e-12,9.166908555125914e-13
4135,8.847008512037855e-14,1.0744417817904853e-13,-1.897409305866998e-14,1,0,2.013514112075002e-13,7.412973510220123e-14
4136,3.260684726138653e-12,2.1514395087108473e-12,1.1092452174278057e-12,0,1,4.446799926403542e-12,1.637138267966128e-12
4137,1.6834177220950265e-12,2.4871846592867028e-12,-8.037669371916763e-13,1,0,3.390409871512037e-12,1.2482166584075748e-12
4138,2.4186841587981106e-13,2.843574830604737e-13,-4.2489067180662654e-14,1,0,2.8185610896042363e-13,1.0376842441219049e-13
4139,7.158835552733935e-13,7.735781763881007e-13,-5.769462111470719e-14,1,0,1.1334447834469745e-12,4.1729015478966904e-13
4140,1.6433549502620159e-13,3.089776960759591e-13,-1.4464220104975754e-13,1,0,5.687972310734141e-13,2.0940895230620125e-13
4141,5.266347950322385e-13,5.296165082430824e-13,-2.9817132108439324e-15,1,0,6.252484195184565e-13,2.301920777908443e-13
4142,1.7220336553300659e-12,2.3774648377140954e-12,-6.554311823840295e-13,1,0,3.836160687194206e-12,1.412324720476516e-12
4143,2.756286822971788e-13,2.996150237079302e-13,-2.3986341410751394e-14,1,0,5.241061063257469e-13,1.9295542352735454e-13
4144,9.860984418321996e-13,1.1236059435198404e-12,-1.3750750168764076e-13,1,0,2.6928231856815566e-12,9.913924527994755e-13
4145,3.2512340430115256e-13,4.644295894095731e-13,-1.3930618510842058e-13,1,0,1.200435265441696e-12,4.419534370326718e-13
4146,6.104967859253389e-13,6.319525639415588e-13,-2.145577801621997e-14,1,0,5.363597225915066e-13,1.9746672703586932e-13
4147,1.8312010588455252e-13,2.611892179207912e-13,-7.806911203623868e-14,1,0,3.392493848292201e-13,1.2489838973643135e-13
4148,7.953699743878934e-13,8.103401177225997e-13,-1.4970143334706328e-14,1,0,1.2340794363073794e-12,4.543399083220938e-13
4149,3.161153241911764e-13,6.284438410361259e-13,-3.1232851684494953e-13,1,0,1.2551646934179332e-12,4.621026774767454e-13
4150,1.5225398889429312e-12,2.1849398327102734e-12,-6.623999437673422e-13,1,0,3.785328028858496e-12,1.3936101186052452e-12
4151,1.1506953582111555e-11,1.4538082544081709e-11,-3.0311289619701537e-12,1,0,3.669254989930698e-11,1.350876553557827e-11
4152,9.106048811775696e-13,1.5770783265030443e-12,-6.664734453254748e-13,1,0,3.252201752955316e-12,1.1973338205067013e-12
4153,9.43802454394514e-13,1.5828116384370552e-12,-6.390091840425412e-13,1,0,2.565234984806538e-12,9.44419454317311e-13
4154,8.670417984968147e-13,9.74140930200487e-13,-1.0709913170367234e-13,1,0,1.0962619080288062e-12,4.03600870525123e-13
4155,4.2883512959177226e-13,4.401028134715875e-13,-1.1267683879815261e-14,1,0,1.043484848604505e-12,3.841704160220515e-13
4156,4.4174360504678573e-13,5.754668385344786e-13,-1.3372323348769285e-13,1,0,1.0663454308638837e-12,3.925867906429546e-13
4157,1.3280657993821339e-12,1.4030646597067088e-12,-7.49988603245749e-14,1,0,1.936707778212653e-12,7.130202550272906e-13
4158,5.916737351935422e-13,6.55813664259759e-13,-6.413992906621676e-14,1,0,9.73932865111823e-13,3.585640888489488e-13
4159,5.417371065960375e-13,6.027338908861409e-13,-6.099678429010342e-14,1,0,9.058100445439193e-13,3.3348392371462373e-13
4160,8.330510731080867e-13,8.346824309183913e-13,-1.6313578103046093e-15,1,0,1.107438948511077e-12,4.077158208262335e-13
4161,5.575407582002522e-13,6.764170423332765e-13,-1.188762841330243e-13,1,0,9.198388698338938e-13,3.386487899368384e-13
4162,6.074919900078758e-13,1.1746557147312901e-12,-5.671637247234143e-13,1,0,2.4402167010227167e-12,8.983925990583931e-13
4163,8.603815117537993e-13,8.799549870578855e-13,-1.9573475304086288e-14,1,0,8.193938525148715e-13,3.0166885281326995e-13
4164,4.960301668824639e-13,7.976256147035217e-13,-3.015954478210578e-13,1,0,1.1815269120142056e-12,4.3499211889542673e-13
4165,7.856714283426985e-13,8.367754651690606e-13,-5.1104036826362126e-14,1,0,1.1611689569270318e-12,4.274971139745052e-13
4166,3.328947487281185e-13,3.555962115071982e-13,-2.2701462779079682e-14,1,0,5.975483122681368e-13,2.199939788529995e-13
4167,8.197556568326218e-13,8.355268598501186e-13,-1.5771203017496843e-14,1,0,7.378782875487452e-13,2.7165800162823423e-13
4168,5.966637612723875e-13,6.459909094396324e-13,-4.932714816724496e-14,1,0,1.4923931160226872e-12,5.494409286513586e-13
4169,7.343393107224173e-13,9.301336668943686e-13,-1.957943561719513e-13,1,0,1.209823458022987e-12,4.454098033176955e-13
4170,1.1786048617483776e-12,2.129353837297987e-12,-9.507489755496096e-13,1,0,3.6639320214748794e-12,1.3489168442157326e-12
4171,4.385365827756787e-12,5.707573044386786e-12,-1.3222072166299988e-12,1,0,8.132513546934842e-12,2.994074247277422e-12
4172,1.5666621125562962e-13,2.5445275747400245e-13,-9.778654621837284e-14,1,0,5.550382243008188e-13,2.0434342273675226e-13
4173,3.33799571999287e-13,4.284443736313034e-13,-9.464480163201638e-14,1,0,5.944369119555675e-13,2.188484826303285e-13
4174,7.617634327885599e-13,7.583015865913769e-13,3.4618461971830668e-15,0,1,1.0109365048644914e-12,3.7218738553325037e-13
4175,3.567331070025336e-13,6.617147432465152e-13,-3.0498163624398164e-13,1,0,1.251075506592561e-12,4.605971984024723e-13
4176,4.2673814177103707e-13,5.799033130848332e-13,-1.5316517131379616e-13,1,0,1.0161608460574262e-12,3.741107841644955e-13
4177,1.0049100693426172e-12,1.5752751358812287e-12,-5.703650665386115e-13,1,0,2.683840496871092e-12,9.880853771845992e-13
4178,3.3361782890504396e-12,4.638426438115109e-12,-1.3022481490646697e-12,1,0,9.123909824931438e-12,3.359067683521381e-12
4179,4.012726933123454e-13,5.90744049464641e-13,-1.8947135615229558e-13,1,0,8.956391132705215e-13,3.2973938357697015e-13
4180,1.430968282721359e-13,1.3013944188887176e-13,1.2957386383264126e-14,0,1,2.5815335098079753e-13,9.504199354347146e-14
4181,9.511844598567114e-13,1.2873509718901316e-12,-3.3616651203342023e-13,1,0,1.9664051006303834e-12,7.239536506805365e-13
4182,3.837541831630469e-13,4.919005726411797e-13,-1.0814638947813275e-13,1,0,7.438512677933642e-13,2.7385701995469627e-13
4183,2.6100646553973965e-12,2.3901119769689348e-12,2.199526784284617e-13,0,1,4.149459910104925e-12,1.5276692728827717e-12
4184,9.999318426848392e-13,1.0686278877091382e-12,-6.869604502429904e-14,1,0,1.7044079964254582e-12,6.274965371406665e-13
4185,4.702692086533922e-12,6.7205913635753806e-12,-2.017899277041459e-12,1,0,1.2094339244454739e-11,4.4526639224974575e-12
4186,1.1951906133993596e-13,1.9796354124451554e-13,-7.844447990457958e-14,1,0,4.170401831071813e-13,1.535379271260716e-13
4187,2.9998509371875143e-13,4.623196667882589e-13,-1.6233457306950746e-13,1,0,7.842155410334698e-13,2.887175707943342e-13
4188,4.082577790029093e-12,6.300904872587628e-12,-2.218327082558535e-12,1,0,1.0259260423325437e-11,3.77705948503073e-12
4189,2.451297646879042e-13,2.6419991153111743e-13,-1.9070146843213245e-14,1,0,4.784916995850944e-13,1.7616197833493927e-13
4190,2.6976101220459614e-13,4.278461394162295e-13,-1.5808512721163337e-13,1,0,8.372510642293402e-13,3.082431815757007e-13
4191,3.538763463027206e-13,4.2529139229669763e-13,-7.141504599397705e-14,1,0,8.534702806004851e-13,3.142144643491758e-13
4192,8.205765500388971e-13,8.440880729630908e-13,-2.3511522924193625e-14,1,0,9.609330516643465e-13,3.5377806464648434e-13
4193,1.317313873077969e-13,1.8002078214984129e-13,-4.828939484204438e-14,1,0,2.217515328891925e-13,8.164026411835044e-14
4194,1.0428028866036183e-12,1.202244244889521e-12,-1.5944135828590268e-13,1,0,2.1413482830500484e-12,7.88360906099975e-13
4195,3.714167435127111e-13,5.623970328994624e-13,-1.909802893867513e-13,1,0,1.2707615934534063e-12,4.678448476513246e-13
4196,3.6275038121936343e-13,6.130974180432357e-13,-2.5034703682387224e-13,1,0,1.1766716660582957e-12,4.332046067324416e-13
4197,2.7816424972892137e-13,3.8193812244197043e-13,-1.0377387271304906e-13,1,0,6.576890463502993e-13,2.421354511159789e-13
4198,5.053686380035042e-13,6.398082205544859e-13,-1.3443958255098167e-13,1,0,1.5211747652970638e-12,5.60037209172657e-13
4199,2.8849511273058633e-12,4.353742592903136e-12,-1.468791465597273e-12,1,0,9.121944666017517e-12,3.358344188668034e-12
4200,4.661472674290046e-13,6.818621477167636e-13,-2.1571488028775902e-13,1,0,1.38808496833763e-12,5.110387376236229e-13
4201,7.201658273391254e-13,8.010161452691643e-13,-8.085031793003893e-14,1,0,5.920016154323684e-13,2.1795190144881384e-13
4202,2.7590731244694594e-12,4.095406442772039e-12,-1.3363333183025792e-12,1,0,7.895721517381606e-12,2.906896659001149e-12
4203,6.435640988946789e-13,8.15501312480072e-13,-1.7193721358539312e-13,1,0,1.4326921989969953e-12,5.27461379871776e-13
4204,2.240546281148123e-13,3.9026625823099147e-13,-1.6621163011617917e-13,1,0,8.171543781054805e-13,3.0084436569524705e-13
4205,4.1635511896439014e-13,6.300268241733143e-13,-2.136717052089242e-13,1,0,9.577537767169519e-13,3.52607579630988e-13
4206,4.760185197329342e-13,8.409441958303313e-13,-3.649256760973971e-13,1,0,1.5811571124636508e-12,5.821203695518267e-13
4207,5.248966010050114e-13,6.635401479832268e-13,-1.3864354697821545e-13,1,0,9.667129256915425e-13,3.5590598879655937e-13
4208,4.221824872599167e-13,8.299075146949743e-13,-4.077250274350576e-13,1,0,1.6674930607774793e-12,6.139058978474588e-13
4209,4.3623841619009725e-13,4.861869991071646e-13,-4.9948582917067357e-14,1,0,7.848471966343456e-13,2.889501217463635e-13
4210,7.747068147519157e-13,1.3332112495138909e-12,-5.585044347619752e-13,1,0,2.5265687162184954e-12,9.301840425532073e-13
4211,1.9475876421106246e-13,3.184759885417157e-13,-1.2371722433065325e-13,1,0,5.989733422357871e-13,2.2051861929818488e-13
4212,1.9008574552011136e-12,2.3294597029192297e-12,-4.2860224771811615e-13,1,0,3.4118765797292305e-12,1.2561198629796893e-12
4213,4.986066472666159e-13,6.273815321851095e-13,-1.2877488491849357e-13,1,0,6.5657990555323e-13,2.4172710874090085e-13
4214,2.27000424556201e-13,3.920343063358509e-13,-1.650338817796499e-13,1,0,7.943522279803339e-13,2.924495035067928e-13
4215,1.6395689571086813e-13,3.271364683610153e-13,-1.6317957265014714e-13,1,0,6.865474110397388e-13,2.527599752605168e-13
4216,2.776202757262237e-12,5.104085385861481e-12,-2.327882628599244e-12,1,0,9.65297013420962e-12,3.553847051317634e-12
4217,6.21022571473298e-12,8.715262490411993e-12,-2.5050367756790133e-12,1,0,2.2336199126669505e-11,8.22331720706784e-12
4218,1.8647930333660755e-12,1.935607271640418e-12,-7.081423827434263e-14,1,0,2.0577957645373397e-12,7.57600128078479e-13
4219,6.885870604908827e-14,1.651899637388399e-13,-9.633125768975163e-14,1,0,3.7463237710193707e-13,1.3792502723834938e-13
4220,1.5717596925447333e-11,2.1964802480430733e-11,-6.2472055549834e-12,1,0,4.6319869729679267e-11,1.705316914561407e-11
4221,1.9883336040221745e-12,2.078530357257929e-12,-9.019675323575436e-14,1,0,4.0746068135430125e-12,1.5001112826683612e-12
4222,1.163119248151201e-13,1.7215862612443045e-13,-5.584670130931036e-14,1,0,4.077981290181321e-13,1.5013536333318416e-13
4223,3.4561549730155244e-13,3.487648849514624e-13,-3.1493876499099682e-15,1,0,5.976393354497441e-13,2.2002749003774977e-13
4224,1.6884096488915348e-12,2.4052183084837558e-12,-7.168086595922209e-13,1,0,3.14565306311778e-12,1.1581067492595895e-12
4225,5.242002726887969e-13,6.32235184333442e-13,-1.0803491164464517e-13,1,0,1.061191299505417e-12,3.9068924053394964e-13
4226,8.457872151254976e-13,1.1661367137952106e-12,-3.20349498669713e-13,1,0,2.357945082290518e-12,8.681033983695428e-13
4227,1.0302218799513853e-12,1.1663588373113792e-12,-1.361369573599939e-13,1,0,1.0852144068131724e-12,3.9953361152879927e-13
4228,3.286775208684012e-13,4.213628651939432e-13,-9.268534432554198e-14,1,0,6.796635317641443e-13,2.50225599444052e-13
4229,2.592708592752209e-13,3.146025701606717e-13,-5.5331710885450786e-14,1,0,3.236160493239466e-13,1.191428054431806e-13
4230,1.628763133133705e-12,1.837910422618729e-12,-2.0914728948502387e-13,1,0,1.8084500721667334e-12,6.658007708578851e-13
4231,1.9837357097698827e-13,3.3871889386038303e-13,-1.4034532288339476e-13,1,0,5.317712790366471e-13,1.9577744110927304e-13
4232,5.44408200915521e-13,6.017433104601959e-13,-5.733510954467496e-14,1,0,7.989344865694268e-13,2.941365123702628e-13
4233,1.0841949191571383e-12,1.9357609277253496e-12,-8.515660085682113e-13,1,0,3.736063010267322e-12,1.3754726605359537e-12
4234,7.0537978231901515e-12,5.836986712059533e-12,1.2168111111306184e-12,0,1,1.6432671814986632e-11,6.049868741227835e-12
4235,6.609080361964182e-11,7.333804597347519e-11,-7.2472423538333685e-12,1,0,6.604289739555152e-11,2.4314418557855764e-11
4236,7.649904020195617e-13,1.0582609248211465e-12,-2.932705228015849e-13,1,0,1.7406128627763327e-12,6.408257566177284e-13
4237,2.676002453619934e-12,3.0245562567102297e-12,-3.485538030902958e-13,1,0,3.783710559106234e-12,1.3930146293382368e-12
4238,2.7187347819264087e-13,3.2486636736106135e-13,-5.299288916842048e-14,1,0,7.388734250370028e-13,2.7202437243215566e-13
4239,4.309516026387216e-13,7.17962091984859e-13,-2.8701048934613736e-13,1,0,1.1924659005477837e-12,4.3901942775518186e-13
4240,8.131537604143744e-14,1.2683093562917026e-13,-4.551555958773282e-14,1,0,2.5357333057274224e-13,9.335580869095046e-14
4241,1.3864638505006974e-12,1.9490830404445252e-12,-5.626191899438278e-13,1,0,2.666019324135129e-12,9.81524316568212e-13
4242,2.2623532653451205e-13,3.542520910574414e-13,-1.2801676452292935e-13,1,0,7.509880235418143e-13,2.7648449502402426e-13
4243,8.135770195390133e-13,8.465492535237881e-13,-3.297223398477481e-14,1,0,9.272417650544678e-13,3.4137424717798465e-13
4244,2.194843318182104e-12,2.195369104975523e-12,-5.257867934191204e-16,1,0,2.1490039060734796e-12,7.911794078594904e-13
4245,3.8102676086165494e-13,4.56673752333956e-13,-7.564699147230105e-14,1,0,1.1603029773313372e-12,4.271782940683134e-13
4246,5.925361698655676e-13,6.098027673602033e-13,-1.7266597494635666e-14,1,0,8.560406583123402e-13,3.151607771549801e-13
4247,5.540735771782129e-13,6.226408944455436e-13,-6.85673172673307e-14,1,0,1.0743577322869474e-12,3.955366074755697e-13
4248,2.601293806679244e-13,3.314955064712242e-13,-7.136612580329977e-14,1,0,4.5021973733924905e-13,1.6575334469519707e-13
4249,1.9972942429125036e-12,1.9900041025899733e-12,7.290140322530224e-15,0,1,3.714977013532803e-12,1.3677096190806097e-12
4250,2.1777408841389357e-13,2.966336575621608e-13,-7.885956914826723e-14,1,0,5.302997407536759e-13,1.9523567811662632e-13
4251,2.6400293070029737e-12,3.8485139708318e-12,-1.208484663828826e-12,1,0,5.163033560874149e-12,1.900827552665888e-12
4252,3.594599096883871e-12,4.966623638049267e-12,-1.3720245411653963e-12,1,0,6.471752741486041e-12,2.382646903223862e-12
4253,1.7661262964467323e-13,1.9318100387356888e-13,-1.6568374228895655e-14,1,0,4.579188148818532e-13,1.6858784471355748e-13
4254,2.978537437270325e-13,3.6352798261543776e-13,-6.567423888840527e-14,1,0,7.76173221452956e-13,2.857567024471223e-13
4255,1.2803237883419664e-12,2.024430571746278e-12,-7.441067834043114e-13,1,0,3.8769021975971e-12,1.427324155323872e-12
4256,3.50553168102379e-13,4.2874942534174453e-13,-7.819625723936554e-14,1,0,4.4888412420252803e-13,1.6526162403910433e-13
4257,5.434356570944187e-13,6.176953768403355e-13,-7.425971974591684e-14,1,0,8.681704245843122e-13,3.1962648392703875e-13
4258,6.641296719623475e-13,9.923449148022006e-13,-3.282152428398531e-13,1,0,2.2445713819562715e-12,8.263636244939427e-13
4259,3.4828622062308543e-13,4.430658434588395e-13,-9.477962283575409e-14,1,0,6.158384030117165e-13,2.2672767678779835e-13
4260,3.9031417426100986e-13,4.493389174658944e-13,-5.902474320488454e-14,1,0,5.899190281788167e-13,2.171851740615699e-13
4261,6.390442029615169e-13,7.3292129194366e-13,-9.38770889821431e-14,1,0,1.112996720968273e-12,4.0976197584218047e-13
4262,5.786974916883829e-13,8.273129448003251e-13,-2.486154531119422e-13,1,0,1.6502769545504805e-12,6.075675991166712e-13
4263,4.351112961874067e-13,4.51671878004941e-13,-1.6560581817534267e-14,1,0,5.157191028027441e-13,1.8986765599827225e-13
4264,3.654315313447062e-13,4.29479425924648e-13,-6.404789457994181e-14,1,0,6.170739704956203e-13,2.2718256453719829e-13
4265,1.2160050891089738e-13,1.442874589316306e-13,-2.2686950020733217e-14,1,0,2.865362259690079e-13,1.0549146092836435e-13
4266,6.654631205167449e-13,6.630848410627728e-13,2.378279453972032e-15,0,1,7.676093058090858e-13,2.8260380277629026e-13
4267,2.7949724272198423e-13,3.353892830380389e-13,-5.589204031605465e-14,1,0,4.4115407069832126e-13,1.6241571988002116e-13
4268,2.1137563998943606e-13,2.8388373951267375e-13,-7.250809952323769e-14,1,0,6.086207016450483e-13,2.2407040069944492e-13
4269,4.0127772167487064e-13,3.622756057370603e-13,3.900211593781033e-14,0,1,4.280811710049081e-13,1.5760278817281957e-13
4270,3.72522026082898e-13,6.478751818797697e-13,-2.753531557968717e-13,1,0,1.1960574836558974e-12,4.4034170855175213e-13
4271,2.2873191144160566e-13,3.469334011626547e-13,-1.1820148972104905e-13,1,0,6.056416726210953e-13,2.2297363842157928e-13
4272,1.782723017268575e-13,2.6489221338744843e-13,-8.661991166059095e-14,1,0,4.676382087404735e-13,1.7216614638908426e-13
4273,4.0833628396836387e-13,5.647966032946582e-13,-1.5646031932629432e-13,1,0,1.1271777033364406e-12,4.1498286036510005e-13
4274,5.125579681966097e-13,9.311801244633722e-13,-4.1862215626676244e-13,1,0,1.9116025494678364e-12,7.037774891317214e-13
4275,1.7071511638895038e-13,2.5752384099492416e-13,-8.680872460597378e-14,1,0,5.209371075604369e-13,1.9178872180123883e-13
4276,1.640073429501091e-12,2.0955653050820663e-12,-4.554918755809752e-13,1,0,3.737761754485781e-12,1.3760980718909848e-12
4277,1.8856596437112086e-13,2.0345938185782447e-13,-1.489341748670361e-14,1,0,1.81932127398867e-13,6.698031232947013e-14
4278,3.7246866329162963e-13,4.869694413134204e-13,-1.145007780217908e-13,1,0,7.853236843436729e-13,2.8912554593365903e-13
4279,2.7141022887089935e-13,4.4933836337026594e-13,-1.779281344993666e-13,1,0,8.05576622121392e-13,2.965818875778529e-13
4280,3.5788408943670196e-13,4.47427447522223e-13,-8.954335808552106e-14,1,0,5.798592340353578e-13,2.1348155027981858e-13
4281,1.2887196635802525e-11,1.3703153657204255e-11,-8.159570214017304e-13,1,0,2.1211775901947782e-11,7.809348438279399e-12
4282,2.447084644850078e-13,5.193133409621848e-13,-2.74604876477177e-13,1,0,1.215574903874758e-12,4.475272613225319e-13
4283,1.4277996457214742e-12,1.7779094696247856e-12,-3.501098239033115e-13,1,0,2.7855015024051143e-12,1.0255129937345237e-12
4284,3.685047925730148e-13,4.868034831972452e-13,-1.1829869062423034e-13,1,0,1.0028917962238232e-12,3.692256376272843e-13
4285,1.1655900991343754e-11,1.547450310062577e-11,-3.818602109282015e-12,1,0,2.390039353359181e-11,8.799192570136446e-12
4286,2.0652103130437433e-13,2.629234112246229e-13,-5.640237992024858e-14,1,0,4.131191058718196e-13,1.5209433944506406e-13
4287,2.7790768721283994e-12,4.320534362005892e-12,-1.5414574898774923e-12,1,0,7.940688337428288e-12,2.9234516880345124e-12
4288,1.0226961972587301e-13,1.48521082162796e-13,-4.625146243692299e-14,1,0,3.1190395197364716e-13,1.1483086807526137e-13
4289,1.1804554212610576e-12,1.2977497016367701e-12,-1.1729428037571255e-13,1,0,1.6656497529151694e-12,6.132272637980354e-13
4290,1.518198233190245e-12,2.500741886286207e-12,-9.82543653095962e-13,1,0,5.511795625242852e-12,2.0292281399292452e-12
4291,4.18674701789311e-13,4.86454676509848e-13,-6.777997472053698e-14,1,0,7.338623401045886e-13,2.7017948643713433e-13
4292,3.42108110444132e-13,6.488038960646422e-13,-3.0669578562051023e-13,1,0,1.222703514355724e-12,4.5015173762211057e-13
4293,8.781420501280575e-14,1.4627935904849695e-13,-5.84651540356912e-14,1,0,2.543491019758331e-13,9.364141745955116e-14
4294,3.735965038623081e-13,5.010258753750761e-13,-1.2742937151276798e-13,1,0,8.986713649173677e-13,3.308557403484272e-13
4295,2.8304521689271695e-13,3.359844407485681e-13,-5.293922385585117e-14,1,0,5.546525594515164e-13,2.0420143598361469e-13
4296,8.887636925313702e-12,9.71291026895842e-12,-8.252733436447185e-13,1,0,1.5763251492242754e-11,5.8034142917683544e-12
4297,2.9186167040550086e-12,3.4979426269757615e-12,-5.793259229207529e-13,1,0,5.65085285847392e-12,2.080423588730153e-12
4298,9.641024055805557e-13,1.1472846603189378e-12,-1.8318225473838208e-13,1,0,3.1501639258547286e-12,1.1597674729553761e-12
4299,2.7601733062387567e-13,3.5154269925461356e-13,-7.55253686307379e-14,1,0,4.446874538700795e-13,1.6371657373034301e-13
4300,3.7206942319147266e-13,3.8530633557780427e-13,-1.3236912386331618e-14,1,0,4.840580049533007e-13,1.7821127483586055e-13
4301,5.569002884458128e-13,7.225309800357895e-13,-1.6563069158997673e-13,1,0,1.4489605702605534e-12,5.334507595591576e-13
4302,4.460197152251995e-13,7.06151988171309e-13,-2.601322729461095e-13,1,0,1.5874631407460282e-12,5.844420031739416e-13
4303,5.467962433099854e-13,6.835251103732585e-13,-1.3672886706327313e-13,1,0,9.038150408586627e-13,3.327494411806842e-13
4304,1.7699408181527185e-12,1.8478452108079816e-12,-7.790439265526303e-14,1,0,1.3472606598901913e-12,4.96008819766129e-13
4305,1.1985540103217036e-11,1.1840235423212526e-11,1.4530468000450942e-13,0,1,1.5286670409224308e-11,5.627955727922135e-12
4306,7.320755272234555e-11,6.683438911588543e-11,6.373163606460116e-12,0,1,9.985369683635221e-11,3.6762235988632466e-11
4307,4.399917509456456e-12,5.6936055286927845e-12,-1.2936880192363283e-12,1,0,8.303860126718318e-12,3.0571573739058593e-12
4308,3.2002485425371784e-13,4.226094787067807e-13,-1.0258462445306286e-13,1,0,7.79716895316945e-13,2.8706134492889455e-13
4309,1.6201704170598022e-12,2.6763013331646283e-12,-1.056130916104826e-12,1,0,4.461794583696012e-12,1.6426587158555822e-12
4310,4.831008116792982e-13,5.194696670140885e-13,-3.636885533479031e-14,1,0,6.848325832802956e-13,2.521286425730969e-13
4311,7.112144450901252e-13,8.323173724147977e-13,-1.211029273246725e-13,1,0,1.6015459044796615e-12,5.896267274270301e-13
4312,1.8514696302856326e-12,2.0033865507703883e-12,-1.5191692048475573e-13,1,0,2.0630436470681643e-12,7.595321937120126e-13
4313,1.3963038658557486e-13,1.9091775537172092e-13,-5.128736878614606e-14,1,0,2.979073903902305e-13,1.0967788009122843e-13
4314,2.8175081723859643e-13,3.2963122986519937e-13,-4.788041262660294e-14,1,0,5.21060566821977e-13,1.9183417468532342e-13
4315,9.080405661904581e-13,1.1830123301920107e-12,-2.7497176400155263e-13,1,0,1.4830069960866512e-12,5.45985325433466e-13
4316,2.5337620278145065e-13,4.55932185023045e-13,-2.0255598224159437e-13,1,0,1.0781792817765355e-12,3.9694355292305494e-13
4317,1.5737423919827103e-13,3.034508465843531e-13,-1.460766073860821e-13,1,0,6.115673748300354e-13,2.2515525081957022e-13
4318,8.984235947339771e-13,1.4964911950250194e-12,-5.980676002910424e-13,1,0,2.557561939267732e-12,9.415945382672684e-13
4319,1.1296767028599893e-11,1.2190447734862442e-11,-8.936807062625488e-13,1,0,1.9097025544572808e-11,7.030779850856193e-12
4320,6.356894943523737e-12,7.600527791627282e-12,-1.2436328481035451e-12,1,0,1.4497205566512809e-11,5.337305569019626e-12
4321,5.948389871950046e-13,1.1365415298484454e-12,-5.417025426534409e-13,1,0,2.4235654835052736e-12,8.922622703147562e-13
4322,4.360450442098562e-12,7.892895759862335e-12,-3.5324453177637724e-12,1,0,1.7387188694509298e-11,6.401284621579803e-12
4323,5.270669802079778e-13,7.606281459386376e-13,-2.3356116573065984e-13,1,0,1.5219693695751436e-12,5.603297514711782e-13
4324,2.697653522280211e-13,3.3237079872158397e-13,-6.260544649356288e-14,1,0,4.791320490147463e-13,1.7639773001558688e-13
4325,3.802220400766467e-13,5.363243502372741e-13,-1.561023101606274e-13,1,0,1.1855025385750717e-12,4.364557895101738e-13
4326,7.926326214554358e-14,1.4742428868610303e-13,-6.816102654055945e-14,1,0,2.697780660479284e-13,9.932176016341795e-14
4327,6.109173690015771e-13,8.1637680683873e-13,-2.0545943783715293e-13,1,0,1.2302581874185764e-12,4.529330735440915e-13
4328,4.611237688830147e-13,4.758653274439527e-13,-1.4741558560937942e-14,1,0,6.373405554414503e-13,2.3464393053632907e-13
4329,6.522567433583559e-13,1.0259602129244011e-12,-3.737034695660453e-13,1,0,1.8507343913325086e-12,6.813682077084051e-13
4330,2.1359360013829942e-13,3.6647224476896533e-13,-1.528786446306659e-13,1,0,6.945254243937081e-13,2.556971685636325e-13
4331,1.7354771898897088e-12,3.5201034829730763e-12,-1.7846262930833675e-12,1,0,6.8901742428640255e-12,2.536693377853487e-12
4332,1.7206402004706835e-13,2.5661544302419553e-13,-8.455142297712718e-14,1,0,5.422437684805389e-13,1.9963300320183896e-13
4333,2.145066072075141e-12,2.58573495813287e-12,-4.4066888605772876e-13,1,0,4.508012642431905e-12,1.6596744021648228e-12
4334,3.3180565647004993e-13,6.263777879431488e-13,-2.945721314730989e-13,1,0,1.094227825178711e-12,4.0285200056712656e-13
4335,3.240401572771169e-13,4.0210549457908596e-13,-7.806533730196908e-14,1,0,6.877630842262563e-13,2.532075387056745e-13
4336,5.237132712067345e-13,6.512969339744607e-13,-1.2758366276772626e-13,1,0,1.0851716130158019e-12,3.9951785652194797e-13
4337,1.6703564735060055e-12,2.30196182851419e-12,-6.316053550081843e-13,1,0,5.1664429214958675e-12,1.9020827462512727e-12
4338,1.0012998177725596e-12,1.0910566534138112e-12,-8.975683564125166e-14,1,0,1.9762159405122403e-12,7.27565619214607e-13
4339,6.132872583800263e-12,5.968721662186122e-12,1.6415092161414093e-13,0,1,7.833843620995305e-12,2.8841156313426395e-12
4340,4.777064407616303e-13,6.490410034453374e-13,-1.7133456268370715e-13,1,0,1.3573549351632108e-12,4.997251381547124e-13
4341,9.45151949138138e-13,1.2176618052913909e-12,-2.725098561532529e-13,1,0,1.919687922617112e-12,7.067542081234774e-13
4342,2.6839656875470326e-13,2.656761423510851e-13,2.7204264036181695e-15,0,1,6.200307947974671e-13,2.2827115190256706e-13
4343,2.6749979722878405e-13,3.8663790542951293e-13,-1.1913810820072887e-13,1,0,5.366957154600864e-13,1.9759042650335594e-13
4344,5.278125808104041e-13,6.449006566639603e-13,-1.1708807585355614e-13,1,0,1.0647553255399409e-12,3.920013758909963e-13
4345,2.821603685941196e-13,3.4105360190495253e-13,-5.889323331083291e-14,1,0,6.690593686073375e-13,2.4632156022684224e-13
4346,9.645781425493501e-14,1.3714234266894214e-13,-4.068452841400713e-14,1,0,2.674932703743133e-13,9.848058752384205e-14
4347,1.0335027728051643e-12,1.0838082284153635e-12,-5.030545561019924e-14,1,0,1.7026237795134757e-12,6.268396580740786e-13
4348,1.1964849975214878e-13,1.7385091488012503e-13,-5.420241512797625e-14,1,0,3.442692468286227e-13,1.2674650710513375e-13
4349,2.1188408628488805e-13,4.1562226469969503e-13,-2.0373817841480698e-13,1,0,9.078313339827867e-13,3.342280836376635e-13
4350,1.3413376140790145e-12,1.2943217204919653e-12,4.7015893587049244e-14,0,1,1.745425099593761e-12,6.425974344936654e-13
4351,1.1200505387138666e-11,1.258462970218124e-11,-1.384124315042574e-12,1,0,1.9689888214063407e-11,7.249048758820445e-12
4352,2.8105968120727124e-13,4.4007929195649853e-13,-1.590196107492273e-13,1,0,7.885517026890866e-13,2.903139763668779e-13
4353,6.454102974865141e-12,1.0638258374667495e-11,-4.184155399802354e-12,1,0,2.4592509621235035e-11,9.054002714894215e-12
4354,2.1162392696501535e-12,2.7654044602743717e-12,-6.491651906242182e-13,1,0,3.6235269719105344e-12,1.3340412811241508e-12
4355,8.415990146126234e-14,9.743356719716194e-14,-1.3273665735899605e-14,1,0,1.9836028002373552e-13,7.302851728118528e-14
4356,1.442315419014199e-12,1.305189340036381e-12,1.3712607897781806e-13,0,1,2.3745857073610894e-12,8.742298273874417e-13
4357,2.776627661845942e-13,4.935308544908207e-13,-2.1586808830622652e-13,1,0,9.44939008248439e-13,3.4788968177137e-13
4358,3.763495782658753e-13,4.589318570094711e-13,-8.258227874359578e-14,1,0,6.954321094247159e-13,2.5603097462323087e-13
4359,4.1452337945670163e-13,5.274458581627919e-13,-1.129224787060903e-13,1,0,6.628357373986984e-13,2.4403026199305554e-13
4360,2.0934247643214058e-13,2.633728544959466e-13,-5.4030378063806017e-14,1,0,4.895560220374047e-13,1.802354302544287e-13
4361,5.715589819014706e-13,9.517489211639853e-13,-3.8018993926251467e-13,1,0,1.8028888140737563e-12,6.637533325668144e-13
4362,7.883863847810292e-13,1.0157898930326046e-12,-2.2740350825157536e-13,1,0,1.977273891624813e-12,7.279551155447085e-13
4363,3.645178657977703e-13,5.151116897099605e-13,-1.505938239121902e-13,1,0,7.691731250177085e-13,2.83179540005981e-13
4364,4.725679996627571e-13,5.376457589631974e-13,-6.507775930044023e-14,1,0,5.479323510913625e-13,2.0172731741358678e-13
4365,1.1322969809526348e-12,1.3800291939913098e-12,-2.47732213038675e-13,1,0,2.209619369966067e-12,8.134956571199632e-13
4366,6.537335901199018e-13,7.572212889633005e-13,-1.0348769884339873e-13,1,0,8.591016110193944e-13,3.162877005372079e-13
4367,1.4760540608808976e-12,2.2613815090550277e-12,-7.853274481741301e-13,1,0,4.075920553847042e-12,1.5005949506006927e-12
4368,3.415015804461205e-13,4.1406313762621406e-13,-7.256155718009355e-14,1,0,5.407802084650214e-13,1.9909417749604504e-13
4369,6.582186338111405e-13,9.533785674603342e-13,-2.9515993364919373e-13,1,0,1.394132600975525e-12,5.132652400491787e-13
4370,4.607963763617603e-13,5.267287628525043e-13,-6.5932386490744e-14,1,0,1.0327253441195459e-12,3.8020918618751603e-13
4371,5.679169650042453e-13,7.134381241994583e-13,-1.4552115919521295e-13,1,0,1.536399139158451e-12,5.656422297417876e-13
4372,8.848557866771308e-13,1.2201741341905413e-12,-3.3531834751341045e-13,1,0,1.998118969747196e-12,7.356294601650427e-13
4373,1.1788683169453997e-12,1.2762549820080022e-12,-9.738666506260245e-14,1,0,1.2818361717302854e-12,4.719220753653515e-13
4374,4.52079078415076e-11,5.861373537914379e-11,-1.3405827537636189e-11,1,0,8.749133693526105e-11,3.2210897315562236e-11
4375,1.2285730867228112e-13,1.7465725908008468e-13,-5.1799950407803564e-14,1,0,2.652071295173983e-13,9.763891964024933e-14
4376,6.098015267053203e-13,1.0919436537608382e-12,-4.821421270555179e-13,1,0,2.254160901605811e-12,8.298941115519407e-13
4377,9.038224187153394e-13,9.659511674631317e-13,-6.212874874779238e-14,1,0,1.410806530979628e-12,5.194039306444138e-13
4378,7.064810864325487e-12,1.0636859659994574e-11,-3.572048795669087e-12,1,0,2.882783914426619e-11,1.0613285829574152e-11
4379,6.209667675692192e-13,6.045586963296864e-13,1.640807123953286e-14,0,1,6.538608909667965e-13,2.4072607363604317e-13
4380,2.844830033858752e-11,2.7389346914797734e-11,1.0589534237897863e-12,0,1,5.356374779681165e-11,1.9720082473953168e-11
4381,4.100053957967947e-13,5.184472535372622e-13,-1.0844185774046749e-13,1,0,8.539386810079675e-13,3.1438691110740915e-13
4382,6.943826354961051e-13,8.779832167426361e-13,-1.83600581246531e-13,1,0,1.9797801338543743e-12,7.288778161677892e-13
4383,1.24658563681488e-12,1.5585194402603966e-12,-3.1193380344551667e-13,1,0,3.045774963580798e-12,1.1213355291485085e-12
4384,1.3223359621617295e-12,1.540156561553381e-12,-2.178205993916516e-13,1,0,2.1085233899446458e-12,7.762760609227342e-13
4385,1.4686754558241292e-12,2.2285711633555418e-12,-7.598957075314126e-13,1,0,4.5410642895235775e-12,1.6718427293143762e-12
4386,5.184826805187424e-13,5.424189125944708e-13,-2.3936232075728344e-14,1,0,5.353148548111245e-13,1.9708204747831345e-13
4387,1.345335215103544e-12,1.3685096711027171e-12,-2.317445599917317e-14,1,0,2.1794207021688987e-12,8.023776856549584e-13
4388,8.735586722759753e-13,1.4872318768247521e-12,-6.136732045487768e-13,1,0,2.6239723178510793e-12,9.660442490634203e-13
4389,2.0002848021985806e-12,2.0734379624774425e-12,-7.315316027886188e-14,1,0,3.666289478614119e-12,1.349784767972505e-12
4390,7.299718176514489e-13,9.519673958964458e-13,-2.2199557824499686e-13,1,0,1.7656832430790257e-12,6.500556926763085e-13
4391,1.896990550976433e-13,2.5466578679624535e-13,-6.496673169860205e-14,1,0,4.692884132500651e-13,1.727736873167931e-13
4392,5.143226764116771e-13,1.0035665179097476e-12,-4.892438414980705e-13,1,0,2.1584195953425953e-12,7.946458973523546e-13
4393,6.669423109019519e-13,8.757356549363419e-13,-2.0879334403439006e-13,1,0,2.0713110473293737e-12,7.625759279856986e-13
4394,1.105158665746974e-12,1.037229132410319e-12,6.792953333665501e-14,0,1,1.6519788288607606e-12,6.081941628494095e-13
4395,4.155513612798864e-13,5.457428293286533e-13,-1.301914680487669e-13,1,0,6.437691060839897e-13,2.370106721119887e-13
4396,1.0196482881202698e-11,9.944411344696658e-12,2.5207153650604054e-13,0,1,1.3301837713850493e-11,4.8972177556979395e-12
4397,7.914635990196484e-12,8.891081091937855e-12,-9.76445101741371e-13,1,0,1.6474864548784614e-11,6.065402459918581e-12
4398,6.300471088707325e-12,6.45492354746157e-12,-1.544524587542445e-13,1,0,7.134775362223986e-12,2.6267459683723082e-12
4399,5.238152336904348e-13,5.977988025399322e-13,-7.398356884949744e-14,1,0,1.0620403980029968e-12,3.910018454783292e-13
4400,1.1719389416247185e-12,1.439787974933773e-12,-2.6784903330905445e-13,1,0,2.487291646186744e-12,9.157237575242445e-13
4401,3.795815366441071e-13,7.206852067905508e-13,-3.411036701464437e-13,1,0,1.367969267860151e-12,5.036329213998963e-13
4402,5.203473812978088e-13,5.621996952994631e-13,-4.1852314001654304e-14,1,0,4.0511859288109134e-13,1.4914886265338059e-13
4403,1.915851886691031e-12,2.8915267177744683e-12,-9.756748310834372e-13,1,0,5.3164489907166144e-12,1.957309129361133e-12
4404,5.652550955691809e-13,1.0504914196042963e-12,-4.852363240351155e-13,1,0,2.0765110075193975e-12,7.644903504827489e-13
4405,2.6276602986652703e-13,2.6681304409633335e-13,-4.047014229806327e-15,1,0,4.986110660957006e-13,1.8356914424905522e-13
4406,2.1599896035887506e-13,3.6954105094271333e-13,-1.5354209058383826e-13,1,0,6.916453798356979e-13,2.546368485048483e-13
4407,1.1577290345921785e-11,1.5112623482040738e-11,-3.5353331361189535e-12,1,0,2.2664787473441253e-11,8.344290618467267e-12
4408,3.9012953642435987e-13,5.849492550455431e-13,-1.948197186211832e-13,1,0,1.0727108729294963e-12,3.949302981023882e-13
4409,4.249923851875762e-13,8.212072385901083e-13,-3.9621485340253213e-13,1,0,1.5926452467983863e-12,5.863498524739743e-13
4410,3.806615752975095e-13,5.294506089344055e-13,-1.4878903363689606e-13,1,0,1.0051013499684292e-12,3.700391091237067e-13
4411,2.2270681731487168e-12,2.0798363623953492e-12,1.4723181075336755e-13,0,1,2.603910345355334e-12,9.586582133866967e-13
4412,5.718294835273433e-13,6.863183892421778e-13,-1.1448890571483446e-13,1,0,1.0794274110180632e-12,3.9740306542159117e-13
4413,7.545197890081044e-13,9.28626836090821e-13,-1.741070470827165e-13,1,0,1.965128800858446e-12,7.234837668916059e-13
4414,2.9385644232904723e-13,3.650307728458871e-13,-7.117433051683986e-14,1,0,4.723244918815498e-13,1.7389145303470742e-13
4415,1.0692369652916167e-12,1.2554114376281494e-12,-1.8617447233653271e-13,1,0,2.4185358654028013e-12,8.904105611294787e-13
4416,1.2420302922540754e-12,1.2328864024063865e-12,9.143889847688951e-15,0,1,1.3188426354758716e-12,4.855464117336844e-13
4417,8.730693004632188e-13,1.0303900451901708e-12,-1.57320744726952e-13,1,0,1.155906634208145e-12,4.255597320270235e-13
4418,1.1128500816477823e-12,1.0689784521537336e-12,4.387162949404866e-14,0,1,1.2370474207380722e-12,4.554326044115589e-13
4419,1.450628935130271e-13,2.576828367959146e-13,-1.1261994328288748e-13,1,0,5.758010366841653e-13,2.11987480321072e-13
4420,8.652188977050129e-13,8.32825922587757e-13,3.239297511725591e-14,0,1,1.2400831568764685e-12,4.565502440368783e-13
4421,4.890407221549545e-13,6.462058947342714e-13,-1.571651725793169e-13,1,0,1.005657458705961e-12,3.7024384666765554e-13
4422,1.421154463014265e-12,1.376778325430347e-12,4.437613758391809e-14,0,1,1.7601631671037374e-12,6.480234160345001e-13
4423,1.894551684044574e-12,2.0948574966279025e-12,-2.0030581258332834e-13,1,0,1.944565930301292e-12,7.159133200881723e-13
4424,1.482727334492527e-12,2.4430971431819027e-12,-9.603698086893758e-13,1,0,5.9945425504295696e-12,2.2069567263388773e-12
4425,1.3183732518668897e-12,1.3299249671308532e-12,-1.1551715263963498e-14,1,0,2.822930259429856e-12,1.03929280201503e-12
4426,5.86140791443013e-13,5.74169715218877e-13,1.1971076224135938e-14,0,1,5.802206530924132e-13,2.1361461067805336e-13
4427,4.347222816835545e-13,7.588920430927848e-13,-3.2416976140923027e-13,1,0,1.1958788808399758e-12,4.402759539620357e-13
4428,1.1534945966409326e-12,1.6622210705068647e-12,-5.087264738659321e-13,1,0,3.2720656498896616e-12,1.2046469324884345e-12
4429,6.039234613673236e-13,7.068340211265105e-13,-1.0291055975918696e-13,1,0,1.0745503063864122e-12,3.956075057468818e-13
4430,3.2070668457090514e-13,4.090030928037228e-13,-8.829640823281765e-14,1,0,6.622009854313881e-13,2.43796571079691e-13
4431,4.2758328766977474e-13,6.603345466354085e-13,-2.3275125896563376e-13,1,0,1.3184037080873907e-12,4.853848157913364e-13
4432,4.94357111684251e-13,8.032761129778226e-13,-3.0891900129357163e-13,1,0,2.011282352768792e-12,7.404757043040227e-13
4433,8.442760155053938e-13,1.055470932099531e-12,-2.1119491659413715e-13,1,0,1.5993268093219313e-12,5.888097431544958e-13
4434,3.9365478825849335e-13,6.347571382805983e-13,-2.411023500221049e-13,1,0,1.3405522112132449e-12,4.935390306527254e-13
4435,1.0659770161839457e-11,1.1502008334880757e-11,-8.422381730413001e-13,1,0,7.307912644925013e-12,2.6904883619615713e-12
4436,1.1842957648325042e-12,1.20832770617112e-12,-2.4031941338615802e-14,1,0,1.00774266694774e-12,3.7101153900052283e-13
4437,3.740986608955342e-12,4.002836826375674e-12,-2.6185021742033187e-13,1,0,4.7430039198642554e-12,1.7461890237556109e-12
4438,1.010802763345273e-11,1.2264529498013421e-11,-2.1565018645606913e-12,1,0,2.5412771448243403e-11,9.355991122057228e-12
4439,3.5119798621313154e-12,3.3393631230900874e-12,1.7261673904122798e-13,0,1,4.8285559719307805e-12,1.7776859520319447e-12
4440,4.493043415598318e-12,7.032742522041835e-12,-2.5396991064435173e-12,1,0,1.5709734233785027e-11,5.783711324855553e-12
4441,1.846373201235331e-13,2.9353766180150857e-13,-1.0890034167797546e-13,1,0,5.74368385448409e-13,2.114600340222675e-13
4442,5.1984142365781976e-12,6.461219600489228e-12,-1.2628053639110305e-12,1,0,9.616504699692962e-12,3.5404219008064178e-12
4443,6.563924086685688e-13,8.992161588996249e-13,-2.4282375023105603e-13,1,0,1.7068233146306588e-12,6.28385763084827e-13
4444,2.1973928751212506e-13,2.838856984948934e-13,-6.414641098276833e-14,1,0,5.338577713884322e-13,1.9654560620135277e-13
4445,3.513267906903785e-13,4.854570288296753e-13,-1.341302381392968e-13,1,0,7.746901872791576e-13,2.8521070711591553e-13
4446,6.867249727580383e-13,7.849049715590478e-13,-9.817999880100947e-14,1,0,1.1467954208564226e-12,4.222053386896618e-13
4447,8.383684907976e-12,8.318469036587273e-12,6.52158713887278e-14,0,1,1.1389074060587625e-11,4.193012793442311e-12
4448,4.733823407126054e-11,4.082751089497676e-11,6.510723176283778e-12,0,1,7.013783584465623e-11,2.582201515562246e-11
4449,4.062262020231977e-13,5.535684712991666e-13,-1.4734226927596894e-13,1,0,1.1600455404722346e-12,4.270835158591299e-13
4450,4.1906153812850375e-13,6.111831323007258e-13,-1.9212159417222204e-13,1,0,8.850878803154348e-13,3.2585483119528287e-13
4451,6.627746086313939e-13,8.584265603111882e-13,-1.956519516797943e-13,1,0,1.5073542253648093e-12,5.549490254941646e-13
4452,9.58080419989283e-13,1.4642613456960575e-12,-5.061809257067744e-13,1,0,2.7980827151898472e-12,1.0301449055021327e-12
4453,1.0761323609407352e-13,1.7707323009235098e-13,-6.945999399827746e-14,1,0,3.2506384018444673e-13,1.196758255612351e-13
4454,5.299067382192223e-13,6.7819011116171e-13,-1.4828337294248777e-13,1,0,1.1134864245879373e-12,4.099422656121236e-13
4455,1.0036467321752615e-13,1.6129088939497266e-13,-6.092621617744651e-14,1,0,3.1312235752941594e-13,1.1527943747219056e-13
4456,1.248715849736905e-12,1.3845706450768884e-12,-1.3585479533998332e-13,1,0,3.16982746510493e-12,1.1670068210535476e-12
4457,3.189748364595349e-12,4.184205148278089e-12,-9.9445678368274e-13,1,0,6.586028738353153e-12,2.4247188674852353e-12
4458,8.206889409959051e-13,9.212244513233522e-13,-1.005355103274471e-13,1,0,1.3838294759101443e-12,5.094720313140562e-13
4459,6.974169076493159e-13,9.254735116990122e-13,-2.2805660404969634e-13,1,0,1.1610261908569214e-12,4.2744455307664315e-13
4460,2.59745301597725e-12,3.658135496994109e-12,-1.0606824810168586e-12,1,0,6.778975753071667e-12,2.4957544316467604e-12
4461,6.085920854158928e-13,9.685546485220952e-13,-3.599625631062024e-13,1,0,1.9243291629317443e-12,7.084629317574767e-13
4462,9.24932088349302e-14,1.1965157085329954e-13,-2.715836201836934e-14,1,0,2.0330467102138873e-13,7.484884917108707e-14
4463,5.738219233775366e-13,1.2867028566521834e-12,-7.128809332746468e-13,1,0,2.644586088175257e-12,9.736334351755263e-13
4464,4.0339062022955527e-13,5.773401050677417e-13,-1.7394948483818644e-13,1,0,1.0266679408203552e-12,3.779790865856143e-13
4465,2.8159567068609746e-13,4.0241312654644327e-13,-1.208174558603458e-13,1,0,6.077236788855136e-13,2.2374015191128805e-13
4466,3.863758406666157e-13,6.487625020685226e-13,-2.6238666140190693e-13,1,0,1.314309979265152e-12,4.838776645309955e-13
4467,1.517427069349215e-13,1.4651001045241828e-13,5.232696482503214e-15,0,1,2.7472966815641884e-13,1.0114474690303224e-13
4468,2.93443593515519e-13,3.6502467524882184e-13,-7.158108173330284e-14,1,0,7.281465363071415e-13,2.680751504463413e-13
4469,4.0816646214159825e-13,7.039480632862872e-13,-2.9578160114468897e-13,1,0,1.427966834769696e-12,5.257216850947171e-13
4470,1.4206031812494866e-13,1.661245613296826e-13,-2.4064243204733942e-14,1,0,1.6434363937023688e-13,6.050491714553998e-14
4471,7.153742072899726e-13,8.975797913671097e-13,-1.822055840771371e-13,1,0,1.347561662481483e-12,4.961196371784517e-13
4472,1.876039863179852e-12,2.0288575430272395e-12,-1.5281767984738746e-13,1,0,3.66986301768079e-12,1.3511004056568947e-12
4473,1.3254591020130352e-11,1.189802419615508e-11,1.3565668239752722e-12,0,1,2.116339961167827e-11,7.791538175309797e-12
4474,7.870826332313975e-10,7.280327364748309e-10,5.904989675656659e-11,0,1,4.2219632168680397e-10,1.5543621621560659e-10
4475,1.087061987520232e-11,1.1165751422303e-11,-2.951315471006793e-13,1,0,1.9489071834628455e-11,7.175116001545876e-12
4476,3.5699016721458347e-13,4.604603476648454e-13,-1.0347018045026197e-13,1,0,9.498616757859433e-13,3.497020159306541e-13
4477,4.0667463287682594e-13,7.297499216445085e-13,-3.2307528876768254e-13,1,0,1.64171114009797e-12,6.044140003785683e-13
4478,8.438164293295015e-14,1.0852830700179106e-13,-2.414666406884091e-14,1,0,2.215052412153827e-13,8.154958913162992e-14
4479,9.093904840929278e-14,1.9188032486310524e-13,-1.0094127645381246e-13,1,0,4.103073985953147e-13,1.5105917850756537e-13
4480,1.145858120462015e-13,2.1168365278574182e-13,-9.709784073954033e-14,1,0,4.3966081242992667e-13,1.6186596043601515e-13
4481,2.728944432168523e-13,4.500165634576658e-13,-1.771221202408135e-13,1,0,7.530131334400542e-13,2.772300614911729e-13
4482,7.736524806568478e-13,1.527134542422163e-12,-7.534820617653152e-13,1,0,3.420537654116173e-12,1.2593085327096611e-12
4483,5.140432621358738e-13,1.1492534759350774e-12,-6.352102137992036e-13,1,0,2.2242487856152892e-12,8.188816372840618e-13
4484,2.4448344773465877e-13,4.656153226921798e-13,-2.2113187495752107e-13,1,0,8.877162223818827e-13,3.268224842153204e-13
4485,1.1149853616189113e-12,1.7927614355850716e-12,-6.777760739661603e-13,1,0,3.751820219396195e-12,1.3812738502652354e-12
4486,2.188026626945267e-13,3.143350371451963e-13,-9.553237445066958e-14,1,0,6.717633663300359e-13,2.473170667082645e-13
