Sample,Raw_RMSE,FCED_RMSE,SRCG_RMSE,AlphaMean
1,1.385533529610526e-14,2.667860913743571e-13,1.826383533351032e-14,0.46928704543825006
2,4.905629764229035e-14,6.242286849065302e-14,4.272746490635034e-14,0.5141150789781023
3,3.483632352768097e-14,1.3409615332681074e-13,1.7762841955078433e-14,0.49678451685267644
4,1.1716844507661985e-14,9.041977915598365e-14,5.087475042450715e-15,0.4741959257276903
5,1.7606356277115095e-13,1.0187865831720594e-12,1.1841790881783958e-13,0.5326803742342235
6,8.786308421817135e-15,3.988910398817957e-14,6.617568094970744e-15,0.4801307677736986
7,4.498047402008282e-15,2.1316276590115853e-14,2.785917420159429e-15,0.48829693041534483
8,2.92621962197633e-12,6.314945117413445e-12,2.510056206169238e-12,0.5402526402396688
9,2.4076132429402476e-13,1.2792261319611754e-12,1.287635390987205e-13,0.5167911530345008
10,4.225484056158802e-13,2.2826690955905307e-12,4.4493323704046745e-13,0.47776845348707864
11,2.318373809088324e-14,2.3121860510236783e-14,1.7196879733132188e-14,0.5007500795127271
12,2.4072679810026307e-14,1.24138285736487e-13,1.639669516264331e-14,0.4766971069551801
13,6.8394100630865954e-15,5.917689248860252e-14,6.895875284022184e-15,0.48077678666704743
14,2.6168014888878583e-14,1.6612696663187218e-13,1.814750219179287e-14,0.5130045750185672
15,9.837488666608239e-12,2.179991082885097e-11,8.05139203896057e-12,0.5426016340781643
16,2.0933092059430497e-14,9.980344041181885e-14,1.1955607402214319e-14,0.4850607632855827
17,7.400778303675551e-14,7.582670981491415e-13,5.947353384233613e-14,0.4726323232483992
18,5.96312477715738e-14,5.73945914991554e-13,7.109775346535554e-14,0.48351118221071376
19,5.494453061517149e-14,2.017054156503931e-13,4.816429129719444e-14,0.5278426751781808
20,1.1442032329718855e-14,9.327205363504601e-14,1.070733185976313e-14,0.48790696324322197
21,7.556027181756434e-14,4.1735707584450877e-13,3.7535218684201265e-14,0.502078116134362
22,2.6612543465759802e-12,1.9591933280264703e-11,1.0774441155291147e-12,0.5097731465273683
23,6.649884002649451e-14,4.0648857425708907e-13,6.139779129471573e-14,0.49220619234620244
24,2.826058319887015e-14,1.1046466477194491e-13,1.688726826454749e-14,0.4794147678232548
25,1.0119293639209007e-14,5.633321156286381e-14,6.012638679094615e-15,0.48226217597766663
26,4.2545888657874535e-14,7.161025494096481e-14,4.7489892977586987e-14,0.4899166508497729
27,1.538845121830718e-13,6.081323443771369e-13,8.802443751499637e-14,0.5056660674150407
28,8.286743215465116e-15,6.405163791596063e-14,7.7920070580712e-15,0.4863937761943816
29,2.0204323539327082e-14,2.0235262924958372e-13,1.4812288182911708e-14,0.48776498399765844
30,2.0269936633986476e-14,4.648235597593794e-14,1.284853332861823e-14,0.48414072306550227
31,1.1967699229118248e-14,4.47627046443472e-14,8.24460532617472e-15,0.49821098718493884
32,5.4880060398878845e-15,5.844378281105962e-14,4.245080377302529e-15,0.4922149876874755
33,1.1089039833779602e-13,2.6999381751317695e-13,5.606313371572248e-14,0.5092173148157599
34,2.7238019021182776e-14,1.363506334137607e-13,2.404197987707997e-14,0.48863647819616746
35,2.863153132087244e-14,1.641254951194444e-13,1.838816713658548e-14,0.5075524187403062
36,1.2998858525974393e-14,1.827255376791481e-13,7.014544725397156e-15,0.48140294253171306
37,1.3159043570781852e-14,7.407761999738193e-14,4.642052549494443e-15,0.480014038000445
38,2.222665355300556e-14,1.3892128221116296e-13,2.219411341139484e-14,0.4772437644392994
39,2.5939746727019107e-14,3.907439294207614e-14,2.20454962897783e-14,0.5018503028975829
40,3.1523270109717696e-14,1.9769044495527305e-13,2.493466303520812e-14,0.4759817898229812
41,3.5662078871489744e-14,7.815872978964439e-14,1.1972554680691169e-14,0.4967782159343187
42,1.0760887241311197e-14,9.197615868126682e-14,7.85394217286139e-15,0.47976695289544297
43,1.842632826929494e-14,5.0124220998369414e-14,1.3870105709480647e-14,0.5013067567007965
44,2.839344428813299e-14,1.6767338078696845e-13,2.4808581574405424e-14,0.4884823086355027
45,1.5658629918501874e-14,1.1200059167322717e-13,1.1340367616990103e-14,0.49357240558492776
46,2.6155052366274726e-13,8.603274215568128e-13,2.430734849482281e-13,0.5089908600810304
47,1.0029492919620559e-14,7.052463703042355e-14,1.1988143806853759e-14,0.4924454033138318
48,1.571793605078062e-14,9.568864196037761e-14,6.899412024422766e-15,0.4834342154834303
49,4.862496684819859e-13,1.3143335824264321e-11,8.653562610166994e-13,0.46970887561437846
50,1.6432711494320833e-14,7.730384508306128e-14,1.6082092990262996e-14,0.4861619844274173
51,1.7640915328286606e-14,7.758326900446626e-14,1.714367320410627e-14,0.4862294066217146
52,2.0767984211687875e-12,1.462263180262192e-11,1.5613051882979352e-12,0.551393262824422
53,2.9400177667995644e-14,1.110944004520724e-13,2.1904962636545972e-14,0.4861639004056997
54,1.3181654750017544e-12,2.2506139121653982e-12,1.2438080298839813e-12,0.5598444946685049
55,8.076165312020688e-14,9.553691086439458e-13,7.920591011203515e-14,0.5168449331111333
56,6.731553519366943e-15,6.228366112972347e-14,8.250497196062325e-15,0.48064751726524263
57,1.3491137667441244e-14,9.114522854847046e-14,1.3776091284624524e-14,0.4823893678758395
58,1.1350853434780517e-14,3.0109706123938555e-14,1.0340155353638003e-14,0.49004270356963386
59,3.3132767703284935e-13,1.5784114562532126e-12,1.8086226986814235e-13,0.48282528747404285
60,1.474787929010242e-13,2.912980132847733e-13,1.4632311380639958e-13,0.5180525486102852
61,4.849466360791999e-14,5.6444080563624495e-14,3.9177397663615995e-14,0.5217916239947954
62,3.405336902925191e-14,8.73715007374064e-14,1.4362850431507536e-14,0.481197429650274
63,5.744876983224623e-15,7.688391115061639e-15,2.58142809359641e-15,0.4934703505903599
64,7.508848488942984e-14,2.1021306961546306e-13,6.97863846299565e-14,0.49365865701220174
65,1.3399125427620664e-14,1.2057622309655471e-13,9.968823585354013e-15,0.4813780430613406
66,1.227231704596472e-13,4.506425954562013e-13,5.81639046513229e-14,0.5290835197625711
67,4.999040818694681e-14,6.109149103253464e-14,4.827998577626992e-14,0.49537792202499986
68,7.710374000148228e-14,2.1209532647886965e-12,7.352112216604724e-14,0.5036965231851355
69,1.2365085585356509e-14,1.1849592605864573e-13,1.0057518168105119e-14,0.4930929125814146
70,4.6423660397400145e-14,1.9289480133168853e-13,3.1801497200303525e-14,0.4721886834140605
71,1.6213300913258953e-14,7.108574697435356e-14,1.3765350533145518e-14,0.4879002117328127
72,8.395694977124947e-15,1.3165512000670914e-13,9.795416162543477e-15,0.4749831190260011
73,3.922670437834498e-15,2.927717118060195e-14,2.9039901805748564e-15,0.48812902462868807
74,5.797063255208798e-15,5.6462738807993016e-14,4.3907257603540954e-15,0.48980955639781315
75,2.64862693037814e-14,6.196307508825199e-14,1.759121577604605e-14,0.4927306794339529
76,6.010892883681525e-14,9.103459872987144e-14,2.657337685084607e-14,0.5433899718766042
77,2.6365527458215435e-14,3.4625352539355955e-14,1.6134212141012735e-14,0.5077447237690649
78,1.945624560462114e-14,2.813019704052955e-13,1.7982739839450027e-14,0.48423482687285285
79,2.4028391749444833e-13,8.318970458486736e-12,2.8228779738472243e-13,0.47889171900424116
80,4.675913882650659e-14,3.078746500886532e-13,3.0943569161973736e-14,0.4799987017926469
81,1.1833672773508374e-14,6.809824443826675e-14,1.2510874284929149e-14,0.47896880751577553
82,2.6330403974675e-14,3.9534620335479986e-14,2.4041108173945736e-14,0.5081791353481094
83,2.927118356976369e-14,3.6623711287063665e-13,3.873095215009062e-14,0.47312412322753516
84,7.008200459670586e-14,6.704497974270811e-13,7.794428885259922e-14,0.4789091250360798
85,4.237379565059089e-14,1.3355764103303654e-13,3.5431391466183356e-14,0.5059740794327808
86,5.434769067477582e-14,7.67157000630545e-13,3.8788112510180414e-14,0.48324967279477277
87,3.238427595680456e-14,5.044446120636263e-13,3.5869377806088335e-14,0.4758522663558324
88,1.0352654411008901e-14,7.61377504239394e-14,5.916919073087422e-15,0.47162580019830785
89,2.2945165751465442e-14,9.725051277346239e-14,2.3700543333912562e-14,0.4776358517772678
90,2.9476680609603355e-14,6.093097123699715e-14,3.250561703675459e-14,0.5092758375041739
91,1.610683452093728e-14,5.6300042211764285e-14,1.4382422031049695e-14,0.4948926747638325
92,2.1088736667551082e-14,1.4438568083183613e-13,1.3892531097000057e-14,0.489775309318793
93,2.393328852456946e-14,9.204365375713047e-14,1.0476287979811059e-14,0.5177434751913097
94,5.69141154061886e-14,3.099274692332726e-13,3.114818523292885e-14,0.48911430402076805
95,1.7436228493428626e-13,7.172620740361471e-13,1.9693377534685331e-13,0.5175493079996158
96,6.521923774867442e-14,2.3386519869482915e-13,7.072614955266557e-14,0.4807474755081785
97,1.665765604833897e-13,8.228856183614224e-13,1.433542277817969e-13,0.5133417272212683
98,6.307789065499003e-14,1.9815886818296647e-13,7.18650375759626e-14,0.4887956282193045
99,1.089556963054978e-14,1.5410481702801767e-13,3.923511213703415e-15,0.4731387541469303
100,7.534351021998854e-14,1.272296169802068e-13,7.195514313038654e-14,0.5003031611277038
101,2.927807088723964e-14,1.0997101245683709e-13,2.7577862269119545e-14,0.4908759534959245
102,1.6241237981449223e-14,6.527361364868219e-14,7.343525525716925e-15,0.49722495637361136
103,1.180992178143617e-13,2.1662752479536092e-13,1.1267856348883223e-13,0.4968383314828316
104,1.900966630068422e-14,4.477871824459851e-13,1.5148922447302917e-14,0.4829843015442748
105,8.908179499516095e-15,8.802347943906281e-14,7.39156139996751e-15,0.48795616364204764
106,1.3420437239286282e-13,3.3993345728626033e-13,1.4604245868968138e-13,0.5245572650648682
107,1.0803545283406053e-14,9.626414877889091e-14,3.729102958380443e-15,0.48821617968987996
108,6.480221645452577e-13,1.2557549007346872e-12,6.36539992118393e-13,0.5202400624792063
109,4.975237940425098e-14,6.285378733033975e-13,4.6746052533951706e-14,0.48275572940838174
110,8.73272419677542e-13,1.100470329877516e-12,5.032363921567418e-13,0.5378866865750751
111,8.356231339336528e-14,2.2123265730983306e-13,6.429666099219842e-14,0.5144920287868444
112,2.196598116645575e-14,7.59966767216057e-14,1.974902097933138e-14,0.48568629903929833
113,6.9254215594219245e-15,4.1645643683729696e-14,6.243559647070479e-15,0.4782147837944649
114,3.915330726972112e-14,5.910219935413773e-13,3.467768404564584e-14,0.4767429475683457
115,3.172981714428892e-14,7.631960999089785e-14,2.264521350007456e-14,0.4812726304618991
116,1.5612843359500896e-13,2.9426016214534494e-13,1.2919144143758472e-13,0.5520141353183134
117,5.848440034383569e-14,2.4720598390887864e-13,4.386577349193815e-14,0.5075442502136867
118,1.714210953951024e-14,1.3642697933441412e-13,1.0742615512024052e-14,0.49142775529471694
119,9.528867095656323e-14,7.687275683525377e-13,3.798473524558223e-14,0.5247094615217065
120,2.116096072524088e-12,1.3340025435065106e-11,2.6522146087318105e-12,0.47991521566545997
121,9.548370423630224e-14,2.833406164185523e-13,1.0560425268124718e-13,0.49465148930430586
122,4.1994802744961546e-14,1.9322123227705327e-13,2.5658843470717453e-14,0.4764824066605797
123,2.581163344651141e-14,2.2054119172419428e-13,1.9595581286596203e-14,0.48864690596637955
124,8.018623029045827e-15,4.9846307804506036e-14,5.655785538272299e-15,0.4880291703471812
125,8.442855737005916e-14,1.2216129989899723e-13,5.605246073207958e-14,0.5201291749057418
126,3.3780563818918565e-14,1.0741400230455624e-13,2.065380691577504e-14,0.5017687595587631
127,1.7583778608755943e-14,1.5216694990440836e-13,1.2597827903199029e-14,0.4889726560064446
128,1.2305614594147161e-14,1.0271567205686939e-13,7.42717190134679e-15,0.489450802315514
129,3.3057555394102836e-12,3.085953221637396e-12,2.939526010998821e-12,0.5691419442344341
130,3.846497033803392e-14,1.815649621888393e-13,3.9186790110666234e-14,0.48094077486057357
131,2.895460083795533e-14,1.0059484869325447e-13,2.3927455807500448e-14,0.5209275846587843
132,3.597551832546873e-14,4.3034716309439193e-13,6.211028404309387e-14,0.4726383659533894
133,1.7947521050513626e-14,4.151659148401104e-14,1.7848354684566622e-14,0.4859626340865361
134,6.599033441925712e-15,5.314689796681769e-14,2.1988283251983604e-15,0.4827695331963696
135,5.501226885876594e-15,4.331677927740657e-14,3.322067047309254e-15,0.48239806489837067
136,6.726553741087395e-15,5.035353662471895e-14,4.408900853193907e-15,0.47904422406427327
137,5.24481128913101e-15,4.198735522560087e-14,4.794162787225987e-15,0.47913023082292056
138,1.122574993709015e-12,5.412147241528138e-12,9.228605976189272e-13,0.5501757900216034
139,5.2432258494393424e-14,4.5379922159367347e-13,3.699076241633135e-14,0.5092478054139065
140,3.666613579649924e-14,1.8316485068256282e-13,9.709801771731302e-15,0.48821105492315836
141,4.107793012324132e-14,9.177578362190692e-14,3.1171606571088976e-14,0.4891911248652832
142,8.87550865121151e-15,4.72850250727815e-14,7.343533410906601e-15,0.484992269011309
143,9.807473684289354e-15,1.1198343031736938e-13,1.1254578959383131e-14,0.47289282599667787
144,1.6477872810970986e-14,1.202504522719914e-13,1.727688985706527e-14,0.4783781585720135
145,2.5212333968091536e-14,5.753875883904487e-13,3.71185563723927e-14,0.4708910177812868
146,3.6995782484192407e-14,9.338578945627235e-14,2.487465907663629e-14,0.529339494451051
147,1.6010696298583376e-14,1.474414807588743e-13,1.1119472710987149e-14,0.47669804477518485
148,5.924541006586517e-14,8.376754327155908e-13,7.277065806190243e-14,0.4736813857576635
149,1.2955607895062884e-14,2.787397139153487e-12,2.745088162803229e-14,0.4639944113136153
150,1.6979353451767192e-14,3.0273057098305503e-14,7.19462402823913e-15,0.4977683587934735
151,4.959165067509822e-14,2.6727370183021107e-13,4.301333862035413e-14,0.5148213792734169
152,3.7568970584845503e-13,2.558775788127833e-12,3.472784820334934e-13,0.4715970350054704
153,1.535040758588786e-14,8.45197724519862e-14,1.6584790134705692e-14,0.480182010923636
154,7.83951102091893e-14,1.9800846571670103e-12,9.951270112016085e-14,0.47212682585522997
155,1.596879185662874e-14,3.708571262990305e-14,1.8651016799505707e-14,0.4975812780932756
156,7.1119813887546e-14,3.599796036805535e-13,6.858929653643708e-14,0.4706496405062353
157,3.552125911640444e-14,1.942567804047513e-13,3.7480844387212635e-14,0.5126313569584454
158,4.09998223057188e-14,1.7768830752228275e-13,2.2325856096443407e-14,0.49015375516446513
159,2.0160431495919315e-14,3.571676610097091e-14,1.395686673026272e-14,0.49976025946089064
160,4.048050282997711e-14,8.077036894383622e-14,3.9153721620007685e-14,0.4833991159346624
161,5.4701315807427636e-14,1.4092248488836434e-13,2.6382794530675546e-14,0.5049563306140044
162,7.267647031361382e-15,3.75205647770701e-14,6.4617466264815805e-15,0.4882280449357495
163,3.2299623167999314e-13,2.562030217116839e-11,3.969804383578953e-13,0.47512668546696657
164,1.7762234267216765e-14,1.428628777739486e-13,1.105285495547973e-14,0.48813381406580447
165,1.4951791650099765e-14,1.332769980118594e-13,1.2118953500482785e-14,0.480059030781922
166,8.11014724913978e-15,5.4871935141634614e-14,5.450338627203249e-15,0.48233097861539137
167,8.481121242815055e-15,5.296023504143938e-14,5.8264732645734846e-15,0.48260920685825115
168,5.1525861628747053e-14,8.569946950223976e-14,3.8214363111203783e-14,0.5316347075462545
169,2.8162693671919484e-14,2.869082487411857e-13,4.890647538773047e-14,0.505370681884233
170,1.2663171879903805e-14,9.129927718766145e-14,1.0384682870074574e-14,0.48721744029098774
171,5.758262997643703e-14,8.062061322939277e-13,5.5811704301600375e-14,0.48161197198787703
172,3.266579998191932e-14,3.283588854507584e-14,1.8549462192425357e-14,0.49643734167566433
173,2.765330530509776e-14,6.444221450921324e-14,2.086232018149894e-14,0.49175786976811653
174,7.0201345398067385e-15,1.5550694214342986e-14,6.452623457311429e-15,0.4863559633538898
175,2.9157170450318515e-13,3.818136302673835e-12,3.538597727471884e-13,0.509842925276098
176,1.482766669078373e-13,2.848120773975935e-13,9.489034266479357e-14,0.5728736064462282
177,7.609067284074308e-15,4.959263685787705e-14,8.40299402278115e-15,0.48472108376881806
178,7.565962439213555e-13,2.293191045306478e-12,7.829448913469119e-13,0.5629332193413574
179,3.5041208846729133e-14,2.650315809545614e-13,3.1938243659913886e-14,0.4842958270357485
180,5.856560462743037e-15,1.960850195864347e-14,3.4654353774176297e-15,0.48680166489284604
181,3.703570090283367e-14,3.7176646161227467e-13,3.162450280338589e-14,0.4855862813143176
182,6.287211003052325e-15,3.163835445184367e-14,4.878042399584368e-15,0.48775097695342995
183,8.110032657236205e-15,7.075242480153012e-14,5.104682225832557e-15,0.4795509644834965
184,3.286888639553503e-14,1.232486885175328e-13,4.449226575334504e-14,0.5083251434873091
185,2.3640732943207462e-14,1.589664768023918e-13,3.79093417091672e-14,0.4793467367982885
186,1.459628366185898e-14,9.300885604546232e-14,1.326617926448672e-14,0.5014088075524341
187,5.632938546614958e-12,1.7396016081540095e-11,6.414833354969348e-12,0.5657024465079303
188,1.5601768458620953e-14,8.87158036379982e-14,1.3828683772906348e-14,0.48761352998262736
189,1.1300114473550937e-13,1.3402491138432268e-13,4.443296364161821e-14,0.5228523577970918
190,3.711678208005201e-14,2.3288572379945693e-13,4.9177436598392553e-14,0.4807109342193144
191,3.413145482442736e-14,2.0386966825237625e-13,2.2723601112641476e-14,0.5213094351438485
192,1.5628151526260426e-14,1.5195663363730587e-13,1.2373859319265788e-14,0.47616277797824297
193,4.719030625969751e-15,1.1694061247202438e-14,4.653074117684845e-15,0.49343948567693585
194,1.898780494587546e-14,3.000128936826544e-13,2.5124777832319776e-14,0.4676465009277308
195,4.501465665920088e-15,3.243612664400639e-14,5.089786379970093e-15,0.4879089033762284
196,6.971065718201654e-14,1.8536365151314211e-13,6.37331129658115e-14,0.5148291024783248
197,8.403606605155195e-15,5.446828781303335e-14,8.038557394444664e-15,0.4773056895155605
198,4.242920569230226e-13,3.6695253923469575e-12,3.1565934350253064e-13,0.48075461467160496
199,1.4052921229891396e-14,6.572629943541505e-14,1.1515170478647005e-14,0.47892328056841504
200,2.1980503630507194e-15,2.9564549689752495e-14,1.6859543710710943e-15,0.4814724028115961
201,1.5862579842827067e-14,2.6930783799120596e-14,1.1783379503936872e-14,0.5031860128710832
202,7.663146960775679e-12,1.598704327565761e-10,7.705822102475091e-12,0.48772831104215586
203,4.7317135225486384e-14,6.297826445230465e-13,2.1206163291207913e-14,0.46555268715674175
204,2.7288752627997898e-14,1.253540889421946e-13,1.9676643854343826e-14,0.4892316354333161
205,8.092633350378886e-15,2.484131153217054e-14,7.687073459238807e-15,0.48988217029582304
206,1.8223653829750746e-14,1.008869984820904e-13,1.299940400924363e-14,0.48347829722624736
207,2.1244692309822436e-13,1.0740031993597098e-12,2.0540201585708729e-13,0.5152536542191228
208,5.8735094304802e-14,3.567131891047716e-13,5.351398742879366e-14,0.5230423392702506
209,6.720738469551045e-14,3.001435274759321e-13,7.368977842204552e-14,0.5172505767779512
210,2.7992927246500007e-12,7.43871167965549e-12,1.332812478243243e-12,0.5199989506178099
211,8.579490616945187e-15,9.561920487401714e-14,5.465361300280515e-15,0.48024150027267754
212,1.4679551510165415e-13,1.409455089096813e-12,1.9001719100467626e-13,0.5471160664550553
213,3.951100434377002e-13,7.709816328299203e-12,5.103884931210137e-13,0.49661447767975914
214,1.102603667333859e-14,1.0516176174681755e-14,8.385262345904235e-15,0.4930738258011843
215,1.045533865895639e-12,7.052325596225591e-12,1.6225413456940536e-12,0.48679908754929785
216,3.234833022035361e-14,3.3407731177046403e-11,3.5324213800745924e-13,0.4595822219765978
217,4.7675565808603376e-14,3.808340669368065e-13,3.782053252777455e-14,0.5024078841670416
218,7.86964684707277e-14,1.2097272416436702e-11,1.3800672010425166e-13,0.46315393948571
219,6.026198644823466e-14,1.5130652567562115e-13,4.6668558754570124e-14,0.5072961759567989
220,9.132797215553052e-15,6.438739197397497e-14,9.3959081276079e-15,0.4763735903532506
221,4.1821717463989865e-14,2.540211433922065e-13,4.2926178211461777e-14,0.5093114439419878
222,2.536036109667967e-13,7.858319092897666e-13,3.260736271602186e-13,0.5375940008430916
223,3.599339664279367e-14,2.1687209589411413e-13,3.430526593052042e-14,0.5187732550202782
224,2.228474347640984e-12,4.508147036512078e-11,1.3770502996096508e-12,0.5047064661550393
225,1.3935422369240389e-14,7.157559127036177e-14,1.2066648238165919e-14,0.4863193205139396
226,7.044840934902763e-14,4.829202577397145e-13,4.6219578863962374e-14,0.5025120469403191
227,1.6784163755667797e-14,4.3138435329692776e-14,1.1442285970645484e-14,0.4907506421854123
228,5.538931982485764e-13,5.121098129413714e-12,4.644691793836291e-13,0.4761001694567312
229,3.424181390753105e-14,1.6332811094448112e-13,1.4379146020259005e-14,0.48841808998458874
230,5.396469971348548e-15,2.185773768633662e-14,4.990832557710795e-15,0.48824248891251043
231,9.850193225886435e-15,1.2237471859758616e-14,6.021315310612525e-15,0.49173693946759156
232,1.1914122895908602e-14,4.6399245354752794e-14,5.9832160540455345e-15,0.4756032075176336
233,1.1142329615771634e-13,7.170019844035623e-13,7.753148350630879e-14,0.47580271299966626
234,1.0392033461248643e-13,6.237441564955913e-13,8.506491869867249e-14,0.49264378075858983
235,4.329010315711796e-14,2.147084120145423e-13,3.361729890989878e-14,0.4840316443785923
236,3.2684301578063837e-14,2.0504808552841456e-13,3.042568216957307e-14,0.4958383104334644
237,2.3504940161035086e-13,6.084398799328214e-13,2.0812628105727781e-13,0.5315211231372814
238,3.742026230273017e-14,5.6530769145769297e-14,3.266434717245878e-14,0.5004210322626023
239,1.2372338121445908e-14,2.414792669713421e-13,1.2734305753601239e-14,0.4754660243735998
240,1.3262530515512045e-14,7.236615809806518e-14,5.921912797647959e-15,0.48787939500107314
241,3.9769236773126856e-14,3.6207783879469207e-13,3.7084234043737976e-14,0.4861212449148297
242,1.3390457662406647e-13,2.4501884252922274e-12,1.716895634390668e-13,0.4690395617137256
243,2.4975768735306514e-14,4.6614793686494236e-14,2.4653280510264125e-14,0.4940564136551984
244,1.4351984902807303e-14,4.9993986244579885e-14,8.198855908479081e-15,0.4993210451575578
245,7.928796794271582e-14,1.5809351166312106e-13,7.175131459952501e-14,0.5180063038693333
246,5.275289030141656e-14,1.0110972486667415e-13,3.145280766844411e-14,0.5124408304869575
247,1.587310551522731e-14,5.687126689762924e-13,1.7727280081885095e-14,0.48551562527754866
248,5.323137895084721e-15,4.514802298074994e-14,3.4817719173477718e-15,0.4865715725041809
249,1.5318819509781253e-14,2.4053029288153533e-13,7.260620313576228e-15,0.4730261418651935
250,4.74890379421103e-15,2.9912338487983226e-14,2.9412354355222193e-15,0.4802709800384036
251,1.8479755665896557e-13,1.0834258170515467e-12,1.7201078712755202e-13,0.4794257531262701
252,5.945540839452287e-15,1.3850344899377668e-13,6.372756097811528e-15,0.4813950308755011
253,4.216301615667846e-15,2.421863787303801e-14,2.344901796306004e-15,0.4883520413721271
254,2.4071754673710956e-14,5.71542780571134e-14,2.12586104070005e-14,0.49434738415802715
255,4.152812536971435e-14,8.585218802968642e-14,3.6429907669051324e-14,0.47527678048500094
256,8.86985418062587e-15,6.316906665043254e-14,4.580637634501097e-15,0.486220643811248
257,1.1667002186149227e-14,1.2483491405465223e-13,6.7102293550844455e-15,0.4723332707995723
258,2.98214181015622e-14,1.9770876048559672e-13,2.306909563592621e-14,0.49506906712122145
259,1.9409913321042744e-12,4.6164833500098406e-12,1.8251036761274036e-12,0.5224646182086872
260,3.5523572999288426e-14,1.6456130616544184e-13,3.415279122102155e-14,0.5202822828076024
261,2.0737463523693605e-14,1.415461315946963e-13,1.0015300788169686e-14,0.48273396767144733
262,1.216234124428019e-13,5.540036406806653e-13,1.1207565778624001e-13,0.5459497897325492
263,2.448198467753903e-14,2.1632707012110265e-13,1.236551241756814e-14,0.49105205892865345
264,1.851936755139585e-14,6.194097191021987e-14,9.082516129929536e-15,0.48217582778470386
265,3.475025209839068e-14,2.0387592012740415e-13,2.1982591985033714e-14,0.5113450824963366
266,1.0272986910918808e-13,1.760271910953777e-13,6.257641993266982e-14,0.5022416291072659
267,1.2351616507919556e-14,4.722367633077486e-14,1.169882078744839e-14,0.49176848419192537
268,3.494346981703293e-14,1.9636198439933641e-13,3.665677225290362e-14,0.4805129351827418
269,1.7421370155997265e-14,1.1389754944608217e-13,1.5575061884957963e-14,0.4864617132505373
270,2.5373250106447106e-14,1.423138737872177e-13,2.5014797949464696e-14,0.48328257722569107
271,1.5025752217084532e-14,2.384688863983698e-14,1.4217605605781776e-14,0.49664564597369465
272,1.4327335235314905e-14,8.765165530048042e-14,1.4705179270619458e-14,0.48369818077535454
273,2.2965344705233667e-14,3.3244945090509065e-14,9.419473027896466e-15,0.499022630764739
274,2.1992624277178958e-14,9.434503695745437e-14,2.0241053484058324e-14,0.4893901333853137
275,1.6325092896617712e-13,6.68131321226054e-13,7.704755005400377e-14,0.48846528748599666
276,1.0525686470534249e-14,5.544221175685666e-14,8.81375902723108e-15,0.4881380506321875
277,1.7411415005843382e-14,7.458940682883575e-14,1.3769854380998368e-14,0.4960102176381042
278,5.7826519833487325e-15,3.769793669305955e-14,4.100658557275307e-15,0.48810146029027235
279,6.73287392110682e-14,7.37621790902504e-12,1.2090656603191457e-13,0.466092864950042
280,1.0100092904320171e-14,5.543803316459103e-14,5.268629422365726e-15,0.4929079417721368
281,2.8965404514035715e-14,5.988173092087188e-14,2.912430451487001e-14,0.4977359839256678
282,4.077849014131002e-14,1.6892083861964713e-13,3.357883508281932e-14,0.47785156271165763
283,1.48305621019494e-13,2.7559765078020046e-13,1.263840568868166e-13,0.5221450429573451
284,1.9752751484864408e-14,1.3341435642829127e-13,8.104112256216455e-15,0.49166086722834734
285,2.6067395318689173e-13,1.2887900559440024e-12,2.2137175295257608e-13,0.5487708890967042
286,9.974902713070246e-14,6.156733544608077e-13,1.1518902106182633e-13,0.4843753916775313
287,1.1354421876418998e-14,1.1575456152605922e-13,7.486215236594612e-15,0.48569459705613555
288,2.676037432829543e-14,1.508087887351642e-13,3.269525346317952e-14,0.4748471531889663
289,2.4768140229525077e-13,8.046577687141231e-13,1.392535807204678e-13,0.5542202990109217
290,4.588702711710352e-13,1.5304375086820423e-12,2.334806169358409e-13,0.5430606316156628
291,6.19306751246717e-14,6.24392806484746e-13,3.727126262301676e-14,0.49123239259279217
292,5.6461862840596706e-14,1.3975076707732414e-12,6.51880791636632e-14,0.4761508552130181
293,1.041439656030681e-14,5.706835339276995e-14,9.49528800806774e-15,0.47877615442557725
294,2.1137869337034745e-14,4.6324128857754936e-14,2.0245270666981837e-14,0.5056599149585963
295,1.6793885192613575e-14,3.826505345264793e-14,1.1877736621786211e-14,0.4932260727795438
296,2.886792788932457e-14,2.648795526242169e-13,2.0201811544016937e-14,0.4715861480090098
297,5.3121822120039745e-14,5.891035088572989e-13,5.6311653850591746e-14,0.47226884827832694
298,2.4357472121222236e-14,7.212840815763404e-14,1.9247500072120392e-14,0.4734277142064457
299,1.3652397090545877e-14,9.806551497201953e-14,1.3063030129366843e-14,0.48027743522889066
300,1.655870209711758e-13,1.9771828106497567e-13,1.6191543712975264e-13,0.5071181768660609
301,5.3700461679841584e-14,1.1804343509424574e-13,5.4315619871654706e-14,0.4973445693653048
302,1.6053970057280172e-14,1.582960384317458e-14,1.504512802383272e-14,0.49526520558174525
303,3.077778634698566e-14,8.639248712408638e-14,3.129466252399338e-14,0.49908769827834476
304,2.7063681103522807e-14,1.131418526814351e-13,1.897289120584131e-14,0.4754824308187381
305,5.053993177397503e-14,1.9875269645392738e-13,3.152736016663289e-14,0.4819353696217149
306,8.167345987595996e-14,3.279733832128759e-13,7.38250329436955e-14,0.5178653078277421
307,1.3214294218960278e-14,1.2703492296774873e-13,9.95471426791371e-15,0.48846937313792294
308,1.211118976951611e-14,4.5458705025592575e-14,1.0152940109231699e-14,0.48654042039888734
309,1.9061783583819592e-14,7.958544369814695e-14,1.5134895449250697e-14,0.4785055100459431
310,2.4984652587059626e-14,1.8263283134369943e-13,3.11560212198461e-14,0.4788461037967863
311,8.877077773535851e-15,3.621282435572567e-14,6.1110553939451395e-15,0.4814800071697391
312,8.868114079842104e-14,1.500493690328578e-13,4.5401586267708795e-14,0.5042235265154886
313,1.0418889020870162e-13,1.7545132121515736e-12,1.3030330635289876e-13,0.46974032041816827
314,6.920617421637171e-14,2.5264336131779507e-13,5.507363967041591e-14,0.5104429917788366
315,3.11676463657433e-13,2.1749714327684005e-12,1.11835996821297e-13,0.4883302191918119
316,2.9458497131012814e-14,3.1152928387792524e-14,2.3600263369700103e-14,0.49425619328067116
317,8.20107105983635e-15,8.942619995102314e-14,6.501757416280647e-15,0.47218130498840766
318,5.399255484204451e-15,6.850004216681493e-15,3.969461512473864e-15,0.4889284941920778
319,2.148452232180593e-14,3.81228431876314e-13,3.5820727718636887e-14,0.46774858637654687
320,8.711261525037724e-14,4.5224072894403524e-13,5.741551199437308e-14,0.49205803134645976
321,4.74765696026242e-15,3.454801944503568e-14,3.4744978513474075e-15,0.48197482960749766
322,1.0524059957823793e-13,6.851703032463645e-13,9.420290461517936e-14,0.5060334048361256
323,3.2307545608431166e-14,5.188259142153574e-13,3.454337517267585e-14,0.4720265836862382
324,9.095390275338594e-15,4.624061296355201e-14,4.229970303690047e-15,0.493725513291065
325,8.88715986592563e-15,8.970900204019661e-14,6.254116683912941e-15,0.47548077828178065
326,1.540560469548144e-13,3.134297941497618e-13,1.3795476149502027e-13,0.4992403859778278
327,4.732847192406975e-14,9.128491631356052e-14,3.498960385357027e-14,0.49409694441928875
328,2.2966883834797978e-14,5.905117712457671e-14,2.4338633957873543e-14,0.4851040059509614
329,9.421376885980344e-15,1.533279626486375e-13,9.309427223906511e-15,0.4787105656490894
330,1.2813685914515022e-14,7.645341617191784e-14,1.2093756481236375e-14,0.49831185460061533
331,1.126425089621157e-14,5.890731376254658e-14,1.0012680639003203e-14,0.4952363112737658
332,8.163056387396012e-14,3.7461261993681223e-13,6.015070808736828e-14,0.49577891512999483
333,6.763482532446531e-14,1.6189961482213102e-13,4.514438115856189e-14,0.5019296786962514
334,1.9057041180847043e-14,9.88686006421772e-14,1.9474642656766672e-14,0.48377900976174715
335,2.2261007139493403e-14,2.8507316286358205e-13,1.2935872437153916e-14,0.4763561602700065
336,2.60985190417585e-14,8.25965393426879e-14,1.4654298742918632e-14,0.49186939773899213
337,3.4438489975546092e-15,2.415928891674159e-14,1.7215877479877662e-15,0.4880747137232902
338,3.986172179118836e-14,2.5856236789861397e-13,2.288180400491857e-14,0.4830380636478367
339,1.1547755864614548e-14,9.380222022032984e-14,7.774213972736008e-15,0.4832852134381028
340,1.0373413041040399e-14,4.099080919367704e-14,1.0233830473026286e-14,0.4879900097295831
341,5.686981969519393e-15,2.2483057157161922e-14,1.9258504475620804e-15,0.4879550544226731
342,1.4846571116966852e-14,9.739762355855797e-14,1.3581996453306016e-14,0.48749742043764854
343,1.8612638351877008e-14,3.7338765486824653e-14,1.772872038372422e-14,0.4906485377829085
344,1.6584617027937543e-14,9.483423210325159e-14,9.858642413041114e-15,0.48684230973412923
345,8.84076587067121e-14,8.312648581119524e-13,6.526034959029614e-14,0.47837232754172876
346,2.7534541091789438e-14,7.583933356930212e-14,2.4320484813269813e-14,0.4982959730703442
347,5.591047080941961e-14,2.2018793168243503e-13,3.163843871981946e-14,0.487633497398383
348,4.7478321273977144e-14,1.0234928079347317e-13,3.342314576077998e-14,0.5246464860705601
349,1.5487348002883657e-13,5.342755353756629e-13,1.405966070713372e-13,0.4999838076702872
350,6.814927833400381e-15,1.2786935495829065e-13,4.51072274998526e-15,0.48281867715140836
351,2.6654809818651007e-14,7.980797192490775e-14,1.90710182583443e-14,0.4963054988027579
352,2.846597173734106e-14,7.635183956878391e-14,1.2960535995094748e-14,0.5013908138353145
353,6.199645498726217e-14,3.0015634612430004e-13,5.262382765610982e-14,0.5331689590984752
354,1.2095316173078072e-14,1.0454395259388489e-13,1.0421392067864776e-14,0.4798787370809805
355,1.9347832130787133e-14,6.778920263515764e-14,1.9811428543603164e-14,0.49130232918905675
356,1.1648929126860741e-13,6.592136490618022e-13,8.186229991314281e-14,0.4737070154466892
357,1.0360609552599698e-13,3.800209051088749e-13,1.0542692180984622e-13,0.4992732862094272
358,6.9341718340492e-14,1.8668903739299488e-13,8.069133629289399e-14,0.4881397604067388
359,8.033253715311136e-15,6.991720877796943e-14,8.51490161311099e-15,0.47855477151679227
360,5.8493650151577406e-15,5.799987808375124e-14,4.07241779906076e-15,0.4832424808510041
361,1.5538303202175974e-14,3.938502521580088e-14,8.303597380611063e-15,0.489781813657828
362,1.2746455078729374e-14,9.301117187098236e-14,7.028726818172146e-15,0.47578824683041604
363,1.6970369660890403e-13,4.3160993395596423e-13,6.20116654239457e-14,0.51022217978134
364,1.251442230882821e-14,1.2873304431813602e-13,1.2024849047953094e-14,0.4711563132048468
365,2.7862619215920105e-15,3.010139144851199e-14,1.3568517815367527e-15,0.4906804117043066
366,1.0647128037629364e-14,5.06043264007826e-14,6.866877588982663e-15,0.4824737417518918
367,3.8665945330676303e-14,1.0814167471769088e-13,4.15810260734526e-14,0.49600420252318145
368,1.110064435452859e-14,3.679684145611134e-14,7.838163039546685e-15,0.49356064106759734
369,3.422691818217366e-14,5.022600147602361e-13,2.0505805809343013e-14,0.4862720065841131
370,1.2913881110730476e-13,1.3375152744516367e-13,8.855433102659025e-14,0.5076786042296589
371,5.699890694890384e-13,7.340550588041508e-12,3.769585268902289e-13,0.48375189711805433
372,4.371091496888421e-13,2.905090047457425e-12,3.3306327348686156e-13,0.5169038446238119
373,4.193021332737247e-13,6.057272405653742e-12,7.545562682195664e-13,0.4696625291453529
374,5.0205408139729274e-14,9.996463114490744e-14,3.439329564193471e-14,0.496225703786331
375,4.3464933802809206e-13,1.765207868493239e-12,2.5895947311271846e-13,0.548698142639114
376,1.1912576522896108e-13,7.181138710034319e-13,1.1082019198179798e-13,0.532604557594459
377,2.1023442061525963e-14,7.192028860431171e-14,1.8526825041448524e-14,0.49224669597751924
378,1.5665118474150107e-14,9.422942112820792e-14,1.9590622269163806e-14,0.4927226448591682
379,1.772190545379152e-14,4.72044311849008e-14,1.515554276046948e-14,0.4943879145950632
380,1.2501829386585454e-14,6.693210638159416e-14,7.656961877204455e-15,0.47577404517141986
381,9.629562170585565e-14,2.2729698900270601e-13,9.253371089117852e-14,0.5335736563585669
382,1.3302814175918693e-13,2.20546656363782e-12,1.6323420502061842e-13,0.4667709795006886
383,1.068935571884823e-14,4.471910879567916e-14,1.1742430275765955e-14,0.4881608117644646
384,4.969215617814588e-15,5.244847751701548e-14,5.6264558508112885e-15,0.4853044643832618
385,5.022257498136235e-13,1.4564950946052986e-12,2.771373817020614e-13,0.4876721180829918
386,1.779737503496614e-14,5.2866058905674686e-14,1.3193306865447843e-14,0.47416329351872266
387,3.158539432012966e-14,1.9601727144858695e-13,2.9560922255825143e-14,0.5216677319571318
388,3.9204270232699024e-14,1.1887936461749417e-13,2.778509895832643e-14,0.49405463875536954
389,1.3633385376586726e-14,6.595100635462555e-14,1.074227527345536e-14,0.49755029456118793
390,1.3037503490711865e-14,9.20550320881727e-14,8.482077691183339e-15,0.4874251946937875
391,2.6958313162495947e-14,7.316545083636258e-14,1.6809090446864052e-14,0.4984892682976351
392,3.783776476274107e-14,3.7382772738648194e-13,3.0238821455438964e-14,0.48380935459790636
393,6.707989886767262e-14,1.9516896249879045e-13,4.020649542459532e-14,0.5137681426176641
394,8.406537752903386e-15,5.696527880759325e-14,6.965761259696859e-15,0.4919888844666275
395,3.761169440723949e-14,1.4430432415692446e-13,3.0644083692919256e-14,0.49138960647069324
396,5.585436822581584e-13,1.1334533707705449e-11,1.1470165831402391e-12,0.46737404894993234
397,1.9490708015155627e-14,1.0772822536933045e-13,1.524120726914626e-14,0.4957173954706377
398,2.8416871946180695e-14,5.530665750019075e-13,4.581586852802979e-14,0.46921224936995715
399,4.315735747076249e-14,4.773084346292656e-13,2.652062715894631e-14,0.4919352583401633
400,2.628248783458598e-13,1.0718003457796602e-12,1.762274649811966e-13,0.5162983614294717
401,2.602080945590721e-14,1.722911363831333e-13,1.6680051183352174e-14,0.4925482381589973
402,1.5657082202221443e-14,6.098512197027858e-14,1.5305537680302016e-14,0.48614861961978023
403,4.3634969755415757e-13,1.464489441321516e-12,4.712269058337502e-13,0.5030229535484978
404,1.0046146321470951e-13,4.107820209259442e-13,8.87566379221116e-14,0.5150976877494031
405,3.0063681830723627e-14,5.317984536084527e-14,2.165027371036244e-14,0.49509482528847004
406,2.865879179333965e-13,1.1084173130124995e-12,3.0473394847195493e-13,0.5233524595267227
407,1.9333051892602855e-14,6.007046135104471e-14,1.8804983021584495e-14,0.48593053116910595
408,5.099380977372445e-15,5.1722224567109224e-14,4.540231849196992e-15,0.48492413797121114
409,4.2394259488257436e-14,2.714828809798607e-13,3.0726632577396875e-14,0.5118552328531223
410,7.192780661617515e-15,5.568945616432315e-14,4.189341190141269e-15,0.4849595967440109
411,3.0445036050422515e-14,1.1169118431701595e-13,1.751070289823565e-14,0.5025022686093508
412,5.878269539955784e-14,5.422241218730872e-13,3.299153799707883e-14,0.4821624599422648
413,7.141054996885847e-14,2.465536135923149e-13,4.7876177544092273e-14,0.5362504875301966
414,5.305318208647908e-15,4.2518833711531755e-14,5.069320823623629e-15,0.47577246783585
415,2.8011998248499628e-14,1.1194216692863123e-13,2.107501585255504e-14,0.47545289661520657
416,2.430908950508987e-13,6.743328741751237e-13,2.1476650992074734e-13,0.5334659086624015
417,1.7044041721426633e-14,9.423688799663216e-15,8.824187985344574e-15,0.49607382228532515
418,1.393112303567346e-12,2.450278894655412e-12,1.0597587202562357e-12,0.4978714106218831
419,9.634084999210985e-14,1.438811976137443e-13,6.458185771997979e-14,0.49620148542835524
420,2.6688147977565083e-14,1.9255276045655827e-13,1.894216947114554e-14,0.4699031910917256
421,2.6505612687611107e-14,8.573018572820934e-14,2.1290958641334593e-14,0.5082136915501906
422,1.424524467088615e-13,5.037084387917817e-13,1.7047098212568379e-13,0.4838430126123058
423,5.5474875657360405e-15,1.0447778540754971e-14,3.941758345777323e-15,0.4905340098754095
424,7.368071931623008e-15,4.663532233264421e-14,7.455646583160833e-15,0.4903144376557975
425,1.0646915129216887e-13,4.0231575921795253e-13,7.983414222501154e-14,0.4896132105954166
426,1.7617611771352995e-14,3.577124191918249e-12,3.84161193579469e-14,0.4641451474297355
427,3.660792615191228e-15,2.734139484218208e-14,2.076309855670178e-15,0.4853995960831526
428,3.148996833828773e-15,2.337605290488373e-14,2.2835144788644027e-15,0.4835281542735174
429,4.0538083200130693e-14,1.7890941416861518e-13,2.405159260310103e-14,0.5261886075244547
430,1.7068998302452588e-14,2.3316179906507596e-14,8.707554098871356e-15,0.49970237738016293
431,8.109321684150197e-13,9.260399794099291e-12,1.2518821711961772e-12,0.470679536683383
432,1.6947873534193527e-14,8.144818461650961e-14,1.565227145250504e-14,0.4856292274678708
433,4.4849505272622743e-14,5.326124614774524e-13,6.805368198590195e-14,0.46918073235174235
434,3.254817369675322e-14,1.6677581986024638e-13,3.0810175166114275e-14,0.49188357453585924
435,2.312213854021973e-12,9.420686816509836e-12,2.338609083391011e-12,0.5079336344482727
436,6.344613725315394e-14,8.392617603483041e-13,4.221710480705873e-14,0.5032677406528819
437,2.907096089480812e-13,3.147343988934446e-12,1.9274177659845685e-13,0.47906419203754924
438,3.068660590522468e-13,4.444920764012512e-13,2.5307073746701514e-13,0.564938583006733
439,3.22109255194013e-14,2.691595544168995e-13,2.3783466465169012e-14,0.4781961493219569
440,5.34291855189948e-14,1.2242435975353173e-13,3.007851157654122e-14,0.5172762162123036
441,9.239674445562803e-15,1.3957203411895382e-14,8.182357800463689e-15,0.5014926676205504
442,4.060354695846712e-14,5.251591951682994e-14,2.987199100082991e-14,0.4855483905377696
443,1.9554693215956375e-14,5.920935763090532e-14,1.668384497321781e-14,0.4803123962072277
444,2.2525187495175133e-14,1.1659043079119033e-13,1.4764290423148457e-14,0.49709561412819314
445,5.29614023889256e-14,3.2364633183448433e-13,4.200236890308207e-14,0.4724405467237375
446,2.0893476903718862e-14,7.32732417620557e-14,1.6236497114075713e-14,0.4879024551471957
447,1.2668483145568068e-12,5.784382752466533e-12,1.351255754551806e-12,0.5440869869824383
448,2.09096030518558e-14,8.935356311475091e-14,1.5685743386111425e-14,0.49101285017604823
449,1.3131391076307617e-13,5.014944362968796e-13,8.30910843246217e-14,0.5043433141378045
450,8.972880716060972e-15,6.11742877042401e-14,8.424407818636252e-15,0.48026575131807475
451,4.684614853652631e-15,3.612310305784314e-14,3.0210243927187373e-15,0.488206818855906
452,5.482102781422121e-15,6.201977517373385e-14,6.3190561917433736e-15,0.4769357661083632
453,1.853469798576818e-14,4.424002397522129e-14,1.1813911613777464e-14,0.4822664171071665
454,2.768842282102812e-14,8.733514053692795e-14,2.3015064542969665e-14,0.4895278304336898
455,7.581571659247383e-15,3.832556819101466e-14,3.4930862481667437e-15,0.4858316633719369
456,1.6604114030833406e-14,5.5012424579619055e-14,8.693621253627883e-15,0.4953451667501213
457,1.43536558121203e-14,6.215329093273089e-14,9.739585481590765e-15,0.4836198115966909
458,2.668104643298854e-14,4.1864414741154755e-14,2.2472222662764432e-14,0.49332144641157355
459,5.865340251580776e-14,4.34839126242767e-13,3.428516663517315e-14,0.4821376715437509
460,7.041876545567355e-14,1.93057330804217e-13,5.957474933391956e-14,0.5088857446335169
461,1.3208915693238418e-14,4.8192721509391654e-14,1.2316337910991939e-14,0.49165229446662123
462,2.8562355079057165e-14,3.9619485509143384e-14,2.6160968319122167e-14,0.515435709551457
463,2.3001709469565918e-14,5.5088738978823674e-14,2.1983224060036226e-14,0.49811245289711226
464,1.2287954717964415e-14,2.8727108666987144e-14,1.0930837654043633e-14,0.48795744745966657
465,2.076885483150495e-13,2.9776208351373865e-13,2.321370317677863e-13,0.5295495575424866
466,3.5403949047372856e-12,1.1021286915632414e-11,3.5323377789848022e-12,0.5233923844691162
467,9.137270575313999e-15,1.5691991252364052e-14,7.709384333826663e-15,0.49670659450639504
468,1.0832550928674585e-14,6.496699707772954e-14,5.9364916309636575e-15,0.477155654246053
469,8.968281949875473e-13,2.869363701349184e-12,9.315263155457734e-13,0.4895333055903393
470,2.9004387622704985e-13,3.272234831958809e-12,2.0653234710935346e-13,0.487551656501455
471,1.3144857767072077e-14,1.5430654580795574e-13,5.52614990119227e-15,0.4797722855963002
472,2.497881538236241e-14,7.242542993741336e-14,1.7983474418871615e-14,0.47907620447440424
473,4.441272877751463e-14,3.693162337179063e-12,4.54991936698975e-14,0.46782713930188036
474,1.2588068820372307e-14,6.774330944121033e-14,7.90913542163842e-15,0.4851253353495849
475,1.4234432347373287e-14,8.290785278566803e-14,1.1480470045652742e-14,0.48383381667681535
476,5.480421487173598e-14,1.2599763771067566e-13,2.3015825596448763e-14,0.5283737064612068
477,2.9069623989107933e-14,8.28381625914563e-13,2.5980336552143522e-14,0.46752684539023903
478,5.80740289040312e-14,5.128895171965033e-13,5.115533648314209e-14,0.47342947142606134
479,2.0141221504949314e-14,1.7756553549190637e-13,1.2061364018069162e-14,0.48432364413747564
480,2.1661269226529983e-14,3.150187221224949e-14,1.0147334222668778e-14,0.494345991710361
481,1.572419780882685e-14,2.7903352686075256e-14,1.3034504186367459e-14,0.48778527709437186
482,2.6224736485652633e-14,5.193647129944079e-13,3.500767727972706e-14,0.47043065078360086
483,9.050960365377087e-14,2.1228770440606024e-13,8.128830417431338e-14,0.519767502979812
484,1.0873743223419144e-14,6.414009347709569e-14,5.709987165825286e-15,0.4806539113744293
485,6.276712551021328e-15,1.217218300896762e-14,4.217816948236581e-15,0.4881201210633662
486,1.9616521638800432e-13,8.073121757897403e-13,1.6569432434912222e-13,0.4862618733670388
487,3.122329287170099e-14,1.3450279993630718e-13,3.5633136123400513e-14,0.4896306125552655
488,3.791587427365519e-14,1.2072815075842738e-12,2.025106590269884e-14,0.4715274404981756
489,5.1025187106777814e-14,4.274115875982848e-13,5.231402662633604e-14,0.47176144450750146
490,1.4081025822022123e-14,1.5266381246089672e-13,1.4383784140257993e-14,0.4859438108596805
491,8.673282550695917e-15,9.578572880511706e-15,5.514144426739354e-15,0.48850599916204374
492,1.9190443631311515e-14,8.187776804871516e-14,1.9479000606691676e-14,0.48660065718686385
493,1.6749421629962204e-14,5.069487112620863e-14,1.3060785758721124e-14,0.474970577955537
494,3.43965698846138e-15,2.2671681352745925e-14,2.5490137295054896e-15,0.4880548241069846
495,4.165828797279762e-14,2.6754936161983756e-13,5.472738885200763e-14,0.4732029666112794
496,3.8544290524261335e-14,3.129907967104468e-13,3.641224610184405e-14,0.4885637816474627
497,9.033062987873313e-15,3.843202526455903e-14,5.254432069517848e-15,0.48671407352012463
498,2.6179559437158096e-14,1.3326131794902003e-13,2.3950594781160624e-14,0.5055476778841694
499,2.592121611589873e-13,2.008454085702389e-12,2.2365067501465178e-13,0.5191246418453375
500,8.26650432776095e-15,5.587946965694562e-14,3.4454292355520912e-15,0.47987676414686575
501,4.013915836911418e-14,1.8955845840485169e-13,3.495572095041115e-14,0.49199210838432916
502,8.292067311216427e-15,7.28830688449838e-14,5.2935052271706584e-15,0.47484002214914656
503,2.754533330103028e-12,3.8797055806598844e-11,2.7245300384970304e-12,0.5215935368614737
504,1.3392569766602458e-14,1.7708830951391736e-13,9.192636603397509e-15,0.4909173104140791
505,2.2558427525114933e-14,9.126302028483564e-14,1.750408909478949e-14,0.48941355012138954
506,4.182449410396023e-15,4.102810894197631e-14,2.8440708296911096e-15,0.47599016720942017
507,7.840294227487953e-15,5.723661829215408e-14,3.4979642205693487e-15,0.4829217623517252
508,1.5054286133955837e-14,1.325045229116925e-13,1.8249210503982663e-14,0.4771226577404377
509,6.475097229830214e-14,4.0841749283181554e-13,5.162444302043954e-14,0.5259035364888405
510,2.231337961888832e-12,2.1082962432904483e-11,1.5764412571584212e-12,0.4980625095366122
511,2.1576919769887728e-14,8.701792663052962e-14,1.7726050320690735e-14,0.48826492331936605
512,4.577876323470247e-14,1.1737926254456423e-13,4.222118922521703e-14,0.48506197872175105
513,3.152767186927939e-14,1.6017195375022912e-13,1.9606068086104505e-14,0.4985667831289902
514,1.3926823389606143e-14,8.493026854033832e-14,6.494622176563763e-15,0.48052953842197893
515,7.21906947962858e-15,7.969169440256767e-14,3.4674011891549163e-15,0.483109947587036
516,2.9448276715895403e-14,1.7873063314541475e-13,2.3653376322218214e-14,0.48560195178524734
517,3.915194190868512e-15,3.0513430910915524e-14,3.105557839263163e-15,0.48194393997146107
518,4.6962919255741834e-14,7.149409798053478e-14,4.46656190263732e-14,0.48909584400425954
519,2.736600617676474e-14,4.7094829736894844e-14,1.5010901135534933e-14,0.5289958253775694
520,1.1780454359560115e-14,6.524481848627461e-14,6.988407396525774e-15,0.49526114620166484
521,2.4482083940063097e-14,2.049780309157531e-13,2.30233734840142e-14,0.48832354193473293
522,2.4936445010234207e-14,2.1971645742456332e-13,2.437689757094106e-14,0.4825693797407439
523,3.2588691469310485e-14,1.2799063276845473e-13,2.9605998090825084e-14,0.4881046692402379
524,9.250953179157623e-15,2.8371298074894448e-14,4.789146460058888e-15,0.4886443902629253
525,7.557466460239585e-15,2.8835369364951005e-14,6.037703461429861e-15,0.48629340328716353
526,1.0226217795442574e-14,4.7755991805403046e-14,9.709199388157744e-15,0.48801116863287464
527,1.0969859624861502e-14,5.732399081472219e-14,5.417821596485068e-15,0.48299875109951246
528,4.994197512889621e-14,8.4355706604012e-13,3.28150986042945e-14,0.4776087656893651
529,1.0788014079624895e-13,5.682797629644919e-13,7.5428286793695e-14,0.5009109640504903
530,4.591296086369148e-14,4.4720669924866957e-13,3.3300248473173564e-14,0.5055190986007801
531,2.0179977594722126e-14,2.788587914858579e-13,1.7973088770853887e-14,0.4928958195507221
532,3.074420535702363e-13,8.399249351953082e-13,1.194426161080272e-13,0.5475944213441835
533,1.442705326635375e-14,2.7380489771650916e-14,9.839978345082113e-15,0.4866702685019845
534,2.9834030074232005e-14,6.012375680166525e-14,2.3694615808447637e-14,0.4879106621034225
535,8.825912196545988e-14,5.618460831222722e-14,7.162478939604159e-14,0.5014625950305345
536,7.711754599701638e-15,3.2118264451321047e-14,5.914446219119362e-15,0.48431810457059327
537,5.146038266730768e-15,1.862356688811157e-14,4.107813561888236e-15,0.4882640858206287
538,2.187233116131701e-14,2.774817461091586e-13,1.2609567056296781e-14,0.47112908493909345
539,2.4958390894136487e-13,1.776841620968763e-12,1.488756713242278e-13,0.4812904631413403
540,7.164411866188367e-15,3.026881163561454e-14,4.619602814712652e-15,0.5005341471838619
541,2.0512121869179853e-14,8.792898647442069e-14,1.8854923935707887e-14,0.5053828170985071
542,8.220440205655775e-13,3.1972658816046262e-12,5.328558137336925e-13,0.5411265683786042
543,4.0477103618649094e-14,8.192682826060964e-14,3.1773597491234095e-14,0.49165287226369403
544,8.5805727029803e-14,4.202937898851579e-13,1.0281847517102333e-13,0.4817001456463913
545,4.739956281110807e-14,6.91798866211728e-14,4.3384667574151426e-14,0.4962434264067269
546,5.081715522497949e-15,3.464155513094966e-14,3.5144465335319807e-15,0.48818641863945234
547,5.581774949765657e-14,8.819081421200642e-13,2.07112385996218e-14,0.48436589642860783
548,1.9495770809467322e-14,3.945420619045437e-14,7.64241498008669e-15,0.4974237876031111
549,6.581398934124406e-14,3.375675470082175e-13,5.465011409694744e-14,0.5009907987314364
550,1.0115903402835151e-14,8.091185960683198e-14,5.375356891014853e-15,0.4813063467448956
551,1.443627653607092e-14,3.5222574679523955e-14,8.843350540277814e-15,0.4912014037981862
552,1.1425176938866967e-13,4.400954190010244e-13,9.945332112585735e-14,0.4872573106731579
553,3.1750466466744324e-14,9.306184066498867e-14,2.6860659284269498e-14,0.48261207932846445
554,2.3865403085425042e-14,1.059832645321342e-12,2.2530322981404076e-14,0.4731770227852394
555,2.0464877342024688e-14,1.0747642116262382e-13,1.452295836466696e-14,0.4995108690658526
556,1.5461659256054975e-14,1.2609750081452012e-13,8.800528179524114e-15,0.48322944439387355
557,1.2269366140575045e-14,9.232858855208371e-14,1.3613953264382914e-14,0.47916145981253067
558,6.588975797461114e-15,4.954508307960747e-14,6.21404827373704e-15,0.48465392935777346
559,1.1965016263057744e-14,1.2836333898434216e-13,7.078889705872263e-15,0.5007973585994477
560,7.468668950195203e-14,3.1276146328116405e-13,4.2536746205421904e-14,0.4774919015411797
561,3.159057129952777e-13,4.007174379399802e-13,3.047884728749576e-13,0.5242865352443914
562,2.2241334695340193e-14,1.0361669103682943e-13,9.376748439414983e-15,0.5089622386105475
563,2.5723527362084043e-14,1.6719879840084207e-13,2.4495873599523195e-14,0.48585837146820265
564,4.102008687786884e-15,4.220982348799761e-14,3.417152724639715e-15,0.4869294806750986
565,9.027264143249128e-15,3.5950157583806255e-14,5.878491886633686e-15,0.48509325251288826
566,7.773062935366302e-15,6.450937438715531e-15,4.323140979839153e-15,0.4889154222826619
567,2.973560942213696e-13,3.3399390425544656e-12,2.469617585333736e-13,0.48825887066905127
568,2.8918245936328173e-13,6.982641524812348e-13,2.390558997210965e-13,0.5340225001327781
569,4.725907690216013e-14,1.3062211527222635e-11,1.3432508681400036e-13,0.46047371383101565
570,4.441830988706664e-14,1.052763646650131e-13,3.732837891331075e-14,0.47244719136178903
571,1.2516816882127401e-13,3.5155852664126333e-13,1.0883492723853356e-13,0.5383227533948229
572,4.616751647230428e-15,4.74140376695238e-14,2.5510902483202538e-15,0.4772626853697147
573,6.9617735773870454e-15,4.3677181627824575e-14,4.506637402963561e-15,0.4882780760543028
574,1.3779071116957219e-14,4.8986172734914106e-14,5.655404829404571e-15,0.5021194820543314
575,6.800361046413946e-14,2.1239788952334805e-13,4.216477660192132e-14,0.4891542060106076
576,1.137039186000312e-14,9.606067764297386e-14,6.472122224186667e-15,0.4938804430559685
577,1.1096046327093852e-14,6.647826936244678e-14,6.1376469694475146e-15,0.4922854019294391
578,1.4934587036221997e-14,1.7613406714643647e-13,2.9652125876144023e-14,0.47827960209360754
579,4.4753505866585375e-14,3.4349245387989625e-13,5.104435883075426e-14,0.4721898415380565
580,7.655512089769784e-15,6.714859420298139e-14,6.7152489201921995e-15,0.4890304956343243
581,3.9414804003706323e-13,1.06597811252209e-12,5.265859760061273e-13,0.5113430708449413
582,1.0192316644991698e-13,2.7790920541911466e-13,6.912388214029197e-14,0.49948273985210107
583,3.298055854137331e-14,1.832576453647205e-13,2.4071181277914918e-14,0.5090085431507759
584,9.073208835009484e-15,2.7963045668311002e-14,7.249860114741566e-15,0.49151809167888133
585,3.229624165969553e-14,7.597465733848049e-14,2.4132799824587234e-14,0.5285887734142307
586,9.505694491720838e-15,8.597017456249841e-14,6.6821254918667884e-15,0.4882340863478021
587,7.216634780255769e-14,3.1290902824809635e-13,2.967187479437743e-14,0.4937734445455135
588,2.2002146088713886e-13,5.383467518766063e-13,2.083506199335601e-13,0.5198889673760277
589,2.0106156352768408e-14,5.904060751960357e-14,1.81535023196467e-14,0.49118691409312304
590,1.3848606247850466e-13,4.0503357957460074e-13,1.0736306472166702e-13,0.5086797484823364
591,1.8538567680698617e-14,1.0340753812695816e-13,1.489613655158627e-14,0.4856806581203273
592,6.444508944818287e-15,5.2638785651191255e-14,3.2292763215112533e-15,0.4756856228981633
593,9.572071147643184e-14,5.680527488281911e-13,6.242561994003113e-14,0.4962222312187805
594,7.07986612888897e-13,1.5467288540561906e-12,4.392912143160084e-13,0.4923874338288442
595,1.2046130510077453e-14,3.6432299467932276e-14,9.993819127046071e-15,0.4846411529244506
596,6.642676175079811e-14,2.077173348780324e-13,6.352322125849028e-14,0.482741172662827
597,5.565751425495153e-14,2.1744310327961008e-13,2.4236124761356288e-14,0.49810355363078995
598,2.710900289772778e-14,4.373505760778467e-14,2.0767637305926064e-14,0.4856529135533492
599,5.15535917063677e-14,5.1279840813602495e-12,6.391840874463036e-14,0.46103547787970456
600,7.940854676691514e-14,4.0795876053904825e-13,6.63940033283338e-14,0.5003332160391437
601,2.5503898590828156e-13,1.1291421855343632e-12,1.7365961342924282e-13,0.5414212537099956
602,2.8394751746488572e-14,1.769983950008927e-13,1.5376812212289922e-14,0.49082817239941506
603,3.845604684019965e-14,3.1964609653115324e-14,2.9629912294110234e-14,0.49300563930228236
604,2.1334850645469387e-13,4.3907931154399584e-13,1.911455149090602e-13,0.5320290684438078
605,5.3957254175188324e-14,3.916377586768183e-13,4.9079276492597826e-14,0.48207237589522267
606,1.3672375463632334e-14,6.618658196385498e-14,1.4410920376426536e-14,0.4809745280303105
607,3.257140197252881e-14,7.761373120716081e-14,2.6260073775210604e-14,0.491587382545913
608,9.150428527056328e-14,1.0081726552378448e-12,6.112502240368948e-14,0.5017482517232565
609,1.3182220825819283e-14,6.786278927569642e-14,1.2282557895376695e-14,0.4860138282132539
610,1.0761205668502484e-13,2.424932818398011e-13,8.55336501153621e-14,0.5037497278986848
611,3.261907669902426e-14,6.351747729694214e-14,3.3185578373173734e-14,0.4883508733699273
612,1.1509827212986732e-14,3.551546497299085e-14,1.0369048983114461e-14,0.4883130804179018
613,3.426118365650761e-14,5.049675147114319e-14,2.9571102311901204e-14,0.5080738209318951
614,4.966404346674112e-12,1.598424332923611e-11,3.667256336036281e-12,0.49101444495172475
615,1.3983216657741976e-14,6.74170405227766e-14,7.147142744569847e-15,0.4827788477081413
616,4.1263431464398906e-15,6.732510444772438e-15,2.9976355313773854e-15,0.4881590105676878
617,1.3740570685117486e-14,2.711369869800358e-14,1.000377737783276e-14,0.4879270333587556
618,3.622659643590832e-14,2.112181482543631e-12,6.878250463206217e-14,0.4648586549275933
619,2.4331019186768362e-14,5.808407556213816e-14,2.061122780517934e-14,0.47659403834877595
620,7.565348291325139e-14,2.6148833098473647e-13,6.273295444800731e-14,0.4880745758251578
621,2.5309092097123596e-14,6.435941195541134e-14,2.1728848482929263e-14,0.47400690911963467
622,4.0642072247381564e-14,1.7365554087780214e-13,2.035219056626805e-14,0.5094063255273795
623,2.7468601495877603e-14,1.5052266993782348e-13,1.7878681330032824e-14,0.4759750574345162
624,6.823315722829333e-14,2.1726664576356064e-13,3.6790216639922956e-14,0.5037355643193223
625,7.85492349450953e-14,3.876996073902276e-13,7.641868897465575e-14,0.47907010323706345
626,1.1991071653167396e-13,1.5467380151634454e-12,8.697434251898636e-14,0.46828602870573377
627,1.899374477256482e-14,8.97276558072772e-14,1.2915484218294496e-14,0.47254286293937187
628,4.1096426025252324e-14,1.8662634954044356e-13,3.888816945152288e-14,0.4942623797189299
629,1.8325340128520637e-14,4.8538857404445065e-14,7.051013662277349e-15,0.49687047592087763
630,7.160060720103346e-14,4.1337144945020536e-13,4.474221307932177e-14,0.4884777767594642
631,1.6789404423035032e-14,1.202919727235071e-13,1.2281560801309737e-14,0.475696647310906
632,6.3741555025269e-13,5.499688401495611e-13,4.0968739549551094e-13,0.5612789820705075
633,1.1570317947329136e-14,8.760872691609349e-14,8.74418834256383e-15,0.4901724384730187
634,5.374554275433718e-14,8.029227126138191e-14,4.937073282199879e-14,0.4983382911548688
635,1.2560969876671798e-14,1.614602258104906e-14,8.744598689886792e-15,0.49353923615708484
636,1.3783881505992349e-14,6.352571346935239e-14,8.901479947553109e-15,0.49074111791669567
637,1.3617124215611524e-14,6.592710053734772e-14,1.2246866695115915e-14,0.4801566144422395
638,1.0616554565018055e-14,4.961483542336696e-14,6.923855823280101e-15,0.49111867531755704
639,1.4805194474692808e-14,4.9100233525629894e-14,1.2542379908990168e-14,0.49029913820922955
640,2.2596631046517806e-14,7.882510859028375e-13,3.824497549189905e-14,0.47012165212108814
641,4.7024773757205403e-14,1.8252200156687126e-12,8.709596280557993e-14,0.46731213811835914
642,6.542368914205648e-14,5.111971140100044e-13,6.637544115362137e-14,0.48037157941998887
643,5.769332463081277e-14,3.2139338236269943e-13,6.003701129612375e-14,0.47605324607720834
644,9.971941638034685e-15,8.14364194547385e-14,5.158340518289379e-15,0.4801097825420584
645,2.7001323103841914e-14,1.2051658272800565e-13,2.5082456870121986e-14,0.4991656113583304
646,1.0276698746801642e-14,4.58794890650064e-14,5.767247322317569e-15,0.48012131121213314
647,1.8525885637470136e-14,1.6872095390288247e-13,1.9291980879089654e-14,0.4711870617549721
648,3.0997909866745563e-14,1.991149530604805e-13,2.2450312978037698e-14,0.5098009499535692
649,5.542541614192806e-15,3.659617860070684e-14,4.0996011513695915e-15,0.4860978080541827
650,1.743247447728299e-14,1.2164968033076948e-13,1.1398764430111159e-14,0.47720596887775174
651,5.0674840223445873e-14,1.4370669762977508e-13,4.5938708315453135e-14,0.49697369792847895
652,1.0229677621366986e-14,4.3258048191195436e-14,3.4392875113945865e-15,0.48607075080108186
653,6.135615882401522e-14,2.3148865038105863e-13,6.291251265911754e-14,0.4998676117940704
654,8.598793333016243e-14,1.365667578487638e-13,4.206834619511434e-14,0.5369561053827056
655,4.3364046773887014e-14,1.118588842708176e-13,3.13225663291546e-14,0.4975279573529406
656,1.513896227643513e-14,7.30688933893575e-14,4.884433398103306e-15,0.48788829851673654
657,1.0638570341250945e-13,5.041937786373676e-13,7.581484409412361e-14,0.4793934713909039
658,8.422297578406049e-14,6.565497117764508e-13,4.756818529931162e-14,0.47583770186683977
659,1.4568134458188249e-13,7.583912520621694e-13,2.0748218799089758e-13,0.5146074562184367
660,5.4509326230316165e-14,3.290771498246874e-13,5.4069634972087444e-14,0.5117416654706176
661,3.073278141387408e-14,1.8863561723037474e-13,2.141024929815516e-14,0.4851839390794339
662,1.0549752946543052e-12,7.932668298496201e-12,6.174763576249564e-13,0.4885820573677847
663,8.599448473547854e-15,3.879341226070773e-14,6.664006980117688e-15,0.5062083256809273
664,1.6800862731783671e-13,2.2230351899995138e-13,1.5457103578902452e-13,0.48258965725608505
665,8.676172636889771e-13,3.1691589926315272e-12,3.7602521857381687e-13,0.5370015748518199
666,1.1619378099559122e-14,7.604137453686686e-14,1.2497011849638442e-14,0.48647159746942636
667,1.5421121831169583e-13,1.3792733962883022e-12,1.529045181458958e-13,0.525460987724
668,1.1650265225054423e-14,4.969112841439281e-14,8.540343040900122e-15,0.483287254334391
669,2.213791052622713e-14,1.242733126997501e-13,1.7063762500063822e-14,0.48807509121197656
670,1.391787974122435e-13,1.5563540364385736e-12,1.631436615843981e-13,0.4815104986577353
671,2.2362737982967472e-14,5.553640850321324e-14,1.5516950825781893e-14,0.4928245029557729
672,2.7847464584765617e-14,3.0169740145792843e-13,1.3542499378664179e-14,0.4763450864702463
673,3.4610384454301345e-14,2.0480202721614339e-13,1.9609808024831683e-14,0.48800512529196566
674,1.7027309285538393e-14,1.8996318090193258e-14,4.607207214666147e-15,0.5041544503452314
675,1.3717655092642233e-14,8.626972060492831e-14,1.2616710650423277e-14,0.48306558476651845
676,4.530601865197221e-14,2.1187537076666444e-13,4.081827498595763e-14,0.48812165877752706
677,3.223580321094448e-14,2.370413693330474e-13,3.075566466959578e-14,0.4910838745327055
678,5.873645238113247e-14,2.1888128827924082e-13,4.826606136394361e-14,0.47263799078828017
679,4.973449071613202e-15,5.180280283391833e-14,4.139853176587457e-15,0.4823786625014691
680,6.045497987323192e-13,2.7002503008345074e-12,8.679323647219636e-13,0.525976817652554
681,2.775292525265575e-14,1.2170759816028402e-13,2.918317691376977e-14,0.48884760164837643
682,2.3459367809895284e-14,1.1763422078449324e-13,1.7796426074921358e-14,0.48301627506898515
683,2.3293052722833743e-14,1.2675331399105332e-13,4.823757853329332e-15,0.48540721326862696
684,1.015900160362547e-13,9.14145831545414e-13,7.749152673702486e-14,0.4845934041644796
685,1.245406613798521e-14,7.698282573352247e-14,7.013197618677582e-15,0.5063915544254997
686,5.311150224444511e-14,7.361167335234409e-14,3.945964728893505e-14,0.4959188934695703
687,1.8982633206708392e-14,1.6887826854424566e-13,1.6380438239858884e-14,0.47329596276213126
688,8.379074635184633e-15,1.0991023044800952e-13,6.82319906838092e-15,0.47309395272677646
689,2.1841056148435073e-14,9.82885119129146e-14,2.1852925415371646e-14,0.4878011555523699
690,1.6716089452305975e-14,7.692643989972906e-14,6.502485190163122e-15,0.5005950179192951
691,1.670931418980672e-14,5.063250353051304e-14,8.496806585919176e-15,0.48247135502751914
692,5.981199748971416e-13,1.8614321943650414e-12,6.196745705847726e-13,0.4881415178402676
693,8.445884480955829e-14,1.1035595160686985e-13,8.208448317541927e-14,0.5038649058191368
694,6.699323221540888e-14,3.7758082984621005e-13,7.773056783877421e-14,0.48494135168402863
695,2.489857789129692e-14,7.191202204512058e-14,1.238537004941355e-14,0.5018347278572037
696,3.229012139756247e-14,1.0017334912283019e-13,1.886561719467491e-14,0.498873456093861
697,1.3833669006757304e-13,6.192964846962889e-13,7.088016944613965e-14,0.5591039761791763
698,4.5617123692421656e-14,1.0550896020557938e-13,3.253427578834849e-14,0.5188557969853719
699,5.8515426861849416e-15,1.4141530202319309e-14,5.140328991152213e-15,0.48972682498824727
700,1.1188610405278606e-13,7.775125705246956e-13,8.1692310413464e-14,0.48923911462698016
701,5.0157833774169794e-14,9.383923412214963e-14,4.915472394749919e-14,0.5118850719270995
702,4.843870993098278e-15,4.804290605862878e-14,3.0926228776548747e-15,0.4876627416393603
703,1.1095752555206885e-14,3.885199792157721e-14,5.564683146889933e-15,0.4828874151420678
704,1.4017476997920414e-14,4.731066962474616e-14,1.2477662785668837e-14,0.48837655224706394
705,5.63317626055154e-15,2.802251123329141e-14,3.927998944561204e-15,0.48767332722945866
706,2.108205374868904e-14,4.6233506418430626e-14,1.5922755257091592e-14,0.48794853543222416
707,2.984808169423464e-14,2.6002604016653847e-13,2.34327419718908e-14,0.4713873588356364
708,1.1329604609708826e-14,4.2007028619096424e-14,8.157157949253708e-15,0.4866095106144712
709,2.6874569064073218e-14,1.181317303648579e-13,2.1960541144490296e-14,0.4837360426707164
710,3.1893311709899023e-13,1.0032437943630517e-12,4.0272225355704845e-13,0.5414985050396354
711,3.846083669823342e-14,2.1733870681629562e-13,2.0224109743520257e-14,0.5057730784708838
712,6.50583493739711e-15,1.672212768647901e-13,6.973209575607816e-15,0.4701348730002792
713,1.151888498741865e-13,7.075479511465849e-13,1.1401831609715616e-13,0.48625866358634084
714,7.143529327885083e-15,2.470233537036067e-14,3.9698813229027836e-15,0.4916202693071682
715,1.8075783037634562e-14,1.776154281981928e-13,1.616088578706236e-14,0.4725825696532411
716,7.79409746081581e-13,3.000263274685393e-11,1.6189063474756676e-12,0.46735084321771864
717,1.603050957555221e-14,6.48729380647214e-14,6.974125109675538e-15,0.47928073338116517
718,1.1865426073018116e-14,4.2039244490975675e-14,9.266954632383566e-15,0.48101560990071446
719,2.084618105418315e-12,5.2890253744155435e-12,1.7859122909692132e-12,0.5520529114095553
720,9.824724903629181e-14,3.4018408114934357e-13,9.890214929838217e-14,0.48682096109687334
721,5.531909146709892e-15,3.816350368200593e-14,3.646724194236711e-15,0.47654077582810717
722,6.02061947764552e-14,5.314023657191464e-13,2.0942494102899275e-14,0.46962077438547567
723,1.505000963027863e-13,6.47549888330189e-13,6.064087860798845e-14,0.49312616251227154
724,4.439109023982018e-15,2.6741703220321944e-14,4.349975201515114e-15,0.4880449795704408
725,2.879729259794577e-14,1.3951907004224167e-13,2.5365099456335497e-14,0.48440986792520563
726,7.1253988007791e-13,9.980914340053115e-12,8.667320171439463e-13,0.47006333808749334
727,1.8789980061690057e-14,1.1451181875544304e-13,1.9001200870698455e-14,0.4781967190785508
728,1.2040029982715428e-13,1.3075674646702576e-13,8.907167666846377e-14,0.5228089979584183
729,1.4283099344954217e-13,1.630632138811897e-12,2.5504623389151667e-13,0.47131553541585164
730,1.7927715547670972e-14,2.6834843895545384e-13,1.048005832420355e-14,0.4790638831753313
731,4.156362182445283e-14,1.456769706497585e-13,3.803720324110014e-14,0.47838399993634084
732,6.512775106116323e-14,1.954662973890275e-13,5.6795057081413426e-14,0.492293963510383
733,7.107646240052887e-14,1.0001452262978934e-13,5.83990921612577e-14,0.4849080440326361
734,2.943812589780721e-14,9.77819782935401e-14,2.3602001399146523e-14,0.4983068799981993
735,8.571357885953589e-15,1.664098633008609e-13,4.788285779084362e-15,0.4844558169836091
736,4.0656834124524375e-13,1.9506095408386795e-12,2.761904179038897e-13,0.5089683359849004
737,2.0851342407712903e-14,1.7034276392871794e-13,8.661203272476156e-15,0.4776581606422042
738,3.6000686336269676e-14,1.7078279884708835e-13,2.716853947202281e-14,0.49153772273421054
739,4.158240424415302e-15,2.920010009669547e-14,3.0055640755007534e-15,0.4838845053489422
740,1.5304800237387986e-13,6.697002621332986e-13,1.3682466939798497e-13,0.48821400224151146
741,3.5547802143605964e-14,1.165941915694491e-13,3.7001086354484834e-14,0.4805685707786324
742,6.894694846266012e-14,4.0611127152496533e-13,7.763731653636063e-14,0.48840850121669066
743,8.36412453046842e-15,8.216122750870402e-14,5.449879110243726e-15,0.4831932890390817
744,2.7913605288502667e-14,1.1550243577197755e-13,2.19683281919648e-14,0.5145714367019536
745,5.465091765511569e-14,1.3639574164510988e-13,2.2895953902562108e-14,0.49625230310448387
746,1.6090272908654185e-14,3.702376306117565e-14,1.4169450327237765e-14,0.4901889338352703
747,2.2450189412178816e-13,4.723123633533535e-11,1.0680740666441412e-12,0.4634047315608768
748,1.686665935798846e-14,3.65546805620468e-14,7.0347091722346746e-15,0.4972604242997477
749,1.0528701391470371e-14,4.7794682433659155e-14,4.416906090555378e-15,0.48730423563101793
750,2.215436253181748e-13,3.2968758365214507e-13,1.9872480672964665e-13,0.4960063679267478
751,8.132039799554032e-14,3.381207228537204e-13,3.708523474075005e-14,0.5098236350313528
752,3.676063414658876e-14,7.217593422446392e-14,3.059914487539374e-14,0.5080641343214666
753,1.6886015686738686e-14,3.760636024951972e-14,1.3066105121008726e-14,0.5094549750316218
754,4.9804999572033514e-14,3.864817288257832e-14,1.7333663502468065e-14,0.49737862644469716
755,1.0259918269857841e-13,5.575466921279104e-13,3.29935979554005e-14,0.4878745497137061
756,7.058429878489756e-13,9.401352332024735e-13,6.439875790049447e-13,0.5359664366023935
757,4.055279477652201e-14,1.9233152785677018e-13,2.9278049807290924e-14,0.49416045239559026
758,8.077919447797069e-14,5.453563727067561e-12,1.1114102676297311e-13,0.464257543788699
759,4.019197306823509e-14,1.4896641650496946e-13,3.271754806257173e-14,0.49822875481113443
760,2.633944701433954e-14,8.771734411978905e-14,9.579179929314928e-15,0.4848715661875758
761,3.3227556348071633e-14,2.88696383559786e-13,2.352029180174423e-14,0.49130127823045766
762,5.6111293656820825e-15,3.4622051968333556e-14,3.588908646838174e-15,0.4855252138733704
763,8.016480688710965e-15,2.3272662318618378e-14,6.685260504040907e-15,0.4851235651123716
764,8.530898416024327e-14,3.127803839383475e-13,6.516527717604971e-14,0.5036776262160856
765,2.6992304609844475e-14,4.0350538461057327e-14,2.6753148692240585e-14,0.50628551528971
766,1.2238842619759114e-14,8.07758444554382e-14,1.1537087042349912e-14,0.480264459053069
767,1.5747758000538523e-14,8.296622122848969e-14,1.0619796239020711e-14,0.47361986898977193
768,2.5607053133061222e-14,4.958328156251882e-14,1.7975173785520613e-14,0.4902537041856704
769,5.8617049872488e-15,1.0895784158562013e-13,3.3890713778859145e-15,0.4763655603332154
770,4.735770332824994e-14,2.8129927675931724e-14,3.372716439473826e-14,0.5018886475812906
771,6.408272046715651e-15,5.4744264763891884e-14,3.147986151719337e-15,0.4860802168270311
772,7.559100137547574e-15,3.636760217542805e-14,5.710987311732446e-15,0.4886194202577826
773,1.6785399780386118e-14,8.426335364751006e-14,1.2171688914167614e-14,0.48546626725837994
774,4.600967920456864e-14,2.7561854718568565e-13,2.4333578397299125e-14,0.4815126730423799
775,1.6949869260903667e-14,1.3506755426220567e-13,1.9433836164713235e-14,0.47382816762929
776,1.0424590001489182e-14,4.749100796092279e-14,5.692582778064926e-15,0.4943340880636242
777,7.203325816189139e-14,2.979287668097264e-13,4.232296196939807e-14,0.5006722292530867
778,1.9756788262873243e-14,9.057173181672384e-14,8.256931276674361e-15,0.5006838733974291
779,1.9851210421003938e-14,5.0881037060724855e-14,1.8904195410597086e-14,0.49040228075900816
780,5.8245681468141815e-15,2.1796111814244012e-14,5.304669775742656e-15,0.48850945466147094
781,1.1202143243424041e-14,3.829673776496816e-14,7.110710211012863e-15,0.4899374198379519
782,1.3611422835611228e-14,1.4610893042197596e-13,8.752271622283516e-15,0.4727686388316215
783,4.03521363700838e-15,2.4853001823093062e-14,1.8909402356962497e-15,0.4871024063522782
784,1.4224909837846174e-14,5.1206724159087667e-14,1.3855499895265881e-14,0.48215902788997483
785,6.186155957671214e-14,5.534517096518442e-14,5.552076270393382e-14,0.47955409574733493
786,2.7681867154422794e-14,5.040720485229397e-13,1.4957750029213458e-14,0.47417397354383867
787,1.7724447108912828e-13,2.227818499352713e-13,1.655685913339043e-13,0.5431745956295344
788,1.7446551448060456e-13,6.615182277162693e-13,6.20529488849393e-14,0.5413751353662519
789,1.8864230688715998e-14,2.896473393690664e-14,1.8909159531184875e-14,0.4980339858277148
790,2.1723637968544852e-14,4.711177886464956e-14,1.2917374791383253e-14,0.47792251425162247
791,4.344176432106611e-14,4.4898982591255014e-13,2.6904947782427312e-14,0.5114425461877545
792,2.405518110545449e-14,6.554618003081196e-14,2.0505636428381097e-14,0.4959334158000274
793,7.914318243337166e-15,1.0089236459949001e-14,5.3793719907984015e-15,0.49460615053430956
794,1.6106742960778852e-13,2.6520345893145514e-13,1.50410776815244e-13,0.5042223820310028
795,4.181232497605509e-14,6.793991401214034e-14,3.762105990856027e-14,0.4975282942948979
796,9.473918610233417e-14,4.313382452669054e-13,9.470025088944954e-14,0.4881094948023019
797,1.1242416136656932e-13,5.328933108697503e-13,8.39919830868548e-14,0.48366414876472846
798,1.2031955567920353e-14,1.6203459712407923e-13,8.2939962067574e-15,0.48408480617363236
799,1.6451599981526967e-14,1.318858967760599e-13,1.0121165321575524e-14,0.48131221377043404
800,7.038583096954646e-15,2.2510997416882936e-14,5.2412477642079964e-15,0.48598341902470565
801,1.8743682464911746e-11,1.2304838918667282e-10,1.373953997779906e-11,0.5158823811285401
802,7.013069748918026e-15,6.147480032462305e-14,5.713556829468295e-15,0.47452564063823954
803,2.0913839604702087e-14,1.342766651728217e-13,1.3841048653802193e-14,0.512203519704417
804,1.0121807444508935e-13,6.06243214585541e-14,9.246664583740577e-14,0.5005499152128323
805,1.3838519267446341e-14,1.1654661035219215e-13,9.640724574891918e-15,0.4702732902926073
806,2.2049077934383585e-14,1.444284696021834e-13,4.930361485326673e-15,0.4882513982911405
807,1.447381706182526e-14,9.809805878553402e-14,1.474273115137482e-14,0.4759256437238946
808,1.3453440250240735e-13,4.89476769728829e-13,9.001437056798789e-14,0.4990968139267352
809,6.056115520448636e-15,4.651158753178491e-15,4.911830547513883e-15,0.4954550716298399
810,3.625692559837295e-13,7.756725066017227e-12,3.3295433283003193e-13,0.5067822887474904
811,5.713238732034839e-15,1.424977972336196e-14,3.988501207476404e-15,0.49197502672559495
812,4.935304084168192e-13,3.4968506107699093e-12,4.2937683366790706e-13,0.4949206770736055
813,1.921990666010107e-14,4.775374062209016e-14,1.4191671971518055e-14,0.48026121760831303
814,1.3291247873147662e-13,1.2320859803813038e-13,7.435891249874289e-14,0.500523586376221
815,1.4603313114597684e-13,2.5475222219477323e-13,1.6383834922218276e-13,0.48019425620823314
816,2.3432426813296745e-14,2.376499817594472e-13,1.124290921911569e-14,0.4767805456063797
817,1.4283748226137348e-14,1.2734972457956228e-13,8.428432679553869e-15,0.4734806497970567
818,1.594536829074247e-14,1.3064653236893184e-13,1.0499260404078911e-14,0.4792082667747309
819,3.628357992224627e-14,5.415350139779654e-13,1.814284137044884e-14,0.4663275157883618
820,2.4917452859712565e-14,3.1165060500341926e-13,1.2899592065814025e-14,0.4696914547650522
821,5.137538052122829e-13,9.347805030622958e-13,3.853129480257992e-13,0.534789524284497
822,6.073126694482134e-13,4.544074576958501e-12,3.6257545592842875e-13,0.4973544036045496
823,1.928404680533416e-12,2.6284007119409442e-12,1.6371264456668623e-12,0.5311599402222782
824,4.1101945462862407e-14,2.4853800229365973e-13,2.472926272820176e-14,0.4741039786757028
825,1.5074661082519284e-13,2.0967548013173815e-12,1.0538781988499524e-13,0.47897569416054464
826,7.0436905241217e-14,8.141482929563953e-14,6.198225083428505e-14,0.4958927279778436
827,1.6629233892531018e-14,1.2637903442117039e-13,7.991144889390589e-15,0.4855022619431111
828,1.002622498276372e-14,4.293334237093637e-14,7.837435819234006e-15,0.4827248992827663
829,8.283720298662387e-13,2.7292779198835328e-12,9.229036900041816e-13,0.5720595049009717
830,3.7938268823545065e-14,3.478673126509291e-14,3.4998703282722323e-14,0.49768178213162173
831,7.65173547810115e-14,1.2239137513243015e-12,8.66642831570874e-14,0.494862760156866
832,3.733297818353278e-14,1.158031830472752e-13,3.76991329730612e-14,0.4932984932587715
833,1.9449985454870635e-14,1.3038348803689155e-13,1.5493027932500615e-14,0.4792130582827667
834,4.038437495429724e-14,2.375379965262048e-13,4.4036637172551636e-14,0.47693490518286125
835,1.2381481071169223e-14,3.751116950429257e-14,1.183204259889379e-14,0.48631825541779106
836,1.0389041880188956e-13,7.217757803147327e-13,1.2938320504300965e-13,0.48118245451842084
837,8.589396722666114e-15,1.5081676355384807e-13,7.379946447583329e-15,0.4738560512083495
838,3.8904927115107214e-13,9.448697036575988e-13,1.6483037678598082e-13,0.5546360652551812
839,1.474120325949566e-14,1.494252995926547e-13,1.1920060366043286e-14,0.4801287462367327
840,9.489412223119903e-14,7.673755636992188e-13,8.582829676444029e-14,0.5131262935952691
841,2.1956278314245717e-14,3.592524353668567e-13,2.1549290744639643e-14,0.4840943391664041
842,6.411670886859101e-13,6.540706867916011e-13,5.860309708129512e-13,0.49460734252534166
843,9.073783678778422e-15,5.846832722725473e-14,8.736806565701888e-15,0.4802199433441274
844,2.441149598023519e-13,3.5568049160922274e-13,2.3231638655647873e-13,0.538519275786166
845,4.587328460465542e-14,1.1089391364580458e-13,3.670820466886704e-14,0.501676232121099
846,4.586325520835581e-14,2.1407245480346358e-13,3.7044204467781604e-14,0.4886608137530857
847,2.233679193107125e-14,1.2046475309408015e-13,2.0558997151459328e-14,0.4877792132920149
848,3.786245889888089e-14,9.059614650522337e-14,2.8559342923454705e-14,0.5122509994140273
849,1.5945483375111874e-14,2.7236502433285154e-14,1.0614176946974405e-14,0.49226757880678634
850,5.456443393198385e-14,1.980058933411591e-13,3.8854234200172465e-14,0.49155263979864683
851,3.855363496154206e-15,2.8863539785268265e-14,3.2871167511470273e-15,0.48789846371346357
852,1.7226586416594376e-13,7.428902921048555e-13,1.7270365092366304e-13,0.5105380146454991
853,5.186985800346553e-14,1.5617460452362684e-13,5.87334797052931e-14,0.4754698126775111
854,1.0855092188534587e-14,4.019933173270254e-14,1.0872417060619143e-14,0.4881405843545508
855,1.195522203840013e-14,2.0385090785963602e-13,7.771616835210584e-15,0.4697145769798226
856,3.807602530633485e-14,6.589967588094842e-13,5.98397952854556e-14,0.474574489702718
857,3.809749593083773e-14,1.1230375868777889e-13,3.292243965357502e-14,0.49265982781471396
858,1.4498002710600086e-14,4.091223645691742e-14,1.2646634798950713e-14,0.4983688293352316
859,6.49944306400632e-15,1.1821530427396747e-14,2.582497409494881e-15,0.49421019926303417
860,6.083744265829173e-15,4.752033685334284e-14,3.997482976868709e-15,0.48696664020335445
861,1.2453718250936646e-14,3.144883657117486e-14,1.0649103452501656e-14,0.49178583538523524
862,5.436641220791758e-13,1.821541657025475e-12,5.303412623695378e-13,0.547338880649113
863,4.818670654380251e-14,6.285033825407441e-13,8.431985424014741e-14,0.493565253408633
864,4.791520186026069e-14,9.98146235834148e-14,4.73652654573083e-14,0.4844985767129401
865,5.5672896398462524e-15,1.7897591772255474e-14,3.2255651327805112e-15,0.48761592706905504
866,1.958904646300682e-14,3.5432093820905346e-14,1.7632618891247514e-14,0.4951105955038656
867,3.2775892493203633e-13,6.193135007807912e-13,3.4311877208319476e-13,0.49380520388513105
868,2.2959467532743668e-14,1.0837374568289048e-13,1.8558323920521037e-14,0.4887949111580383
869,1.0043993928119953e-13,2.905268305976973e-12,1.2425023192460376e-13,0.4645596337162715
870,1.3951103889224843e-14,5.430935544745234e-14,1.3212659582096477e-14,0.4899349763974897
871,1.1527123095971744e-13,1.5028743698242618e-13,7.380668682415952e-14,0.4975915564209572
872,7.078062819059409e-14,2.8558855179533233e-13,6.582469447473154e-14,0.47684729369557316
873,2.2422954557631204e-14,1.069473372529267e-13,2.357443021003213e-14,0.4761652073217192
874,3.3165641178938564e-14,4.688959541664353e-14,2.5475523921641074e-14,0.48844310201893676
875,2.875493968052418e-14,2.901942872368131e-13,2.192225930803786e-14,0.4801434836794215
876,3.624737844102013e-14,2.188821109770319e-13,3.475855693226225e-14,0.4884402462394064
877,1.104975210496602e-14,9.907434686995415e-14,1.1315592246016032e-14,0.48517165754601593
878,4.079142722850835e-14,2.548702289567295e-13,2.4335829966209074e-14,0.4734382688071491
879,2.280277400661876e-14,4.61238040573445e-14,1.521105731023485e-14,0.49003254638846555
880,8.996466185788248e-15,1.004257642064536e-13,6.5561559402252746e-15,0.4790680467845959
881,5.769668833911467e-14,2.0390374795013844e-13,2.8057459416031704e-14,0.4865070592779375
882,1.999659670625859e-14,1.1650977234920445e-13,1.3781077623708915e-14,0.49249691890199754
883,1.1971614841096846e-14,6.264720513540704e-14,9.934332979152261e-15,0.4880216530202233
884,1.3322458960433221e-14,4.4076244514894064e-14,9.298485481131555e-15,0.49946389815122527
885,8.74753767895249e-14,8.745992647375526e-14,8.372062711451162e-14,0.5054933102881478
886,8.964270904392016e-14,9.180124836128074e-14,6.437016031100281e-14,0.4926582454267191
887,5.82779368105367e-14,1.8984419961524134e-13,5.940966466357193e-14,0.5055070653041185
888,1.954219104205892e-14,2.1828845065292953e-13,1.292869501447306e-14,0.4701352476989996
889,4.264483148817564e-14,8.31027249362117e-13,5.813536788159789e-14,0.44825514831914004
890,3.1228864280321596e-14,1.1535764392995844e-13,2.950334927497123e-14,0.48987551264181095
891,2.33784131805623e-14,9.585369519166988e-14,2.3335268690489813e-14,0.47671651319833475
892,2.992284926424298e-14,4.227147021420379e-14,2.973084864418355e-14,0.5059782299354992
893,1.0212842629072622e-12,8.638640797940019e-12,1.0802400794066683e-12,0.47999117031176863
894,1.0529895587046805e-14,5.5980799430084075e-14,8.55567587541772e-15,0.4820787003569421
895,5.604994084247771e-15,7.728028661788329e-14,2.2308158156183752e-15,0.48147072499814386
896,1.5781045827287056e-14,3.8407358112540197e-14,1.4752971463482352e-14,0.4875081614471128
897,2.569290702985593e-13,2.2930449058427777e-13,2.002313583201786e-13,0.5235717147959804
898,3.935598700038546e-15,1.827070239082149e-14,1.9247502971851012e-15,0.48800833360764956
899,1.4556847624732587e-14,1.6040736003637978e-13,1.0041153560652176e-14,0.4912940849051665
900,1.9919026942051465e-14,7.380634061485823e-14,1.7553403758714924e-14,0.49733248991451545
901,1.3756835591036659e-14,5.523424369586321e-14,1.0134281278982168e-14,0.4842691816029401
902,8.905874323048595e-14,6.809798343183253e-13,6.813088345682411e-14,0.4802748026806512
903,2.575655013177548e-14,5.88349712734245e-14,2.520611078187111e-14,0.49239646071200693
904,2.3925520656594436e-13,8.357762117460673e-13,2.740633106359305e-13,0.48466297006634707
905,5.0538365632680156e-15,2.80034030413674e-14,3.808023244658138e-15,0.48436657054880927
906,1.7835491783272924e-14,6.304634746607922e-14,1.446816907107823e-14,0.5003221096125344
907,3.16774042583988e-14,3.9459828713502054e-14,2.4100478904396945e-14,0.4956076224843855
908,2.113209458841562e-14,2.2899277573942687e-14,1.9615431772540107e-14,0.4898939250579133
909,5.122907728368031e-14,2.0740718798028807e-13,2.929794556341196e-14,0.4771728454019467
910,1.0662721026759948e-14,6.412040437230066e-14,4.761850647488187e-15,0.4880296344497765
911,2.500809931196948e-13,3.4150137166027327e-13,1.270872603071948e-13,0.5239017842708563
912,1.7521493510527837e-13,3.666175732589719e-11,4.639978550185865e-13,0.4623924056879332
913,3.943187377010935e-15,4.6468123936701315e-14,2.2292731358689696e-15,0.4849223814208017
914,8.490553046527695e-15,7.054026332992519e-14,8.078046132869545e-15,0.4946875147794344
915,5.105323551947377e-15,4.467686234101401e-14,2.608250487355525e-15,0.48901178543274
916,6.526407840371653e-14,5.617946392861165e-13,3.9214247302302016e-14,0.4856025102428248
917,9.670890756705536e-14,2.7213483578470336e-13,8.634847328551085e-14,0.5147298412757664
918,1.0158770587949054e-13,5.341306900880103e-13,7.702457959576771e-14,0.47885330307144613
919,5.0470475890890895e-14,8.771999034558317e-14,4.24267485496191e-14,0.49001575210459125
920,1.5780105342715442e-14,5.658068244121563e-14,1.1033614456229219e-14,0.48872382944136916
921,4.694533046834596e-14,5.958414263906116e-13,5.728412517414119e-14,0.4692083305875713
922,5.152865650761826e-14,7.072593306449405e-13,3.916081386984799e-14,0.49285896282563046
923,1.6939106648610084e-14,2.624756706250793e-13,9.894039601095147e-15,0.47414878828694784
924,3.061263274143599e-14,1.7001656283622821e-12,4.993491109743684e-14,0.46496123927463484
925,1.413752952247661e-14,5.842205450617855e-14,1.2718789890558245e-14,0.48849425369389793
926,4.346058342456705e-14,5.337500568582515e-13,3.1702880076461655e-14,0.48367594230112443
927,6.161193111369645e-15,2.088778336478433e-14,3.3287119472400104e-15,0.4884480449523835
928,2.38363245046553e-14,1.8540531063388272e-13,1.7305213897853287e-14,0.4815296187529384
929,1.4265670426589816e-13,4.501227078723867e-13,1.3113865862321626e-13,0.48167089970975213
930,2.2333261693010734e-14,4.020805510506149e-14,1.9315167293911492e-14,0.47986007127674385
931,7.072594599328726e-14,9.548607935653993e-13,1.088709351024631e-13,0.4671947780433584
932,1.3204890571950198e-14,6.209165153456672e-14,1.3209363660263428e-14,0.49227926682397083
933,1.99180376114769e-14,5.670859795707096e-14,1.0182589396581788e-14,0.4867892985446815
934,1.3477655446915414e-14,4.03385139238021e-14,1.06677862003436e-14,0.4860435460894223
935,8.972991938208392e-13,4.2112073732311355e-12,1.6476018179245834e-12,0.5384240563942513
936,2.728818986526034e-14,1.2539263504541912e-13,1.5724230336353857e-14,0.48576479506809844
937,2.13198572918541e-14,7.72336915090841e-14,1.551254591272823e-14,0.4837688548306687
938,5.9039267650212585e-15,2.8905732260251276e-14,5.130801379240388e-15,0.4882494059196688
939,1.4670201120297515e-14,3.299864460611486e-14,1.4201596948410835e-14,0.4869773984344647
940,4.889503748990203e-14,1.8492506293954441e-13,5.3557130882648635e-14,0.4755198865208513
941,3.972147350896059e-14,8.217597911264716e-14,3.952246646035251e-14,0.4930894494693348
942,1.2303084456477424e-14,3.290772940303573e-14,1.0854997487766846e-14,0.4882999333356565
943,4.967679982090275e-13,2.3066620232921323e-12,1.0973632638547624e-13,0.501088329909544
944,2.5843479907897616e-14,3.420765060277263e-12,3.176408412805536e-14,0.4685084832064604
945,1.825631386408902e-14,1.1126968200989269e-13,7.34929143767635e-15,0.4791378493380762
946,4.342762293933796e-14,1.8473024221294068e-13,2.2099492671251944e-14,0.5235712229488854
947,2.906312137272433e-14,6.041874738063904e-14,2.24079059454933e-14,0.4821032216565072
948,1.6480617807944243e-13,4.223116723216429e-13,1.476740521429342e-13,0.5201993327547825
949,5.16977860696904e-14,7.376650133967092e-14,4.260190852646257e-14,0.49105861565567466
950,3.667209531771823e-15,2.3567282760186667e-14,2.4275536194522307e-15,0.4842619551684038
951,3.257978463941687e-13,3.3076102909204823e-12,3.231008286405095e-13,0.48650508078972055
952,2.180557270938299e-14,4.278762358855621e-13,1.2669300223834671e-14,0.47578074120956443
953,3.2408588527840286e-14,1.3177753858286228e-13,2.5131186025599666e-14,0.49455325068283856
954,1.3913885094474774e-14,5.414737345008839e-14,1.0921178668846223e-14,0.4875973158543275
955,1.1231460104881281e-14,6.515631585302964e-14,7.386379611000955e-15,0.49313173870577887
956,1.824092873205681e-14,6.97757400997666e-14,1.264380619904633e-14,0.4824675241950899
957,3.661019494273796e-14,1.3777145218136497e-13,1.7312916490985367e-14,0.5040680753518245
958,1.4442859142638483e-14,1.4823902242464367e-13,5.4662185666557884e-15,0.47844880579777965
959,2.957971294276488e-14,5.747819369134322e-14,2.7098566780530258e-14,0.5076946668752498
960,6.152281549650406e-15,6.608681247434054e-14,5.242025970439531e-15,0.48559600415574095
961,1.649184313280046e-14,7.751658995474347e-14,8.87378081550208e-15,0.4943427213749601
962,3.999399672066378e-14,1.3939649010723428e-12,2.24800469654824e-14,0.4655848585520289
963,1.340698727905447e-14,5.0507858267004285e-14,1.511151123608217e-14,0.4919161066507513
964,6.315169999871613e-15,2.0857621086711955e-14,5.588491992328099e-15,0.48750513910381416
965,1.456388230855807e-12,6.6462456919426164e-12,1.6764651976868616e-12,0.4794410642945877
966,2.997511614162406e-14,5.622002278604568e-14,2.3893215073398987e-14,0.49167128272783883
967,8.909014094054162e-15,7.277754626954118e-14,6.951542619749332e-15,0.49599286323355046
968,5.3097207834964196e-14,6.810234179289192e-14,5.4776145152534316e-14,0.5071345659918733
969,1.3909796398943709e-14,5.737573648687409e-14,2.6415691131873185e-15,0.4882259256413818
970,1.1606993179662288e-14,1.0410215307058528e-13,5.6875115955976715e-15,0.4774458314092044
971,1.4817923824528388e-14,2.5615585572447337e-14,1.3656834797925618e-14,0.4971556413405779
972,2.9068971888864624e-14,1.409203928591082e-13,2.852179416107125e-14,0.4849683862468737
973,1.9253439091968537e-14,8.992504749264543e-14,1.999465033246513e-14,0.4860471416091968
974,8.137561248261867e-14,4.88624500893527e-13,7.643095102521001e-14,0.48091810735859325
975,5.811896856300312e-14,3.470317887343932e-13,2.5705300568824295e-14,0.4826714262217138
976,3.1568829134787785e-14,1.2889687866791803e-13,3.091335978103979e-14,0.4863493714163269
977,5.5194515504255004e-15,4.670990818044531e-14,3.196267241154079e-15,0.48401561985774605
978,2.075116679022105e-14,1.5559790381869148e-13,2.0445118815583344e-14,0.5129944558291755
979,3.720889818053772e-14,1.0580129036972233e-13,3.2378976578704666e-14,0.48396147517723875
980,3.019409673731632e-14,1.0353212192476444e-13,3.010751280691747e-14,0.4807017032921067
981,1.1267285547855597e-14,5.4235159169030645e-14,1.026748594793553e-14,0.48116868718389016
982,1.0840193051500199e-12,6.9203120339985525e-12,1.2525137507567826e-12,0.4925908994053316
983,3.2740441109872033e-15,8.463816100851402e-15,2.203878609922383e-15,0.4916746169983526
984,1.1998750264584595e-14,7.020710553972014e-14,1.2565693048286728e-14,0.48350077143313686
985,1.8573495936014525e-14,5.3787261106275516e-14,9.784390938552409e-15,0.49215030936065884
986,3.437322817117728e-14,9.325907348189763e-14,3.1886416191490796e-14,0.4910119310603477
987,1.421840084745442e-14,1.6967720213909615e-13,8.875965418897346e-15,0.4806787547990098
988,3.119291549058327e-14,1.5835465644014043e-13,1.3738823146770353e-14,0.49341802613380426
989,1.440042147424035e-14,8.269394322167336e-14,1.0617725856301608e-14,0.487396272438491
990,1.2202773912233039e-13,1.0354833432760951e-13,1.0876304274505676e-13,0.49432606665541245
991,1.515898719633476e-13,5.481667683064194e-13,1.3754205409873346e-13,0.5050865643912402
992,2.745586939017041e-14,6.828257159791601e-14,2.43652262935681e-14,0.478741391800213
993,3.660651718027034e-13,3.687764536695938e-13,3.130500746891412e-13,0.5012492653018853
994,8.701399078998028e-14,3.8956975664621945e-13,8.201932240158203e-14,0.491821052355408
995,2.483485300137259e-14,2.459286238040954e-13,2.8001263713907476e-14,0.4932362645900866
996,1.1373318519750779e-14,1.338003220469583e-13,6.082992431691539e-15,0.48052556618204106
997,2.991584620146803e-13,9.305353245706185e-13,1.4366080289336378e-13,0.5529533220193116
998,1.2972476253561527e-14,6.698252066619198e-14,1.0988347585905313e-14,0.4926871029592803
999,1.0540395404623741e-14,6.176799075693714e-14,6.6646770650468416e-15,0.4841252698297467
1000,3.809670332339893e-12,1.6682633697494686e-11,4.02428902279484e-12,0.4909010247163678
1001,4.397408334989182e-14,9.165801058644397e-14,3.022205745417467e-14,0.5003370109287062
1002,2.0150760871657045e-14,8.874271386555442e-14,8.069906524303855e-15,0.4880932272402788
1003,7.391342804672464e-15,5.5106691873389756e-14,3.5107310344021676e-15,0.4792469459347558
1004,1.065727324634996e-13,5.748381627490561e-13,1.1368390721054217e-13,0.4974238393619089
1005,1.5598430212404853e-14,2.6251483146540512e-14,1.2705306021719808e-14,0.49323088009368804
1006,1.1115922947886004e-14,5.28668483477937e-14,3.05189794887083e-15,0.5006713751321513
1007,4.7591379650618383e-14,8.433815512253622e-14,3.6440884645435364e-14,0.5186137221988247
1008,5.959213566378084e-14,7.290669341387825e-13,3.899459994624982e-14,0.5116006823311181
1009,1.437338183694657e-14,6.995480304819358e-14,1.0761531329751353e-14,0.4924108328235889
1010,3.001442087393945e-13,1.0469141599671403e-12,2.774410958635892e-13,0.48308112834965866
1011,5.265467385523973e-14,9.867199525620271e-14,4.3622593485627293e-14,0.5426371824036323
1012,1.6435105453138287e-14,1.207388682281013e-13,9.963353657145974e-15,0.4771922502564848
1013,5.161902996447869e-15,2.754789646979174e-14,4.146245302250318e-15,0.4873160046292469
1014,9.496739086813495e-15,4.9130528064795704e-14,6.491185717033424e-15,0.4864602374575043
1015,2.3984565367616083e-13,2.5059085303421228e-12,2.0247018991558908e-13,0.521779354046157
1016,1.059435410711798e-13,5.673043734978332e-13,6.578042073217981e-14,0.5052560387666745
1017,4.719055547000133e-15,2.5831306015797464e-14,3.0624938790945063e-15,0.48891600238712274
1018,1.008253959751981e-11,3.5846260240244297e-10,1.612842907505022e-11,0.4775622275137721
1019,1.0297051028603548e-14,3.8363729495291145e-14,6.254788442013087e-15,0.48393555982765973
1020,1.3127971540283113e-14,5.343229172956466e-14,1.2336584336403469e-14,0.49109573170462684
1021,2.1603653540591822e-13,4.551586862338163e-13,1.697369327395298e-13,0.5147395598309231
1022,7.6736373031873e-15,1.47475013290185e-14,7.865855735683216e-15,0.4956380347462982
1023,3.330052849087045e-13,1.4929579588983766e-12,3.049532934905994e-13,0.522911013610792
1024,2.9820734477995157e-13,6.531039749338811e-13,1.7392059368219996e-13,0.5394817545482511
1025,3.5924010822666117e-13,2.890246293252903e-12,3.3971003438872935e-13,0.4826952399787842
1026,1.3580754081346285e-14,4.865037411867817e-14,1.0021209549954637e-14,0.4787149179344851
1027,5.398515586578656e-15,4.6292520271127755e-14,3.5298438330146807e-15,0.4857985363345506
1028,2.5450329180570222e-14,4.6676666731072436e-14,1.5172177710855366e-14,0.4906255670941391
1029,1.9490282764947066e-13,2.30885209000105e-12,1.365425625989894e-13,0.4795245799850818
1030,7.059268642508935e-15,1.7140213496949118e-14,4.473382617324346e-15,0.496086928809018
1031,7.404170375528327e-15,6.896139854858552e-14,6.642492440175872e-15,0.4767424831239623
1032,2.2185423453936627e-14,4.94020018582014e-14,1.804654522244031e-14,0.4886104636339951
1033,7.867436200674033e-14,3.6994376172498527e-13,8.320655301797393e-14,0.4774655620687554
1034,2.169839295693677e-14,1.3277776235816482e-13,1.472826495953693e-14,0.4840942993751014
1035,2.3163355430099844e-14,1.7754251268929007e-13,1.9358831299554225e-14,0.4813147798202408
1036,7.296129355272943e-15,4.5286887081094996e-14,5.718099115271487e-15,0.49010945240079307
1037,2.840692148522794e-14,9.231224912618589e-14,2.2089634040535346e-14,0.4737622588927479
1038,3.85977004349096e-14,2.417199617206916e-13,2.8657494428318874e-14,0.4748296648669566
1039,9.230745859924196e-15,2.6899853685575627e-14,8.829547489918957e-15,0.5036325560442492
1040,9.6140205083298e-15,4.379389046159559e-14,1.0154469156227572e-14,0.49067886241500674
1041,9.957362771441437e-15,3.5481879794719213e-14,7.554035711597708e-15,0.5001494930929766
1042,2.4819286875960664e-14,3.938707015932666e-14,1.9070907492207438e-14,0.497362901778979
1043,7.553768294406869e-15,5.402169480559955e-14,3.892478302463752e-15,0.4881817776973548
1044,4.115073722730655e-14,4.65928971688105e-13,4.442636816677562e-14,0.4771720813039792
1045,2.1657627123055073e-14,3.796966118584132e-13,2.93052931112616e-14,0.4727184383351414
1046,4.1013701694548157e-14,1.6178912265359313e-13,3.445236128994824e-14,0.5011301311096759
1047,7.870979924863507e-14,1.5573869710835874e-13,7.83831926620821e-14,0.5003888625367836
1048,9.856630088407384e-14,3.2359690327455453e-13,8.724931817815027e-14,0.48804644499105054
1049,9.392184070151343e-14,2.78685426369239e-13,8.555387751190205e-14,0.5066171999507787
1050,8.909791787649644e-15,5.119140513819328e-14,8.743589573490922e-15,0.4873409862168046
1051,3.9004367219538486e-11,1.0554747381056226e-10,2.421769053080077e-11,0.5439407362198836
1052,5.111889580546507e-12,9.83258674872317e-12,1.9932433835781392e-12,0.5679273250461847
1053,1.0702223716933879e-14,3.430072940421016e-14,7.872321300684729e-15,0.4812785489268208
1054,1.1888205262822844e-14,2.7961584153946503e-13,1.34056292331698e-14,0.47754081205348486
1055,7.587959363627666e-15,1.2695217996661777e-14,6.169496451941673e-15,0.4887988522130399
1056,2.293301829790883e-14,1.1841774423445453e-13,2.1260823402481197e-14,0.4896986894640577
1057,1.5699187636067774e-14,1.4751159423679118e-13,9.822570074540501e-15,0.4762031666421535
1058,5.482381802028723e-14,6.820676454100359e-13,3.134080050603151e-14,0.4864430426294348
1059,2.9448656230742194e-13,5.786914531599473e-13,2.4717343643891116e-13,0.5146970536627122
1060,1.2108566234398724e-12,1.1733150180446991e-12,1.2326893039094538e-12,0.5346277618986278
1061,2.9918685509622185e-14,4.0254152571485625e-13,1.782268328048847e-14,0.4883985127500637
1062,1.3404891954719065e-14,1.4420664679526972e-13,9.330712752925247e-15,0.47199562084679203
1063,1.1787596820322843e-14,1.617218794583526e-13,1.1849566938079274e-14,0.47244976469373795
1064,3.535954334994797e-13,1.331285040874881e-11,3.276499021193443e-13,0.4882606243765622
1065,5.1186740354429923e-14,2.1644900644726976e-13,5.232458987980529e-14,0.48465465845038125
1066,1.0379309461428153e-14,1.409502360072172e-13,1.3641858426608022e-14,0.4728988798742648
1067,6.588052608418587e-15,2.2743440264925813e-14,3.732496896650358e-15,0.4940724103618777
1068,2.6574620084194656e-14,3.187459210788361e-14,1.4814576675549693e-14,0.4884993932113503
1069,1.2363741027526697e-12,2.4153264796786335e-11,1.139316908741218e-12,0.4782946777901088
1070,1.9831035569357995e-12,1.4452081479472969e-11,2.285501920516944e-12,0.48389349995741215
1071,2.6192690019475658e-14,1.1706949805085475e-13,1.8234472826312826e-14,0.4792598605139574
1072,1.8273614554296192e-14,3.534189644166249e-14,1.7384361473082253e-14,0.483305075757562
1073,7.597898929838283e-14,1.5389989284834867e-13,7.189253126201778e-14,0.5031591232749634
1074,6.239774357895499e-15,5.408118775867016e-14,3.857855906108532e-15,0.487081901714555
1075,3.0090370842870364e-13,2.8484832879621943e-12,2.4790604723476893e-13,0.48083372955588854
1076,1.5680397359243274e-14,1.4872143109321019e-13,1.5892433930101023e-14,0.4841864527305006
1077,1.9766032462547227e-14,3.3637641047467595e-14,1.1976783520737446e-14,0.49515801961788386
1078,1.9153698807830453e-14,5.680963964065265e-14,1.0651635609219627e-14,0.4889629855260864
1079,1.0191381374507386e-14,8.393760956280929e-14,7.824040737144645e-15,0.4965062920935452
1080,7.321059340203475e-15,5.570609098678776e-14,4.994066450366134e-15,0.4905161590564603
1081,7.508746839251705e-15,9.060325776337061e-14,5.5915374379855e-15,0.4817638405253092
1082,4.319878279013003e-14,6.926829434514681e-14,3.7392682270620174e-14,0.5110536468306236
1083,1.4275722390480724e-14,1.0875675079759779e-13,1.1693915186101406e-14,0.47835961833716284
1084,2.2666508309629297e-14,5.4535001039437534e-14,1.8582641915944225e-14,0.5142603451280593
1085,9.868570900629885e-15,4.848321565540968e-14,7.874439298142314e-15,0.4880144507602381
1086,2.0515463134409652e-14,3.0421812497617137e-13,3.2032809641220774e-14,0.469189182345508
1087,3.757369965706911e-15,3.339149271041776e-14,2.5442359398410947e-15,0.4854893379102577
1088,1.7254452013237107e-14,3.09811346887708e-14,1.5138874843478236e-14,0.4927570101679521
1089,1.8931578765009394e-14,1.7945961871070724e-13,1.3493056485887346e-14,0.4874262661607645
1090,2.448933524166019e-13,6.244328199077908e-13,2.3317590033145247e-13,0.5145188416696328
1091,1.3953123913156736e-13,1.7498560144455858e-13,1.4820471962065388e-13,0.5241467380787072
1092,2.987203877590092e-14,2.8129003034213098e-14,1.8666346050594218e-14,0.4892428221011869
1093,2.6614796981220245e-14,1.5545558286473297e-13,3.002232063350889e-14,0.48375054725074734
1094,1.7398649268252454e-14,4.103297479501648e-14,1.0452945741585693e-14,0.495507120761431
1095,9.935315827358763e-15,5.462633622094227e-14,9.906502023995856e-15,0.4837916266960747
1096,1.3822112795197075e-14,7.662110064687423e-14,1.0068522221312052e-14,0.4895158564511803
1097,1.8026215418828163e-14,1.2964181921516018e-13,1.4923520058797844e-14,0.49632204479494246
1098,5.567260373408415e-13,7.458668533392416e-13,2.2075325075304453e-13,0.5040725677466981
1099,3.655369570888417e-15,1.2807098075290096e-14,1.9683841763472236e-15,0.48853702064279786
1100,2.269768754549422e-14,9.974047700839331e-14,2.4551523521239045e-14,0.4770321807909568
1101,4.8995843782220176e-14,4.294903678281259e-13,4.3038401937681064e-14,0.4864272189255644
1102,4.65956737225795e-14,1.2143170870566124e-13,4.85543615602582e-14,0.48542585358482027
1103,4.276955663553285e-14,3.173401738034921e-13,2.4260067861398855e-14,0.4842517166371181
1104,1.7331415110364779e-12,4.792821304496115e-12,8.382864501988684e-13,0.47941568457472383
1105,8.116625535459835e-14,2.532745324955753e-13,7.600806482144435e-14,0.48708713328960584
1106,1.9494882561182542e-13,5.503718185929364e-13,1.0364620636669295e-13,0.48774058465423875
1107,2.4408266415659643e-14,8.572102641652655e-14,2.3650550055592114e-14,0.5151052206580061
1108,1.1544610363358092e-13,6.808745397812549e-13,9.138855864264613e-14,0.5156059450280737
1109,1.9523102212803243e-14,9.561509490207555e-14,1.2041226518704766e-14,0.4765057363261803
1110,1.631992024190934e-14,1.440057707074526e-13,5.658047238477142e-15,0.4887172025477412
1111,1.869869759807491e-14,7.237007611847695e-14,9.319645717199417e-15,0.49150811632734986
1112,1.5696610301961228e-14,8.382510687690227e-14,1.6949569573623995e-14,0.4724996865934372
1113,1.640856421233104e-14,4.568756599303063e-14,1.3361343299680267e-14,0.5024986731925309
1114,6.02296487756946e-14,7.274360193336569e-13,9.857315855376507e-14,0.4704783518518525
1115,1.8829782797002564e-14,6.683587133799012e-14,1.1066886573967738e-14,0.5242381515316084
1116,2.028081450089027e-14,2.0100386381777696e-14,1.6855646256507544e-14,0.49601204907376084
1117,5.2476317238772893e-14,4.822153950022544e-13,3.3639118246295795e-14,0.47492281674167314
1118,3.401738929536215e-14,1.5002401052830762e-13,2.3036384380705308e-14,0.4964349908335862
1119,3.315644793647469e-14,1.342091955442399e-13,2.4608497061962895e-14,0.49444273049339243
1120,4.063772710894444e-14,1.3091097920521508e-13,4.112882856298634e-14,0.4900205399297192
1121,1.0759177125818173e-13,1.2604547716106877e-12,1.8206749106037162e-13,0.4671970932197837
1122,1.3784125026579133e-14,6.024746759702388e-14,6.320566742713418e-15,0.4926878222129744
1123,1.3057110443215448e-13,5.971057755456292e-13,9.625586420693231e-14,0.4920727836721198
1124,5.413151639583903e-14,9.677896078305973e-14,4.776000373848416e-14,0.5229049905861757
1125,3.662149893918203e-15,2.575714844559655e-14,2.5157762879773807e-15,0.4816862360019513
1126,1.6820850672798804e-14,7.355897088322996e-14,1.4334877256933824e-14,0.48105555639886005
1127,3.043328508897078e-14,2.637775503807397e-13,2.498068569453141e-14,0.49124055923257404
1128,4.951156466679113e-14,1.6613619811666592e-13,4.1803962721777167e-14,0.5289516292716143
1129,1.9416304046087826e-14,7.663825713218713e-14,9.743921859645444e-15,0.48803683792266384
1130,1.9421670136163944e-12,8.55118652943162e-12,2.5083989158847175e-12,0.48717279559459714
1131,1.6365816436769703e-14,1.1573194719764112e-13,1.4050625504657405e-14,0.4791445659575402
1132,9.857874466755978e-15,2.90365649326666e-14,9.5643981757282e-15,0.4892556724173119
1133,1.8982281254595613e-14,1.4851803307513417e-13,1.4814758954162247e-14,0.48555333203003104
1134,4.2439624162117654e-14,7.647654285972668e-12,1.2419343659902337e-13,0.4633333686691913
1135,2.453986961322616e-14,7.016769970505211e-13,3.4825383906364577e-14,0.4667807742887817
1136,4.566870745328426e-14,2.8200348685744606e-13,3.4511861039121306e-14,0.5123628295572417
1137,6.1065447158027535e-15,3.5789594131814267e-14,5.699727467956982e-15,0.4778533028518723
1138,7.708385873701111e-12,9.631721538604223e-11,5.9515478690255204e-12,0.5264813183322985
1139,2.0960667626478652e-14,1.0133582854690311e-13,1.3418113164824771e-14,0.4807321230917296
1140,2.277390957421693e-14,2.92997974461794e-13,2.5734548977259374e-14,0.47938157529406455
1141,3.2044881968792246e-14,2.739361677740313e-13,1.1272051271413753e-14,0.4837863679986185
1142,8.317652710997757e-15,1.3555976342149259e-14,7.291730397687112e-15,0.48788203583717404
1143,1.173047950573653e-13,8.168058553447498e-11,7.633407439072584e-13,0.4610420532666467
1144,4.036181108384398e-14,3.64889570014324e-13,3.780710534207841e-14,0.4824013008988913
1145,1.2335299717136843e-14,4.815059029470634e-14,5.5105893535880806e-15,0.4806703976326389
1146,1.0418599917083895e-14,2.8524624254004396e-13,4.1456674621493626e-15,0.46839558262290665
1147,8.135431071472711e-14,5.799809169906524e-13,8.836997653797966e-14,0.5160809011205856
1148,1.9357420424040895e-14,2.956664460583732e-14,1.756781065559426e-14,0.5068905991614884
1149,3.156871904134477e-14,8.351897687506586e-14,3.219915648455105e-14,0.48398063866516167
1150,1.3233837200404701e-14,1.2638974322537196e-13,1.1804560040799795e-14,0.4915626631969644
1151,1.0664949218585679e-14,4.1999969903863506e-14,7.735688722176315e-15,0.4813242984466342
1152,3.017471018930508e-14,1.3368894169685568e-13,2.034470339609493e-14,0.48748223351940395
1153,4.998975430849852e-15,3.7893158516786574e-14,3.2187467137975617e-15,0.4880539228428461
1154,6.707941673234884e-14,1.6340289816963863e-13,5.582905392434831e-14,0.5001927928577061
1155,9.481626318160064e-15,1.0203332564107949e-13,7.612138610264486e-15,0.48098418672198023
1156,5.0567505185372355e-14,8.236363491457665e-14,4.0828815022184675e-14,0.4812772851665613
1157,3.860571320247084e-14,3.989857156726651e-13,2.480608245248031e-14,0.49004468266684853
1158,3.773835782200924e-14,1.0184890497227209e-13,3.8153788611156064e-14,0.5118855763204919
1159,1.518560372379807e-14,7.160850048850041e-14,1.6321786638286957e-14,0.4879881792294327
1160,4.149366885044666e-14,3.6721241605907993e-13,2.8174032725458013e-14,0.4809964717143885
1161,1.3557445679555343e-14,1.1994400947276042e-13,1.2927899959496957e-14,0.48249215141986496
1162,1.0737236829636543e-13,1.0263555708913698e-12,8.779910616774531e-14,0.5139642179714429
1163,3.7546325887003874e-14,8.097645375956903e-13,7.62048656237293e-14,0.4705155160198046
1164,8.037893988456302e-15,3.023237627254406e-14,8.609197798491695e-15,0.4890747693087178
1165,4.076396177127129e-15,5.1869102298150845e-14,2.5573840291172333e-15,0.47490624844449486
1166,3.4655775485191143e-15,2.8412805510023997e-14,2.485608019460097e-15,0.4881489336292361
1167,1.323092408728994e-14,1.3624526709344495e-13,1.057960578954722e-14,0.48684755040030725
1168,1.2712794394401324e-14,8.277625085868923e-14,8.011327474292832e-15,0.5000399224532884
1169,1.3974853897435314e-13,4.580630581415695e-13,1.4129314220522505e-13,0.4941708544196445
1170,7.65864909441347e-15,5.5566426436455954e-14,6.892226376921371e-15,0.4791247512359405
1171,8.882195059939854e-15,5.3644946043045746e-14,8.563646614397166e-15,0.4854303598915067
1172,4.203909103109093e-14,3.788466458626011e-13,4.483828317413485e-14,0.4778007500426611
1173,1.0648571783040892e-14,3.6623709388088794e-14,5.94395399956535e-15,0.5065219881646044
1174,1.205841127318328e-14,5.905032543353805e-14,9.232353988261408e-15,0.48856588845155785
1175,1.862531904958711e-14,1.8511774744645924e-14,1.6368350929244857e-14,0.4888774316514173
1176,6.980587208519881e-14,3.020707419454961e-13,5.618418497126022e-14,0.49978762025857576
1177,3.002239198217031e-14,1.0598286073255191e-13,3.1342027625188123e-14,0.5103150715989614
1178,1.219833734515537e-14,3.4726787182431083e-13,1.471572786068276e-14,0.46729195988591526
1179,2.620977907733836e-14,3.0170646295502977e-13,3.2609986888808656e-14,0.4905319263589263
1180,9.005885111593984e-15,1.8759070370426504e-14,9.228994715026693e-15,0.49161391401175936
1181,6.87980250318301e-14,2.3649136112902893e-13,6.988052840626032e-14,0.5008542514962755
1182,4.1262298989581674e-14,4.545250400521343e-14,3.2096213450365516e-14,0.49364603799622275
1183,2.1796990545641364e-14,1.8623289439919964e-13,1.2873203639825911e-14,0.48801445191547826
1184,8.081281972718624e-15,6.109935378420439e-14,8.161732605857826e-15,0.48370848268550615
1185,8.217832175851183e-13,7.766939889340276e-13,5.469534590887446e-13,0.5650805604214838
1186,7.883784913434719e-14,4.658561528488e-13,9.534657577672815e-14,0.5155822350912785
1187,1.8017797288731328e-14,7.213895246475389e-14,2.0184105557684534e-14,0.48335405632114997
1188,1.7112858819832994e-14,2.466426483978374e-13,1.1935845276302294e-14,0.46992385691410166
1189,1.1695271191574888e-14,5.971982942808548e-14,1.3177947461262016e-14,0.48196510125126224
1190,1.4249118319535554e-12,1.746908511340609e-12,1.4209570677484208e-12,0.546330393585231
1191,1.720049681453957e-14,7.595188021955814e-14,1.7098566651138445e-14,0.48592979559962257
1192,6.8697990622368955e-15,7.897728100596085e-14,4.419309312238836e-15,0.47642744899185346
1193,4.948122339800551e-14,1.0857165798218626e-13,4.3420719132004465e-14,0.4948845240105584
1194,3.6296251261178084e-13,7.565254817215683e-13,2.9405330685187723e-13,0.5100207287694503
1195,8.72811058795417e-14,1.4241094453319738e-12,4.694742506463268e-14,0.4666719039512827
1196,9.76370389949049e-15,4.707093843423121e-14,8.85325178624251e-15,0.4807441551896773
1197,7.977072829060985e-15,5.728804407126564e-14,5.956790196640835e-15,0.47814200047432676
1198,1.3660226445024191e-14,4.389116985262823e-14,1.1013533640094703e-14,0.4825974317607688
1199,2.598610524659712e-15,2.2209618316181216e-14,2.382448543438216e-15,0.4855461634400854
1200,2.386062975580078e-14,8.10889674002848e-14,2.361034020589831e-14,0.49256769042513043
1201,2.3397502077530865e-13,1.4813070806761142e-12,2.803410982822478e-13,0.5376465239922255
1202,5.066053636977113e-12,3.5245778434348016e-11,1.828510310007614e-12,0.4903968464639547
1203,2.33769682591405e-14,2.1835727106801557e-13,1.8566037638348208e-14,0.48146811353399244
1204,7.422400041353317e-14,2.2129909173105274e-13,6.401489283838723e-14,0.49899670457507456
1205,7.452663659725524e-14,2.8243119333463913e-13,3.464540611188414e-14,0.5192953441182908
1206,5.1855548277726054e-15,1.963124994663083e-14,3.5351268937708984e-15,0.48801462496885506
1207,1.9509208576008762e-14,4.134025439247131e-13,1.20677405817525e-14,0.47796022680850003
1208,5.350803696089816e-14,7.083906641567565e-13,2.6310259292936812e-14,0.4922019905889101
1209,2.3396574223066585e-14,1.1913939100150568e-13,1.9680018053155323e-14,0.4894328078597027
1210,2.4216517475983094e-14,8.450636520168154e-14,2.3475123265300232e-14,0.48344171249264034
1211,1.1346844659651306e-14,1.7499213718637646e-13,1.193590678428075e-14,0.48064643837933546
1212,4.5618475167932396e-14,1.5356923472350925e-12,1.0483501004948844e-13,0.4697586921480251
1213,1.8153278005566692e-14,2.848713364659451e-14,1.2998695890605239e-14,0.502537191240117
1214,2.3015435410326837e-14,8.273060489721102e-14,2.2197980793387913e-14,0.48918687554760254
1215,4.6302309421725365e-14,5.56107326486305e-13,2.591813664263464e-14,0.48788096108437456
1216,1.6154412981785353e-14,4.3047151439496806e-14,1.94415876569831e-14,0.4787656875714674
1217,2.3083299540755448e-14,4.530734821012144e-14,2.00785066989143e-14,0.48899479765350407
1218,2.0903408016580288e-14,5.270586450258841e-14,1.2746733668829951e-14,0.4946628631641943
1219,6.211366116531901e-14,3.1350548433469546e-13,6.52243176542688e-14,0.48483079729412565
1220,8.852325266787487e-14,7.786412884987406e-13,8.923257311290642e-14,0.4736533113817131
1221,1.2460142568624866e-14,4.889449353383512e-14,8.76123998591392e-15,0.4830020076407891
1222,2.987091500849157e-14,2.548284823762957e-13,3.321399192447837e-14,0.47539625252247786
1223,3.9869495919313464e-14,1.7686203102654272e-13,2.9592421150584645e-14,0.4876733441826218
1224,1.1766343786116774e-14,1.1736047325737737e-13,1.0313617162692614e-14,0.49019452546708636
1225,2.167340684157854e-14,1.4039779135887518e-13,1.0776810390583207e-14,0.4881534703121361
1226,5.967974850805664e-15,3.962425252620114e-14,5.4505813781316824e-15,0.4872622660957859
1227,2.980557722323846e-14,7.758381115153876e-14,1.9746892168711743e-14,0.4898739514070257
1228,8.34781396442865e-15,3.440298687519567e-14,6.5740648507810726e-15,0.4949029767565662
1229,9.863453883290737e-14,6.915330380405887e-13,9.443991326909738e-14,0.5138561002102506
1230,5.2177728757938836e-14,2.5816653819578513e-13,5.360634789890427e-14,0.4987818823145062
1231,3.763568746126595e-14,1.2111092024564425e-13,3.5999435498795474e-14,0.49390940950434015
1232,1.2550259750546803e-14,1.0702875828718952e-13,7.435514914113932e-15,0.4732256631785276
1233,2.8606294689468914e-14,1.4890327923675894e-13,2.7984809774706153e-14,0.4771084261992655
1234,1.451958863694254e-14,4.19651198660612e-14,1.0746596428915858e-14,0.4765699863390182
1235,1.2071779449639566e-14,2.3803642283159963e-14,6.662542048789653e-15,0.5004643828484404
1236,1.4320800583124726e-14,1.2854593751305742e-13,1.3775358331971128e-14,0.4812952678181318
1237,8.478124341611463e-14,2.70445090836884e-13,4.734796394648924e-14,0.5104189456993481
1238,1.3173826323357314e-14,1.8384765874448025e-13,8.645962444173197e-15,0.47908739549238816
1239,6.889741032102158e-14,2.356934965338906e-12,2.125675162253096e-13,0.4683934258708177
1240,5.768217883655726e-14,1.66960428463343e-13,5.3452142472171554e-14,0.5037002905577538
1241,2.5952116146918115e-13,3.603907282416229e-12,2.416286973461859e-13,0.517317022059433
1242,5.692463744760258e-14,3.392793725897864e-13,4.4472115337025294e-14,0.4802940841556847
1243,3.711278812319365e-14,4.58907573808206e-13,4.0191280075321197e-14,0.47510633640922606
1244,3.632874463320166e-14,4.3896073434279696e-13,2.1478691544027936e-14,0.46738668940342903
1245,4.40964114601756e-15,2.602036938483639e-14,2.829418393242504e-15,0.481308174869082
1246,5.922584636941909e-15,2.9183305239708494e-14,4.941577132014551e-15,0.4860661693095608
1247,2.513049651992058e-14,6.823371903943105e-14,2.3763600236250497e-14,0.4911899118080328
1248,5.89557923989314e-13,1.9974886615280843e-11,7.464638907087828e-13,0.47438613177619116
1249,6.773585143049935e-13,2.86759526055752e-12,5.082720147632491e-13,0.4906944620703143
1250,7.774628695408247e-13,1.617096188054141e-12,7.114972226077949e-13,0.5491125189400918
1251,4.596774030456816e-15,3.668184505435723e-14,4.209224823004451e-15,0.48793118699450133
1252,1.503635408713325e-14,7.923296293463209e-13,3.0558209370982287e-14,0.4667621269094525
1253,1.4772066574241427e-12,9.376829977972702e-12,1.0215830380514753e-12,0.5158794899685745
1254,1.1516566450898992e-13,1.1904264372978363e-12,7.238827579104432e-14,0.5232893379827146
1255,5.226925978862316e-15,3.099454901752273e-14,4.030613478353263e-15,0.4874568403078229
1256,6.5507689288631e-15,4.075636672499464e-14,3.9796097699763366e-15,0.48678507524600717
1257,1.5368151361284553e-14,1.2515997835030643e-13,1.1197495099819455e-14,0.4888695548495889
1258,8.49291628359214e-14,3.73434782545564e-13,8.602290628436442e-14,0.47597876383060794
1259,1.9029289290922976e-14,1.66725262752758e-13,1.709289480779209e-14,0.48897059038281443
1260,1.0905684517230163e-14,7.531147795247814e-14,1.1511003399802116e-14,0.48815199930722886
1261,9.00085111099162e-15,6.464770433474135e-14,8.291298671979732e-15,0.4831735414552895
1262,8.6924293658933e-15,3.664300189132751e-13,1.1833600759484388e-14,0.4673965899397444
1263,5.293999830341093e-14,2.1785384694692215e-13,4.905921235772666e-14,0.5043957674937701
1264,1.8427335968409286e-14,1.9043900164022192e-14,1.3306745435806974e-14,0.4879829173276448
1265,8.910352088347695e-14,2.2025011666033274e-13,7.43726633529672e-14,0.487570055453034
1266,1.9236399549456984e-13,3.8595419280325716e-12,2.564434641900009e-13,0.477882225384019
1267,1.3891563484249414e-14,7.318694343477653e-14,9.224012803731835e-15,0.4886507852350405
1268,8.718820219796307e-15,1.5108943631734106e-13,8.633119219961406e-15,0.4700002209654485
1269,8.879058588485521e-15,6.032559729434885e-14,6.2838369351285454e-15,0.47591432658427946
1270,9.813258138473226e-15,6.266966842088362e-14,7.189655458787064e-15,0.48507608514519235
1271,1.0203704837640896e-13,2.979800103198519e-13,5.143115661511787e-14,0.5069462497252971
1272,9.50884668242033e-15,4.499685608346968e-14,2.8733992378468107e-15,0.48235694841387156
1273,2.735636570184086e-13,2.15819018453636e-12,2.1131996125658836e-13,0.4882331852162679
1274,5.32965758144896e-15,1.27879438816037e-14,4.677299137893334e-15,0.49201118532801047
1275,5.608639833830699e-14,8.415814769728962e-13,4.413535217608228e-14,0.48723988389574513
1276,1.077857990464253e-14,6.670796558886862e-14,8.444201252527185e-15,0.484005215968682
1277,3.8566269386942285e-14,2.6099966283274544e-12,2.115143894323808e-14,0.4714280384738231
1278,1.2572056846050884e-14,1.3622447976744227e-13,6.73060583850201e-15,0.4878273728634667
1279,1.741385661778533e-13,8.01784756815026e-13,2.0025374984944048e-13,0.5389269221788708
1280,1.642482623934576e-13,1.1734232630646426e-12,3.043236359551484e-13,0.48359496518910416
1281,3.7019704633986355e-14,9.536920934819975e-13,4.102815137650565e-14,0.4757072413649439
1282,3.362080798139098e-14,5.249289692505683e-14,2.5056808879914705e-14,0.5054768762936874
1283,1.0694384291243031e-14,1.049823254641606e-13,8.255020958043972e-15,0.47780349396525706
1284,9.862146273063966e-15,4.639705554713925e-14,7.486876820595317e-15,0.4841957953827659
1285,8.957650937960685e-15,1.4968451952375563e-13,4.766955594074184e-15,0.48093640414517724
1286,2.8241365198710646e-14,1.5777544663205488e-13,2.90073437212248e-14,0.4845950533645009
1287,1.703237437236842e-14,1.1089850356048037e-13,1.2345155654210656e-14,0.4845349391536729
1288,3.7515173825715204e-14,1.106029954406339e-13,3.348590048677662e-14,0.4997732492758587
1289,3.875737074205536e-15,7.709548659836552e-14,3.962267255674334e-15,0.4845102084513201
1290,2.118466797954055e-14,6.706513334619662e-14,2.0550030615688893e-14,0.48971452200985366
1291,9.354346214757685e-14,1.2328819537801938e-12,9.344332474644176e-14,0.5113658886850316
1292,1.0262681171968385e-14,2.980024271714914e-14,7.75995055794281e-15,0.49253533942719513
1293,7.844678141092764e-14,2.077598613994065e-13,4.258811394342919e-14,0.4982263438825612
1294,1.2832896938085934e-14,2.903708222813736e-14,1.0024861532026301e-14,0.5015636439144145
1295,6.39962475439041e-15,2.235737433571683e-14,6.966693674992909e-15,0.4944137211143243
1296,1.573977498351938e-14,2.648560476724336e-13,1.0356877879488107e-14,0.4778993609443205
1297,1.4570246591785198e-14,1.4541143846692875e-13,7.282613875826261e-15,0.482721556971228
1298,2.208374579554369e-13,1.2860873907424266e-12,1.8509356877343125e-13,0.5259872970102151
1299,1.2101033821614832e-14,1.030494160878772e-13,8.294679715207222e-15,0.48525997369179097
1300,2.4264064304920882e-14,4.2837560114351295e-13,2.371091741257691e-14,0.49178937047072396
1301,5.259789828665795e-15,3.826457648058947e-14,2.401957870451285e-15,0.4875654170016787
1302,1.0029705877259814e-13,1.2113971568875026e-12,7.092513785744518e-14,0.4997133534057866
1303,4.9546552029375315e-14,6.917666313179586e-13,2.4668659644867135e-14,0.4731794651832388
1304,4.166648437137341e-13,5.89498168393442e-13,3.566076412591683e-13,0.5136234602759941
1305,4.545202805417254e-15,2.2616476078031968e-14,4.499119755820671e-15,0.4882314052134461
1306,3.430397691542424e-14,8.220801204236504e-14,3.052498335785723e-14,0.5300566007350426
1307,1.705440373807875e-14,5.0513926023516976e-14,1.6357297583724745e-14,0.48821297573740596
1308,1.5871032918172894e-14,1.458559618345154e-13,1.146213361253547e-14,0.4784326439461438
1309,3.418063698324125e-14,1.024815397758892e-13,3.149371213931415e-14,0.5121939120585012
1310,7.732925122307423e-14,1.4697421289988794e-13,7.721992127698305e-14,0.504596267283705
1311,3.946286063272757e-14,1.3331042043320453e-13,3.8908289993527346e-14,0.49528930748092537
1312,1.4877807872673065e-13,6.552529667118808e-13,1.1009065483524166e-13,0.49078762375684165
1313,3.47593147337868e-14,1.3456739648154868e-13,2.653987240756247e-14,0.47695953366819593
1314,1.5208286728601166e-14,3.137253560457063e-14,1.2742143678454633e-14,0.4850060448025033
1315,4.733636025316943e-14,7.493064027177886e-14,2.7829515142791648e-14,0.5251547745257994
1316,5.1974337435393245e-15,3.5164894803126326e-14,5.305792605033974e-15,0.48056847605112124
1317,2.6367013775771737e-14,1.9110257176000918e-13,2.5784699569236796e-14,0.5257450053755747
1318,1.8517535767489277e-14,8.494497107207696e-14,1.3556308671173405e-14,0.49157766117896246
1319,8.921651177385061e-15,4.009869508215425e-14,9.537810550847654e-15,0.4835509688266029
1320,9.05490223986014e-14,1.4513486913201423e-12,7.284195863906658e-14,0.48153477109663073
1321,6.742038703583554e-14,6.82581772633965e-13,3.0972693646208834e-14,0.4759444629882637
1322,1.5335637018850144e-14,6.042149710767146e-14,1.2910912016597504e-14,0.4887559220846015
1323,5.293325479361186e-14,5.067542414676263e-13,6.110845058407341e-14,0.4803071277921845
1324,2.2194183390433675e-14,5.931784848330083e-13,2.181700594712842e-14,0.4676974065740069
1325,3.3842619628571576e-14,1.535786381492721e-13,3.60661086357388e-14,0.4881426895759432
1326,4.255770394465923e-14,6.673057425651862e-13,3.2322432543342374e-14,0.48342612062369883
1327,2.302045885015195e-14,8.796845963484435e-14,1.3247421596818133e-14,0.4982601733019692
1328,3.926815578194206e-14,3.0062156349736876e-13,4.339545839065605e-14,0.4923370608907135
1329,2.8091653216769478e-14,1.6340931722573008e-13,2.6512169249497298e-14,0.4820079042887301
1330,1.2330292562915978e-13,3.0250342178945106e-13,1.186830212953761e-13,0.49130851211793924
1331,6.326594258746553e-15,4.994095525045385e-14,4.93325413432339e-15,0.5043442444020911
1332,1.5446455915272458e-14,5.6827107599797294e-14,1.2939994537218564e-14,0.49261229158582864
1333,3.0714403701960005e-14,1.932339099796467e-13,2.852630185541421e-14,0.4889643230038928
1334,3.488633274338165e-14,1.634263115806289e-13,2.8352710574158288e-14,0.47796259548849773
1335,2.4597222848747393e-14,1.0858750869444882e-13,2.3299509574649203e-14,0.49780064000842683
1336,1.6471246930733448e-14,9.36822064888357e-13,1.9663857278789466e-14,0.4664644782882533
1337,5.885573578254104e-15,5.3916502686190795e-14,3.448328007368318e-15,0.48370498365129605
1338,8.482819930924073e-15,3.507133373809458e-14,6.575779335039798e-15,0.48396708855307224
1339,1.0918292528467039e-14,6.417620275522035e-14,1.0424544882435932e-14,0.47930799594905693
1340,1.635625160337067e-13,3.904817237373233e-13,1.3792129842771686e-13,0.4943517722644174
1341,4.049806881274981e-14,3.0018461492008554e-13,4.773108907012771e-14,0.47513488142049026
1342,4.3965727656754686e-14,5.349305471273473e-13,2.8166853789910074e-14,0.5145983298942156
1343,3.475254453623734e-14,7.767634836134871e-14,3.3227046896619964e-14,0.5038256824367636
1344,8.15225073272548e-15,3.0684671487303337e-13,7.0083586069311295e-15,0.4765211883030133
1345,2.1130515171666258e-14,1.4279148612057646e-13,2.3016450621577628e-14,0.4722702938663133
1346,2.1994187286912233e-14,9.036745433173877e-14,2.254007286138656e-14,0.48334491761634124
1347,1.85784872439681e-14,1.5550464283573177e-13,1.5964572813614918e-14,0.47691788360243664
1348,6.801789253703406e-13,6.960751090199376e-12,8.238244653331618e-13,0.482297937741896
1349,2.7762207357901447e-14,1.3407572291489977e-13,2.930128777405331e-14,0.47807140133918435
1350,2.440509580766188e-13,2.6957143112166225e-12,1.6021204024483205e-13,0.5123695996237074
1351,1.312550952998126e-13,1.0887386548208028e-12,1.0358449041675991e-13,0.5056625906570844
1352,1.4659396697478736e-14,8.69964879968953e-14,1.2486018399133259e-14,0.4862702522790642
1353,1.7313575657060513e-14,1.1230297871467524e-13,1.1150664237527213e-14,0.4792682867704571
1354,2.106946202544218e-13,7.87497129761164e-13,2.247000835880713e-13,0.5015755369621729
1355,2.0245116087523702e-14,7.531457127977837e-14,1.8238197573836332e-14,0.4908476584292657
1356,2.6016096894129333e-14,3.190560692085858e-13,2.320584247416252e-14,0.48288703577636627
1357,5.5588809267467814e-14,2.412476658065669e-13,3.2757957639974775e-14,0.5461680787986551
1358,3.7127056144826186e-14,1.052857853287035e-13,1.8026458299194652e-14,0.48728133559707204
1359,1.1857104054221701e-14,5.399613050101184e-14,8.97360002866474e-15,0.4856631589744211
1360,3.512768574384953e-14,3.970990960402417e-13,3.062634224909898e-14,0.49528020962370645
1361,7.641745343869973e-14,3.473061395768546e-13,4.634723826680029e-14,0.5157526201146538
1362,3.095835986207974e-14,2.1030425234630104e-13,2.958000343047117e-14,0.4856186380802683
1363,2.715082650468355e-14,2.9606098172305907e-13,2.3636243542004488e-14,0.4794871228397824
1364,1.0818201506747762e-14,6.889691139963405e-14,1.123836161502156e-14,0.47636451038306404
1365,7.43437845141831e-14,1.3897393002793496e-12,5.118619423747455e-14,0.4686558195397083
1366,2.4278614616876867e-14,2.1597486048101938e-13,2.4909749633479975e-14,0.47619531323689446
1367,8.719883953088899e-14,2.2975847846126493e-12,5.059857706672426e-14,0.510746953107082
1368,1.4044639412855987e-13,3.1328946951145077e-13,1.243536774721762e-13,0.5099376832004054
1369,3.191452857659001e-15,2.2088664333595915e-14,2.01306142842546e-15,0.48820935826042844
1370,6.207138698448915e-15,3.150159933555744e-14,5.1595891692751055e-15,0.4879950052883942
1371,2.834453405745572e-14,6.338763806471615e-14,2.9319963461114804e-14,0.4958360713051661
1372,1.0577558005801576e-13,2.0969212809120515e-13,8.084054645095895e-14,0.5074622985728638
1373,1.2359679924292036e-14,7.024885173140154e-14,1.1427488877589046e-14,0.480869919966608
1374,1.3988902619373028e-14,4.7150220530110027e-14,1.4297646609314794e-14,0.48198366623400946
1375,1.4126893852155879e-14,6.391922972677445e-14,1.5020980256584083e-14,0.4857551338216581
1376,2.321711661545503e-14,5.961533075842662e-14,2.227878039094838e-14,0.4905513640711433
1377,1.618095443789648e-14,7.659828494501948e-14,1.2432067505627894e-14,0.4844858063308493
1378,3.2204755077017557e-14,1.474419112523595e-13,1.5918964488271557e-14,0.4752361142447626
1379,1.2744243007205901e-14,2.88885048344391e-14,9.976878819188864e-15,0.48485704153463305
1380,1.757702086512188e-14,3.0278861189154436e-13,1.5790230424398358e-14,0.4725033947492193
1381,4.103128433701544e-14,7.396031063206012e-14,2.8498979994826006e-14,0.49529724746353165
1382,6.208633837575054e-14,5.3898368020181195e-14,5.1168878474644674e-14,0.49516095858562037
1383,2.1828612927397888e-14,1.361694237285337e-13,2.444404582197215e-14,0.47933206260258887
1384,9.49914339729555e-15,1.1970820997624555e-13,8.859690670682535e-15,0.47794697372683004
1385,5.157704098077475e-15,3.428198443859521e-14,3.954367235219731e-15,0.49202748460556905
1386,5.87909916753272e-15,5.1037547380801103e-14,4.8610326650149185e-15,0.47937320414130224
1387,5.0350523730020126e-14,1.3362895171887551e-13,4.2910301473119227e-14,0.48809020271819464
1388,4.849715614173778e-14,2.4169928904596756e-13,3.8031793248052694e-14,0.48664701939160293
1389,2.1155472407329858e-14,1.2795736468867667e-13,1.6283574647198404e-14,0.49968989469925873
1390,1.6752662032738818e-14,2.2899268255709875e-13,1.7092340343249726e-14,0.472361871274552
1391,3.2348548735089724e-15,2.964281862341946e-14,2.7140664605726864e-15,0.4829893661230017
1392,9.11545206174463e-15,5.2689551025903844e-14,7.144668863537422e-15,0.4894838091608108
1393,1.970886285963617e-14,5.4961917627619726e-14,1.6968517952072208e-14,0.47676790432797134
1394,3.642360956168977e-13,8.975342254312839e-13,3.608656200142836e-13,0.5432071579092735
1395,3.6354984605859685e-15,3.90963849545721e-14,2.7985979752634556e-15,0.4843716399762343
1396,1.290748412871072e-14,6.590803294114212e-14,7.296827623454469e-15,0.4838610540047739
1397,1.1088235990243045e-14,1.3897652685429369e-13,1.578029360361622e-14,0.4761733809466023
1398,1.7499915262774118e-14,8.157950539802113e-14,1.7819261550779163e-14,0.4841985363873391
1399,8.534352080013497e-15,5.098117719553681e-14,6.515134273394864e-15,0.4847311144007108
1400,3.8055297276212705e-13,1.7645704411065623e-12,3.3825592366453844e-13,0.4885829995801032
1401,1.5992625904500625e-14,1.2776137631436307e-13,1.2802137230242695e-14,0.5016264476176729
1402,9.71995321502091e-14,1.5089117554539274e-12,9.426990835361961e-14,0.4816912056219735
1403,2.5158192261367497e-14,1.292054094108084e-13,2.7278717744100955e-14,0.48381687835499176
1404,1.0494513072901801e-14,3.5222557710838505e-14,7.772066816287878e-15,0.48594024127996815
1405,6.499683609017319e-15,4.704709381169765e-14,3.974969745527835e-15,0.4850477565643814
1406,1.1281268173733638e-13,1.244767403229787e-12,9.849155058499615e-14,0.4961863077180169
1407,6.80565911042369e-14,5.784865573723835e-14,5.995074868258057e-14,0.4886345974668075
1408,9.182038641547632e-15,7.629929365000068e-14,8.282251870669769e-15,0.4951453006266092
1409,1.569605849137231e-14,2.890322109453321e-14,1.706602158872038e-14,0.4949674962430436
1410,3.5188013874250546e-14,4.097742568522315e-13,4.275160846543798e-14,0.5004254521511029
1411,1.489157749857981e-14,1.3630398659179912e-13,1.1028463337038104e-14,0.4840206889115507
1412,3.2566315971130387e-14,4.011316521723756e-13,2.8122166083411172e-14,0.49999800557416163
1413,5.270552427945126e-14,1.9781406188395887e-13,3.9222957387891073e-14,0.46846794936209335
1414,2.4354176493735943e-14,1.336776624138294e-13,1.881378321831974e-14,0.4804996242000925
1415,4.059805269391455e-15,1.5534380202869404e-14,1.5480699115633578e-15,0.48806596781196276
1416,5.7912601444908196e-15,6.372857180163709e-14,4.507623726951295e-15,0.48434751106760815
1417,2.600611280025494e-14,1.2473324038214996e-12,2.9081954397251624e-14,0.4696410090789868
1418,0.0,2.6861803277308067e-12,6.33721048161962e-14,0.4646973063285259
