Sample,Raw_RMSE,FCED_RMSE,SRCG_RMSE,AlphaMean
1,7.649711452173597e-14,1.479887015539663e-13,4.0416916561775523e-14,0.6739716819720343
2,8.944077059828203e-14,1.9261894540926187e-13,8.064263388617798e-14,0.6821237091440707
3,5.710217824286409e-14,1.2184329267067485e-13,3.416699898830582e-14,0.6726239735027775
4,1.671003630449638e-13,2.687537826398127e-13,1.4432096957830593e-13,0.719405998592265
5,5.360874790525882e-13,8.705913535708528e-13,3.177041337549589e-13,0.7416915889363735
6,3.279737974662004e-14,3.8634439897682435e-14,1.5880752385865548e-14,0.6943654152331874
7,6.983963073495206e-14,9.168711035988454e-14,4.3987170976119996e-14,0.6777905391412787
8,5.1658239720362124e-14,8.063701297094606e-14,2.1951381183535423e-14,0.7069329733494669
9,3.3392639797685004e-14,3.93922119780154e-14,2.4708517791228064e-14,0.6947335353121161
10,3.453298796547517e-14,2.2422865908428817e-14,1.5109347127858414e-14,0.6916252088500187
11,4.3705109930941943e-14,6.958223258301401e-14,9.083208510122713e-15,0.6821129881311208
12,5.804769473131905e-13,4.0809370578252784e-13,3.666770030334666e-13,0.7006287816911936
13,4.2655636851213937e-14,6.52718448070368e-14,1.9469382714116573e-14,0.6644688933156431
14,9.34969398833698e-14,8.683164346014651e-14,4.405169103965307e-14,0.7079534880351275
15,8.008755186249623e-14,2.0987962084670713e-13,2.5422490790069052e-14,0.6783141188789159
16,2.188656020031972e-14,2.063450982753354e-14,1.4003688055100652e-14,0.6853456409065984
17,6.781361382786236e-14,2.1316517336718024e-13,3.3232447554212224e-14,0.6561740253004246
18,1.8635210842726604e-14,4.9476112456563984e-14,5.468089064364544e-15,0.6693407590733841
19,2.1875260087287365e-13,1.763106872998034e-13,1.4350369043639154e-13,0.7356458161957562
20,4.035646900010477e-14,7.447608553916505e-14,2.6262035616729764e-14,0.6754886810318567
21,1.980499072649889e-13,4.5350479126086806e-13,1.8155099788589434e-13,0.6677148342598229
22,5.627728403118329e-14,5.424656019762318e-14,4.7645114116848854e-14,0.6952683934476227
23,7.307490148899639e-14,2.9980030389180367e-13,3.80310305386302e-14,0.6536730526597239
24,1.738859372841322e-13,2.6235364089666327e-13,9.628401555045757e-14,0.6848147685872391
25,5.235799770418767e-14,6.778139391262312e-14,2.502259968374762e-14,0.7150897850515321
26,2.864733283985081e-13,2.3351536204539963e-13,2.1416525881249679e-13,0.7487567379139364
27,3.82706105548857e-14,6.895317150082165e-14,1.3246702181526999e-14,0.6771071095601655
28,1.2145249982839393e-12,1.2984026256774202e-12,1.111574529215475e-12,0.7347547629149631
29,9.277198404930706e-14,1.4117776915036532e-13,9.6792529551548e-14,0.707358087808825
30,1.177503339099236e-13,1.4046237608997545e-13,7.583947931169758e-14,0.7467589830514043
31,1.877895076560416e-14,1.6267618284241184e-14,1.1623601207731399e-14,0.6929952463600785
32,3.671786933660716e-14,6.084501684496933e-14,1.476484758370243e-14,0.6981641501653939
33,6.689648492970763e-14,1.7106825567191465e-13,6.008744020088768e-14,0.6362643741536885
34,3.06646609551325e-14,1.2792515578316877e-14,1.45258063247846e-14,0.6982146409340203
35,7.74144049384307e-14,7.95078219768383e-14,6.550730795702385e-14,0.7066063984530047
36,7.718910731416187e-14,7.26126264748279e-14,7.168004425661811e-14,0.6961040215566754
37,2.685134934739118e-13,1.0008426199742508e-12,1.5026140073205053e-13,0.6175265979487449
38,1.6950674830794308e-13,1.4273720910026808e-13,1.2162092441940935e-13,0.7097366019617766
39,5.826044285490735e-14,5.2525584527227226e-14,3.656945313749873e-14,0.6781412592157722
40,1.16899435711473e-13,1.82311665176319e-13,8.434859926068403e-14,0.6908742110710591
41,2.2024504466798685e-14,5.0888172012325736e-14,1.0862190272860538e-14,0.6701672154827975
42,5.0023986197755167e-14,5.515583887417569e-14,3.398720927221352e-14,0.6628803915693424
43,5.782359189988902e-14,1.046327971926993e-13,3.778347473599363e-14,0.6629124722210691
44,1.6610782580003e-11,2.095955602684503e-11,7.287790170330074e-12,0.7352045810315758
45,9.685032507540229e-14,1.1062161434733308e-13,5.713624648565516e-14,0.6685078389476985
46,4.773373387135353e-13,4.573141717928116e-13,4.478446161604336e-13,0.7048282654490322
47,4.997953730915659e-14,4.583591892247609e-14,3.3098478849675715e-14,0.6637741064303555
48,8.654675564557805e-14,1.2694132428283281e-13,6.793438004672413e-14,0.7322187544777989
49,3.225234182086098e-14,3.8557344758265106e-14,1.2668885107051126e-14,0.6875198972877115
50,2.1201235965434448e-13,7.801492558142504e-13,1.0676508752099662e-13,0.6588838939205743
51,6.409143141854282e-13,5.756754881507551e-13,4.2945243913025197e-13,0.7160936757689342
52,6.731343518331508e-13,9.603474610419457e-13,6.643222615133644e-13,0.7770662013441324
53,2.985243178018864e-14,3.059007357399351e-14,2.4672795700737322e-14,0.6824897524551489
54,7.105829464954137e-14,6.696132082406564e-14,3.298778644372856e-14,0.6999080442590639
55,7.658678002158152e-14,6.462825045596828e-14,2.7724176116139416e-14,0.706155174667947
56,1.3689961197079326e-13,1.0803526647551145e-13,6.670952062059262e-14,0.7206174880033359
57,7.601920254605669e-14,4.46144939402238e-14,2.858215463324327e-14,0.6921512385364622
58,1.3253199479707056e-13,1.1107788679342365e-13,1.1055598235639744e-13,0.6961446181638167
59,2.714324382676008e-14,2.4486181764179023e-14,1.9251838300870363e-14,0.6767065109335817
60,1.0302418835204232e-13,1.1012574994792299e-13,7.854245252724219e-14,0.6932663776446134
61,9.990633863637401e-13,1.0073968944116156e-12,5.833432914676279e-13,0.7440708222799003
62,5.3545949058518e-14,4.963475722988618e-14,3.813282108462761e-14,0.6759533700998872
63,7.135422253102895e-14,4.55950178027862e-14,1.7023602538216254e-14,0.6952760328073054
64,1.0688918660324896e-13,2.120772067538293e-13,8.893024775690105e-14,0.6668208275921643
65,8.97337886535987e-14,2.1595960838729826e-13,9.390953269406701e-14,0.6478654748061672
66,3.171100236659691e-14,2.4873592702096858e-14,2.4122194281590964e-14,0.6950824195053429
67,1.709531654605628e-14,1.9990848954547993e-14,1.0075329425422846e-14,0.6803113122587092
68,3.416076415128532e-14,4.185586516195638e-14,2.8574793054798355e-14,0.6969204956199974
69,1.1466601337135894e-13,5.6381359420447726e-14,6.149745218411743e-14,0.696201765537262
70,3.7372203365733586e-13,6.89884805484607e-13,2.2243532955912213e-13,0.7197330387774855
71,1.4576968909134698e-13,2.388639768051747e-13,1.2426134413523984e-13,0.7200289373286068
72,7.478611678098038e-14,1.7951096901569533e-13,3.3175898382384493e-14,0.6665582697605714
73,3.7554394078025877e-13,1.7392338213609127e-13,1.6312873085125316e-13,0.6400268654571846
74,1.7464103202314762e-13,2.807677779173266e-13,1.5131126336286341e-13,0.6562179768690839
75,1.512652059175119e-13,6.834733118379318e-13,1.1935120720205657e-13,0.6363231100025587
76,2.0258109214628842e-14,1.2355629867193298e-14,4.4643837016072105e-15,0.6859288821811788
77,1.9372030977436333e-13,7.013022949755214e-13,1.0123692470688723e-13,0.624674516246887
78,2.7286235404557064e-13,4.488843104366377e-13,1.2801483010252393e-13,0.6737689836532809
79,3.374461406721662e-14,4.213579721265106e-14,2.164014723149475e-14,0.6746695761103183
80,5.3793278520819986e-14,8.330097324335785e-14,4.5937144408360443e-14,0.648605639510788
81,9.297225525045136e-14,3.1341504681716815e-13,8.826117900579139e-14,0.6460751692648046
82,5.53862547582109e-14,1.1482709796167636e-13,4.824350214136561e-14,0.6704817439545877
83,1.281048366970518e-13,1.9385976829409574e-12,1.4795155277573357e-13,0.6132307103078347
84,1.9633588280566318e-13,1.1187914746514217e-13,1.3012692561851596e-13,0.7371164601296186
85,1.4758796379702846e-13,4.9158399948514e-13,8.39365267073001e-14,0.6618851222796366
86,1.413213348752438e-13,4.0849061119310917e-13,1.3830843416838e-13,0.6683598424308002
87,5.557208783514659e-14,6.887121333372055e-14,5.731991115310356e-14,0.6808758496539667
88,1.2746151533926369e-13,4.5316878826824504e-13,2.0854035774731719e-13,0.6661005150293932
89,1.482145265595086e-13,2.345858404306818e-13,6.656280165424782e-14,0.7154676310019568
90,3.144814894201121e-14,9.201732587401379e-14,3.1515947257505876e-14,0.679327481938526
91,1.2837995178600714e-13,1.6126709277804427e-13,6.90015488185611e-14,0.6625293170451186
92,4.147487503936522e-14,1.0995790014622324e-13,2.496109651383729e-14,0.6776070273597725
93,2.698634629441362e-13,1.9665443569977967e-13,1.123950436597108e-13,0.7175885679200291
94,2.2305143020716155e-14,4.077905617318025e-14,1.2917881011601159e-14,0.6782260309555568
95,2.0545588207052117e-13,6.886695824096228e-12,2.211117814808588e-13,0.6439790720818565
96,9.772876317262684e-14,1.377039432974749e-13,4.1743697402836205e-14,0.7079132033977658
97,4.221866381169304e-13,2.6508784672474833e-13,3.121474330989328e-13,0.7061600279994309
98,1.3972467647448315e-13,4.707937962341593e-13,1.0089088979339491e-13,0.6752597899991087
99,4.9461516767290965e-14,3.927844034710353e-14,4.632165243970289e-14,0.6857855617068708
100,5.446211429347493e-14,4.2368365436542275e-14,4.703420907944956e-14,0.6635111667914316
101,1.1641967321822233e-13,1.4183046852869998e-13,7.806473261149103e-14,0.6993405916262418
102,3.676640552710685e-13,2.1832900071141952e-13,2.741322247636071e-13,0.6957117681158707
103,3.993424259485776e-14,2.355823985517762e-14,1.7108236044618618e-14,0.6938113295240328
104,9.077186380856127e-14,9.384496233448578e-14,5.898461267410989e-14,0.7120496686547995
105,1.612399891927758e-13,1.7324924455244677e-13,1.1212721587271471e-13,0.7323191795032471
106,1.0501459742639343e-11,8.286713597388638e-12,4.181424268991575e-12,0.7113206205656752
107,2.1260690266863384e-14,1.4680039891224827e-14,8.905026734110026e-15,0.6778493387973867
108,1.3508441959688754e-12,1.883216539834048e-12,8.385447060318714e-13,0.7312169930897653
109,1.2711055790950187e-13,2.3252052638393385e-13,9.972888450997393e-14,0.6973469029879198
110,5.879836782961697e-13,1.273217684753531e-11,6.579640665518619e-13,0.6270170146774035
111,3.36580945544821e-13,1.9060257383858865e-13,2.449939711030514e-13,0.726325124129653
112,1.0785933297382825e-13,4.4730670135487686e-13,4.289285942896249e-14,0.6518869801424444
113,2.538813849315208e-14,3.5522490927316643e-14,2.0167820898431074e-14,0.693149805534631
114,1.0831561169022449e-13,1.464415864969289e-13,7.883807136032764e-14,0.6847165672457777
115,3.9536803236180464e-13,9.657879442696284e-12,3.8702197526383985e-13,0.6248871734656859
116,2.737120691514302e-14,3.8954190450787134e-14,1.8575159099230762e-14,0.6503471786621958
117,6.600797239179103e-14,1.1676658859485582e-13,5.3010259129418384e-14,0.6841499195783399
118,2.815190849268656e-13,6.305977830711618e-13,1.6718973827667253e-13,0.7393715602345765
119,1.854595611847348e-13,3.823352776161839e-13,1.6232431229806759e-13,0.6909140088479034
120,5.2880687400574846e-14,4.660943079374267e-14,4.0172503042841563e-14,0.6938017642125487
121,3.938824250295689e-14,3.2273493573610615e-14,2.1374053887337704e-14,0.7031167920213193
122,6.847976903320062e-14,3.852006688990951e-14,2.5992129767882206e-14,0.7030690972693264
123,2.349093210135272e-13,6.262248070434863e-13,1.64193168903937e-13,0.7105217271950096
124,5.127197725832758e-14,5.752106894597479e-14,3.577570091336447e-14,0.7016726830275729
125,5.0369549990582695e-14,3.292137652628935e-14,3.944775914328792e-14,0.6830289931269362
126,6.86338726472265e-14,8.227050853112926e-14,4.720756043102804e-14,0.6614680860890075
127,2.293542274387808e-13,2.8197988526334413e-13,1.2923197118570371e-13,0.6700889322208241
128,3.298272726640198e-14,5.371707314923016e-14,2.852327755742082e-14,0.6726317889639176
129,8.770359616069963e-14,2.1249323339016392e-13,6.523140507882054e-14,0.6797027782537043
130,1.3129402064167152e-13,1.5703873917897836e-13,1.1760080234507699e-13,0.6926981425378471
131,5.372890899210362e-13,1.6159452230471125e-12,3.5922710111860276e-13,0.7106095186900347
132,7.739394310431506e-14,5.051233357865532e-14,6.105980833261523e-14,0.6929133780766279
133,1.647984027699092e-13,1.8876769714007168e-12,1.1048393740757378e-13,0.6230521399644203
134,4.082357393387281e-14,4.0080276374693833e-14,2.310328791973869e-14,0.6953946445835755
135,5.005771209173388e-14,4.782965941370437e-14,3.7346009703957515e-14,0.6859227260109038
136,7.63177944564401e-14,1.2980071774609983e-12,7.798163639299112e-14,0.6269989768217783
137,5.3329800228145317e-14,7.225760191815188e-14,1.6849297183772856e-14,0.6718075544456952
138,1.1712660339150358e-13,1.7441926843501792e-13,7.736245106419277e-14,0.6795147176133469
139,8.212610852859995e-14,1.0866984861088181e-13,5.665102772848777e-14,0.6640244332491421
140,1.5460880818556305e-12,1.7730029145612356e-12,1.3730695390686857e-12,0.7444243726320565
141,5.122873086564371e-14,5.818074777707942e-14,3.3832536989771355e-14,0.6944779005600139
142,3.469047799477402e-14,2.540366010326648e-14,2.965323731757672e-14,0.6933937401277944
143,9.286425257340819e-14,1.1211113435240752e-13,6.852138848849174e-14,0.6702236334444024
144,9.374225792596145e-14,1.1273355611478043e-13,4.9736707835447866e-14,0.68400241661584
145,9.289826373622016e-14,3.658305348100544e-13,4.170574838899351e-14,0.6753318953211419
146,1.1219912516969731e-13,1.101347092440559e-13,9.510512871148897e-14,0.7226642049383372
147,6.259577236557009e-12,6.526601677123453e-12,5.265644631002793e-12,0.6959035678301007
148,3.3491976068733846e-13,1.6816030083225839e-13,1.6600399341620865e-13,0.6722484803758562
149,6.69456432549941e-14,4.2587754519281504e-14,2.873416912135775e-14,0.7021391791058704
150,1.5677627115231035e-13,3.7701472543897025e-13,5.3752406450460283e-14,0.6410297842230648
151,1.793978303261617e-13,6.561343248334382e-14,9.192343582378103e-14,0.7136774549726397
152,1.4471235072470202e-13,3.3840626722018983e-13,8.096841654562785e-14,0.6757780308835208
153,2.940786851329172e-13,3.393349003578515e-13,2.371983485989202e-13,0.6759110849699936
154,2.697900336322908e-14,4.68325133549836e-14,1.932246321356253e-14,0.6764339892775751
155,3.1686989128987e-14,2.4236521303492812e-14,1.9935624167610476e-14,0.6576395298005082
156,1.2014193959567065e-13,1.2881259828037253e-13,9.516569220799849e-14,0.6946391406934709
157,1.1581768101635518e-13,3.6891252645299503e-13,1.1111647067509303e-13,0.6557237136177718
158,1.8689350307897353e-14,2.0991277469302066e-14,1.3340225137401638e-14,0.6850291405804455
159,4.717869391060145e-14,2.230999474158384e-13,4.4565432085239654e-14,0.6547511151991785
160,1.7602982309171425e-11,2.341943155573803e-11,1.2524916238069568e-11,0.6960683492477984
161,2.7619954043099938e-14,3.4537637936787667e-14,2.256978680556229e-14,0.6736202723579481
162,7.076050591764149e-13,1.5406225026706711e-12,6.055046053624498e-13,0.7572936322074384
163,5.15152403987559e-14,3.902957848524109e-14,3.546602110037388e-14,0.6833756932290271
164,7.018216847127291e-14,4.569501807860504e-14,5.101700308785187e-14,0.7096918087219819
165,4.235268849456522e-13,6.936321700449749e-13,4.1354685707650877e-13,0.7390586022520438
166,1.0274093288674733e-13,5.108086049214998e-13,8.690251826257514e-14,0.6488457194413059
167,7.701208506482527e-14,1.1898974831461856e-13,4.624138237981915e-14,0.6810391002800316
168,6.581168177136365e-13,1.2444493726630486e-12,4.809961929904875e-13,0.7188324409304186
169,1.3026405773188913e-13,2.876980631452814e-13,9.412263120449343e-14,0.6840553491027095
170,6.017482742871731e-14,7.856283802258805e-13,5.3455667203240985e-14,0.6272958822548389
171,7.222704851642225e-14,1.3191221384882538e-13,7.421259138177113e-14,0.7057908616727218
172,1.0931467729824708e-13,7.51856657397021e-14,8.370575412842722e-14,0.7049773478880524
173,4.2635373769961157e-14,4.2987096824292593e-14,2.9384907424441205e-14,0.6581728440709412
174,6.600622199924806e-14,7.780405871135692e-14,4.5908091373525165e-14,0.6838026052340865
175,2.5047865365724967e-13,3.0927411488653537e-13,2.478097846767711e-13,0.6665434644557535
176,6.84674428509856e-14,1.0207757941528006e-13,6.236760942094476e-14,0.7005469688447192
177,3.110659926217454e-13,3.2385073700844055e-13,2.8302487538915584e-13,0.697305107419379
178,2.1810933681855162e-13,1.772371361492248e-13,1.44539102978373e-13,0.7148784846998751
179,3.137668431467057e-14,2.598569427875107e-14,2.6246233580250178e-14,0.6932255848543718
180,1.4272734602698355e-12,4.765833219044705e-13,5.223812403266991e-13,0.6972267045173794
181,1.755490376230384e-14,5.582098185773376e-15,8.087615065363836e-15,0.6940566200995818
182,3.5427819655464805e-14,3.667177425500982e-14,2.4193929980825854e-14,0.7109991379082203
183,4.1645758124276205e-14,9.774941355115913e-14,2.2586481593589228e-14,0.6535549606429413
184,6.590500813743437e-14,6.809266922299087e-14,5.226532740446931e-14,0.6743498225696385
185,9.321058716136791e-14,3.956823967526758e-14,6.675463256841454e-14,0.6955415004864335
186,5.162714986636809e-14,1.1293462690012574e-13,4.055209357164521e-14,0.6671770773478783
187,9.188410859499253e-14,2.590205474519153e-13,7.649316724652725e-14,0.6814793023047969
188,4.117872062443901e-14,4.179618047820395e-14,1.2380638262244433e-14,0.6547934580361471
189,1.040417480828105e-13,9.792899489930066e-14,7.145008239281902e-14,0.6820972032728605
190,2.2925663327460903e-14,5.0142315004589846e-14,1.729751701192066e-14,0.6742712182342074
191,1.4832203217898863e-13,9.151125770512484e-13,8.591526038510854e-14,0.6673225278616883
192,1.8524090428334987e-13,5.507664513894451e-13,1.478538513183185e-13,0.6391242536716163
193,4.366866383607514e-14,1.311623083649903e-13,2.2452982461022576e-14,0.6664473578915932
194,1.5441569108746936e-13,2.9917300427450443e-13,1.2065762124999924e-13,0.7346366569865495
195,9.802445050880937e-14,1.2946854450728155e-13,6.602563857459566e-14,0.7117387735517695
196,4.1811235831687037e-13,3.2184999358615612e-12,3.9991771529815246e-13,0.6136889557237737
197,3.8642102058507365e-14,4.6156093600441426e-14,3.235475221535598e-14,0.7304668174125254
198,4.78946648741051e-14,1.1383727485995204e-13,3.46192574668954e-14,0.6798358962289057
199,3.6522516066077167e-13,1.4188875631817301e-12,3.4965560816019817e-13,0.697206158307381
200,1.94960754185415e-13,3.644482979022352e-13,1.7998248599423405e-13,0.6816906657186337
201,1.4266578545465203e-13,1.0071417107437658e-13,1.1238116888705253e-13,0.720039197197184
202,2.1815532580505914e-14,3.026286617761617e-14,1.1868636196093058e-14,0.6927998567931354
203,3.990347084717032e-14,3.136935410890672e-14,1.488393848164294e-14,0.6994289891794324
204,9.169972784001118e-14,7.380398424059533e-14,4.5341984394994824e-14,0.7158449470065534
205,1.8032838389703347e-13,1.9174131031389803e-13,7.154660635326682e-14,0.6948813340859488
206,3.353669409820213e-14,5.674322879173253e-14,2.2189670568034827e-14,0.6854866505484096
207,1.586272091876694e-12,9.902431612160097e-13,5.682306335799514e-13,0.6943748173769564
208,3.636652557317866e-14,3.1400963830215746e-14,1.270098294108368e-14,0.6958891222951934
209,6.806197731518397e-13,6.851251837529491e-13,3.1981657812447487e-13,0.7525539795402437
210,5.639007259218032e-14,3.253822366758596e-14,4.79284668306401e-14,0.6795715079177171
211,7.277747742427287e-13,6.775130417175414e-13,5.369802497004232e-13,0.7121679531410336
212,8.506156717436636e-14,6.836092275044059e-14,6.896329245230569e-14,0.66989115125034
213,4.246384713916743e-14,2.4820607419346684e-14,2.2481072664522415e-14,0.6978502502199262
214,2.8738009279354565e-14,1.6663821768367014e-14,2.1458956165742134e-14,0.673510815470945
215,4.026532657624277e-14,3.312835956779215e-14,2.0820412468867745e-14,0.6752106608473696
216,3.403699550931035e-13,4.4112016972084426e-13,2.6728587287480045e-13,0.7048098016064615
217,3.742440686713511e-14,5.384774960918014e-14,2.0298487305793565e-14,0.6863535323180259
218,1.9828467962343002e-13,1.8624813305288926e-13,1.5866844689256762e-13,0.6650411214563064
219,6.149052976833298e-14,6.419272001596769e-14,3.814277220524272e-14,0.6991338561289012
220,7.092863770569078e-14,5.6577512996724236e-14,5.76512029104453e-14,0.7097841602982953
221,2.7102667880861463e-14,4.0656909124419074e-14,2.4972142491972267e-14,0.6779683363740332
222,2.077506498161748e-14,1.5244104404651524e-14,1.2909406414478008e-14,0.702387419086881
223,3.1130662338253014e-14,1.774615212244088e-13,2.488117265920623e-14,0.6796848467784002
224,1.8957915957301034e-14,7.315024235569519e-14,9.567565567750032e-15,0.6746213248348795
225,4.3012788973300315e-14,4.9851779189597334e-14,4.530853873061063e-14,0.6675015878863633
226,1.4648603400178246e-13,1.594347786460931e-13,1.3226482107028094e-13,0.7335206049494445
227,1.612924528471219e-14,1.605681187060942e-14,9.298580381672322e-15,0.6802619725349359
228,5.5684103242348845e-14,7.200478541649224e-14,2.8066845594833716e-14,0.7033280222211034
229,1.4265133277194266e-12,3.927949006246347e-11,2.5671490147680612e-12,0.6173559283139184
230,9.60691771804786e-14,1.4839115464306915e-13,6.480143835394011e-14,0.7067762573249639
231,1.55643258499415e-13,3.481177051152187e-13,1.3695809617881954e-13,0.6998673502588645
232,1.5123204209921326e-13,6.703409286684447e-12,4.342669809222673e-13,0.6157203159178607
233,1.0732023972938644e-13,5.530092766409792e-13,1.0068114233163203e-13,0.6483758441638201
234,3.694564766420435e-14,2.287053566334281e-12,9.055577865272942e-14,0.6043972884421237
235,1.118052641715052e-13,2.1922714748718094e-13,6.023080025509999e-14,0.6621067193103954
236,1.6625712491212405e-14,2.13188261432284e-14,3.0521878654095478e-15,0.6940612784819677
237,8.901196911590676e-14,8.963034170273112e-14,5.90755027986361e-14,0.7026207195129246
238,1.2058381592468976e-14,2.024734391548469e-14,6.378315739299136e-15,0.6847872258163988
239,2.510077692018067e-13,1.1463065353247746e-11,3.9010045415954474e-13,0.6322642894287128
240,3.322982800936454e-14,3.528262790499659e-14,1.8594524589047524e-14,0.7056503711966797
241,1.2987825331329403e-13,1.9834856973299565e-13,1.1386631233062052e-13,0.6634200781583786
242,1.7615736099937567e-13,1.7714923948217387e-13,7.083796215680533e-14,0.6657420305418782
243,6.770359281562698e-14,9.861037977406823e-14,3.660622496252e-14,0.6758325143367984
244,5.929130860809823e-14,6.385483913964724e-14,4.5027239832456505e-14,0.6572274671983905
245,1.3378892138855798e-12,2.5348063787268737e-12,1.1842508176436021e-12,0.7134324293816462
246,1.1252525495529839e-13,1.7047813858139467e-12,1.0611467104775774e-13,0.6230715286103077
247,3.2695405353459774e-13,1.6728728426207498e-11,8.035380817829166e-13,0.6119381157914177
248,9.341111932780624e-14,6.460509516612919e-14,5.462431416320721e-14,0.7095841498347
249,3.027586734034895e-14,2.9796274773822684e-14,2.9064561246571316e-14,0.6917429333785549
250,9.437505560321852e-14,1.1929767426861873e-13,7.217665586572594e-14,0.6759863024693914
251,3.6629007612672444e-13,1.340347209930169e-13,1.532971881014135e-13,0.7161049367627129
252,1.4799324176288585e-13,1.3881913285209025e-13,8.297012089757995e-14,0.6843965030275285
253,4.1710451391180014e-13,4.2791193427714474e-13,4.0592721856358924e-13,0.7299351094290614
254,3.43107847121516e-13,3.126769357781921e-13,3.105541056341151e-13,0.6939401419134811
255,4.621046426731795e-13,4.61261334890829e-13,1.7000941312723985e-13,0.7302900152979419
256,1.9800519535948537e-13,5.070561611513268e-13,2.2037257171339637e-13,0.6855355962878094
257,4.28145371473294e-14,5.2279419190519245e-14,2.939186072824562e-14,0.6778767432668247
258,1.4487269701262826e-11,1.7740600677734462e-11,1.325989373271966e-11,0.7686726946383715
259,1.4195558347851083e-13,1.6639521092215078e-13,5.871347347382688e-14,0.6725234332494437
260,3.1367497037556597e-13,3.9872226529329243e-13,2.0694691972996725e-13,0.7258069540839642
261,8.487714474973307e-14,5.441305030191515e-14,3.3968661157081695e-14,0.6942796216579155
262,2.3155280213700955e-14,2.916783580110851e-14,1.3495218828740877e-14,0.6921612085076049
263,7.845862049618903e-14,9.891804005185473e-14,5.733374949873303e-14,0.6959233396453783
264,6.634147136221258e-14,8.745308724766936e-14,6.051388108940543e-14,0.6715564626269043
265,7.193442342114982e-14,8.803447604163001e-14,6.98819399900847e-14,0.6912222290644422
266,7.689765774080732e-13,7.117569821406853e-13,6.67522874403851e-13,0.7352493871934712
267,3.1645576816001744e-13,2.5295866405676113e-13,2.7664925629687865e-13,0.7220446157036349
268,6.255867873438243e-14,1.9727897449366988e-13,4.231561561864055e-14,0.6568068370688707
269,4.092011345841964e-14,2.7544942790863923e-14,2.1119556287344958e-14,0.7043631531530992
270,1.1916952154158047e-13,1.3730162817883541e-13,6.154348034795962e-14,0.6755443681962788
271,4.118385024747307e-14,3.911068359089264e-14,3.70877364812759e-14,0.6606767446850427
272,6.087992052692153e-14,1.8487549974304141e-13,4.2289873327981164e-14,0.6570868693641387
273,8.463518161816263e-14,1.146024883101535e-13,7.936303980103567e-14,0.6921034583123401
274,2.307824384079285e-14,1.7412085512254744e-14,1.4431529061287762e-14,0.6914513871772214
275,2.088580304207667e-13,2.0205156644999975e-13,1.1341604938068163e-13,0.6926670151762664
276,5.1941848653409196e-14,3.6396233852580335e-13,2.7798704201339582e-14,0.6444697965867817
277,1.9225215561385875e-13,3.414893661500505e-13,1.1167227161141397e-13,0.7434834463056177
278,4.561136564200733e-12,3.860287331398888e-12,3.96493287790552e-12,0.7875997617840766
279,1.3067050956605151e-13,1.4109359621000522e-13,9.361158029251385e-14,0.7296070180600509
280,1.487747429602841e-13,2.3515128587441556e-13,1.1211300120756305e-13,0.6856011944473721
281,6.128029407467091e-14,1.3811873815872864e-13,5.5944067300781606e-14,0.6866191188339144
282,9.142111496278735e-14,1.1075368947269779e-13,4.3058199499570987e-14,0.687232093885541
283,4.005742138243616e-14,4.5708764271453724e-14,3.483758758916757e-14,0.707536418037489
284,2.5966712582384305e-10,5.328994405277307e-10,2.412128623090861e-10,0.7443349341396243
285,2.2353455131977632e-13,2.310680806259952e-13,1.8777142299069636e-13,0.7253408052492887
286,4.8672488508641415e-14,1.0130924936149252e-13,3.2741830288932726e-14,0.6877378959674388
287,2.4636326072063856e-14,9.179055806500685e-14,1.8471243306744047e-14,0.6562349784304388
288,5.543604938770797e-14,5.680898768404651e-14,4.6415627374327454e-14,0.6916692533763126
289,1.7189676217261788e-13,1.2545519645939766e-13,6.486923017330275e-14,0.6729628158034757
290,7.388641622846368e-14,5.394908728798686e-14,4.1333524296421417e-14,0.6560484882793389
291,2.7532246795788777e-13,1.6957954032270788e-13,1.158435705707359e-13,0.7543267495464534
292,2.6076494377035547e-14,1.7192533303374377e-14,1.0161684037202388e-14,0.6957286634715274
293,1.731035640762571e-13,2.1660547907546764e-13,1.7236690213936097e-13,0.6897772626485675
294,6.960607964216338e-14,1.570577742517099e-13,3.7843647300557866e-14,0.6562229042057879
295,1.2554049261117936e-13,5.214237355540369e-13,9.521662037186588e-14,0.6514661838649772
296,9.600699167239153e-13,4.3708612037017086e-11,1.9594771491145076e-12,0.6135434378695208
297,7.490477950258822e-14,8.959807440878899e-14,6.481992709505358e-14,0.7212045632535592
298,1.6999655246569683e-13,3.825838647435601e-13,1.330838540663273e-13,0.6947914306307211
299,3.119649305869015e-14,2.4170948610460617e-14,1.4758022822171694e-14,0.6863142065471038
300,8.038362799730886e-11,1.4080202345118908e-10,3.958820866660316e-11,0.757605610974133
301,2.561649018698879e-13,2.8349347361176785e-13,1.2284944453101595e-13,0.731887664180249
302,7.805793298708195e-14,1.0846260613346037e-13,4.445370480608425e-14,0.6784407862229273
303,5.302090860547789e-14,1.6212097012978606e-13,4.40760257695437e-14,0.6720134196802974
304,5.188759902276434e-14,1.6442920685863184e-13,3.58329855470129e-14,0.6537752222502604
305,3.652238101079505e-14,4.525881206531453e-14,2.3454035773295632e-14,0.6841275504790246
306,1.2793193808629868e-12,1.992607504172969e-12,1.175229991405256e-12,0.7265288032125682
307,6.227683647207848e-14,8.108315289181247e-14,5.832501372892634e-14,0.7160898240283131
308,4.464890629020863e-11,2.0630327707667778e-10,4.631577365280077e-11,0.6938355488469824
309,2.726174746981586e-12,1.0023894312403487e-11,2.1214049021760713e-12,0.6470048509538173
310,2.6449904084341434e-13,1.0120008095460577e-12,1.591631920095146e-13,0.6350135443732142
311,2.265811892654862e-13,3.5340498461623704e-13,1.7056873055873116e-13,0.6886184705304913
312,2.5968748380847745e-14,1.226439485777272e-13,2.038062486183182e-14,0.6714103142381646
313,3.018749602181936e-14,4.815237379512488e-14,2.3495150587314366e-14,0.6872884863987565
314,4.889166906166955e-13,4.925574808253285e-13,2.840534192281698e-13,0.6946619965136052
315,1.8658839613304832e-13,3.3597833727500243e-13,1.723125757218441e-13,0.7059926452348009
316,2.4894881259179607e-14,5.5914836074482074e-14,1.4129929081028841e-14,0.6556094816420227
317,8.166002374321051e-13,7.029645844427468e-13,6.840409462138728e-13,0.7312377384863794
318,3.4899065736883956e-13,6.936089478771024e-13,1.7802494523641727e-13,0.6403752637561411
319,4.223571654730117e-14,6.632072241106183e-14,3.503132981813444e-14,0.6990592027083039
320,3.423939999441757e-14,1.6565877835901034e-14,2.574866302884715e-14,0.6945558143313975
321,4.7577269853140735e-14,4.606813638226117e-14,3.953333532770501e-14,0.7062392488587648
322,1.8308112806941985e-12,2.3656371060581088e-12,9.682666231887295e-13,0.7351352707250044
323,4.3871067756612976e-14,8.573103613979098e-14,2.746101228130448e-14,0.6869824335561134
324,3.112419311137557e-13,1.0123159977597208e-12,2.456501093287025e-13,0.6672128207632341
325,1.265683766600492e-13,2.471163927707808e-13,1.4627581821515556e-13,0.6373706573504023
326,1.995801686699775e-13,6.363039518857186e-12,3.8448272038250844e-13,0.6230508492852096
327,5.532421269745043e-13,9.650376481207748e-13,4.917446911644458e-13,0.7471393568906933
328,1.0823602275259361e-13,2.816428488891977e-13,1.299135726896951e-13,0.6738551563816145
329,1.2163914456664326e-13,1.7389776232979645e-13,7.756632915009702e-14,0.7115743556059897
330,1.9567318297182335e-13,2.78701793840197e-13,1.147477298669526e-13,0.7454897174146027
331,6.520261314515645e-12,2.740456521152517e-12,3.573437429221634e-12,0.6946893958142027
332,2.0719180288295862e-13,2.2712658372303876e-13,1.0130514058010042e-13,0.695524807763286
333,9.308735329960834e-14,1.182246378246157e-13,4.8914334274286185e-14,0.7156997088808567
334,7.306351358419941e-14,1.192452558273523e-13,6.835609061213456e-14,0.69714976020623
335,1.467612364885563e-13,1.6698861183980916e-13,1.4968377924446028e-13,0.7027679331135005
336,1.8597972489383718e-14,2.287053810009878e-14,1.77984349420015e-14,0.7049702109070495
337,5.0647589029397945e-14,6.120459838595743e-14,3.0099996594811043e-14,0.6979856343241408
338,2.3948172394768747e-14,2.949175590871663e-14,1.9311074405995874e-14,0.6827774966950528
339,2.96061271031416e-14,2.326190985110018e-13,3.0684729364058123e-14,0.6386815335601568
340,2.6311343667872026e-13,2.5993496110195816e-13,2.41039253223854e-13,0.7054263991070912
341,2.4896038312846824e-14,2.4451970422325765e-14,2.308349805990138e-14,0.6858343879343011
342,3.848478452964545e-12,2.557874123542114e-12,2.736904519352478e-12,0.8017348937690258
343,5.5958769931571e-13,3.9703696595039526e-13,4.5203637580184577e-13,0.732349143223837
344,8.083167839937446e-14,9.497775521187144e-14,7.834028203490115e-14,0.6541120175505057
345,3.5381414528294324e-14,9.257171064913e-14,2.6539708978787037e-14,0.6920649523613974
346,5.000856757316928e-13,5.350745781688218e-13,1.756363769424476e-13,0.738284656079486
347,5.865206010917575e-14,3.6791387616695076e-14,4.0119505997310695e-14,0.6942670385120436
348,6.995426133389915e-14,6.078521099583216e-14,5.066169778180432e-14,0.6826952140894719
349,1.5001774608270288e-13,9.123342245846075e-14,2.989291650467772e-14,0.7262871524784714
350,6.054875634057174e-13,1.0841247525306688e-12,4.322371100507627e-13,0.6545378773589619
351,8.477910149172128e-14,1.6495945484820894e-13,4.54712875639331e-14,0.6519718833616934
352,3.617048577813006e-14,3.2776947545216375e-14,1.4436947129483986e-14,0.6834027725970373
353,3.233990686133764e-14,4.454692635988594e-14,1.0113496104906862e-14,0.7070277128601447
354,2.505460150341141e-13,2.968737581074653e-13,1.8097505251641297e-13,0.6696677258471027
355,1.1117309074503859e-13,8.789512968849954e-14,7.876201487707769e-14,0.7029376497725025
356,9.964459387272812e-14,1.36506320061724e-13,7.650999364044801e-14,0.7201576733961701
357,5.060779433846625e-13,4.671502875176581e-13,2.6006163520341865e-13,0.7046228874474764
358,2.7864885142438718e-14,3.634555674236594e-14,2.4929179409734405e-14,0.6954647248610855
359,8.165694389779395e-14,1.5005597472100655e-13,6.778323046593788e-14,0.6759302637656219
360,7.330386206793785e-12,2.3349404561272306e-11,7.793286423879851e-12,0.6312620206153952
361,2.6320609844026238e-14,4.704141937636855e-14,2.4255888379659393e-14,0.6826591373886913
362,5.724090886812317e-14,4.948607546153109e-14,4.5324727720101356e-14,0.7082272943109273
363,1.6422564751170403e-14,1.110669467227297e-14,7.517622496145778e-15,0.677642360155005
364,8.633395894531651e-14,1.2421746676943985e-13,7.440915349147195e-14,0.6777132261311636
365,8.582931847480497e-13,4.078656361201001e-11,1.7057861188257382e-12,0.6171183231926989
366,5.0799763066850793e-14,5.1576681286180376e-14,3.019090020465297e-14,0.675009016378317
367,4.3597248452844627e-13,4.8256556260035275e-11,1.7912375116184104e-12,0.603476424299879
368,1.2928983987369037e-13,1.5394231285795688e-13,1.2794635852166335e-13,0.7017266806215048
369,1.6538643598829583e-13,2.5811414190148864e-13,1.361977996315774e-13,0.7193433358566835
370,2.4685925337056697e-13,3.533386740848157e-13,2.2803035568736077e-13,0.7066492538200692
371,7.697912957102304e-14,6.630406184388202e-14,7.109295990805498e-14,0.6990396308247
372,8.102028131216677e-14,2.409647186307037e-13,7.433048092879551e-14,0.7038824257673696
373,6.120678329418184e-14,5.027325554885832e-14,5.365816873445535e-14,0.694053643103689
374,6.674253048475692e-14,3.400339494132384e-14,4.747841769653238e-14,0.7000970106106251
375,5.945009271208231e-14,6.423633674833604e-14,6.031778264689983e-14,0.6842294955742545
376,2.2525602215468728e-13,2.854502617636198e-13,2.326000912385707e-13,0.6985887078568339
377,1.86387064132183e-14,2.0122942889109208e-14,1.3042717024809698e-14,0.6946637833956629
378,1.01459931113346e-12,1.5160773554155192e-12,9.189316329347871e-13,0.6726328883320093
379,6.768400983359517e-14,1.3821210465520606e-13,5.341687911565737e-14,0.6882302247686312
380,3.736593663309897e-13,1.0436971238572036e-12,2.818446918554033e-13,0.7543521270621568
381,1.2776920982181798e-13,3.3177542940616e-13,1.0421257464841476e-13,0.6699408413260244
382,9.66527498423869e-14,9.736869222794015e-14,7.720375216837216e-14,0.7118260686518625
383,7.353419680052356e-14,1.6705647560575822e-13,6.762433174744204e-14,0.6948889754014089
384,7.675476303765374e-13,5.957677738933409e-13,5.744007134968593e-13,0.7364846440032125
385,3.8447506748386987e-14,8.679827590011558e-14,4.787129206862183e-14,0.6806221252540127
386,2.7058132007529932e-14,4.4202165381518774e-14,1.8912466685515633e-14,0.6973376906244084
387,4.6623604401235895e-14,8.361760226039377e-14,3.2132783951130334e-14,0.6870248171268031
388,3.2271758308081255e-14,5.346311314679195e-14,2.5042010287900932e-14,0.6711537810158916
389,1.898678171935253e-13,3.4392324614112895e-13,1.907108725659509e-13,0.6745238426490687
390,1.0055482647691871e-13,1.4196425648715392e-13,6.285437118773321e-14,0.6704831330105663
391,5.87083230951604e-14,1.3918642098212746e-13,4.4838838256752536e-14,0.6857424992369487
392,8.403608683228758e-14,2.5556601551343266e-13,8.681186147043433e-14,0.6840415197075345
393,8.165002142746998e-14,1.7632715708465163e-13,3.579447242337346e-14,0.7115107574500144
394,1.8052711104897593e-13,4.63741217116335e-13,1.9249817230739525e-13,0.6912206515436992
395,7.652680978748248e-12,1.8591654865792805e-10,1.2423978794421307e-11,0.6364360113511793
396,4.71659577356736e-13,9.043201279647724e-13,2.357183050384614e-13,0.6494899371522479
397,6.843755083972085e-14,1.4545050332992727e-13,4.346925246685668e-14,0.6670793783036061
398,5.964064511656302e-14,1.1069760945322992e-13,5.243758122251197e-14,0.6767384995473549
399,3.018658818990704e-14,4.6001570902025155e-14,2.4578447337643155e-14,0.6903157581808046
400,3.856145290396232e-14,4.2936850779106385e-14,2.2196876133154773e-14,0.6671578666893765
401,5.773300888192934e-13,6.308316351856829e-13,2.835293070044756e-13,0.7507413980085402
402,1.8019847077275998e-14,1.9492252373383674e-14,1.0670833740697143e-14,0.6837459538481199
403,3.9593227124679805e-14,8.091305188796912e-14,2.7259087180076954e-14,0.7105973436497152
404,3.755651575506386e-14,9.634684294035485e-14,4.3362401279619316e-14,0.6569865460856817
405,1.0229983572051263e-13,1.1976027212598542e-13,5.5621561101964914e-14,0.7138806419214234
406,1.1041021922282855e-13,2.2144404897381834e-12,1.0418238885038066e-13,0.6237835233332589
407,1.4513582632610148e-14,1.4984619467852928e-14,8.275281047816532e-15,0.6776885483413935
408,2.466746034688099e-13,5.273702946626956e-13,1.7872917139677999e-13,0.6860581335960887
409,1.1556897833489932e-13,2.7961999492260513e-13,7.780216214845408e-14,0.6870781482895836
410,2.5443444260368157e-12,2.03459201288467e-12,8.846528025336108e-13,0.7938714327290655
411,4.4255026759873945e-13,2.5040031373154374e-12,2.348414129504957e-13,0.6871408920153044
412,5.362300482846836e-12,4.4865230320001014e-12,3.974736214068479e-12,0.7032960401382298
413,4.524503534635963e-14,7.262625125983377e-14,3.782677116940336e-14,0.6828434243216179
414,2.89856779656009e-13,1.189169018315245e-12,2.429723221236143e-13,0.6556932303938083
415,1.4417280769122657e-13,1.3320089824574545e-13,8.198283428645669e-14,0.6975299474783242
416,9.675635816757161e-14,2.3369684745957e-13,4.620344479031222e-14,0.703343654377386
417,5.607113898441345e-14,3.7903815240212193e-14,2.1350945267409362e-14,0.6715540690929629
418,1.4105149246433736e-13,3.7063255934432446e-13,8.750646180291662e-14,0.6791059579933062
419,1.0783866587790074e-13,1.4211936406056694e-13,4.595813221974036e-14,0.6847091554664075
420,4.4379163428423985e-14,5.73938231007171e-14,3.065624435032753e-14,0.6771606576396152
421,1.1159623853393077e-12,1.5067792690370516e-12,8.782709951222035e-13,0.7027125053107739
422,3.047659277188379e-13,1.1771955196881814e-13,1.0511429241610457e-13,0.6817868996877223
423,3.5546592583514633e-13,3.9667019037898695e-13,3.4725366010026736e-13,0.6698760472354479
424,2.289945900466731e-13,2.4075817133894615e-13,1.790908002886067e-13,0.6987895218655467
425,8.557858835306543e-14,1.1793986648313445e-13,3.484057026731089e-14,0.6576692254166119
426,1.3588362561331115e-13,8.489864074230894e-14,6.647103549526589e-14,0.7042594867059961
427,4.5113766542272546e-13,1.0693216382491153e-12,4.1085725760158516e-13,0.7363601907389239
428,2.8977828991573637e-13,3.909030837534056e-13,2.5877168378362527e-13,0.693198589188978
429,9.476864427073507e-14,4.073413519375426e-12,1.587014161087866e-13,0.6280462133116089
430,1.4881580365083634e-13,9.752065603200713e-14,8.532276462427265e-14,0.6847557527478785
431,2.8079302101427638e-14,2.237183280161699e-14,1.708226682282984e-14,0.6842203666688874
432,1.0742047719276881e-11,1.1881326073777022e-11,8.499902529078082e-12,0.7351963220862672
433,2.2083168945471116e-13,8.985995352680137e-13,2.331148971604865e-13,0.6955336585408076
434,7.64540536573695e-12,5.265962673635521e-12,2.103070889389545e-12,0.7609547472558915
435,1.0273078268494069e-13,1.1556330572299616e-13,7.122437198639387e-14,0.6725641570053995
436,9.161709680460845e-14,7.777728647523381e-14,7.32905735876542e-14,0.6834758655284532
437,6.507729062606909e-14,6.536044106802181e-14,5.615130869395229e-14,0.7100397905101999
438,2.2106549189977018e-13,1.9498010818350458e-12,2.1846823062144208e-13,0.6278046148421709
439,3.2387471828894216e-14,8.076858692273992e-14,1.767227794339176e-14,0.6520324205281213
440,2.1815973606634227e-14,3.45236890389283e-14,1.8374098459504225e-14,0.6905921946978196
441,3.6757900229859066e-14,3.1886343936482844e-14,2.739966931519726e-14,0.676704537437763
442,7.466422639918313e-13,7.995666539092821e-13,4.682472041848688e-13,0.7227730968035757
443,7.073863579908733e-14,1.3661140201141288e-13,5.910785659723148e-14,0.6677630469785072
444,2.7728198583372877e-14,4.506039108816167e-14,2.3803362889633235e-14,0.6872190105379559
445,5.449136028836083e-13,5.735793063001424e-13,4.901328030225143e-13,0.7444623705465346
446,4.6736904982764954e-14,7.71935474920208e-14,2.856064797835006e-14,0.689808787801303
447,4.1135352202618227e-13,5.764272039957415e-13,1.7029697312363235e-13,0.7553189809899777
448,8.945501662841568e-14,2.5152554228264055e-13,5.83499946292765e-14,0.6556485397508368
449,8.764874008722051e-14,7.528059181863827e-14,6.364546994511433e-14,0.6931733807548881
450,6.887093364973976e-14,5.237827033955907e-14,5.6346363978448547e-14,0.6968526276294142
451,2.021129744255756e-13,1.1560181350640748e-13,1.552446484340932e-13,0.6866984337801114
452,5.188964665323527e-13,6.537139263016592e-13,4.539417206375876e-13,0.7362561066634953
453,1.677736648117635e-13,2.1074728876048523e-13,1.4746190974381408e-13,0.6705325938411988
454,9.961286118236968e-13,1.5833222946179763e-12,7.946396738448995e-13,0.6632563034072518
455,1.417159405574986e-13,7.340855537541998e-14,1.0632691320950627e-13,0.6872055474785157
456,5.863275365799545e-13,3.1671011682622285e-13,4.494351107554026e-13,0.7321162912296131
457,2.1415811897587177e-13,2.91875886107118e-13,1.6475167800097732e-13,0.7101312848273664
458,1.0759157013091693e-13,1.0182777321768007e-13,7.78034840014402e-14,0.6990466684335843
459,1.8109016228058156e-13,2.3734917708225536e-13,9.609597484102854e-14,0.6488696617074311
460,7.955816988109758e-14,7.900235312008062e-14,3.9042891402047164e-14,0.6933252516202628
461,4.630779822666856e-14,6.191879472053311e-14,2.1912619370044904e-14,0.6744149367092177
462,6.980856050966306e-14,6.326917543579233e-14,3.699816807622396e-14,0.7129701437428594
463,6.95205829287558e-14,1.3439275740455776e-13,6.364529126282261e-14,0.6552167284768075
464,2.221999795317215e-13,3.2962013771175777e-13,1.3380485946457676e-13,0.7556218047626316
465,1.218288808798717e-13,2.51831300233325e-13,8.544622100225731e-14,0.6962768288562075
466,5.307953059901345e-14,4.882169914872399e-14,3.727647272060571e-14,0.7009271668968722
467,4.594699386012036e-14,5.888730298248042e-14,3.087534785157238e-14,0.6884336031973362
468,5.706357307666565e-14,6.05687798176739e-14,3.51368834671761e-14,0.7300940525485202
469,4.544598481854292e-14,3.9584316931276034e-14,1.2180832116898283e-14,0.6555014338926413
470,2.977235127687811e-13,1.5300992706846204e-13,1.6965903061746836e-13,0.7312123576644808
471,1.405164797001084e-14,1.1857196598293805e-14,9.429374859364996e-15,0.694626409211196
472,2.302101360541862e-13,1.8298465737029106e-13,8.843505558374798e-14,0.6993446124251932
473,2.689196438909552e-14,2.4083616509259128e-14,2.016598453381648e-14,0.6948305562604219
474,1.2842296792315515e-13,1.2549645601938738e-13,1.0397289167497525e-13,0.689393098372966
475,5.652907672253579e-14,8.29540409179842e-14,4.161048107626699e-14,0.698413549666293
476,1.5796289084833687e-12,4.0904813261629324e-12,1.4438165151665868e-12,0.6622518949327059
477,1.046869236669916e-12,6.812609126239748e-13,5.849592343234031e-13,0.6974535424960777
478,4.884734836876313e-13,1.4343737952370995e-12,2.779217014255987e-13,0.7626063051167875
479,1.2005069366735085e-13,1.149192498292124e-13,6.160496055349948e-14,0.7017888939008117
480,1.0044177129936495e-13,1.0061011161352122e-13,9.225514023220094e-14,0.6868537598638795
481,1.6650360146814744e-14,1.5689027696386155e-14,8.485218658874155e-15,0.6812990748439915
482,3.824933151286929e-13,6.458571303732895e-13,4.564633404501505e-13,0.7394248336320743
483,5.932092364420898e-14,1.2542211620470467e-13,5.387469542122132e-14,0.6812910412903875
484,4.3913432811193835e-14,6.067172520109831e-14,4.106361987593495e-14,0.6453471302404068
485,6.611638345897437e-14,8.708078584617588e-14,4.1566193163290936e-14,0.7000438942806795
486,4.947208964459565e-13,5.57448369594695e-13,3.325229211909859e-13,0.7057107914006338
487,7.535373076355335e-14,5.948117656589917e-14,4.654532303810286e-14,0.7105639713350683
488,7.270099302608847e-13,8.494411019940488e-13,4.4687942640891394e-13,0.749169269297272
489,9.77169852542632e-13,2.0527608177458913e-12,9.32909511711273e-13,0.7144345956621692
490,3.68973898549292e-13,7.454420624089518e-13,3.46730538646724e-13,0.6771331788040698
491,9.307990978869975e-14,3.1034474131171796e-13,5.4331820815711725e-14,0.6741822644253261
492,6.714607105399661e-14,7.190794645484638e-14,6.581366618123256e-14,0.6830517542082817
493,4.062299931486962e-14,4.09724158623907e-14,2.098616705059996e-14,0.68498918232508
494,1.9411777039216125e-13,3.8718566626321423e-13,1.5216042528308633e-13,0.6414787111571059
495,2.1503372816988307e-14,1.811739181914374e-14,1.9338619969216513e-14,0.6943607326596976
496,6.165525090236001e-14,1.1515930715152576e-13,4.3709796274856055e-14,0.6972791240550578
497,1.7898419091319017e-14,2.4759396766540605e-14,1.7000908131938473e-14,0.7028693489963189
498,3.1791471439901723e-14,2.4096609727809935e-14,1.9914868968224955e-14,0.6685776630998589
499,1.662656941864848e-13,2.072602707526251e-13,1.5230455662205482e-13,0.683334554999601
500,6.424938015443483e-14,4.7906330395262227e-14,3.168807041985354e-14,0.7010626734932884
501,1.2177539929554356e-13,1.0818754878195227e-13,8.44362273019102e-14,0.7277582987910136
502,1.5857509150681016e-13,3.1886154364875156e-13,1.1991013604881614e-13,0.7135898046195507
503,5.175985396354289e-14,7.901405819198399e-14,2.0860298701493492e-14,0.6939313455484808
504,9.182376311550973e-14,2.4867260550239794e-13,4.942122032308766e-14,0.686062092659995
505,1.09517783972631e-13,7.273819639553791e-14,2.9066840362440815e-14,0.7086670130025595
506,2.2878862734748625e-14,1.0657919927315405e-14,9.873859043376628e-15,0.6580113078583963
507,4.739149475025755e-14,1.4769373794052958e-13,3.7142463005814515e-14,0.6622155501274392
508,1.0290742342731332e-13,2.4533910892413256e-12,7.701339823033138e-14,0.6308704298164229
509,3.087901701717225e-14,4.047951608871802e-14,1.3760403694341197e-14,0.6772522984538227
510,1.8815016563996653e-13,2.641300499838078e-13,1.7675958356631274e-13,0.6899380036396906
511,7.696868578839412e-14,8.632545028005887e-14,7.182078124475603e-14,0.6838669357006438
512,3.2718105996748226e-14,3.296563552096734e-14,2.2139777743537517e-14,0.6965157891158015
513,4.851449826149199e-14,6.954790630875814e-14,3.01590963727028e-14,0.6642876333207823
514,1.178248241707161e-13,2.570678109598873e-13,8.652222436089104e-14,0.6611630146391689
515,1.0951125320002108e-13,2.083873653315926e-13,7.747677643902289e-14,0.6859353207983077
516,7.487429621445537e-14,1.168002287773288e-13,3.098454309146718e-14,0.6826420145458542
517,3.473215573002407e-13,7.217749843423048e-13,2.899460175857036e-13,0.7217843283200637
518,9.814233346147814e-14,1.7325488032416238e-13,7.991544608642841e-14,0.6688416307442822
519,1.7552786895216318e-13,1.5413595185805861e-13,1.2515412630160374e-13,0.7337604093365371
520,3.248094427033532e-14,4.462137210896715e-14,3.175803340867512e-14,0.6710522478213534
521,1.0352422318931983e-13,1.903696156277283e-13,7.524199926135793e-14,0.6478911126498133
522,3.4975485771575945e-14,2.753502273591154e-14,1.7548853573544704e-14,0.6868945412221364
523,1.3869690683174492e-13,7.279258790670155e-14,8.226888861823462e-14,0.7204315104521811
524,1.4609789671468173e-14,1.0503193725678682e-14,6.989067270464181e-15,0.6901770540745928
525,6.907504590269401e-14,6.614051646609148e-14,4.479970934900446e-14,0.7122668284457176
526,4.2494446481084385e-13,1.6642811420215872e-13,2.5310623480156243e-13,0.7510943481232971
527,9.336587390614909e-14,8.840883399750305e-14,7.489751753496475e-14,0.6764303107047454
528,1.049739852583605e-13,1.1151628542885191e-13,7.97036718512669e-14,0.6948518830351531
529,7.681717367070913e-13,1.3591601144841412e-12,7.090965914675291e-13,0.702427146048285
530,2.233771633895461e-13,1.933905182970135e-13,1.5008775339289907e-13,0.7094040712108836
531,3.370889343963137e-14,6.753928741440354e-14,1.2856231410531123e-14,0.6795929134590551
532,7.409907350743903e-14,8.107918526964356e-14,6.723619697914054e-14,0.6888421715470031
533,9.959312084035747e-14,7.362657567971871e-14,6.896025058434509e-14,0.6840001226169988
534,6.00943706097045e-14,9.371155724867675e-14,2.0081697903482315e-14,0.6925180379766971
535,1.989128584164294e-13,2.5410999914803983e-13,1.782929714894107e-13,0.6645045208977536
536,1.10988323654803e-11,2.4302986589203776e-11,7.254697719906193e-12,0.6910838154610246
537,1.4580680275163421e-13,1.1387058094232986e-13,5.442524859501566e-14,0.6940652325283736
538,1.4465599974175259e-13,1.6640662172414618e-13,1.46480692448471e-13,0.6981256845174357
539,2.132258502512775e-14,1.0567132734767162e-14,1.2418147620833007e-14,0.6930526783689857
540,3.0159599043753745e-14,2.6375699149199667e-13,1.902483644886555e-14,0.638373665837571
541,1.7289279636145643e-13,2.5097368035046733e-13,1.7138727289764856e-13,0.7021865580929443
542,3.0068156752715845e-13,4.0280967770173166e-13,2.7733759033586446e-13,0.6673839665832929
543,3.074343421960467e-14,3.161066890452569e-14,2.5624740265598468e-14,0.6941781967878342
544,9.705385029357328e-13,3.582996819213392e-13,4.036434049955562e-13,0.7342774999327958
545,9.66851777429882e-13,8.554306844293764e-13,4.097930104185262e-13,0.7631862657610327
546,4.4632343526202203e-13,2.82885667087871e-13,3.414055346665089e-13,0.6944418343482539
547,2.471378744157325e-14,4.4893658487560584e-14,1.2198072894090256e-14,0.6773388026980683
548,1.7301822424155148e-13,2.1209552952898043e-13,1.4443308812827623e-13,0.7356035966426134
549,1.420636103345312e-13,1.513892238341052e-13,8.359454666863362e-14,0.6921933971345424
550,3.4555143542594936e-14,2.2304234661907846e-14,1.840343002795672e-14,0.6660183239961043
551,6.507584368348713e-12,5.0819930778586784e-12,5.471852537744853e-12,0.726157182524912
552,4.936525353172358e-11,4.23343947697359e-11,3.2681228061837103e-11,0.7060536676319316
553,6.738001065821142e-13,9.935605794560415e-13,5.263275864584371e-13,0.7485417716670781
554,1.8364906714801108e-13,7.019715651493914e-13,1.4592304219103845e-13,0.6368588482844644
555,2.581833121554245e-13,2.5998554352991017e-13,1.440869562605771e-13,0.7269832317484543
556,7.170616139133529e-14,1.360651936591721e-13,4.834834884233322e-14,0.6739452805370092
557,4.2496653773631446e-14,2.8079254863511454e-14,2.3569649702502883e-14,0.687946673668921
558,4.3930867835447146e-14,2.295449942486615e-14,2.298362865692937e-14,0.6995381481479853
559,6.997103314639205e-14,5.489379658844839e-14,4.632660887812047e-14,0.7067784045590088
560,4.834022870574185e-13,4.307356934786427e-13,4.5003488888127176e-13,0.723332553030923
561,5.743714775712554e-14,7.393977837348119e-14,2.506486040545475e-14,0.6926518987864256
562,1.3729826859417247e-13,1.0502264826615362e-13,1.0459510411036799e-13,0.6948168481932953
563,4.275088762927301e-13,2.726748167540638e-13,3.1141658147146246e-13,0.7153027660446242
564,1.4680486407728981e-13,1.553776105789053e-13,6.101138264815253e-14,0.723518282128498
565,4.3240224447492933e-14,1.812895967321811e-14,2.10303756250945e-14,0.6905007926048711
566,2.979630706224815e-12,4.789717182692791e-12,9.028466151791842e-13,0.7822884962894022
567,1.5760650481928382e-13,1.0201394956163142e-12,9.257819120767186e-14,0.6422656744834967
568,2.8860044261188584e-14,2.3951017791860752e-14,1.5587706829776416e-14,0.6940202407771722
569,1.4356192324100926e-13,2.688603545099278e-13,1.2316293430925346e-13,0.6647334476932883
570,6.483361556394261e-12,6.632038943715601e-12,4.454634667209343e-12,0.7607462114654482
571,3.1584109435188686e-13,8.234548656850175e-13,3.5680725820443205e-13,0.6706412331433966
572,4.228179290936635e-14,7.601404382588196e-14,2.0480656105102457e-14,0.6778940936084836
573,7.412336077951499e-14,9.971547929205755e-14,5.324150142711478e-14,0.7410625054500997
574,1.4522709736032063e-13,2.340288159234198e-13,1.2217505632664733e-13,0.6762904394883662
575,1.9210103753169174e-13,1.8164826242603786e-13,1.5835088569157955e-13,0.6729854013305158
576,8.789757455428837e-14,7.682463256796019e-14,7.525924966097973e-14,0.7010469727683812
577,8.897517387420458e-14,1.3593180905501547e-13,9.105959964761856e-14,0.6844946793396958
578,6.21051662869796e-14,2.957393547606406e-12,1.3945371135822628e-13,0.608648655214347
579,5.053505621989843e-14,1.4287477967254618e-13,2.6638226765367493e-14,0.6588461483712308
580,2.6074929070028406e-14,4.1616058895734285e-14,1.076938613276793e-14,0.662679576384835
581,4.794820140512625e-14,1.0167616666188819e-13,2.34168000474395e-14,0.6757257556426339
582,6.097299978220349e-13,5.677824942988717e-13,3.7980744623438276e-13,0.620980316074565
583,5.613329458640134e-14,8.82434900264524e-14,4.07508519068213e-14,0.6767428449820727
584,2.6631814507850826e-13,2.61915166246998e-13,1.7210156606999067e-13,0.7397480850573629
585,5.2237215321859335e-14,8.27137624646434e-14,3.144528933373422e-14,0.6825960488524287
586,1.3804061190828357e-13,1.9868815090709359e-13,1.1544699650847746e-13,0.70855841957964
587,7.266798887176816e-14,2.1778027398483488e-13,5.4560345439023924e-14,0.660135815537069
588,1.5123603890067055e-13,1.4171778652377598e-13,1.4186079367376054e-13,0.6789058307884261
589,1.6391556710391999e-13,2.2861018309270796e-13,1.5806375743321372e-13,0.6623791986261495
590,1.1966503785977235e-12,1.5987931058375911e-10,6.047469107037513e-12,0.6078607374627609
591,7.75880991437758e-14,1.527173639766852e-13,2.6758036300554993e-14,0.7097482838202268
592,2.2227880972002437e-14,3.438221109635083e-14,1.4660945175148847e-14,0.6953215975081548
593,7.312966061486418e-14,1.228169409690571e-13,3.602090613471345e-14,0.6586071823490783
594,9.245013939159064e-14,1.765426898363217e-13,5.6624202366640773e-14,0.667877497849986
595,4.737216586371348e-13,5.389965109762618e-13,1.8526538022378187e-13,0.7107235505478456
596,3.6261440872150216e-14,2.939706674873713e-14,1.5964735020322185e-14,0.6840564257348888
597,1.4068617901608297e-12,2.3326801684985343e-12,8.22702650207617e-13,0.6850538914091885
598,1.3108905698206586e-13,2.938265150968841e-13,6.950202033727712e-14,0.662216558761429
599,1.207612183163306e-13,1.3638327939259456e-13,6.362335772558402e-14,0.6631327698822134
600,3.495999028105161e-14,4.7351994828557196e-14,1.6215698735464022e-14,0.6634165226831101
601,8.278611859430502e-14,1.5864573123193983e-13,4.348613910888712e-14,0.6642480246489868
602,9.295093743867886e-14,2.698068164523052e-13,5.3699008047110195e-14,0.6543083905358799
603,7.685385507535097e-14,8.40142892581943e-14,5.497716367737622e-14,0.6836300233844668
604,1.9740628509050907e-13,2.126384323558926e-13,1.7254899944393832e-13,0.6716918128775433
605,7.051917822026196e-14,4.368557253064483e-14,5.025496904399352e-14,0.7080214560963214
606,2.857570053913669e-14,1.0438706595879828e-13,2.3960431147637878e-14,0.6713528895983473
607,7.398030389154378e-14,7.471234606697675e-14,5.39816626106545e-14,0.7184265147196129
608,3.0841004229578177e-13,2.0262730897862388e-13,2.1139380125575768e-13,0.7104978886200115
609,9.747013778338576e-14,1.1410012241207699e-13,7.776819676268176e-14,0.6882884900085628
610,1.0637532437289178e-12,1.2697210796039443e-12,9.74537763256831e-13,0.6919183451449499
611,2.754396855015739e-14,9.459816150437554e-14,1.3141962975328659e-14,0.6658183534862474
612,5.251976449119737e-13,9.51878805876301e-13,4.032295323143368e-13,0.7570337066426873
613,4.419728075054372e-13,2.3419632180517513e-13,2.503065382154006e-13,0.7037834583548829
614,7.84412196738752e-14,1.0434250766840573e-13,5.497519112553094e-14,0.6873245005845092
615,7.09284258841454e-13,7.567549748140758e-13,6.604768958716954e-13,0.7475985586643219
616,8.047039440104129e-14,1.2547902649079338e-13,6.082284482667148e-14,0.688943609665148
617,1.9764451933849888e-13,6.563706415308935e-13,1.5030604194642232e-13,0.6967010888969526
618,3.8608720027001406e-13,4.320999908752418e-13,2.471712765331852e-13,0.7380089018959552
619,4.6887169827738755e-14,3.846706283906089e-14,1.0584549465664453e-14,0.6877854523947462
620,3.049619399111957e-13,1.5876417351393544e-12,1.9738572641803585e-13,0.6236906559381168
621,3.5885151819165276e-14,2.0710357457259588e-13,2.6433424155960798e-14,0.6361447992385365
622,1.2626606192315406e-13,6.205738829434759e-14,5.021011464599297e-14,0.6922249367227777
623,1.5913860781472219e-13,8.690595873940906e-14,1.0133814474979773e-13,0.6765710883541033
624,2.3170842660760015e-13,1.5466018817775935e-13,1.670348634724493e-13,0.7075934853870421
625,7.815583314809516e-14,2.5081627893490424e-13,4.7376678605921203e-14,0.6433887991006486
626,3.156248764164911e-14,1.6724233770439678e-13,3.0662166380159057e-14,0.6461501986952498
627,1.424793135485102e-14,2.2480344762216753e-14,1.256351128216576e-14,0.6726682656211779
628,5.698728169163186e-14,4.8556362419046354e-14,3.564840542406153e-14,0.6665222429786809
629,2.777324616122935e-12,2.038063004324584e-12,2.102439228148516e-12,0.7627703760750592
630,2.4996643193732383e-13,3.536306911175921e-12,2.2211326159955818e-13,0.6540881477179937
631,1.061180421623283e-13,7.612860653344578e-14,8.629101632072902e-14,0.731613771780394
632,2.4013178095903955e-13,1.0911476568621754e-12,1.8230383699639939e-13,0.6513294069562108
633,4.9474344375296773e-14,7.666574605607585e-14,3.927348225292857e-14,0.7026692119427025
634,6.030399956265803e-14,9.063220997363585e-14,3.404903428615841e-14,0.7058350250590593
635,1.1310971470151218e-13,1.1163473242692082e-13,8.493710170315477e-14,0.7074266077484935
636,1.5717547473144174e-13,2.9541125861133364e-13,1.066657636455536e-13,0.7083918046206236
637,2.1165910898984112e-13,1.9587756199839566e-13,1.2429809221603184e-13,0.7191140434006229
638,7.645988893331372e-14,1.502284996058695e-13,5.652333256851914e-14,0.6681668753037229
639,3.90885217338831e-14,2.966273393852522e-14,3.0748499668210367e-14,0.6949851870303974
640,1.1735812269336727e-13,1.539035977586357e-13,5.710449456035709e-14,0.6628975928178988
641,1.742341264607596e-13,1.0620464527786462e-13,1.4258198736690174e-13,0.6963813769165427
642,1.7710718684835397e-13,1.2216524965057257e-13,1.0235595974325997e-13,0.714855729136616
643,4.526906706950832e-14,3.792810300037113e-14,2.113600211188659e-14,0.7017681105295196
644,3.174593827576001e-14,9.76219341102793e-14,1.2455566960061832e-14,0.6794206505874172
645,1.7950632029003934e-11,2.708507096214398e-10,1.6812804277677004e-11,0.6443112400709652
646,1.1472153459102711e-13,6.871281420055172e-14,8.921354471619975e-14,0.7079882477177307
647,2.0074279962250667e-14,2.360612021780537e-14,1.470261257154095e-14,0.7062290440313518
648,1.8459104065787886e-14,2.7024144541004882e-14,1.0585868995156386e-14,0.6862493037246168
649,4.4759063681947705e-14,7.148479504243995e-14,5.3098365958785167e-14,0.6928472866071388
650,4.773785198259769e-14,2.7988924285011028e-14,3.0918433166389364e-14,0.7271852848818525
651,4.876202680448375e-14,6.770832066399547e-14,3.6507789044016836e-14,0.7168942886637524
652,4.7009166736951105e-14,3.860191719997005e-14,3.0687918974480327e-14,0.6434327815892175
653,1.44617310032839e-14,1.0572939737088565e-14,5.2693287504645225e-15,0.6938032369595021
654,3.6184151521657726e-14,3.038738569971727e-14,3.142834304865225e-14,0.6915729731786996
655,6.349614761609476e-14,1.071336802448166e-13,3.864509467699161e-14,0.6909777407534421
656,3.1751725021821935e-13,4.929862274913353e-13,1.387616716200026e-13,0.694927221396938
657,7.857929729956617e-14,4.899676017794414e-13,5.213956572230945e-14,0.6362368549220264
658,3.789728720917094e-14,2.511533511367594e-14,2.7789551167886296e-14,0.681550259841606
659,2.3647555776580224e-13,4.638998566747242e-13,1.6478874215501966e-13,0.7148464296478778
660,1.0628695153987701e-13,1.2388424932474254e-13,5.9416548301145e-14,0.7260536111192778
661,1.781522771340239e-13,9.394115395091828e-14,1.0260243646065944e-13,0.6805768477148376
662,4.08728147433537e-13,3.8749196558418373e-13,3.4233621553127476e-13,0.6941424614284187
663,3.2497740866012406e-13,3.3873498991920674e-13,2.4162679631240295e-13,0.732646155776456
664,1.785731490886988e-11,1.5224709737222114e-11,9.278278966277101e-12,0.7800858333706856
665,8.014313064240897e-14,8.053435273301805e-14,6.90763860420249e-14,0.7008292339742184
666,2.2273399725922272e-14,2.5027224531126315e-14,8.148490958861532e-15,0.6810523878200911
667,1.1547452940275343e-13,3.992303411431863e-13,5.58554366679488e-14,0.6471767569077201
668,2.122418515169403e-13,2.37506450903669e-13,1.2329387790221116e-13,0.6933289583772421
669,1.3094338737122093e-13,8.587298194361662e-14,8.653667102274736e-14,0.6940268476260826
670,4.618849179181002e-14,5.912347220193177e-14,3.155815605790317e-14,0.6776513459160924
671,2.5067937926284864e-14,3.1117520792524384e-14,1.9733664189436365e-14,0.6914098100038245
672,1.121405592470574e-13,3.244959524713247e-13,7.649450969613062e-14,0.6770351236336865
673,4.8840424927376584e-14,1.4740423147051634e-13,2.2122152360551674e-14,0.6993775313952938
674,5.686365074801462e-14,1.0185962888144667e-13,3.918780947265411e-14,0.6707824632059782
675,4.463261492519202e-14,2.3613005964056906e-12,1.2103001620017373e-13,0.61096494049998
676,7.369962383672515e-14,5.259610259585518e-14,3.761719508583643e-14,0.6792917504906655
677,1.7095646617358038e-14,2.094448980243109e-14,9.67164575081541e-15,0.6925670055206865
678,5.399845231951795e-14,1.2059171162381706e-13,3.8647585478836194e-14,0.6504726608865894
679,1.7639030191681577e-14,2.7228646627074244e-14,7.901121713350896e-15,0.6829561098245904
680,8.072668793145878e-14,1.113749931693204e-13,6.218864753563766e-14,0.700974257895723
681,4.272346273466538e-14,9.73498254496122e-14,4.481199031556878e-14,0.7150274163344875
682,6.338772245173114e-14,1.1203742514297296e-13,3.7897869509221295e-14,0.7186283354414627
683,4.2127026763190164e-14,6.899727157804302e-14,3.560273724385269e-14,0.6922362670768052
684,1.5015944197839498e-13,9.641095733023782e-14,9.491204902552024e-14,0.6285487557761371
685,9.550359578942984e-14,1.1306430097839627e-13,6.830760792333887e-14,0.6886239371960983
686,5.716100976672905e-14,7.639196118817059e-14,3.8653471443512183e-14,0.6947435271693394
687,5.139323242245719e-13,6.96036938124721e-13,5.052263523153122e-13,0.7311123948544264
688,4.7726063032995664e-14,9.384771054257677e-14,3.175944814294141e-14,0.6793264438281768
689,6.004287442095935e-13,4.86387178918541e-13,4.953792541900625e-13,0.7417157246731222
690,3.2356269724471493e-13,1.0309371081603215e-12,2.3651595370424395e-13,0.6576167451683432
691,1.5135250509879e-13,1.8256635832758936e-13,1.494091071624902e-13,0.6818263899534941
692,4.389085515111825e-13,4.746072608443413e-13,2.653337987039455e-13,0.7061236881418154
693,1.1107507575068716e-12,2.903233343214321e-12,7.918460001470926e-13,0.7118363382294774
694,1.9375917847482846e-12,1.3621872306014093e-12,1.204009362925455e-12,0.6923834892222658
695,5.51342009279933e-14,3.837028434048515e-14,3.1659340178267494e-14,0.6796153072733432
696,1.697578858189498e-13,1.3746089073961824e-13,1.227013652460247e-13,0.6740975273540244
697,4.017498711870747e-13,2.2116191755211329e-13,2.6177785376958574e-13,0.7179809353547171
698,1.92719851872798e-13,2.5641053489687965e-13,1.4531338468089057e-13,0.6929190362570807
699,1.496348920664755e-13,2.492155988257306e-13,9.819966637468145e-14,0.6624876313260757
700,1.5133752779314162e-13,1.770879767023151e-13,8.303185712163075e-14,0.6894371999660507
701,5.780943913696685e-14,8.546845219665109e-14,3.8461944029614076e-14,0.6769249737495556
702,8.450685920407593e-14,9.799683040650244e-14,7.536455647318464e-14,0.7034678203053772
703,9.878202616448246e-13,3.6950473401958755e-12,9.986059901158418e-13,0.7136849056463689
704,1.7029227568730583e-13,1.6916225317536413e-13,1.3528017492701298e-13,0.7372125483117997
705,4.068857663246244e-14,4.4369782819645526e-14,2.578867122319372e-14,0.6957315272418783
706,7.302895095436055e-14,1.1410003437848836e-13,3.840193991179307e-14,0.6950752846198156
707,2.7327022914218824e-13,1.7551437829799435e-13,1.9116891858690667e-13,0.7128249994944781
708,5.835513038837253e-14,5.030508448452995e-14,4.890626910541446e-14,0.6761807698872871
709,2.5985099070217717e-13,3.331904800420014e-13,2.2194114626754996e-13,0.6556663727504202
710,1.8109420171688644e-12,2.2122034022423987e-12,5.671416827128377e-13,0.7095401087542996
711,1.4716910236265492e-13,2.022387879581119e-13,6.068828994256071e-14,0.7094921940239146
712,6.513437920759423e-14,1.0363301258412577e-13,5.450963936427059e-14,0.6633173607406206
713,8.355816702028598e-14,7.051868437479305e-14,7.890233273863e-14,0.6808112282888032
714,3.2081733263220554e-14,2.534689862890199e-14,2.6740317595674434e-14,0.6770481424871833
715,1.4344155018077892e-12,7.974882300571493e-13,8.485261243577606e-13,0.7475312372669578
716,8.439999223796994e-14,2.3192753706765046e-12,1.4783989823354696e-13,0.6123180528462399
717,1.0942116651240836e-13,1.6241593865249471e-13,7.400434981049593e-14,0.6839167527272366
718,7.917519674143212e-14,1.3454300274028033e-13,5.5142961237061186e-14,0.6950752882985398
719,1.0878866555890698e-12,1.5439342976619802e-12,1.0917840522852584e-12,0.6932671782327816
720,1.0783655156136124e-13,1.4111379266679145e-13,8.501260508550374e-14,0.6843695336952805
721,2.6822149991815045e-14,2.7191879544271308e-14,2.1829973535625112e-14,0.7014157725963741
722,6.050742193987317e-14,1.4239317613694176e-13,4.34984202247369e-14,0.7060513824224472
723,3.0684234003719666e-12,3.6642932591748735e-12,2.4835936323542096e-12,0.7695256475359201
724,6.262162099634603e-14,1.1451854187843355e-13,2.2196362229146468e-14,0.7001824158011004
725,3.640621696652176e-14,9.714924250379643e-14,2.605930976399205e-14,0.6705780677264557
726,5.07763593605373e-14,5.515369175064907e-14,3.8762277714199875e-14,0.6873769729863852
727,2.2829638394872267e-13,1.9837065800803198e-13,1.7965528353337697e-13,0.7068945794831961
728,1.1794429527962364e-13,1.4345114886855348e-13,9.986834091347713e-14,0.6981788743520155
729,2.709936630205876e-13,2.0419631902886422e-13,1.1683463997754197e-13,0.7400127799250186
730,1.5733699284554547e-13,1.4472953751055359e-13,1.4547421196095003e-13,0.7290047505637631
731,9.88439757739369e-12,1.513342367268087e-11,6.4052059822374245e-12,0.7490229222457856
732,3.043496532759446e-13,3.247355378124519e-13,2.821988616585692e-13,0.7085127487778664
733,2.7240971104443516e-14,4.7877665425589e-14,1.6547093445210482e-14,0.6927268276223912
734,3.955574405283188e-14,1.850478379033563e-14,1.6580376399486618e-14,0.6909276119433343
735,6.888943101952971e-14,2.0645106893070267e-13,3.981367402152874e-14,0.6420259573380462
736,2.211083943212359e-14,3.938616626254367e-14,1.4657697670141935e-14,0.6722775400849059
737,7.727778235500233e-14,4.7446819615214016e-14,4.9031155347861817e-14,0.6886553500080481
738,1.5221962852616734e-13,1.1231555018209867e-13,1.195210512398524e-13,0.6987624183064327
739,5.6377499994078385e-14,1.8543687707989645e-13,4.3087201636663763e-14,0.6726544670877047
740,1.3379166820534138e-13,1.1811870613175e-13,1.034111605973855e-13,0.6958101434865966
741,4.363461099728407e-14,6.676339924067188e-14,3.049734376991211e-14,0.6801059305435047
742,1.0048928579769018e-13,1.192344653173714e-13,6.683762094094518e-14,0.7150900116190314
743,9.181838574842041e-14,9.403669762907326e-14,7.317232898376095e-14,0.7101881087059155
744,3.722305444606043e-14,4.585940714381891e-14,2.2600822166276777e-14,0.6935310862027109
745,5.271874392249211e-13,9.609895984175798e-13,5.882230196139558e-13,0.7640463778283447
746,5.531809542073272e-14,1.3078620230366695e-13,4.371552941951502e-14,0.6377144298166968
747,3.29454496687133e-13,2.2135298475007457e-13,1.9180754247684488e-13,0.7032357347663492
748,6.008599590316375e-13,5.659070533986457e-13,2.2687399420515187e-13,0.7428517648484558
749,2.105579456397767e-14,3.825830220455636e-14,1.5643157849969608e-14,0.648800318222493
750,1.3453566283445167e-13,1.8301915963168383e-13,1.136112192394809e-13,0.6906441728118807
751,4.442708106081836e-14,1.1087221321893007e-13,3.544207317945347e-14,0.6679453058284708
752,1.2177708734011372e-13,3.1962818784447285e-13,7.11364204434762e-14,0.6553645070875064
753,4.3557208726162894e-14,2.1908011555132479e-13,2.7649712145752004e-14,0.6664329554070718
754,9.185442219673639e-14,1.3776759560736894e-13,9.094881611803903e-14,0.671968418173492
755,8.36991671971818e-14,5.84645905988743e-14,5.70191229734434e-14,0.6965788128785789
756,9.219429571865497e-14,8.33912932364999e-14,5.935872874382298e-14,0.6956521320855245
757,1.9745623107144664e-13,1.2776134744550612e-13,8.849960982449613e-14,0.6860406722640618
758,2.899769043534547e-13,1.9937979417452231e-13,1.5839523129586683e-13,0.6945232635596768
759,1.7635742813981635e-13,8.530651055887971e-12,2.16915272615957e-13,0.6309300770051778
760,6.352937334715507e-14,1.662656038467007e-13,5.106510910973599e-14,0.6770817283075303
761,7.502150622667802e-14,8.400963627286248e-14,4.448392105440329e-14,0.6815979063278064
762,6.277985361943497e-14,5.522059381767285e-14,4.023357794501891e-14,0.695514751248993
763,1.0908592973602708e-12,1.8233584801762135e-12,5.266867436071688e-13,0.6923388742608949
764,2.55775839920383e-13,2.296040830871968e-13,1.8785236595500516e-13,0.6631447192747146
765,2.385543283388623e-13,4.1129611064200124e-13,2.0667923655063071e-13,0.636441559472587
766,2.213811707544051e-13,1.6111122686336474e-13,1.1747216553796942e-13,0.7115110910031944
767,4.537085314735546e-14,8.297758214153073e-14,3.4817266425095953e-14,0.6932034569559619
768,2.1692335432556049e-13,2.0929232872292785e-13,1.3611853185836028e-13,0.7251665923278778
769,8.958897156736559e-14,1.2743107443280402e-13,6.706577728324389e-14,0.7020409737946466
770,5.697972606840374e-13,5.583790260790391e-13,3.9569236359334537e-13,0.6724328103940934
771,5.130755892663444e-14,6.392607320834087e-14,4.246134933331917e-14,0.6637082058005035
772,1.4892347903004765e-13,2.8364091451498513e-13,1.2673137216179238e-13,0.6787108725635335
773,7.841618255936925e-14,7.432549455867293e-14,5.855212498717016e-14,0.7039218825753778
774,4.779669804178226e-14,7.053175587257309e-14,5.1031320186196834e-14,0.6717255702009425
775,5.155368290645739e-14,2.4012513697173497e-14,2.7702725340177752e-14,0.698051814804785
776,1.3975531527778846e-12,4.449013145915663e-11,1.2994653128845861e-12,0.647132938291179
777,1.7091616685025356e-13,1.3364832024214697e-13,9.779337132166868e-14,0.7245239488314837
778,2.974234125682676e-13,1.4619787923399807e-12,2.215007946551218e-13,0.6329711191705428
779,2.632179041048167e-13,6.370103975523946e-13,9.554601787384254e-14,0.6622550805215723
780,4.5194896761940866e-13,5.203923654646407e-13,2.934133997134747e-13,0.7314941474469379
781,8.869777517661842e-14,1.0187214945730699e-13,7.470222062101539e-14,0.6601256910013035
782,4.99480776821839e-13,1.3172184567893709e-12,3.906904293434224e-13,0.7188871193910018
783,5.47317573995658e-14,5.480406525489295e-14,2.811814318765536e-14,0.6947616065153852
784,2.1764421316212492e-14,1.5485165906848895e-14,6.476795946550746e-15,0.6978216326097026
785,7.361902764066225e-13,8.40483847723416e-13,3.9904585035084245e-13,0.703919020248577
786,1.5595830034155732e-12,9.262156799188877e-13,1.1353801279383542e-12,0.724562707147561
787,3.5955826817858096e-13,1.2261893769235327e-12,3.1246955041313075e-13,0.6777740375022404
788,1.31769644450685e-13,3.3460826884237375e-13,1.7449077317689788e-13,0.6942826830549166
789,1.2005485357901833e-13,2.7677830416725357e-13,9.002773321312551e-14,0.7141522745834663
790,1.1520350603586724e-13,2.342604016204785e-13,6.706797635196823e-14,0.662059633829631
791,6.8614053767755825e-12,2.4118258489185298e-11,6.363797925784931e-12,0.7206354131922126
792,7.298907323151815e-14,1.9396654146332034e-13,5.780331550154944e-14,0.6541971147293225
793,3.1611585117101424e-14,4.500450249223009e-14,1.3723678611964637e-14,0.676931541133672
794,1.900798201306827e-12,1.593912365025297e-12,1.2881580271483905e-12,0.7685256453230978
795,3.9576160894220136e-14,5.665006293900871e-14,2.2291141504068848e-14,0.6508151782676578
796,2.9700215132930537e-12,7.121709733222413e-11,4.060736743462844e-12,0.642214204184711
797,1.088586958328097e-13,1.5004446901096e-13,9.933214004533143e-14,0.6992556104669347
798,1.65779168981761e-12,1.1333653408715924e-12,1.4299367673659447e-12,0.7439998780377209
799,8.993901300068044e-14,2.0303842863445212e-13,4.509120693850197e-14,0.6951990199508146
800,8.281756470776396e-14,5.939771003447486e-13,8.67699821526855e-14,0.6200333779503125
801,2.4610206240287546e-13,5.387390244376544e-13,1.8825565713102297e-13,0.6517862137407064
802,4.078683367309597e-14,4.4158539743564016e-14,3.2579072161717244e-14,0.6642384399077855
803,8.573969684198049e-14,6.936526991231468e-14,2.676987517697649e-14,0.7060450508026406
804,7.40067086162737e-14,6.992832319098892e-14,6.466967000489542e-14,0.7022585341706872
805,1.7744013207806913e-13,1.4123372834618857e-13,9.597132407258608e-14,0.6941867146873847
806,3.0061228976471245e-14,5.3564408189763333e-14,2.3599107343829946e-14,0.6801210801349953
807,7.046301311145311e-14,1.2960027002403775e-13,5.4869061483059634e-14,0.6826787607162259
808,7.816695577997594e-13,7.444853943522397e-13,4.975566236724058e-13,0.6822868129238486
809,1.29437443665968e-13,1.7601858430094922e-13,1.0723183293454206e-13,0.7189065303653479
810,1.7666974620432517e-13,1.9130343166914097e-13,1.3027452410466905e-13,0.72064505785238
811,1.2939438277529457e-13,1.648056661913429e-13,7.979296461966581e-14,0.7065241745440289
812,9.890339871716935e-14,1.7515852842583633e-13,7.255975471296513e-14,0.7253453232347965
813,5.466866158464684e-13,5.499334275491421e-13,5.181618201724435e-13,0.7006103534251451
814,1.0117242441158785e-13,8.633123017829359e-14,6.733827125458371e-14,0.7222664787434041
815,1.2559439812617016e-12,2.1713722613665808e-12,9.494757023375218e-13,0.6614819683600217
816,1.5955684258999866e-12,1.1722296004310079e-12,1.0108385445052502e-12,0.7252056261058897
817,2.5237243327159316e-14,5.4329267414647935e-14,1.8338509085594924e-14,0.6646268165204674
818,1.045679272775648e-12,8.846304904544402e-13,8.648900268448991e-13,0.7465424238704145
819,3.477907440765186e-14,5.470584213011122e-14,2.7890863909194468e-14,0.6885836803121492
820,1.0548655378980708e-12,9.278088632712668e-13,9.155728835189586e-13,0.7538213280960917
821,2.146030768087751e-14,7.465379626475138e-14,1.7038679231991885e-14,0.6644093346782028
822,3.663245526866691e-14,3.0466713055128295e-14,2.5890359261532544e-14,0.6846839057514444
823,2.034776226485611e-14,1.1512719355240199e-14,8.030140930448729e-15,0.6949159696465358
824,3.553578920865723e-14,3.8238201888457585e-14,1.707606471263445e-14,0.6938778516137972
825,3.5890135470533694e-14,7.887279236649585e-14,1.5589757801371295e-14,0.7073853416601196
826,2.0327958400504393e-13,9.207532996577354e-13,1.5399444645788554e-13,0.6450940600130707
827,1.027670264291911e-13,7.515203990220436e-14,8.374297040498623e-14,0.7138439708389341
828,1.4141579909151137e-13,2.610036897660664e-13,1.3884707217597806e-13,0.6663360782782547
829,6.099209183718975e-13,3.659128667975502e-13,5.074507773005171e-13,0.7017166616860777
830,2.7668969174461883e-13,3.150505363204307e-13,1.5772861200683184e-13,0.7165813399711624
831,7.119360460694238e-13,1.0390948319005496e-12,4.238339621267144e-13,0.6774199395324103
832,5.867692588827586e-14,5.972822065296189e-14,4.7090207873490274e-14,0.6979096360271797
833,2.698857725660597e-13,5.93040481731261e-14,1.350443742862483e-13,0.7002939835656434
834,5.319245890585919e-14,6.466390977342947e-14,3.19128953480267e-14,0.6624547564308159
835,8.458376599384491e-14,5.049616155045443e-13,7.090683457411573e-14,0.6288623903412371
836,3.114049372912241e-14,3.6543831563835675e-14,2.380251253911077e-14,0.6670392486732453
837,4.1093048627807106e-14,9.867620707828744e-14,1.2163670069819913e-14,0.7068733582505956
838,1.3194693276289982e-14,4.695130725162138e-15,5.294524281126501e-15,0.697180759976618
839,4.860025064881712e-14,4.2988895625755424e-14,3.041656785110566e-14,0.7052241845754906
840,5.987209949377384e-14,6.985538594271927e-14,4.3641416331226476e-14,0.7008342343382538
841,6.53729607491427e-14,2.4491873925112082e-14,4.401090442676187e-14,0.7073718786239624
842,1.057035224950554e-12,3.2525528460181564e-11,1.3137726622758287e-12,0.6331295321404469
843,3.4103234153537143e-13,1.6020518777660352e-13,2.3965521397416366e-13,0.693993418267928
844,4.813984513664549e-13,7.594560604991701e-13,3.3250153623287954e-13,0.6430788591736928
845,1.1754780682283536e-13,1.9223816258253204e-13,8.470015992015119e-14,0.648602506343741
846,6.412439195167259e-14,6.685179968448918e-14,4.5688518658160323e-14,0.6818308375775815
847,2.7953748962875133e-13,6.073336312012704e-13,1.8205218203247786e-13,0.7142664860468357
848,4.025290095425638e-14,1.5193303098165352e-13,1.9591303629736794e-14,0.6434952927171252
849,1.240182276772618e-13,2.2187249492909862e-13,5.295540179702239e-14,0.691340038087219
850,5.782997604948047e-14,1.6436331849054094e-13,3.653629911484662e-14,0.6496119376737625
851,8.750244490179305e-14,2.433998251286802e-13,5.4303451583295154e-14,0.6862180919619277
852,7.051320147482048e-13,7.20527083767341e-13,5.285310526951127e-13,0.7573286978527903
853,5.5472118577573643e-14,2.3458837568875843e-14,1.7510038224910276e-14,0.7220515785040333
854,9.507848932112323e-14,6.031598134429666e-14,6.995946984005107e-14,0.6975337414769456
855,2.4049092006054724e-14,8.447014574157875e-14,1.7454373920977944e-14,0.6511360774864443
856,2.605359047988688e-14,3.3927375822395615e-14,1.9003995826835244e-14,0.6804136404884048
857,7.18552267104373e-13,7.690725412267969e-13,5.730812951927152e-13,0.7445636197458952
858,6.880712597828625e-12,7.73254741629784e-12,5.929605813297127e-12,0.7858287243172526
859,5.6266265697031393e-14,8.639592738640318e-14,4.307490751143787e-14,0.6746118392329663
860,1.804496514385932e-14,1.9787901517316963e-14,1.0397629446461105e-14,0.6929738071747125
861,1.6664382812114054e-13,5.460923850716141e-13,1.398194425750544e-13,0.6649630347150378
862,9.361096097268504e-14,9.734619660184342e-14,8.299401990284718e-14,0.6741273568943142
863,4.61249190396699e-14,5.162551266755855e-14,2.2177103964035232e-14,0.6980748374713585
864,5.198800038059732e-13,9.792487056125061e-12,7.833759401948414e-13,0.6115186139068101
865,3.204580153955635e-14,1.1826680593467958e-13,1.7652144637162207e-14,0.6554570200038142
866,7.857323877586121e-14,1.193502252781877e-13,3.6696460961858535e-14,0.6981196833075956
867,1.0418719627789108e-14,7.42814191096287e-15,4.180085271001774e-15,0.694396723783575
868,2.680147763376845e-14,4.60517006927696e-14,1.4810581715219154e-14,0.6710860940860585
869,8.484114834324242e-14,2.1233397774656637e-13,3.931182969733474e-14,0.6419568110024556
870,3.892226489300048e-12,3.566213253882048e-12,3.318406762515068e-12,0.769829286634922
871,1.115145385719446e-13,2.8316610186908226e-13,1.070079171072962e-13,0.6680077847908251
872,5.525408490287607e-14,8.550483452896895e-14,3.809558329070103e-14,0.6720294038066641
873,6.112502014848364e-14,1.370269483013957e-13,3.5385310544541564e-14,0.6916391856502742
874,1.2084530907505047e-13,1.113695000741911e-12,1.2611179400453917e-13,0.6413781171664595
875,2.4071089217119e-13,1.92710052287707e-13,1.2574804886370903e-13,0.7007654666900635
876,9.221570567325492e-14,3.3864411377397816e-13,5.4980756170302346e-14,0.6902214582078159
877,3.362149701305114e-14,1.8381138876257972e-14,2.122345674049577e-14,0.6922023917082697
878,4.1044541812355535e-13,8.047305451905658e-13,2.334610325770117e-13,0.6472574232378975
879,2.1427890977955854e-14,2.6077737725316965e-14,1.0122001324135032e-14,0.6883882025373168
880,1.121333126822347e-13,2.938923333094844e-12,2.0798656594660654e-13,0.6095959391037468
881,1.295448719088888e-13,1.427113819934267e-13,1.0693375334529588e-13,0.689124651090242
882,1.9907456762797102e-13,1.8851477798384126e-13,1.4043310533845508e-13,0.7130731706507504
883,7.950369686601619e-13,1.2049949357999751e-12,8.090960177637436e-13,0.7425288180820644
884,1.631843848867717e-13,1.5147722513398386e-13,1.1554785548185953e-13,0.6948173395358026
885,8.632508363486938e-13,2.8321458275756763e-12,9.687057104066322e-13,0.7544849357567728
886,1.3043594677383744e-13,4.543801692113524e-13,1.183267425401382e-13,0.6381739595090039
887,7.591915548017571e-14,6.050362920556289e-14,6.13081194022602e-14,0.6664915229193866
888,5.4303918758945344e-14,7.231870876562763e-14,4.130283051760767e-14,0.7163648380665109
889,9.243105512137195e-14,1.3703579143376886e-13,8.156934183615137e-14,0.683919117716141
890,2.0401347776034766e-14,1.9677616011135606e-14,3.2916218913996713e-15,0.6947604049462826
891,1.1029042932702144e-13,9.744901217133302e-14,6.673045907470752e-14,0.68457347296644
892,5.154568264052789e-14,6.013924340687256e-14,2.7150658474637987e-14,0.6572423935169354
893,6.973679418792624e-14,7.576563559297417e-14,4.382341046738214e-14,0.6742954228189774
894,1.9596643061873613e-12,3.0789013071762435e-12,1.958420119349126e-12,0.71748838275671
895,1.2990229457814296e-11,6.715304847191711e-11,1.5382802677182215e-11,0.6333701332798227
896,1.9239496982920755e-13,1.4082954409570246e-13,1.2603207586771696e-13,0.6756969724083319
897,1.6694895606360773e-14,1.5538701559749057e-13,7.574226653499384e-15,0.6394589437404647
898,4.165522497630639e-14,9.345305201323735e-14,3.000091479625225e-14,0.6657338641700334
899,3.5797247902784634e-13,2.696944121298873e-13,2.0071314399578256e-13,0.6714965857216157
900,2.9473790883171063e-13,2.6560299047346763e-13,2.1738454034915034e-13,0.704932299721986
901,2.5813890097129247e-13,6.557674557972782e-13,1.0660988508831264e-13,0.6741406902088783
902,4.5957914003686685e-14,8.754663359496152e-14,2.984108297980107e-14,0.7083930864464492
903,4.8897651476722635e-14,5.712501849718528e-14,3.047154145853482e-14,0.693464393215254
904,6.851882205472249e-14,1.471423620477974e-13,6.259836949364299e-14,0.6835683784913271
905,3.352338379371212e-14,3.582252162734287e-14,1.970703747004285e-14,0.6726652042591013
906,6.044554760270174e-13,2.195252949308541e-12,3.640871557362147e-13,0.6564830997027457
907,6.489127738380101e-12,6.328005086227533e-12,4.815887791734719e-12,0.6953924892004579
908,1.0843115889792907e-13,3.748283196568734e-13,4.3733145804050847e-14,0.682641392329242
909,6.761870434952663e-14,1.0341129109836968e-13,2.955449589160188e-14,0.6906861878465861
910,1.4517659672909203e-13,1.219974213973206e-13,1.1827907164113452e-13,0.7202352701453492
911,5.092549173140597e-12,4.4878074015914314e-12,3.4141403437581137e-12,0.7310826776083559
912,8.317021171234504e-15,1.1000132003380531e-14,2.6964088669583174e-15,0.6944808580446988
913,4.540774687308103e-14,3.566614697399576e-14,2.3233080323115246e-14,0.6943405896658078
914,2.4986653624823445e-14,3.254728029272504e-14,1.6251219397826188e-14,0.6953324167989194
915,8.958763813310606e-14,6.915132700857488e-14,7.424428551620995e-14,0.6830914210644551
916,1.98874172426811e-13,1.0260807119407088e-11,4.1433496000043235e-13,0.6274468068906571
917,3.618970140443865e-13,7.174722544406373e-13,4.2601773300126973e-13,0.7126577562419698
918,3.835146535957642e-12,5.7559991285661715e-12,3.0550026228232836e-12,0.7281361669767648
919,1.2931570308911205e-13,1.1909392494102193e-13,9.2054853855167e-14,0.666411207569763
920,4.299380300444742e-14,7.256181145678432e-14,4.3500254327521766e-14,0.6959581063129008
921,1.5867129526365887e-13,4.3385203069100673e-13,1.1989229829475686e-13,0.6819907019496896
922,7.06414735535099e-13,1.0222804818316815e-12,5.517941433759665e-13,0.7561720558442175
923,1.4185403338570305e-13,7.800261759738786e-12,4.5189210647119514e-13,0.6104908386594616
924,2.6476294555848442e-14,2.4460372548141963e-14,2.5114477882934318e-14,0.6930320020765066
925,2.401420630172541e-14,2.1045453525415316e-14,2.390966880778316e-14,0.6998768250225111
926,8.107957844355754e-13,8.074847452337687e-13,7.240695029249259e-13,0.689508011797443
927,9.417107765184642e-14,1.0593720536980233e-13,7.592097668738417e-14,0.6877828269964084
928,1.3820726798921352e-13,2.6258058473007507e-13,1.1399730299284904e-13,0.6920255715493113
929,9.097783395547812e-14,2.958045263369537e-12,1.7724693988831948e-13,0.6142033702402842
930,8.47658953230452e-14,6.954692213247724e-14,5.286145374854821e-14,0.6945685693994165
931,3.057907388371726e-14,8.973515314887877e-15,1.7095045057037004e-14,0.6941376768518239
932,8.524823699078469e-14,7.477591755202695e-14,4.3023767761188636e-14,0.705151423276402
933,1.1793742948281678e-13,5.296522648121001e-14,7.697997814458423e-14,0.7398375648539514
934,3.0020738207762974e-13,5.695534104696904e-13,2.1601959322098606e-13,0.6895140515756794
935,4.602157787412025e-13,1.7676549893222673e-12,4.0019567984125056e-13,0.659903421998024
936,5.875642715827664e-14,5.754677463947418e-14,4.612503646709309e-14,0.7140385184437037
937,1.703843090861942e-13,1.5766665908188704e-13,1.0288780519291905e-13,0.7217701368033886
938,1.4026154985535952e-13,3.045724306326978e-13,5.755499156640319e-14,0.6480854156892747
939,1.2968208008786065e-12,1.2864354243624902e-12,9.967522465321027e-13,0.7331773577490821
940,7.884259590906778e-14,6.951270826346657e-14,6.40405371770238e-14,0.6787818218581378
941,3.6160422962471254e-13,8.07625722616849e-13,1.5716612109826792e-13,0.6880696736741811
942,1.0364401344853368e-13,1.4742207702321323e-13,6.321817923568488e-14,0.6625095112831332
943,4.541870850568677e-14,3.088503601755599e-14,3.2351935272802655e-14,0.6869639033335261
944,4.721299071865341e-14,1.4889140935426767e-13,2.5903140146991758e-14,0.6908458339748904
945,1.145121875745735e-13,1.8462980295207657e-13,8.820422882128672e-14,0.6845167093910277
946,7.003881234503094e-14,1.0625943088431103e-13,4.5011781872024133e-14,0.6767642470309511
947,4.0001493217782985e-14,1.911447620401496e-14,3.062373106049487e-14,0.6816524968133308
948,9.80461177752299e-14,2.2554964831012252e-13,6.716196900783538e-14,0.6668390013743192
949,5.192462259736347e-13,1.0413920427857787e-12,4.754690052286484e-13,0.719495894573629
950,8.761784924447145e-14,8.87973963290505e-14,8.15823234197844e-14,0.6923779364209622
951,7.093847095711721e-14,1.8547037020501827e-13,5.3111949829059266e-14,0.6705868368851953
952,3.120599936874887e-14,4.8162030146332373e-14,2.1680223314550558e-14,0.698343792418018
953,5.2111370181048176e-14,4.610656395117006e-14,1.6329374132880768e-14,0.7155818901024759
954,1.0075182930591265e-13,1.310485517276647e-13,5.116895749165091e-14,0.661973466409836
955,8.316996146904198e-14,6.053499908952708e-14,6.708054176739488e-14,0.6963249118765816
956,3.265092884751905e-14,4.9374546302693885e-14,2.459101693811627e-14,0.6930351390270516
957,4.414968476147858e-14,1.1118641310701783e-13,4.2650725353103445e-14,0.6720969414571301
958,1.1745877539881333e-14,1.2042034483116512e-14,4.84846640638626e-15,0.6951582155190408
959,4.8736870435919044e-14,7.743149504630742e-14,3.409599594291344e-14,0.6767199269146659
960,1.1287567408595656e-13,3.2423386911165194e-13,7.786411847048385e-14,0.6511199273751117
961,8.22639067006164e-14,1.0385062789433692e-13,7.259575722892307e-14,0.7003793404437602
962,3.214319875362021e-13,9.732516391424071e-13,2.616667022850324e-13,0.756932838819921
963,2.2773600251652597e-13,3.9560444649429007e-13,1.309274239350746e-13,0.6665816676919348
964,1.3058058278648468e-14,1.0793420502088975e-14,4.841715402313287e-15,0.6941222958732396
965,7.770541759624575e-14,7.216909547295316e-14,5.543372635927893e-14,0.7109850978013128
966,2.875560710181932e-14,2.9735240126008924e-14,1.7181148683262654e-14,0.6775713011738844
967,9.356151079929837e-14,4.0925428442248786e-13,7.069047706447231e-14,0.6435304334736429
968,9.811961568448223e-14,4.725015903167427e-13,7.168986296535948e-14,0.651070435193833
969,3.7023713704781507e-14,3.371250657885085e-14,1.816541596064478e-14,0.6928785699186847
970,3.044707558117205e-14,2.1445867854978337e-14,2.0558088010873693e-14,0.6925967907533049
971,2.910212908608271e-14,1.3713706722503762e-14,1.5131188380759675e-14,0.6949455512687563
972,1.8092161932813308e-12,5.870104817838798e-12,1.2446694334596937e-12,0.66557639708044
973,8.177061169268866e-14,1.9207636508620813e-13,4.9492663123565316e-14,0.6925431454554201
974,1.2400513632727283e-13,1.319254518056763e-13,1.1237772533107714e-13,0.7283662759233266
975,8.120438281051092e-14,3.306200607249384e-12,1.2177650312917234e-13,0.635486848623259
976,6.123433565157921e-14,2.2781278903698216e-14,1.894212922706503e-14,0.6949190075974911
977,3.566420558546125e-14,2.016641692917975e-14,2.294709438086318e-14,0.6901897264411673
978,3.674519960855991e-13,4.964772030528753e-13,2.920337920959122e-13,0.6756010160315782
979,1.5835291310653154e-13,2.478520548959938e-13,1.2982778511386307e-13,0.7148519214475527
980,3.2242643717456045e-13,2.9488782856532795e-13,2.2618626694066314e-13,0.6889067525276914
981,6.35974871127425e-14,2.3908783049918244e-13,4.636048933826833e-14,0.6447929513873533
982,2.9513492412972445e-13,1.0526430131193785e-12,2.1717367695897106e-13,0.6547591113951057
983,5.016894849603776e-14,8.210863160009297e-14,3.7996584635821655e-14,0.7046885962830857
984,8.347536689538649e-14,2.0789495318701314e-13,8.207758355165139e-14,0.708425398520194
985,2.0317055736768007e-13,7.843634979373804e-13,1.567203233888324e-13,0.7213093359721825
986,5.875620709557581e-14,7.844775679414311e-14,3.327832218707588e-14,0.6812524063163437
987,9.539283823944497e-14,6.216695689320419e-14,6.892839597582326e-14,0.7100957565242425
988,2.3814791682863206e-13,1.7861948052558537e-13,1.4430270310346576e-13,0.7150022763293237
989,6.456917822521689e-14,1.646063068803606e-12,1.0683141017070192e-13,0.6242579344834667
990,3.7244063330644415e-13,5.299918078589817e-13,4.0104251616646394e-13,0.7146723806858063
991,1.9048591182725073e-13,3.1925434802594826e-12,2.325829058622426e-13,0.6303821514127776
992,9.569418447360102e-14,1.1003768335764776e-13,8.120227829920853e-14,0.6621212217956781
993,4.276243889853173e-13,8.548704451688048e-13,3.985379086285691e-13,0.7484800872858614
994,1.1496954601915696e-12,1.249616475225492e-12,9.792879192021976e-13,0.7470774841494858
995,2.2312269217259654e-13,2.061194764085055e-13,1.3068824311145925e-13,0.7137444333871826
996,4.916522540214515e-13,1.9225360184628684e-13,3.4232887090394925e-13,0.6950767748989165
997,6.780208253446763e-14,4.4161005891141966e-14,3.5013466525133996e-14,0.6913582651177421
998,1.278890692907263e-13,7.865445107693604e-14,4.0657830597271816e-14,0.7059199382085353
999,1.0621707487221231e-13,1.1450608065058397e-13,8.710402334259359e-14,0.6842602646909655
1000,7.354077039895175e-13,5.495812533302035e-13,5.04443578937812e-13,0.727351327938959
1001,1.5853120899761932e-13,1.3434096915560806e-13,1.1332376082957111e-13,0.7137311780126765
1002,2.095425562408221e-13,3.247479650601269e-13,1.4284471202953302e-13,0.6491522558615543
1003,3.364707523228196e-14,3.170866887049133e-14,2.903243798014265e-14,0.6672334861010313
1004,2.993968243189519e-14,1.6424065056721672e-14,2.1761797229162602e-14,0.6944139041472226
1005,2.1106542787469344e-13,1.7078682445792473e-13,1.881123650302723e-13,0.7198715507984161
1006,2.7034223702696034e-13,3.58163087461472e-13,1.9089594209580915e-13,0.7198942454066127
1007,3.8890149988154386e-14,5.6129338235757477e-14,2.2848215887487847e-14,0.6923455608077347
1008,1.240843120109131e-13,9.458255767113726e-14,1.0105127573175654e-13,0.6898040730739012
1009,6.171453433228283e-14,5.331323475851732e-14,5.150946289632572e-14,0.6656269225873984
1010,5.711168685472055e-14,1.25054046361402e-13,2.4089595855934168e-14,0.7005891902605071
1011,5.316190712107941e-14,3.283630664389385e-14,3.822578070878705e-14,0.6755906830774621
1012,4.638772925909251e-14,2.994303204513947e-14,2.350774464854802e-14,0.7078709370689467
1013,1.8735004658062254e-13,1.5573944220267555e-13,4.993161471359218e-14,0.7465793812647462
1014,4.263857418497801e-13,3.1661900705459304e-13,2.5865177274853784e-13,0.7293245292268693
1015,7.006130631904549e-14,6.817237075073745e-14,4.9310383143996884e-14,0.6697570872027427
1016,1.7749151011300767e-13,1.8830636838171536e-13,1.1712725838796768e-13,0.7257249457295984
1017,2.008605316066604e-14,2.2588096129202356e-14,1.3921391937789649e-14,0.6658121273270808
1018,5.186542270104486e-14,6.517812485794634e-14,4.099529403216514e-14,0.7031349309254438
1019,1.2950097556562466e-13,1.3442970701609973e-13,8.479400479210108e-14,0.6857723345747218
1020,1.7708680362684837e-13,3.231367702141711e-13,1.9907279973064763e-13,0.7116668277187272
1021,2.843111767723189e-14,3.2983010633186276e-14,1.853203121677478e-14,0.6988540178863332
1022,1.2945548245570127e-13,1.454079390938025e-13,1.0512918057200979e-13,0.7199090586975216
1023,4.684109597750848e-14,1.6137905669642883e-13,3.493452650192717e-14,0.6707622083486058
1024,8.530560709971965e-14,7.45950148639913e-14,6.283641031122114e-14,0.6937399174086749
1025,5.878328542242898e-14,5.599147501867133e-14,4.01471346973395e-14,0.6631257885834202
1026,1.2705752185409534e-13,9.478796187353927e-14,9.711736332799791e-14,0.69877553738188
1027,1.2363147229935672e-13,1.5986756308274292e-13,6.031577624486459e-14,0.6869283723412082
1028,1.3203969549948491e-12,1.743496169349892e-12,7.221786060009077e-13,0.7582945866510272
1029,9.838020285701355e-14,9.170840059971347e-14,9.59221380629467e-14,0.7173035610700026
1030,2.6697097429007385e-14,4.8658326250419984e-14,2.2357133551924343e-14,0.6767071409034543
1031,8.942472635095127e-14,7.214568267875239e-13,9.892041320530957e-14,0.7192664534319192
1032,8.357188252931064e-14,1.808687789333087e-13,5.3867473107570255e-14,0.7136134190950543
1033,6.890345387139856e-14,1.4641320639383124e-13,3.175211093165073e-14,0.6672460596892051
1034,1.9722837617764897e-13,3.653287163294883e-12,3.621633922735651e-13,0.6222492205677554
1035,6.286336921296117e-13,6.502430218249842e-13,4.741334384531541e-13,0.749353880342096
1036,2.5822750384925587e-13,8.835293535876036e-12,2.62924728385506e-13,0.6310196742415428
1037,1.2047009010715733e-12,8.276727185881239e-13,9.979250107142327e-13,0.7237027865834534
1038,5.699139228772984e-14,6.854169406911654e-14,2.936500223143945e-14,0.6794473002897575
1039,4.198478208909444e-13,3.834695809833586e-13,4.0385144328020116e-13,0.7272157553583384
1040,3.628282247695038e-12,9.836978145238776e-12,3.782606623294708e-12,0.771542764082551
1041,1.22043899009761e-13,1.4936358702856073e-13,8.337015296232729e-14,0.6587955848081037
1042,3.5417880221700496e-14,4.731562815949536e-14,3.044916430454209e-14,0.6687672985251993
1043,6.101518931323192e-14,1.653356811205501e-13,3.267941760170919e-14,0.6498951522400602
1044,6.696836257506409e-13,7.057884116995854e-13,4.0729275773936086e-13,0.7447930643800647
1045,1.1803641872880964e-14,1.5468153827051656e-14,9.939909855716055e-15,0.6944170946953818
1046,1.2355516284728728e-13,1.7136599378188842e-13,1.3222936822531038e-13,0.6569553816923872
1047,1.9970799361641903e-13,2.6420674007804896e-13,1.1379988301824933e-13,0.721252423687838
1048,6.110029497058794e-14,3.2462896614603895e-14,2.335289382621306e-14,0.693625969090499
1049,5.29532425547697e-14,8.09143347702193e-14,5.1174784291666566e-14,0.6591039643622935
1050,1.338759547446222e-12,2.4808103813246706e-12,7.230690926467476e-13,0.7338806504849344
1051,3.723024143123934e-14,8.057857882940376e-14,1.5946211676232566e-14,0.6884954010485671
1052,7.429270347302688e-14,8.555149191224433e-14,7.170723399426738e-14,0.6548368068761192
1053,1.8797563362239652e-12,2.2697856643106556e-12,5.705994624057902e-13,0.6947750458028168
1054,3.737643465337439e-12,6.752889706581288e-12,4.88244741819993e-12,0.775307934731245
1055,9.195732996045025e-14,9.296360723181828e-14,4.407304998766709e-14,0.736634582746774
1056,4.374436197412485e-14,3.709918850695021e-14,2.6454021100947553e-14,0.6975141341565176
1057,3.8248059950002876e-14,3.3932560313445266e-14,3.0305552006937115e-14,0.6927000985480845
1058,2.6907506363460117e-14,2.1683438775884056e-14,1.4545721081565642e-14,0.692315427516587
1059,3.8469493181922295e-14,3.892957708466616e-14,3.201354900504797e-14,0.6927133212331682
1060,1.2381217063364524e-13,1.5673127518858997e-13,1.0012728769760087e-13,0.6883709549671039
1061,3.3625237426206243e-12,2.4406836844494098e-12,2.5337693652078327e-12,0.7593812059611083
1062,1.8098353924462749e-13,2.433392320591029e-13,1.0359667822860317e-13,0.6790827043820172
1063,6.47375718367766e-14,8.074085631326283e-14,5.35360635063195e-14,0.6783393229939975
1064,3.349321957098209e-14,5.00106704588414e-14,2.7455126162151294e-14,0.6658622531685978
1065,3.491258224102692e-14,4.712504217536767e-14,1.5528423876667266e-14,0.6802461236482487
1066,2.3271573044865394e-13,3.985381859193475e-13,2.8747081776640153e-13,0.728346076561138
1067,4.726142734886991e-14,1.1036642183072033e-13,2.334899005809436e-14,0.6830505623016506
1068,2.8442832086263445e-13,2.2537303360770692e-13,2.602299483156538e-13,0.6971161077497527
1069,1.4994175411356776e-13,1.7829846781723797e-13,1.161401500673777e-13,0.7173165781190619
1070,7.191144377375863e-14,6.56783415224289e-14,5.691300444624978e-14,0.719607922527939
1071,1.70763112022104e-13,1.0346239360627337e-13,1.0530670204545074e-13,0.6832410955801607
1072,2.061434031087898e-13,1.795751655337365e-13,1.481941505101794e-13,0.7200863303383812
1073,4.662342563795503e-14,5.880963117365478e-14,4.601618933742187e-14,0.6991260828450322
1074,3.393525190549803e-14,2.0938740834355274e-14,2.5799754892603985e-14,0.6845701429294422
1075,9.1030906138721e-14,4.771129620472133e-14,3.1842754043530546e-14,0.6951496730791404
1076,5.172278366808676e-13,4.754532964215875e-13,2.919600882487805e-13,0.6776058288407512
1077,1.0917765247935148e-13,8.595512044756824e-14,9.10723879697522e-14,0.684613458882086
1078,4.4040843520231445e-13,1.3083012924865546e-12,3.7491557964824846e-13,0.7587699054274708
1079,2.885204136779604e-14,2.7090439775603878e-14,8.916805133683282e-15,0.6977231317898258
1080,1.5458577002258049e-12,1.908516825419045e-12,6.055167487568658e-13,0.7261267097434029
1081,6.033080498016892e-13,6.088211394344416e-13,3.51579961721625e-13,0.7482502595055849
1082,6.689562813756581e-13,4.5369627451126065e-13,5.197512901323117e-13,0.7661098328419029
1083,3.143190692623349e-14,2.7367862097010092e-14,1.7378824360902767e-14,0.6976060247281566
1084,1.2633452765504756e-13,1.0347566772065186e-13,8.691446928335803e-14,0.6920158341992646
1085,1.3148847737026323e-13,1.3112939623528126e-13,7.887260648891978e-14,0.6965519063640386
1086,3.853367139359062e-14,4.247219069302843e-14,2.1531389800352078e-14,0.6927999094361439
1087,1.4682717766594723e-13,2.566209411475122e-13,1.364387848139566e-13,0.6461792096379213
1088,3.781829785331478e-14,2.1960087443266492e-14,2.1222386420781164e-14,0.7137600259622559
1089,1.1149411533993637e-13,1.2002030690744155e-13,9.01259937508639e-14,0.6986253049923107
1090,3.396189395279345e-14,6.148019239712112e-14,1.272056218303066e-14,0.6654361402615905
1091,4.0342566704591807e-13,5.978750399592766e-12,3.566984270838563e-13,0.6242504326393827
1092,4.322175176926218e-13,6.693485590833154e-13,1.6791825917515317e-13,0.6764609151752665
1093,4.806289983750521e-14,6.652953834966216e-14,3.42463997319099e-14,0.6995231713168323
1094,3.8238253107162004e-14,2.3072186210968853e-14,1.4040948371669003e-14,0.7045527282869444
1095,6.285356744476894e-12,1.0353012783772455e-10,8.015395737732726e-12,0.6164099566754885
1096,2.0364600190570284e-13,9.376221730934729e-14,1.269830305008051e-13,0.7001432060264051
1097,7.811037876059795e-14,2.993155705374115e-13,7.790056421444401e-14,0.6435147001640871
1098,2.241085900060006e-14,1.8582394710984266e-14,1.3401593984907103e-14,0.6834247029153631
1099,1.2799410077041298e-13,1.0548356458786445e-13,1.1682356347699071e-13,0.699286762997508
1100,1.2615222611996344e-13,1.0430178243652368e-13,9.195156468105791e-14,0.7260247650556266
1101,4.6918518762662406e-12,1.4383053824164396e-10,5.263506280955015e-12,0.6556150939431973
1102,2.444348562901109e-13,1.623000748145865e-13,1.1811340109651033e-13,0.7165111056528986
1103,1.5108118793644475e-14,3.0318847494874127e-14,1.1231135425959788e-14,0.665925076615531
1104,2.268463086485519e-14,2.8719880842057386e-14,1.5491250030793278e-14,0.6569393916986883
1105,1.0753518120543534e-13,9.493008188148924e-14,8.380931924526188e-14,0.7301405912265182
1106,3.858742093009878e-13,6.410821790731532e-13,2.598001615112544e-13,0.7422249110415577
1107,6.66876999076706e-14,2.6391985322319177e-13,6.238943573724338e-14,0.6304264472681098
1108,4.538757051003197e-14,4.1193565534670637e-14,3.1029723650454175e-14,0.688290621258784
1109,3.17422151317331e-14,3.480998968545555e-14,2.2042605129491522e-14,0.6922283438034356
1110,3.462558954869434e-14,1.350377680201861e-13,2.7933163790194414e-14,0.6518762426101603
1111,3.115133590989726e-14,2.4017841770917168e-14,1.556005357381624e-14,0.684312559850514
1112,1.702029975492871e-13,2.8054662346811015e-13,1.157761473214022e-13,0.6765876287128776
1113,2.5176444226703855e-13,3.1026315474058717e-13,1.1950791944814127e-13,0.6912596645532176
1114,2.6612007884828945e-13,2.880583932321427e-13,1.4745582847296614e-13,0.7250331101939083
1115,6.506859735128085e-14,5.2116719624059355e-14,4.3193263311049126e-14,0.7020066122757271
1116,5.747245819438272e-14,4.006825430560809e-14,2.5074305896204467e-14,0.7087647244799882
1117,5.497833175920969e-12,4.645964404996136e-12,4.237976371781604e-12,0.78265968747437
1118,4.524666142474988e-14,1.3943430097987516e-13,2.9289762590868025e-14,0.6684445491991937
1119,1.2526049233543684e-14,1.1549704260522754e-14,5.399488835362517e-15,0.6936067095957696
1120,1.9320448371417532e-13,1.7127883833390361e-13,1.4102199631489256e-13,0.6847124775173142
1121,3.311318963382541e-13,5.006305779406831e-13,2.0210477416621555e-13,0.6807871806086041
1122,7.71241847739469e-14,4.06773461560298e-14,5.1765942448765174e-14,0.6944504236569629
1123,1.9299818197957675e-13,2.545743871506396e-13,8.86063529739837e-14,0.7134353257250041
1124,1.2193168293066692e-13,1.1212029925021051e-13,8.327174570108083e-14,0.6744573612581007
1125,1.4949594054336915e-12,2.5563114875015813e-12,9.043222603574173e-13,0.7224184092367067
1126,8.70683034914555e-14,5.275021034102321e-14,5.036975431044115e-14,0.6914684938499704
1127,3.081074716392192e-14,1.806571146284566e-14,2.146202910119065e-14,0.6960726093035191
1128,1.8852510923613444e-13,2.2609340561711481e-13,2.0584956227889582e-13,0.715877880831249
1129,5.891724955343183e-14,9.701148624854348e-14,3.493316242069927e-14,0.6877863639267161
1130,5.4147547697279766e-14,1.5682110426877095e-13,2.551723350941117e-14,0.6546869016019627
1131,6.744228647657672e-14,1.504943330121845e-13,1.7064965897635308e-14,0.6858878207858652
1132,9.063923852225434e-13,1.5641960591840917e-12,5.347677962205485e-13,0.7295651681022719
1133,1.130106947964066e-12,4.098506666985273e-11,1.686090536392187e-12,0.6434355224599131
1134,7.170872867517204e-14,4.6327558533141e-14,3.578536515961897e-14,0.689170374837704
1135,2.658071819385945e-14,1.750360213278291e-13,2.022122273228888e-14,0.6461040207999759
1136,4.471135034336775e-13,4.681225646206161e-13,3.605715805284852e-13,0.6930241506313906
1137,9.400443388858611e-14,6.434891664627912e-14,4.261767806162884e-14,0.699064887361601
1138,5.758588506096815e-13,3.8691192175108943e-13,3.6868649018926894e-13,0.7447165005840362
1139,4.588689551110644e-13,2.9279563783977154e-13,1.6013719289764885e-13,0.7764227513223887
1140,4.751506062724479e-14,9.601922814937929e-14,3.141291845593819e-14,0.6863785818568431
1141,5.73907145169821e-14,4.074428428653008e-14,3.5894930353610695e-14,0.6940076181897894
1142,2.859781397464236e-14,3.822895634229941e-14,2.2809989716164455e-14,0.6803465284407139
1143,1.32101170349739e-13,2.1101667240095463e-13,1.509863304584333e-13,0.6838162196450867
1144,1.8103084991134756e-13,2.502727708392626e-13,9.87443506382866e-14,0.696334574604407
1145,1.4608999620283353e-14,2.2479325098909334e-14,1.211261908954808e-14,0.6937371334759519
1146,2.7877004615238167e-14,3.1441365066772055e-14,1.770371954374384e-14,0.695112804719247
1147,5.1583514746082845e-12,9.44566064649535e-12,4.607249069864746e-12,0.6939286688342691
1148,1.4371391842730568e-14,1.076244191394321e-14,7.622633423149837e-15,0.6942343693692237
1149,1.222464103159338e-12,8.889125543589153e-13,6.806207122775755e-13,0.723352674068883
1150,5.880120146790679e-13,4.887607419135496e-11,1.6718569157583918e-12,0.6086424783337862
1151,5.037759216697846e-14,5.458889668094051e-14,4.929481373670043e-14,0.6916596309281886
1152,5.0622181226419427e-14,8.286929062000405e-14,4.52623921005473e-14,0.6795385259902105
1153,1.345929824568386e-13,7.603582610645451e-14,8.962069307982898e-14,0.6931938173482195
1154,3.4285220827168755e-14,6.919578482230289e-14,2.038839260350393e-14,0.6556522948318161
1155,6.528641400086791e-13,3.551370573876996e-13,3.753097842639899e-13,0.7167850782861933
1156,1.2889579240761694e-13,1.1035209741061023e-13,9.316436318710331e-14,0.6712919065495953
1157,8.478976467060931e-14,1.7947070846036228e-13,7.556637871908594e-14,0.6674649081891403
1158,1.3608018702286418e-13,1.5257620350873415e-13,9.942304715621586e-14,0.7353829792700708
1159,4.7930133315387466e-14,5.5186013804671364e-14,2.2068425404247975e-14,0.6870061520021409
1160,1.2278264829572117e-12,6.993254655817042e-13,8.386537799388481e-13,0.6945047347573563
1161,8.417098459093474e-14,5.856905467630442e-14,4.394639847497995e-14,0.7007850023452192
1162,6.142598941525695e-14,4.990978484693824e-14,3.3967516469900667e-14,0.7158674193779007
1163,3.716106071170634e-14,3.440921767838576e-14,1.0901526569981835e-14,0.6784842160413973
1164,1.0056037485620166e-12,9.845033099688911e-13,9.212110837630491e-13,0.722628332581371
1165,6.263285509984884e-14,5.767084378917499e-14,4.6507554150111345e-14,0.6536738898023031
1166,1.2356625096416633e-13,1.487982280514328e-13,4.93897493867005e-14,0.7260075330035761
1167,4.1650057895949796e-14,2.9610323242530235e-14,2.7341362737950913e-14,0.6803437000489794
1168,4.4928328880346644e-12,6.63680204050837e-12,3.3677156112827916e-12,0.7314894678071141
1169,2.7048545552207726e-14,1.1308622082423797e-14,1.8561002677384773e-14,0.6927717632846907
1170,6.437680990458647e-14,1.016530759533096e-13,5.920241371009957e-14,0.687798438151367
1171,1.0125818782220388e-13,1.460689007937543e-13,7.251529467970587e-14,0.6986350941238925
1172,2.519492037207852e-13,3.582625341394402e-13,2.0458725043725956e-13,0.6835499176057056
1173,2.9022964171156304e-13,2.4746711379603067e-13,2.2697679012900452e-13,0.7061719577759504
1174,5.229313167842209e-13,1.3830068709120165e-11,6.102451475514366e-13,0.631977663084399
1175,1.7160825904677082e-13,1.123358884010396e-13,1.3975099456810925e-13,0.6957697378704324
1176,1.0827056506354341e-13,1.4152881452368245e-13,6.395583168832275e-14,0.6958074681693688
1177,6.348755752199379e-14,1.4255893612505613e-13,4.349634328456425e-14,0.6778156493441202
1178,2.387144247136927e-13,8.859409788055968e-14,9.53532302267003e-14,0.7420616343151778
1179,3.3800250508224324e-14,4.5579514526042263e-14,1.9284107996742736e-14,0.6777891594916582
1180,5.7611076307403e-14,1.362146963176225e-13,4.590250521163333e-14,0.6795362065779045
1181,1.5763439544046946e-13,1.179176896758757e-13,1.1587381608388374e-13,0.6940369836520404
1182,6.114421210051617e-14,4.987640977659652e-14,3.7011424305924425e-14,0.6997455998556689
1183,1.8772391121914224e-13,3.4407013284869606e-13,8.597866486386934e-14,0.7021621940191836
1184,1.2652057197238724e-13,2.2826171442195977e-13,1.0287421592930671e-13,0.6733895290060901
1185,1.0746729876554857e-13,1.6482649125389416e-13,5.912576775264255e-14,0.6782665160601027
1186,8.23203325603173e-14,6.487191296093395e-14,7.070168416661513e-14,0.675694151839707
1187,9.282398201491533e-14,9.818073736985619e-14,7.885726180092409e-14,0.6952151043340564
1188,1.1597193641694034e-12,5.7502299641632095e-11,1.9843583565446636e-12,0.6080893380043563
1189,6.744918038507918e-14,6.742633077112639e-14,3.546084679244613e-14,0.6511916168034076
1190,1.4403922235993768e-13,1.9468237036801437e-13,1.423329775804196e-13,0.7086541078751907
1191,1.051699393528257e-13,1.0939568009033042e-13,6.024442226549473e-14,0.6798928826814518
1192,6.5817030560855e-13,1.8455817895177533e-12,4.884973201142338e-13,0.7554534557275474
1193,3.320731659837811e-14,3.329381165008897e-14,1.2633679553357233e-14,0.6833658684510737
1194,6.429480654804276e-14,4.2389379790121115e-14,3.4648834915611476e-14,0.7146059470949695
1195,7.224052444151636e-11,9.908310043344474e-11,4.187517637837266e-11,0.7204454113729298
1196,9.744236870745556e-12,3.591481863065293e-12,3.666275723735096e-12,0.7571512144524604
1197,6.384209661174785e-14,5.637654157545856e-14,2.9441871880019554e-14,0.6558821535552852
1198,7.298608504491937e-14,6.40916522058469e-14,6.867266647211266e-14,0.695263543818146
1199,3.0956738930631393e-13,4.1496368865781995e-13,2.3234702777394727e-13,0.7157196537358687
1200,1.4983817483132412e-13,2.0634436243693707e-13,1.531964555666985e-13,0.7193917144322768
1201,7.473910617195021e-14,7.183950711440331e-13,6.103851716165056e-14,0.6259913139452692
1202,2.636913643068274e-13,2.6181272520374617e-13,1.4668502891831459e-13,0.7197453454369679
1203,4.507260308007496e-14,7.009103708930045e-14,2.891110977070682e-14,0.6610003505367785
1204,4.565503893724661e-14,1.0580198501646582e-13,3.952715947990083e-14,0.6742904368438758
1205,2.5982323314735728e-14,1.724384854196355e-14,1.6033824969488184e-14,0.6838923979434185
1206,1.8165644185620364e-14,2.0773874633511202e-14,1.3171971532037856e-14,0.6944909904850647
1207,1.0625179076834433e-13,1.032781650857562e-13,8.272461413722724e-14,0.718591527477838
1208,1.5983998570313714e-13,2.40203623976542e-13,1.2872053441524926e-13,0.6730803858838044
1209,3.5709202896080145e-14,1.8657699767437914e-14,1.570183007689741e-14,0.7030193315586075
1210,1.1886178942980725e-13,6.128318621537441e-14,6.533015474250726e-14,0.6899017329560593
1211,1.0229516812816444e-13,7.401791774137266e-14,5.6630267876520357e-14,0.6929760317318141
1212,2.1524297528820704e-13,1.7926129361575758e-13,1.7859572400300035e-13,0.6949311475735158
1213,2.3857305861696476e-13,3.4256063454475854e-13,1.1065317903042267e-13,0.694746143813245
1214,4.071238824560785e-14,3.0613735421435854e-14,2.574089125476007e-14,0.6852485871990212
1215,3.886840258988453e-14,3.3548371593384186e-14,3.4611755216737416e-14,0.6950928090140224
1216,1.0868717782465929e-13,1.0532461669614744e-13,4.052856999530546e-14,0.6921272626612336
1217,8.361636307774861e-14,1.022815768764164e-13,8.565444296600187e-14,0.6764550697640516
1218,6.503189581928041e-14,5.0374223365592886e-14,4.112913104468873e-14,0.6893053616280668
1219,5.0556274328633246e-14,4.2950789047259526e-14,3.189566936580908e-14,0.683131834329106
1220,1.2186810093898599e-13,8.43415513296714e-14,9.98811881373434e-14,0.7162785778520628
1221,1.652812875971545e-13,3.08052516264243e-13,9.51384088546772e-14,0.6622496572439559
1222,9.05693006396992e-14,3.6738146297126993e-13,5.6098674488451143e-14,0.6926996423280798
1223,6.098422492717234e-14,5.4285049301388206e-14,5.170565538635017e-14,0.652714789705351
1224,8.908767899153007e-14,1.0698076718358284e-13,5.177830226450551e-14,0.7261194967199117
1225,4.6760276841376444e-14,3.16094203698529e-14,2.16581390029751e-14,0.69046274733264
1226,2.9476756803455906e-14,1.4052370699228464e-14,1.175651435572385e-14,0.6876381770242006
1227,4.1533830744473477e-13,7.60695793885805e-13,4.216786589214237e-13,0.6868638190906495
1228,8.997303092494522e-14,1.5932927228409168e-13,8.820199082318042e-14,0.6823576635681092
1229,8.221639333775812e-12,3.6768769219115084e-11,7.869626640523756e-12,0.7190334126818925
1230,4.480279482307804e-13,4.285970562222527e-13,3.7499376314157086e-13,0.7390560993924737
1231,1.9004155763642635e-14,8.570426867446019e-14,2.0151158038500872e-14,0.6719352182233707
1232,8.995416218663127e-14,2.1675144585099974e-13,3.388490018329669e-14,0.7000065798871219
1233,6.423412951198312e-14,6.781404201547707e-14,4.0861163398894125e-14,0.6904157432029023
1234,3.8113727384338615e-13,4.1269406044541523e-13,2.914903233693615e-13,0.723576177447103
1235,5.468071336164278e-13,1.384399870856137e-12,5.828251217255569e-13,0.7034897480392829
1236,1.8534023434687573e-14,5.598602176064275e-14,9.507169562125248e-15,0.6720414544339292
1237,1.5119865307312834e-14,8.684902692232165e-15,9.183903916108048e-15,0.6892273331293837
1238,5.779488672474039e-14,7.66033801243198e-14,3.321334001166286e-14,0.695951069588773
1239,1.4835953910691974e-14,2.290445802429026e-14,6.4287277185460965e-15,0.6861586781567894
1240,1.0690196456387519e-13,3.176235297062732e-13,5.191533990460199e-14,0.7106129115214571
1241,1.1162999756064954e-13,1.2131687693840762e-13,4.789107647877323e-14,0.6526951891486533
1242,3.313787193044444e-13,2.775131272776434e-13,1.8777498006200417e-13,0.6784833357669413
1243,2.5846538040392635e-14,2.6844745165472476e-14,1.2933385134296776e-14,0.710461549484171
1244,9.960718053246034e-14,9.428996221786661e-14,4.6078579905452144e-14,0.7098661219934002
1245,3.810683138003659e-14,1.646054770502323e-13,2.1981986308054968e-14,0.6390549701405689
1246,3.923765386151848e-14,9.497977212848267e-14,3.574941419527843e-14,0.7078756891656667
1247,1.0469236937566041e-14,1.390434759337612e-13,9.924819255766498e-15,0.6409950720495544
1248,2.5140077514807468e-14,1.0249926664385866e-14,1.7990843757003e-14,0.6954718116438017
1249,1.5259854057456411e-13,1.6655627834289456e-13,1.4692061457462547e-13,0.6588728703791276
1250,3.97299033059129e-14,4.0870437732833685e-14,2.949965322660888e-14,0.6819442484527827
1251,5.200973766615419e-14,1.1820993090478e-13,3.9645709441507055e-14,0.6865116914734244
1252,8.337907701842066e-14,9.575941471590178e-14,7.084884422596249e-14,0.7103160385740921
1253,2.2490332242323707e-12,3.6801201104866456e-12,1.7503974642150813e-12,0.7572167107835412
1254,1.929926631410978e-12,3.4751512444291677e-12,1.076248520386763e-12,0.6818143656826579
1255,1.094144468944099e-13,1.5303246109996265e-13,1.0707145640466426e-13,0.6833480571513064
1256,4.7998666940938594e-14,2.416569792035563e-13,4.3277993806410783e-14,0.6791211256524547
1257,5.54160340504872e-14,3.777209399297093e-13,3.8210176624546273e-14,0.6610682259197347
1258,7.179615305951232e-14,5.4342048739769563e-14,3.845669663460373e-14,0.6941632374422625
1259,2.902693107105631e-14,7.69361450642058e-14,2.5308704161254183e-14,0.6856277778744697
1260,2.0901990669574356e-12,2.6876058121869954e-12,1.1814858497692538e-12,0.7602736612781882
1261,1.2809228827619326e-14,2.07784861968321e-14,1.004451471234032e-14,0.6815670251846313
1262,2.025626797966738e-14,3.331789645649123e-14,2.0003875187702696e-14,0.6911452179541812
1263,1.3029775397067636e-13,4.67235469935302e-13,1.0368688413313805e-13,0.6669412018847651
1264,6.866555686730651e-14,8.17067616668012e-14,4.162571638852809e-14,0.6915119426790625
1265,2.081395691700162e-14,4.289912710297869e-14,1.0686257448037543e-14,0.6765993719920516
1266,1.37342606973247e-12,2.416348581110232e-12,8.392820046604342e-13,0.7643782326951623
1267,1.9361739500470456e-12,2.5222446201998275e-12,1.0946613248382883e-12,0.6681047687772661
1268,7.838384702815018e-14,1.0105525266663502e-13,5.0791526970871374e-14,0.6441687032580375
1269,9.674985827548494e-14,1.0970754117163903e-13,7.338222439335868e-14,0.6865739558357745
1270,7.471177886199999e-14,1.057469373954796e-13,3.7374523258944415e-14,0.6870749041903764
1271,1.0839471455032065e-12,6.114909539601728e-13,5.458561874285379e-13,0.7460339543409645
1272,8.816558528170851e-14,1.0009503123118251e-13,2.737753299008415e-14,0.6608129853266291
1273,4.5411282309688466e-14,4.428080579027135e-14,2.0800476155378244e-14,0.6996496303938329
1274,1.4330476531438977e-13,3.0729934320863623e-13,1.2915119712566616e-13,0.6760231232037768
1275,1.7634473628792726e-12,4.000317340815484e-12,2.155601883992193e-12,0.6981473784893751
1276,5.900360369008943e-14,5.004753372254243e-14,2.5929014007176082e-14,0.720264151878655
1277,7.669519573947192e-14,6.719497128755502e-14,3.566251002247493e-14,0.6944174647331238
1278,4.686849100695154e-14,5.522084700878633e-14,3.5943950147420854e-14,0.6860527554061264
1279,2.881485853405491e-13,1.799658935760648e-12,2.0210775849816488e-13,0.6535418271669187
1280,4.469636779951675e-14,1.4102912932484778e-13,2.1367517441230667e-14,0.6817870324128308
1281,1.5218109370262204e-13,5.563477652077412e-13,9.176434163840584e-14,0.6541926358477212
1282,3.2373826361742074e-14,3.9882358072476067e-14,1.3327879041520635e-14,0.6938985046697781
1283,5.14528319712056e-14,3.540225138510781e-14,2.0732459310665762e-14,0.7006464079022408
1284,6.686247046658978e-14,1.3996460758991912e-13,3.6665400342264865e-14,0.7016436290927232
1285,1.5284995637524976e-13,1.0042473274851621e-13,9.468151679243933e-14,0.7207465497544036
1286,1.6098627698081648e-13,1.1061166211309534e-13,9.12285515005124e-14,0.6834500448778271
1287,3.464579070057707e-14,4.9515156995520325e-14,2.818814918662587e-14,0.6938098511658609
1288,1.8077021577904976e-13,4.555065359678484e-13,1.6218529838498834e-13,0.6986868359381333
1289,3.035703878845591e-13,1.0236614775551605e-12,1.6966767606832834e-13,0.7108843860914931
1290,2.941289167235588e-13,2.5042844504213966e-13,2.5065785465489163e-13,0.6956985896686092
1291,3.1999156508728493e-14,1.8375645843630626e-14,2.338184644566533e-14,0.6942614365834743
1292,1.9774197508422748e-13,1.6138661260811165e-13,1.578480146787306e-13,0.732106911810115
1293,1.2086340764898001e-13,1.0106151044819012e-13,6.003864288008837e-14,0.7269627638161182
1294,1.6873891047653823e-13,3.4318157940492307e-13,1.1911595125999392e-13,0.6733317636535503
1295,4.4896396303858084e-14,7.246408814183325e-14,1.7214578187704908e-14,0.6960732861887664
1296,4.2903683795220275e-12,7.075797531814199e-12,3.399616077397208e-12,0.7207612595055253
1297,1.718645303122096e-13,3.358394941870647e-13,1.1984051465968582e-13,0.6426522242021747
1298,2.558506506579713e-13,8.717465016616556e-13,2.3866411666311406e-13,0.6829126283526421
1299,2.0082005127713574e-13,1.4971943464121266e-13,1.4443313723126971e-13,0.7200284302001819
1300,1.2300281999231122e-13,1.8369635456346e-13,8.664383416700629e-14,0.7106587313348427
1301,3.310349725374292e-14,3.9576853821399365e-14,2.982150026891634e-14,0.66095569714671
1302,2.894447800103207e-13,2.1090664913147688e-13,1.6024539909320034e-13,0.6941683837445453
1303,1.6314549522643135e-13,1.0309832097498703e-13,1.1376688251409038e-13,0.7025526554556564
1304,5.447498644211838e-14,1.6100583263622397e-13,4.76396173196841e-14,0.6611583468038589
1305,5.789846772457707e-14,5.3676726548531e-14,3.984186604647292e-14,0.6654388366267086
1306,1.236925230529307e-13,1.1807224265598844e-13,7.01681848609204e-14,0.6941692759748548
1307,3.3173543241982987e-14,1.9170933891419176e-14,1.7714992871788407e-14,0.6877684082486667
1308,4.423903009129353e-14,1.0451385393591218e-13,2.8242331788224312e-14,0.6396159520838409
1309,3.2632487565551706e-13,2.3807079142380133e-13,2.596233214882133e-13,0.7178793689236045
1310,2.4333808638722243e-11,1.674140576239826e-11,1.3033023832549824e-11,0.7843019608408213
1311,2.427925383975844e-13,2.1412058204058156e-13,1.6262742480127737e-13,0.6941943605896086
1312,2.087674150249268e-12,2.0237522717749337e-12,1.4492439275543768e-12,0.7138214794686064
1313,5.538129690462398e-13,4.603049401490576e-13,3.040400728197491e-13,0.7099903459195047
1314,5.378065593065483e-13,4.789336986887849e-13,1.8977839983574955e-13,0.7153153064660728
1315,3.3501165452726176e-14,2.7310889654248005e-14,2.5572324719026123e-14,0.6930097027216107
1316,3.1294574579475675e-12,3.87334829165342e-12,3.254317496560525e-12,0.7202575217932463
1317,5.663708872140437e-14,4.2228017639477147e-14,2.953498241419839e-14,0.6961276679532602
1318,2.0452930445743008e-13,1.7410224842784242e-13,1.6928868713685292e-13,0.7108251042896881
1319,1.5393668284183018e-13,5.342948875659237e-13,1.303057394826496e-13,0.6692900342750363
1320,2.910354910530769e-13,3.9436076746193856e-13,2.6377478883741467e-13,0.7066382060293108
1321,3.8757650943356004e-14,4.892984224307905e-14,3.757767146635367e-14,0.6552017510170117
1322,7.803922598143547e-14,7.960155065557903e-14,3.307359952962392e-14,0.6942804345861078
1323,1.1142936275913788e-11,4.4799879531640464e-12,4.245240697224174e-12,0.7481393288820982
1324,2.827054795646386e-13,1.1007053338095618e-11,3.432090471014192e-13,0.6344886047008913
1325,2.4386595722711026e-14,1.1236795154441384e-14,6.510446255728269e-15,0.6638831174001097
1326,1.58347978316605e-13,1.7875875310174372e-13,9.683405863461294e-14,0.7131444138940424
1327,8.637117473277424e-14,1.6023599317345283e-13,7.230114458395756e-14,0.711236943071708
1328,1.6564034822694011e-13,1.882587833623375e-13,1.3134409915778877e-13,0.708784403349273
1329,9.933121464955887e-14,2.1283992132129223e-13,7.544251089169255e-14,0.6711316495784558
1330,1.0177517758513229e-13,6.279840464011185e-14,7.003936419142543e-14,0.7046085659647361
1331,2.0156193973359517e-14,2.7519474243016512e-14,1.5912985031890634e-14,0.701941926823929
1332,1.2099730009025906e-13,1.821852972098983e-13,9.240500655759145e-14,0.6897070611361414
1333,1.1175555695148995e-13,1.7216973636716612e-13,5.956552029100621e-14,0.6908415660727769
1334,6.154251375688171e-14,8.385135650127538e-14,3.759539309511644e-14,0.6993862263392657
1335,1.8182381179952119e-12,2.834424152050811e-12,1.7497834603669056e-12,0.6947260914836079
1336,1.8962610461830115e-14,4.208577089057412e-14,1.0929117894305006e-14,0.6618414019001648
1337,9.430348038339238e-13,1.7849170998092387e-12,7.761996437384282e-13,0.6596797508769668
1338,8.707913574354106e-14,1.7557718326440788e-13,5.0050655725549385e-14,0.6668991016340442
1339,5.480225807730186e-14,8.084714134359127e-14,5.359460647453325e-14,0.6686531794723123
1340,2.0165404678701285e-13,1.1422337138596053e-13,1.6110114428684973e-13,0.6995643914444372
1341,5.160348882967789e-14,5.303569164682013e-14,3.2046568523207116e-14,0.709957524924539
1342,2.0493099137690156e-14,2.823243272285194e-14,1.2959475301764772e-14,0.6938999028177932
1343,4.3412609871274364e-14,6.607501098102116e-14,2.052355414972081e-14,0.6945643967948854
1344,5.6561164022269795e-14,3.8412792012415225e-14,1.1478635045113347e-14,0.6947370618814602
1345,2.8790795612364787e-13,3.2447407504444845e-13,2.0526577061344142e-13,0.7468268326483667
1346,1.9819467125028268e-13,2.4910986181894865e-13,1.4636293664041008e-13,0.6726670579751953
1347,4.148998573713888e-13,8.115498464280484e-12,2.681096015938005e-13,0.637454809906194
1348,4.4431682599098585e-12,8.630228880606965e-12,2.2071292254773515e-12,0.6768422398017719
1349,9.36442318630181e-13,6.956889497711801e-13,7.067942955567769e-13,0.7628049961291253
1350,3.8758966891992743e-13,1.7075369723194812e-13,2.128809476654872e-13,0.7390187249053269
1351,3.6978822861506e-14,3.3567093145935546e-14,3.290154716043073e-14,0.6932110953377559
1352,1.676401755105912e-13,1.955265589170615e-13,1.6246812021604744e-13,0.6890709501923993
1353,4.0514744957856197e-13,3.2349058051856933e-13,2.1883614939353967e-13,0.6947541584027931
1354,3.741370660430245e-14,1.4719070721860942e-13,2.482038860540956e-14,0.6609796207863837
1355,9.338002070479587e-14,1.2863564214826302e-13,6.128067491048874e-14,0.707673745858483
1356,6.755363995683989e-14,1.6155752311148353e-13,5.3819290969434896e-14,0.6403033818001859
1357,4.637918602354293e-12,1.1090473308502763e-11,2.497911311040607e-12,0.7011356258532032
1358,1.3542677679930232e-14,1.1841699623141637e-14,1.0047348630903675e-14,0.6936437548138201
1359,5.3240228332618845e-14,9.249067518386378e-14,3.3977561862363444e-14,0.7035384982125834
1360,6.703146335048075e-14,3.2038976937321423e-13,4.505204411886645e-14,0.66139972837409
1361,4.079441032985843e-14,2.107227051190791e-13,2.030067062604784e-14,0.6501108334516175
1362,6.548765827462976e-14,1.4582881299474407e-13,5.3751590193859414e-14,0.6825552011374384
1363,6.889686700518825e-13,1.6075858106322834e-12,4.537945431202571e-13,0.6824060980929062
1364,8.517178440313166e-14,9.330810963958569e-14,7.739411762021955e-14,0.7000443179858848
1365,1.2027926447621892e-13,1.8515482834033177e-13,1.2114883434814518e-13,0.6629571297904476
1366,4.075134761959348e-13,1.3851831491498245e-12,2.640301916984291e-13,0.6836257572867908
1367,6.841962733967686e-13,5.443021486511855e-13,3.70541910568437e-13,0.6982205213280395
1368,3.530437941152873e-13,7.373053194826222e-13,3.3894284186226756e-13,0.7529246127232909
1369,5.1640463686308823e-14,3.864976437400744e-13,4.585912040730654e-14,0.6302324217977002
1370,3.3437821010390676e-14,1.7652137247992568e-14,2.5635809957404624e-14,0.6941869498929009
1371,5.066948819807063e-14,3.1103574723915105e-14,3.499216850258304e-14,0.670008429302834
1372,1.8510910057549172e-14,3.611540654113563e-14,1.460239050828048e-14,0.6829237508354709
1373,6.791085110282583e-14,4.3985872965804295e-14,5.036898063303928e-14,0.66193956467323
1374,8.653212385048574e-14,3.938696600736544e-13,9.255172675498572e-14,0.6579076926340349
1375,1.7916932296468637e-14,8.636212825172945e-15,1.1384948281443526e-14,0.6943901392398402
1376,1.5566164794003786e-13,1.334036749914802e-13,6.81602619272101e-14,0.6970570844598114
1377,3.035581170390503e-14,3.306094998143937e-14,1.480333466304394e-14,0.6970061715925112
1378,4.605956319756604e-14,6.344032671435452e-14,3.9926472507517094e-14,0.6673645923379808
1379,2.1276189256813574e-13,3.756804687812495e-13,1.3840253796811127e-13,0.6945435014553368
1380,1.1455982756662196e-13,3.4574119117014543e-13,7.474960795093214e-14,0.6809362595668063
1381,1.912805320613012e-13,5.546866260758812e-13,1.4469963190300933e-13,0.6477744568837807
1382,3.269098182089912e-13,7.777217330661863e-13,1.0814203904796997e-13,0.679260708403308
1383,2.7224230400303177e-14,4.4278182712606506e-14,1.6198930722079948e-14,0.6767100785044022
1384,5.210898392534412e-14,5.463469517160677e-14,4.364036434533838e-14,0.6947272516554222
1385,1.0125263264505629e-13,1.82273363449336e-13,6.944273373250132e-14,0.6687364243669436
1386,4.67597974016694e-13,4.942829048798729e-13,1.971145484115273e-13,0.6792580690584146
1387,7.66811943069507e-13,3.553801364468099e-13,3.206657106476983e-13,0.7109022063203156
1388,2.440756629092842e-13,1.1660363403362342e-13,1.7541133915325646e-13,0.6850591044407338
1389,5.5355088784118e-14,5.131579731108794e-14,4.2271339662848496e-14,0.7102066909195855
1390,1.7775036413327793e-12,2.351098731621432e-12,1.2543536966762151e-12,0.6979972276138142
1391,1.3970577388640273e-13,1.2391414363300846e-13,1.2305916176676515e-13,0.6975459972629323
1392,2.1460056101715514e-11,4.978825057696677e-10,2.6959096405891873e-11,0.6253021148731932
1393,1.2342032576245318e-13,2.7580886076540267e-13,7.612657977137449e-14,0.6822903602849693
1394,1.7674079184341833e-14,4.005503669065676e-14,1.3227758297888674e-14,0.6609993028570897
1395,4.23955059172953e-14,3.8236825823240846e-14,3.2284061321177255e-14,0.6871309586567804
1396,1.8071236434126114e-14,2.6840691056577165e-14,1.523264282152651e-14,0.6806056124973111
1397,5.400143965991872e-14,5.0820637126111814e-14,3.5638948437075264e-14,0.6766277952352538
1398,1.2522637525024197e-13,1.5791463270753917e-13,1.1861628298406417e-13,0.6333099292940461
1399,1.5411475976117607e-13,1.6060453743551766e-13,8.567100356777933e-14,0.6961974516743794
1400,1.384434109107295e-13,1.0342290577875581e-13,6.081617488932924e-14,0.704580829013139
1401,1.8631549428064263e-13,3.4359440076422817e-13,1.0966808406986555e-13,0.6368550344137475
1402,4.8333806026022423e-14,3.728292711387059e-14,3.6577929857486605e-14,0.6923425193643198
1403,4.0526308440623783e-13,2.7445224937498143e-13,2.4819737376299425e-13,0.7019458465045318
1404,2.7348340963612242e-14,4.101798384534334e-14,1.3995234713070029e-14,0.6704693250823766
1405,2.4389035597324254e-13,3.6573725056044157e-13,1.6470443042339123e-13,0.6947253903606907
1406,1.9733182211060667e-13,1.3511859152960351e-13,9.851656417520644e-14,0.7094210314331576
1407,3.9204837401540026e-13,3.2464280033701897e-13,2.7697420671917194e-13,0.6805504437885247
1408,1.1801598235626972e-13,3.1287859700878316e-13,7.955409831721578e-14,0.6809514021733776
1409,1.189760138654744e-13,1.0474451708754795e-13,8.245707115786116e-14,0.6936511307489127
1410,2.390492763202553e-13,1.596728541118433e-13,1.6458658306495266e-13,0.7086632939288393
1411,7.376393435318719e-14,1.3256478627394835e-13,2.24075701486205e-14,0.6564341467805207
1412,5.692497577169248e-13,4.695624269230918e-13,3.9578059619726205e-13,0.6972572817467153
1413,1.100725597568734e-13,8.032427967360612e-14,9.968788537003328e-14,0.6904706388013437
1414,7.878199671772948e-13,3.92492785523179e-13,2.983909979021268e-13,0.6955075115663931
1415,1.602101292565627e-13,2.4582319221659736e-13,1.4155422219700086e-13,0.6745769841596484
1416,2.7982565065653245e-14,1.9152785734813182e-14,1.0141538673453815e-14,0.6974879044573754
1417,2.3984570948166113e-11,3.458209799330878e-11,2.34953490666811e-11,0.7501775241456926
1418,1.4109593894228045e-13,2.400405573397335e-13,9.442948875526222e-14,0.7166411106940359
1419,3.668223233591557e-14,9.552349450588493e-14,2.6059988329809363e-14,0.6715545163257047
1420,1.0165360910575482e-13,1.3473164714249452e-13,7.878159195612295e-14,0.6662650410318747
1421,6.800468437538059e-14,2.0479354179015834e-13,3.9557112551823375e-14,0.6800103840883821
1422,5.866200577118599e-14,6.845354335024492e-14,3.5344176060918183e-14,0.6964711519423872
1423,1.0391516264913304e-13,5.811884214582684e-14,7.874686902911826e-14,0.6939962020842358
1424,6.736363724940612e-14,2.1383498410687275e-13,4.4117395744494984e-14,0.6555463943979702
1425,7.689258612927508e-13,8.319580901663935e-13,4.189049543663199e-13,0.736410437617451
1426,1.578732020655126e-13,1.6282359392710837e-13,1.0236270698773033e-13,0.7227513944962993
1427,2.9311266172289414e-14,4.9981892266394906e-14,2.1358779498037155e-14,0.6767216733423993
1428,4.914649899565159e-13,6.74161101216712e-13,4.3304431029046544e-13,0.7483245431445539
1429,6.15333440318147e-11,5.0031994754637204e-11,5.61529379496491e-11,0.6980213865172118
1430,2.4797201822424665e-13,7.467224553874814e-12,3.0361010311632764e-13,0.6445705638732762
1431,1.610305259125368e-13,1.229763560032934e-13,1.2343702903511458e-13,0.704791203327477
1432,3.4785069865300985e-14,4.434910866518701e-14,2.0135450176111148e-14,0.7052642739610746
1433,6.715655113841834e-14,1.0693948120537317e-13,4.5550235735101197e-14,0.6684498853166587
1434,2.855135950419589e-13,5.133149209098938e-13,9.55178151440183e-14,0.7179079424589873
1435,1.9932492603998892e-13,1.9152836018782158e-13,1.468134487435453e-13,0.7261114096269011
1436,3.0712054827924195e-13,5.855714829953076e-13,2.574642154451999e-13,0.7089742407901213
1437,5.896702356656068e-14,1.0147866842357393e-13,4.8196171337743294e-14,0.6906286273617297
1438,5.5665659423579876e-14,8.313666858681946e-14,3.9396205622251005e-14,0.6613931920495816
1439,8.443748624024861e-14,3.275591840521948e-13,5.3588497109586633e-14,0.6435007545165717
1440,9.324414299372555e-13,5.57664119209051e-13,4.998351417915533e-13,0.7436463993042708
1441,8.56396406703817e-14,7.1347432313518e-14,6.108612818643658e-14,0.7037614470580593
1442,1.2084861892086887e-11,2.258683306730878e-10,1.3502178666250925e-11,0.6656559385708534
1443,3.940353793107029e-12,1.000774264136734e-11,4.392600088865852e-12,0.7824140785261988
1444,6.314610284536087e-13,3.3469835974241086e-13,3.117612755688381e-13,0.7124646492768079
1445,3.443644037353229e-14,5.3931749597892275e-14,1.9751983388624317e-14,0.6930845969356596
1446,2.4856588243122147e-14,4.150450678311208e-14,9.489015378952516e-15,0.6931685741059482
1447,2.5713548731757006e-14,2.1199585389872518e-14,1.1540669712619884e-14,0.6860199798364193
1448,4.720209085747112e-14,1.1654186055175123e-14,2.3124464271404226e-14,0.6945723910583184
1449,8.994270345605198e-14,9.331809184571364e-14,4.213269126797083e-14,0.7166428106836975
1450,5.076921772611575e-12,1.8597934497273363e-11,3.392554206288855e-12,0.6657588562229648
1451,1.1755493247169062e-13,1.2889788257086577e-13,5.780204292457145e-14,0.7257705175317823
1452,3.755016648257377e-14,7.886273465564717e-14,2.356606754594557e-14,0.6677292956970632
1453,1.0582079144691096e-13,2.276984619398546e-13,1.1201655989157469e-13,0.6722462509758771
1454,2.794912640431013e-13,2.2364544236492182e-13,2.1912706726675616e-13,0.7326062448555604
1455,6.636701118387361e-14,5.560445983243417e-14,4.6614690245835076e-14,0.696507923468016
1456,4.132501268245558e-13,5.096219274273037e-13,2.2087462479119066e-13,0.6316976924892514
1457,1.042421707846125e-13,1.0585522298716584e-13,6.023179934429364e-14,0.6457128280424513
1458,1.3197037138973537e-12,1.2849003314715983e-12,8.732868454211321e-13,0.7274031830951572
1459,2.2951658228463765e-14,2.5201784537331116e-14,1.1216908724864668e-14,0.669454820046667
1460,7.47367981857531e-14,4.6951097171583213e-14,4.0135736846169533e-14,0.7166881048120558
1461,1.4334394652457756e-13,1.0668448146987618e-13,7.774998893957962e-14,0.7066299401922151
1462,8.066925184628176e-14,2.533857089428842e-13,5.947126579974012e-14,0.6709227683953941
1463,7.35789979402686e-14,7.594141355597728e-14,5.5720134172118206e-14,0.6793777138809673
1464,7.467861425521133e-14,3.0697401602980757e-13,6.393564263510769e-14,0.6418653244618326
1465,7.382900166240077e-13,8.894451874989015e-13,3.7278118390294223e-13,0.7057624232023955
1466,2.2229479219455067e-13,2.344723658862095e-13,7.913072924831174e-14,0.7232667438453063
1467,2.7462370184475896e-14,4.2556113646586644e-14,1.2843589223464546e-14,0.6831124368705787
1468,9.376833280026757e-14,2.1058648196541483e-13,8.72236877081273e-14,0.6995296383742243
1469,1.5776635032599333e-14,8.314142134044192e-15,3.975789180293038e-15,0.6942864561919123
1470,6.897641714030716e-14,4.3936860149853334e-14,5.514374350868362e-14,0.6804041271097958
1471,6.162524091868074e-14,3.230833379507645e-14,3.5278739322843e-14,0.6682868411415257
1472,5.420437616577906e-14,8.612508932312315e-14,2.879553790954149e-14,0.6900326651986688
1473,1.484956350573499e-11,1.507452651287574e-11,7.247315120253867e-12,0.7781085544265807
1474,5.461772615100792e-14,2.6534573065198926e-14,3.5631470594038164e-14,0.675982455490157
1475,5.205573781269087e-14,7.060671492261279e-14,3.1988093295075915e-14,0.6853854086133652
1476,1.0640261193689426e-13,2.4680437544745015e-13,8.775900309216139e-14,0.681937700859271
1477,1.9938771126121774e-14,3.895240541858106e-14,1.246677365681987e-14,0.6961476578377187
1478,2.312284012868337e-13,3.729715030624799e-13,1.7393487672625739e-13,0.6533937813597731
1479,7.283982264818984e-14,6.877312606657563e-14,3.9767174694280346e-14,0.6984358508372679
1480,9.430524957044556e-14,7.40872958141766e-14,5.517961014386313e-14,0.7184577298816294
1481,1.6002154174244542e-13,1.604056546357762e-13,1.1099429163272248e-13,0.7391911211190745
1482,1.0430556320024038e-14,9.126387096436545e-15,3.8919822865596105e-15,0.6939653431531042
1483,3.643000422046093e-14,3.924425307779808e-14,3.503722315872843e-14,0.6858705866034143
1484,5.464370038824431e-13,2.1442900273087487e-12,3.618183521345749e-13,0.6517068128916434
1485,3.7292150714405325e-14,3.799866883620027e-14,1.3659671527304572e-14,0.6617459720699117
1486,2.076366482928673e-13,2.2408760112354277e-13,1.9109131224352953e-13,0.6980908699100837
1487,4.569350359777934e-12,5.356988229799077e-12,1.8670117906576763e-12,0.7559987711720169
1488,2.3805032763999594e-14,3.366545002918379e-14,7.401326619484331e-15,0.6804448781651444
1489,8.306232349614125e-14,1.153036964352339e-13,3.928715216967309e-14,0.6827500167652033
1490,4.0551036254092415e-13,3.7509595184628093e-13,2.7765108448615255e-13,0.6980321309296414
1491,2.7256706521774117e-13,2.2735898800626876e-12,2.3267864991078486e-13,0.621336533583235
1492,6.050184959190572e-14,7.257308492072929e-14,5.847480123094806e-14,0.6817793992697261
1493,4.045097317047767e-12,3.4350740606286526e-12,2.895290699038748e-12,0.7764716412872076
1494,1.0006431489123613e-13,9.410177221007296e-14,7.925549893578415e-14,0.6683263783808797
1495,3.5924120045724476e-14,3.859244070610512e-14,2.0897418790046922e-14,0.6606361469835974
1496,1.1333834986103219e-13,1.0030990595962679e-13,9.536960677258699e-14,0.6816245659254492
1497,9.140080008634263e-14,6.967855441147266e-14,7.40204378011843e-14,0.6857365882606246
1498,1.0359022766601408e-13,1.3021705041748563e-13,9.564028244553155e-14,0.6952785548754037
1499,1.6908607724549186e-13,1.2523501757307866e-13,1.3964942198944194e-13,0.6967331380816176
1500,5.245500776148148e-14,2.564898437708965e-13,2.6306959477912326e-14,0.6471405716612935
1501,5.3175376523834817e-14,5.2950667678705616e-14,3.09642949659001e-14,0.6615433200844564
1502,2.862781453896714e-13,2.603711114046659e-13,1.5207878682785696e-13,0.7026137698208913
1503,4.40725395891071e-13,2.93308808405503e-13,2.61905662955745e-13,0.740765694831498
1504,2.400496639434479e-13,4.563908159274412e-13,1.6432708171210414e-13,0.7093092554016038
1505,4.337194552015623e-14,1.0438709955722644e-13,3.475132105311197e-14,0.663493723096326
1506,1.5441496435779554e-12,1.7894233376715442e-12,1.043530686948418e-12,0.7454124212265014
1507,3.5624813490945673e-13,5.200497423784939e-13,3.439138046304161e-13,0.723400307726115
1508,1.8215405052922623e-13,2.9369073124767527e-13,1.3374452050131746e-13,0.7419503479730338
1509,4.867499945428331e-14,5.142877494828417e-14,4.0683815565335966e-14,0.6663520183879882
1510,7.977857343238725e-14,3.548386903540232e-14,4.850369480423984e-14,0.6936637612991035
1511,6.855857933489883e-13,4.6186638972922594e-11,1.819911333038908e-12,0.6101550639141351
1512,2.9770052647354915e-14,4.528490307009151e-14,1.2884732572037315e-14,0.6761451968573965
1513,1.475565548851824e-12,2.1380711664152606e-12,1.5350487555528882e-12,0.7466735465452075
1514,3.1010599819646095e-13,2.1709096891900967e-13,2.4231882364685586e-13,0.6934407511958852
1515,6.720287525992149e-14,7.610641672508986e-14,5.610747039218193e-14,0.6938795614056289
1516,5.957499280469443e-14,6.169809038542308e-14,5.3757635282437504e-14,0.7067934908904135
1517,9.261844351688857e-14,5.920688343070685e-14,3.309903020711088e-14,0.7224836886627599
1518,1.6617965562880143e-13,1.7461278540396706e-13,1.5089764518070767e-13,0.6709597583045251
1519,5.011739062990884e-14,5.490164111229657e-14,1.462151223144972e-14,0.7112326062051579
1520,1.9807152407515937e-13,1.119688791969471e-13,7.133786054673118e-14,0.7012153701391071
1521,1.4244186715662753e-13,5.098404200534924e-14,9.384811325610107e-14,0.681186371773947
1522,4.7908833454775e-14,2.708196333861817e-14,3.6200351168892185e-14,0.7069445503642783
1523,5.22546803942332e-14,6.863635891712996e-14,2.6371351699583224e-14,0.701173983165063
1524,5.458591204901235e-13,4.3048812329277954e-13,2.5538678324792516e-13,0.7191104508470744
1525,6.918403980305842e-14,7.170339364509313e-14,6.858103384198481e-14,0.6766396751161665
1526,2.2459998283198834e-14,1.8155890534618965e-14,1.2626939993631716e-14,0.6816428508376703
1527,2.2738608145487287e-13,1.5469587123795473e-13,1.5978043209064388e-13,0.7310223276959732
1528,2.0961825660741952e-13,5.461847352051327e-14,7.68150632332185e-14,0.7241252888925374
1529,1.2124544440617637e-11,8.59751159665692e-12,3.938557853308938e-12,0.7739036675542593
1530,1.501590041559006e-13,4.1691225113385214e-13,1.0852989146971946e-13,0.6501474156160839
1531,2.740262176894953e-13,4.0038467042649207e-13,1.9676937819595159e-13,0.6865828895941377
1532,1.1948147202422674e-13,1.3116106719924701e-13,9.253379566618254e-14,0.6984171906020492
1533,1.7655659520026252e-13,1.1889570419548351e-13,9.542174097228443e-14,0.7025915334932507
1534,1.3609539467036456e-13,1.5696695529367154e-13,1.2025669645507613e-13,0.7143110940232873
1535,7.10216822191603e-14,7.822277048746822e-14,3.582671408879849e-14,0.6869598416611552
1536,5.080568426193435e-13,3.100646884783358e-13,4.1484228744576336e-13,0.6832459371304139
1537,4.2364300088971126e-14,2.6496001364439887e-14,1.9877096733433634e-14,0.7095943150343373
1538,8.46654169542194e-13,1.0592352210610856e-12,5.431787588873698e-13,0.700204218365252
1539,4.4957196565626055e-13,3.935685047562867e-13,3.418141568327689e-13,0.7021644794382155
1540,4.597792083260783e-13,7.792434526477437e-13,2.5275622185614485e-13,0.6356380059965886
1541,4.0944596401984105e-14,6.927557901424854e-14,3.859873461240418e-14,0.6802853881497868
1542,1.0248097571471633e-13,1.5469925206196087e-13,5.886827216068067e-14,0.6889270201558247
1543,9.091679252621618e-14,1.0226703007690994e-13,7.235572054782271e-14,0.6550108008552342
1544,1.954411476024243e-13,1.2113472663617652e-13,1.494603148789679e-13,0.6918906273785979
1545,5.9679095895720975e-12,8.642059233313614e-11,4.1738875256020125e-12,0.6626257692812942
1546,4.056174922035421e-14,1.3765540150372226e-14,2.446400105734305e-14,0.6963788654422387
1547,1.0015684250076312e-13,2.0629077864002065e-13,6.654952603348052e-14,0.656127156491857
1548,2.946261207378566e-13,5.822204365251957e-13,1.5086025693174692e-13,0.6825216737459414
1549,3.388322959282865e-13,1.608590584345783e-13,1.6892948853935214e-13,0.6928463967517018
1550,5.422069237352744e-13,5.181340636048929e-13,3.888563919734589e-13,0.7446502279490232
1551,3.464909346124478e-14,5.96224230364436e-14,8.357323761346354e-15,0.6942056636791676
1552,2.2004767457394668e-14,1.3511833564713119e-14,1.0202092020679448e-14,0.6933927051490173
1553,2.0244186158508996e-13,1.5908841331445332e-13,1.623756516961058e-13,0.709456502017565
1554,4.640581513476355e-13,1.743694619428875e-12,2.873807900861072e-13,0.636112732195761
1555,4.098583014430118e-12,8.509911841603948e-12,1.76454763363264e-12,0.7509364057332277
1556,7.106684813814905e-14,6.485568517035102e-14,4.905499070647828e-14,0.6969978724140674
1557,2.766347290334139e-13,4.471557555452045e-12,4.197416404300105e-13,0.6128322601725813
1558,3.2146336022949827e-13,1.7557780518706167e-13,1.4913344463383644e-13,0.7345412828261033
1559,1.6578774177656002e-13,1.7607288663253e-13,1.5068681498459625e-13,0.6649558795266785
1560,4.55453127015874e-13,9.716632817201423e-13,4.0423226339793674e-13,0.7069443761836738
1561,9.15690266339283e-14,1.0996584135261857e-13,3.405318718209661e-14,0.6942543611861766
1562,9.486936976064186e-14,1.723942713353109e-13,3.863660074097146e-14,0.6528838826925494
1563,2.3767417242518257e-13,1.564599418016743e-13,2.0053361785246637e-13,0.7261882649967447
1564,3.606313152778253e-13,2.1812554872516413e-13,2.2723887980272707e-13,0.68297273167409
1565,8.634249196665723e-14,8.652724022122708e-14,6.293521351976532e-14,0.7169247656129301
1566,6.573797406431953e-14,5.666290989087732e-14,3.3082116284518135e-14,0.7026717602508142
1567,3.495885202267031e-14,7.637648577805007e-14,2.832295417049985e-14,0.6706325108883903
1568,4.783095301834135e-14,7.375140053039304e-14,4.6902954681802224e-14,0.6747317292378284
1569,1.0588627103670653e-13,1.1376415459686328e-13,7.609853414050906e-14,0.673154271801468
1570,8.112661906805651e-14,7.856813567217412e-14,7.196253732158066e-14,0.6772745447815396
1571,6.483894485680929e-14,9.236007495418663e-14,5.911646049029462e-14,0.6659120003809221
1572,8.305178869154655e-14,3.329025077517e-14,4.200257114717327e-14,0.7052002972690389
1573,5.893396700481288e-14,7.297432986843439e-14,4.7663686992985235e-14,0.6943536779843271
1574,7.014872279269227e-14,8.409438022081231e-14,2.1339717254601785e-14,0.6934731494402513
1575,2.92110413274669e-13,9.789120503278418e-14,7.456378472257352e-14,0.7243451595539228
1576,1.6991033056263419e-13,1.3762786757359818e-13,1.404707555724597e-13,0.690474773501046
1577,5.505261799301544e-13,7.16498630004707e-13,3.682774729358743e-13,0.7203639817424119
1578,5.618001120670622e-14,1.0267614652966653e-13,5.0742919290657806e-14,0.6675766699016095
1579,6.200733689091313e-13,8.613097010118461e-13,3.320800343819712e-13,0.7095944377826526
1580,6.325085800721967e-14,5.026399703600914e-14,5.980053635559475e-14,0.6928344168933108
1581,1.5460328728355528e-14,1.7031941625705208e-14,6.900233386487143e-15,0.683852547663264
1582,2.6302612944050373e-14,6.972226957047299e-14,8.142534871922372e-15,0.7012512646149844
1583,2.1140328744626016e-13,3.9777599277237077e-13,1.2154771347786124e-13,0.7118754760129378
1584,8.701409833048629e-14,2.1984131148741534e-13,8.043993845846485e-14,0.6622916147927753
1585,1.1264319974619581e-11,5.742854784852576e-12,7.033531795808261e-12,0.7745085958391428
1586,2.8400439722295548e-14,2.3207661662337027e-14,1.5110435239783497e-14,0.6811854160856455
1587,8.359623901368695e-14,1.7536725870761484e-13,6.96431379579007e-14,0.7163232859456912
1588,9.88357113526849e-12,1.243709775303918e-11,8.67251087131681e-12,0.7440639194566756
1589,7.997809106554118e-14,9.806989675252213e-14,5.695173937369604e-14,0.6908444949192927
1590,1.938404498486743e-13,1.1655736884450882e-13,1.0460735582624861e-13,0.7092391071841121
1591,2.186430417194582e-14,3.85905572992618e-14,1.540561762379421e-14,0.6525536146713421
1592,9.698828383012709e-14,1.482830475227559e-13,6.333734547933261e-14,0.6776255649514497
1593,5.006366183885628e-14,3.733849543934088e-14,4.428723330023771e-14,0.6933477132115513
1594,5.039238703253192e-14,4.0564285779456116e-14,3.1945888518791996e-14,0.6989968752022833
1595,2.154150855229142e-13,5.948257654305971e-12,2.8039879564929727e-13,0.6159965457278304
1596,2.0660391992832794e-14,3.1863664566954856e-14,7.365849692749916e-15,0.6946314312517643
1597,8.699828623618906e-14,1.48140287759856e-13,4.583217061968928e-14,0.655078051739838
1598,3.692874284610272e-13,7.007096253423406e-13,2.0743752046106677e-13,0.695575258648023
1599,3.047339177786093e-12,1.602634986835075e-12,1.7551620771385139e-12,0.7512278862297534
1600,1.3298899921347806e-13,1.0014794191087126e-13,1.0540520521517002e-13,0.7303324619540945
1601,9.806576848957399e-14,1.628099081863336e-13,7.322245765113371e-14,0.6468919231323526
1602,2.3035302534569834e-13,2.6072224127687614e-13,1.6822450456441222e-13,0.7197728406870738
1603,2.6835869706673733e-14,1.7539580069892893e-14,1.510970172730013e-14,0.6994496487779542
1604,2.086355373494442e-14,4.260336298126684e-14,1.538736423063239e-14,0.6812975078355521
1605,1.4077860876682084e-14,2.3135257883795827e-14,9.919668733459726e-15,0.6918757513863966
1606,4.905661916409493e-14,7.038662686738821e-14,1.3529447791476661e-14,0.7015826113289222
1607,9.320737374452754e-13,1.1965223558307503e-12,8.817824422267257e-13,0.7577229706570506
1608,4.5757668607488734e-14,4.027785558767482e-14,2.910525721530221e-14,0.7039577650604769
1609,8.493308825811642e-14,9.260894836638622e-14,6.697354648698083e-14,0.7079127087257803
1610,1.054693889200337e-13,3.2970643389012154e-13,7.431517539027496e-14,0.6874745519831776
1611,1.3197585114192511e-12,9.096075491911628e-13,4.0823415777480077e-13,0.753149184724316
1612,5.826860779122323e-12,4.584220360431644e-12,4.845320528955046e-12,0.7705813493579626
1613,1.0123029011473153e-13,1.5183643444560754e-13,7.678450134451572e-14,0.6940165348816663
1614,4.0454248146158903e-13,6.761375072568886e-13,2.2713057795963193e-13,0.7189200338209047
1615,7.3145141613186e-14,1.1596188238379733e-13,4.544382162418232e-14,0.6653058049618267
1616,3.1231957035474536e-14,3.099939715291156e-14,1.7505105136821045e-14,0.6784023417858407
1617,2.6534118807143755e-14,1.5831317020954235e-14,1.5493633580885254e-14,0.6887801682343706
1618,1.8227268371418538e-13,1.8393552597564796e-13,1.3273506300540382e-13,0.7089286797679961
1619,2.854476068360536e-13,5.760182029522942e-13,2.0174810637178252e-13,0.7167990665882826
1620,4.920687037419484e-13,4.815369707742046e-13,3.0146165654504454e-13,0.6485819658730179
1621,1.3126524230405829e-13,3.82741162150672e-13,7.974910533242776e-14,0.6639565441408195
1622,2.9744849262576125e-14,3.497529148569556e-14,1.0412455939800132e-14,0.7060433306498453
1623,2.2503289249738565e-13,2.3715893184384496e-13,1.598984725969948e-13,0.6997041007736697
1624,1.024000238377104e-13,7.430336550658151e-14,3.4351005394719083e-14,0.6958855538396165
1625,4.22366045005095e-13,3.3045607064315206e-13,2.1436556935845568e-13,0.6805951383314095
1626,5.585241475407628e-13,1.9418990677074157e-12,3.987539516364799e-13,0.7242162439972162
1627,3.4550516270385957e-13,1.4974793356641666e-12,2.981615555721738e-13,0.6492786229238845
1628,1.8355202583523488e-12,9.84089067232536e-13,6.53551086356523e-13,0.7695018911734224
1629,1.7458905523355737e-13,1.1171658854581956e-13,1.2232998588897196e-13,0.6753212237264961
1630,1.8286907018560348e-13,1.9216213811534557e-13,1.4861596084900532e-13,0.7003431498538703
1631,1.5788988223916867e-13,4.965958242359478e-13,1.4722671697456556e-13,0.6770531639340334
1632,1.4866903842964886e-13,2.043839166643973e-13,1.4339595029014694e-13,0.6856198221212253
1633,3.5540222621366377e-14,3.000881930809271e-14,2.7461959684734533e-14,0.6931275343289599
1634,9.049850063301367e-13,4.901970305389656e-13,4.714720846946427e-13,0.7737010364420712
1635,6.004899153426996e-14,5.328867334021217e-14,5.559724291228343e-14,0.6955373232485726
1636,1.531556058490782e-13,1.778071269967843e-13,1.2540320350074387e-13,0.735406342567876
1637,4.872864841351949e-13,8.971312351714006e-13,5.127224048464876e-13,0.7624603164382279
1638,2.750899543694523e-13,1.868770619254889e-13,1.9105728403415167e-13,0.6761000034864992
1639,4.4116581214965375e-14,6.193451816880934e-14,2.2082903063070947e-14,0.6653321243589744
1640,8.345476249168233e-13,1.8935737854119506e-11,8.792293933380304e-13,0.6338626194978133
1641,1.86412534361498e-13,1.1503905260501325e-13,1.3163247313510973e-13,0.7227148672100157
1642,2.525423072981898e-13,8.660220538739362e-13,1.874784298899306e-13,0.6816008431836963
1643,5.6585712198262806e-14,7.206314643201384e-14,3.645243226373704e-14,0.6939825331093743
1644,1.6545734814889476e-13,2.1950175645636425e-13,1.277331775206152e-13,0.6677990722469985
1645,8.270376128264387e-14,1.6736084036296006e-13,3.4395900124925954e-14,0.7099115791264922
1646,1.048589478728134e-12,1.1429845408772171e-12,7.447748697136632e-13,0.7674412061460316
1647,1.274433712692824e-13,2.8696267669495886e-13,4.4117681616257704e-14,0.6924603664083406
1648,4.367459902505688e-14,3.3215844535974566e-14,1.8669492986034742e-14,0.6774175862898119
1649,7.529738133026803e-13,1.0923498740889476e-12,4.1850785841575683e-13,0.7414460639003664
1650,1.57974648121352e-13,2.6689078775668427e-13,8.506151365557319e-14,0.7305976002477109
1651,2.8857873475236076e-13,2.8598302916413084e-13,2.1673202749889144e-13,0.716593705653213
1652,5.4469608725457114e-14,3.686107630250783e-14,3.34041275017541e-14,0.7048558915033937
1653,6.011919974611836e-14,1.513652181480716e-14,1.7578125214905504e-14,0.7014066203031689
1654,7.360061658751138e-14,6.99885993344948e-14,6.5446513209947e-14,0.7165666803019122
1655,2.459333468482799e-14,2.5751041907945185e-14,9.387868256281793e-15,0.6815046183415688
1656,7.32823680663353e-14,6.985573144182114e-14,5.0420132647127456e-14,0.7005818632431329
1657,6.612901807296092e-14,6.689430700238066e-14,5.291459253125352e-14,0.7091359442798421
1658,3.2132271167470295e-13,4.3421100303393763e-13,2.887564129731673e-13,0.6775113776209765
1659,6.078920595804906e-14,5.6436915533746485e-14,2.957294503905494e-14,0.6923626855248586
1660,5.4604155486661904e-14,9.634118542980501e-14,3.078072944975876e-14,0.6382020464749075
1661,8.408290441735045e-14,7.083396641371427e-14,7.325806769781176e-14,0.6858689851942472
1662,1.5858902890306296e-13,2.2306313290736526e-13,1.1065082236157969e-13,0.6789366395911202
1663,2.384935592269793e-13,5.1269711552658146e-12,1.9301178786467298e-13,0.6345384118554648
1664,1.444331377041994e-11,1.6803010474304063e-11,1.08708122662699e-11,0.7505212692543864
1665,3.758113527669156e-14,2.0732719523873234e-14,2.9711904591781494e-14,0.6840420107357204
1666,3.1384554048444904e-13,3.93088940321482e-13,9.574350117173878e-14,0.7472368586342781
1667,4.680870511117915e-13,6.273819175708336e-13,1.0777331194274391e-13,0.6947516899555921
1668,8.596663358364518e-14,9.001980289040135e-14,7.819451577682098e-14,0.6943017732119188
1669,3.0772172775650626e-14,3.659169703544686e-14,1.777127467553967e-14,0.6739734756411053
1670,4.1775151742893266e-13,5.1352731957744395e-12,5.19164047491649e-13,0.6213365317846182
1671,7.737436417499851e-13,5.030917795920921e-13,4.834058598332113e-13,0.6715786044718698
1672,9.75801111753049e-14,6.802266826318221e-14,5.427780331913993e-14,0.6988514227094129
1673,2.915540392586459e-14,3.6490252813421455e-14,1.6282409458834603e-14,0.6813502084231005
1674,7.780471750175457e-14,1.7180509000122594e-13,4.365338930123172e-14,0.6630749108386226
1675,6.25625910898705e-14,2.821578548184785e-14,2.6415513070874097e-14,0.6957093009725213
1676,3.3378213842223206e-13,3.298688576454731e-13,1.951469692527306e-13,0.7060831090435385
1677,1.5414262579203593e-13,2.6215740265105533e-13,1.5752277273508404e-13,0.6730604603537358
1678,1.404020467360222e-13,8.853439306633995e-14,5.3920855423885556e-14,0.6624676481354982
1679,4.649152850977018e-13,2.4733005949187127e-13,3.807057125773536e-13,0.6576814205851406
1680,3.266035963304947e-14,4.1806494768225687e-14,2.3468188503959414e-14,0.6626085349242203
1681,4.197161496675741e-14,4.7990882167160817e-14,4.015257204506527e-14,0.6922386133344844
1682,7.708032106263367e-14,6.881780729027774e-14,3.094336287782417e-14,0.6917904851492495
1683,2.807971002413502e-13,1.9184425262253496e-13,2.141006612415645e-13,0.7232096011284739
1684,4.0691356740599697e-13,3.328345026913255e-13,3.5150463993785396e-13,0.670475145149976
1685,4.0871764224958674e-14,6.051754134213246e-14,2.4026808080218918e-14,0.6476433485513553
1686,3.59959172951393e-14,7.497509769163514e-14,2.2774859445813835e-14,0.7023807318881155
1687,1.8455885209123185e-13,3.1207807640294095e-13,9.654796978221521e-14,0.6880532523617149
1688,5.067880001134715e-14,5.638858878920688e-14,2.1607241076280915e-14,0.6702158733271062
1689,5.008292267499937e-14,6.543929153868126e-14,3.282508118410755e-14,0.7029819282703101
1690,5.798566995514794e-14,8.00909602416276e-14,2.614865515123858e-14,0.7120933664729818
1691,6.858214214773724e-14,6.523308993413398e-14,2.6172667046769682e-14,0.6953182496828958
1692,2.4466620286763766e-13,3.9990159861123136e-13,2.326201207454354e-13,0.6454365145997144
1693,2.881798644001428e-14,2.3795297850647888e-14,1.1297911419709354e-14,0.6569218787830323
1694,1.3034046540972293e-13,1.3804234156333992e-13,5.982689958328176e-14,0.749639784777537
1695,2.494518076583504e-13,2.312239131437218e-13,9.380148621538493e-14,0.738644210062921
1696,5.117765792654284e-13,7.277938954027343e-13,3.1809780432290967e-13,0.7248611549148336
1697,2.0140249524078079e-13,2.643144058701757e-13,1.8846903195451723e-13,0.6890915534226224
1698,1.733742283894969e-12,3.146603268687971e-12,1.5469405844688593e-12,0.7553746140561998
1699,4.3665099898886236e-14,5.733963420338787e-14,3.6431161612386266e-14,0.7186872503021732
1700,7.853373672189827e-14,1.6043430852879763e-13,3.333292108826687e-14,0.6757674504071474
1701,5.107056677769878e-13,5.735387321021775e-13,5.056597780758882e-13,0.7116457846481353
1702,4.9123563105486315e-14,3.1747802819815235e-14,4.054221751086664e-14,0.671792455157265
1703,1.0012844584607675e-13,7.750826407352595e-14,6.0065386009588e-14,0.7170501970918849
1704,5.185048756676107e-14,5.770527772438451e-14,4.613281827576818e-14,0.7065252915257588
1705,5.490933929978544e-14,2.6650109468829545e-14,3.2789508981227356e-14,0.6937849671812728
1706,2.2255843994398928e-13,2.604970438348956e-13,1.803529134700612e-13,0.7119890889618545
1707,2.912928177843878e-12,3.779780295682719e-12,1.7793780492867123e-12,0.6954062291653826
1708,7.987567661907757e-14,1.3245438132352394e-13,5.782134005043432e-14,0.6778381218318827
1709,2.6296167098180705e-14,2.1273168941985583e-14,1.0962801308247656e-14,0.6770090267178602
1710,4.0633453348017666e-14,8.033040589356378e-14,2.941124693825817e-14,0.65527429174399
1711,3.806901243547251e-14,1.6716190904025063e-14,2.2340497574970193e-14,0.6944217018783092
1712,2.2826846993721317e-13,2.6662575493333023e-13,2.0202086835468375e-13,0.715896631241776
1713,2.258045174255417e-13,1.4586285796395433e-13,1.4970675599130464e-13,0.713495455798693
1714,1.0093070876340312e-13,1.7059375547075714e-13,8.052367570252426e-14,0.6583350395900197
1715,7.773071471802725e-14,2.1569049271458414e-13,3.849444423429979e-14,0.6853290634579026
1716,9.455959400458086e-14,2.36884483868812e-13,5.400475091710952e-14,0.6657357785268687
1717,8.197260230733907e-14,7.3499178653743e-14,6.820854533381765e-14,0.6935035596136003
1718,1.3380361320546426e-13,2.9416412034375175e-13,8.822522704097621e-14,0.6743487950996496
1719,7.026373468613113e-14,3.1382677046654234e-13,6.380533782927158e-14,0.651915901270695
1720,1.4685301948291282e-13,1.3992255737182227e-13,1.1391279846185744e-13,0.6998821763321758
1721,3.3218563649606094e-14,7.300526270138669e-14,1.4600474703816363e-14,0.6594036719296128
1722,1.1425972002135845e-13,7.569635726097773e-14,9.672414915311063e-14,0.7038801293820143
1723,1.464363624988795e-13,1.8105469944963046e-13,1.3659894251709726e-13,0.6647062615607865
1724,1.3796790136944622e-13,1.243035275706391e-13,7.586383822068794e-14,0.6984648117329926
1725,5.714669322868742e-14,1.4046743220597798e-13,3.106456646332549e-14,0.6578581311739982
1726,7.10863860483688e-14,5.494426983191468e-14,4.151854955067047e-14,0.70335097622592
1727,8.990519563257739e-14,6.023243641301573e-14,4.640299134717549e-14,0.6943813662743196
1728,2.5194297122954757e-12,1.7182935304003691e-12,1.6975406094298182e-12,0.7103778071003035
1729,4.325979860624863e-14,4.036128080055749e-14,3.649770596392164e-14,0.70102603523992
1730,4.6043342653374754e-14,3.7066539789464824e-14,2.543711741523733e-14,0.6859715874772518
1731,6.837372387837867e-12,4.165521471829807e-12,5.495159605301182e-12,0.746047270251438
1732,1.013041871896649e-12,2.0565577398817153e-12,8.19186320833163e-13,0.7474808832164854
1733,5.937642254228069e-14,3.5323741898381964e-14,3.377500624329915e-14,0.7169362670276314
1734,2.7174125889129823e-14,2.580453201950712e-14,1.3306233313646152e-14,0.6847294068429619
1735,1.3864652045522658e-13,2.0164215938755111e-13,7.412177741870559e-14,0.7318732522660867
1736,4.695512775558348e-14,8.595552521326132e-14,2.977888441498241e-14,0.6839364108163863
1737,6.250352260781474e-14,5.848318615935873e-14,3.725712928790768e-14,0.7154297102941201
1738,2.6563075197453135e-14,5.101613428378921e-14,9.995627303131456e-15,0.686788438167423
1739,2.5311718182465175e-13,2.20679197675589e-13,2.1566865633966636e-13,0.7157441998366266
1740,1.2495740514381592e-13,4.81206395136242e-13,9.98827026848749e-14,0.6606678484240547
1741,5.125208128432605e-14,6.969382985461474e-14,3.650441284380249e-14,0.6971411859150975
1742,5.820928952717556e-14,4.0163624433998076e-13,4.98352123135551e-14,0.6509230894735083
1743,9.970716634436005e-14,2.6961450798056925e-13,6.940866108943594e-14,0.6517219481989741
1744,6.106035028784676e-14,4.5310926672102393e-14,2.874278943122956e-14,0.7062212494201958
1745,6.233295960425067e-14,3.0290502354931355e-14,3.908164409463598e-14,0.7017804476898164
1746,4.720547555510781e-12,4.634519738560869e-12,3.4718866428421527e-12,0.7834576670080423
1747,1.1774782632338514e-13,1.1585670021692904e-13,1.0731012511806457e-13,0.6931494266493246
1748,4.143024910468032e-14,8.113781559925416e-14,3.652592596132252e-14,0.686446186574176
1749,4.162982718296499e-14,2.811638959128459e-14,2.868084907175408e-14,0.6931770811555907
1750,1.3224508053214592e-12,1.1830943934728233e-12,1.1426542299216243e-12,0.7766501458361745
1751,5.3567120216950286e-14,1.328300008904335e-13,2.525346707334851e-14,0.6633823502110318
1752,1.6051844797432363e-13,5.3966410819422183e-14,9.158086145260599e-14,0.6946977639803663
1753,6.273437343780241e-14,9.743753582845451e-14,4.662811000432067e-14,0.7039399190805853
1754,5.303028777855176e-14,8.214067343389002e-14,4.092564587182334e-14,0.711738930013962
1755,2.6862126721397614e-13,5.51448693819621e-13,1.5735759854730257e-13,0.6839009018149227
1756,7.714676533178942e-13,4.698331478416135e-13,2.802293286572139e-13,0.6957232448505237
1757,4.2925787017244835e-13,4.095860917366157e-13,1.269865136401279e-13,0.694108369690366
1758,3.025019307703801e-14,2.3509317488893538e-14,2.213610199178466e-14,0.6930799185531213
1759,1.9526445845922172e-13,8.229811215308463e-14,1.2442283634079107e-13,0.6628569124964997
1760,2.1423711856631676e-13,2.0735763261075952e-13,1.096058271780888e-13,0.645240881294012
1761,2.0242499566419585e-14,1.4947594095627656e-14,1.4577412176492865e-14,0.6917035035323351
1762,2.488969064826429e-12,6.5060218070797e-12,1.6950463703328277e-12,0.7801045168191194
1763,3.4767115228242696e-13,3.3895335687075033e-13,2.9033849566960735e-13,0.6568603238440118
1764,7.770898885457173e-14,1.6472366014790004e-13,5.410906849820441e-14,0.6816507786745205
1765,4.4921794972296024e-14,6.868306359883095e-14,2.84977847385627e-14,0.6770631963736378
1766,7.201938728737105e-13,1.0916291184050206e-12,3.370847054225982e-13,0.7753987085074187
1767,6.395674409386096e-13,3.1305987417243337e-13,4.702474086917136e-13,0.6496672842651605
1768,1.159071812200042e-13,1.034602294455941e-13,8.037137012474796e-14,0.709765467979014
1769,8.93435015727157e-14,4.7237192648789826e-14,3.76346614492306e-14,0.6970547233708203
1770,3.938665852931365e-14,6.833248063096019e-14,1.476662175677668e-14,0.7154132696567104
1771,7.389263996041514e-13,7.967661872486157e-13,4.1158390806962275e-13,0.7055156170157716
1772,5.468821311692033e-13,6.342291085990979e-13,2.3768411239906403e-13,0.6697720155469142
1773,2.6592712119758793e-14,2.655830565871748e-14,1.2074882372265578e-14,0.6945123059907928
1774,2.7320938001098488e-14,1.6750338880907465e-14,1.078568500751037e-14,0.6949854855658486
1775,5.4423317026241356e-14,3.876804753790074e-14,3.806290076130787e-14,0.6802393814083189
1776,2.3330818062322106e-13,1.6544439720837104e-13,2.0906129345414847e-13,0.6959741009399295
1777,4.5902738580004425e-14,5.6746554733478774e-14,2.28355691766916e-14,0.7070749963400885
1778,2.0640544964756605e-12,3.546011455411522e-12,1.8971951292641125e-12,0.7693034304305911
1779,6.110668757936127e-14,1.623116047173265e-13,3.5655043326111797e-14,0.6633881257730536
1780,2.3910881506429277e-13,5.58383271296622e-13,1.8351850111715798e-13,0.7066782164154575
1781,1.2715972807597292e-13,1.590150555569427e-13,1.1101487950208943e-13,0.6672239498584531
1782,2.3614860651595853e-14,1.8775127917394673e-14,7.477408683499063e-15,0.6867769855540246
1783,1.874794045557108e-13,3.782509847209584e-12,2.5590386496105504e-13,0.6255786299298052
1784,9.660887457397519e-14,9.297903351177134e-14,7.168889419513088e-14,0.6372355828876607
1785,8.017491617632898e-13,1.0487281939575895e-12,6.656368370562795e-13,0.7627286700997502
1786,2.2171838712874933e-13,2.7771750269956565e-13,1.9485119143124864e-13,0.6960246100556106
1787,1.296037251496423e-13,2.773090568798205e-13,7.747443113004284e-14,0.6604083283338695
1788,4.689517149890929e-14,5.889194545490218e-14,2.6744208377192032e-14,0.6898066198686138
1789,5.033462722914194e-14,4.369500530212359e-14,4.324223431049143e-14,0.693309560068883
1790,1.6899493085661357e-14,2.2740850011421445e-14,5.871211059190321e-15,0.6778213370940648
1791,1.6304016452425946e-13,1.493889789920259e-13,1.1965303059240745e-13,0.6934420172357931
1792,8.594502459877303e-14,7.574355079314257e-14,6.582581164093878e-14,0.6690826706355437
1793,2.0713068312580037e-13,1.2641720498796998e-13,1.3097545263842967e-13,0.6950849808752537
1794,7.658918012711147e-14,1.1169744932772073e-13,8.563927875877721e-14,0.6943889271002263
1795,1.4939030659762543e-12,2.489245460083974e-12,1.3041927943804812e-12,0.7693616726435721
1796,1.1474008342241006e-13,1.446838749019406e-13,7.501002761894999e-14,0.686928566545248
1797,1.0835333313029797e-13,1.2043294690526457e-13,8.550556631107317e-14,0.6947991454042495
1798,3.385226747457778e-13,2.115150552946137e-13,2.0724185054039546e-13,0.7227394488174468
1799,7.41019697862537e-14,5.723568821242359e-14,4.9792700698661484e-14,0.6828087192378007
1800,5.77611406697609e-14,6.460815475853555e-14,2.54351371272609e-14,0.711816095886752
1801,2.2492776401718748e-13,2.386105353088075e-13,1.4652543061667553e-13,0.6581840046681464
1802,4.0880111886389354e-10,6.099600415001952e-10,4.029890352535224e-10,0.7135088068898767
1803,7.568868523477314e-14,4.9540819102579434e-14,3.960894375527985e-14,0.6939567811088636
1804,1.1113042601458296e-12,3.353338756432775e-11,2.1672245693797867e-12,0.6140831853961572
1805,5.414894938021085e-14,7.672224793228288e-14,4.232580599704408e-14,0.6960398217663168
1806,1.4151437035287432e-13,2.2786058938843737e-13,1.188730308221904e-13,0.6412180657032878
1807,6.695297680514444e-14,6.00459301927437e-14,4.912915865603204e-14,0.6620407375972718
1808,4.8516973924017555e-14,1.275758038959636e-13,1.4907147624642947e-14,0.6628681151778437
1809,3.243083101620173e-13,3.8721624561157683e-13,2.244255910609907e-13,0.6824371912050993
1810,4.609174791064921e-14,1.5087288009223132e-14,1.978997485600143e-14,0.6953962643863634
1811,5.482439423171728e-14,5.721039310667097e-14,2.5344570966077028e-14,0.6738355057081208
1812,2.811346131721526e-14,2.6346464828044215e-14,1.6536849519776213e-14,0.6930718043120578
1813,4.783703640644938e-14,1.0930502508123451e-13,2.2448422286945502e-14,0.6644677582080476
1814,1.8041876433446782e-14,1.668504179991297e-14,8.227730413308618e-15,0.6823716428480111
1815,4.888124320156568e-13,4.725894264770179e-13,2.872072039956888e-13,0.7206813323078677
1816,7.643656719801015e-14,7.672725742383952e-14,6.804606283221806e-14,0.7040223790099844
1817,2.9285578470749896e-13,2.828276262652846e-13,1.109396008144128e-13,0.6911601633299143
1818,7.432837023918721e-13,1.0526724635791874e-12,8.07052193013099e-13,0.740167508739978
1819,6.816386180545599e-14,5.134306246413114e-14,4.4641626373231384e-14,0.6987427015323192
1820,1.0145600044406181e-13,1.3863402058448822e-13,5.926338238682067e-14,0.6822156526846811
1821,2.547656964922017e-14,2.975981822873664e-14,8.710103761591888e-15,0.6937657350907103
1822,1.1648920251073758e-13,1.0572117477671937e-13,3.388233309465915e-14,0.6772716525709257
1823,8.718016192604326e-14,6.770965524107907e-14,5.0659811586839596e-14,0.6898237055633217
1824,2.2744455850357996e-13,2.2524290350463704e-13,1.760707670546709e-13,0.671460740629118
1825,5.94766311788618e-13,3.3176117311348306e-13,2.962103454795841e-13,0.7712728122249246
1826,4.048775232328318e-14,7.925859541267869e-14,2.9108236570862965e-14,0.6673714145668782
1827,3.663642546890787e-13,3.673387817646461e-13,2.544383150708653e-13,0.726755824056454
1828,1.212057187278359e-13,1.4316953144923368e-12,9.582503659983575e-14,0.6252472270862199
1829,5.346543697370099e-14,6.152972128048821e-14,4.5258922246144816e-14,0.6902363814646378
1830,2.6331462511566514e-13,3.1900773554779284e-13,1.9373564462650949e-13,0.7242414691252634
1831,3.7380961592987495e-13,1.6585162143282355e-11,5.05926233105723e-13,0.6246965106576681
1832,1.0778468946198402e-13,1.3326836413459266e-13,8.316510633046505e-14,0.7207377376267686
1833,7.073613442318362e-14,5.91331226953241e-14,5.097591526845936e-14,0.6978392281103879
1834,1.6460969646846582e-13,1.120332749302369e-13,1.4313374521172811e-13,0.6983477747300639
1835,8.143300350643265e-14,7.073972870029876e-14,4.8950135237083824e-14,0.7088379324181006
1836,2.8474031345580983e-14,1.6345910638563458e-13,2.316344269166728e-14,0.6323320157942363
1837,4.5402621850967795e-13,3.358887867781545e-13,3.3139556242797934e-13,0.732616086769849
1838,3.6923912592072865e-12,5.311543289230448e-12,1.843259545073319e-12,0.6677779301768169
1839,2.5699244025514303e-13,5.947621670887705e-13,1.836149164343312e-13,0.644211744738277
1840,1.0705053408330106e-12,7.737336326540984e-12,7.590814431404212e-13,0.6181215545744635
1841,2.311478108803232e-13,2.205847865881677e-13,1.8472944971352335e-13,0.7320755259599536
1842,2.0632960635628568e-13,2.127789102915225e-13,1.7180792110291292e-13,0.7149363126372918
1843,3.4648874499927093e-13,3.666161521724228e-13,1.3911661015419157e-13,0.7487141177523882
1844,9.471987988297986e-14,3.958549110716793e-13,6.08786827479457e-14,0.6494239790481515
1845,6.780489100313222e-14,2.910936383409094e-14,3.1155326027302494e-14,0.6503960357629694
1846,2.6559813372252765e-13,2.720366004796293e-13,1.3139105842040855e-13,0.7144589710049332
1847,4.068023138830683e-14,5.452183553911702e-14,3.436764515226273e-14,0.6915951941395179
1848,3.2797996954880213e-13,3.3567963942778565e-13,1.868895537954751e-13,0.6597731566871516
1849,7.214149805838316e-14,3.6992526452821673e-14,5.045577738308811e-14,0.6953518477734179
1850,2.064187464959141e-12,3.128445906594244e-12,1.3217386059568273e-12,0.7029650195967406
1851,1.6370973520591834e-14,1.0497459842319894e-14,7.445305277482898e-15,0.6798543254029937
1852,6.865926511060353e-14,7.874283743920704e-14,5.5629808218904346e-14,0.6492073441389948
1853,3.1669836042648695e-14,4.725697604503535e-14,1.3475847002052616e-14,0.7025940891588107
1854,4.623854135827867e-14,3.751040754266743e-14,2.195714881877339e-14,0.7010138605488464
1855,6.822407483577618e-14,7.792578532907171e-14,5.2089760602145393e-14,0.6629259074339643
1856,4.69952254192543e-14,3.585928037067231e-14,3.636834471778083e-14,0.6953381794970482
1857,1.236723548694149e-13,1.7637919295422806e-13,3.3055424256857254e-14,0.721516143088229
1858,8.571980862272811e-13,1.531794688147736e-12,3.755866047877117e-13,0.7172317348187789
1859,5.2060006696782486e-14,8.907263478975485e-14,2.9465431397968256e-14,0.6620488213724457
1860,4.050667033109214e-13,6.593644248996873e-13,3.082147188700412e-13,0.7333009313326329
1861,1.4987156252097831e-13,1.1161320492164646e-13,4.40797629631355e-14,0.7141899212030693
1862,7.361440839886792e-14,4.9499671308379744e-14,4.8726865109186466e-14,0.701751978113316
1863,1.8388714038093772e-13,1.5317577629577325e-13,1.308394305377202e-13,0.7092299954034388
1864,6.176352674916925e-14,6.481696386610038e-14,2.3154419320275704e-14,0.69187823664397
1865,3.1881818550550935e-12,2.3459222780655845e-12,2.81419550419233e-12,0.746418071957305
1866,1.4922991790531234e-13,1.279848410406615e-13,9.724191011227636e-14,0.6918638384668157
1867,3.9552274840013114e-14,5.063878804704821e-14,1.7296740872953547e-14,0.6690771857276558
1868,7.316394815403901e-14,3.3202333043472284e-14,2.6185200507859086e-14,0.6937411644961685
1869,1.611073774775395e-13,1.435159880387034e-13,1.33531553252627e-13,0.7094793982803822
1870,1.3314005162954306e-13,1.2572562241386334e-13,1.0201418163117897e-13,0.7183532587485388
1871,1.2700808497381753e-13,8.124424589236115e-14,3.521480066239371e-14,0.6942861555609852
1872,6.986253807118562e-13,1.9239024367301967e-12,5.432889549000401e-13,0.7202961714472622
1873,4.930134237909972e-14,8.932214710250127e-14,2.4498335482525484e-14,0.7034338546916843
1874,1.650741328034e-13,4.724589642249045e-12,3.4075973157589154e-13,0.6101002728799358
1875,4.79705258277664e-13,7.036089561890922e-13,3.2674973076897316e-13,0.6848594167502597
1876,1.6070854042874627e-13,1.0782414216322507e-13,8.083342986962993e-14,0.6703874996164814
1877,1.3371594767338016e-13,5.174497988150497e-14,8.266222685315405e-14,0.6935572454473004
1878,2.433811238981032e-14,3.1349854666554006e-14,1.5034128160465003e-14,0.6658826732193119
1879,3.455829930107066e-14,2.40307190453863e-14,1.4095458510338967e-14,0.712376037798822
1880,4.45376976914778e-14,2.0872143140475793e-14,2.560482436737667e-14,0.6946182339452207
1881,1.1290336380033653e-13,1.0588906490579765e-13,6.95130853464664e-14,0.6379700051620603
1882,4.342126240425322e-14,6.344735747564873e-14,2.917142861913173e-14,0.677902307396289
1883,2.43584259841074e-13,1.8986293997801856e-13,2.0205790297250933e-13,0.6934991542482749
1884,2.5444668651456574e-12,2.2139844377526806e-12,1.397249795450154e-12,0.7328324936330318
1885,9.047908951198451e-14,1.0631274095627227e-13,5.61981239877449e-14,0.6706301238038577
1886,6.827183107422126e-14,5.260278272026699e-14,3.817079920015263e-14,0.7096313121030107
1887,2.966952296595374e-12,1.0586214674038634e-11,3.904317987834148e-12,0.685087785043288
1888,1.219626438661563e-13,2.8911044851500075e-13,1.2917744004320912e-13,0.673925680667162
1889,1.2719674990542486e-13,1.0823330150679502e-13,1.195184424908376e-13,0.6590730883879587
1890,2.113960489453794e-13,3.023266506735646e-13,1.0717387718512118e-13,0.7273841094924137
1891,2.368895045222889e-13,1.0444749395140359e-13,1.0408859323704956e-13,0.6947661749320104
1892,9.469792366393484e-11,1.7454680389758983e-11,3.720590679096073e-11,0.7690785707905888
1893,3.8400300226985684e-14,4.6586907134079496e-14,2.9047312431858366e-14,0.6891278108698315
1894,8.05048615421806e-14,1.0700586764313848e-13,6.664976790093143e-14,0.7110477303853259
1895,6.42773275205586e-14,5.3205784702984475e-14,2.627505184110146e-14,0.6892648213077337
1896,6.751411062073416e-14,5.1068845568623534e-14,4.0556416203883544e-14,0.6906997574260458
1897,7.696640192783904e-13,6.382725342935478e-13,6.738517991317104e-13,0.7256633162731305
1898,2.0423652224484233e-13,1.5058596914146783e-13,1.3792706831084908e-13,0.7135340156033635
1899,8.639036990832628e-14,3.2239193903945447e-13,4.7260214529711854e-14,0.639143613295164
1900,1.3763893002765874e-13,7.364319468158946e-14,9.832479949401308e-14,0.6995550916530192
1901,1.4702292610642936e-13,1.8892178665253452e-13,9.488946849902909e-14,0.6544164884719066
1902,6.582698507018126e-14,9.795541496341261e-14,2.621191191794608e-14,0.6577258144272491
1903,2.725674058616346e-13,2.8671811473978037e-13,7.096748437515951e-14,0.6944193269358948
1904,1.1386732965723765e-13,1.2754245069852059e-13,9.063263709414024e-14,0.7018791626906022
1905,3.988642725701163e-13,8.199597944192126e-13,2.003050301784307e-13,0.6874136192025617
1906,1.326478922470149e-13,2.0760604994113404e-13,5.3015965355518814e-14,0.6951414222596213
1907,9.15327924312531e-14,1.384915741272288e-13,6.008964948227449e-14,0.7112643332919106
1908,1.0759552220797528e-13,7.876608264142251e-14,6.649062922613292e-14,0.6988050876185298
1909,2.1884517559991762e-13,1.2694125471420788e-13,1.2690718936247574e-13,0.7047975871013478
1910,1.789418505406374e-14,1.0369463054416149e-14,5.956737796949935e-15,0.6909547888441011
1911,2.478888863884592e-13,1.7579628440484246e-13,1.5868782546053617e-13,0.762884877435863
1912,9.791553213812834e-14,2.0032624305324151e-13,6.190955147670667e-14,0.667442630440928
1913,1.16062318021374e-13,1.0842000759289916e-13,6.853596651977825e-14,0.6924618485383689
1914,8.411507482868642e-14,2.6590615062724724e-13,6.198239143605588e-14,0.661514914338477
1915,1.6541593578850822e-13,1.4960451456445098e-13,8.17493806033914e-14,0.7036023449618369
1916,1.0328070672833098e-13,1.7257362147826444e-13,8.760512722989684e-14,0.708583244937472
1917,3.5491763308286274e-14,3.618052866705643e-14,2.575240290261991e-14,0.7032737927976995
1918,1.5357148491005416e-13,2.292420339326889e-13,1.0484851161805814e-13,0.724602476041764
1919,4.0659480953597263e-14,8.221166492236896e-14,1.68003325925993e-14,0.6624332625535316
1920,1.2352927930113179e-12,1.0385257431964695e-12,1.0471653884245903e-12,0.7074640931561589
1921,1.896763907476731e-13,5.524540495980886e-12,2.210498541901289e-13,0.6223316319403238
1922,1.488652981561944e-14,1.7690233294406702e-14,6.5057876498330825e-15,0.6942256252979859
1923,1.2898837717005867e-13,9.08779408886932e-14,1.0457325470658789e-13,0.698556139296852
1924,1.922034205332697e-13,2.8677940684536777e-13,1.201799626829393e-13,0.704833615408279
1925,8.137348495495582e-14,1.290472261451541e-13,6.1071147279323e-14,0.6495036941836588
1926,1.6816843000609843e-13,8.965204029781661e-14,8.211291054230759e-14,0.694341798638925
1927,5.951556208642896e-14,8.905847596205626e-14,3.697125161673502e-14,0.7009025424020365
1928,9.669097381833549e-14,4.2351843101361375e-13,6.59462592322227e-14,0.6440846206620335
1929,1.0437019061070851e-13,7.861392244457654e-14,7.159734809986174e-14,0.7047241292195394
1930,2.2389109898079542e-13,1.642435708033848e-13,1.6022833939387355e-13,0.7191595553420485
1931,1.8756516334457517e-14,1.6891560101384777e-14,8.170685001170182e-15,0.6948052758583799
1932,5.74110454526443e-14,1.1299550158360396e-13,2.289798986942704e-14,0.6975869711721316
1933,1.4455706798151952e-13,1.3419827149710115e-13,8.757641707029647e-14,0.685174094478134
1934,8.207815387159608e-14,5.809185145674436e-14,7.159953398773586e-14,0.6869378443807364
1935,9.990082346248963e-13,2.5213902035819328e-11,8.785750693555626e-13,0.6414844901417383
1936,2.0529339480201075e-14,3.299486605734669e-14,1.3076494962623483e-14,0.6967881907708943
1937,1.8303065019576572e-13,1.6682663082783232e-13,5.010234719922923e-14,0.7143812078982592
1938,1.9025393168086163e-13,1.9164434219606896e-13,5.256665348671784e-14,0.6945784853538498
1939,6.420740114232864e-14,7.16255094234932e-14,2.979174426439605e-14,0.71733754996676
1940,7.156968967261052e-14,1.985361880273425e-12,1.5628068629369262e-13,0.6113550073408988
1941,1.994383149606027e-13,1.271896550172667e-13,1.0087615256631248e-13,0.7357108863536268
1942,1.9629739159625194e-14,2.4427389146089416e-14,1.3402558448868319e-14,0.6807204206939786
1943,7.65738417041153e-14,1.0823512899604015e-13,3.7015100124188544e-14,0.6950730877462774
1944,9.534039127829503e-14,1.215357175383035e-13,8.249653783499597e-14,0.6934381874511019
1945,4.611612093442536e-14,1.60191496674831e-13,3.662884259405906e-14,0.648848660022486
1946,5.637371508108254e-14,9.482844097599544e-14,3.287590187037514e-14,0.7151595826027914
1947,4.268806706536462e-13,4.6111260064180456e-12,3.8047530436562413e-13,0.6279917953826952
1948,6.198650611051615e-14,7.950002122746028e-14,3.872818801668137e-14,0.6520533945178613
1949,2.7222533764866938e-11,3.791046627029024e-11,1.9200078608001692e-11,0.7401787136914209
1950,1.6989142242305894e-13,2.0208653195246336e-13,1.3442715621057797e-13,0.6940938921645283
1951,2.628075982715083e-14,7.893968887671912e-14,1.1988368173239847e-14,0.6645484462147578
1952,2.589236487656784e-13,1.7321169008288127e-13,2.0255052606392368e-13,0.7037475365912542
1953,2.1644877627339233e-13,1.5006577595662062e-13,1.2053039849322059e-13,0.7546798979863525
1954,3.6415474593881404e-14,7.481475443872463e-14,3.313453549890087e-14,0.6601073785335757
1955,1.4207364664951276e-13,1.423854195481251e-13,9.472978021961958e-14,0.7389018355635926
1956,1.2458024748165724e-13,1.5018593479789148e-13,5.4967164531208815e-14,0.7224567662226036
1957,1.5425575916866412e-13,1.6183063859007886e-13,1.3603100914321606e-13,0.6992285682586953
1958,6.887757907223132e-14,3.158305157478509e-13,7.025220984938376e-14,0.6377044488675893
1959,7.00408487929516e-14,1.2473171087314586e-13,7.241628807381015e-14,0.6648096362128854
1960,6.470886866752288e-14,9.275806438714132e-14,2.6876481514064125e-14,0.6818545121117495
1961,4.873556871499677e-13,9.45361640977943e-13,3.0310453835437153e-13,0.7231051919283346
1962,3.3481510917079806e-14,3.613024188765218e-14,2.382467882721459e-14,0.6945847012335434
1963,1.359131664926761e-13,1.7987380102627244e-13,7.613395123403448e-14,0.6497850038693287
1964,5.117549487213247e-14,4.069197392677335e-14,4.278493073355404e-14,0.7008945886511355
1965,2.6370877449462763e-13,3.2182736316416206e-13,2.3648581667171093e-13,0.7031899492722005
1966,1.259457854595574e-13,2.2290496939365227e-13,1.0344619828808166e-13,0.656034535728395
1967,3.432485307077538e-14,1.885700829260341e-13,3.427986763633749e-14,0.6301453620078974
1968,5.378397665509965e-13,2.2688316149985183e-12,6.827380353283215e-13,0.658149283612147
1969,7.362119656825322e-14,5.6525660969894145e-14,5.04719800234742e-14,0.7047308113891632
1970,2.6323727853187935e-13,4.8796466076297554e-12,1.8873931998204172e-13,0.6366182391822803
1971,1.250658678291324e-13,2.5481072355762255e-13,9.653414831579047e-14,0.6889256125316023
1972,3.4452046264134186e-13,5.378011711732487e-13,3.431215232476506e-13,0.6697655488969758
1973,2.413889004546496e-13,2.1214242715706545e-13,1.429417331985225e-13,0.7538619307335466
1974,8.208786573452521e-14,9.826160249300094e-14,4.307144939358049e-14,0.6884197636973113
1975,8.976962194841592e-14,1.718907067241752e-13,6.055862297784902e-14,0.7189082897268235
1976,3.5778227411932156e-14,7.613081811956953e-13,6.247408561958841e-14,0.6155168686585967
1977,1.7625723893981796e-13,1.0469630353494463e-13,9.653303103446636e-14,0.6852827221853659
1978,5.855424107962965e-14,2.5140825378205543e-12,8.285801555250863e-14,0.6333332495822106
1979,5.304433109097462e-14,5.602592176512337e-14,2.85535272741409e-14,0.707399509078823
1980,4.837129007230125e-14,5.657473340371955e-14,2.3904295552048466e-14,0.669305652170442
1981,1.702780331169327e-14,8.434888242313742e-15,9.32242058708336e-15,0.69347765580751
1982,2.5769315357598e-14,2.8197821817879504e-14,1.6854676712641312e-14,0.6927419397048652
1983,3.8274578185223745e-14,3.159686525132173e-14,1.873381325476054e-14,0.6860615340410732
1984,3.4079965487211796e-14,4.512400267904424e-14,2.383540085793944e-14,0.6421398095437325
1985,1.8739945737138794e-13,1.216356883008776e-13,1.272863881784344e-13,0.6866889896453359
1986,2.909731159153159e-14,1.5372419057902644e-14,1.2335444318597575e-14,0.695454578450881
1987,7.978446003177738e-14,8.49408670976369e-14,4.870373173086843e-14,0.6871019630227237
1988,8.07487672788237e-14,5.5998114678182755e-14,5.513669863049152e-14,0.6913414134178311
1989,2.592287572749229e-13,4.179868558520453e-13,1.684034528612942e-13,0.7173404712462798
1990,5.381616613240648e-14,4.647409591976514e-14,2.782793178843796e-14,0.7080967260524631
1991,2.663191181935801e-13,3.555841066837938e-13,2.4570813644214016e-13,0.6841720488737337
1992,9.069451503002483e-14,1.4820521378797531e-13,5.5262431734415367e-14,0.6569051389000379
1993,2.1373362460693407e-13,4.671726829083611e-13,1.0209167816241813e-13,0.6787710884702391
1994,1.9728484339198472e-13,1.0285397001412753e-13,7.706084171705782e-14,0.71169174159877
1995,9.526035651530779e-14,3.428292792468904e-14,3.461791847569966e-14,0.69784597591497
1996,4.515504111408162e-13,3.0442031444541496e-13,3.9364554558799794e-13,0.6814516143873334
1997,1.665931609010124e-13,1.514928227910719e-13,1.5707048890205605e-13,0.6926960294367746
1998,1.3792612341575062e-13,1.1147448685301421e-13,1.1338610454545201e-13,0.6977223237976432
1999,3.9784400100267186e-14,6.980378102466856e-14,2.932573469974641e-14,0.7222993172705173
2000,1.4352307628851212e-12,1.6608183815931756e-12,7.22755901429197e-13,0.6644475847366266
2001,5.832718104012287e-14,4.260927704074209e-13,4.828086963539058e-14,0.62249119199696
2002,6.538237345065998e-14,1.2810593868235825e-13,4.133102907334324e-14,0.6580607917858288
2003,4.636491818662924e-14,8.290532040946442e-14,3.4641438260832615e-14,0.6947441251948476
2004,2.7487335956521765e-12,3.5562880159132926e-12,2.6976310253600678e-12,0.7424941645469516
2005,9.029916254856436e-14,6.837222905057691e-14,6.095409685711097e-14,0.7132608011830598
2006,3.009176831414635e-13,1.87509181741845e-12,3.0137356815438376e-13,0.624455934332218
2007,1.7382659193301285e-13,6.503935447809313e-13,1.4195687743893234e-13,0.6556965100346133
2008,2.3426107119789006e-14,3.9002320047025895e-14,1.4132536222781047e-14,0.68950829540845
2009,6.893208425025854e-14,3.8977896715785215e-13,4.5152584576687706e-14,0.6326933756354265
2010,4.271427630693036e-14,2.6497809585617747e-14,2.091833569338397e-14,0.6696282042656094
2011,4.449542081444079e-13,3.349440972019771e-13,3.6237114749211557e-13,0.716545841563493
2012,3.722193802623155e-14,4.599739319952644e-14,1.6647050892742434e-14,0.6675032390514388
2013,2.0343596092949712e-13,3.6923770134511436e-13,1.3426665425532704e-13,0.720339193707332
2014,3.3831380463626794e-13,4.786646509394957e-13,2.579448890860982e-13,0.7145912447245791
2015,5.574593244269627e-12,6.726686283519823e-12,4.621429612896994e-12,0.7517255539540202
2016,7.183417456036511e-14,9.435185201752626e-14,2.9425049447131254e-14,0.7095540976151824
2017,2.501279972097678e-14,3.4863675150403485e-14,2.3898244406054383e-14,0.692802229616791
2018,8.453494372334937e-14,8.831400750645568e-14,6.292898327738085e-14,0.6646140429656953
2019,2.629903797894718e-13,2.14963334324057e-13,1.363716073787599e-13,0.6945632833288983
2020,7.021586171270249e-14,3.308058160445734e-13,6.347386143201537e-14,0.686692740523722
2021,8.321853467559906e-12,1.5013754486196864e-11,6.346383258832731e-12,0.717918307823129
2022,1.0217786673718204e-13,3.414972871445759e-13,8.794295704538969e-14,0.6407422981690616
2023,4.411370936024184e-14,1.4570151136684022e-13,3.340485594295912e-14,0.6604775117710233
2024,2.737373327184101e-14,2.4576725770368343e-14,1.6439103762943572e-14,0.6934806141769514
2025,8.19367397915043e-14,4.138708671239532e-14,3.45273404615524e-14,0.6773495092988014
2026,8.761022652489281e-14,5.63029346650263e-14,7.150926741305498e-14,0.6912392082624137
2027,5.915542229105733e-12,7.80340370430928e-12,5.3152856862914564e-12,0.6949449870502576
2028,2.6306288647724358e-14,1.9901760398731762e-14,2.1088271116413192e-14,0.6916518254438415
2029,8.336364096613537e-14,1.03191645079567e-13,5.756075028254736e-14,0.7121389440260828
2030,2.8871496162349927e-13,2.499093611941983e-13,1.946708083150143e-13,0.7360338201746345
2031,4.308803386155488e-13,1.0800820436485241e-12,2.244098350369792e-13,0.7562911515124142
2032,1.0826358560037093e-12,5.163356593830071e-11,1.88997593082412e-12,0.6126286973129027
2033,2.803659206649424e-13,3.373748166118678e-13,2.487977308555574e-13,0.6837278274353593
2034,1.0224860855953855e-12,9.131424118442074e-13,7.86430224590034e-13,0.6952868036227301
2035,4.591331801198503e-13,2.4722078168258136e-13,3.246287962365615e-13,0.7221562083810568
2036,7.614941535990617e-14,6.930912028611838e-14,6.31733151123496e-14,0.6731968525913544
2037,5.069021871082098e-14,2.971237428752958e-14,2.0402343855665362e-14,0.6948560197837651
2038,3.2073770984312294e-14,3.3036073639712177e-14,1.8142166940200393e-14,0.7003813286777586
2039,2.626179885166328e-14,3.2222988007382115e-14,1.3433230487986126e-14,0.6796478545758873
2040,3.4842030070153086e-13,7.939228485407592e-13,2.2489495090281836e-13,0.7060128935612738
2041,5.3361733795752107e-14,8.43812928812936e-14,4.1236921958764614e-14,0.6577871488640085
2042,5.373366178363654e-13,5.026218935197976e-13,2.4830369058765865e-13,0.7493271238636225
2043,3.4217590771680086e-14,1.9506306309997934e-14,1.0524441619188235e-14,0.694212194508873
2044,3.887052621824589e-12,9.746552254211382e-12,2.5466333276051394e-12,0.7118100587744266
2045,3.3233928192754777e-13,9.962279502316412e-13,1.508206618335518e-13,0.7115392438368872
2046,7.539652578596168e-14,8.485876340701023e-14,4.513646839251171e-14,0.6708524381741882
2047,1.2979460806486751e-13,1.4002464233718167e-13,1.079080686959166e-13,0.6803632543771527
2048,2.5849795702564837e-14,2.1181228251519172e-14,1.4212915042837178e-14,0.6970032315235585
2049,1.735724054449877e-13,2.8172138124879974e-13,1.235688100242224e-13,0.7312771230237558
2050,1.0349226242539686e-13,3.550712366076856e-13,7.66128324819246e-14,0.696555229765363
2051,6.269052754646091e-14,7.831598415526464e-14,4.6057984492971194e-14,0.7107796363998204
2052,2.7923895596246304e-13,3.603795994133935e-13,1.981268945747446e-13,0.6993315439438448
2053,2.5580470802645666e-14,1.2982097994817903e-13,1.6730869854380252e-14,0.6468282662215643
2054,4.322096312122918e-14,7.033138130088935e-14,2.325836073355323e-14,0.6574503997224384
2055,7.807377056922477e-14,7.277383923672737e-14,5.77694569494707e-14,0.6601546406978741
2056,8.240304655497953e-14,4.548447610540314e-14,5.087554221581305e-14,0.687533830339089
2057,3.3971737104385094e-13,3.34712672352461e-13,2.8442445269651954e-13,0.7305163885466754
2058,1.5132264748252548e-13,2.1289815355717004e-13,5.4404738138603776e-14,0.7282521466258913
2059,1.2637775294947492e-13,3.420412670476984e-13,5.771187478707808e-14,0.6866744097089394
2060,2.438634389456055e-13,1.2471185216363497e-13,8.153381298968217e-14,0.7198589203413576
2061,6.462084312489806e-13,1.7579831129368766e-13,4.0002853891233373e-13,0.6947378095705062
2062,3.083633113837876e-14,1.4118026820852354e-14,9.289464322480983e-15,0.6942406425252556
2063,6.073218069220624e-14,1.2435860046086151e-13,3.5032332096222053e-14,0.7192129947943613
2064,3.26679118036424e-14,3.02033296871229e-14,1.248972739708758e-14,0.6664498530328273
2065,5.646032138127164e-14,1.0222147105758716e-13,4.209146493268313e-14,0.6692794584203512
2066,4.308473359738384e-14,5.0398589874467965e-14,3.096147489579132e-14,0.6807518690591678
2067,1.2410198544508604e-13,1.7019564619424922e-13,1.0544449860826867e-13,0.7082029118668288
2068,6.055271400364707e-14,9.927614548325141e-14,4.2552115889669646e-14,0.6722170975175686
2069,1.196629534591128e-13,1.0196008771396643e-13,5.363862332019084e-14,0.6616480891825631
2070,1.2788613053340212e-13,1.2161848644397856e-13,7.324282963748543e-14,0.7307374934200197
2071,3.1434803597960477e-13,3.18806839914184e-13,1.5984026559153223e-13,0.6952334484318271
2072,2.0695123086111293e-13,2.18200827191194e-13,1.0085588654217664e-13,0.7320453618653119
2073,2.6626052370443285e-14,9.36959474592765e-15,6.335265019708847e-15,0.68692056320142
2074,2.1794373221075956e-13,1.7631238004975863e-13,1.578032060304298e-13,0.7032967504113913
2075,8.909419553796787e-12,5.4026817050684926e-12,4.733162657714656e-12,0.7894951216876507
2076,1.188844679514221e-13,1.157654351549108e-12,9.81609212413412e-14,0.6367492985795252
2077,1.0441484886905829e-13,1.06110189520678e-13,9.502128087096121e-14,0.7053330671042204
2078,5.3179680284823904e-14,4.1800140765406356e-14,4.440382112358642e-14,0.6958000587997958
2079,1.9044569846859167e-13,2.194179578038985e-13,1.4118327508686268e-13,0.6984875570982695
2080,2.1653738092362111e-13,7.742542972003523e-14,7.634488238160543e-14,0.6941981268115341
2081,1.3844398317700358e-13,1.8213359817628534e-13,9.357598038968547e-14,0.6576433338108473
2082,1.1613266535139878e-13,2.038186368600562e-13,1.0569526740491592e-13,0.7070620896061882
2083,1.8412111507040737e-14,1.4816155069880986e-14,1.2980650073762642e-14,0.661732338310685
2084,2.290560359444558e-13,2.65978106474505e-13,1.4435087689804683e-13,0.6971178863197565
2085,1.0156537959487743e-13,5.465334963366376e-13,7.666818411954935e-14,0.7214519868372008
2086,3.810420456751774e-13,5.391320094285491e-13,2.6825313079588515e-13,0.7109750689938664
2087,3.868269936996224e-13,1.3784463011701102e-11,4.232012977135771e-13,0.6335097523930017
2088,1.7977608323992458e-13,1.264910184597353e-13,1.0072021658988182e-13,0.7277416149619966
2089,1.8752764713130703e-13,5.898636369989759e-13,7.753292955837923e-14,0.6553111804998479
2090,8.311551194423631e-14,3.2034821844426576e-14,5.793514822962532e-14,0.695323785347864
2091,6.08289326370146e-14,7.755258363986134e-14,3.662211962758832e-14,0.6860256531275809
2092,8.794201397072104e-14,7.999537265368833e-14,3.5976337545217004e-14,0.7101296645356342
2093,3.4903204651556596e-12,9.170593167866475e-12,2.7072090926924486e-12,0.6923707757843658
2094,1.9938035731616902e-13,2.690502220282385e-13,1.5390202277016718e-13,0.7326600555330515
2095,6.27859610368955e-14,7.52695039783177e-14,6.159465633009093e-14,0.7010991297196597
2096,5.613714954618075e-14,6.208029148645942e-14,4.62371405496911e-14,0.6720706473337487
2097,2.482808137716791e-14,4.0146746103634074e-14,1.6583628472725223e-14,0.6877805944066495
2098,5.494775727546521e-14,4.0637236171594466e-14,1.501779481806464e-14,0.6943447266472503
2099,1.2820620539294941e-14,7.04102561973603e-15,4.155498121833077e-15,0.694491219567135
2100,3.3153049871059177e-13,3.5852149750034685e-13,1.729911421829903e-13,0.6993278271984309
2101,1.133112770072652e-13,9.417057377398777e-14,7.364034868743873e-14,0.6924644379876554
2102,4.681457396976653e-12,4.9492501539820756e-12,3.3745034890553397e-12,0.694667206495069
2103,2.6372362258439167e-13,4.345008755301791e-13,1.6831730514208252e-13,0.7154190735192969
2104,1.7893052302933852e-13,3.665881324163939e-13,1.0917071913945431e-13,0.6771763435564935
2105,2.593075576855583e-13,1.4148534395666598e-13,1.2351963130528204e-13,0.6943596937460825
2106,4.870564475888022e-14,2.5977224411200687e-14,2.0556382942794522e-14,0.7179831373039633
2107,1.0347734029850949e-13,1.0756726397124036e-13,5.6804907943243315e-14,0.6628262528916821
2108,1.562871496019134e-13,1.8506288723672705e-13,7.761602764781168e-14,0.6971013241214677
2109,4.897427031799786e-14,5.160442487351548e-14,3.926131035871649e-14,0.6926371429814026
2110,1.6349541133806265e-13,1.7406373436588506e-13,1.3106522816383012e-13,0.7075661092065275
2111,1.0928569118580741e-13,6.877313500581533e-14,6.451205602007486e-14,0.6642543624038808
2112,1.250799871344935e-13,2.149098893699188e-13,7.78304572623625e-14,0.6846305987914093
2113,4.8095897057059955e-14,6.380107822960573e-14,4.1269603962000424e-14,0.695433700713329
2114,2.6804992664543946e-13,4.484007885059363e-12,2.5757231007080607e-13,0.6131712835223879
2115,3.652847044812445e-13,2.436958283278282e-13,2.6725374517266067e-13,0.7060921779600904
2116,3.6713730115457196e-14,5.550151895340393e-14,2.5956799518026468e-14,0.7028371413471177
2117,2.0578457570035944e-13,2.757193239396513e-13,1.8337070301844254e-13,0.6936919103609398
2118,2.0883602111753553e-13,3.3308304958378494e-13,1.3429069326035257e-13,0.6305498720495961
2119,5.623178978928404e-14,8.350993639578204e-14,3.0715221343780025e-14,0.6723643287550658
2120,9.239514052861507e-14,6.416817100694998e-14,4.7003371438250206e-14,0.7289161317981779
2121,1.923516977566944e-13,3.3580504361947715e-13,8.859582095082881e-14,0.648811567761004
2122,2.272227264771651e-13,1.3909634156882887e-13,5.735435434980607e-14,0.6657757981563919
2123,2.378348663677489e-13,1.5601628339182973e-13,2.1076312041533458e-13,0.6960003145039082
2124,9.062264044778534e-14,9.011597682187993e-14,2.8050985269001e-14,0.6827069602557458
2125,6.0716778073744e-13,4.59484744261609e-13,2.651024229674583e-13,0.7469353211577981
2126,2.8430374361847667e-13,2.0478627530504236e-13,2.0120674475869084e-13,0.7004098633071407
2127,2.2588575613568215e-13,5.320156010431236e-13,1.3549368243207317e-13,0.6879491616040468
2128,6.175656516081033e-14,1.5035608288533886e-13,5.874084220671339e-14,0.6817468447377906
2129,2.890082488046266e-13,6.362838198461707e-13,1.719854292746348e-13,0.681242139567621
2130,3.354002053088169e-13,3.464459075403313e-13,3.2914316480947525e-13,0.6845098074176349
2131,7.467626113460816e-14,1.563880523719226e-13,5.4269046594461004e-14,0.6881285505136475
2132,3.362410320760226e-14,1.4259317565774522e-14,1.960247963411306e-14,0.7028919082134962
2133,2.770274482958109e-14,4.048105022033938e-14,1.3190415573967992e-14,0.6832959047053009
2134,1.3166963365928533e-13,1.25587176926003e-13,1.0819925158069477e-13,0.6999680652283132
2135,5.654976964887739e-14,6.985462184039139e-14,2.6267703981236165e-14,0.7031377381412313
2136,3.9060342922791376e-14,1.0980417262600329e-13,1.9199638206128097e-14,0.66537104845047
2137,9.667656930810505e-12,8.457467877024352e-12,4.8994695193641354e-12,0.7857287576422095
2138,4.252402641885902e-14,2.4642426216290745e-13,1.991269178995984e-14,0.6438234542962163
2139,2.78891783723645e-14,4.294514534195799e-14,1.921411828827615e-14,0.6710491588688455
2140,7.224599051040474e-14,6.854619186186818e-14,3.663250324073449e-14,0.6938895668135956
2141,1.0735890782241295e-13,6.954041291350773e-14,5.328948964426399e-14,0.6995172429597005
2142,1.1434985305156447e-13,1.0845244435778826e-13,9.537888852806487e-14,0.7266806039493531
2143,3.2042390171083465e-14,2.9479835868674553e-14,2.7359824803187102e-14,0.697655608295463
2144,1.5746684567518346e-13,5.615113099496612e-13,1.1407478273535162e-13,0.6589718792238273
2145,8.234412053884785e-14,7.043788116871216e-14,3.228522805207724e-14,0.6754459165618755
2146,4.175383714982437e-13,4.3347646363612673e-13,3.0202853167924245e-13,0.7147150780307129
2147,8.270303189275306e-14,1.2921415648664104e-13,7.96875481277066e-14,0.6646258963621221
2148,9.287679044483373e-13,1.0957784635627477e-12,2.8494115437320767e-13,0.6947164495708421
2149,4.597678663925471e-13,2.9827120084277425e-13,3.758892407852629e-13,0.6965213843155652
2150,7.742483898355382e-14,8.101949700931614e-14,6.450541260707267e-14,0.6875536661944353
2151,9.267882563774829e-14,7.64894252248898e-14,6.906892432922521e-14,0.7033976825419813
2152,1.1326838111617008e-13,1.269711709366879e-13,7.760759887935514e-14,0.708321345760487
2153,1.1111551981757017e-13,1.8585340487746892e-13,8.127353062367569e-14,0.7015299869235605
2154,1.240649084185742e-13,2.1854408727149336e-13,8.74601750631211e-14,0.6651276776334271
2155,5.373306463258067e-14,5.054229857828166e-14,3.787899512407644e-14,0.6811725775012747
2156,2.9002637554239455e-14,2.183777321570606e-14,1.4912406548352117e-14,0.6907936331816018
2157,4.704639914756288e-13,3.6631001454628074e-13,2.382764440649832e-13,0.7352198299951851
2158,6.199794994194255e-14,3.1514193017824046e-14,4.884614560346621e-14,0.6945685470243916
2159,4.6091014507366054e-14,5.053150565335111e-14,3.263742470723592e-14,0.7128804140491412
2160,5.971555412227312e-13,7.219495706094958e-13,4.149251567064354e-13,0.7476311855949461
2161,6.029352861585759e-13,9.478111892465368e-13,4.567941806255884e-13,0.7069575889967382
2162,7.745506886199832e-13,5.3631170731920895e-12,7.608142234064522e-13,0.6628474568249658
2163,1.4606217405949726e-13,1.5425350904221382e-13,7.069480684943212e-14,0.7020229759160429
2164,2.2263781653334746e-13,2.8625460182348326e-13,1.3838837559078813e-13,0.703216965473257
2165,5.4356547519694974e-14,5.666520429880996e-14,2.722063278335352e-14,0.6944577186135575
2166,3.0408821672519833e-12,3.0272082613951147e-12,1.6618786397874603e-12,0.7320456837769598
2167,1.1585339370202852e-13,7.871093215299889e-14,6.670525914338934e-14,0.6865292604314164
2168,7.019230994286812e-13,8.680797443842456e-13,5.817353678573913e-13,0.7434163929428905
2169,8.377830561714863e-13,9.479453406922444e-13,6.559335691209357e-13,0.7451055988669395
2170,3.428331595446257e-14,1.6647515151541312e-14,1.0459199922115353e-14,0.694895649026148
2171,1.8511514899476704e-13,3.3500706587895195e-13,9.807444713138673e-14,0.6610101285506971
2172,1.014815069544869e-13,8.86968090000181e-14,9.01847659893684e-14,0.7034854674246163
2173,3.1453294882023462e-12,4.227166731164852e-12,1.8077774449957652e-12,0.7898182170465589
2174,1.5295978000122308e-13,1.6455586497851682e-13,1.1038596532185315e-13,0.7254311302443966
2175,2.997762254797386e-13,1.8974427566228675e-13,2.348549052002418e-13,0.7139709213515744
2176,1.7170797316734115e-12,1.836361520805917e-12,1.0201978366446977e-12,0.7336586943129078
2177,6.721791824048282e-14,7.259913038447958e-14,3.905615835473896e-14,0.6941198398824782
2178,2.2952581639544785e-14,1.7448804338039742e-14,1.377369964010222e-14,0.6775394007912837
2179,4.8932888137161754e-14,4.641457206406694e-14,3.284258439921551e-14,0.6976915311999619
2180,4.659759347770779e-13,7.317607213433757e-13,1.5920118597743196e-13,0.7251032635802404
2181,1.0382008449201416e-14,9.569670499758624e-15,4.953798029134296e-15,0.6937129509402439
2182,9.114722357546988e-13,1.0740084390593793e-12,5.178914328517009e-13,0.6935297622345388
2183,5.905000151175086e-14,3.8970657571922735e-14,4.669188501015834e-14,0.6788271262077614
2184,3.015140108662915e-14,2.8062595208979174e-14,1.3194899899220493e-14,0.6755537128192373
2185,2.2794891974583453e-14,3.5827785630690935e-14,8.646920878328843e-15,0.6880132571444847
2186,8.929326368692152e-13,2.07454295440229e-12,9.73387242546434e-13,0.6515907858265564
2187,1.4544545113814511e-13,3.3821664208397845e-13,1.3311878982508734e-13,0.6350845969398506
2188,6.786334279841119e-14,6.522598024518576e-14,3.171524697326959e-14,0.6728943148511461
2189,1.4189209788526232e-14,1.260604190429949e-14,4.782113002457995e-15,0.6942038552137092
2190,7.804850865756024e-14,5.797947082381681e-14,4.006902181559131e-14,0.7145254439907148
2191,4.343852462957625e-14,3.1446603538396593e-13,4.073827963363296e-14,0.6335597868193872
2192,1.2243057559743106e-13,4.845542036000678e-13,9.397401724325617e-14,0.6732362941838801
2193,6.636116438745447e-14,1.7832109343166914e-14,4.0403677902818784e-14,0.6948310571722687
2194,4.658059176756116e-11,2.6391792245971124e-11,3.439833129190863e-11,0.7444504218641669
2195,1.2117343482142746e-13,1.6758489207556922e-13,6.5850069969439e-14,0.6493087680195458
2196,7.028400595724869e-14,1.1102809951363468e-13,6.98541636417064e-14,0.6904555466258898
2197,5.842111695287471e-14,1.48785465753811e-13,2.5692293276184683e-14,0.6747941618436016
2198,7.592395720431681e-14,7.904137106365091e-14,2.8661258744936356e-14,0.7139436421450227
2199,5.4969092036447707e-14,9.232061790214926e-14,5.481734300176836e-14,0.7044260651106015
2200,9.045304880100114e-14,8.338978175337988e-14,3.8211999469365456e-14,0.7155739438720048
2201,7.997549498346559e-14,9.154497843097602e-14,6.239061611846009e-14,0.7257341854739934
2202,3.8816351888785625e-14,4.569193169543495e-14,9.567650661740076e-15,0.6995174902724102
2203,8.59426334463358e-14,1.0041449302668322e-13,3.7211559247777553e-14,0.6768203107290901
2204,1.0873109990081505e-13,3.653866423473782e-13,4.6612566162278226e-14,0.6264664702117443
2205,1.2590813261850986e-13,1.0814062393356566e-13,1.1685706632660682e-13,0.6989968261914328
2206,3.892655315153635e-13,7.357594116282313e-13,1.537480914022377e-13,0.7612455817870796
2207,1.3985433039132552e-13,1.2329100288972242e-13,4.940276369839869e-14,0.6947057301877066
2208,1.79539514905529e-13,1.5727015764848278e-13,1.130736398356814e-13,0.7188817095011473
2209,3.0394010080033937e-13,7.36771557879258e-13,1.5722749417037466e-13,0.6622988315415569
2210,2.2294248736415445e-12,2.013710241119688e-12,1.1737797405014621e-12,0.7568803938571363
2211,7.572278497011141e-14,6.4395075510333e-14,4.241870288360703e-14,0.7236807205714285
2212,5.845043090399527e-13,1.10093905837958e-12,5.379184135116925e-13,0.7163431713357568
2213,6.982522128204071e-14,1.460894561717529e-13,4.4139644482314035e-14,0.6650618730462157
2214,2.901653268365461e-12,5.630230914742749e-12,1.642718004298939e-12,0.6910300337709486
2215,1.6385417730856983e-12,2.4463075806698507e-12,1.4497873843766796e-12,0.6767814542166889
2216,2.112562321035646e-14,2.8065687289241522e-14,7.73149255703849e-15,0.6870159049518406
2217,3.169461132585063e-14,2.6429312059149868e-14,1.5465372973687844e-14,0.670716996002011
2218,1.2712768875203332e-13,7.2598131482405e-14,8.452821521621622e-14,0.6999726082198322
2219,5.631920251171092e-14,3.4474663771922096e-14,4.708356238039091e-14,0.6566066941944882
2220,4.3112727776884694e-10,5.359852274772949e-10,2.2297148316271146e-10,0.7153592072660103
2221,3.8435739751205995e-14,3.6640187888517716e-14,1.2896713822849638e-14,0.7177971686935052
2222,1.2719891134865413e-13,2.55105685913717e-13,7.418484535983456e-14,0.6984411955811083
2223,2.522476721709279e-14,1.951738440916505e-14,2.012253214132293e-14,0.6940261327894405
2224,8.630552452013782e-14,8.401194612910319e-14,7.857554959154876e-14,0.6891841771546752
2225,2.2867479350416502e-14,1.2849138660596905e-14,1.1286258729586176e-14,0.687239220016636
2226,2.231228808889989e-12,6.473115406470248e-11,3.071725496652965e-12,0.6536641492508352
2227,3.142742053841753e-14,3.131206765074841e-14,2.6933765288584614e-14,0.6779729937436059
2228,5.408831582585164e-14,2.7022896241736233e-14,1.3440889689806557e-14,0.6947915431112051
2229,6.487198979216418e-13,1.0778860906445404e-12,4.731015262110468e-13,0.7558888413012028
2230,5.3460909429800414e-14,1.0412929412887721e-13,2.92082675438932e-14,0.6675720294355415
2231,2.094638622739147e-13,1.1859254807744238e-13,1.5351294939034906e-13,0.6694401085958817
2232,2.441949476649506e-13,2.4437168109722e-13,2.0943436914463815e-13,0.6691145454766229
2233,3.67189387866281e-13,1.0534443764994597e-13,1.481501814802402e-13,0.7244506119284779
2234,4.993604756479454e-14,3.0297725815736646e-14,2.545842245336669e-14,0.6951325690839439
2235,9.62233670829892e-14,1.0814634722978336e-13,5.751099673748983e-14,0.721498894947581
2236,1.4370411538348493e-14,8.679261025065836e-15,6.853487279156725e-15,0.6924230735283345
2237,2.1439851693755168e-14,2.0230355000499407e-14,1.0715801819789495e-14,0.6831885883817449
2238,2.2177466273811075e-13,1.277024853050028e-13,1.4273064338437174e-13,0.7050741833634675
2239,6.073169070132737e-13,1.1952536113434533e-12,2.658231565620489e-13,0.7603249382227659
2240,2.6038743951810274e-14,2.715333409998902e-14,1.1536965392941938e-14,0.6617285294691101
2241,1.859603415425046e-14,4.534915719851553e-14,1.2567245296622523e-14,0.6784288066904992
2242,1.4041324765074338e-13,9.43815808907051e-14,8.027538894491144e-14,0.7081793340155855
2243,1.0048230006612705e-13,1.423816267127232e-13,5.5106531020318303e-14,0.6767910633818246
2244,7.48082365975713e-14,1.383876215180459e-13,4.520663839292281e-14,0.6617553841439076
2245,2.9765122732476723e-13,3.3138380128925895e-13,2.380875429598146e-13,0.7056227250955999
2246,8.16139127245621e-14,1.0924778785165185e-13,6.74615583383662e-14,0.7087136016227304
2247,3.855891720633981e-13,4.333383882000611e-13,3.102821129537451e-13,0.7183254611678421
2248,1.5219113941382895e-12,2.585203483337539e-12,9.87000959497909e-13,0.6787563818856143
2249,5.93995914367042e-13,2.1366071721709504e-11,7.840659909174681e-13,0.6168860848003532
2250,1.9811415006220227e-13,1.391544718050287e-13,1.1562641029971869e-13,0.7296893226215616
2251,3.1384373675257516e-14,2.4145794270004384e-14,2.1883188516709365e-14,0.684310313523747
2252,5.224651544551874e-13,6.26439403736456e-13,3.7354892804873666e-13,0.7282823178917169
2253,2.517676543054733e-12,1.885055294417649e-12,1.57012468253333e-12,0.739673012541607
2254,1.118228055451942e-13,1.1023285726261914e-13,2.887784878979002e-14,0.7203257348388433
2255,7.899063130951419e-14,3.919544820388361e-14,6.025111495903608e-14,0.6944624649360776
2256,3.3349410126609635e-14,2.7312073032832948e-14,2.1004038128141414e-14,0.6845288868644275
2257,3.41188859452226e-14,4.6077649200956924e-14,1.4743036546916983e-14,0.7139208756387234
2258,2.354752051223595e-13,1.979007521118524e-13,7.864949369886993e-14,0.6989085938083008
2259,1.0240347235920561e-12,1.1589454324279854e-12,4.1202105240647146e-13,0.7096802425105124
2260,4.676289851737236e-13,6.849034182787138e-13,2.2396021054831728e-13,0.7393081241520122
2261,2.3943788355776063e-13,3.2995449304004537e-13,1.8302271547837516e-13,0.6840898252092302
2262,2.8317062145142737e-14,2.7849928766448575e-14,1.0201466529172811e-14,0.6804929988225922
2263,6.194832672467959e-14,9.075502059666539e-14,1.639469594233038e-14,0.6989082879386842
2264,1.5188211713403584e-13,1.0464331180005797e-13,1.1954775939639918e-13,0.7038191627478227
2265,2.438174275232994e-13,5.77948316211699e-13,2.1589287458837268e-13,0.6625532281235792
2266,1.5785922263999227e-13,3.1756040014678037e-13,1.2576877405344898e-13,0.6699482110328973
2267,3.048743011129729e-14,2.3935543502078814e-14,1.4086544198705035e-14,0.6856405404629186
2268,2.510171997061607e-14,2.6525873317629817e-14,1.0557585180077719e-14,0.6953078984050081
2269,7.416787068370344e-14,1.0025421699522904e-13,3.328836866123893e-14,0.7337396493181586
2270,2.87191766744633e-13,1.909844827648515e-13,1.5107485326591167e-13,0.6938513106899336
2271,1.5196014230159185e-13,9.960287087780632e-14,1.2039569728525037e-13,0.6988480193074793
2272,4.485079880042374e-14,3.3451240085502964e-14,3.638919404698291e-14,0.6990141830174252
2273,1.766156712980952e-13,1.310995782515353e-13,1.3905966815436084e-13,0.7118836041074246
2274,6.9959728942966e-14,1.0164798110681505e-13,7.110965026811974e-14,0.71284545364324
2275,2.5026148353137034e-14,2.1868332163273908e-14,1.5795919660596343e-14,0.6910451726056636
2276,1.7619469278976934e-13,6.706811804388159e-14,6.686207395910241e-14,0.7167278598528355
2277,1.4338207173949662e-13,4.255008353458234e-13,6.263357006387901e-14,0.7026152487611398
2278,4.5540441263195524e-14,2.388210958849333e-14,1.304747918542587e-14,0.6876637078821659
2279,2.4408674928901875e-14,3.759609023494936e-14,9.158388604301384e-15,0.7101966846967116
2280,2.4753423089383022e-14,1.1270238495463514e-14,8.099257433754607e-15,0.6952364080119878
2281,9.029981717782896e-12,7.849487854387672e-12,5.6919242964967305e-12,0.8116286132484675
2282,7.479564564776314e-13,5.760994968407299e-13,5.708509587924824e-13,0.6739540773909539
2283,1.8297366338749103e-13,1.584182598705698e-13,1.2646156876192684e-13,0.7057513425359503
2284,4.928176982554509e-13,3.244261050226141e-13,3.505789038921859e-13,0.7009685118217022
2285,4.82390296303541e-13,8.82291208042375e-13,5.381795789594603e-13,0.7005094199674204
2286,4.533948029133365e-14,4.534691854384566e-14,2.102006946950337e-14,0.6776475298334844
2287,6.424328858989913e-14,7.082382357989043e-14,5.186390188847247e-14,0.6877763041644357
2288,5.922404958901983e-14,1.2056560174109018e-13,5.3567449369237187e-14,0.6493091975222341
2289,1.7847702734924584e-14,1.668201289268535e-14,1.1565298671686932e-14,0.6938170736888424
2290,3.244000359246316e-13,3.262650634460794e-13,2.967964651910937e-13,0.7266642732080072
2291,1.477954921208143e-14,1.7641913632621993e-14,6.1463669564382286e-15,0.6933048023842275
2292,6.784292858013763e-14,4.912434401355905e-14,2.994952886165851e-14,0.6823282366618514
2293,4.299785549969507e-12,1.8142807997732078e-11,3.1280502433328236e-12,0.752033724822104
2294,1.5083284374301763e-13,2.06454973598788e-13,1.2079709213302527e-13,0.6514848269987852
2295,3.1565960909336743e-13,4.564834316347346e-13,3.174644259994013e-13,0.7291961560957134
2296,8.446450494263273e-14,1.0998224917153818e-13,4.3295817793761604e-14,0.691083839465864
2297,8.823991729451103e-14,2.674521673024521e-13,5.728436451914026e-14,0.656578790617641
2298,2.1449349092253352e-13,1.8581461131544473e-13,1.933707082074856e-13,0.7391963057219982
2299,8.526308963568609e-14,9.355321766730216e-14,6.975331369652153e-14,0.6807545733521693
2300,1.647202798275197e-14,1.2563253765183977e-14,1.0365874519567948e-14,0.6940468766726553
2301,2.4730176646704126e-12,2.0172213575057235e-12,2.3617653787341107e-12,0.7182760269846767
2302,1.1990941523613144e-13,1.470869906861517e-13,6.287847549298427e-14,0.6966680661542342
2303,3.3704476922075884e-14,9.185666644073534e-14,1.49281435019989e-14,0.6524760782369412
2304,1.475135706325419e-13,1.6834774047270228e-13,1.6121505297890744e-13,0.7074223203351722
2305,6.141773177452631e-14,1.7496206160197892e-13,4.456944200851933e-14,0.722673746291548
2306,1.9621194287856511e-13,3.6644475000044213e-13,2.198619951906268e-13,0.696916428185068
2307,5.207457457442402e-14,3.590294203394191e-14,3.541335702996147e-14,0.6677256636787205
2308,1.6680323382722958e-14,1.2707637100889866e-14,7.442191922984874e-15,0.6935952783329412
2309,6.122497589512867e-14,5.670828380922442e-14,4.330687968642231e-14,0.683115980727598
2310,3.7824739616563796e-14,6.397899566762819e-14,3.203527863738539e-14,0.6918815113371238
2311,2.0061796975252913e-14,2.1679763407795685e-14,1.4618435903260178e-14,0.6803350674686953
2312,8.473561397060169e-14,6.742084382282651e-14,5.988152020146414e-14,0.6701546120573767
2313,5.253633925684677e-14,2.2499259097067706e-14,2.2956031928939437e-14,0.6890700813266448
2314,5.6470374115024105e-14,7.776603178037884e-14,4.221565822917699e-14,0.6765062603168189
2315,2.308242833182832e-13,1.775058023943308e-13,1.435424517674606e-13,0.6555318881873973
2316,5.2927188993402563e-14,8.26337844524191e-14,3.148390236681377e-14,0.7172041616635397
2317,9.780902690490572e-11,9.025497660181757e-10,6.726334243178607e-11,0.6696695444872602
2318,2.160789172124343e-13,5.215229580848143e-13,6.893651129889382e-14,0.7102713597472757
2319,1.0686925653151577e-13,6.574637574954442e-14,6.010081907290644e-14,0.6803300420287997
2320,1.476883108848978e-13,3.3660234705526574e-13,1.0256774138565464e-13,0.6769595912774093
2321,9.112111380220166e-14,8.665949551170681e-14,7.037896862704343e-14,0.7049060580553487
2322,3.998563324839986e-14,2.4882443424769673e-14,2.6427761986022473e-14,0.6906589975347742
2323,4.779913992038309e-14,1.3471808345340678e-13,3.1028495218093485e-14,0.672137695515994
2324,5.559138496701727e-14,3.2618879333530805e-14,3.767620660858802e-14,0.7231667626881972
2325,1.8297415480454997e-13,1.6978684412360424e-13,1.0376927400246287e-13,0.7207294079940766
2326,1.027725453831658e-12,6.940275794878963e-13,7.487347677989835e-13,0.7270879042800515
2327,1.2533794986782324e-13,2.1669945938051884e-13,8.775825252575802e-14,0.6876882380223833
2328,1.830128833892552e-13,2.531216322562254e-13,1.56012927703429e-13,0.6515007360372692
2329,4.4173998670615545e-11,1.1276872636039109e-11,1.794704934054564e-11,0.7785497678443789
2330,2.1312649985572304e-14,4.999591647070719e-14,1.8572948871418878e-14,0.6736339503549971
2331,1.039773845612557e-13,1.385793715103291e-13,9.338170677596873e-14,0.6838655371102504
2332,4.3469121686733026e-14,3.441308107772271e-14,2.2396043126021183e-14,0.6923039413522929
2333,2.87234690098808e-14,7.812982677888386e-15,1.4207475838762596e-14,0.6949115698225796
2334,3.1806416829444947e-14,2.7701213272242387e-14,1.4024529812029438e-14,0.6887152813607826
2335,7.652621579394308e-13,1.3527463522424927e-12,6.974897104090111e-13,0.6899349273880944
2336,2.741078388617312e-12,1.1265971255398567e-12,1.6789388875735404e-12,0.6950752547476441
2337,1.821442603011329e-13,9.724920550633355e-13,2.0615760030788128e-13,0.7013858672929928
2338,1.1104980818423073e-13,1.23489074274681e-13,1.0464410978964181e-13,0.7014255562098697
2339,7.69805416958975e-14,2.0026520992906967e-13,4.068323162964891e-14,0.669003960408736
2340,8.185020363478595e-14,9.898059223057163e-14,4.617574986135853e-14,0.7173670807154849
2341,1.6618863388571768e-14,2.3494421065837014e-14,5.656130437855258e-15,0.6941790610319003
2342,9.435662499756747e-14,2.3827732859353495e-13,8.38523897795557e-14,0.6720248053432443
2343,9.198327116570747e-14,1.383383436484787e-13,6.046401820393103e-14,0.7077894433634355
2344,8.646539885939423e-14,5.00206250787601e-14,7.376504858197708e-14,0.6927072425372899
2345,8.458114626505591e-13,1.1106749530336663e-12,8.81429802420658e-13,0.6858273448538966
2346,1.2279201201819754e-12,1.9926576599432897e-12,7.45802775097275e-13,0.6809445389546454
2347,2.0448060389088932e-13,2.367829422031576e-13,9.146877147868135e-14,0.7044807225698605
2348,3.05216432997519e-14,2.5113820442191588e-14,1.582325878255628e-14,0.6930727004539221
2349,3.667321427461987e-14,1.7235193699896074e-14,2.005984058363374e-14,0.6831268344423733
2350,3.186919994405121e-14,2.4571780297048222e-14,1.3676119856287786e-14,0.6938838363392279
2351,2.320746379648103e-13,3.302848885628817e-13,1.8115117375729642e-13,0.6503080971888267
2352,2.185663478629044e-13,1.3432876148730607e-13,1.3352027792662466e-13,0.7252780088689178
2353,5.132572605504852e-13,4.791895182402799e-13,4.645576679289521e-13,0.7432837839238345
2354,2.7353518302821174e-13,5.134639606202692e-13,2.4662483446099733e-13,0.7412378441542387
2355,7.57516776084388e-14,1.0713654627431718e-13,4.750033555352748e-14,0.7135987735353411
2356,3.457560185986788e-14,3.4289728353047084e-14,1.7748048335522013e-14,0.706181539525278
2357,1.1131116298004894e-13,2.771772364191572e-13,9.999201323622354e-14,0.6717641723807901
2358,7.984947745652508e-14,1.0355960764194694e-13,5.1860223321543785e-14,0.6964391655288636
2359,5.601965485624399e-14,6.842317283471696e-14,2.715923850292266e-14,0.6686032569385134
2360,6.581279963076207e-14,8.0011112610812e-14,1.2808501151074475e-14,0.6950350332073867
2361,2.36402915127182e-14,3.2308820688678304e-14,1.444978270227914e-14,0.6966845147544518
2362,6.322220636270011e-14,6.031603560399133e-14,5.276643510816064e-14,0.7141923427581787
2363,1.7880323813508417e-14,1.7919817898492558e-14,7.998743209128427e-15,0.6945724067743868
2364,3.2905147500428056e-14,6.799909470729798e-14,2.3492807643130773e-14,0.6915095960954204
2365,5.832335407613641e-14,5.897350959836083e-14,3.1414476882970803e-14,0.6922946193721146
2366,4.485726287418368e-14,5.244506987489261e-14,3.5882399148820955e-14,0.6749937290442176
2367,1.5904909667054533e-12,3.98177347617438e-11,2.531627281287816e-12,0.6130587463674602
2368,7.546072846219953e-13,7.659773283770365e-13,4.880582741815148e-13,0.7561321879271418
2369,5.394493801768413e-14,1.8644219691943684e-12,7.791185114062306e-14,0.6272764862747863
2370,6.970137468891309e-14,9.11141537868581e-14,5.265601372846595e-14,0.739447026560083
2371,2.3440557578425645e-14,1.8716741467533967e-14,1.664696834116355e-14,0.6950020721647888
2372,7.351325844442234e-13,1.6740492573461901e-12,8.139308565665547e-13,0.7023585315560922
2373,1.1727501028889284e-13,4.2103686341358484e-13,8.876019578888052e-14,0.6689833567012101
2374,6.940645371401111e-14,1.3934741552051852e-13,3.995225240864597e-14,0.6555601309286431
2375,1.882955247897289e-12,1.4170424486462442e-12,8.544366459827443e-13,0.715713297855109
2376,3.1990160928717456e-14,4.543819099128681e-14,2.570488935968432e-14,0.6874446673551574
2377,2.9003376215957653e-14,4.451558806156428e-14,1.037790731292292e-14,0.6944688321556896
2378,1.685105527527397e-13,2.3293491085794713e-13,1.9934392292889641e-13,0.6891720232088119
2379,1.0013445794324161e-13,2.938497947719774e-13,6.746290902736327e-14,0.6663934656069614
2380,1.70160797934568e-14,3.3807963663308243e-14,9.244072337405633e-15,0.6565616327337921
2381,2.5315943426899994e-14,2.2014633274274105e-14,1.7328974016908977e-14,0.6937817209167406
2382,6.888768420247579e-14,1.0087998497873214e-13,2.9123545745254706e-14,0.7133332963334397
2383,4.751229131220683e-13,5.689531680843535e-13,3.393085087396035e-13,0.7321103780530394
2384,3.982966287188587e-14,5.022999466166501e-14,3.959283039557986e-14,0.6681635020300746
2385,6.468345574336241e-14,8.730613921994307e-14,3.7865014091535496e-14,0.6821215751697309
2386,1.138970242827253e-13,6.816940694181702e-14,6.731172599056727e-14,0.706815408798866
2387,3.677505682941588e-13,9.115908599693498e-13,1.9596100194678962e-13,0.7080528425751254
2388,5.920676847936922e-14,4.521770683038444e-14,2.6688312231745614e-14,0.681308724405244
2389,3.472603531121413e-14,3.6980553427285864e-14,2.898793566319974e-14,0.6950128354365006
2390,3.6123357807662923e-13,3.588257400090587e-13,2.906818216307252e-13,0.7170974291861058
2391,1.3445875111083337e-12,1.6484192753220067e-12,6.907539767451529e-13,0.7541573527734726
2392,3.5351358686436004e-14,3.6963225897344054e-14,2.1807954841865075e-14,0.6757253762567416
2393,1.293445418647961e-13,1.5916689973450824e-13,1.1352213135947911e-13,0.710221296409145
2394,2.074837295508697e-14,2.4216631718131486e-14,1.1407756616082946e-14,0.6920034779235721
2395,1.0124597347198513e-13,1.6532910311128066e-13,6.594417924718219e-14,0.6700489591574297
2396,4.048697915336456e-14,3.1722164410054806e-14,1.6359218353019844e-14,0.6943252705037594
2397,1.867171302525156e-12,2.8486890682246055e-12,8.854478254492367e-13,0.7233856807462871
2398,1.8255861938583256e-13,2.745712234814031e-13,1.3306569045310392e-13,0.7260366769507527
2399,2.0929373143975053e-13,2.571494506606074e-13,8.107091004826967e-14,0.715748630091548
2400,1.3879949113149326e-13,8.129901388614608e-12,1.6580201611327778e-13,0.6309861247369554
2401,4.717276209601518e-14,1.0186058314139314e-14,2.529415105011205e-14,0.6852368044201285
2402,1.341190261568219e-13,1.6054139201711628e-13,7.002927631322838e-14,0.6760680639417842
2403,4.413556686980499e-14,4.1201542169172197e-14,1.530562076220781e-14,0.7026005440391601
2404,3.1199148762247783e-13,4.165547134772474e-13,1.9140342533179016e-13,0.6869413674459792
2405,1.8799641268835588e-13,1.0390751562083497e-13,1.3855292266157356e-13,0.6868169547058642
2406,2.2817344572666944e-14,1.7712927933909736e-14,9.85026375037093e-15,0.6797562403022311
2407,1.8403583225105277e-11,2.1476133649802605e-10,1.601617537244822e-11,0.6656247539678588
2408,1.1990189360668968e-13,6.843678691136037e-14,2.770208454775617e-14,0.7181906198617071
2409,1.7038737983695051e-13,1.1576453458554086e-13,1.285234566047252e-13,0.7032971488544717
2410,1.2026836580644507e-13,1.861224578779973e-13,7.868946484241464e-14,0.7024694696301594
2411,1.5720189123069697e-14,1.555163122164445e-14,5.484859227910089e-15,0.6939805630827323
2412,5.693879391343957e-13,6.240790820305847e-13,3.2141772835557565e-13,0.7166536930482834
2413,6.48159379822585e-14,1.0229072081943955e-13,3.948993975978429e-14,0.7127882776549086
2414,4.0888680492423746e-14,8.007621721174181e-14,1.0352371013468978e-14,0.6926558819133788
2415,5.771582018138753e-14,3.597753051878018e-14,2.114495201764991e-14,0.7069451051764191
2416,4.962880868510976e-13,7.059718903149624e-13,4.44639530502676e-13,0.745415058452636
2417,2.1919322187193506e-11,1.855999941155042e-11,1.0930994012303027e-11,0.7456363260280341
2418,3.6367353787405574e-14,1.2034844048330515e-13,2.087505424228528e-14,0.6675038979505189
2419,1.2297082126530675e-13,7.417601813546032e-14,5.704272587775212e-14,0.6964032373623923
2420,2.19125421920595e-14,1.9712142594940642e-14,1.3784983506141263e-14,0.6912090248893946
2421,1.1947449737346226e-13,2.1387647369718334e-13,4.971489026800429e-14,0.7433662635739893
2422,3.172998456295841e-14,1.6040466063454657e-14,2.0674289295135293e-14,0.6938451021676884
2423,3.3417103443221924e-14,9.735009881418497e-14,1.0782692929428423e-14,0.6693231738405302
2424,2.3595493259330263e-13,5.237018392704156e-13,1.965450393092899e-13,0.6544783812132664
2425,8.771647428193795e-14,1.4163413375656166e-13,9.448646255129781e-14,0.7047479434404522
2426,5.0495918514519173e-14,6.21490982679696e-14,2.48773480175958e-14,0.6834092406905257
2427,4.148524394738758e-14,3.2918894477449875e-14,2.9983963315570914e-14,0.699823927693069
2428,4.566267118503924e-12,5.095157296260548e-12,3.2449767730343526e-12,0.727314634528011
2429,2.0044301307074422e-13,3.8432388097067477e-13,2.1832089368129545e-13,0.6800305528216996
2430,2.60501303810927e-13,1.75744827359232e-13,1.934153291728533e-13,0.6596279825782403
2431,3.926190214085926e-13,7.838281397520531e-13,2.1594739047070528e-13,0.6761067600222305
2432,1.3218051181006563e-13,1.5585866059227865e-13,8.731159409128506e-14,0.7169200150994584
2433,1.6373449645507422e-13,1.472218654834325e-11,5.575606694907834e-13,0.6046952478762251
2434,9.146487765409627e-14,9.516294801569901e-14,6.902534211688792e-14,0.65487200046191
2435,3.784027555971843e-14,6.618642210706965e-14,3.1775777596444264e-14,0.6645656428881921
2436,2.025904998381898e-14,1.8828208473094404e-14,9.384104265530863e-15,0.6748719552531839
2437,2.651386568574902e-13,4.274083560541383e-12,2.4440639589581526e-13,0.6227859424659983
2438,7.368703721325429e-13,7.354578652957363e-13,6.897967912756627e-13,0.7072049708571285
2439,1.3570255600353378e-13,1.9560390630911598e-13,8.876899756017621e-14,0.6607629853533581
2440,5.447855149911202e-13,9.670144077336674e-13,4.0146344237045424e-13,0.6782825456582942
2441,1.0200258776046007e-13,1.0226242435118698e-13,3.62267160448892e-14,0.7086223035817966
2442,7.460278949278225e-14,1.2620702189088283e-13,6.369361509885943e-14,0.7005056649213657
2443,2.0084785146381355e-13,4.2478413343313506e-13,1.0862099004353889e-13,0.6739113897667266
2444,5.2834482180474785e-14,4.546218118966178e-14,4.127916117380062e-14,0.7043727583251893
2445,4.59705298028473e-13,6.194166978969363e-13,2.5117415508967154e-13,0.7356613927520812
2446,6.865998621503143e-14,1.2669351730134755e-13,5.513734770054828e-14,0.6982303467113524
2447,1.5142655642022176e-14,3.2408609473320376e-14,1.1155274957836295e-14,0.6916195422178134
2448,1.3874020263680355e-14,4.8396503336207374e-14,6.7504200731310344e-15,0.6646390071604401
2449,1.3142263716886017e-13,2.968406592019162e-13,1.4560093592395776e-13,0.6850524854497053
2450,5.344790794609943e-13,2.4435956127839215e-13,2.613207959682595e-13,0.7093272065976635
2451,9.314967945096035e-14,8.508766601172334e-14,7.391036380743132e-14,0.7115416401298716
2452,5.323596820069484e-14,3.2730480397611643e-14,2.6296656938263782e-14,0.7018961827503517
2453,4.437308168893861e-14,4.5973560916676764e-14,2.5221540259976822e-14,0.6891551843378693
2454,2.310900344316206e-13,1.7968099179307095e-13,1.5700370962384844e-13,0.688331925845705
2455,1.526082766186555e-13,7.230505040329314e-14,1.1923142549719222e-13,0.6753897504298948
2456,3.7032956397865366e-14,2.2348488512181995e-14,2.155772569740571e-14,0.6940595506224781
2457,5.706806328316816e-14,2.1893985218036337e-14,1.5974846717372628e-14,0.6951439374126493
2458,3.036821577554631e-14,2.985500660838505e-14,2.090336217246985e-14,0.6757345855468884
2459,6.088845956192736e-13,3.294806237265423e-13,4.3197423584959535e-13,0.7012365390080959
2460,2.07969248466268e-12,1.8443457628214266e-12,1.4175452845414493e-12,0.744390142057091
2461,9.850483270844093e-14,7.90730343215923e-14,3.9628586722655993e-14,0.7211817768402398
2462,6.879014038053011e-14,5.4248708533921005e-14,1.9613822580076536e-14,0.7041413838043808
2463,4.031784378092621e-13,3.0018650289056504e-13,1.6695244160126516e-13,0.7216901780804619
2464,2.76746713837441e-12,6.551299909728111e-12,1.5674066415146173e-12,0.6736417345935479
2465,2.7619262424937394e-13,2.625219324536199e-13,1.538574848828209e-13,0.6700650047976524
2466,1.1252244215963895e-13,1.1705001238277635e-13,6.594429258212567e-14,0.6882909320876933
2467,6.533360439123787e-14,5.777093516412802e-14,3.8768890406638605e-14,0.6642464040662162
2468,3.21507743291374e-13,2.34324756175319e-13,2.5780357963171203e-13,0.6914180437335744
2469,6.08716714793237e-13,1.2172926008503183e-12,5.158541460946448e-13,0.6671568777994252
2470,4.6020587609486656e-14,4.2962271444895685e-14,2.19908167931273e-14,0.6988358568167314
2471,2.851054929056362e-14,2.9091034394074704e-14,1.8428618273326508e-14,0.6818684148951434
2472,2.3111342083446972e-14,2.0750325619773854e-14,8.879066567036169e-15,0.6941071285167709
2473,3.0564244099125784e-13,1.84195263365153e-12,2.2487558011820894e-13,0.709974505752325
2474,3.094772521451746e-14,2.587744316891772e-14,1.7734873497289178e-14,0.6903348655207082
2475,3.977907751089173e-13,2.3508047515524835e-13,2.3527870353132586e-13,0.7416706265415997
2476,2.2490302469537308e-12,1.5891176124403558e-12,1.6090443058187457e-12,0.7532298918813467
2477,3.9348612707448114e-14,4.540090097070127e-14,2.7750485415614472e-14,0.6829464102396742
2478,2.9874413774843475e-13,4.85122493853751e-13,2.479237735129753e-13,0.7218800110276788
2479,3.5327917013713e-14,6.575425385324546e-14,2.4848691111959742e-14,0.7070858254097402
2480,5.186505139385429e-14,4.039349444404783e-14,3.6344733128152094e-14,0.6700644109630958
2481,3.196616315950257e-13,5.719513635226004e-13,2.578065827747836e-13,0.7158881324110553
2482,4.771936195094641e-14,8.71588135544586e-14,2.8927511857038925e-14,0.6701289343065582
2483,3.262785337670808e-13,6.389984466220649e-13,2.427592489983337e-13,0.7086406109156087
2484,8.659765565811495e-14,8.60126544413948e-14,4.293007350206753e-14,0.7209351765923202
2485,7.516255471901028e-14,1.3892277835530807e-13,6.531774085534434e-14,0.6498517227475531
2486,3.218805361631479e-14,3.8783985807229085e-14,2.3522466862149294e-14,0.6859542291611433
2487,1.8814736975222875e-13,2.91391157328707e-13,1.9553026755102104e-13,0.7043002231745049
2488,4.981317292363836e-14,1.0068176876752732e-13,3.165667227984517e-14,0.6958870618371293
2489,6.426164887273677e-11,6.408012519770418e-11,3.895415458845941e-11,0.7621339723933488
2490,2.5375913926982317e-14,2.993069128881915e-14,1.794139935463699e-14,0.6890479824272916
2491,2.8283993683988567e-14,2.5491262286243203e-14,2.3955024247466053e-14,0.6934486185666173
2492,1.025719634364186e-13,5.50041034736549e-14,7.650705564083527e-14,0.6946888588136062
2493,1.0187718405445607e-14,1.0299863144530561e-14,3.4733742145874572e-15,0.6938484409358352
2494,5.75754871429204e-14,1.1063367242578357e-13,3.551024799454497e-14,0.6564620882621967
2495,3.3028335646044747e-14,5.962867798982308e-14,1.84962282886342e-14,0.6783498533302919
2496,8.434006366199905e-14,1.0415671478100488e-13,5.309308453040189e-14,0.6532634975970723
2497,2.82203027426744e-12,2.052533063913102e-12,1.0531218036985431e-12,0.7414602969773114
2498,3.991725410963685e-14,1.7638872525180057e-14,2.4220005894125292e-14,0.6967405278701335
2499,2.288023707908757e-13,1.5097974593432687e-13,1.7151370070999037e-13,0.7201158749870956
2500,2.0800140612668239e-13,2.6889973277670863e-13,9.626210560560481e-14,0.7208549834089354
2501,5.851743990752906e-14,6.542452181529459e-14,4.446641094623014e-14,0.6809741981211118
2502,1.6395804151255977e-13,1.6810488200316363e-13,7.810936548983785e-14,0.7156892508966848
2503,3.2405599453873376e-12,9.508655318078215e-12,2.1846584340300658e-12,0.7228594391373917
2504,1.0320867522379005e-13,8.726109543372689e-14,8.96735961012829e-14,0.6699812994454988
2505,4.5449191876497443e-13,6.498583711645304e-13,3.597292824216853e-13,0.7273621839936822
2506,3.383195114866473e-14,2.470662652071688e-14,2.3650514431287796e-14,0.6930423708632588
2507,3.575189314604094e-14,3.8499741426810444e-14,1.6103330855255133e-14,0.6817098954110407
2508,1.0957867692567893e-13,1.7936273946896122e-13,5.624280136591381e-14,0.692899465165101
2509,8.469247250971894e-14,9.297202137854666e-14,4.9131148414453834e-14,0.6573527986765839
2510,2.6298567973587644e-13,3.2442001438157064e-13,1.7053448271513868e-13,0.6753584374906495
2511,5.0957537699296055e-14,8.62132613733951e-14,2.240955429490218e-14,0.678432319976855
2512,1.392122281630996e-13,2.491335798290406e-13,7.088545920799671e-14,0.6754893152508885
2513,4.7687111414197205e-14,9.242590639007837e-14,2.0760166537563625e-14,0.6759447818738409
2514,8.504709691057816e-14,1.1186004351710456e-13,5.621980653288103e-14,0.6652609365060925
2515,1.1974552310567308e-13,7.00809931749744e-14,9.726725418981872e-14,0.6678764879819937
2516,1.5266027211024951e-13,1.0300686622935321e-13,1.27883961213527e-13,0.6951982996659354
2517,2.8331551053130183e-11,1.71887505461305e-11,2.1230534177565365e-11,0.7909630401059985
2518,5.599138495919645e-13,8.18159122421325e-13,5.099027989469081e-13,0.746207399154082
2519,6.454972971814046e-14,3.749729082894604e-14,3.702849908059049e-14,0.6864677128964104
2520,6.583634463283769e-14,7.33482122365867e-14,4.650881858519223e-14,0.6472312542027794
2521,1.1850595263325903e-13,3.695367109625599e-13,9.09890220512088e-14,0.6419231937034056
2522,6.850209222822521e-14,9.7379636056091e-14,2.6434267211870557e-14,0.6995261711301282
2523,3.2067888517583597e-14,5.34463114863299e-14,2.320813495862181e-14,0.6675607665325515
2524,1.7932383504272997e-13,2.2265366023465061e-13,7.894057346908506e-14,0.746438093855977
2525,2.2705031591281e-14,3.9430824877487994e-14,1.3921039031072104e-14,0.673710536933504
2526,3.714222871777858e-14,9.218341999908877e-14,2.5549777329070845e-14,0.688776161626447
2527,3.8834109201107295e-13,1.0167630144476445e-12,2.4526065006960134e-13,0.6503759153070859
2528,1.937800559945553e-13,2.796552347433314e-13,1.1811826588295778e-13,0.7583382351323962
2529,1.6425720849804156e-13,2.2185056404097978e-13,5.2439455015843614e-14,0.7409502923954279
2530,1.2377381319932844e-13,9.417250251125817e-14,5.1604342505340134e-14,0.7199346090201288
2531,1.6891014281103091e-12,1.6539292910357817e-12,8.9640885610466e-13,0.7491025894880294
2532,6.745055954329431e-14,2.928209773974528e-14,3.577437856326158e-14,0.6941678682109341
2533,1.539205048516109e-13,7.310129452646038e-14,1.1569037221858043e-13,0.6713171978131868
2534,2.1591883173098102e-13,2.302145019597431e-13,1.7085956757451192e-13,0.7242761555826291
2535,5.695128162128603e-14,5.1599123189050077e-14,3.97689124674907e-14,0.6962929241359234
2536,3.1399420748836143e-13,9.42955814007825e-13,3.01296618441809e-13,0.6627946883090772
2537,5.647097997793062e-14,6.662717585030649e-14,4.4543699512907076e-14,0.6961186978500337
2538,8.163059679234176e-14,6.326923256830764e-14,4.720449249538335e-14,0.7021358603378758
2539,2.7033584179298383e-13,3.644842727855041e-13,2.025533476386405e-13,0.7009093925589696
2540,5.345923150354096e-14,1.2653993530256852e-13,3.9202076103626445e-14,0.7005812603747472
2541,4.538874024735122e-14,2.9289204542995446e-14,2.3710560898008234e-14,0.7073198958532885
2542,7.117120052574659e-13,5.160237078940267e-13,5.805735197756011e-13,0.6744819464161992
2543,2.978469891991669e-14,3.852906518160019e-14,2.0639777041330326e-14,0.6862717706011608
2544,5.558151938471865e-13,5.376221692701222e-13,4.76745249693317e-13,0.7307897313032299
2545,1.9045249150248493e-13,3.2490654860859603e-13,1.550587564006973e-13,0.6908695662743412
2546,3.552326398764666e-13,2.6259215709425473e-12,1.78245757660925e-13,0.6248306735069491
2547,6.926887269918116e-14,1.1876980175523835e-13,3.5841909995364097e-14,0.6777477719704621
2548,1.292075521799579e-13,1.6664385779151455e-13,1.1222857408023712e-13,0.7000303665874525
2549,1.288479573060287e-13,1.41540116480883e-13,6.591377140515797e-14,0.6654084135196172
2550,3.481013686953072e-14,2.134789606385933e-14,1.8269043319932508e-14,0.693832632433623
2551,1.3461763992357837e-13,8.908364203935923e-14,7.863118393975568e-14,0.6998257382540032
2552,7.342402617940335e-14,9.981697899815926e-14,6.629703452177788e-14,0.6839885155903176
2553,5.596512611855039e-14,3.863386706511418e-14,2.3452434283741114e-14,0.6523398181889206
2554,5.6062525262300955e-14,1.2366612471758929e-13,4.1703289744515875e-14,0.6751833045738749
2555,9.539393256848628e-13,1.0575651323823153e-12,5.716211324097397e-13,0.7343304485082627
2556,1.431714732864975e-13,1.1579253922132171e-13,1.2593722142436948e-13,0.6846415319712833
2557,3.925542560653795e-14,5.351937649861554e-14,4.031205903674317e-14,0.6556287844199687
2558,8.54599726802674e-14,3.848634264201009e-14,4.623649555353162e-14,0.6938969498267398
2559,1.3782578956124904e-14,1.0116957988888182e-14,8.79315862718386e-15,0.69409523406066
2560,2.152858909183775e-13,2.1492452041513978e-12,1.9768315788426466e-13,0.6316877195669803
2561,4.2221661342361745e-14,2.7731832415787363e-14,3.611734246647933e-14,0.691272171237506
2562,8.210520828465501e-13,2.2535999654278175e-12,5.930623338801627e-13,0.7260083795525134
2563,3.683580095943784e-11,3.038357303769556e-11,2.6694172578334145e-11,0.7726683636195958
2564,1.372139002559882e-13,2.153673462126721e-13,1.295532966280541e-13,0.6919385367771611
2565,3.7083761157398074e-13,3.9762247206267553e-13,2.1996646419549995e-13,0.7578298908192664
2566,1.3450387985674767e-14,1.0898596573675792e-14,2.995189658449983e-15,0.6947154559427873
2567,1.3836772871532365e-13,2.378120638587449e-13,1.0272622716538924e-13,0.6977699212962761
2568,1.0320741372349929e-13,1.3290702482510728e-13,5.54229250382066e-14,0.7318761065136641
2569,8.900017835265043e-14,7.158378168687758e-14,6.784864344071581e-14,0.6876144464593381
2570,6.275227699762709e-14,1.3880110269499776e-13,5.2110285916365974e-14,0.675269111956004
2571,5.1242506558361745e-14,5.863196225294683e-14,2.883807990595338e-14,0.7153052630834281
2572,2.662252522836307e-14,2.256850871454535e-14,2.114182818398959e-14,0.6805108690285124
2573,1.2155383981819835e-13,1.452758817651911e-13,6.05835240423554e-14,0.7059100050246343
2574,2.3288695466819348e-14,3.1908381434199576e-14,1.55539568530366e-14,0.6884514709934593
2575,2.34363960910653e-14,9.18448009068591e-14,1.641887408745286e-14,0.677938104129862
2576,5.940932074217371e-14,7.468903476624882e-14,1.8633399378253224e-14,0.6968753286870196
2577,2.0385246956023752e-14,1.0118341409068288e-14,1.325499431177941e-14,0.6944727513939142
2578,1.6579890382549123e-13,3.1694420372026324e-13,8.154508975618355e-14,0.6760531564475969
2579,4.400438713734776e-12,7.992704576063799e-12,4.458667947792178e-12,0.7658769326750189
2580,7.109059112380216e-14,9.855662686039958e-14,6.058450325709306e-14,0.6950525787193328
2581,8.046072197631986e-14,6.332463074507102e-14,6.78959850235319e-14,0.6799485142808408
2582,8.868164796211486e-14,9.079243361439521e-14,4.587405086584392e-14,0.7258928903378546
2583,5.729155592219975e-14,1.646992870025503e-13,2.801100326957908e-14,0.6662427191738971
2584,6.611753716541625e-14,8.465580713551739e-14,6.403973914072261e-14,0.7079674961045385
2585,6.769881373564028e-14,1.8774391218099508e-13,3.904105032364431e-14,0.6705295461695642
2586,4.2333713033057786e-14,1.2981374189395927e-13,3.298493075690708e-14,0.670683585642837
2587,3.2309698246300833e-12,6.5185885511211585e-12,2.515099927912208e-12,0.6701696453499608
2588,1.0474342307749246e-13,1.0827628016917358e-13,7.043325831848568e-14,0.6945345704210922
2589,5.912923996062966e-14,8.562038668090087e-14,4.0155742976946707e-14,0.7250301288440824
2590,9.695819053048113e-13,1.1866193542106388e-12,4.03816043509847e-13,0.7611856803297996
2591,3.307374272178975e-13,2.0796837378175427e-13,2.1420416486796805e-13,0.7466179889626801
2592,3.753223315161879e-14,1.983937092883853e-14,2.9156227862641384e-14,0.6919609239324928
2593,5.035281753590566e-14,7.934648289526051e-14,2.538586582864795e-14,0.7186541330534965
2594,9.524185349440134e-14,1.4419720959912872e-13,7.008164730514395e-14,0.6910881991731003
2595,3.5863405173489196e-13,1.0566836241368998e-12,4.3804478282585005e-13,0.7564801650587469
2596,3.830117773357199e-14,4.3347534251845695e-14,3.508924216044031e-14,0.6821898797294125
2597,1.2526268904828675e-13,1.339500140884396e-13,9.599217351158387e-14,0.6693174530169926
2598,1.0363635302982017e-13,1.597576696069028e-13,1.1086777788587431e-13,0.7093935761135072
2599,1.5932870302563036e-13,1.8120300904146122e-13,1.449810529944302e-13,0.644281134288758
2600,2.9480648558511603e-14,3.2769490257366974e-14,2.14888855253437e-14,0.7003957824083045
2601,4.564154955051907e-14,2.930358819497067e-14,2.567404202700771e-14,0.6548940427019261
2602,2.3398093706647633e-12,2.1776863787768947e-12,1.8151331206115457e-12,0.7678778056055308
2603,5.758070541132867e-14,8.608247354801074e-14,2.94581269665909e-14,0.6827178837964312
2604,1.2254053766832558e-13,2.7671043433385997e-13,8.01565345235304e-14,0.6711135755991563
2605,2.7716441313144463e-13,7.089283646719299e-13,4.680627278308843e-13,0.727714543393813
2606,6.901295514557055e-14,2.214677551895499e-13,4.410651853044583e-14,0.6654317674576304
2607,1.1791730538387253e-13,1.340907831702944e-13,8.761769945182122e-14,0.7375157898291945
2608,4.821467411751103e-14,4.669647907674876e-14,2.1730462968305296e-14,0.6939205048140138
2609,4.936392443009423e-14,1.4533300172912554e-13,2.998186791344552e-14,0.6627237391890958
2610,5.416331176639096e-14,8.515480827015492e-14,2.777784598621839e-14,0.6963764402084053
2611,3.542602528081494e-14,4.547396028142178e-14,2.805955706822238e-14,0.6779068896663375
2612,9.419568632547782e-14,1.0798229344641946e-13,6.218466320994798e-14,0.6945310973795131
2613,5.440742030354081e-14,5.410335026333972e-14,3.1014195660104354e-14,0.6767313777003438
2614,1.3692952426246362e-12,2.8089137467336077e-12,9.00109993655332e-13,0.770626683300361
2615,3.477792163541563e-14,2.030769319003175e-14,2.18709792353491e-14,0.6966466755839065
2616,4.191584801037188e-12,2.5418264729878356e-11,5.433339773356988e-12,0.6340257928706705
2617,2.378840616095614e-13,2.0218504826615943e-13,1.7018531699798055e-13,0.6442747365217656
2618,1.300894494949731e-13,7.928927992582333e-14,8.668605338170498e-14,0.743491011345759
2619,9.819298854514521e-14,2.927823117467964e-14,3.6486178585498494e-14,0.6864881999092176
2620,6.931965819242704e-14,9.045447745029189e-14,2.916581841856456e-14,0.6926752958679572
2621,1.8607718381367015e-13,1.63189819938968e-13,5.76308071142636e-14,0.6937768227653578
2622,3.4921294803179686e-13,4.558617673404078e-13,2.342734111591765e-13,0.7145169944968075
2623,1.741891290379796e-13,2.9837780413563253e-13,9.583402842545007e-14,0.6856659135315567
2624,6.382769037280383e-14,3.9667674998326907e-14,1.4548689519269304e-14,0.6953227386344224
2625,7.684327231274368e-13,7.011434825106679e-13,5.387105215119963e-13,0.7519385900348425
2626,1.1107946037272033e-13,1.8745555315290195e-13,6.393316864816236e-14,0.7015169916441664
2627,5.2054779420891265e-14,1.9501861270020479e-13,3.830886043313278e-14,0.6473428047145717
2628,9.14079609851619e-14,6.133212361660016e-14,6.729354806165714e-14,0.6961598305497319
2629,1.652594800379155e-13,1.1213132601442009e-13,1.0435640558474342e-13,0.7275561401853338
2630,8.004234557416385e-14,6.793808407235979e-14,4.200771492911292e-14,0.7084419383434579
2631,1.0150033332009476e-13,3.0917591166358774e-13,4.847509039196025e-14,0.6553795310202986
2632,7.80841740194517e-14,4.697924272754876e-14,5.641833183225718e-14,0.6560451576835475
2633,6.24128275655945e-13,4.67039025079291e-13,3.9500426869264113e-13,0.7617599863093346
2634,1.0655388499127344e-13,5.380047368820627e-14,2.7280649156564275e-14,0.6943260653875768
2635,3.9517670186810093e-13,3.160598315810529e-13,3.132129701197154e-13,0.6919634983409196
2636,1.585339450543038e-13,1.3587754290347803e-13,8.447963756626407e-14,0.700456523988396
2637,1.9883470625184256e-13,2.0379076476202552e-13,1.577677058570469e-13,0.6967151947552338
2638,1.254093144538219e-13,6.89037950270588e-14,7.19707487112852e-14,0.7011972620617598
2639,4.0418275923463384e-14,6.659013007843101e-14,2.869825386053484e-14,0.6717893560416996
2640,5.386859470090573e-14,1.3124068876294576e-13,4.592997388570692e-14,0.6613959396374411
2641,1.0846811834587141e-13,1.2220164469876626e-13,6.986419390275871e-14,0.7000540571520105
2642,1.1070476738070411e-13,1.8400110494616952e-13,9.134652456984472e-14,0.6724788599647582
2643,4.207787094212994e-14,4.5557480586812583e-14,1.739566747293205e-14,0.7016780051169917
2644,3.7072831283138216e-14,4.297053013114295e-14,3.158261304441242e-14,0.683310759300366
2645,8.433760096052514e-13,7.211879980875972e-13,7.950501732796936e-13,0.7275655260542407
2646,1.4717888718772405e-13,1.7577623709206082e-13,1.3046885269780983e-13,0.6659272510325536
2647,5.0590003562015686e-14,5.332709522768418e-14,3.751067976907528e-14,0.666713083407376
2648,1.0366078185341281e-13,2.0764031143264074e-13,7.892409164966061e-14,0.6749521121499129
2649,1.7055470783740327e-13,1.6142143160952973e-13,9.250283946071687e-14,0.7305417927913368
2650,8.332441196433928e-14,1.536700081898957e-13,6.82894637332882e-14,0.6938717072596774
2651,2.038850662137527e-14,1.7002646994373103e-14,1.5544755624925106e-14,0.7001350172096863
2652,1.1957980213375966e-13,1.6969415827021601e-13,7.281702822644588e-14,0.6998953142669052
2653,2.1699653133836268e-14,1.2428247970887253e-14,1.3751404169336354e-14,0.6944188018329441
2654,1.8731546136528486e-13,3.4833339571047973e-13,1.1985196944528306e-13,0.6931472349679098
2655,1.9110914058135606e-14,1.483080795112296e-14,1.4185612801297771e-14,0.6938760584453121
2656,1.3377063284185368e-13,8.630901992703213e-14,7.731799732851012e-14,0.6971435165032744
2657,3.675795310337279e-13,5.523878288367308e-13,2.6047687623784174e-13,0.7685180130414665
2658,1.356031750375845e-13,1.4386114061219438e-13,8.103701552816973e-14,0.7305046459659934
2659,6.335651167634289e-12,3.8356717176836756e-10,1.0232981240532157e-11,0.6479946020292118
2660,2.3421066877830105e-13,2.2338833617650006e-13,1.8737934550705252e-13,0.7121977704809979
2661,4.615022813191098e-14,6.196742645839175e-14,2.3434266378816866e-14,0.6834762407117523
2662,1.8124514212653585e-13,5.965193067902229e-13,1.0919094786772245e-13,0.723666088306345
2663,2.1420781941745926e-14,1.238992251764678e-14,1.3177792794953821e-14,0.6950397135689854
2664,8.02747845102258e-14,7.763449267739216e-14,5.022020961100096e-14,0.6659544743364677
2665,3.36973064684816e-14,4.427819139222317e-14,2.727073828026112e-14,0.6841020744876005
2666,2.245580021453411e-13,2.0559063559039933e-13,1.7966120335518287e-13,0.7438770673703402
2667,5.03399607430322e-14,5.0348611659022723e-14,2.949561787158524e-14,0.7096868938067928
2668,1.509184521378535e-13,1.8531745400023118e-13,1.133700323437245e-13,0.7180804509669543
2669,2.3816853752824172e-14,1.3525840867209655e-14,1.3323154265975716e-14,0.6875137059134431
2670,1.5937760312285067e-13,9.539603404107997e-14,8.68307574785314e-14,0.6937472088029608
2671,2.4890702459761497e-14,1.5185168842537666e-14,1.0038200422081255e-14,0.6941154902568087
2672,2.495683310836655e-12,6.900526969999803e-11,3.126081387428111e-12,0.6093007852032315
2673,1.4406339556794526e-13,1.3225795441861234e-13,7.843900770475122e-14,0.6934332830132917
2674,1.7034252111569294e-14,1.4572122866566334e-14,5.856638811045273e-15,0.6945501584559679
2675,1.2801268779352352e-13,3.5369731481183013e-12,2.549411305224323e-13,0.6103641790512484
2676,3.1081064230340513e-13,3.0057390356954413e-13,2.126699524708838e-13,0.7389216393698007
2677,6.7130095322251e-13,6.408999037043547e-13,2.8781268997311493e-13,0.6986237785313278
2678,8.70482955467281e-14,6.405849149760891e-14,7.021280806677064e-14,0.7062205295776949
2679,5.066323727881902e-14,8.248438485474048e-14,2.6348287275663504e-14,0.7027578495675698
2680,9.322645346258742e-13,3.6276107460335524e-12,1.3153182153470691e-12,0.758538256585598
2681,5.996492221495107e-14,8.590111410962346e-14,4.89787667877881e-14,0.6744487608666532
2682,6.286102861055912e-14,7.47294696355002e-14,3.4743812589064545e-14,0.7112734867725521
2683,4.2652205457707296e-14,3.6541067030132365e-14,3.1985930172906975e-14,0.6718318566447123
2684,9.928533149841567e-14,7.924676425280563e-14,5.642873213820514e-14,0.7129729265114293
2685,2.2403369269519097e-14,1.0121763324113183e-13,1.2407156058375903e-14,0.654184575274121
2686,1.1800908798631868e-12,2.2948766668362256e-11,8.297719916774262e-13,0.6536035306751729
2687,7.002082930870963e-14,5.2241949063184113e-14,3.193905786379497e-14,0.6913474973058328
2688,2.0191983756777572e-13,1.0777086140704551e-13,1.2128510190717096e-13,0.7461284615565091
2689,1.0545199002776014e-13,5.001313426627568e-14,5.074487896539879e-14,0.7019147536018864
2690,2.5858463896213362e-14,1.504163604372901e-14,1.831702385133282e-14,0.6946368435397744
2691,8.967966858953137e-14,9.992375127605518e-14,7.851906370234983e-14,0.67764407946961
2692,2.08436622317426e-14,6.932630832063003e-14,9.426834027514097e-15,0.6679960536188446
2693,7.13574529718616e-14,1.7744480363858083e-13,4.8394500643283126e-14,0.6568268241360784
2694,1.6048419998157428e-14,2.0649321404868826e-14,4.402898108655614e-15,0.6948050347855315
2695,2.2235685711944617e-13,5.281820921413272e-13,1.931624368998192e-13,0.7132497928105295
2696,1.551238676566395e-13,2.5455691263001217e-13,8.459801282033354e-14,0.7413326535839587
2697,4.953635291760078e-13,6.166683636781466e-13,4.1076697187745856e-13,0.6749626796692609
2698,2.2392482183348943e-13,2.1092353186613689e-13,1.5853834526213584e-13,0.6838854583213105
2699,4.01579990922847e-14,1.0422592923755316e-13,2.938600903040954e-14,0.6641366735100747
2700,1.2805760926761457e-13,9.150179534147335e-14,9.416293608652228e-14,0.7020664650946855
2701,1.7170753596719419e-13,7.081373101334898e-13,1.4881771565526384e-13,0.6396338712074794
2702,3.616366851267572e-14,3.864850212423222e-14,2.5396268670392123e-14,0.6749876992427744
2703,1.7452903656634403e-13,1.745435013614478e-13,1.2796864550235624e-13,0.6980072051286698
2704,1.1123850450487374e-13,4.331107168313462e-14,5.1720259510063284e-14,0.6998904393287375
2705,2.649748902664573e-14,4.856354497893454e-14,2.0789372808757812e-14,0.6811654118471779
2706,1.2403030690291576e-13,1.365208627369123e-13,7.292228144347643e-14,0.6614355219644494
2707,1.1495686321606725e-13,6.395864746038987e-14,5.072802577274408e-14,0.7122399041894824
2708,9.309707127421242e-14,1.1380313512667279e-13,7.439053646236038e-14,0.6831807046430185
2709,4.0905194779419704e-14,1.061596760599199e-13,2.1571571552508634e-14,0.6716690540546552
2710,1.9654735056124206e-13,2.380536985944899e-13,1.6100658422866863e-13,0.6991121131228283
2711,2.5772886547572602e-14,5.35528874434564e-14,2.0067258630708252e-14,0.6885229279869236
2712,5.953265986371846e-14,9.022140987646316e-14,5.3668804111795866e-14,0.6837658317526802
2713,2.4215443532689058e-14,6.90375461847821e-14,1.5385470322850514e-14,0.6823998600826598
2714,2.823909191607017e-13,3.28330819546091e-13,2.2491271241651716e-13,0.6634840945247561
2715,2.69096546446872e-13,3.1734233155609794e-13,1.791781008881136e-13,0.6957390603842214
2716,4.306211619003566e-14,3.827510502416598e-14,1.7076932812993522e-14,0.656351541588083
2717,4.8181055853052955e-14,4.731464533202342e-14,4.3648347532511356e-14,0.6655946740065701
2718,1.200340868742771e-11,5.497100730998938e-12,6.45561140218189e-12,0.7768639442510903
2719,3.698947820950701e-14,2.9770122382232605e-14,2.5639520776761776e-14,0.6953048766823485
2720,8.685319339154917e-13,9.998759043798214e-13,8.057314167127106e-13,0.7196037887828425
2721,3.931197500354731e-14,1.53181905800543e-14,2.4610518305073925e-14,0.6919416893972083
2722,1.9574766947054577e-13,5.091497557652949e-13,2.3231451059705346e-13,0.6975936035159975
2723,1.0360518130455172e-13,1.353508410062416e-13,6.464650694571348e-14,0.7057008893229068
2724,3.1531967516937844e-13,3.5135444734515464e-13,2.3293416925527834e-13,0.7069066121242941
2725,1.4571120902144154e-13,2.493092836373851e-13,1.1016495035633252e-13,0.6534404984791763
2726,2.2413093673792562e-14,5.4544822123510586e-14,1.3537158296091341e-14,0.6957483803387732
2727,3.12243867547429e-14,6.21399451048558e-14,2.0398642671524622e-14,0.6431142926448956
2728,2.475542678741049e-13,3.591523777272684e-13,1.5111474499603754e-13,0.7280807949835435
2729,2.880922053361815e-13,3.271854491345932e-13,1.6201378267681446e-13,0.6805001001921482
2730,4.286203456736625e-14,2.4115629808857286e-14,2.975327336800709e-14,0.6894056282239035
2731,2.5892880706128864e-13,2.470039022523721e-13,1.905268619941345e-13,0.671342192881275
2732,2.8803311533849124e-13,4.112950028865881e-13,2.214652250746494e-13,0.7538038261700422
2733,1.4823405344640393e-13,2.0854991534602065e-13,1.1375882966958715e-13,0.6841538141714409
2734,1.2051177283514964e-13,1.1827405125380962e-13,9.604627651172317e-14,0.6944492733338847
2735,3.973996228844752e-14,5.2755327975028945e-14,3.444367651219891e-14,0.6804927663179114
2736,2.73741554647977e-13,2.386897273295214e-13,2.2687891794411643e-13,0.720970501494594
2737,3.5520839350944984e-14,1.2303486383533852e-13,2.2671633454963854e-14,0.6808220147970132
2738,1.1940751934475505e-13,1.5669886377427037e-13,9.303221112140545e-14,0.7095118653262034
2739,1.953855956094811e-12,2.6087094835487814e-12,8.215777610376293e-13,0.7441351635381579
2740,1.0253998240314353e-12,2.458126180815719e-11,1.7766639926985132e-12,0.617041840829188
2741,1.7799272621966795e-12,3.5794862502169184e-12,1.2267614449106919e-12,0.6864176318049431
2742,3.272934060502757e-14,6.050564996197063e-14,2.537133912656263e-14,0.6886465138522908
2743,3.129130760119252e-14,5.995087910874046e-14,2.938430211322115e-14,0.6896627683541737
2744,5.3307917769063777e-14,3.496376894643334e-14,4.148048544663021e-14,0.6984230614034459
2745,1.0076462590239874e-13,1.7268073792257135e-13,5.908013884979358e-14,0.6616242839256301
2746,4.157925425225972e-13,5.843309697593662e-13,4.379150310351257e-13,0.7335280159953982
2747,1.314760400472579e-13,2.163438604279371e-13,1.1159399342702634e-13,0.6550419083680026
2748,9.909075937470052e-13,2.033591475235609e-12,9.876664053721644e-13,0.7739765763282775
2749,2.6708887155563455e-13,3.941137260958249e-13,2.548554597429592e-13,0.7055897765327245
2750,1.1642834514996766e-13,1.0833147685430207e-13,9.834129486663427e-14,0.708954851841554
2751,5.1816968982243464e-14,6.611810550023718e-14,4.225456806862751e-14,0.7136936276918278
2752,8.937914719939445e-14,1.7766529387070347e-13,7.692879314947074e-14,0.6459795563947409
2753,8.569909847129348e-14,1.1418223985589972e-13,7.061540258865985e-14,0.7060992558952421
2754,5.132580035210141e-14,6.077492016536365e-14,3.449134095138715e-14,0.7187148677650839
2755,3.0608812466589605e-14,3.269903346352678e-14,2.090741845290453e-14,0.7039415806299075
2756,1.9218177086687372e-14,9.85780886392414e-15,5.750995255973502e-15,0.69420626682695
2757,9.509808645577767e-13,9.978151332380542e-13,8.781828645956995e-13,0.7265663558617235
2758,1.599471924708063e-13,1.9527684559861152e-13,1.0913335024352671e-13,0.6835467567201704
2759,1.1048266683185044e-13,2.0102395543408313e-13,1.0726112966902479e-13,0.6874021274037659
2760,1.22087510410605e-13,3.493874073045707e-13,9.37247001361549e-14,0.7303935776464641
2761,4.9672827627877423e-14,7.71701630675235e-14,4.3140415428276896e-14,0.6890319221885874
2762,4.541392309239418e-13,9.060577780397352e-13,5.118437177747182e-13,0.7450290660839528
2763,8.986175494723073e-14,2.555576335323349e-12,7.459139588894091e-14,0.6281440638413187
2764,2.0633736328756745e-13,2.687548790844001e-13,1.5623303991852686e-13,0.7131112671690062
2765,7.224837896199109e-13,2.1341874175025043e-12,8.059954533303514e-13,0.689609809324611
2766,1.5910691032062315e-14,8.820660979231414e-14,1.1509741654520704e-14,0.6585685356170871
2767,1.4094564853739741e-13,1.1762944401509254e-13,8.479802710461449e-14,0.7371813736855983
2768,3.2485797582198684e-12,5.579426992060737e-11,5.202307794131394e-12,0.7133171118795871
2769,1.8405216024772603e-14,1.1509025972929971e-13,1.165680931196078e-14,0.6529962965170852
2770,1.030590695877008e-11,2.034419323826132e-11,6.93623582584897e-12,0.7620389404706657
2771,1.1685763728167557e-12,9.878288873014534e-13,1.0280139682141577e-12,0.7306134142447263
2772,1.5680590002875545e-13,1.8659876718579316e-13,1.210367033431809e-13,0.6786596095771529
2773,9.577012175527913e-13,1.4825067676215811e-12,6.755863034929477e-13,0.7571282466873527
2774,3.371162175433567e-13,2.5140068661086774e-13,1.9468621455706685e-13,0.6946546004386619
2775,1.2761979197253231e-14,2.4426107849535807e-14,6.766386745573418e-15,0.6875253440928646
2776,1.5482355669389519e-13,2.5159785684785966e-13,1.2480763753616567e-13,0.6918428836157545
2777,6.323472843062792e-14,6.122768751735048e-14,4.648196890712254e-14,0.6442510691937059
2778,6.834789020649361e-14,2.055426113104124e-12,1.3757784521504278e-13,0.6112814950291068
2779,2.8692127382787337e-14,6.137154276877072e-14,1.657580967022138e-14,0.6721341553842649
2780,1.1287011773543601e-13,1.7108480743962248e-13,5.34622883025333e-14,0.706522524682805
2781,7.194540057366484e-14,1.670708995959916e-13,7.49918762739163e-14,0.690592694201041
2782,3.6771959006239373e-13,3.5549183512906725e-13,3.0202522413901004e-13,0.7153037568554282
2783,4.53526211210531e-14,1.163658066078697e-13,3.055677622894502e-14,0.6914769203751348
2784,3.103064611298963e-14,4.500787922880158e-14,2.2540619812731177e-14,0.6687095441156998
2785,4.314390131876531e-14,5.4029027832957854e-14,3.2000761733626895e-14,0.6969549936475232
2786,6.504542295628367e-14,7.822470238882616e-14,5.715918926738489e-14,0.7033779767807573
2787,5.288821240495361e-13,3.8911701152293203e-13,3.454264289723759e-13,0.7347526187077165
2788,7.245243937713985e-14,6.724469354129508e-14,5.02722424031037e-14,0.7046486436855048
2789,2.3751176465720987e-13,7.229246511123994e-13,1.1052122083451978e-13,0.6532742956187576
2790,2.6521179230828514e-13,2.4001168550519536e-13,1.763376785126833e-13,0.7050063604488969
2791,1.0270058190396042e-13,6.257489544077062e-14,2.3981424047516473e-14,0.7013574263546616
2792,2.3250062292960967e-13,1.22975549628662e-13,1.7006090901032581e-13,0.7155215338105336
2793,2.6310815405000373e-13,1.6013808235797086e-13,2.0578851825630634e-13,0.7089172203559428
2794,4.351418425340497e-14,2.2195276241995327e-13,2.0396938818215277e-14,0.6602906700107269
2795,2.0352889491197539e-13,5.011410923606838e-13,9.076199862357403e-14,0.7029470945242793
2796,6.304484387639962e-13,8.764990324704779e-13,3.309189218195288e-13,0.6943996992660686
2797,5.311993614386354e-14,5.6516376240501865e-14,2.762683208452105e-14,0.6701326535781845
2798,2.0187534946783758e-14,2.149383002970312e-14,9.690647301049558e-15,0.6563019200228155
2799,1.6417584024508134e-13,9.979069132859976e-14,9.896486050267163e-14,0.7005441252375022
2800,1.0147558249766417e-13,1.2586416065928541e-12,5.976334837990904e-14,0.6257024850347079
2801,3.583590301419314e-14,4.144427865300484e-14,1.6213089854912204e-14,0.6945826050126925
2802,1.081161370964447e-12,1.1831021562296387e-12,1.0420843862267629e-12,0.6899322133744136
2803,1.7051860836303167e-12,3.382225308934121e-11,1.1153474878029212e-12,0.6342269183369353
2804,4.3695545704331487e-14,1.602519191782786e-13,4.287441611802434e-14,0.6776337005896493
2805,2.4767963598706204e-14,2.3092275746860237e-14,1.320157577976929e-14,0.6716000312124379
2806,2.238950281447695e-14,4.444829047957803e-14,1.772643210802783e-14,0.6973964858101681
2807,4.5169658301282707e-14,6.017433216589063e-14,3.2601083311812894e-14,0.694537938083522
2808,1.7386282457839104e-14,4.758138145893663e-14,8.50772652759172e-15,0.659243434050586
2809,7.737622486704575e-14,1.836874090903547e-13,5.322576504227326e-14,0.6872815804206767
2810,8.422727553537472e-14,7.552822730603817e-13,6.596571865862995e-14,0.6339966490399093
2811,8.545432385851154e-14,7.501437905335892e-14,3.5968711364190235e-14,0.6949458786984906
2812,3.515439291066834e-10,2.4848738556669407e-10,2.433293408677598e-10,0.7125995304901153
2813,1.5944599030194185e-12,1.850032008399336e-12,1.3445550824823217e-12,0.714952027099207
2814,7.654360197444591e-14,9.197738810365866e-14,4.850712832926543e-14,0.6915354848373682
2815,1.87477754751632e-13,4.4799333848072627e-13,1.1607130507028603e-13,0.6395506686531007
2816,1.0666669957664261e-13,2.464063596078706e-13,7.02009753006682e-14,0.6755657965433783
2817,3.959213224540249e-13,4.1463537864871937e-13,2.564650099703916e-13,0.73868833638262
2818,6.288646667678397e-14,4.068528668749682e-14,4.5887679589071085e-14,0.6840713975019753
2819,2.4449104789683857e-13,5.114817182846496e-13,2.1246066065164934e-13,0.7620004063472152
2820,5.2190037797099727e-14,5.707522131227665e-14,3.983466925357036e-14,0.682679365889635
2821,9.917390211800151e-14,2.6436635406654785e-13,7.531847042155501e-14,0.6544037910061888
2822,5.254670265214367e-14,4.8204640758486166e-14,3.98870802137712e-14,0.694699352607131
2823,1.1131472190334247e-13,1.1833250840577934e-13,9.943210395434561e-14,0.7055570116499439
2824,1.044656104712169e-13,9.68735694109338e-14,7.285988468811006e-14,0.7075889692874625
2825,5.6648526743541677e-14,4.430897819508102e-14,3.8297808935059886e-14,0.6935315938200801
2826,1.308924948974941e-13,9.910702493443817e-14,7.528808657494747e-14,0.7215593860484659
2827,4.050213065260014e-14,3.671788039711577e-14,2.409859060622705e-14,0.6771775264525786
2828,5.214687608895254e-13,4.775333296473138e-13,2.57123320328969e-13,0.7214109150925652
2829,1.266171629158873e-12,8.490773696390614e-13,1.0324765853336349e-12,0.6938421928090974
2830,6.046358628918996e-12,9.886122241484157e-11,1.0046240167110219e-11,0.6277591504971497
2831,6.7181096645213e-13,4.830330313013087e-13,3.8800853080326107e-13,0.7178982977522537
2832,8.15012797974304e-14,1.623114110975781e-13,9.144099018911515e-14,0.6879972369875759
2833,8.809984095907365e-14,2.44807824198866e-13,7.54063698120759e-14,0.7171073600417003
2834,1.2925025993515238e-12,3.169339609535333e-12,1.0493125049571875e-12,0.7352141676470637
2835,5.244548741391371e-14,6.159093907458946e-14,3.290003797577953e-14,0.7079814423341304
2836,2.1295969388486608e-14,4.2961481427353984e-14,1.4307539963165243e-14,0.6765086101484485
2837,4.8539224609779983e-14,2.3395669340658352e-14,2.3602700645036945e-14,0.7120677860220894
2838,9.678766463602684e-14,1.121724823829486e-13,6.986332333385495e-14,0.698017468303442
2839,3.8660442278348225e-14,9.94523776091027e-14,3.553211410420935e-14,0.6539164660614916
2840,1.2345831041849115e-14,2.020610030246984e-14,9.101785235350575e-15,0.6897459384985268
2841,2.171016350975295e-14,2.30838942070873e-14,1.0823679579867273e-14,0.6927415424725041
2842,1.745271698637054e-14,1.3724911304766088e-14,9.292238469716954e-15,0.693893205653876
2843,1.5391512411450884e-13,4.1585214705418075e-13,7.978358696116269e-14,0.6767287152586505
2844,1.6952525454241015e-14,1.8644661319661576e-14,1.3230014359023071e-14,0.6926266342401505
2845,2.480299609173256e-13,3.283657984243951e-13,2.1639362902708413e-13,0.6899359427276067
2846,1.9035627513933276e-13,3.219800002392661e-13,1.6303802072109132e-13,0.6882083499804139
2847,1.815047470634108e-13,1.2372414576748657e-13,1.1742452984048798e-13,0.7174877030774951
2848,5.1847606699641055e-14,2.3999716222689814e-13,2.0910250635452682e-14,0.6410215889802202
2849,1.024114584304319e-13,9.040372971549682e-14,4.8988263595622306e-14,0.6881313534453511
2850,8.125520924597448e-14,1.474033708539355e-13,5.759661185940896e-14,0.6667286964831873
2851,9.84707630767657e-13,1.837520806336228e-12,7.670766780423381e-13,0.6769940804690122
2852,3.396824498518561e-14,2.4539056680184677e-14,1.9841407981062103e-14,0.6802636299398728
2853,2.452209207497947e-13,3.807661148108961e-13,2.728733534840998e-13,0.6840261025470682
2854,7.356884047589439e-14,1.6839274139089015e-13,4.327853935565257e-14,0.664517113531474
2855,6.542420507481416e-14,5.634414243004863e-14,3.457224153322334e-14,0.6889897098299116
2856,2.3021875398228382e-14,2.3529468252532526e-14,7.446036419754255e-15,0.6932648515328765
2857,1.6992195024764526e-13,4.254825608440203e-13,1.301112441604145e-13,0.6582774505252018
2858,2.4640868834634516e-14,3.721431232606869e-14,1.7366887769858898e-14,0.6939487919211388
2859,5.826533177205693e-14,1.0386388527684109e-13,4.6682303556711294e-14,0.6555186561890878
2860,5.103658090440391e-13,9.3021236779322e-13,4.782315896142307e-13,0.6830220258096233
2861,2.375467443665633e-13,2.1632491101782413e-13,2.1499965198065724e-13,0.7315652560675516
2862,3.3843649366845675e-12,2.046000013468134e-12,1.3394441700234641e-12,0.7787989184260369
2863,1.1748515625082826e-13,3.6118930089395077e-12,1.3483513887793076e-13,0.6130099230213091
2864,1.1555842493730317e-13,2.2937750427209423e-13,8.384014215006462e-14,0.6577075629960746
2865,1.3969154174566002e-12,5.225920330473915e-11,1.762169590733653e-12,0.6427496030111797
2866,4.3945087753256593e-13,6.248413175854433e-13,2.968399997874704e-13,0.7248863622313365
2867,1.7977409646802852e-13,2.2709412874972458e-13,1.704201690329064e-13,0.6912737266859039
2868,2.820179760866903e-13,2.672024346634255e-13,2.680148603315736e-13,0.6855761471786537
2869,3.1504590170324325e-13,3.2169654615207823e-13,2.6931987898437057e-13,0.7444312039297074
2870,3.158475417296791e-14,2.092290187893261e-14,2.3564181571853147e-14,0.6868356695165858
2871,3.545470711935523e-14,1.3688353140475821e-13,1.5719893385190255e-14,0.6701454915688373
2872,1.247516296436944e-12,7.596729497381265e-13,4.1280991020182224e-13,0.7455089962575585
2873,4.4628868480063033e-13,6.420703887370616e-13,3.8511674950182535e-13,0.7427845828235149
2874,4.186095136555992e-14,7.716073468618994e-14,1.696120865601237e-14,0.7043527434580028
2875,4.229928291530758e-14,1.0047491582338235e-13,3.8545153890087914e-14,0.672602522012312
2876,8.2031670718085e-13,9.492484057521937e-13,7.584421313591373e-13,0.6988214242272079
2877,8.697567996744273e-13,6.909051467259017e-13,4.310060386311745e-13,0.7472614187281579
2878,4.770580251034245e-14,6.320143083475459e-14,3.2630400903939706e-14,0.673979464743752
2879,2.1182701272475634e-14,4.2750874534282675e-14,1.0459096826852207e-14,0.6551678859628737
2880,9.021756746384277e-14,7.860839694842332e-14,8.170471851433562e-14,0.7006104490486905
2881,2.922347014159191e-13,3.286283748625392e-13,7.296217787792394e-14,0.7037918188143522
2882,8.966761728610872e-14,5.67039884684565e-14,4.90197910143741e-14,0.7015491440426558
2883,2.0820244105537122e-14,2.38296555360119e-14,7.97437727410432e-15,0.6700818208046257
2884,1.2612092698181196e-12,7.554617701871437e-12,8.439713360114859e-13,0.7541670372709632
2885,1.814563970969069e-13,2.551426211853977e-13,1.907367930143168e-13,0.6757692732498981
2886,1.0676230100162931e-13,1.3772326104482144e-13,6.311210090644793e-14,0.7034687985898926
2887,4.172270783189819e-13,6.003679684591957e-13,4.21715215802704e-13,0.6937252756906673
2888,4.417904826961322e-14,8.373101928287738e-14,3.287635838079631e-14,0.670349358022213
2889,1.9098893511636985e-14,4.290898119227251e-14,1.065678810371757e-14,0.6741350958473049
2890,1.183656899338579e-13,1.847815327597662e-13,7.509430960532865e-14,0.6636404290911742
2891,3.9872420244820424e-14,4.1663807398274936e-14,2.216774682342854e-14,0.7068554952275008
2892,5.3116150878173765e-14,1.0834684544110342e-13,3.9514096590441544e-14,0.6863054428133182
2893,4.9312239581703426e-14,6.056364898742465e-14,4.756300259700583e-14,0.6784465177101083
2894,2.674341142149648e-13,2.2618309180706535e-13,2.0297492171692836e-13,0.7255468100309372
2895,1.969074553191682e-14,3.3991362160149527e-14,1.4461809255626856e-14,0.6921778816031292
2896,3.848180357350873e-14,4.15752014294589e-14,3.4136344889043024e-14,0.7066012967843562
2897,1.2057907043270476e-14,6.6812568311351265e-15,7.21177061645374e-15,0.6951126071391627
2898,3.450562395648579e-14,3.906991872308011e-14,3.086563632389637e-14,0.6962635428644717
2899,3.6856394200403827e-14,1.1023471816682006e-13,2.9710484837442376e-14,0.663821384171024
2900,3.356083781259219e-13,5.73034222079932e-13,1.5397419433692273e-13,0.7125900341896341
2901,2.1362404986021305e-14,6.681203084948095e-14,1.198120286300687e-14,0.6593896197970025
2902,2.1399118054954127e-14,4.622592464331487e-14,1.1544578428106166e-14,0.662161112530157
2903,2.446907366694228e-13,2.3232364001783564e-13,1.859822985782879e-13,0.6848227206384763
2904,5.055748897231503e-13,3.7361376748456635e-12,4.4389215404746514e-13,0.7069231673842296
2905,1.7390729758860632e-13,2.027841226088874e-13,9.200452043076773e-14,0.72943135779351
2906,5.470120432504101e-14,6.162185060878445e-14,4.042914806290983e-14,0.6960570371942595
2907,5.2479893145206183e-14,3.188416145637061e-14,3.5538671025212334e-14,0.7088331856997684
2908,9.229669686176015e-12,7.759398134408452e-12,8.118217294058094e-12,0.776354700140655
2909,3.580147892617414e-14,4.135512409498021e-14,2.2828709526191168e-14,0.7039414851693436
2910,3.7794949135098685e-14,5.774749165479798e-14,1.7574215908126526e-14,0.6978198513621464
2911,3.5633702514467395e-14,4.4061342997634555e-14,1.8887106994849047e-14,0.7147861687466502
2912,5.5985137955418505e-14,1.0962555755238855e-13,1.8324122874364987e-14,0.6958531704731286
2913,9.535588570711924e-14,1.4940463698839253e-13,9.53334328673232e-14,0.6582875488325953
2914,1.826450979688674e-13,2.317389984829405e-13,1.6752933689280784e-13,0.6831790470634587
2915,1.8493392020761845e-13,2.353481877092558e-13,1.0869335785761929e-13,0.7265783246839419
2916,6.471759429391944e-14,1.3314382325517336e-13,2.547538677096123e-14,0.6803432964487002
2917,4.508118676024079e-14,1.332392817315687e-14,2.334187018564402e-14,0.7008825693046674
2918,3.940221523440472e-13,3.0846150661555364e-13,2.711645967809946e-13,0.6800536691211164
2919,9.198123561096226e-14,7.271032386612455e-14,7.389484565766485e-14,0.6720885003916919
2920,6.051704540842552e-13,5.071825739082158e-13,5.011437432459648e-13,0.7115951789310202
2921,9.045154193456181e-14,8.580483111151165e-14,6.148942118075688e-14,0.7082752761663869
2922,5.564705078902825e-13,3.8006007639767714e-13,3.2517389077487185e-13,0.6949502893025056
2923,6.51922181378141e-14,4.879767661965622e-14,5.1445058642181034e-14,0.6847881895024329
2924,1.1042842208096566e-13,6.563718363839541e-14,5.110689644800209e-14,0.7180183874443173
2925,1.263662978483746e-13,9.423327800178157e-14,7.81363685553291e-14,0.6743979274295271
2926,6.575742251679965e-13,6.17239617871433e-13,4.605875640385212e-13,0.7307697220239788
2927,4.0729389197112886e-13,9.033693913017364e-13,2.8977873396145875e-13,0.6703334030113183
2928,1.8998259859153687e-13,1.6271746577698736e-13,1.8233722838729728e-13,0.6948426666902379
2929,3.6773461178968286e-14,2.8556626928849765e-14,3.117739510011028e-14,0.6860170304425992
2930,9.125599837507232e-14,1.3378718643438023e-13,4.695094603642284e-14,0.6885838378220797
2931,5.675354549959061e-13,5.924402871657547e-13,2.1253490407560557e-13,0.6945511734578759
2932,3.6648828741460617e-14,9.911962726549916e-14,2.775587785022736e-14,0.6451262016664259
2933,9.707175155232878e-14,8.343401423576622e-14,7.32346021684039e-14,0.6950162579771131
2934,1.0653416631788264e-12,4.615039749367477e-13,7.010356907728603e-13,0.7160158106125891
2935,2.8595057205842606e-14,4.95925708109808e-14,2.490876107247544e-14,0.6750253746169619
2936,6.70646951913493e-14,6.322419892938221e-14,4.305153469030646e-14,0.7129626360721886
2937,1.1511732909253456e-13,1.0649576339400462e-13,7.336461199032244e-14,0.7198846525745466
2938,4.418078369994415e-14,4.773111886740643e-14,3.1571706470966306e-14,0.6833034802926704
2939,1.204651298558543e-13,1.435522244751764e-13,1.2483312848929892e-13,0.7302458292571827
2940,2.961549971278618e-13,1.608072586840704e-12,1.77814985736836e-13,0.6756053132470697
2941,3.0274842162750437e-13,5.949695820800921e-13,1.673435345166675e-13,0.6799388570711017
2942,6.838269752621562e-14,1.429886104825229e-13,3.254585034650358e-14,0.6808615435613319
2943,4.186769149782659e-12,4.50608154435179e-12,2.31434472594165e-12,0.7299090430140496
2944,2.5687064690244233e-14,3.9993935643506026e-14,1.7892306296836227e-14,0.6943252711789683
2945,2.878765208022802e-12,4.85580694137185e-11,4.4848384899871645e-12,0.7119626205880195
2946,7.293600433842882e-14,8.87672850691959e-14,4.581108704294391e-14,0.6914584734011442
2947,1.9176725035106542e-13,2.424729591773018e-13,1.4175235627593083e-13,0.6929388852091506
2948,4.3966775215387654e-14,7.322586857838159e-14,1.9155457581097985e-14,0.6951499509625136
2949,6.555831275490398e-14,6.22728122356144e-14,5.277616408934181e-14,0.7167118759360165
2950,5.095319326714495e-13,1.338286900474124e-12,5.080260808743419e-13,0.7527071543037891
2951,1.2491606559682496e-13,2.839457093380393e-13,1.140961332462549e-13,0.7096426642965525
2952,3.2548826200320575e-14,5.8144254529804e-14,2.4939610303113006e-14,0.6694201897829771
2953,5.95404152817447e-14,8.058201855617913e-14,6.54091482818929e-14,0.7130184329813346
2954,2.0662306764384297e-12,2.9711248789583395e-12,1.885229494468338e-12,0.6937267204048112
2955,6.514249677953949e-14,5.523458757500005e-14,4.562010509836068e-14,0.7122881141025573
2956,2.1950572712688507e-14,2.3441714222408982e-14,2.000706012372436e-14,0.6853578256792389
2957,5.136224213116239e-13,1.7311186722183908e-12,5.600672678151754e-13,0.7483128627762199
2958,7.66931522301397e-14,1.2130839710312885e-13,7.66620516961137e-14,0.7069257250754163
2959,1.015998050624435e-13,2.2497879745842555e-13,8.816553683533504e-14,0.707856533350423
2960,7.080928391151773e-14,1.2575019070642575e-13,2.885106664771173e-14,0.6475182383670471
2961,2.499037407301566e-14,5.155009063319418e-14,1.281700510099264e-14,0.675830981542822
2962,4.153040906132178e-14,5.624513357303683e-14,2.8350107982099298e-14,0.6664761457010172
2963,1.2029036122589298e-11,2.0350049124369208e-11,8.929413135127699e-12,0.7787616347894073
2964,3.687793706719565e-14,3.626706720044462e-14,2.3231304309377273e-14,0.6930821835063398
2965,2.4567381668727317e-14,1.0129094544300623e-13,2.185830730505418e-14,0.6405801881803199
2966,1.816570679686574e-13,2.7011179474647024e-13,7.937446278973629e-14,0.6695853926008567
2967,3.961632229273456e-14,2.6611751916093217e-14,2.5121846301839987e-14,0.6822657442186028
2968,8.177300352442188e-13,3.9790018688561287e-13,5.420308078726719e-13,0.7798063315451145
2969,2.158088265986618e-13,3.618510123402458e-13,1.875316491815761e-13,0.6840359479770995
2970,8.400697113471031e-14,6.810891226978508e-14,6.611470566430429e-14,0.6699367388500832
2971,2.2061108580298215e-13,2.158579638711962e-13,1.2546384463546178e-13,0.700869225198403
2972,6.842781781302537e-14,1.0635876413498455e-13,4.007988984350622e-14,0.7169868127675727
2973,3.9851460566214865e-14,1.0942847408836681e-13,3.071784303401988e-14,0.6551474657841027
2974,2.1558939834817335e-13,3.68543457057917e-13,1.4551639127793235e-13,0.6275596942054108
2975,3.4065890202669e-14,2.658842307205243e-14,2.0168586579693745e-14,0.7008429629262537
2976,1.3046813944568226e-12,9.572709639750395e-13,1.0879349063125777e-12,0.7489889114163816
2977,6.28476900977226e-14,3.8302838226244726e-14,3.544150760630918e-14,0.6788190815947018
2978,1.7050229186551027e-13,2.0678076985254037e-13,1.2529667623358744e-13,0.6518712376127951
2979,4.854132891472114e-13,8.42697511481426e-13,2.5906785731872937e-13,0.7123307730304077
2980,1.1067809521244501e-13,1.7158368132752914e-13,7.000524318325183e-14,0.6819536910043098
2981,1.5344376131963702e-13,3.473527756445778e-13,9.67597582744961e-14,0.6454709452344105
2982,3.8280668923042485e-12,1.4875459977125564e-12,2.0679465577225173e-12,0.740074165770784
2983,1.1487158540833847e-13,2.7839859442681974e-13,6.393899107653791e-14,0.6687798790051602
2984,5.938577094632981e-14,8.414427402971531e-14,2.9056642910490487e-14,0.7326229443540797
2985,3.874533487384503e-14,1.8033987464697952e-14,1.5098278434322973e-14,0.6912022434407845
2986,2.8407287645053517e-14,9.333060250896065e-15,1.1569178062996666e-14,0.6937898603733629
2987,8.888688887393587e-14,8.299535172970167e-14,7.10393125633802e-14,0.6853505195467733
2988,2.341779055915081e-13,3.6984731204198024e-13,8.457226331926796e-14,0.7164835917530581
2989,6.842511080050865e-13,7.172598927116509e-13,3.6292639744403007e-13,0.7147503961343318
2990,2.1203645453707164e-13,1.4586570404044035e-13,6.641281990328833e-14,0.6999473754549399
2991,1.8072538459788944e-13,1.4507941202880814e-13,1.0716029485811484e-13,0.7273879518033937
2992,1.1118962936247906e-13,7.055938521313191e-14,8.493415642071482e-14,0.6942942531313747
2993,3.525270791026881e-13,2.537438352757898e-13,2.1811619989285768e-13,0.705608607083559
2994,8.71143090930432e-13,3.3566759770378433e-11,1.2366921476636537e-12,0.6299818608444184
2995,1.9030705157053817e-13,1.701760568034517e-13,1.4302617622103767e-13,0.6752262162510305
2996,4.678240481217617e-13,1.2290642849505012e-12,3.880243478702121e-13,0.6570655508665368
2997,7.82093083575103e-13,4.626726171109507e-13,5.27875136306518e-13,0.7142609479371458
2998,6.325703889797234e-14,7.33222463951317e-14,5.6763887087627815e-14,0.6725155407446437
2999,2.4901367349110914e-14,1.6729716763232699e-13,1.1093944729558425e-14,0.6346797532751225
3000,2.7003219000518314e-13,3.300199643025567e-13,2.6546898253073125e-13,0.6723495593992993
3001,6.810011081169608e-14,4.3904275646657104e-14,4.109279653063879e-14,0.697608088911511
3002,1.3891077959072911e-13,2.6324067370616975e-13,8.445238102878347e-14,0.6795258813537657
3003,7.62204442906297e-12,1.0811865853423257e-11,6.8629939336237835e-12,0.7470898879226298
3004,1.5898333236199035e-13,1.9000537847048132e-13,5.917569705203232e-14,0.6947648008819669
3005,3.276190649938602e-14,3.757915980025439e-14,2.262028543610206e-14,0.6692465852480382
3006,3.8095840164450003e-14,2.4805989967141924e-14,2.6763261918878345e-14,0.6833547930698842
3007,9.669040283337823e-15,2.3562464883610166e-14,5.7791665917524594e-15,0.6708998410147615
3008,9.223299159559333e-14,2.888010873245788e-13,6.201178782831952e-14,0.6433609467581846
3009,8.365094498301042e-13,5.470607874415941e-13,5.673898554362119e-13,0.729215201549232
3010,5.366878649836512e-14,1.3484021753447077e-13,4.0301261690961786e-14,0.6573738958104514
3011,1.4368062379345348e-13,1.29491392886778e-13,1.2903952240275807e-13,0.6822094937553629
3012,1.598029932352391e-13,7.623488989647454e-14,1.0304685727137194e-13,0.6992224387126044
3013,9.977275564958661e-14,2.229892728678926e-13,8.376020871266466e-14,0.6794260741909965
3014,4.022800089344372e-14,2.983247920249776e-14,2.377368479511912e-14,0.6845736452843993
3015,5.148735330729474e-14,1.0447456634630134e-13,2.529011237298284e-14,0.7037333957618103
3016,1.1052485746886537e-12,3.007550496275577e-12,6.891094739108937e-13,0.6736301754019223
3017,1.5903653182449813e-13,1.4019543059313356e-13,9.387999840002497e-14,0.6724839550093747
3018,1.984168736410061e-13,2.276463733423581e-13,1.5964432579387338e-13,0.6320283295353875
3019,6.577696823434042e-14,4.10910631148261e-14,4.458034777273228e-14,0.6985004792222753
3020,1.2987776066896934e-13,2.178694954813122e-13,5.1500041351760626e-14,0.7036906048888341
3021,3.077703463296467e-14,2.6677618264322433e-14,2.2413833799886726e-14,0.7006399169797077
3022,7.910512082721691e-14,2.8067688054993084e-13,7.825599480418086e-14,0.7107366626150906
3023,2.1086573711181614e-14,1.2645484702953789e-14,1.368521136190551e-14,0.6912295875139535
3024,2.6247799655713774e-13,1.4442882147101623e-13,1.7089149473088636e-13,0.725261994311586
3025,4.5442260213356853e-13,5.235264699111773e-13,2.1926249682741098e-13,0.7177693555131555
3026,4.3271286511767015e-14,5.0304349497269974e-14,2.186029195084842e-14,0.6817793906200678
3027,9.257454386174567e-13,2.4754906349584738e-12,5.462620948023532e-13,0.6693433598731644
3028,3.1733758519677134e-14,2.8506372331217457e-14,1.469365517482447e-14,0.6941622896585613
3029,8.118245299818365e-14,5.910667130056715e-14,4.43665294871306e-14,0.701104418723844
3030,8.66196881333297e-13,5.895898368049253e-13,4.18605197852199e-13,0.7350988255580887
3031,1.3066785488300328e-12,8.953766519466612e-13,7.890767652578124e-13,0.712800749624148
3032,1.141641374969806e-12,6.995189044359833e-11,2.4611694869293696e-12,0.6053796964522917
3033,4.16027294674598e-12,3.972389312997019e-12,2.385318509485502e-12,0.7711120387539268
3034,1.7723939585230117e-13,5.45837940602148e-13,1.2123469158477524e-13,0.6871873277123086
3035,1.7247565202840219e-13,1.8439146843035957e-13,8.69704468534055e-14,0.6799685067264363
3036,8.624422868097815e-14,5.575132749836535e-14,7.092854657337724e-14,0.6936860878486186
3037,2.5304229050464895e-14,3.228592244667574e-14,1.6338916082419565e-14,0.6779177361750044
3038,5.276785004948535e-14,5.830734370322594e-14,3.758092700541556e-14,0.6723486634087749
3039,1.4733545622209915e-14,1.5167142104911505e-14,1.1499785500981396e-14,0.6824225170654244
3040,2.3202357543727214e-13,5.021332369553275e-13,7.65340682850721e-14,0.6807655826793052
3041,4.2107790085719485e-14,4.3394615204361556e-14,3.423675124126317e-14,0.6571248592343182
3042,1.4029445679946537e-13,1.677773447467527e-13,9.599593584345059e-14,0.6605818213196472
3043,1.7017606709658886e-12,1.5411053807650474e-12,1.6671819187337998e-12,0.7088171580806375
3044,5.335803255612874e-14,4.747574496028406e-14,2.0994535802926893e-14,0.6835650848923251
3045,3.065198604311442e-14,1.603857189821042e-14,6.638747923568912e-15,0.694188175839372
3046,1.9092370377650677e-13,9.559095682673427e-14,1.3660263671539587e-13,0.6950391966151074
3047,4.41204534886311e-14,2.2969201649056316e-14,2.6248445675196242e-14,0.6902536932146177
3048,8.028951424500088e-14,9.434937229614815e-14,5.737242425699829e-14,0.6947545632021501
3049,5.062235138524371e-14,1.867243485914438e-13,4.385902973464896e-14,0.6646920762374066
3050,2.920616954326963e-14,1.4116463362000108e-14,9.974925383917304e-15,0.6951206975383684
3051,2.0981483795519825e-13,2.2529435018598311e-13,1.8773277592966903e-13,0.6775199839030392
3052,1.2766810478179853e-13,2.2157115549200448e-13,7.598815155410632e-14,0.7416014710906893
3053,1.7038102721769925e-12,1.824694819763998e-12,1.3947415039729267e-12,0.7275715054944157
3054,5.529332626341312e-14,3.7846186620949675e-14,1.2891554825281028e-14,0.6940084597328677
3055,4.365411906696078e-14,4.263221179432409e-14,1.9342810769051363e-14,0.6937629234045743
3056,9.043642379664871e-14,1.4293898508069325e-13,5.975677220339085e-14,0.6920020051766187
3057,7.391448995186232e-14,8.113996812467699e-14,4.475807487194319e-14,0.6491543128038757
3058,2.6835142304493356e-13,1.9283231172675747e-13,1.3548393345844467e-13,0.6762558985501528
3059,4.292885833486392e-14,3.177626279244742e-14,2.5564941944974794e-14,0.6903405460063368
3060,7.461304724236119e-14,1.461496726273817e-13,5.5739325778899983e-14,0.6542523369076662
3061,8.234327970351022e-14,5.1882083472199484e-14,5.135728728658932e-14,0.6698672027559951
3062,1.1292964256938746e-13,4.751432615007066e-13,6.245953705878871e-14,0.6467410683864727
3063,1.5121629175835638e-14,1.0931323223920658e-14,1.0067243899871374e-14,0.6941051217261702
3064,4.740758827694445e-13,5.402445047136648e-13,3.0295108245874297e-13,0.7171576976543292
3065,4.3690882613558835e-13,8.063215668623904e-13,3.070280214812343e-13,0.7148281402653083
3066,1.1161518746808902e-13,1.179307073831009e-13,4.304292455793221e-14,0.6943709093611687
3067,2.8090413991566693e-14,3.123212113532835e-14,2.0386793100736697e-14,0.6786415249691344
3068,1.0972582968584481e-13,1.0925742221809476e-13,8.436061723068446e-14,0.719499328569509
3069,1.2620575320881449e-13,1.0059743533143415e-13,9.286558806232161e-14,0.6652528273174539
3070,4.248511432228225e-12,2.802085094525342e-12,2.5535955651273686e-12,0.7667053073644639
3071,1.863512411083459e-12,8.179923476591069e-13,9.228204504284329e-13,0.7328731938730926
3072,5.2387924957564944e-14,5.467656799524717e-14,3.841108052599628e-14,0.7069476138101891
3073,1.3163275711258242e-12,1.7394448277312713e-12,7.975476199150307e-13,0.7458290617447346
3074,3.6825908025593315e-14,1.8650911757210788e-14,2.8205563424191736e-14,0.681055365561042
3075,8.572211077921573e-14,9.958235519206311e-14,4.556565556759675e-14,0.6351206589490175
3076,8.836540908847963e-14,5.780900808736651e-14,4.077198843817663e-14,0.7023341873893514
3077,6.942895662361766e-14,3.4379902608084316e-14,3.11016526353193e-14,0.6961949357297271
3078,5.142480591153674e-14,7.805930666742283e-14,3.775289429283425e-14,0.7328250644728541
3079,3.060624575249937e-14,4.9824504399525553e-14,1.2918567505293131e-14,0.6751931684906595
3080,1.1605594109973247e-13,4.922452203957516e-13,1.1764473657534107e-13,0.6776624650228769
3081,5.088060778165215e-13,4.00397075921644e-11,1.56365964444604e-12,0.6080768872518092
3082,1.1850574329098482e-13,1.563618942072894e-13,6.589890583692254e-14,0.7222001586575061
3083,1.7543934524229317e-12,1.3886642291954688e-12,1.3924637156775796e-12,0.7129195409361273
3084,8.621048813310191e-14,5.908007465171038e-14,4.3323260898215295e-14,0.7049453823361546
3085,1.3605031294724197e-13,1.6729182199552828e-13,8.915547434224285e-14,0.7257254808209836
3086,1.5012625660156632e-13,1.9489482044804503e-13,1.1355460714570462e-13,0.6794501284486614
3087,6.20599202512006e-14,6.427212030234112e-14,3.1137551891275864e-14,0.6999594438588247
3088,1.8036529298579792e-12,1.9096102365262446e-12,1.5570239614915711e-12,0.7019133996451273
3089,2.4823962217472446e-12,2.1498454771276786e-12,1.0220295996423486e-12,0.7103372283745557
3090,4.812624534801997e-14,3.89328531920721e-14,2.998950124700067e-14,0.6820427147904411
3091,1.907155356482814e-12,1.5230150779048098e-12,1.1759158670777029e-12,0.7545948756858707
3092,5.84733917706708e-14,1.3178691000321027e-13,3.809525276888192e-14,0.6907760738395154
3093,5.887042740676444e-13,7.694848270500498e-13,2.6656327749523414e-13,0.6949493144173176
3094,7.982194547502547e-14,1.6985924714912746e-13,6.473222338211078e-14,0.6566121223848314
3095,8.319455061424785e-14,1.1331185318776107e-12,9.686353030359954e-14,0.6205467576044612
3096,4.1297902381742165e-14,1.1643958212733923e-13,2.7696287452133256e-14,0.7041881325189024
3097,4.598370370406626e-14,6.238390130003039e-14,2.946777190398982e-14,0.6932294211350382
3098,4.4881679716403855e-14,5.6816690849237265e-14,3.745233214858015e-14,0.7022525950102135
3099,6.041542639633874e-14,4.6058842486828754e-14,5.062087313057817e-14,0.6540893269469962
3100,4.589017171894008e-14,3.3256299941782727e-14,2.5013271155708755e-14,0.6826406406005845
3101,3.6094768453461695e-13,1.3570259348004907e-13,1.8412967423922545e-13,0.6943545486778021
3102,2.7781295731992343e-13,1.8618162691422266e-13,1.6109184054075498e-13,0.6940375223523005
3103,5.965159323559961e-14,1.4194594990196582e-13,2.9227656852400355e-14,0.6529592668637634
3104,2.326703564351774e-13,3.100612240013131e-13,1.3711899499318769e-13,0.7375223891343922
3105,5.891947494391684e-14,7.571375904785075e-14,4.9020906522641734e-14,0.6901524670654908
3106,2.180116265834084e-13,2.3052066435795236e-13,1.2064666004213718e-13,0.71544607183896
3107,3.460578934929915e-13,1.827142667322802e-13,2.708762392186387e-13,0.7150062893517315
3108,8.037168423989301e-14,1.125056505081495e-13,7.619611661042603e-14,0.6794970952789299
3109,1.243682644744771e-13,1.2265974976714874e-13,7.207225419697786e-14,0.6982694489182905
3110,1.2348212388925101e-13,3.3262593807915077e-13,6.859403332696852e-14,0.6646915085148066
3111,2.3068791356738627e-13,1.643427380579093e-13,1.705743854487452e-13,0.7060799383325502
3112,5.794055728190189e-14,5.657016258954889e-14,4.966350433886738e-14,0.711238922085613
3113,9.560399949593023e-14,1.089277732776079e-13,7.616060426791565e-14,0.7348747831536457
3114,5.767762692717837e-14,5.90246149947757e-14,3.784773367580796e-14,0.6677423838526011
3115,1.4849207358115246e-12,1.647075818160687e-12,1.4268764597972635e-12,0.7031586239347234
3116,3.0266496454874693e-13,1.3147750619250749e-12,2.1565072760141336e-13,0.6653532905620523
3117,5.6239116471337054e-12,6.855446153572215e-12,3.226073403298848e-12,0.7470113530755043
3118,3.6646406662798584e-13,3.096692766034696e-13,2.7366739223323575e-13,0.7434721760451793
3119,2.0900097802978028e-13,1.389932176251611e-13,1.0242664245854243e-13,0.7388845233712346
3120,2.1698699156397432e-13,4.151776747373599e-13,1.0607753761690817e-13,0.6643113629310392
3121,3.416442289576644e-14,4.950010048662619e-14,1.5897439351856542e-14,0.6781026784097776
3122,2.011500720575386e-13,1.9750096161576608e-13,1.592740772320691e-13,0.7137703618267551
3123,1.1246741595491326e-13,5.137527077663626e-13,8.064507835434118e-14,0.6912447998765856
3124,1.9585356865827973e-14,1.864692087895556e-14,1.1268241764884773e-14,0.6937809171387925
3125,1.291337481779265e-12,1.205433589407683e-12,9.232306744315986e-13,0.732405665400438
3126,2.3813507673117327e-13,2.622939591300388e-13,2.0544719499327197e-13,0.6596689651138149
3127,2.4426405398565974e-14,2.850674740492157e-14,1.465029668384879e-14,0.6961602103197947
3128,7.109292836016834e-14,9.571664990923797e-14,4.336384063382257e-14,0.7274459920590743
3129,3.966307696874119e-12,2.6256493943296538e-12,2.518556406042665e-12,0.6769636053708382
3130,2.5427483200861873e-13,4.4855866760206243e-13,2.0937263025030366e-13,0.6825533419032581
3131,2.6557173801138027e-13,2.4201091455502736e-13,1.314012362614585e-13,0.7379285239148885
3132,4.17763465734062e-14,5.838082737329164e-14,2.3752206766816604e-14,0.6529867837089114
3133,5.934986064762324e-13,1.886673361637852e-11,5.804224525163573e-13,0.6425983014050871
3134,6.857159057232734e-14,1.2461562210912743e-13,6.65273113755537e-14,0.6702011446235702
3135,1.6310947950944539e-13,8.378164123576415e-13,9.972758450872624e-14,0.6522352192318067
3136,7.243485748669329e-14,8.563303083820345e-14,6.124573540292922e-14,0.6772028872510418
3137,4.8318391373051844e-14,5.5233645933304425e-14,3.3031246183435785e-14,0.685746181034483
3138,6.308868902151952e-14,4.162041996532346e-14,3.019968526995629e-14,0.7059270305791869
3139,2.411330503931233e-13,2.13474840847493e-13,1.2117786300197398e-13,0.7100893951486796
3140,4.328071205865778e-14,6.007735564289042e-14,2.4056398603876906e-14,0.6665043564164079
3141,2.532496867328671e-13,1.983398070641158e-13,9.609739623643351e-14,0.7005184594308957
3142,8.931897181656694e-14,1.1224807127244364e-13,4.866413349824956e-14,0.7166819312842563
3143,3.0899259232916806e-14,3.2750095090768735e-14,2.3090053997273342e-14,0.6942676220554859
3144,3.592882200386087e-11,7.34386519099069e-10,2.9029598019118774e-11,0.6633418828831055
3145,2.3567991454130405e-13,4.210502321046887e-13,1.6454757021418249e-13,0.7280772205209359
3146,3.4309473152752643e-13,8.927647958712841e-13,1.78530520308354e-13,0.7064274721546099
3147,3.0288273762012257e-13,2.275877000842747e-13,1.4276613695510353e-13,0.6961384704569354
3148,1.9719757587455455e-13,1.2357934046382755e-13,9.79315484536325e-14,0.7432925178203732
3149,6.215663982418378e-14,8.007157504183624e-14,5.09310799390711e-14,0.6853055333020166
3150,3.2018122329913044e-12,4.39181266724794e-12,2.8200564964015022e-12,0.7719961130991578
3151,4.79454767575832e-13,4.288637492257022e-13,3.5520449318089086e-13,0.7214174124179408
3152,7.611603446211994e-13,4.409605551141077e-13,3.7973962531746837e-13,0.7340651786420495
3153,5.77933851627747e-14,4.120218159060428e-14,3.1602220736226664e-14,0.6634243554552086
3154,5.388420188384666e-13,3.567738639839342e-13,3.3217546403559826e-13,0.7016898907255381
3155,9.982889183517178e-14,3.572759852340309e-13,6.805076708558958e-14,0.6628084367024712
3156,1.6622308704294021e-13,1.191891588852485e-13,9.831376798219549e-14,0.7372050198959187
3157,7.488704061234772e-13,7.836370789997853e-13,3.401540393453143e-13,0.7365407173056155
3158,2.9754817733613525e-13,8.651148990722704e-14,1.1786245621034692e-13,0.7302964657312259
3159,1.774330706716781e-13,2.449338984072023e-13,6.071617426027457e-14,0.6577308611012995
3160,6.170810109586149e-14,1.5721117388900333e-13,5.397794926531928e-14,0.6635026931879111
3161,6.804338131648585e-14,5.868333989398395e-14,5.306400622932559e-14,0.7026929496554658
3162,6.394684130926405e-13,6.256094138061003e-11,2.2157149903547086e-12,0.6060970146849286
3163,1.074465423153252e-13,1.191494936250854e-13,4.9020390480812616e-14,0.721348792896606
3164,6.592799956830892e-14,6.573994853188532e-14,5.1690764673378276e-14,0.705401154444553
3165,9.614931498126068e-14,7.605206688559177e-13,6.61478864985893e-14,0.6374675226747059
3166,5.3884197467311975e-14,5.5019681781177674e-14,3.386492718376119e-14,0.6839440374402329
3167,2.7655042882805598e-14,1.5572005145291814e-14,1.5950892809216484e-14,0.6947895178804174
3168,5.493177993786976e-13,4.2722851628908456e-13,4.117917225807168e-13,0.7279978717677296
3169,2.070831021930886e-14,3.3290877594447374e-14,9.895446990185382e-15,0.6952015159651637
3170,3.3091584947039454e-11,4.9848569452633615e-11,3.526161354089538e-11,0.7761734350584447
3171,5.685978621621294e-14,4.163059959954705e-14,4.5335807021648587e-14,0.7042323670350015
3172,4.5073268991786225e-14,1.954860957805088e-14,2.406438162856832e-14,0.6923440056852996
3173,1.3433458895970147e-13,2.9307706024771303e-13,7.667531193495031e-14,0.6328165808925406
3174,2.7182351137563682e-14,3.339788335404131e-14,1.787413982107541e-14,0.7043871211120859
3175,1.297057313058718e-13,2.1735829501083327e-13,4.346313620151304e-14,0.6989488121587784
3176,3.2001630611169496e-13,4.1375307231474503e-13,2.7166244954595244e-13,0.6737302008783445
3177,1.3233729958490599e-13,1.594287890779434e-13,5.399422493345342e-14,0.7365512143122033
3178,7.815272010681852e-14,9.154533283712109e-14,3.602004215216948e-14,0.6680122004705481
3179,1.7453868009278367e-13,3.6878480804545027e-13,1.3923451397700887e-13,0.6440968902548775
3180,3.3444564581561284e-14,2.0060667448691185e-14,2.052230812626924e-14,0.6617302961414679
3181,1.3554364845607244e-13,2.1020548851842628e-13,1.0758379323091233e-13,0.7029786738334224
3182,3.2893903151808836e-13,1.699432094995447e-13,2.3860535493228874e-13,0.6868898012209683
3183,6.447311786898237e-14,1.0397758246984069e-13,6.046969670828868e-14,0.7009786718990654
3184,1.9994941205020826e-13,6.335237803429855e-13,1.1485516057439304e-13,0.6441455118590966
3185,9.322462871014109e-13,7.429029991027926e-13,7.380816647402782e-13,0.704803716414608
3186,8.773314638670174e-13,1.1065805920358995e-12,4.0267353958651833e-13,0.7037866078317165
3187,6.710080556837604e-14,8.027790386572004e-14,5.767224912938514e-14,0.7151903587859124
3188,5.817965079415806e-14,7.746758644396961e-14,2.850670835239401e-14,0.648775567766279
3189,1.4044552267437094e-13,3.069400537423262e-13,9.004041002537487e-14,0.6678246620693244
3190,9.675639462750881e-14,4.809065714986389e-14,3.571585255455162e-14,0.7044375007972121
3191,1.862221475030345e-11,1.698155549549771e-11,7.375687785726259e-12,0.7667684713378549
3192,2.6378937710696394e-14,5.2544527376429784e-14,1.3887323121084372e-14,0.6642402771278284
3193,2.6887975247012854e-13,2.2458165654218558e-13,2.1914632579671367e-13,0.7037228549364954
3194,7.240646982027898e-14,5.2782983714585754e-14,4.496918777856448e-14,0.6894235460087657
3195,1.1790277967052874e-11,5.695508604348755e-12,8.489311687220284e-12,0.7696412781719119
3196,2.5220756399344906e-14,1.9070592531402828e-14,1.5727055034287198e-14,0.6748016830068082
3197,1.2015425161825528e-13,2.6771907720558316e-13,4.2840376492629214e-14,0.6761652775574476
3198,4.778545372900757e-13,3.9846891601589883e-13,2.5711458722084747e-13,0.7054894947446883
3199,2.0882651202489736e-13,1.486555968505709e-13,9.283617472549235e-14,0.7010413288138807
3200,3.963211867293775e-12,6.601282928854883e-12,2.4490205651798696e-12,0.7047330234199762
3201,3.99773414780776e-13,4.95981530253188e-13,4.263966841792914e-13,0.6865146663039923
3202,7.103611476648521e-14,2.4011596327707967e-13,6.758594787309387e-14,0.7021191028179601
3203,4.561561858488105e-13,5.165218744514611e-13,1.9794893266428762e-13,0.7059955124510452
3204,2.5718979779141204e-13,1.4582733263062974e-13,1.6695980177945597e-13,0.6655752033810132
3205,9.990811291081734e-14,1.2022157519744387e-13,1.0706726094869612e-13,0.6950486566405744
3206,1.2063854843825208e-13,2.0720882404580075e-13,9.663727122141495e-14,0.6945492658298462
3207,4.9470896664375347e-14,8.977925829896892e-14,4.004158587016433e-14,0.6823475418495946
3208,3.5042028124101334e-14,4.0223685706547615e-14,2.808319605628843e-14,0.7040557532105595
3209,3.8889398999119846e-14,1.9997384745766003e-14,2.239233229744664e-14,0.688030076760333
3210,3.985177543980146e-13,4.966777639707335e-13,3.280051863097019e-13,0.7259624235099181
3211,1.978645404434553e-11,3.785276409066057e-11,1.9157937109531764e-11,0.7866982552222908
3212,5.82761310617336e-14,1.1551553451769567e-13,1.858516203107359e-14,0.6696342600509524
3213,3.226258163063088e-13,1.3069408874071453e-12,2.0129816742613082e-13,0.6342787352856248
3214,2.2309589035849517e-13,2.5758509645165913e-13,9.634622765289257e-14,0.6785301770316436
3215,9.081589008601032e-14,5.1444052587942225e-14,3.969609374314133e-14,0.6632161132525652
3216,6.840467785272563e-12,5.09135799073495e-12,5.5734364023491676e-12,0.7710056783631444
3217,1.0165693416859095e-13,1.1312604394681648e-12,1.4394067721177605e-13,0.6155657516268548
3218,1.3338934468902483e-13,1.2551650044885583e-13,1.0550436345840986e-13,0.6815152091672644
3219,3.011296619522832e-14,2.909160724944244e-14,1.7371006010255376e-14,0.6851812008535489
3220,1.4134995104512018e-13,3.075200130316786e-13,9.233733381514721e-14,0.6564121214556508
3221,7.311329334897154e-13,4.130692808988532e-13,4.91083004959753e-13,0.7066562358755618
3222,1.046589401296185e-13,8.705785171919628e-13,1.0696893187129585e-13,0.6213335727108642
3223,2.6331903686168338e-14,2.9215531570243823e-14,1.439065064748339e-14,0.6954666917677969
3224,7.511068395053516e-13,1.0578985223336355e-12,6.105272862318951e-13,0.6852423499338329
3225,3.9466912471530666e-13,1.6170286332358449e-13,2.0996976669830709e-13,0.7295744683593511
3226,8.227709714167832e-11,8.522030309595964e-11,2.049421485696668e-11,0.7430954291950911
3227,1.9020673498106296e-12,5.446699536541801e-11,2.836200594408959e-12,0.6436607138661202
3228,1.8847570666607628e-13,2.339829359728229e-13,1.0360059808912532e-13,0.7022682340117171
3229,1.6540468328670427e-13,1.1555000269138025e-13,1.2539321284904146e-13,0.6710773871629498
3230,2.1769752017835965e-13,1.7287891493238262e-13,1.403720391545128e-13,0.702127976459451
3231,5.3666946119812265e-14,5.973229622594166e-14,4.98364401870187e-14,0.6907663278281688
3232,1.1495710421866673e-13,1.408926787466205e-13,9.296840276846488e-14,0.6997365588787943
3233,7.815373302414739e-14,6.382358177359075e-14,6.251091575422872e-14,0.6946981221204623
3234,5.843600104291674e-14,4.785305392510888e-14,4.1098094022439103e-14,0.7042546693701297
3235,4.232801506461251e-14,5.3720181128341266e-14,1.9981909902364655e-14,0.6860252738581039
3236,8.006982045014717e-14,1.585533348947343e-13,4.094683006281339e-14,0.6983293968020007
3237,2.0409164622525476e-13,2.0024473934311918e-13,1.7671656793872342e-13,0.6982770450413227
3238,5.920737180018615e-14,5.761935380930026e-14,5.435754383877819e-14,0.6943181522190571
3239,1.3584020061478944e-13,1.1559299519485343e-13,5.643033151058812e-14,0.6995814008172602
3240,1.0166289762409501e-13,6.192738839914819e-14,4.0398492322086055e-14,0.7134547221940011
3241,2.603460563759149e-14,2.66391489124122e-14,6.918889101048756e-15,0.6946566016646102
3242,5.283752451170769e-14,6.885186621001392e-14,3.090322233467026e-14,0.6649709010263904
3243,9.723374113101525e-14,1.2973991880489658e-13,7.410077719560069e-14,0.7054067586315795
3244,3.7287938015514064e-14,5.845348431717316e-14,2.3483401399726143e-14,0.6790366300847381
3245,2.498575867696622e-13,2.165186747987327e-13,8.708401726762327e-14,0.6951947034802288
3246,9.16161845306552e-13,4.121160803622721e-12,8.346879685757179e-13,0.6417804701020942
3247,1.6024560412197244e-13,4.242852332749552e-13,1.4500115819138941e-13,0.6347803121199831
3248,5.5077799997259954e-14,9.111671389676015e-14,4.044257680356315e-14,0.6363552012597211
3249,1.6275862334616285e-13,1.5290458944006689e-13,1.170671187197998e-13,0.6777744962717407
3250,1.2663553731709946e-13,8.790887376878931e-14,7.331232539417635e-14,0.6985317580867558
3251,1.459394440862357e-13,1.3506538520796458e-13,9.282091064059758e-14,0.6810519840335474
3252,9.664176747853566e-14,1.4909630861750835e-13,5.6286652648487376e-14,0.7000565814319998
3253,2.1296894555159258e-13,5.516654213515272e-12,2.2180238804118126e-13,0.63921867114841
3254,2.0351567949756083e-13,1.1353392018961955e-13,1.1933362556139652e-13,0.6810582091566175
3255,4.253491662062326e-14,4.7206980753988157e-14,3.6656255299262245e-14,0.6783138932194561
3256,3.9977622982280924e-13,2.82701709708833e-13,2.9677799520881255e-13,0.7266690032323823
3257,2.3588810794117463e-13,1.6879449596288558e-13,1.9255242952397927e-13,0.6666165785398335
3258,1.3132907865822492e-13,1.1363516476025568e-13,5.093100160821022e-14,0.7245564049575478
3259,4.7143839649218696e-14,3.4402628424962683e-13,2.7940840934622404e-14,0.6332040896639228
3260,2.606993314137168e-11,4.180087355457426e-11,2.6689334849386755e-11,0.7746430656872689
3261,6.839974900785774e-14,4.726709653776428e-13,6.484468446810425e-14,0.6339054338866845
3262,9.857305911884625e-14,7.300002741101653e-13,1.013758587191539e-13,0.6260719555313699
3263,1.3488272818451375e-13,3.124481562294855e-12,9.351805108901585e-14,0.630389618355548
3264,1.9371354059595844e-12,3.985941753719958e-12,1.1964147340953697e-12,0.767619539797306
3265,9.511361367438917e-14,8.770901617518392e-14,6.472727082388192e-14,0.6926714883884415
3266,1.3221235529802666e-13,1.990131712602437e-13,1.0312949227671664e-13,0.6834779268945568
3267,2.8209708763597268e-14,2.675060646283762e-14,1.2895302538617156e-14,0.691443546069786
3268,7.29462978265133e-14,7.904398961935742e-14,5.663311386552e-14,0.6854055750649423
3269,1.1544736609444418e-13,7.866944589103998e-14,8.033597887106517e-14,0.7030418666778132
3270,3.317575967372869e-13,8.466285332740875e-13,2.689419570559885e-13,0.7619186617899686
3271,4.734449380878677e-14,3.352851468229687e-14,2.2910532567743142e-14,0.6942313390318304
3272,8.110253303334864e-14,8.031069406542944e-14,5.9809283429212e-14,0.6999184640124441
3273,3.5145092489480737e-13,1.1128916747174775e-12,2.6986283469289564e-13,0.6302889578510076
3274,1.1356563485843655e-13,3.1409826368743473e-13,7.046432980159063e-14,0.6314755622530356
3275,6.861135617702803e-14,5.5547018648132904e-14,5.738864683078147e-14,0.7059304947732017
3276,7.938349542815797e-14,1.1404375907831687e-13,4.975563074717205e-14,0.6969812434632331
3277,8.263937091578861e-14,5.158366972952874e-14,5.5063613635145445e-14,0.6756932743941434
3278,5.466701571744101e-14,3.64017104281577e-14,3.5626228462109814e-14,0.6500566358678043
3279,3.153377095764583e-14,6.73878830273456e-14,1.803398487152959e-14,0.65882613430731
3280,5.751945669176094e-14,1.0178311423491571e-13,2.687121132242084e-14,0.6720695486292243
3281,4.929210461724588e-13,3.2363782375170416e-13,2.5394806709737173e-13,0.7264565053861588
3282,5.205787651726686e-13,5.665584092533553e-13,4.3501508550954176e-13,0.6732448188005946
3283,1.6164547630581437e-13,3.278007668474066e-13,1.0209315641827792e-13,0.7374981393339113
3284,1.1962054431551044e-13,1.275758044168251e-13,2.863975700805122e-14,0.7022770289098844
3285,7.00168769061093e-14,3.805097478951681e-14,5.547955659679233e-14,0.6828758422518149
3286,1.9172844943787442e-14,1.1305524817946285e-14,1.0299120925162863e-14,0.6939225751208141
3287,6.284112536851201e-14,2.4818794174066566e-13,2.967099972098792e-14,0.6496768224518746
3288,9.262066943005309e-14,1.0847862505478655e-13,2.63027570754342e-14,0.6956157100386917
3289,4.522902912978037e-13,3.2168632050891855e-13,2.563857967857357e-13,0.7498702625744045
3290,2.8516476957166845e-14,4.848935257990653e-14,1.0561599401632641e-14,0.6714102864847519
3291,1.2002274455883892e-13,1.2688958298733176e-13,8.008572131034869e-14,0.695731223677285
3292,5.290886875508801e-13,5.755988144024088e-13,2.716452356494558e-13,0.6947393151698634
3293,2.75214229534025e-13,1.6062073649824053e-13,1.7307610104245732e-13,0.707214797148481
3294,4.898127946228378e-13,4.774914894461008e-13,2.724633633635537e-13,0.6930812347913161
3295,2.1576736845618944e-14,3.985240350305754e-14,1.448842026633918e-14,0.6668986835749819
3296,1.4828708838553358e-13,1.401881355902529e-13,8.228784314731754e-14,0.6659752187901177
3297,6.154932337898621e-13,4.617747777391426e-13,4.678500369342887e-13,0.6644328840309754
3298,5.721984450495416e-13,7.965597592758393e-12,7.838339727760509e-13,0.620352120680036
3299,1.5289182123113946e-12,2.426279401393541e-12,8.642783112612581e-13,0.6871058285818435
3300,8.379102880855244e-14,8.180026937734708e-14,7.661652489015826e-14,0.6581240250379778
3301,3.981880024612865e-13,5.077832020975843e-13,1.55054783104258e-13,0.721627686964348
3302,3.788370268307139e-13,5.843190249604143e-13,2.658567284351433e-13,0.7203742766752839
3303,7.14486348153152e-14,9.745240106947804e-14,3.1659307686338755e-14,0.7003216391429306
3304,8.366238907584006e-14,5.907072993375719e-14,5.961138882932168e-14,0.6934400726109743
3305,3.533238648525906e-13,2.978055500369732e-13,1.1861469890319715e-13,0.7277732745511457
3306,1.3118603180282411e-12,9.83944005165273e-13,1.0310527965114245e-12,0.6989623812492937
3307,3.4247266617588884e-14,1.4991746365735897e-13,1.355215969589059e-14,0.6634551990195178
3308,9.56791197263378e-14,6.358867198158446e-14,6.826904834405106e-14,0.718523230473511
3309,1.3497455837468556e-13,1.5381524538269125e-13,6.913529151355908e-14,0.7118855495704338
3310,1.8299947090268034e-13,2.4468991565653903e-13,1.83596030950415e-13,0.6481393888010644
3311,4.2478936451814034e-13,4.8488526429543655e-11,1.8693292978017627e-12,0.6046267191937659
3312,1.1094776957342576e-12,5.058588866999224e-13,3.5797100397854574e-13,0.7031237647403031
3313,2.7363274174212457e-13,3.1780360459175514e-13,1.9785277804183086e-13,0.7090975829632953
3314,5.782160832991227e-14,3.046261318356388e-14,3.4553979183029726e-14,0.6941685064695775
3315,5.72881069291649e-14,4.059242951341705e-14,4.5943540441761865e-14,0.6914259489858523
3316,4.29745204434783e-12,3.076033248001963e-10,1.0776425714068552e-11,0.6138210789533332
3317,7.69411595556699e-14,7.137497975669885e-14,2.7301429705192758e-14,0.6646562561858446
3318,2.4529405499673905e-13,3.0618182043535894e-13,1.682580029084461e-13,0.7204772510798648
3319,5.852989552254967e-13,4.682939348810458e-13,2.201134122492493e-13,0.7161574780475348
3320,2.9575569439479656e-14,1.698302355990298e-14,8.19551613087659e-15,0.6950724037829786
3321,3.9694186769740573e-14,2.811509720000242e-13,1.821744350509444e-14,0.6395173767930828
3322,6.725707227996212e-14,4.222478575995372e-14,4.156964747806791e-14,0.6821024326607585
3323,7.864247730890982e-14,1.460134434758034e-13,6.538680997693061e-14,0.6606075955554843
3324,6.440175703789175e-14,1.2046001929298935e-13,6.308954302594845e-14,0.7005824493477121
3325,3.6289739629312525e-13,5.871241646412002e-13,2.2775641533201876e-13,0.7202802791493014
3326,3.454760319655191e-14,2.491135852684019e-14,2.2577986662489083e-14,0.6912680943496525
3327,1.3176473359856477e-13,1.164490701313669e-13,6.192928856144717e-14,0.7054165982175619
3328,1.620891700910497e-13,1.1615549144780664e-13,6.411923587111989e-14,0.7331612657289952
3329,2.6068534584121327e-13,1.8856308968072595e-13,1.5262009768259471e-13,0.7164674417115748
3330,9.910614135127719e-14,5.2792771680701324e-14,7.755265610802094e-14,0.6782689834362827
3331,4.675081571844224e-14,5.058192909493113e-14,2.4465980633929015e-14,0.6974791339831427
3332,1.203563686650883e-13,8.359813321572683e-14,1.015463098413399e-13,0.6927065985975787
3333,7.34528646407871e-12,1.1676461021546652e-11,5.233711258420338e-12,0.784827275481075
3334,5.000934897729179e-13,3.971443981100653e-13,1.747570250479327e-13,0.6386166261509061
3335,1.8750224829806074e-13,2.2118298073620258e-13,1.2325191653370443e-13,0.6491407091962174
3336,3.857140694991892e-13,4.082420773889519e-13,3.3393865548110575e-13,0.7398838601075113
3337,1.5520878248469743e-13,1.3500439010181208e-12,1.4885950746021242e-13,0.6341861454769969
3338,1.0010974257358737e-12,9.19024273935344e-13,7.761927593258933e-13,0.7433125041890889
3339,5.277673496936928e-14,8.279133613279578e-14,2.6577408018719867e-14,0.6597393787116743
3340,1.5778732411332067e-13,1.66074476299812e-13,1.201526964433786e-13,0.6956300242571161
3341,7.739107045009765e-14,1.4872304571138504e-13,3.8781199041646774e-14,0.6726472026668489
3342,1.746458327733692e-13,3.856816625251016e-13,1.488682197975151e-13,0.691036234726198
3343,3.292332867139721e-14,2.787089495859118e-14,1.855461968982781e-14,0.6940551257226616
3344,6.454693825646164e-14,1.8658241418307917e-13,4.628982191114332e-14,0.6591099287848919
3345,3.72799564236899e-14,4.7276722055419894e-14,2.4264724188100892e-14,0.6614819146809168
3346,8.585859873392348e-14,5.211977155267629e-14,4.9704619562374364e-14,0.6963808510219678
3347,1.1656309830939415e-13,2.0008955742435845e-13,1.0684866058053971e-13,0.6978013699408621
3348,7.803301706649984e-14,5.6104122175660654e-14,3.260536373407468e-14,0.718017882714048
3349,4.531421950862199e-14,3.7546975484747665e-14,2.246862530421176e-14,0.6778480750508606
3350,2.3413998283411642e-12,2.6417086762420207e-12,2.028334168417631e-12,0.7490411886014045
3351,1.2040968212842805e-13,1.9350475209174072e-13,1.1141947563507888e-13,0.6625991504755803
3352,3.0691805857888795e-13,4.1151969421974077e-13,2.9743940451671876e-13,0.66379280568799
3353,2.8270925987759696e-14,2.168667226190946e-14,1.0001281655555243e-14,0.6646687376894989
3354,6.189223308099925e-14,1.0725418302621206e-13,2.4288123099910278e-14,0.6992864970350638
3355,1.3202706187270396e-13,1.7176847737365312e-13,1.1879903321812304e-13,0.6817166591528803
3356,1.9206318529756847e-14,1.1976422930901714e-14,1.0199011763854999e-14,0.693036739830859
3357,1.4696356322723683e-13,1.4368348883031536e-13,6.728164364643211e-14,0.7058804247295484
3358,4.058972140074466e-14,4.565456527733578e-14,2.0194088526291443e-14,0.6817474502837285
3359,6.620485987546827e-14,2.5975971204352644e-14,3.3524299134192593e-14,0.6808330523432232
3360,1.4487615347767862e-13,9.817506757743443e-14,8.442238863949067e-14,0.6919697807170451
3361,9.91148551676687e-14,2.471210063327579e-13,9.417490881557362e-14,0.6382615038193762
3362,1.5832658045819854e-13,2.6218444560565448e-12,2.261366117564723e-13,0.6183873116853646
3363,4.562972082183617e-14,2.6732248239965416e-14,2.9430567002508015e-14,0.6956808698130772
3364,2.8478024708092316e-13,2.6569424380759546e-13,1.1834426330324487e-13,0.6884117672918364
3365,3.215746746711111e-14,2.0329826666233976e-14,1.7832807365045978e-14,0.7042646950343624
3366,1.8643113498006724e-13,7.782375369679993e-14,1.0025501989357197e-13,0.6861885514575988
3367,6.146704597763172e-14,8.545267866523841e-14,3.894096711283645e-14,0.6914936393033713
3368,1.976155658447266e-12,1.160422665272509e-12,4.617787459326332e-13,0.6953505463432521
3369,2.8042136096840437e-13,4.2033432869006595e-13,2.421281654226004e-13,0.638528493733611
3370,7.905175218953594e-14,8.683085719969535e-14,5.896667300577662e-14,0.7012753046816215
3371,4.0076708398259777e-14,3.176030289089543e-14,2.5915594001239303e-14,0.6910798005526886
3372,7.118777583906834e-13,1.409246661159065e-12,2.0936047986733068e-13,0.6879447336308658
3373,1.6746152443913878e-13,1.8555801047125716e-13,1.1233512384380146e-13,0.6816317062941379
3374,7.522597612315277e-13,2.7613019635679203e-12,3.8467775470257267e-13,0.6533790750312619
3375,4.2542777793321844e-14,2.128295320997801e-14,1.490959155867163e-14,0.6962185483193025
3376,3.9462305383887735e-14,1.0806632658727321e-13,1.1930152040705293e-14,0.6502787332399749
3377,1.6560825414776146e-13,2.314550739433136e-13,1.1777427925671607e-13,0.6612281978246756
3378,3.487442487597188e-14,4.1520665499246675e-14,2.1316739479183486e-14,0.6766564273391851
3379,4.275230235059841e-13,7.035325208615313e-13,3.216506504980785e-13,0.7507824065163732
3380,2.390508387097998e-13,3.1757287384162137e-13,1.310157172063713e-13,0.7296521568670868
3381,2.287491905402906e-14,1.6974800574441597e-14,1.3640093923879417e-14,0.6606642935890704
3382,1.4558677295222056e-13,1.5549306883617338e-13,1.2045583447387218e-13,0.6974996131844818
3383,1.3908964508218133e-13,2.2984259492627495e-13,1.0567434428711718e-13,0.7366508432431147
3384,1.0966934745945277e-13,3.9796646114607896e-13,6.390611030529207e-14,0.6494622858939693
3385,2.571237211773409e-13,1.4560956856996344e-13,1.74659588412139e-13,0.7395127738825977
3386,5.170483695174688e-13,4.635975206747565e-13,3.9690909529260784e-13,0.6623647674336098
3387,1.637901530435507e-13,6.342612096002962e-14,4.146269463447632e-14,0.7461111262906343
3388,9.455563097995685e-13,1.1482608641556114e-12,9.374350185308705e-13,0.7152532584732398
3389,1.5723641674980402e-13,5.880955312837109e-13,9.47336083090518e-14,0.6401957263238728
3390,6.457035415673449e-14,7.493711600096622e-14,3.1588768959668724e-14,0.7091456132708117
3391,2.0864891824945393e-13,1.8949919445422998e-13,8.420857087728242e-14,0.6365095294662751
3392,5.653066166418989e-13,4.880385077588504e-13,5.138519290736794e-13,0.7374231035355479
3393,1.8457722532353924e-13,1.905380970008402e-13,1.1594350532798037e-13,0.6881085981847719
3394,2.3997116746285305e-13,1.696059425929653e-13,9.809160934080804e-14,0.7136709057725966
3395,1.1389864288926867e-13,1.224607676215087e-13,6.433709671283695e-14,0.7001396942418069
3396,2.578149211172211e-13,1.1952932468142854e-13,1.0257213957748175e-13,0.7500900436658412
3397,3.5252461903001776e-14,2.2358924989418715e-14,1.2280046629283296e-14,0.6923924685455859
3398,5.6668930009547404e-14,7.03290534663898e-14,2.2085352106149437e-14,0.6944840368581936
3399,1.583404616703684e-14,3.644032659194594e-14,7.325053634921084e-15,0.68631995273754
3400,1.3651272154952237e-13,5.165513765463237e-14,3.904661920452101e-14,0.722644002456218
3401,6.083470202312298e-14,2.4710394488269942e-14,3.831652727010916e-14,0.6905308967223391
3402,7.082262665641253e-13,8.27560128083029e-13,6.296925982020124e-13,0.7345475914189592
3403,7.211064707445415e-14,4.921401535880542e-14,5.953642229333599e-14,0.708406594581902
3404,4.3849413154507855e-13,6.429682645160809e-13,2.6789168521273115e-13,0.6785710509051569
3405,1.2158070449607317e-13,8.708089094725405e-14,7.664722901725994e-14,0.7000064375810325
3406,9.762678021014128e-14,4.79079194717335e-14,6.156181231684109e-14,0.712657090392895
3407,2.3750504092310782e-12,1.9715752240601322e-12,1.3068576216759571e-12,0.6995605738833547
3408,1.4868490064655552e-11,6.862634839022707e-12,1.0140206933936395e-11,0.7498668341897428
3409,2.1308898742665782e-13,1.848663394661337e-13,1.1103681889177719e-13,0.6481145408935844
3410,9.147005187732403e-14,1.6923973361035623e-13,4.508624225658863e-14,0.6560122769442387
3411,9.862104625866908e-14,7.413544314050123e-14,7.972697036653675e-14,0.6960811073426157
3412,1.478684883898011e-13,1.1413159742583312e-13,1.345624743255642e-13,0.7088825677754358
3413,5.925236863302982e-14,6.811689727280417e-14,5.122726553587533e-14,0.6903100759489462
3414,7.171512464615977e-14,9.197235441228428e-14,1.9730682560112607e-14,0.669160766992718
3415,3.6108350183072156e-13,4.0334630682882017e-13,2.81427049822561e-13,0.7125014287186786
3416,9.541895158641128e-14,8.217869330260218e-14,7.290880874155033e-14,0.6926874562865123
3417,1.0986735637880063e-13,1.1657472710679477e-13,7.366431916693487e-14,0.7075586116872727
3418,6.820817409426e-13,5.870735653039642e-13,5.64072588151626e-13,0.7407722490373999
3419,1.2693165998525974e-13,2.0554911937741204e-13,9.99579715000097e-14,0.6971106176730245
3420,4.486159253837396e-14,4.1813941368031227e-14,3.4666994933577764e-14,0.6948892896994948
3421,4.215684037626083e-13,5.570359997444425e-13,2.3143591603165685e-13,0.7129990658722818
3422,1.4116500001437798e-13,1.9415137690094273e-13,1.3562946375501037e-13,0.6389951924327761
3423,7.025416935523831e-14,1.2469942633329023e-13,6.98502390661473e-14,0.6985182206612081
3424,4.054135220222154e-11,2.881652337653556e-11,2.774873884129051e-11,0.7031898010056465
3425,1.9308272308620698e-14,1.1917716239122005e-14,6.9963372214479054e-15,0.6920344985090197
3426,3.12450422931642e-13,4.689352260807372e-13,9.786003116815865e-14,0.733226559497416
3427,2.0558094865366876e-12,2.041158275360441e-12,1.583350367943756e-12,0.746314226416871
3428,2.962319262090593e-14,1.696152967603986e-13,1.4097596247152425e-14,0.6500431801658124
3429,1.1464998188075376e-12,4.538715729514923e-12,8.199404207412998e-13,0.6637458488112316
3430,4.065474077026822e-13,2.467217154716232e-13,2.571909204969875e-13,0.7104224984534084
3431,3.219974876916087e-14,5.553542344872455e-14,1.974326915922293e-14,0.6937754694372416
3432,2.9676234464523435e-14,1.5022862281406944e-14,1.004476979915628e-14,0.6940244199940935
3433,3.6514086959429385e-14,6.540640975613332e-14,2.0232750660727326e-14,0.6863425604766235
3434,1.2185123724650152e-11,6.311268325392494e-10,2.9138760124842464e-11,0.6236644197488204
3435,8.775791949205406e-14,1.8457083751402627e-13,5.719959378048502e-14,0.6695085308747366
3436,6.861456809774987e-12,6.829609070862476e-11,5.153696822409675e-12,0.6445945251733065
3437,4.4567825438409966e-14,4.515622395822329e-14,1.8434621260600536e-14,0.6826321766362525
3438,1.4997518591844206e-13,2.0925954856685562e-13,1.0850957526001199e-13,0.7050961456960068
3439,3.715420185461905e-14,6.821172318770148e-14,1.5874879506483807e-14,0.6634040608769283
3440,4.575352789492764e-14,1.0289944069010111e-13,2.578347438958864e-14,0.7081304137594998
3441,9.721097689266014e-14,1.5574667472830607e-13,5.5464409517464436e-14,0.73602971797809
3442,9.300254912789082e-14,1.1241797068420093e-13,5.04877142200344e-14,0.7058130824007094
3443,2.9693732523569054e-14,8.2349113307438e-15,8.935925492517673e-15,0.6937197524355725
3444,9.870190016866885e-14,5.453909336651812e-14,7.146023262572952e-14,0.7053740226197988
3445,5.105812237917282e-14,3.8544063564286215e-14,3.51289131496354e-14,0.6994545640656724
3446,9.444920170740828e-14,9.080121766689037e-14,7.75665851174589e-14,0.6871273472672328
3447,8.106262237850192e-14,6.41133386828055e-14,3.5829297679762437e-14,0.7161060342798009
3448,4.8959974443664384e-14,1.1606926723083621e-14,2.5861166753541934e-14,0.6930642433464527
3449,3.944886137741305e-14,1.608364697972943e-14,2.4125286218071138e-14,0.6946738585596904
3450,3.2888422559646324e-14,3.684570876728999e-14,1.8826560824651967e-14,0.6782461357768625
3451,1.707578195734679e-12,2.271176899327477e-12,1.2434094657160935e-12,0.7263421225594356
3452,8.374931975886299e-13,3.973553742225197e-13,4.1773029563747964e-13,0.7695276081562042
3453,1.814511556896828e-13,1.813019926083346e-12,1.346980030885824e-13,0.6173669834504836
3454,8.79639212204509e-14,1.0678967199762333e-13,7.892871323946572e-14,0.6925824595848098
3455,3.0395781207059855e-14,6.362959446373278e-14,1.7832263262662094e-14,0.6677134080906398
3456,3.5493806501609966e-14,3.213875277629488e-14,1.9940042091142468e-14,0.6931500025559216
3457,2.295664225045996e-13,1.6825046976302928e-13,1.5111419295398787e-13,0.6809517862158827
3458,7.820202198906147e-13,8.823413994253159e-13,5.745721238255539e-13,0.6962162035284564
3459,4.601552059921285e-13,1.3469764429163076e-11,4.4916799030529696e-13,0.6395835727860686
3460,7.305202752747868e-14,4.9118608181363497e-14,4.2989919644642614e-14,0.6937651329906658
3461,1.3501753380103084e-13,1.1869665822147526e-13,1.0612292758222632e-13,0.6923497339244932
3462,1.329772274614612e-13,3.6995763346047663e-13,7.236872048106109e-14,0.6509969012578949
3463,1.7729753746855838e-13,2.4873413060575813e-13,1.3938525440980017e-13,0.7299559303792194
3464,5.517285179314405e-14,3.230066028712298e-14,4.76067911655533e-14,0.6841037727892398
3465,1.774156357928962e-13,3.471750191578936e-13,1.8943307592298934e-13,0.6473120634676889
3466,1.765601793550876e-14,1.2358082883822738e-14,1.3204629411778584e-14,0.6938655062578618
3467,4.015406777821266e-13,9.945685181804484e-13,3.398945541525606e-13,0.684505645930767
3468,4.263794733146852e-14,3.101279782700826e-14,1.9750147419490964e-14,0.6932826768606901
3469,9.539168458418709e-14,1.7704616255041866e-13,5.749188092546111e-14,0.6537223801482469
3470,1.214531831773788e-13,1.0418511292431782e-13,6.671784707139856e-14,0.7006624032277614
3471,1.1750471567865367e-13,3.187574394743514e-13,5.2935105662014006e-14,0.670556988089811
3472,1.578564009130707e-13,4.626021022077902e-12,3.013244444704841e-13,0.622037754219491
3473,1.762413818318228e-14,1.9179091645477004e-14,8.21876113078006e-15,0.6947096016490832
3474,2.3049239599769896e-13,3.1328706639817547e-13,1.7881780775004151e-13,0.7393523713108152
3475,6.158672446088132e-14,5.195815943025205e-14,4.055162814368196e-14,0.7133571023354307
3476,1.6825438871039265e-13,1.4571868408781884e-13,6.779704633057883e-14,0.7051734244916588
3477,1.5123560272505477e-13,6.358939681790833e-14,8.281469179839656e-14,0.6939820478204638
3478,5.833133057071152e-13,6.082169129314639e-13,2.4793976726103786e-13,0.7252845042850822
3479,1.4146116289822148e-12,1.08944140953247e-12,1.1626901802325505e-12,0.6328691931208595
3480,2.065830050833083e-13,2.4846836844923267e-13,1.404053765284319e-13,0.7043320981319994
3481,1.1296203651913353e-13,8.978835473892399e-14,5.004371130928697e-14,0.6719168665702455
3482,1.6610330772470055e-13,1.5812263816248685e-13,1.409353793781279e-13,0.6816553722484968
3483,5.1424910334498017e-14,4.456092483619097e-14,3.5395346786303725e-14,0.7002987528918311
3484,4.0267410508116046e-13,1.580917832450407e-11,4.696112196870047e-13,0.6341473934007809
3485,2.516066443210483e-14,7.356202174856953e-14,2.0231904969157773e-14,0.6555315117933788
3486,4.337563328323709e-13,4.733677878549171e-13,2.134198160705642e-13,0.7113538231002167
3487,1.0994489915823125e-13,1.0050129701205782e-13,6.82502432467086e-14,0.6983252691105009
3488,8.707275246471532e-14,4.2341865510278127e-14,4.6016783781793015e-14,0.6934794759843499
3489,3.4808938084047375e-14,3.640374397616255e-14,1.350778296401064e-14,0.692755636642687
3490,1.567034132674371e-13,8.338587463027145e-14,1.0764254478443896e-13,0.6932847648626194
3491,2.5939098619656337e-13,3.0653565674981746e-13,1.5766262184747149e-13,0.6930207085795701
3492,2.890214678783297e-14,4.139833795291692e-14,1.2788241279399932e-14,0.7023629331495613
3493,1.3288858839317982e-12,5.486295497524111e-13,5.829089599941247e-13,0.772237609885633
3494,7.991187129790386e-14,1.0179713503457771e-13,4.1733979792451585e-14,0.7092865299899132
3495,4.556915218592084e-13,3.7867931125203867e-13,2.82129692461202e-13,0.7368567334488034
3496,2.326260496264486e-13,3.241527202383195e-13,1.3375238959622385e-13,0.6822485330747441
3497,5.235232155903629e-13,5.436211908905637e-13,3.564675956532523e-13,0.6822885268600658
3498,8.850241627463991e-14,4.106673677663776e-14,6.273621713417268e-14,0.6931212234776467
3499,1.1749215065842006e-13,9.659149466726841e-14,5.2499276512858854e-14,0.7014394108671695
3500,4.7279273453934395e-14,5.2626743333834826e-14,2.4169898362268734e-14,0.6672924451180734
3501,1.2820677902509597e-13,8.474808311230176e-14,9.608861479413654e-14,0.7045328442938625
3502,1.1200867046232091e-13,2.2490076695218506e-13,9.738472780521576e-14,0.6904714367701672
3503,3.466717115067025e-14,2.4393708664740273e-14,1.9980765397698456e-14,0.6908877218840643
3504,2.2846971654645817e-13,1.4253059346991988e-13,9.344560641604656e-14,0.7006892673438415
3505,2.3223697096452996e-13,1.8257964198599336e-13,1.9029173013869146e-13,0.7107222839025781
3506,2.30026529976434e-14,1.961149928383465e-14,1.821783389266729e-14,0.683176939713303
3507,7.605992272475961e-13,5.853664963097468e-13,4.817603646863909e-13,0.6937713039340452
3508,4.528849816847792e-14,1.1515838727538504e-13,2.7871379930597327e-14,0.6468251300044358
3509,7.891931972301892e-14,5.836292633337121e-14,5.6162451815899426e-14,0.6964033424388617
3510,1.2914313135226758e-13,1.160381771382897e-13,9.636899985707631e-14,0.7013350615743548
3511,6.772166139994118e-14,7.940578896288098e-14,4.457439070878488e-14,0.6959920954424887
3512,1.4268282211019666e-13,9.789411251967865e-14,1.0081944348168999e-13,0.7044162636157125
3513,2.894342558208445e-13,1.2428323108399534e-13,1.7444249123646872e-13,0.6935883186757564
3514,1.9215327287468388e-13,1.7691216200739677e-13,1.5010946362998397e-13,0.6752669320674614
3515,2.9781454653948705e-14,5.733625359585085e-14,1.774775756548865e-14,0.6800729433540255
3516,7.807001279129427e-14,7.767453948819136e-14,5.6127826475666456e-14,0.6932718622731044
3517,2.4520131521360007e-14,3.663107522096459e-14,1.625170194996108e-14,0.6765924444887788
3518,5.0788347373136565e-14,6.296698829060976e-14,3.417094688090463e-14,0.7011166952550412
3519,1.6324493476464366e-13,1.8148266433385108e-13,8.794720007195482e-14,0.6944698659935966
3520,5.851867103951254e-13,5.561096606493448e-13,3.909712006196705e-13,0.7244695432716981
3521,8.307004116783481e-14,1.172807914524605e-13,8.006490136525738e-14,0.7122800244018436
3522,3.1538890081358956e-14,5.158413247014389e-14,2.033521600564123e-14,0.7016915076645092
3523,2.9692547789633345e-14,3.419014608738585e-14,9.20202962336065e-15,0.6946350534679369
3524,2.7612064283653003e-14,2.0767574428526016e-14,1.534301322875037e-14,0.6748468016157858
3525,1.0625958032615618e-13,5.916915822619621e-14,5.383819667510496e-14,0.6702002313337289
3526,1.3575425466647261e-13,1.0564562891411551e-13,9.391352373621893e-14,0.6881661751191132
3527,4.6599293683081763e-14,3.133247280956016e-14,3.065626334197193e-14,0.7005059311632067
3528,7.450534770739166e-14,5.853149273162852e-14,4.341482718060723e-14,0.6681270159897394
3529,4.768855446967922e-14,1.696226374176327e-13,3.437906084640591e-14,0.6657257568091154
3530,1.1436904633730317e-13,6.65584836888806e-12,3.225876617186017e-13,0.6089397571166046
3531,3.682456487098372e-14,5.969997987263585e-14,2.1152879457774323e-14,0.6709542106720618
3532,5.222824926752314e-14,5.6211082181886436e-14,2.853272921206165e-14,0.6738447559298948
3533,1.7355454958515843e-13,1.2856522128981204e-13,9.871117795958693e-14,0.7033168010180816
3534,2.362763805668273e-13,2.565070842943654e-13,1.774243706326486e-13,0.7336839813971892
3535,2.489573215117536e-13,3.1286458626468776e-13,1.1505461708499707e-13,0.7493218159768731
3536,7.874282991202682e-12,9.803506779646225e-12,4.757077672005796e-12,0.6790616439189762
3537,3.22625175055703e-13,2.783299955412742e-13,2.5549885794307374e-13,0.7148546831449494
3538,4.120656060022912e-14,7.070670362464025e-14,2.260829100391676e-14,0.6909403943922371
3539,2.1364244366609088e-13,2.5523270231245505e-13,1.0215273876627631e-13,0.7020044666249305
3540,5.729890439698746e-14,2.8792446309642305e-14,3.961828891931769e-14,0.6941269894130528
3541,2.2497154560345392e-14,4.0649068093917854e-14,2.1786275698581375e-14,0.694743835250847
3542,1.662843691874974e-13,3.262810823445274e-13,6.85440627576042e-14,0.6444904095842503
3543,7.615294911867541e-13,2.4397193820500405e-11,9.19359815477954e-13,0.6321318832109682
3544,7.35487643180595e-14,6.488269067008621e-14,6.274191494715083e-14,0.6761671639978886
3545,6.880567180016048e-14,1.7313992552539907e-13,5.619606708714559e-14,0.6760699324426241
3546,3.219226372487787e-13,2.2067769898438e-12,2.1563386689495746e-13,0.6117254633514676
3547,9.730904875995392e-14,5.30475293321102e-14,4.692244382064191e-14,0.6627283156733028
3548,1.183349663833963e-13,1.1375447688581423e-13,9.267561377330041e-14,0.6628033666638657
3549,5.864772963974009e-14,1.0970415045784822e-13,4.985600659040575e-14,0.6746523648966104
3550,5.0796671690233686e-14,4.3065166989361806e-14,2.867661622327856e-14,0.6658693039906212
3551,2.995086984315401e-13,2.3579820467497e-13,2.1505949087825962e-13,0.7012515626382083
3552,8.202925119043671e-14,5.1379636513003094e-14,3.999178740991101e-14,0.7012232494540512
3553,2.922949618796254e-13,3.679233633949833e-13,2.2070215506396754e-13,0.7227751795202494
3554,1.7361171557524813e-13,1.304736021818129e-13,1.1163038331563732e-13,0.6974157505203038
3555,5.803637432788775e-14,4.7940829808662246e-14,3.067737242829268e-14,0.7145683810813352
3556,9.883660284792678e-13,2.8345446627682537e-12,5.026550117336145e-13,0.7173837159993127
3557,1.286167084313271e-13,2.349068502227352e-13,5.1035008262590476e-14,0.6700470961048268
3558,3.8775147145889476e-13,6.169657701221714e-13,3.049289191262181e-13,0.7042391948401928
3559,5.006309069535677e-14,1.028994228375309e-13,3.8308453201702523e-14,0.6926807997049764
3560,3.555275248719084e-13,1.8461174434817735e-12,1.6115601211606772e-13,0.6494662468205206
3561,1.3005169352918953e-13,9.021658084404991e-14,1.154330442943566e-13,0.7047123840311542
3562,1.3270655519926827e-12,1.3384200000277724e-12,1.1880726827705756e-12,0.750503608211875
3563,1.5215079210975036e-13,1.6045156196176183e-13,1.326722582228158e-13,0.6895378169137985
3564,7.035686273369813e-14,6.474271464268939e-14,5.425917899340372e-14,0.6801228836760856
3565,8.73173948539566e-14,8.059726781299096e-14,7.285148370634783e-14,0.6724547016550787
3566,3.639489012182797e-13,2.4117182580596433e-13,2.826663047729576e-13,0.6887505939695984
3567,3.705614518846297e-14,4.368277195330012e-14,1.151907905120469e-14,0.703890901315026
3568,6.569635958316696e-13,2.182075712909266e-13,3.3583159616375145e-13,0.7162893146509305
3569,4.167919496692194e-14,4.7711525223307674e-14,2.4479513809558457e-14,0.7181298248236999
3570,2.7229526269571434e-14,6.275839791306561e-14,2.290798189094541e-14,0.6851903404924087
3571,2.774660848329386e-13,2.288791471662346e-13,1.0573930435049159e-13,0.6957450409419834
3572,1.461662495512284e-13,8.699142066724473e-14,9.731181140506249e-14,0.687078111874871
3573,1.0221379089520847e-13,7.463045933961564e-14,7.029666182659377e-14,0.7087021646322682
3574,2.656832837365964e-13,8.227115808998695e-12,2.7344215783111306e-13,0.6114951332565397
3575,1.2480073032906889e-13,1.847362490433921e-13,9.771952615921297e-14,0.6220622032880783
3576,2.6149165530977566e-12,2.292124289109573e-12,1.67872189495169e-12,0.799884370341897
3577,2.8065025326398373e-13,2.215844242099715e-13,2.0035984317226478e-13,0.7084027712000533
3578,1.0846718960690813e-13,1.5290956429150163e-13,3.487432896445026e-14,0.6595719779608771
3579,9.695330496219888e-14,1.8666194721216402e-13,4.0372376341525064e-14,0.6587623839033767
3580,1.3716448776497495e-13,1.230374083488963e-13,1.230800315448212e-13,0.7090798321645707
3581,1.1424836657113597e-13,9.59401516943033e-14,5.153671110045204e-14,0.7277331411838531
3582,5.874305188155504e-14,1.1663146560528377e-13,1.3463822321058394e-14,0.6510412069503217
3583,1.3507806793248715e-13,1.3166480630850252e-13,9.737102792029807e-14,0.6700770454714075
3584,3.436299894927371e-13,3.90847750928704e-13,2.140441441534019e-13,0.6883302164729684
3585,2.960705906132155e-13,3.414203338425236e-13,2.781580854760087e-13,0.7233606895664707
3586,1.5792045629728892e-12,1.6535097368145649e-12,1.2927657705219715e-12,0.7541047457139939
3587,4.4072031624347144e-13,4.920931496244178e-12,3.5687619000837266e-13,0.6245004461146891
3588,1.684427294715746e-13,1.56359809588561e-13,8.960644951298284e-14,0.7232135845348239
3589,1.5130494000482297e-13,2.1574577440914369e-13,8.105008223626931e-14,0.6827389450510963
3590,7.311801161372175e-13,3.262049879560117e-13,3.992601956305793e-13,0.7179624970536679
3591,1.2677194739955192e-13,3.152985117729857e-14,3.5098991028147247e-14,0.723224739357829
3592,8.784348291007207e-14,8.303032323071759e-14,4.835608136966514e-14,0.6503750478266739
3593,5.1728556684933724e-14,1.1897363258999303e-13,2.5748047535788946e-14,0.6640753362211399
3594,6.126162244780306e-14,1.0892893865890186e-13,2.044731967801237e-14,0.6722018423606642
3595,3.048009453721533e-13,2.5395615075959294e-13,2.780969772569199e-13,0.67551029213937
3596,1.3873878691343277e-13,1.7026793879366609e-13,1.143427133868129e-13,0.6858417778043077
3597,4.329254414670484e-14,3.817378971278753e-14,2.858564972183018e-14,0.7050659835571423
3598,2.948138056547669e-14,8.981882792264168e-15,1.580305469876633e-14,0.6944652233738452
3599,7.872535332528612e-14,8.836527545228704e-14,5.867617891412397e-14,0.680698967340868
3600,1.0832833303490839e-13,1.1438521408388444e-13,1.0369060643354633e-13,0.6956781439948827
3601,3.01310845148344e-13,2.8517776058652563e-13,2.1587452728759313e-13,0.7177953482838347
3602,4.589978859931255e-12,7.608115814770298e-12,4.576966070152902e-12,0.6703977501252666
3603,3.070250275321461e-14,2.5597067755499688e-14,1.672280568666571e-14,0.6975858328631148
3604,5.0315847993891355e-14,4.02702125744875e-14,3.652791568693164e-14,0.6832455084193498
3605,4.8489084495456465e-14,3.369077847582822e-14,3.9071601335200927e-14,0.6866565882344731
3606,5.63870865352139e-14,5.826368816118969e-14,4.486392017665661e-14,0.6569061507587322
3607,1.220630576099583e-13,1.3923013924014805e-13,7.463750564498746e-14,0.6810660825460217
3608,1.0466023672447346e-13,9.625898168948964e-14,9.183430657382123e-14,0.7073005824349821
3609,5.988169059355095e-13,7.653615844736354e-13,4.0606349889335183e-13,0.6610251419828274
3610,1.2006495896749672e-11,8.779645016563569e-12,9.07819629765358e-12,0.757701600017026
3611,3.3872308598913624e-14,2.4993425158045103e-14,2.747795816729645e-14,0.6775974247022531
3612,8.263852570292393e-14,5.131144817303573e-14,6.320826845536734e-14,0.6986420984379947
3613,2.3355164235668476e-14,6.000744961747806e-14,1.2741976975329895e-14,0.6412413904443384
3614,5.097972192772837e-14,1.9115693742880273e-13,2.7513067013823488e-14,0.6562934576068074
3615,4.528359156834231e-14,5.229447070932607e-14,2.379519566670925e-14,0.7260094238212332
3616,2.3600282024472003e-13,1.8828654730004482e-13,1.7397398560782765e-13,0.6563748785993084
3617,1.7710894258291053e-12,4.300261350604739e-12,6.473193987723944e-13,0.7633653755765408
3618,4.3706514796366733e-13,9.016705405220984e-13,3.034534859682958e-13,0.6788238123059273
3619,6.767477610160597e-14,6.827178021696037e-14,4.061086896334179e-14,0.708076463220641
3620,1.07247988321658e-13,1.7385389582008384e-13,8.300449068552454e-14,0.6812683874042704
3621,8.190802872999069e-14,1.3541423626604696e-13,5.974175779272477e-14,0.7105473389616236
3622,6.1025138056650246e-12,1.0214835021457953e-11,5.2791869829626515e-12,0.7445772057864815
3623,2.5561266105407166e-13,1.5852555689423563e-13,2.0855407010891545e-13,0.745095944404602
3624,1.3790924523034357e-13,1.2635244300250546e-12,9.447618446632523e-14,0.6326364283333532
3625,4.192633453071266e-14,2.529165305189164e-14,1.7298940163380352e-14,0.6918914553243667
3626,1.307362738620801e-13,1.1528186355630737e-13,8.030917037793283e-14,0.6680253286147491
3627,3.2952413858640683e-13,4.704253930415517e-13,3.5258827809917144e-13,0.6801636124495417
3628,1.0270737875451447e-13,8.840311418180313e-14,8.967984803028833e-14,0.6896661367733031
3629,5.781142323889154e-14,1.195267780782147e-13,2.9920867514102295e-14,0.6644192989566363
3630,4.2438690062803264e-14,5.7197766091764e-14,2.322213335038352e-14,0.7076905098510906
3631,2.3977170534954335e-13,2.833118663275455e-13,7.365699081699584e-14,0.6953599177766592
3632,1.4193841744962721e-13,8.492701572280473e-14,1.0389966767109239e-13,0.6970881281187757
3633,4.223916979812217e-14,4.911764500504572e-14,1.9117067005474965e-14,0.7069288786733523
3634,4.6841359160646866e-14,2.807466175375269e-13,2.3109378796219252e-14,0.6461257107905112
3635,1.2177504583177465e-13,1.1281397216898749e-13,8.351622999661404e-14,0.6966788945253939
3636,4.234821887281391e-13,2.8253800421107e-13,3.0156514923431865e-13,0.7063390020513907
3637,1.3797131900802097e-13,1.6651789384341646e-13,1.1172901308275012e-13,0.6857337284367532
3638,4.291072134268175e-14,4.0614083583192416e-14,3.347627926947837e-14,0.6682749986415729
3639,2.3505179521447827e-14,3.024699246558551e-14,1.2612482497047992e-14,0.6556823181919753
3640,3.201594563267773e-13,7.830618817151071e-13,1.7371163646640795e-13,0.6464539332082495
3641,1.7212971854193236e-12,4.515340758216606e-12,1.0068231434676745e-12,0.7789304191246629
3642,8.269516833593243e-14,2.620447823520869e-13,5.3896829753139276e-14,0.7190163232386112
3643,1.2712272191984213e-13,6.789789678116735e-14,6.511912941049659e-14,0.7176595799159259
3644,2.4147982004864513e-13,1.3889865914181252e-13,1.914961903443284e-13,0.7159310292219743
3645,1.1905543175474195e-13,8.636892380748995e-14,6.727282753001828e-14,0.7233766155084596
3646,3.2094247241736245e-13,6.218054596364683e-13,2.3178396755414464e-13,0.7143910566112026
3647,5.46277352232447e-14,8.749560497304866e-14,3.600330700557606e-14,0.6943432666128502
3648,1.4232543474399934e-13,5.231959634049908e-13,1.0033038227859444e-13,0.6371379709453322
3649,7.252026262712188e-14,1.1350460931257162e-13,5.23918609394492e-14,0.714896093821153
3650,8.547306724037295e-14,8.799658972383903e-14,3.9280679584179055e-14,0.6392666182597168
3651,4.918166678625363e-12,6.263845832974714e-12,3.854373119567575e-12,0.7445720065385103
3652,3.60308196372282e-13,4.301317330080087e-13,2.0624161657574863e-13,0.7187070525484159
3653,1.0509190410507792e-13,1.2869757232096837e-13,5.769421526748276e-14,0.6924132991349324
3654,1.0730494803161072e-13,1.6256233207718377e-13,6.425382522677974e-14,0.684728806419298
3655,3.389618072963822e-13,6.215376525836815e-13,3.429512283750411e-13,0.7425670829135924
3656,1.3298129999021785e-13,1.634584845387797e-13,7.638993349364513e-14,0.6943001466104761
3657,5.1268840320578165e-14,2.2186451672494136e-13,5.5510559836790183e-14,0.63822112045018
3658,4.300453565426321e-14,7.767245736740979e-14,4.160425564698098e-14,0.7174145065248012
3659,2.0443650931765414e-13,3.0518413556640664e-13,9.899327538399757e-14,0.6965761493192986
3660,1.065978371796459e-13,2.133777907542984e-13,8.226311598247708e-14,0.6843826516764239
3661,6.878011618374695e-14,1.1253002666282454e-13,4.6997132735559575e-14,0.6881982134887948
3662,1.8323169816205682e-13,2.101198406304805e-13,1.427764283240338e-13,0.7258982873987406
3663,1.6645138776799615e-12,3.007936296940291e-12,1.0762148645148335e-12,0.6942318436224013
3664,2.3551146540830292e-14,2.0472458066675173e-14,1.3524311318555027e-14,0.6664432045421563
3665,1.4658032409476386e-13,1.0097526745125936e-13,7.785892134700838e-14,0.7058653158601373
3666,6.392592967050254e-14,3.2464123709473046e-14,2.702900803597139e-14,0.6984333211556077
3667,6.650575830978467e-14,9.048519625857806e-14,3.176332600063368e-14,0.6681626523379236
3668,1.7393419553483288e-13,1.2176396264992938e-13,1.169842221960431e-13,0.6974890223471448
3669,6.521367384500875e-14,4.931461085789613e-14,4.5046999246384755e-14,0.682818061625585
3670,5.978460206622615e-14,8.929323462552976e-14,4.230847948603613e-14,0.6517875822493806
3671,6.231379280868073e-14,7.594147831717356e-14,3.591204052874987e-14,0.694039659621194
3672,1.2845347895377852e-13,5.46936091355335e-14,8.696840406145198e-14,0.6941722345771268
3673,2.0863759762959959e-13,3.519048537073207e-13,1.0817929780754985e-13,0.6799998307251371
3674,6.304932053189897e-14,7.089806562699815e-14,3.1098463206927657e-14,0.676119000185281
3675,1.4889866954653584e-13,1.757965077574834e-13,1.370626876754608e-13,0.677080086118076
3676,2.1191952823628234e-14,3.175169214927158e-14,1.4952529253342864e-14,0.6945558890700341
3677,1.9795073424157093e-13,3.3156126870793044e-13,8.680950520295628e-14,0.6363089162274264
3678,1.8912934260297953e-13,1.5306469062999584e-13,1.4033447890288936e-13,0.6905688985367305
3679,9.468011293456623e-14,8.299807856513867e-14,7.738951015066021e-14,0.7153984849341214
3680,1.5141868834012078e-13,1.9983461402703555e-13,7.51679311006475e-14,0.6802557507297025
3681,6.051814055823325e-14,6.194677483640168e-14,2.6128249722106345e-14,0.6713166109402664
3682,2.9979423677091907e-12,5.8147386360741114e-12,1.5401554225744406e-12,0.6844389450619929
3683,6.328883507936287e-13,2.9787060969359305e-13,1.6474992111349779e-13,0.6657539678853936
3684,1.5565453313759565e-11,1.9876160116472258e-11,1.4231166537424454e-11,0.7566167613025755
3685,5.580003277778851e-14,8.957026493604741e-14,4.041734917872826e-14,0.6316812073113397
3686,5.684767780690328e-14,1.019254404266213e-13,3.4814993845645514e-14,0.7070769394049421
3687,3.7273669076000006e-14,5.533977154418697e-14,2.944196655473528e-14,0.6894874430494383
3688,3.343427252602426e-14,4.7670449166183945e-14,2.172559676341113e-14,0.6831339056836441
3689,5.060283395011863e-14,3.47241396447402e-14,3.0925293856029795e-14,0.6983181517571211
3690,1.7863530998908043e-13,2.2219843209980656e-13,9.130175117393313e-14,0.7222991018788889
3691,3.1681823176981576e-13,2.712297457133483e-13,2.732200269422434e-13,0.7472359058447182
3692,1.2277952381726025e-13,8.930854163522348e-14,6.526885506786066e-14,0.7003233438357711
3693,1.0094817790488631e-13,1.491129020790203e-13,9.984524621351975e-14,0.6864289971301332
3694,1.2747346081581445e-13,2.0441613108789142e-13,1.4221322224679547e-13,0.689115530019626
3695,3.160077659472229e-14,1.7595501700761318e-14,1.1053723571834251e-14,0.6925804749364033
3696,7.427474239881824e-14,1.2532825614561314e-13,2.4888515122313115e-14,0.702144749998115
3697,1.1796230276307915e-12,1.1517331386493095e-12,8.260292658138102e-13,0.7782395070418715
3698,1.5944729809445943e-13,1.9261458385718268e-13,9.836087210608785e-14,0.6913380678277463
3699,2.5639187335830195e-14,5.88585052169973e-14,1.8996598454373445e-14,0.6696231490001082
3700,4.392979779400841e-14,8.656699105878943e-14,1.9247417866530182e-14,0.6864023095346056
3701,1.4124178524394e-13,2.4116859627389144e-13,1.1138791445349487e-13,0.7074719090247527
3702,8.484121244928249e-14,1.0589442222716251e-13,3.664067055972585e-14,0.6897231608396396
3703,1.3099563903789594e-12,9.195862837051104e-13,1.0393725278953213e-12,0.7502751068677753
3704,1.771811243304489e-13,3.591507107529684e-13,9.434627211060745e-14,0.7352678893366829
3705,3.9949753308242544e-13,3.5042529594984944e-13,2.323819198433114e-13,0.724411635613069
3706,1.2439578751959982e-13,1.7050725633152907e-13,7.616041802917853e-14,0.7203063569031656
3707,1.0980498833873786e-12,1.0963100697312915e-12,8.324901250727431e-13,0.6980906671378762
3708,6.122739653195987e-14,5.930025440497393e-14,4.55942636236638e-14,0.6905431128572672
3709,2.7110231019698977e-14,2.5529301969942133e-14,2.039112056469894e-14,0.7115344553720206
3710,2.0152585328795756e-13,1.6082123072540605e-13,1.2795984147685086e-13,0.7142804550705477
3711,1.7808814459695447e-12,1.3811305950263334e-12,8.939456331665092e-13,0.7694254783447831
3712,3.82005373142092e-13,4.783607403860152e-13,1.6496611605002367e-13,0.7328734743408859
3713,9.466709965890467e-14,5.0734503339876725e-14,6.537986304606404e-14,0.6925422611413523
3714,4.2259783568913013e-14,5.3045586470937785e-14,2.168780474449373e-14,0.6599767670151777
3715,3.2001011880272583e-14,3.9316782514792335e-13,2.1582470660591284e-14,0.6344573277398012
3716,5.1620079893305815e-14,2.9894296324696457e-13,4.594243003714282e-14,0.6312374019180425
3717,4.056446962427671e-13,2.75512655441659e-13,2.969893917821347e-13,0.6795294457464479
3718,1.6853854933922805e-13,2.1175139168831617e-13,1.1911758334948407e-13,0.7183472238946707
3719,1.234839104849419e-13,9.469973663538957e-14,8.693903156815177e-14,0.7216460262192413
3720,4.746391482318586e-14,2.6428786960588217e-14,1.546093052202261e-14,0.6905351582914591
3721,2.739558205244064e-14,1.8093518784114833e-14,1.780209464820742e-14,0.6950134999584406
3722,5.803989336994959e-14,6.776954618172407e-14,3.219593693549618e-14,0.6902658353792503
3723,1.6994105102032616e-13,2.982312532281638e-13,8.979722782379839e-14,0.7242128616431728
3724,2.2344900534062513e-14,3.069548408531523e-14,6.891059683649938e-15,0.7054725152207538
3725,8.174158637817385e-14,7.397893934918335e-14,7.036751128010543e-14,0.702727062208578
3726,5.428355134428284e-14,7.649951400368946e-14,1.8466070735385122e-14,0.6845512719242833
3727,3.868448789078844e-14,7.626201855878424e-14,1.522274760368154e-14,0.6735752848908305
3728,1.95833179473628e-13,1.3239103128694645e-13,6.618505723056495e-14,0.7254353962140158
3729,3.236171606382117e-14,3.514902490762608e-14,1.7088677556822996e-14,0.6813411837909371
3730,2.460521293178053e-13,2.1583591324440631e-13,1.5314674040949663e-13,0.6710033816518262
3731,1.217031353811535e-13,1.531844480596768e-13,1.1051242365114639e-13,0.7095397103577852
3732,9.170129104461798e-14,8.85842465121914e-14,7.60550606946136e-14,0.7202032294822857
3733,7.010147682850864e-14,6.001257061344812e-14,5.519922849334617e-14,0.6761915824259631
3734,3.5853786614289946e-13,6.948357382266555e-13,3.569560969598958e-13,0.6728192676557228
3735,3.549376948735545e-14,2.2571954538336207e-14,2.456662739190363e-14,0.7183649666141718
3736,6.353558103313619e-14,9.738049206940408e-14,3.827271638280886e-14,0.6874665697803721
3737,2.2430840837279625e-14,1.1121484062571415e-14,1.0813709997019486e-14,0.6941249707015231
3738,7.14114007076141e-14,9.591054248447003e-14,3.204535422463565e-14,0.6726397878839634
3739,2.6247366176771386e-13,2.437049745145408e-13,2.4431423405416193e-13,0.6973596736555919
3740,1.3522647923771378e-13,1.3574513246454668e-13,9.539032158791597e-14,0.6932963462546468
3741,4.107592638558985e-14,5.2407994720035236e-14,2.1971683067002633e-14,0.671826313866768
3742,3.4061971558803324e-14,1.1849095791883017e-14,1.7242976923526478e-14,0.6885643469053321
3743,1.3464139737962462e-12,9.753693055193518e-13,9.689020745520852e-13,0.7433805325534195
3744,9.473068153659259e-13,1.0697775331011988e-12,9.266709888704598e-13,0.7690278977155686
3745,9.700616504360365e-14,4.397682011557524e-14,5.218361530073023e-14,0.696446765982546
3746,3.7942156027120143e-13,7.556741505795981e-13,2.5010262120387113e-13,0.7269372704671696
3747,5.989688496825975e-14,5.508981432519175e-14,1.993790860550921e-14,0.7141483613289893
3748,3.1405254161123696e-14,6.12990886723703e-14,2.0091503409057146e-14,0.6848643829813227
3749,4.2759098585474215e-14,1.1522131396303692e-13,2.4810788195748375e-14,0.6989921413129195
3750,1.6485724189037762e-14,2.1193934509611444e-14,8.973020824717498e-15,0.6675579080125317
3751,2.038537565012639e-12,1.994277259545156e-12,1.126461414534367e-12,0.7824155912734568
3752,2.2037475112131212e-13,2.314582529728285e-13,1.503003298528349e-13,0.6777459535514936
3753,6.666622135430107e-14,7.202310432768005e-14,5.70773396502858e-14,0.6962478882400319
3754,2.4292475159874914e-13,1.7156807425795152e-12,2.635045931172199e-13,0.7087459795409814
3755,5.4772498436979535e-14,3.302625528334117e-14,1.6565306055114772e-14,0.6578907675808295
3756,1.1910007414329702e-13,1.7614007112240793e-13,9.899515951302344e-14,0.6812969328835606
3757,9.500616041455913e-14,4.349209060743493e-14,5.1462762968013215e-14,0.7004423441365362
3758,1.4401389581042121e-13,1.9812617496243323e-13,1.2208542362452483e-13,0.6873222274472937
3759,5.52510123278798e-13,1.6308846479914466e-12,3.936552602453626e-13,0.6575567378546111
3760,7.62098820541889e-14,3.101540583545218e-14,2.796490857459962e-14,0.7028572092298419
3761,3.508715238076986e-14,4.9058213213812444e-14,2.6284545246783126e-14,0.6661038596415892
3762,1.744396167045907e-12,2.0051832247962785e-12,1.6269985670012655e-12,0.6741373415803537
3763,1.0473580344301611e-13,1.0919812841054249e-13,6.226336058928296e-14,0.732185715995729
3764,4.536196087637241e-14,1.55842451212216e-13,3.8539237628469173e-14,0.649142062291503
3765,5.693442891407998e-14,5.3361874295896433e-14,4.403366604835127e-14,0.6984367358963937
3766,1.1401340336774372e-13,9.69609756474611e-12,3.9190482421181677e-13,0.6052670028468128
3767,4.260292852638032e-14,4.199884247893076e-14,2.3478111403681753e-14,0.6867251013405621
3768,2.2099466863130962e-13,4.641008620940806e-13,1.17423309742694e-13,0.6792798539390787
3769,1.0712188346379676e-13,1.5928951221257674e-13,6.158865687513043e-14,0.6929569595726207
3770,1.0677794278196495e-12,1.6596603934218208e-12,6.58177618788025e-13,0.7481409751344472
3771,1.2758034398663825e-13,1.0835726879856052e-13,5.318709577798622e-14,0.7162084429990501
3772,2.421979651132333e-13,2.5854377329385414e-13,1.9731339969880252e-13,0.6935580479446799
3773,9.889659565399538e-14,1.1651576816781323e-13,9.138938004763504e-14,0.7104983391938731
3774,3.1859742797161295e-12,8.825503097014578e-12,2.1001378534082922e-12,0.7678911516908556
3775,4.5578591413241366e-14,8.803764353508507e-14,2.7632934121694975e-14,0.6589555991464294
3776,2.88987255990721e-14,3.4993211163031997e-14,2.328309739086879e-14,0.6892206282587722
3777,2.9199716807520357e-12,8.617071061645552e-12,1.8875493032212004e-12,0.6939610148780048
3778,1.238479592538822e-13,1.2393561524506088e-13,6.415868607712144e-14,0.7561418324708938
3779,7.391104281809495e-14,7.658068300930597e-14,5.912480088663354e-14,0.7290425712009891
3780,3.773607974640071e-14,8.094581543916262e-14,1.641692555167182e-14,0.6801507256692275
3781,2.567290713117654e-13,2.2448763275333105e-13,1.6722131023882417e-13,0.7496763611212373
3782,3.6332253842583336e-14,2.696101368827805e-14,2.52385804595904e-14,0.6940894379280508
3783,1.6941715926487424e-14,2.5509929294219382e-14,1.453800244147771e-14,0.6938258514972404
3784,6.930695775121374e-14,1.7422328592926913e-13,6.225776738246195e-14,0.6468491338309832
3785,3.961077304400205e-14,3.008173854438696e-14,1.9585625441077417e-14,0.6950839346274733
3786,3.692573194986643e-13,3.1563151630424837e-13,1.6776234431094197e-13,0.6947486208518967
3787,2.344114931804465e-13,1.1573639087335371e-11,4.322168870923566e-13,0.6336229786684271
3788,1.4085342475707205e-12,1.848987567726767e-12,8.010729906313154e-13,0.6946622078074143
3789,2.1044660444909932e-14,3.639655776375388e-14,3.766467249978273e-15,0.6956063816789537
3790,1.976843248413821e-13,2.4295012617578505e-13,1.9011325551659624e-13,0.6674388028099202
3791,9.530981176586831e-14,1.198084142804398e-13,6.505152342178798e-14,0.7055191582767293
3792,2.344092651601899e-13,2.1661140420215026e-13,1.2946421935156354e-13,0.7220907669980079
3793,1.1154911031559116e-13,8.992885418250941e-14,7.517289462566424e-14,0.7177569005638361
3794,1.342990930761126e-13,1.9749522670712876e-13,1.180926377822787e-13,0.6654129934031516
3795,4.9638362918779e-14,1.0268457599666593e-13,2.5992888356354714e-14,0.674495621281676
3796,1.7141390835375532e-13,2.382501676894964e-13,1.4289982754760231e-13,0.6803355618845671
3797,1.895844703541999e-13,3.5772112767631077e-13,1.1432946266479811e-13,0.6659233882441186
3798,1.4473489045229119e-13,3.444155500858854e-13,1.1166232478966385e-13,0.7093484849203378
3799,9.56544178577654e-14,3.764082890024054e-12,1.9594693180298002e-13,0.611981235438725
3800,1.7870509264667096e-13,4.2024823080654965e-13,1.4549773976148493e-13,0.6588750970666297
3801,1.8669586167790307e-13,2.251152727966734e-13,9.868246403070971e-14,0.6518016658024862
3802,9.435531346840076e-14,9.395104592314799e-14,8.22667469245065e-14,0.7066050733672455
3803,1.851623154353043e-14,2.0392477625323278e-14,1.602964570884943e-14,0.6853694860590622
3804,1.2705432631699628e-12,1.6740459759214608e-12,8.847152739855371e-13,0.7688855024054646
3805,1.8711322474978274e-14,2.8138766461010444e-14,1.3988189826403818e-14,0.6938301051966846
3806,4.770951410934549e-11,3.277770099070421e-11,3.4116584396217504e-11,0.7907848697155714
3807,1.04884443348655e-13,4.0995229661436333e-13,6.73666378157443e-14,0.6543141783564351
3808,8.618889910679914e-13,2.3380120622912532e-12,9.921808410382925e-13,0.6674336240510457
3809,6.499733365886657e-13,5.704786615574181e-13,5.525811228096826e-13,0.6926564975641668
3810,4.928173814703322e-14,1.308792110083272e-13,3.5735338807983355e-14,0.717721971985884
3811,4.0726408452578744e-14,5.228703285957962e-13,3.482189903424338e-14,0.6389749109279365
3812,2.4670019644210243e-13,2.6113671644051654e-13,2.0070102972582575e-13,0.6674460629117676
3813,3.109339024157331e-13,2.2752110485781863e-13,1.9785335214499845e-13,0.7389390215743333
3814,5.36511816325693e-14,9.932015763924709e-14,4.0825096821957616e-14,0.7136160600930452
3815,1.3009515864778718e-13,4.338730759094326e-13,1.16709811002591e-13,0.6467924425727688
3816,3.3998692835668367e-13,5.369385873655561e-13,9.373115633025238e-14,0.7186371451243758
3817,1.5536838058386897e-14,1.4065431661170831e-14,6.760593808534378e-15,0.697436650749296
3818,4.882086325259608e-14,1.3556533344535679e-13,3.849552203015409e-14,0.6914751036791131
3819,8.635584784700925e-14,1.0125484495025589e-13,5.4250416048584545e-14,0.700173198687844
3820,7.384168050194045e-14,1.3975688051565208e-13,3.31698442788824e-14,0.6860670114867389
3821,1.5697985285981255e-13,1.3650860501444762e-13,1.2835903274489585e-13,0.7329939040821045
3822,1.9264242440236e-13,2.0738687026191402e-13,1.6072124579194268e-13,0.7009898503310978
3823,6.71289951805933e-14,1.0757490630929033e-13,3.247813424321599e-14,0.6947267926996574
3824,6.330622505830529e-13,7.629560400821629e-13,2.868868907896045e-13,0.6976557935820893
3825,1.003866321609317e-11,2.4805773044369114e-10,9.222878671849377e-12,0.6501869006664492
3826,2.021552421504574e-12,1.226857009733178e-12,1.3685734454794507e-12,0.7063473994378
3827,9.451090149751416e-14,7.758967091897705e-14,9.059066539345203e-14,0.6739711661473848
3828,5.801139180380252e-14,7.649447957919934e-14,4.875569867289114e-14,0.7022928731748834
3829,3.429696759637326e-14,1.7678771899457554e-14,1.2674063219419457e-14,0.694057546230033
3830,6.944547360422965e-14,1.0874481641510756e-13,4.5370551668183736e-14,0.6324444164638408
3831,6.188264792372813e-14,4.011644173509327e-14,5.2054585779038405e-14,0.6793103134375997
3832,1.5464581544219085e-13,6.58593114253701e-13,1.6545711966948048e-13,0.6501026846584864
3833,5.747724302930856e-14,6.854158673991851e-14,5.045305541004574e-14,0.6857356541557238
3834,7.992370736831065e-14,8.598510822087919e-14,5.084569707169149e-14,0.6933964235940948
3835,7.599118840049303e-14,1.2551112303804722e-13,3.1153202309525905e-14,0.6691011064918712
3836,4.866767847272435e-13,5.81009960931424e-13,3.9651218778585234e-13,0.7511357817798853
3837,2.3836344487964678e-14,2.5905430377435116e-14,1.2160573152132117e-14,0.6902528610546141
3838,2.799452019636518e-14,1.9209905462345305e-14,1.7233650788039296e-14,0.6998792772414163
3839,6.346645590541875e-14,6.286724005145412e-14,1.3666225175650536e-14,0.6715378002845682
3840,1.706291810212911e-13,1.4908269078230333e-13,8.965166396680909e-14,0.7194069892168045
3841,9.222693287546963e-14,6.8810944757233e-14,8.464468641466653e-14,0.6905863055493683
3842,2.6135719741272493e-14,2.986524365522161e-14,2.066221451988943e-14,0.6952603660523892
3843,2.6730197666296804e-14,2.0585928727728626e-14,9.221755719091583e-15,0.6972039718180895
3844,3.284579103096366e-11,4.0763721394147445e-11,3.206097409867917e-11,0.7778404548764228
3845,7.176350303771136e-14,1.900486385236574e-13,5.05350051644175e-14,0.6687450300785713
3846,7.813446817205471e-14,6.246005499559497e-14,4.2326536184524663e-14,0.7152090422576294
3847,3.457543609156862e-14,5.063739425299581e-14,3.7208938668943024e-14,0.6837030797032639
3848,4.3566112763955346e-14,8.766423311134733e-14,4.069181748408104e-14,0.6500236024265178
3849,3.7997595116127084e-14,3.313437251889095e-14,1.769846800925674e-14,0.6789370871032588
3850,1.6934342642406458e-13,1.0410152506701217e-13,1.0883790377257402e-13,0.7453214107081294
3851,3.806426966129359e-14,2.287061543994283e-14,2.9745650052196257e-14,0.6997936025261879
3852,3.8487618411961436e-14,7.806733024412086e-14,3.102699013262296e-14,0.6789048242848367
3853,2.7638374322075517e-14,1.691845595565422e-14,1.0200314533400481e-14,0.7003821985097602
3854,4.365270411783089e-14,8.985987836833331e-14,3.5248928451519046e-14,0.6793082054238766
3855,1.0160577455096238e-13,1.4298777564567801e-13,5.530836019551082e-14,0.6528502741246485
3856,4.9489307719870504e-14,1.879812964577838e-13,2.4150673589812207e-14,0.6506207209196873
3857,2.8316905652249162e-14,5.935926833028402e-14,2.372942059635838e-14,0.7072346285684035
3858,8.348311236141004e-14,1.0076642252523414e-13,6.340155375617888e-14,0.7078935077181086
3859,3.4538701571104354e-13,2.566159619433691e-13,2.199451171031427e-13,0.7170620053308084
3860,2.775004131620482e-14,2.659917488572676e-14,1.2004639524302935e-14,0.6654649369069375
3861,4.2693992111491614e-13,3.0832510390934914e-13,2.0004421831913986e-13,0.7341818978544324
3862,2.190753142489761e-13,2.945341699730687e-13,1.0115860655949829e-13,0.7472446567378939
3863,2.583518918270303e-14,1.2940218165135184e-13,1.041648156476707e-14,0.6581667017308064
3864,3.6574338529619824e-13,5.236586703435436e-13,2.0396772294168286e-13,0.7609369596466422
3865,4.0011695397328556e-13,3.2425242095878947e-13,2.89978049892518e-13,0.7335078569594771
3866,1.195553415967734e-13,7.894194129380118e-14,7.907751600545396e-14,0.7224196790950372
3867,3.185451894530467e-13,1.3628620520865732e-11,5.271997232363779e-13,0.6305995924049057
3868,8.449778277925824e-14,2.406081997342456e-13,5.571159479843096e-14,0.7097664971835911
3869,7.77624444286884e-14,2.953959679310961e-13,6.875423157096501e-14,0.6348061249474994
3870,3.025268228024099e-11,2.087449472674515e-10,1.732413958195408e-11,0.7141498628305272
3871,1.2778295455282403e-13,8.383265601615141e-14,7.748147508893379e-14,0.7079353700624779
3872,2.3212696090150756e-14,2.4804716124075655e-14,1.4271294074873394e-14,0.6952159327920526
3873,1.5992848024124166e-14,1.1588657034660786e-14,7.726384823551202e-15,0.6881262658862397
3874,8.869277142700471e-13,2.4695336045598456e-12,7.783024324561718e-13,0.6663093711133115
3875,2.3215817333308995e-13,3.2672677039810256e-13,1.4104939749805443e-13,0.7079961791867391
3876,5.673088912567779e-14,7.807162288141528e-14,4.998850091023768e-14,0.6906548987841233
3877,4.963796559271573e-14,8.148479689052202e-14,5.051899134521956e-14,0.6927970260381698
3878,4.8418249693920325e-14,4.718060309464411e-14,2.2466730492494092e-14,0.6850979280658066
3879,1.3198585425972184e-13,1.548857610093632e-13,1.123385660242376e-13,0.7107178888982162
3880,5.399514505905008e-14,7.069337861105566e-14,3.0789966440975834e-14,0.689130531612318
3881,1.3350869911614753e-13,2.2434481086214031e-13,1.332650334667009e-13,0.706189135578461
3882,3.8156242881959844e-13,8.175561407181316e-13,3.015715865584445e-13,0.6533447239082306
3883,1.2680514647170772e-13,8.588897524567268e-14,9.571749839785153e-14,0.695425915136002
3884,9.368740060459521e-14,1.0411012028460634e-13,3.787154589418195e-14,0.6913869039854035
3885,1.150594613004005e-13,2.1813038347887146e-12,7.698605763473637e-14,0.6276452524587512
3886,9.447348161634562e-14,1.8001234951646144e-13,4.143466968329673e-14,0.7097057783976197
3887,4.435302999050924e-14,9.994597067973433e-14,2.5663213982887976e-14,0.669502245367039
3888,4.955817009759304e-14,3.215975779997057e-14,1.7051212534828562e-14,0.6941574404947459
3889,3.363487666231793e-14,1.2041723456110415e-13,7.989864934830588e-15,0.6514708565548062
3890,5.300339392113897e-14,1.0074038791475425e-13,3.3226563868245374e-14,0.6630323229241185
3891,3.244227170158279e-14,3.3231210288626393e-14,2.646423713189186e-14,0.6850831217714586
3892,2.4097330644144796e-13,1.0613372447723524e-12,1.4991126681802223e-13,0.6563683615648188
3893,4.7148480286002293e-14,5.3017565534194865e-14,2.7628011830287244e-14,0.6902394781587645
3894,8.424294275337081e-14,7.217463222692983e-14,6.464625464055577e-14,0.7280469016870483
3895,5.527557897231021e-14,1.0507642331642332e-13,3.1314903099078344e-14,0.7027276630746201
3896,4.570914462616992e-13,8.216007733335672e-13,2.3664068813490806e-13,0.7257916454225779
3897,7.017917498226652e-14,6.07902146124923e-14,4.0721645758749645e-14,0.6791143433190883
3898,3.795391531352648e-14,6.10530019038837e-14,2.1321380332231766e-14,0.6718145726365037
3899,2.4089499043069086e-13,2.2350059759816558e-13,6.901811240768822e-14,0.6974792341003194
3900,5.220511786608704e-14,5.161873159804255e-14,3.641326146127959e-14,0.6656268436461688
3901,4.6291425066341504e-14,8.69872974296899e-14,1.5301591158080363e-14,0.6516775507014245
3902,2.5054260520606622e-14,4.000752945174574e-14,1.7691578552677094e-14,0.6579458064748905
3903,3.938425751822253e-13,2.3299336789902934e-13,2.6134639812545993e-13,0.6940921570407227
3904,1.1556269252632967e-13,3.022468631634581e-13,4.592921447354608e-14,0.6380996376392432
3905,1.180423510391964e-13,1.0290114344269003e-13,4.5783863705082344e-14,0.6578453510650434
3906,1.8358382764332277e-13,2.0859217239970096e-13,1.302344695319908e-13,0.6621117520029657
3907,6.325219460048216e-14,3.5013585129929044e-14,4.83043121172595e-14,0.6936579559696838
3908,8.182093101576052e-14,7.109028419194236e-14,5.900656823007386e-14,0.6930648690322414
3909,1.5323446954662196e-12,6.292972240812557e-13,6.017931156383629e-13,0.7550471828319132
3910,3.421775843398803e-14,3.210071845364796e-14,1.3664924109387488e-14,0.6770343827665783
3911,1.1248541199674685e-13,9.465521949466419e-14,1.0647501618468815e-13,0.7273457009112463
3912,1.4314848708633965e-13,1.5406616237751406e-13,1.146088354664593e-13,0.6851197162177414
3913,2.5024418117621386e-13,1.5107865686773666e-13,2.1204109209022098e-13,0.7255313264671713
3914,3.415378022431293e-14,1.879142722041186e-14,2.4267444468866266e-14,0.6944304478354753
3915,5.931440293196389e-14,4.8395253215107125e-14,2.1675266328186637e-14,0.7192030186299234
3916,6.051658737053388e-14,6.189154167457454e-14,3.207930110969394e-14,0.6667190285283141
3917,6.79598579276293e-14,1.3015501694267256e-13,3.4537214179391823e-14,0.6832443326944485
3918,5.58051918872006e-14,8.119900943656762e-14,4.0090741421307633e-14,0.6885598312597722
3919,7.763557071207286e-14,9.296447448650775e-14,2.0246257770490557e-14,0.6951540493173525
3920,1.6832833656238768e-14,1.6718872476921207e-14,1.2513718022563291e-14,0.6949573298217728
3921,2.901859481459981e-14,2.3997881532048287e-14,1.9807795023363257e-14,0.6751126253395341
3922,2.546018432906738e-13,2.607845450225445e-13,1.2745428547056074e-13,0.7430097402539104
3923,4.085926943042629e-14,3.9784851831615714e-14,3.0743012125440525e-14,0.6961451173992828
3924,8.092571519416857e-14,8.10619688206891e-14,5.568165382290426e-14,0.6935358110815286
3925,1.0864288054160132e-14,1.4717750722311675e-14,6.228612058536687e-15,0.6945212557679042
3926,8.835113291431327e-14,1.3632213364739054e-13,8.098647523957645e-14,0.672178668435663
3927,3.980035601936737e-14,1.3194524400836062e-13,2.894150990856033e-14,0.6807569194585085
3928,1.3136170986983115e-13,1.2585488489465154e-13,9.346097356824325e-14,0.7216395368101075
3929,2.1658150601429837e-13,2.6256666215206847e-13,1.1641664198705762e-13,0.720732752745971
3930,4.834491393179681e-13,2.839018363350764e-12,9.648386528718677e-13,0.6212545206188225
3931,7.078375706642536e-14,1.6310992937022275e-13,7.34602838294394e-14,0.6364701666869224
3932,2.3591651391772868e-12,3.460585891091708e-12,1.055231023649565e-12,0.7674048927612602
3933,7.559974865925273e-14,9.691806079662759e-14,6.758304311623004e-14,0.6751358720473946
3934,8.11954954563148e-14,3.858195088753876e-14,5.206075693924132e-14,0.694519630772993
3935,4.460905901493627e-14,1.5390822731053836e-13,2.5691246775691635e-14,0.6582484369515441
3936,1.643603156811741e-13,3.9437342590929235e-13,1.4461465971886943e-13,0.6629992468631827
3937,2.813207610816135e-13,3.737764368440152e-13,2.0209199878068841e-13,0.7199146198341623
3938,7.938485919475649e-14,5.463715376202809e-14,4.050774172379235e-14,0.7046754868235439
3939,3.993755134072683e-14,3.2418406774199514e-14,2.5094803499683856e-14,0.7035229397006333
3940,2.5201357406185096e-13,1.0535802477160594e-12,1.4255925137082053e-13,0.6615538157522678
3941,1.0706841137971014e-13,1.8675141485094784e-13,4.469617660518752e-14,0.7108151430031284
3942,4.047503516977519e-14,1.61397164668241e-14,1.4792020044342287e-14,0.6826464282348752
3943,8.769766318998996e-14,2.2612015447221641e-13,5.155288856620317e-14,0.6413194867316634
3944,4.71823193800373e-12,1.7406616656311062e-10,4.889402156607513e-12,0.6470732212415896
3945,1.2989093157258632e-12,1.9660723328154666e-12,1.4598929497167874e-12,0.7521614938508719
3946,1.9643709443532437e-13,9.365183918126045e-13,1.9342192058466198e-13,0.7197287841932848
3947,4.1911039080307596e-13,6.586831923009529e-13,2.7251795042546973e-13,0.7128115265397355
3948,6.12850105510577e-14,1.2110734290836204e-13,2.847006861606669e-14,0.7148106160573662
3949,3.77996704344331e-13,2.969229806870871e-12,3.4926483682169406e-13,0.6491885792813263
3950,3.9469542926986645e-13,4.567609950537502e-13,3.3295592192427924e-13,0.7376001274213195
3951,5.113934896810755e-13,7.252475639046729e-13,3.674622091388896e-13,0.6830728752072901
3952,6.008473380391185e-14,5.5417937051519746e-14,3.320882995838736e-14,0.6938674390083179
3953,1.2734645894521867e-13,1.3557599414098145e-13,5.3267705459863385e-14,0.6991521358024329
3954,1.017310446190432e-12,1.0642432457531584e-12,6.113898517812066e-13,0.6989963425789029
3955,5.452091313270767e-14,6.712718019151121e-14,2.1529271002320478e-14,0.6751163234468549
3956,1.1850609740190768e-12,6.465123349048565e-13,5.126456375604065e-13,0.7301155398366973
3957,5.359213029691646e-13,2.884407294844106e-13,3.7514444811454883e-13,0.693335195351392
3958,4.529843547262377e-13,2.4132457692783104e-13,3.4799208023429885e-13,0.7330722185783088
3959,2.6907160686436447e-13,3.572657924707749e-13,1.817881989507674e-13,0.6778473151032813
3960,5.175610770094441e-14,7.317464164960681e-14,4.3966235092254175e-14,0.6812387183541432
3961,2.4676674309319235e-13,1.904091251012075e-13,1.356216415001038e-13,0.7217825253726915
3962,3.126632059936548e-13,2.1861946700420187e-13,2.4068486677118084e-13,0.7021819836227223
3963,4.012465324366765e-14,8.863194282368731e-14,2.5506473387775856e-14,0.6881249178783037
3964,7.320825945169209e-14,1.5717712161054444e-13,5.378325577080898e-14,0.6881550320191309
3965,5.5816007676726494e-14,3.814696615358508e-14,2.630727559523738e-14,0.7035006473539397
3966,3.6657975307286697e-13,2.1476915717153933e-13,1.745169703221758e-13,0.7267561106244103
3967,1.7398064575714639e-13,9.498693175821985e-14,1.1237265929362462e-13,0.7064929210115224
3968,5.265538723143302e-14,2.352503493363432e-14,2.7226281188021253e-14,0.6943432856351137
3969,4.74404530734609e-14,9.446863800399669e-14,3.309561723031185e-14,0.6817838731105439
3970,1.0709707390894207e-13,9.206742985620187e-14,7.007718567347326e-14,0.6973008721834049
3971,5.02723409407089e-13,3.4645456953211524e-13,2.9925355271217235e-13,0.7139371136203408
3972,3.8558764312992234e-13,2.500032786446077e-13,3.1424235692246566e-13,0.7392042185645551
3973,7.985987671735821e-14,8.957033652546746e-14,6.973697535210552e-14,0.6537390751531348
3974,2.540522122137058e-14,2.063570006350187e-14,9.175126524232193e-15,0.6844351548934355
3975,2.564908619173331e-14,2.400128830465391e-14,2.0568531090764575e-14,0.6935533328447491
3976,6.964379478225129e-14,4.4181784926106403e-14,5.5706638667122347e-14,0.7105140789877623
3977,1.5263899021893464e-11,1.4106992993730056e-11,9.404615892376463e-12,0.6955610571196302
3978,5.705924082331482e-14,6.527559736262076e-14,3.8077589732275703e-14,0.6944454555865377
3979,2.378848021262048e-13,3.3281916513873247e-13,2.599756585875979e-13,0.7104657715884969
3980,1.5507220563435743e-13,2.611874146591133e-13,1.6216980381859475e-13,0.6953883127542213
3981,1.3772462179744407e-12,2.4954050033882922e-12,1.4287650928872118e-12,0.7792760542593896
3982,1.302854950110579e-13,2.757757509312152e-13,8.382667151085796e-14,0.6898427144275047
3983,8.788593287396945e-13,1.1332754538478398e-12,4.517850041705626e-13,0.7819936299696565
3984,3.165568601223603e-13,1.140837781746773e-11,4.836936372640894e-13,0.6274200973566622
3985,3.237945226267871e-12,5.545347896839959e-12,2.8590229842251736e-12,0.7748620308935642
3986,1.0049702385773795e-13,7.774398771478091e-14,7.459299568997644e-14,0.6974550258601084
3987,3.4985705585072804e-13,2.935816179870756e-13,1.7333830910113438e-13,0.765488066803664
3988,1.4659210373307706e-14,8.489519434372224e-15,4.123521826255252e-15,0.6936893191887066
3989,1.2867390236436156e-13,4.1056792821936985e-14,8.553971031936102e-14,0.6949243242153897
3990,7.450286350267767e-14,8.936626998778199e-14,3.584990083936685e-14,0.7052429507253691
3991,8.205381703721355e-14,4.419171696268976e-14,3.409771990533405e-14,0.6953345193294809
3992,2.855520142544216e-13,4.189885788575661e-13,1.8932635919654664e-13,0.7179904384305701
3993,4.563565993360795e-14,9.330584335612164e-14,2.0977865465094298e-14,0.6633197672781534
3994,3.9174906582954015e-14,5.532312399266107e-14,2.2641188844525435e-14,0.6873448607744649
3995,1.502432749349196e-14,2.5955441273266328e-14,8.724345470097694e-15,0.6920742955990136
3996,7.583365485075742e-14,1.0662625939413655e-13,6.426989359646982e-14,0.7099645436974242
3997,5.5271774067888533e-14,5.443155990688943e-14,3.92123343149612e-14,0.6622575118206442
3998,3.728779523736648e-11,4.017334462538644e-11,2.8614187100278894e-11,0.7715507513843477
3999,5.499109935350563e-14,4.5986082652628824e-14,3.962416529391842e-14,0.6934745814884081
4000,3.846546370828337e-14,7.184491937403506e-14,2.591960028510948e-14,0.6783119777450338
4001,6.217366538724829e-14,4.132029653072242e-14,2.4713462940662158e-14,0.6970206019934266
4002,1.4386867350842575e-13,6.06597110176483e-13,1.2693015002716118e-13,0.655073756747879
4003,6.067170560507585e-14,2.0527317657828891e-13,4.287099607613721e-14,0.6915240891044959
4004,7.998721448375937e-14,1.1192797220273364e-13,7.067926108842514e-14,0.6677464490407147
4005,9.109736476701927e-14,9.24005652196241e-14,5.243499198984435e-14,0.7029530609957874
4006,1.8270327504841356e-13,2.5023008647033425e-13,1.553896930001403e-13,0.7039061124669388
4007,3.7074949263877834e-14,1.50623934587726e-14,2.1697800804429618e-14,0.6942912228172645
4008,3.781564314637194e-13,4.039872540713553e-13,2.2124953959059318e-13,0.6831760300789028
4009,1.0010099990954008e-12,2.1453028567898925e-12,9.762005161810104e-13,0.7457411281764508
4010,7.470512434721824e-14,4.9457095181258915e-14,4.7256496601807064e-14,0.6940642753150315
4011,1.1073191736347137e-13,6.498334869477704e-14,6.799446045519237e-14,0.7134793284349144
4012,5.80547432639936e-14,4.4184784230389825e-13,4.1122861739240975e-14,0.6585844907443971
4013,6.288789171177663e-14,1.307042322337691e-13,4.6714289023481645e-14,0.6706928992527537
4014,3.879686564544776e-14,8.798320516895517e-14,2.7393397661299936e-14,0.6920150939142331
4015,1.7964641906428173e-13,1.7196271976486139e-13,9.360915163843462e-14,0.7113505655201152
4016,4.909629279978121e-14,3.812038120631906e-14,2.924895651649243e-14,0.6982961726840585
4017,7.09793757111358e-14,1.2808309947724386e-13,6.614035445135314e-14,0.6696517783566378
4018,1.7294740287424735e-13,2.801863766186117e-13,1.4285916356330784e-13,0.6889685603091493
4019,4.3872398135529887e-13,1.7123965717012064e-12,4.197625825059839e-13,0.7103104472858831
4020,1.1952032421836705e-13,6.078855626655332e-14,4.8287854318240667e-14,0.7097020453540608
4021,2.664569050788286e-13,2.0952223884546993e-13,1.9877642811607638e-13,0.7124524776125327
4022,8.260665153845335e-14,8.415852434498707e-14,4.653299067481719e-14,0.681099607096985
4023,1.5741689428863698e-13,2.1604249657981702e-13,4.130012436635283e-14,0.708310590009205
4024,8.175972101839476e-14,9.19650122729306e-14,5.6752372696714435e-14,0.7200047781923786
4025,1.0488810957687059e-13,1.8798120122494666e-13,8.147174473794374e-14,0.7186932811979204
4026,3.1949002783073785e-12,2.113899308263879e-12,2.1499502326734164e-12,0.7566263605374843
4027,2.096950230577236e-13,6.400421310974535e-14,1.2739106405998186e-13,0.6999020226066932
4028,3.948260058678961e-13,6.225767113720126e-13,1.8407187711387113e-13,0.7048764226026834
4029,3.6443212263601673e-14,2.6904466234545416e-14,1.679531584045896e-14,0.6853319988236762
4030,2.3938857669589312e-14,2.4495774888918404e-14,1.3095093837941339e-14,0.6871479292167351
4031,1.2909162692027214e-13,1.370444482089698e-13,1.0441244918986988e-13,0.7044387438567355
4032,8.066678452751903e-14,1.281122793971026e-13,4.975970856300506e-14,0.6389224173501133
4033,7.461930453360513e-14,8.018662848095325e-14,2.601975378251575e-14,0.6929746286245063
4034,5.608657051379275e-14,4.4185706107501486e-14,2.3817051313354753e-14,0.66748176952824
4035,7.802739985212216e-14,1.0651756285763374e-13,4.3844001235416395e-14,0.6680323122418486
4036,4.909442278862431e-14,1.5635340707933104e-14,2.0843908852697937e-14,0.6842424256843515
4037,2.605918644888704e-14,3.569939359334777e-14,1.0463464620421323e-14,0.6997964261099696
4038,2.071403425140987e-13,1.507610076992681e-13,1.5860730323571518e-13,0.7094935022527352
4039,2.1151031472723106e-13,1.513748407236561e-13,1.8286579108863e-13,0.6685595543473027
4040,9.86942332463781e-14,1.8021278049218006e-13,4.6998817190835e-14,0.6479095121379942
4041,1.3564934032945548e-13,1.137431067133375e-13,9.044570047275864e-14,0.7198832702357322
4042,9.873303134816917e-14,3.397294126905943e-14,5.100046291449704e-14,0.715595340821892
4043,1.8586357967484564e-13,3.556607491398156e-13,1.5109948493490683e-13,0.6808372712577693
4044,1.0228091529791396e-13,2.0549416154535105e-13,6.284264540234901e-14,0.6938446414424106
4045,6.392990051411821e-14,1.5026629255135312e-13,2.0601085469860255e-14,0.6743724435684271
4046,3.3521669271683527e-14,3.6285728576619786e-14,2.52688108764446e-14,0.6699789969134144
4047,4.6196529788071396e-14,3.345747620942483e-14,3.587171102346985e-14,0.7036956283729523
4048,1.7824470090577238e-13,1.7728966993306718e-13,1.5852169695742923e-13,0.6650588490650989
4049,4.893653549918689e-14,1.0617618635177623e-13,3.4316507946967024e-14,0.6705259222071618
4050,1.3659496021189694e-13,2.0579105936827212e-13,1.1717787524268852e-13,0.7057454375550151
4051,8.753576883424606e-14,9.701037233434203e-15,4.23343374372233e-14,0.6947549047879875
4052,4.697654884979611e-14,3.590057661383731e-14,3.282648499664113e-14,0.6841516441782005
4053,2.0739485218337149e-13,3.7164664062563504e-13,9.154613583132841e-14,0.6830522716627456
4054,3.444999462143125e-13,6.983334366022064e-13,2.3582463949726384e-13,0.6421823647222482
4055,1.2149803893890558e-13,5.647949715291092e-12,2.2241134299778367e-13,0.6315785935556051
4056,1.384092119552733e-13,1.0870327350586677e-13,1.1385720130010778e-13,0.6896190750412643
4057,3.5136830628102544e-14,2.0178803498016135e-14,1.7075586173747227e-14,0.6948439614847303
4058,4.931413646694071e-11,7.566818286728348e-11,2.5671033962576197e-11,0.6976762403501198
4059,7.7470290760996e-14,1.0546396016724294e-13,3.9182452269690885e-14,0.6344717144034803
4060,6.402809226651313e-14,7.56300753534788e-14,4.076457418159252e-14,0.6998176923720166
4061,1.1249069875126096e-13,7.528812408001742e-14,5.034272325016071e-14,0.6453202321659773
4062,9.982699632945485e-13,1.7349210681840657e-12,5.739012239400613e-13,0.7855390440672636
4063,2.1070378277933178e-13,1.850134114535678e-13,1.1751494926829715e-13,0.7134646326070652
4064,1.257599461371396e-13,1.045961762476249e-13,1.1339890982102573e-13,0.6625523547758349
4065,9.233834405265028e-13,1.2477649091639934e-12,8.257290537073492e-13,0.6890564020024612
4066,5.779186644825632e-13,4.0123685338463794e-13,3.4069017364023396e-13,0.708210590062663
4067,1.094459535910206e-13,1.272321841297738e-13,6.998006433670444e-14,0.6879024353693239
4068,1.9791502372873842e-14,2.0110369357121745e-14,9.81748968213527e-15,0.6939191909506917
4069,3.260880584202832e-14,3.8996748903277035e-14,2.0290643416503897e-14,0.6516299309907481
4070,3.790089691791707e-14,3.9385652366472096e-14,2.1533056167936997e-14,0.7011737979017199
4071,4.7816238767693773e-14,4.682850462044469e-14,3.073258624935288e-14,0.6627136260620319
4072,2.733810377689084e-13,3.087036795331328e-13,1.6234784242710611e-13,0.7095779851311818
4073,2.9352752895486456e-14,4.8615970939013036e-14,1.2152578089311045e-14,0.6647436286206357
4074,8.711740981991496e-14,6.357740028578e-13,4.269831004123206e-14,0.6300657096202485
4075,1.0985019700514203e-13,1.544523603636109e-13,3.9225482022229204e-14,0.7032563778106123
4076,1.1008420048404292e-12,1.850040676545359e-12,5.312340252281554e-13,0.6913329571019858
4077,8.244307447506236e-14,2.7383470900056078e-14,4.712591238331195e-14,0.7044983688741923
4078,5.308104176101497e-13,7.035677025103679e-13,4.039214670090061e-13,0.6597340483334847
4079,7.789376225565046e-14,8.022768020327676e-14,4.6412313769731875e-14,0.6909454616950825
4080,1.2455085869999663e-12,2.673161957999654e-12,7.303830722776694e-13,0.674912371195387
4081,9.874367802068845e-14,9.138737820761348e-14,4.6059921391703086e-14,0.6700143940397538
4082,6.51863476116367e-14,4.088149293290722e-14,5.225814113593408e-14,0.6511716204811819
4083,2.402629064898068e-14,2.971228273163589e-14,1.0928831810195717e-14,0.677395001705736
4084,2.339262185698965e-14,1.7269642994620902e-14,1.1893980192728146e-14,0.7008657983038574
4085,2.3633223179614225e-13,2.646913803735259e-13,1.7135312465963735e-13,0.6641533017274923
4086,4.50317619883082e-13,1.0650707397954868e-13,2.5195697344925046e-13,0.6556415564613417
4087,6.224907573437174e-14,1.1372875872800204e-13,3.8774016908862614e-14,0.6493366196285933
4088,1.0469779427593605e-13,8.002901989557399e-14,6.44972100380854e-14,0.6765327434637584
4089,1.0256445597934361e-13,1.0713668598928062e-13,8.931623549724733e-14,0.7078681641956791
4090,8.981230495942188e-14,1.8655161914559176e-13,5.258417431721277e-14,0.6522764088702389
4091,6.381158560244183e-14,4.837596566190425e-13,5.2013485860359845e-14,0.6317652562516741
4092,6.806348958126066e-14,4.5934769683495455e-14,2.6019704423861303e-14,0.7012265053577721
4093,2.7375770560829882e-14,1.7630349429067764e-14,8.960865522515722e-15,0.6936705520609394
4094,9.30923604318098e-14,5.501711323905349e-14,5.337845382309705e-14,0.7064987744903192
4095,5.397025561581396e-14,4.5977811061311115e-14,5.045398807310701e-14,0.6945084847742692
4096,1.4342016974131988e-13,1.266205232497835e-13,1.2933014618370248e-13,0.6982384683331475
4097,5.145725533491487e-13,5.819107990993761e-13,2.965335283617655e-13,0.7278329132590443
4098,1.959313330481492e-14,1.1060419561670865e-14,1.1194471708783903e-14,0.6946487487992272
4099,2.4326147593525034e-14,1.185970726725515e-14,1.4821012828872528e-14,0.6955924279056489
4100,8.011828521760823e-13,7.235400197419583e-13,6.399784273366936e-13,0.7193391962442547
4101,1.3927322573012436e-13,1.215860041616865e-13,6.491854016058746e-14,0.6927208918379619
4102,7.970666887256924e-14,9.021397074366664e-14,5.438911577110509e-14,0.7061454825801775
4103,1.0428330715643792e-13,2.3332782203028274e-13,8.917988203162147e-14,0.7074911365052685
4104,4.953590484399651e-13,3.00648450032714e-13,2.8188678696339e-13,0.694729965669103
4105,8.592636945886094e-14,1.0463206663536942e-13,4.980908980365617e-14,0.6942888762569055
4106,7.91371370962053e-14,3.1680868230961295e-13,5.274265759712821e-14,0.6720173761248589
4107,9.492717696485662e-14,4.3143009773122385e-12,1.1528525775182049e-13,0.6358696385403164
4108,3.804994808406621e-12,5.098867805148906e-12,3.188512330535774e-12,0.7366267161676661
4109,5.450813840253111e-13,2.9989075786737234e-13,3.0697842609281163e-13,0.7053703716490418
4110,7.661521416009037e-14,4.1628094811965345e-14,4.167034970853192e-14,0.6698392366059125
4111,1.7143876040423724e-12,1.954729113376929e-12,1.0358243169463484e-12,0.7246690986678004
4112,3.9190933302910724e-12,2.4698701453027676e-12,2.6969995564197274e-12,0.7530995502136648
4113,1.1113091377467641e-13,1.0260376292541273e-13,1.0186247590045752e-13,0.6963927238481119
4114,2.6373873533620197e-13,2.275957735582056e-13,2.274784673650361e-13,0.6377935417811387
4115,4.337262390396737e-14,5.298837855789474e-14,2.5775870795566233e-14,0.6473773125908338
4116,2.701743614040454e-14,4.657342597625998e-14,1.420495754931514e-14,0.6698718400439247
4117,9.232057970489481e-14,8.20572708550309e-14,7.630478114580206e-14,0.6600345426588319
4118,2.9049618881682776e-13,5.528726711049127e-13,1.2996896104091462e-13,0.6680836434825324
4119,5.671582002986259e-13,1.0077945555757609e-12,5.145786975474885e-13,0.6506957661360502
4120,2.238380623995141e-14,1.2052460336755209e-14,1.2108740752395114e-14,0.6938043890753761
4121,1.5365615553311666e-13,2.5761796231260356e-13,7.812332269620544e-14,0.6723602751852014
4122,1.0001604279384737e-13,9.147914211287909e-14,6.188497841663579e-14,0.7050719499588013
4123,6.859497750436654e-14,1.2821703613086456e-13,4.179081765614324e-14,0.6585786938201637
4124,1.3851446163412017e-11,7.876470613813084e-12,8.120970394762334e-12,0.7484556485433131
4125,2.013118506211982e-13,1.2602617499533275e-13,1.0244660007269119e-13,0.7099128847010434
4126,7.977762155179349e-14,1.4553549352739974e-11,4.611465809612635e-13,0.5999768875364679
4127,3.5200011942184815e-13,1.3404557227811967e-12,2.873258632812391e-13,0.6331120929680765
4128,3.754439309304306e-14,4.240634737855475e-14,2.700348810494167e-14,0.700108057144098
4129,4.3474314403910424e-14,5.6443466010456545e-14,3.991189403064738e-14,0.671371945226565
4130,5.128940406335615e-14,4.998498100459439e-13,4.7232415924088803e-14,0.62832825651858
4131,1.3453799798667509e-13,1.2956449928652017e-13,7.188054656377763e-14,0.7063379514263943
4132,1.8840785533636755e-13,4.978173810800863e-13,1.7620986478377661e-13,0.657045224844478
4133,9.67355493652959e-14,5.298985951194828e-14,6.045726612126202e-14,0.7114355582045391
4134,2.202698631715932e-13,4.0724457863806333e-13,1.2515573479208445e-13,0.6654044731985778
4135,7.772426376650767e-12,6.75761354154342e-12,6.103123365723252e-12,0.7463207058608532
4136,4.3148008137729955e-14,2.1740373569694746e-13,1.380725640371813e-14,0.6407041823025793
4137,9.23848285374854e-14,1.6458451265074564e-13,6.722282187323017e-14,0.6545003354432992
4138,6.039697712531949e-13,3.4071876861726905e-13,3.4873289040124206e-13,0.7145527336280793
4139,8.001439566047286e-14,6.228982337366306e-14,2.4055275222183683e-14,0.6998767501441762
4140,1.138202694853448e-13,7.538452435471427e-14,5.792625027140927e-14,0.7154713323805482
4141,4.4852331101538623e-13,5.680461862629231e-13,1.7976893618235055e-13,0.6986338766757398
4142,1.870185782111173e-13,5.088168156116487e-13,9.836738589496209e-14,0.6732184334774501
4143,2.4842648164663816e-11,7.300312599956489e-11,1.6085319129658285e-11,0.7176216314081103
4144,2.308615494753763e-13,1.4682241953107855e-13,1.8997980992841935e-13,0.6839111517532729
4145,2.6818036460120058e-14,2.690867941810609e-14,1.1509574864911852e-14,0.6873965900740586
4146,1.5220324695130158e-13,2.505307503301313e-13,1.4487843827919582e-13,0.6774744368740357
4147,2.4880010250489132e-14,4.691496249668807e-14,2.3747592665696217e-14,0.7130767846945674
4148,5.615602971737384e-13,5.855021839874053e-13,3.9004551793327706e-13,0.6710068114218302
4149,3.917378632675772e-13,3.9445455066333297e-13,2.9171155774492975e-13,0.7306120488094165
4150,1.0435898761354806e-13,5.5826937462810193e-14,4.8920497014162464e-14,0.6646907466696576
4151,1.7637476341680574e-12,1.4697006327559032e-12,1.2602944313161807e-12,0.7518060116562992
4152,5.013412054473328e-14,5.173136894633704e-14,1.9918015854111557e-14,0.7208542260341346
4153,1.129458553928784e-13,2.0299778433686248e-13,7.640078902604797e-14,0.6920872841030359
4154,1.2564379988349222e-13,8.088606092775578e-14,8.477939623814759e-14,0.6905989162623882
4155,6.945510703680453e-14,4.4555608605859706e-14,2.5437687095769626e-14,0.6856458966853097
4156,9.333609544032863e-14,5.895195698796035e-14,4.7387605258538524e-14,0.6985595743637532
4157,1.856172675856536e-13,2.291758656339484e-13,1.3093054156591937e-13,0.6600562865613029
4158,1.1255286542717564e-12,2.7455656866261007e-11,1.3453017494085696e-12,0.6606638068798929
4159,1.458194071589735e-13,1.1572219271094552e-13,6.271167293012858e-14,0.6745942603796721
4160,4.182084796873674e-14,7.635193254392239e-14,1.9221973689030284e-14,0.7035234773531556
4161,2.5841725055044564e-14,1.9834911838707876e-14,1.2784079781171164e-14,0.6910571892280132
4162,2.289301571712381e-13,1.8001320289887964e-13,1.8014261805236572e-13,0.7012218595482409
4163,1.472840947426424e-13,3.014741252052192e-13,9.174714646746232e-14,0.6374264984275214
4164,9.64954089134163e-14,6.023168238350953e-13,4.81348518459288e-14,0.6456421278882771
4165,2.6019144806593528e-14,7.308046034705223e-14,2.4828426603317147e-14,0.6564633053494617
4166,8.942911905649102e-13,3.858760489517278e-11,1.331901849149545e-12,0.6411447386431973
4167,2.917742567370347e-14,2.8046196347444333e-14,2.0616748499454357e-14,0.6811366187524982
4168,5.210115781905142e-14,9.278629449815043e-14,3.13269351671771e-14,0.6631588151678443
4169,8.447896775722658e-13,3.8136032639030814e-13,5.664111660072284e-13,0.7347741914913059
4170,9.649003810980036e-14,1.4200317266368878e-13,7.442465431561808e-14,0.7260256544454023
4171,8.652145172077599e-14,1.8673313307356295e-13,5.0165712418587915e-14,0.6747767810244113
4172,1.8850597400758682e-13,1.0842591445061163e-13,6.781227620023314e-14,0.7111322397598997
4173,9.614665318993968e-14,9.213970083610378e-14,7.052700293014789e-14,0.6988477382576093
4174,2.451959429565611e-13,2.896681010585645e-13,1.4254183310641588e-13,0.6963172691408545
4175,1.1325114613940848e-12,7.755045090577527e-13,7.930876603234593e-13,0.7087902454659343
4176,5.92234484096365e-14,1.1282823226089473e-13,4.0098169591271054e-14,0.6585264548892156
4177,2.822268860343182e-14,1.8047145534429123e-14,1.605597916468111e-14,0.6988542238250375
4178,1.0493143569729213e-13,1.934606310291505e-13,9.019404111330714e-14,0.6899222621694208
4179,5.205758715187303e-14,9.503884389061682e-14,1.1653932172177332e-14,0.70066032926552
4180,3.029589350977618e-14,3.174614352210161e-14,1.6113255062054375e-14,0.7077708375873044
4181,1.1355593560957755e-13,9.322435236563495e-14,9.02774014557585e-14,0.7094079537782818
4182,4.178087857164777e-14,4.8969686654312806e-14,2.7657657882744085e-14,0.699470147350803
4183,1.244178691866945e-13,1.0785349997038503e-13,7.40191593539278e-14,0.7154184986604377
4184,1.3306573930687957e-14,1.0533521918382146e-14,9.272200782090506e-15,0.6948146999580785
4185,1.900133957740048e-13,2.2193030157531071e-13,1.3442350146013206e-13,0.7396671187598258
4186,2.81448988964187e-14,2.5558304374926497e-14,1.629682054645787e-14,0.6884545150911435
4187,4.175596406957142e-13,4.772688910612986e-13,3.3688706940153405e-13,0.6496343301027082
4188,3.172089596503737e-14,3.9533343154700723e-14,1.588808825618954e-14,0.6732370545971207
4189,2.273033426074968e-13,1.601025957035101e-13,1.0433838229604132e-13,0.7051835451507941
4190,1.0432028116632207e-13,7.586229125422549e-14,3.21344696867606e-14,0.7108181888936087
4191,2.963572588987788e-13,1.590279468399905e-13,2.277809525462535e-13,0.6873797970591113
4192,1.0570351017210073e-13,7.075343753117639e-14,6.883353806664446e-14,0.7060787236317992
4193,3.6162269585984236e-13,5.951132119888472e-13,2.5870261839797073e-13,0.693623758549802
4194,1.1828986802912948e-13,3.9646062962995134e-13,8.870869279969871e-14,0.7081444901414216
4195,4.7592786736737955e-14,2.3525662411843057e-13,2.620967603902015e-14,0.6451137875206768
4196,1.1472227752275874e-13,1.0324905056726041e-13,6.41822326231279e-14,0.6686865715193562
4197,2.29928916270509e-12,3.2791659667879538e-12,2.390580876303785e-12,0.8006682548671961
4198,1.6722299721199437e-14,4.349305602832769e-14,7.473502882993286e-15,0.6666285657207481
4199,2.0226773189791257e-12,1.4193798595191895e-12,1.590721048328158e-12,0.6871156417764723
4200,6.241327667510306e-14,2.1915981289996143e-13,5.947361670846447e-14,0.7151230166899041
4201,4.1190770567619727e-14,9.117918009496553e-14,2.5975717282040213e-14,0.6820269378134981
4202,7.307319033285754e-14,2.0301348162453917e-13,3.758857281007586e-14,0.656212474196218
4203,9.47537589233444e-14,1.1623270393056526e-13,3.707718258122747e-14,0.7170101642841473
4204,4.704606932847957e-14,1.0344991271357604e-13,4.357048967068624e-14,0.6778525219997391
4205,1.843939640185757e-12,3.3244536938626144e-12,1.4954582618646158e-12,0.7284615590935573
4206,3.08843631059394e-14,2.1445942227516618e-14,1.1734711437209968e-14,0.6906857689376921
4207,1.9161595379375801e-13,1.9124639858017188e-13,1.6976852733695507e-13,0.7170991684310138
4208,2.155104472365874e-14,2.7167916547093345e-14,9.238724128963886e-15,0.6931491285795346
4209,3.452873923169627e-13,3.3483382862007516e-13,1.6404174889164387e-13,0.7454109093174338
4210,4.907338725583743e-11,3.134195985964948e-11,2.4107050137941296e-11,0.7886567151173949
4211,6.429512311997123e-14,1.441572586391884e-13,4.0017142745421516e-14,0.6959380128886551
4212,3.085246440854038e-14,4.238822922120299e-14,1.938001245779126e-14,0.6919553597457707
4213,5.750488828015963e-14,6.097819254559259e-14,4.76525490557787e-14,0.6854930834262631
4214,2.0122399814367878e-13,3.504386558892248e-13,1.6529908519102634e-13,0.7435231453739106
4215,4.190093189104087e-13,1.4282824438914394e-12,3.5080723018415417e-13,0.6495843715500087
4216,1.340654581334822e-13,7.512709973478454e-14,5.778602428190747e-14,0.7123977752169595
4217,5.29281727107936e-14,7.314834209696556e-14,3.9459924650654416e-14,0.6876818030606955
4218,5.357925271157589e-14,3.478693512394149e-14,4.407717457113057e-14,0.6822935193195008
4219,3.4787611719703944e-13,2.580317729124565e-13,1.5783165084543878e-13,0.689218164444901
4220,6.682694740552332e-14,6.786120928324969e-14,4.1532585332067776e-14,0.7162251492962242
4221,1.8191072354818692e-13,3.4658673268061434e-13,1.8679566455107576e-13,0.7052554704714566
4222,2.1767456237646824e-14,3.8992242638738245e-14,1.9066411757134403e-14,0.6735310480813496
4223,1.6925063026584124e-12,1.4865308947927519e-12,8.020144159112767e-13,0.7336262234486639
4224,1.804315997282764e-13,3.784733877245587e-13,1.699618008174549e-13,0.6769184561329894
4225,5.991041687409708e-14,1.516489363759489e-13,4.726170329578767e-14,0.6475033766473643
4226,7.071769956390613e-13,1.0317350302689078e-12,7.880284590465701e-13,0.6328521311050281
4227,5.4920256648334466e-14,1.2277838431981582e-13,4.883841900260288e-14,0.6508874090504833
4228,4.5431160149657246e-14,3.0877903449457845e-14,3.119512835278794e-14,0.7037144437199458
4229,5.1586370038169036e-14,6.733224320689573e-14,3.780991986391137e-14,0.6924644134938717
4230,1.6921674493050548e-13,8.724437642638345e-13,2.0196827051524963e-13,0.630557882587891
4231,7.015689646299137e-14,1.6487964856820388e-13,7.202637421064332e-14,0.6892123270081356
4232,2.4346563224236993e-14,4.35652365245192e-14,2.0475566906174024e-14,0.6823112402111292
4233,1.2243916783738477e-13,9.531475780161322e-14,8.73209440763542e-14,0.7054175359429792
4234,9.981396432554782e-14,4.2056594135911994e-14,4.451401266841168e-14,0.7141931709600613
4235,2.8108903469722337e-13,3.86698290932812e-13,1.3290943787790882e-13,0.7460083289071917
4236,8.035985054522466e-13,1.0645878970254626e-12,4.3843558086560206e-13,0.7664504433982074
4237,8.174266289881681e-14,7.340120545191472e-13,5.646446761237404e-14,0.633825210807845
4238,3.2175596880692883e-13,1.7487878399792167e-13,1.9352160209870055e-13,0.7511519325431436
4239,2.2701573930506614e-13,2.86103042686966e-13,1.8674525010395472e-13,0.6508840067195706
4240,2.5056248197505426e-13,2.718325347981662e-13,2.0873014788040743e-13,0.6773057782556862
4241,2.456053011391173e-11,2.522125920268112e-11,2.516328345920524e-11,0.8078375171869994
4242,6.32356862726781e-14,8.726501631971127e-15,2.8603522147485456e-14,0.6925733441486954
4243,9.848476582108063e-14,5.607267057680702e-13,5.2346901618649115e-14,0.6237403619335964
4244,2.0331373029748938e-13,3.163753851182969e-13,1.4554905972115646e-13,0.6553374582668766
4245,4.199689457096159e-14,1.145901020133805e-13,1.5340441061289453e-14,0.6722557876841165
4246,2.9942355238765147e-13,2.2710120454270856e-13,1.789700410439462e-13,0.7165914478013292
4247,4.378380023251917e-14,4.117359398115433e-14,2.935914819191055e-14,0.6518310135579668
4248,6.65280508588148e-14,1.2599625531313632e-13,3.7964119459429473e-14,0.6969616023357957
4249,7.41765466717692e-12,6.6268540503670635e-12,3.649574881176383e-12,0.7426303781569004
4250,3.850259156598737e-14,1.0165603824464382e-13,3.651428035306552e-14,0.6617625043145381
4251,2.608785240098929e-12,3.465741193110452e-12,2.5159113430674363e-12,0.7684077273122967
4252,5.0932705746065507e-14,1.3887918614998507e-13,4.7571325155976697e-14,0.6686114391544834
4253,2.8886775478096186e-14,8.466601410286619e-14,3.004830499395036e-14,0.6755903745652176
4254,2.9870059163307048e-12,2.661532575299878e-12,2.4101493659184764e-12,0.6958203343907371
4255,2.431072439330168e-14,3.741306388762664e-14,2.0805873446698622e-14,0.7006219553528353
4256,9.136720946519598e-13,1.15267567365693e-12,1.0939647255750895e-12,0.6934558491455391
4257,5.250540978814983e-14,2.345106795986237e-14,3.6627469425230516e-14,0.7194862583884969
4258,6.325172333049838e-14,1.769467483300792e-13,4.4153823817145083e-14,0.7095664941007271
4259,5.070640590472267e-13,6.042049252042068e-13,4.502802753469431e-13,0.6892869710922241
4260,4.460976417857353e-14,5.976566579087587e-14,2.3145064083648914e-14,0.6873898110352457
4261,2.8301368184753483e-14,1.0402869766585903e-13,1.0974124444192209e-14,0.649313154479023
4262,1.6140083430708657e-12,2.449951943862418e-12,1.1294738752268515e-12,0.7531041093170643
4263,1.8695276172064877e-13,1.6323197113273894e-13,1.5200616283789342e-13,0.6993411333765834
4264,8.747130595835024e-14,2.797828637862408e-13,5.384207426646358e-14,0.6769883723114617
4265,5.0848346690275305e-14,4.243035101159502e-14,2.634371045911118e-14,0.6919958169339224
4266,4.0225508031098585e-13,6.648352113891828e-13,2.720836038313058e-13,0.6807831293903291
4267,1.9476073226728052e-14,2.1192447707928384e-14,1.0244316889820286e-14,0.6941227051895111
4268,1.3576956268729533e-13,1.4412955865678782e-13,3.383389463577454e-14,0.6946337362285704
4269,3.685835540089454e-12,4.1462413469524226e-12,1.705574437802923e-12,0.7646574846003205
4270,3.285708703134102e-14,4.831799816078203e-14,1.6982307679585234e-14,0.7001252148067578
4271,2.883498349710463e-13,2.345014090252271e-13,2.444315517501104e-13,0.7160714900586754
4272,5.6460318239551756e-14,7.11206486966169e-14,4.270998521032945e-14,0.7121015676995739
4273,3.432911195151171e-14,4.4187661488440916e-14,2.977342004287991e-14,0.6964067984605208
4274,7.359643808365342e-14,5.111643893698437e-14,4.1730947919144574e-14,0.6792838466237299
4275,4.164396959074324e-14,3.831460371544881e-14,3.4841492227489306e-14,0.6952027489896864
4276,1.4863541010531843e-13,2.027900779253343e-13,9.629135611354251e-14,0.6901465737842954
4277,1.7818290438348138e-13,3.837953815511573e-13,9.470512099824524e-14,0.6277517289156094
4278,1.5556525332239484e-12,2.423186351185038e-12,1.4309037426198506e-12,0.7536310582887381
4279,2.8102206044204782e-14,9.967418251668387e-15,7.614279663407114e-15,0.699230234650895
4280,6.437657001295424e-14,8.974020426234316e-14,1.5564272987942314e-14,0.6845173562294804
4281,6.407648434017724e-14,4.5518085420559686e-14,2.910726364199368e-14,0.6817726079956629
4282,3.9395994519240854e-14,5.6428205061877044e-14,1.427869358915264e-14,0.6590367301600054
4283,3.335213200090779e-13,2.635849457090523e-13,2.818912176405505e-13,0.6953151945956051
4284,4.73952996220061e-13,6.718942717695658e-13,4.824952929389126e-13,0.6658265324542298
4285,5.533063544665264e-13,5.045038082477298e-12,4.386458011372809e-13,0.6347313000936993
4286,1.5096811515739353e-13,1.1568901187939487e-13,9.272793955878775e-14,0.7072370612295344
4287,2.863301380278625e-13,4.582851457756818e-13,2.182430821419075e-13,0.7305396063718945
4288,4.604846482017237e-13,7.360610165435323e-13,2.584937912971661e-13,0.6774719209992327
4289,1.209790838759042e-11,2.6221379764791855e-11,4.57486466894978e-12,0.6999500044388697
4290,1.9679923554268944e-14,3.6196029870981024e-14,1.7674006328293613e-14,0.6689687606412917
4291,2.0732754239011346e-11,7.193863067706132e-12,1.2752191025068936e-11,0.7519182055257261
4292,4.0667185553518486e-14,8.43012139905907e-14,2.7973521949438336e-14,0.6642241777502932
4293,8.168889677555242e-14,1.275909045315464e-13,6.856742168276095e-14,0.6700985065894202
4294,3.109483327307443e-14,3.337684313133217e-14,1.2779428791212311e-14,0.6945589086739347
4295,1.2094202890200388e-13,1.1675523217350863e-13,8.037605944279713e-14,0.7190539296017959
4296,6.073375135484944e-14,1.084841472044144e-13,4.2242813430534045e-14,0.665367822558619
4297,4.5258701637807195e-14,1.3567092114046608e-13,2.211674949712625e-14,0.6757209419971332
4298,1.1141638669921532e-13,1.5355505040027335e-13,5.70087467213723e-14,0.6934770137537271
4299,3.5732902742937286e-13,2.520489193534638e-13,2.342800550316223e-13,0.7390661981422454
4300,4.941024941788331e-14,1.0956043813256354e-13,3.252010272228182e-14,0.6763705568970181
4301,2.7295671421673874e-13,9.337235622278734e-13,3.117458470879627e-13,0.6680187306483276
4302,7.482074874991341e-13,1.7023441481091255e-12,5.527396542298861e-13,0.7338733612326905
4303,1.280003130921804e-13,1.6483461904304674e-13,6.031991101841553e-14,0.684820148255676
4304,1.3991961786518153e-12,3.2721185362274403e-12,8.835283703468821e-13,0.735926698637195
4305,1.1381229828546112e-13,8.542040426074014e-14,8.817035005833385e-14,0.6886707314522937
4306,5.1363811229791714e-14,3.674350323640705e-14,3.80115821262472e-14,0.6863082967000083
4307,2.1469980067318936e-12,9.643385708568895e-13,1.1689204593801876e-12,0.7421496765222401
4308,6.108983321326315e-14,7.62703488879411e-14,4.793660995904534e-14,0.6533174962620251
4309,6.037152032369105e-14,1.9862084134373904e-13,4.80643268437614e-14,0.6600357869407162
4310,6.778050089298316e-14,4.7338880868705395e-14,5.376299253153487e-14,0.6909483392722905
4311,2.0801572021604027e-13,2.569183515529794e-13,1.7308549795679586e-13,0.7141390131786466
4312,1.504359119216019e-13,1.4414134754681328e-13,1.2542808386373872e-13,0.7103387617738918
4313,4.239913543105625e-14,2.101430040739395e-14,1.6630171429836974e-14,0.6910919799935072
4314,1.0533930741611066e-13,1.0985328582370949e-13,4.599318686806076e-14,0.7019467893987894
4315,1.3549636948985401e-12,1.6972123405337983e-12,1.2186631295727614e-12,0.754822120256722
4316,7.615054369368448e-14,7.027293366258377e-14,4.8717464376782525e-14,0.6605491900700144
4317,5.3195489576829326e-14,4.6913626106508064e-14,3.0681332085929856e-14,0.6848025181447156
4318,1.9784642264014036e-14,1.8431292123391276e-14,9.35093480669388e-15,0.6936065904796124
4319,9.829739998344953e-13,1.6417829353256612e-12,6.564615040825615e-13,0.7525324279908091
4320,4.655697043150358e-14,7.612730094551647e-14,4.290798206415033e-14,0.6708020953112281
4321,9.123050679800329e-14,5.74872949322109e-14,6.62388557759481e-14,0.6944359001237899
4322,5.085191068528192e-14,1.1418768068216297e-13,2.7165476292436884e-14,0.6844927008030937
4323,1.282111261812709e-13,1.4310992479152185e-13,1.0696102132262068e-13,0.6871897773118689
4324,5.488813696071214e-14,1.3937060664195942e-13,4.3895262455405963e-14,0.6710614757146687
4325,6.165239924188192e-14,4.8621717048639654e-14,4.756635890273607e-14,0.6779280883958563
4326,1.4103571434996573e-12,1.0997274369265115e-12,1.0346343989556624e-12,0.7857922533527016
4327,3.581536070796215e-14,1.3956824953466176e-13,2.0644141462274803e-14,0.6442003740929068
4328,1.619409412671952e-13,1.4691762897605502e-13,9.716834743251768e-14,0.7136282040737569
4329,6.875220141629482e-13,6.856006573968218e-13,5.84420528715526e-13,0.72329677476082
4330,2.492094314803456e-13,9.967523363041719e-14,1.81826508604726e-13,0.6924819527193904
4331,7.334047106002136e-14,9.919051832592655e-14,3.89977980877807e-14,0.6877646070439368
4332,1.0129317186503159e-11,7.33952272410692e-12,3.268141375244739e-12,0.7316971407970414
4333,5.6624894511072296e-14,1.5259917331888531e-13,2.7438398664469155e-14,0.6341664877487346
4334,2.0541736914400782e-14,2.9317938397275597e-14,8.58247012063491e-15,0.6795437039691024
4335,1.1783604583494616e-13,8.21948259838328e-14,9.157160042736452e-14,0.7387984668835997
4336,4.1165596475273075e-13,3.0378710192923404e-13,3.7741956490882393e-13,0.6754832024802454
4337,2.8436159569499545e-14,1.64908913060209e-14,2.3603851471007512e-14,0.6866975339013152
4338,7.405129702598866e-14,8.669473320620863e-14,6.547769340586124e-14,0.6944486076012254
4339,3.987539805484527e-12,3.534180340145027e-12,3.5963466941636255e-12,0.7498266783542931
4340,4.970435677073489e-13,1.9283348833192334e-12,5.873232270384377e-13,0.7139041266171262
4341,3.129492974557277e-14,1.75205231630159e-14,2.2178104220560234e-14,0.6842828757246024
4342,4.618346393790277e-13,5.131140035240121e-13,3.6796143046073605e-13,0.7349371311720461
4343,2.1013976368977313e-14,3.2019388141514523e-14,9.289768282791742e-15,0.6766884752199985
4344,6.410742515992554e-14,4.5454639576499823e-14,3.78341641188561e-14,0.6944550931686535
4345,2.0208343715796988e-13,2.458667442101834e-13,1.0916976865728751e-13,0.7393861656310037
4346,1.6466954787572146e-13,2.0038265530894154e-13,1.3399068677948793e-13,0.6883317047962919
4347,2.9890147970362807e-13,2.4764043897485656e-13,1.8265726786780586e-13,0.7074655109085143
4348,2.853313938015989e-14,7.162452304940102e-14,1.4408856981351444e-14,0.6865103683667257
4349,2.641368223256729e-14,4.311237400703991e-14,2.0598411889562916e-14,0.6959787321742624
4350,3.2602052679009933e-13,1.525422800802648e-13,1.438028795660925e-13,0.694324171403423
4351,6.050924268782877e-14,4.077908124715435e-14,4.7188308262367495e-14,0.695594037254341
4352,4.4283603210256314e-13,3.6083080296589945e-13,3.944215930289093e-13,0.7244258062914014
4353,3.6651148865430214e-14,3.360608264387085e-14,1.5093767396123214e-14,0.6947484750533477
4354,3.5604045592467443e-14,7.320310407757703e-14,1.5811699123647123e-14,0.663805699988734
4355,8.329296322912788e-14,1.0507738038233491e-13,6.295459480530505e-14,0.7075440947897732
4356,1.016764468150694e-13,4.125852530079889e-14,7.304206643093496e-14,0.6651975427288562
4357,3.108523921005383e-14,1.9284451259555945e-14,8.42007108428567e-15,0.6958485085051507
4358,9.514932687702486e-14,1.0803798593839994e-13,9.930240231255522e-14,0.700994603545405
4359,1.0244397925844696e-13,4.11179816587868e-13,5.4073933647422785e-14,0.6557728352607228
4360,2.483035036372146e-12,2.8246536287734507e-12,1.5503448647440493e-12,0.7362453870242461
4361,7.725779337600957e-14,1.1099761159635113e-13,5.153537435775344e-14,0.6613126818672754
4362,4.0736270729963876e-14,3.091799305289912e-14,2.1804173892306144e-14,0.6779178515076637
4363,2.306948831492658e-14,2.880399476669098e-14,9.4155107044036e-15,0.6870251614251174
4364,4.124446172197528e-14,1.4463161833426405e-13,3.004266855989888e-14,0.6999916014261544
4365,4.9404791565206935e-14,4.5439445761301266e-14,2.7769556226987858e-14,0.6874563502147794
4366,1.0434189494085572e-13,1.0304918999356909e-13,1.0034462122011484e-13,0.693222117703408
4367,7.566349539121186e-14,6.039061479369887e-14,5.177935563908016e-14,0.6932063917629421
4368,4.8840339598315263e-14,5.889512991270246e-14,2.6718647036544148e-14,0.6756656502140685
4369,8.518130168905057e-14,6.583628966309597e-14,7.004740642224813e-14,0.6943980757379904
4370,8.560996944212477e-14,7.456478345904509e-14,7.57743878715566e-14,0.6658011144958437
4371,5.321523124380558e-14,5.0057268075998686e-14,3.252441350062661e-14,0.7081321845995262
4372,3.135951190772581e-14,3.366249618057986e-14,2.038471697764899e-14,0.6983864542795345
4373,1.2871711599061896e-13,7.693124830270804e-14,6.734179063343316e-14,0.7273563033901155
4374,2.6844243113692365e-13,1.9087143345065648e-13,1.7227027435078786e-13,0.6840175961144268
4375,6.910739731557371e-14,4.2364101114509247e-13,7.813492012251824e-14,0.6454044434358366
4376,6.526071414719045e-14,6.183333045103495e-14,4.6427424302065715e-14,0.6826625717571005
4377,5.661231899605442e-13,6.7196028496093e-13,3.440212031899712e-13,0.7353146384004503
4378,3.4412632945023075e-13,2.2010285684396745e-13,1.9434315867870352e-13,0.7123489598045125
4379,1.6495003267246064e-13,1.0551604453097576e-13,8.119862017304315e-14,0.6914663986070082
4380,5.340359099513189e-14,1.8676752517695368e-14,3.5269419941356454e-14,0.6934047383256257
4381,2.0434745914943297e-13,1.3233333424105726e-13,1.6160586405923166e-13,0.7001882631098851
4382,3.6400574686896624e-13,2.9707071143206325e-13,3.1542495297109944e-13,0.7082807152997702
4383,8.28518094522004e-14,5.282279092289699e-14,7.280379066576536e-14,0.6711043824790976
4384,3.243380106811401e-14,9.015461975812641e-14,2.144132135184211e-14,0.66605743621476
4385,4.359158299825453e-14,9.853246509407694e-14,2.4505372690305235e-14,0.660961501696147
4386,1.3543183805884591e-13,5.780819671233229e-13,1.0359116243901115e-13,0.634773439122364
4387,2.1629564030619237e-14,2.5082672710754043e-14,8.603905754334046e-15,0.6942250682739541
4388,3.0063246685693347e-13,2.1524457757568494e-13,2.673755110959321e-13,0.7101086755283177
4389,6.460667516746731e-14,8.39041348294938e-14,5.4166560196210645e-14,0.686499206838198
4390,1.0920580281180821e-13,9.995472240361868e-14,6.893752296929464e-14,0.7208231120370329
4391,2.0847052184265362e-12,2.3757954170074673e-12,9.960331204732936e-13,0.7050896181492134
4392,8.495383531343437e-14,2.3078386967954155e-14,4.4701917624519384e-14,0.6937372244894504
4393,5.648916114415257e-14,6.315308680817044e-14,3.1831088826911795e-14,0.6845698593533598
4394,7.393522156215717e-14,5.476861099557265e-14,4.5449808027969166e-14,0.6700633078813553
4395,2.8035681087959134e-14,3.756818184102119e-14,1.81520362698959e-14,0.6960951135959477
4396,7.447985042558578e-14,8.042918713171383e-14,5.6587721240068115e-14,0.7007416325621307
4397,1.6469636910962038e-13,1.068709568199656e-13,1.3385354263157793e-13,0.6911530337529257
4398,2.1724113157585972e-13,4.200480262037744e-13,8.108115111057893e-14,0.6519461274961941
4399,1.547461311592058e-13,2.1062734678458858e-13,7.031330911827991e-14,0.718803238752298
4400,9.590760302413392e-14,6.479661943298645e-14,6.717009903961896e-14,0.6943329317029565
4401,1.4419101667790986e-13,3.155134525283959e-13,7.237345628781573e-14,0.6604356615105644
4402,1.0117249498475219e-13,6.5703977404176e-14,3.8935606423089963e-14,0.6935419033979997
4403,2.251952323186133e-13,2.567553549685869e-13,2.2107394793611035e-13,0.6629016378894448
4404,2.329276193517515e-14,1.9064367214087635e-14,1.7114592119771498e-14,0.6878701852168888
4405,5.1613027379882695e-14,4.662047469424232e-14,5.042370457350309e-14,0.6909416158217937
4406,2.211853782002305e-14,1.9882342903214565e-14,1.6464281236985812e-14,0.684849789692089
4407,6.378064323180991e-13,6.769418613269537e-13,5.011074399917667e-13,0.6573009133571759
4408,2.5918932614161223e-13,6.651823876642429e-13,1.4657732477834065e-13,0.6706230569747277
4409,1.4342563144016405e-13,1.9373976778241026e-13,1.2956243325820265e-13,0.6646381824743003
4410,2.7426697634916736e-14,3.2523883265081294e-14,1.7944586094627272e-14,0.7039186486741528
4411,3.43854718261576e-14,4.589379536500872e-14,2.2691289520489044e-14,0.6706552298390307
4412,1.6260980268753782e-13,2.0838897501389952e-13,1.4050446281230542e-13,0.6794829056132585
4413,1.4839964140742004e-13,4.4883945787967977e-13,7.186525237236499e-14,0.6548289272701368
4414,2.49993747904961e-14,2.461736270176505e-14,9.752485554025778e-15,0.6839473033556714
4415,1.0994546878540844e-12,1.0094131125964725e-10,3.495087934564509e-12,0.6041885367420037
4416,2.9902847490805423e-13,2.792282496138551e-13,2.7211040899444004e-13,0.6928421449381859
4417,2.7344038433956602e-14,7.360944426731344e-14,1.4136686972567708e-14,0.671443541906774
4418,1.3666572822877817e-13,7.877612822022546e-14,6.413172562767142e-14,0.7248443170683458
4419,1.210630888453676e-13,1.13837941324673e-13,1.1016398884889246e-13,0.7039045627694577
4420,1.6070893041626266e-14,2.239304584759665e-14,1.4239302001604383e-14,0.6803837062558159
4421,1.2750399073517089e-14,1.12708400356697e-14,5.2041433046204904e-15,0.6939616983989254
4422,4.339035035657618e-14,1.2505736312718897e-13,3.825417913590938e-14,0.6616408107685856
4423,1.8257520434077053e-14,2.85289111318633e-14,4.587554316888322e-15,0.6947959905024618
4424,1.2474094683778634e-12,3.461489130172201e-12,1.317938713052878e-12,0.7680046390742064
4425,3.819925498249698e-14,3.530215614551882e-14,3.162435517504324e-14,0.693968206923455
4426,3.2966008570902326e-14,8.760730526164387e-14,2.269263502544985e-14,0.6559580488479696
4427,1.2507427934682959e-13,1.7482129525929674e-13,1.1175517204495313e-13,0.6914077351568266
4428,6.530927029826349e-14,1.6945018710282609e-13,1.0925660383099236e-13,0.7021624855464325
4429,8.770049677176988e-13,9.432628743565181e-13,4.724935061531255e-13,0.7347423877101391
4430,1.8205820867524454e-13,1.723564025642871e-13,1.4425367330343385e-13,0.6844930154271424
4431,1.189262845838109e-14,1.9861891349153406e-14,7.618748501222256e-15,0.6949141627876088
4432,4.341936058426349e-14,3.910246415791432e-14,2.1662687372804422e-14,0.6916569035733119
4433,2.7701293697551308e-14,3.905161299563358e-14,2.7087083128530423e-14,0.6843842853675597
4434,3.44071625809033e-14,5.485050177076008e-14,1.513589271446675e-14,0.7025283608119934
4435,5.070088811367153e-14,8.830583477841184e-14,4.383908731158112e-14,0.6740855532116257
4436,4.2681980824277804e-14,9.324324749234738e-14,4.0131549278680104e-14,0.6709739367826841
4437,1.8559371384687752e-13,2.7560664939582666e-13,1.020323160854867e-13,0.6938740483717993
4438,1.0369105331714305e-13,1.5371140064044334e-13,5.317144596249817e-14,0.672230538004078
4439,8.162209388866516e-14,5.653426490674754e-14,5.0755635542035315e-14,0.6954588223947212
4440,8.207686827663991e-14,2.0287522626350204e-13,5.90522292530042e-14,0.6904754581395537
4441,2.4673701959698936e-12,7.00807821897249e-12,2.406117703796341e-12,0.7546194217167794
4442,8.001489513526507e-14,2.6995052218617096e-12,1.8559617681153402e-13,0.6119626612751745
4443,1.119943928519659e-13,7.444596827309368e-14,7.171657194663305e-14,0.730508308345452
4444,7.175905676840291e-13,1.3861280204204756e-12,5.197633263495862e-13,0.7177103208843618
4445,1.6217733079800617e-13,1.4049296489707466e-13,1.0034150109984256e-13,0.7272880861768499
4446,3.008220121018649e-13,3.136165545825834e-13,1.1108362570465942e-13,0.6980606193188578
4447,1.883005297503768e-14,1.7504320593050343e-14,8.996165589242673e-15,0.6946342992130667
4448,5.888019644789353e-14,6.174166121719886e-14,4.873227357632391e-14,0.689178004837595
4449,9.878562597878998e-13,2.5457146269888143e-12,7.323805276354859e-13,0.6986751991091296
4450,5.798837798899175e-14,8.002768348609409e-14,3.329744600560928e-14,0.6796815179171972
4451,2.8866172889897234e-14,7.693429940503858e-14,1.921963959647365e-14,0.6693776819622144
4452,1.2095073018831447e-12,6.529736030798406e-13,9.046773261079793e-13,0.6923618036555126
4453,4.238608384323043e-14,2.1904931549652747e-14,3.3104875338026486e-14,0.6931056027300656
4454,1.2561813215565042e-13,1.1666761113145127e-13,5.845067994941527e-14,0.7129428154090419
4455,1.3456244316836216e-13,6.213200485605673e-14,4.42188658075248e-14,0.6911119328346104
4456,8.099844370208057e-14,9.1678049153829e-14,4.2907105663119747e-14,0.6955910958116874
4457,2.796983214905455e-13,3.2184986583938277e-13,1.2351825447535368e-13,0.6637720178929157
4458,3.7012854693887e-13,4.836892233117309e-13,2.2709291589710078e-13,0.6988643529592082
4459,1.1238559762020313e-13,3.5727374548932434e-13,4.8816704784975223e-14,0.6637171287322416
4460,2.1865079734204824e-14,5.366646746399412e-14,1.427056637214893e-14,0.6779201686265879
4461,4.484700896945752e-14,7.858348971281136e-14,3.91201632193443e-14,0.6475935766589828
4462,6.605622929359718e-14,8.220255317395166e-14,4.391281777818613e-14,0.7062866348307579
4463,2.9740965243920825e-13,2.784162835068901e-13,1.1847277750465393e-13,0.6771103762672283
4464,9.153075711793114e-14,9.497822494721848e-14,4.9159288260505755e-14,0.6741228394792416
4465,1.179369303916114e-13,1.832980538803532e-13,1.0211929824671553e-13,0.6774660025606863
4466,1.3012257660752584e-13,1.4925517269947001e-13,1.3384700952884155e-13,0.6704669480328448
4467,3.1596794434151457e-14,2.5926781228034698e-14,2.469283217902835e-14,0.6928888722555712
4468,7.253621431437598e-14,6.417723560223542e-14,4.061762580270286e-14,0.6801822681911289
4469,1.566544353035215e-13,1.7955913448341864e-13,1.2868840715098042e-13,0.6612453915528022
4470,2.6823708167045185e-14,7.339198156202058e-14,1.9482348231734012e-14,0.6672574331983924
4471,6.244399644032972e-14,2.2303345423034903e-13,5.221655521034553e-14,0.6644888232112862
4472,1.0473962292237721e-13,4.619324947040367e-13,7.617794500891771e-14,0.6609887204016559
4473,5.750159161371661e-14,8.672304911866555e-14,4.151394786793533e-14,0.6889483344973997
4474,3.4786617438254604e-14,3.8306310561641574e-14,2.7483241395473472e-14,0.6975272999610752
4475,3.035391950648841e-14,4.26369240192668e-14,1.0635651548892575e-14,0.6774807317415252
4476,9.268265880051503e-14,6.589944395548067e-14,7.589644155015572e-14,0.7141507941065356
4477,8.473187391464289e-14,2.337994704906653e-13,5.68358846488426e-14,0.6628142562811263
4478,2.585029690182254e-14,2.8000128287779058e-14,1.9176792631123302e-14,0.6829994874773547
4479,1.1822874936514333e-13,1.8075149199817511e-13,8.613915736400494e-14,0.7151456078514457
4480,2.7115307972766055e-14,2.3118085093203248e-14,1.7893896574173558e-14,0.7033663518493996
4481,2.542662248532732e-14,2.8137582505981658e-14,1.2885855590513413e-14,0.7133368933806196
4482,2.5545262409025636e-13,3.491875922672852e-13,1.0379712743477608e-13,0.7125927964923904
4483,1.495411785986023e-14,1.9370196868421178e-14,9.772826474575065e-15,0.6922610014677048
4484,9.388418427974636e-14,8.785687981866541e-14,5.0134512182249574e-14,0.6938516167923808
4485,7.752558776883131e-14,7.99847472764114e-14,5.589746269859236e-14,0.6904723946703598
4486,5.940858819968464e-13,5.60164740006884e-13,5.484483903996002e-13,0.7215741022024303
4487,8.824799132280393e-14,7.883933315764983e-14,5.349575017495794e-14,0.6946403976995498
4488,3.268576555343662e-14,3.860506224631845e-14,2.3317476629393256e-14,0.699295898922719
4489,7.760618515705025e-14,5.090271983773188e-14,4.9622983516291925e-14,0.7080717447213829
4490,8.06209656958976e-14,8.724462668672741e-14,4.975740805749667e-14,0.6862878260901197
4491,2.607565114900061e-14,2.1131740391692184e-14,1.9891643679980454e-14,0.6656604837859049
4492,1.1079550837085122e-13,1.5701119861558795e-13,9.606584169970862e-14,0.6937258342280984
4493,5.572121243190826e-14,4.7607790514266375e-14,2.892727094352128e-14,0.6728225807426498
4494,3.136539751577004e-14,3.335237379728751e-14,2.1087669374572364e-14,0.6920611006673425
4495,1.6665662383097737e-13,2.4185803880021455e-13,1.1097124728920841e-13,0.6742164978175424
4496,1.520229015420601e-14,2.0380900755852317e-14,5.187737331767847e-15,0.695386101771146
4497,1.423309118311919e-14,1.0813272516920705e-14,6.565697931089795e-15,0.6940713716205209
4498,2.889423758374335e-14,4.0811165003031343e-14,1.2527367100482218e-14,0.7046902876114473
4499,4.331599098866728e-14,5.027790298618379e-14,3.323479021402189e-14,0.6877358582569286
4500,2.2403128250266125e-13,1.1433992688879834e-13,1.0081562009909098e-13,0.6808293584734202
4501,1.6156780034820566e-13,7.81717618605761e-14,1.0792680714810315e-13,0.6515544947469607
4502,6.976137269096338e-14,1.1727963267287815e-13,5.165144924461711e-14,0.6640677974559367
4503,4.5061641302956055e-14,5.356347804363169e-14,3.204956290019344e-14,0.6622125846566632
4504,3.622125985865888e-13,5.342120728678265e-13,2.685055944185518e-13,0.6815887517645024
4505,1.4263885629163918e-14,1.1390886937987719e-14,1.0006976878008591e-14,0.6938490771921352
4506,6.978323436874304e-14,4.466018751600022e-12,2.1960992867733975e-13,0.6088173086580355
4507,1.0610651046452153e-13,2.394652620912778e-13,7.86178867793843e-14,0.6509286163491197
4508,3.21375792570667e-14,3.3414115550797556e-14,2.0673836955595722e-14,0.6809348004171625
4509,1.0857315237382057e-13,2.3562762616989836e-13,9.947498654763027e-14,0.6691805303678848
4510,1.2071496656518216e-12,7.757010085911327e-13,5.762020887714917e-13,0.7832000225782394
4511,1.165889906753647e-14,1.281051006179993e-14,5.597584341020614e-15,0.6802793391980231
4512,4.952168292096611e-12,1.608796779049123e-10,8.00900565398225e-12,0.6441729699843564
4513,1.6114803515657362e-13,1.9739189637976086e-13,1.5842344354222453e-13,0.7172040099976584
4514,8.664537003858421e-14,6.249462949471701e-14,6.652882206113261e-14,0.6985089140478522
4515,5.969760054297994e-14,7.313887080990059e-14,3.569418464988743e-14,0.7186779560055584
4516,8.635621608119664e-14,8.01393971214064e-14,7.522502021768933e-14,0.6945217248052359
4517,5.863323554704913e-13,6.029757948006706e-13,3.5206395224403945e-13,0.7334386525442824
4518,5.49504402514354e-14,6.283688267185643e-14,3.005779419138449e-14,0.6969777674879879
4519,1.822872111141112e-13,5.304533158111081e-12,2.561824558973014e-13,0.6252745030273218
4520,7.81641157593056e-13,2.012008918562985e-11,7.453412590828239e-13,0.6228784849634394
4521,5.872995133706408e-14,6.354876602342623e-14,5.0888124293050115e-14,0.7000832864781842
4522,1.9056241248185368e-13,2.1820513835794044e-13,1.6890927754566726e-13,0.7184311244869604
4523,8.91805831601477e-14,3.186431952518852e-13,8.41584800814493e-14,0.7359231087379158
4524,3.921887970508066e-13,1.6222017563084896e-12,1.8383796153192203e-13,0.661241951584816
4525,1.7925477149337746e-14,1.5250280212744766e-14,8.24155086828427e-15,0.6945967526640743
4526,3.4593981089798115e-13,2.060399074396535e-12,2.3362923589010624e-13,0.6645283341989853
4527,1.0395311684526165e-13,3.0003977544001997e-13,6.209763782149829e-14,0.6558966414886527
4528,5.327561202207368e-14,7.438081458796487e-14,3.000244100890753e-14,0.6940735840238631
4529,7.022737438398395e-13,8.309049443059596e-13,7.139152146692231e-13,0.6654594149207697
4530,1.7124642337246957e-13,1.8913267543054764e-13,1.6547394878518345e-13,0.7285288702929392
4531,3.208100032182981e-13,2.935746192611276e-13,2.62531233731078e-13,0.7302856251131743
4532,5.944245217760394e-14,6.929370778895083e-14,4.146522721694385e-14,0.7115771667333319
4533,1.343655131090155e-13,9.116595349850439e-14,7.556251160039108e-14,0.7326111489906907
4534,5.978685475491916e-14,3.3435391169500975e-13,4.2323676595016346e-14,0.6384047770407051
4535,7.270911357862646e-14,1.824422624521632e-13,3.417266482826379e-14,0.6711233362089842
4536,1.8308560553545574e-13,4.749148252871367e-13,7.970157767384127e-14,0.6721605018596165
4537,1.6170043654794781e-13,1.7221141857338267e-13,1.5554487591266547e-13,0.6639172334689647
4538,3.479222104926858e-14,7.323824470186259e-14,1.3448212014256205e-14,0.6959432353498414
4539,1.4856167461094032e-13,1.5197932079508162e-13,1.264433639654582e-13,0.6770072068902664
4540,1.5766194748638716e-13,5.728351326569504e-14,9.057595762347453e-14,0.6944645921001211
4541,2.5450244176129632e-14,8.276899675314707e-15,5.948938636434726e-15,0.6978483557002619
4542,1.636917657067993e-13,1.853569569553376e-13,9.957654420223565e-14,0.6507785334484651
4543,4.37639465462927e-12,6.553708824273947e-12,2.4514700730596042e-12,0.7587070480920375
4544,1.2880479833279666e-13,1.943601712469029e-13,6.803294880016363e-14,0.7305008973926306
4545,1.4749521488468094e-13,2.5644677032014227e-13,1.156910019502105e-13,0.6769160569063388
4546,9.757485254039476e-13,1.4468454604886226e-11,1.2339744311746573e-12,0.644816396915121
4547,1.989897113522631e-13,1.7455569671394344e-13,1.3787104346487572e-13,0.6862140603829175
4548,8.731999325582245e-14,1.1516616984946025e-13,6.780017510352341e-14,0.6693735484965145
4549,2.5863281136756014e-13,4.191936748547132e-13,1.7160631761331854e-13,0.64320785762975
4550,3.1989058968521446e-12,1.5324470333533645e-12,1.7746115036736514e-12,0.7732406883500517
4551,2.409736711001676e-14,1.4685896435896392e-14,1.22245001672466e-14,0.6952839221106842
4552,5.5688961870090435e-14,1.0975269011948053e-13,3.558425683565678e-14,0.6972404320258647
4553,5.240039341589845e-14,1.1660872183280964e-13,2.967929859247997e-14,0.6530081463628449
4554,1.9084419449998255e-14,6.79651543749801e-14,6.309583026273419e-15,0.6815101743792183
4555,9.403813441929336e-14,6.650635260209627e-14,7.02513214376085e-14,0.716120585380122
4556,9.855593454807179e-14,1.8112904122585612e-13,5.954345056400649e-14,0.6984279393684119
4557,4.212870652044575e-14,9.337817289251651e-14,2.8898523564185654e-14,0.6787030354025774
4558,4.1176064387620894e-14,3.354158294593298e-14,3.084892674479192e-14,0.696541645261459
4559,7.39846772233194e-14,6.984199982450078e-14,5.771474347927069e-14,0.7028823498869314
4560,1.308665882032594e-12,1.2916483129275313e-12,9.329802430714068e-13,0.7479459013789892
4561,5.149785584443545e-12,6.253760445260106e-12,4.209949423662835e-12,0.734780045109801
4562,6.221063788010444e-14,6.913202233643919e-14,5.566703369171886e-14,0.7057686869753524
4563,2.7817305136838606e-14,2.265453469846913e-14,1.2078068698760814e-14,0.6951398020843044
4564,3.648731011252256e-14,5.4607014283090115e-14,2.193278536197863e-14,0.697072775894776
4565,3.87319649514961e-13,5.136730744229016e-13,2.747741994895985e-13,0.7322635214077309
4566,3.3650020753188587e-14,6.200089483688953e-14,2.756907754943724e-14,0.6846472589764744
4567,2.1180264368870672e-14,7.216778357985098e-14,1.3417842857291618e-14,0.6556864703423344
4568,3.1604905412381454e-13,7.816735946269817e-13,2.7887254645228204e-13,0.6745426396490075
4569,5.1915438682193345e-14,4.7359227855819684e-14,4.220209762676178e-14,0.704556338978
4570,8.434545851057192e-13,5.853993243767017e-13,6.982462579041696e-13,0.7133228721097111
4571,4.1372183649050016e-13,2.4144790648806595e-13,2.6143599968583505e-13,0.6853500547586009
4572,1.2706360888826967e-13,1.42234514900839e-13,9.474906513527475e-14,0.6650394496973604
4573,2.679073456989493e-13,2.2333949583581646e-13,1.641764937718619e-13,0.7178425816586241
4574,2.9549948104847197e-13,1.2999447573809203e-13,1.016549443570585e-13,0.7024695640429854
4575,1.6050357083862185e-13,1.19791729929063e-13,1.0806023876649458e-13,0.7225486655021086
4576,2.4449698618033433e-14,3.404911623869149e-14,1.3442581527165208e-14,0.684126456535887
4577,5.878494684465655e-14,4.800139491168286e-14,4.440818524354684e-14,0.696699335728772
4578,4.890519973510122e-14,4.236532852513078e-14,1.3869710974754959e-14,0.6936387996189296
4579,4.712829337648538e-13,2.4677218159123433e-13,2.319407259623634e-13,0.6786427725106478
4580,6.784546263224525e-14,9.185706434180758e-14,3.621963261898368e-14,0.6805400024633854
4581,1.2727574254412176e-13,7.181335915274885e-14,7.157437015958289e-14,0.7036303216591477
4582,8.532112771109117e-14,7.666338424995894e-14,7.329629838798624e-14,0.6511245898320339
4583,1.8646959240299846e-14,2.415918390901858e-14,3.696567540249031e-15,0.694164075050503
4584,8.213179819998156e-14,6.172701444436728e-14,6.571847326339288e-14,0.6638791267410852
4585,4.4743726621411587e-13,4.876914874461071e-12,4.443009344392922e-13,0.6279802681063302
4586,1.8230266855465398e-14,1.5965683243688863e-14,1.4655655778026725e-14,0.6938725878717378
4587,8.928362128308552e-14,8.103676044101958e-14,4.961287963330869e-14,0.7389889303129167
4588,2.3788274876326348e-14,5.182473509968053e-14,9.742250960844603e-15,0.6918953007319942
4589,3.5237119026800373e-14,4.480343231181151e-14,2.7874697226569916e-14,0.6973427237244323
4590,3.8467715608218643e-14,1.0025883910115617e-13,3.252574837694419e-14,0.6866467471001669
4591,1.619246694778259e-11,1.7471450013112443e-11,8.039688125820292e-12,0.7296218982664868
4592,1.4751781595457242e-13,1.100742868238264e-12,1.5060983591317343e-13,0.6406376320053824
4593,3.057983105860817e-13,6.177195813215007e-13,2.894679102258753e-13,0.6679733947617933
4594,1.4787394983408146e-13,1.9378626174991959e-13,1.185865813504015e-13,0.7235938754864037
4595,3.728319877499073e-14,3.5574187024984996e-14,2.5286459987505556e-14,0.6750185094540939
4596,3.9370503583735905e-13,7.575698601559643e-13,3.450745697822388e-13,0.6598667523823678
4597,1.55791612672819e-14,6.3323662353125844e-15,9.82377855470577e-15,0.6944760457379744
4598,2.2045744827501658e-14,1.9823558296975032e-14,8.59020695711891e-15,0.6961691861040891
4599,2.3585037048695223e-14,1.2774762423920855e-14,7.8382944255683e-15,0.6946676866151392
4600,3.281208493876519e-14,1.5699105783349095e-14,1.550152512631795e-14,0.6941811993950978
4601,3.4802522912033945e-14,2.841515310598954e-14,2.3694511638512442e-14,0.6930223177652806
4602,6.325257526963804e-14,1.7088534317940411e-13,4.884446042692806e-14,0.6763988084625453
4603,1.9263375421592506e-13,3.1971840122734076e-13,1.289949933796749e-13,0.6689681331277825
4604,4.845317866613215e-14,6.15904379898552e-14,2.185489853633397e-14,0.6812518615275621
4605,1.2234834274678527e-13,1.7009079477250764e-13,7.697251221395595e-14,0.6691979953437113
4606,6.236048704655293e-14,8.461711451088683e-14,4.2521014661211894e-14,0.6691832413547673
4607,1.9057496338776826e-13,2.692651122779995e-13,1.1954166302378674e-13,0.724508652719669
4608,5.025044421649703e-14,2.7169279207887732e-14,3.012559593135945e-14,0.6902526962803677
4609,1.1383230786336037e-13,1.4982683404678198e-13,1.2084635331394824e-13,0.7175086493836715
4610,1.1484468607896222e-12,2.5151500585502112e-12,8.753217259350984e-13,0.734789207438007
4611,4.5737139869051526e-14,4.6767350270814525e-14,2.7186817247349408e-14,0.654710239393171
4612,3.9455062702513966e-14,3.11048832052058e-14,1.290868069147809e-14,0.6873860411229543
4613,1.076007478811458e-13,1.0056672298554852e-13,4.7532903978870223e-14,0.7206948501523585
4614,6.731257832826773e-13,5.332040097918081e-13,2.338920515771012e-13,0.7563809670042246
4615,5.895949274457491e-13,8.310964427060639e-13,5.01753997412336e-13,0.7298510746797546
4616,2.277299517835793e-13,6.423188056721429e-13,1.2450786473053745e-13,0.6706110814237036
4617,4.064197061058341e-14,4.387768909090835e-14,2.5666891936503955e-14,0.696812635473907
4618,6.754630121172643e-12,4.555655725476125e-12,4.447780949042396e-12,0.6975838247453794
4619,1.056936643059913e-13,8.62428060309632e-14,3.8458861768764343e-14,0.6952501465333626
4620,3.386632203155251e-13,1.5608190810624635e-13,2.6250790164869224e-13,0.6617757966276259
4621,2.977128687464073e-14,4.0958074160425886e-14,2.0705572764846165e-14,0.6741238239919767
4622,5.871483815937512e-14,2.6741481572674803e-13,4.6432691153178965e-14,0.6462974692112766
4623,4.026686270815609e-14,3.2544640693347984e-14,2.469726724915927e-14,0.7018366985721514
4624,2.583024029818494e-14,2.8672139921731523e-14,1.175435188629251e-14,0.6941983489785344
4625,1.8288505325791098e-13,1.0842874925338032e-13,1.4234472166108094e-13,0.7162134914891795
4626,1.416790302944011e-13,1.5675553780274904e-13,1.1813654611098886e-13,0.6743658712948672
4627,4.474742393816395e-12,8.114528725611126e-12,4.1326943509087346e-12,0.7729761500842869
4628,6.718671447419682e-14,8.069638115421138e-14,6.727580215388225e-14,0.6949587752809748
4629,1.3244126042166779e-12,7.32547921524563e-12,1.0784850133055262e-12,0.6711833590758033
4630,5.957897643902644e-14,5.600701380696996e-14,3.48619957076193e-14,0.6590302562108263
4631,1.6652207749947783e-13,1.5079241764128777e-13,1.4391825730298576e-13,0.6729043581988663
4632,4.314538311158735e-14,4.4932349374819867e-14,3.3462127591688586e-14,0.695088570844382
4633,1.9386470906180173e-13,1.4780868213006628e-13,8.493221340254092e-14,0.693678029300645
4634,4.0503892931291424e-14,3.05901358762483e-14,1.61198530508335e-14,0.6705046644085086
4635,8.436553807562593e-14,8.127862887633989e-14,7.735972344435664e-14,0.7190216047689318
4636,7.653979911280224e-14,1.43483575425474e-13,5.727214106798036e-14,0.7229681971482933
4637,1.7227787372491857e-12,1.6932739304314032e-12,1.745573343502264e-12,0.7629175495356322
4638,1.2423018354547562e-13,2.4412610430399785e-13,1.293920548009222e-13,0.7128258992452174
4639,4.8913147055458876e-14,3.723374716998201e-14,2.1874396908319683e-14,0.7151108901016414
4640,2.615754215371064e-13,1.0195764230156328e-12,2.2639734590339492e-13,0.7090227270964533
4641,1.0834704751377863e-13,1.342989688722935e-13,7.109199480334022e-14,0.6877032820484601
4642,7.541754269443926e-14,1.5038051552603565e-13,6.306916785980652e-14,0.6696338274283334
4643,7.69619852669804e-12,2.8188760419619466e-10,7.097346779518276e-12,0.6485948587127496
4644,5.506365546422203e-14,5.2938091500488733e-14,2.7969623263493478e-14,0.7039573542075231
4645,2.43228519498385e-14,5.96972077050326e-14,1.756821282330149e-14,0.6710389499319718
4646,5.5174036081619045e-14,6.228025234718682e-14,2.7874950801219273e-14,0.6934766381047666
4647,2.668828216679503e-13,1.948646708326159e-13,1.2804902332234396e-13,0.7432943522930145
4648,2.91411379967261e-14,3.878298184540285e-14,2.376258422909591e-14,0.6566045311861671
4649,1.5762947995883252e-13,1.6640695778823427e-13,1.2067545355174038e-13,0.7301752048078924
4650,9.678055421134093e-14,8.266833366567378e-14,7.36556235529727e-14,0.704684199555777
4651,5.4528297652406516e-14,4.690824530171417e-14,4.543083279094302e-14,0.6880933987675235
4652,2.5141430637275948e-14,2.6883417381790192e-14,1.684829710670608e-14,0.703746059932746
4653,6.731445406025788e-14,4.5889429348535304e-14,5.210413058533477e-14,0.7034486227901653
4654,5.2513308829830377e-14,4.4739193281204137e-14,3.7970357669828926e-14,0.6943338225129991
4655,3.099094160097691e-14,1.538929476632186e-14,1.999805543608158e-14,0.6951785384910181
4656,8.339832491489025e-14,1.2167049679225317e-13,5.753927634385546e-14,0.6879269978613592
4657,1.9215457876166769e-13,4.3738718401687796e-13,1.8862093780752753e-13,0.6901235912228003
4658,2.2187922292963752e-14,1.85348434302878e-14,1.3849393102797325e-14,0.6953830890823156
4659,8.98668542383704e-13,2.3479034659669697e-12,8.397185758838403e-13,0.7494803201407194
4660,7.554423045367803e-14,9.140832783599419e-14,6.447392964891477e-14,0.6990827020024881
4661,1.2202624007975799e-14,1.247611444265782e-14,8.816238367208352e-15,0.6944731654599309
4662,1.6666911304271015e-13,1.2667436301826273e-13,1.1107296316724753e-13,0.6927467786706984
4663,6.602631077456161e-13,4.1153591997657137e-13,4.860858994759324e-13,0.7049689100123941
4664,9.671491017593802e-14,1.778522233935585e-13,4.9320649583387544e-14,0.6831579236430116
4665,9.230692102472342e-14,1.0495168207443492e-13,5.94045140047947e-14,0.696809819759801
4666,9.269498435209159e-14,8.121324849072376e-14,5.61516824228689e-14,0.685411321441643
4667,9.954288127573158e-14,3.736752806698776e-14,6.42804160208467e-14,0.6869350678054615
4668,2.505777260740712e-13,1.9284905514670776e-13,2.162224014730658e-13,0.6820821756729856
4669,3.2796675776778223e-13,1.3897499457093515e-12,2.743904836369782e-13,0.6213011242973152
4670,1.783656526104744e-13,1.0670351140242055e-13,8.87770436826336e-14,0.6905422035022639
4671,1.048242588981046e-13,7.885628300908178e-14,7.847297854413225e-14,0.66964603952365
4672,7.171877899263484e-14,7.845131012052893e-14,4.4847213353025336e-14,0.6707730403984897
4673,1.5529093981324862e-13,8.795939320601197e-14,1.0870161433436596e-13,0.6847935108817182
4674,5.871804797472329e-14,3.472949119016069e-14,1.0763149511442179e-14,0.6869142149807885
4675,2.9285062033196505e-12,4.411273412983988e-12,9.453551909648283e-13,0.7204113321378827
4676,7.040909651379914e-14,1.0037701653707164e-13,3.2493381087663486e-14,0.6919791109394282
4677,6.638389557460879e-14,8.288367507872491e-14,3.615158904630781e-14,0.7328021955210715
4678,6.840609173379272e-14,6.060061079273987e-14,5.373764152440902e-14,0.7110619055572898
4679,1.3574344693054502e-14,1.9015552359009112e-14,7.167015438923568e-15,0.6797182732378133
4680,6.170271087704881e-14,1.0198677782137661e-13,3.202122212053191e-14,0.7174684622092172
4681,5.310554558212863e-14,9.741446950512113e-14,4.4177787876070427e-14,0.7022719270084054
4682,8.296476172052951e-14,4.2769124160663173e-13,6.732014825776894e-14,0.6525625284644775
4683,5.044936690707131e-13,1.8000383488709717e-12,3.983248568316171e-13,0.6628196283010765
4684,3.218151468935286e-13,5.137997956975526e-13,2.168696014753355e-13,0.7027945300098508
4685,4.4178887597485975e-14,5.0336463196636306e-14,3.271514179580753e-14,0.6826648032292724
4686,1.8043663475435904e-14,2.897417546809821e-14,9.821947306065502e-15,0.6834887507022358
4687,3.428075967262659e-14,5.101659418132685e-14,2.3847235964861462e-14,0.7080678252037614
4688,6.141360035606289e-12,1.119902756348417e-10,8.040609954266362e-12,0.667927453480661
4689,4.14741657999567e-13,6.858758882195448e-13,2.1380548942093252e-13,0.6433278737356887
4690,1.1052011919623559e-13,1.2190500886928942e-13,7.124098702547321e-14,0.6985446007922291
4691,1.5068002085148373e-13,1.2718013218863822e-13,1.0465863934975341e-13,0.6864897301071323
4692,2.4337840665909648e-12,1.1096940293950578e-12,8.852375231786471e-13,0.6872999431332574
4693,5.253245382580901e-14,5.2607747178688454e-14,4.5596515931806874e-14,0.6943390845321119
4694,3.372693646856703e-14,5.197393561422229e-14,2.594363380826356e-14,0.6590669203898869
4695,7.929690968604011e-14,6.648720356136662e-14,4.727330355264684e-14,0.7037907981546596
4696,2.72215779793491e-13,3.1830601387559616e-13,2.6627210165360825e-13,0.7138785200426355
4697,4.49847213293293e-14,3.8906173999519504e-14,2.6801784722237346e-14,0.6849193368339911
4698,2.2354695406430466e-13,3.814995046085673e-13,1.7252073033647676e-13,0.6611293295864016
4699,2.79419143773967e-12,2.149327889212866e-12,1.7193746810422836e-12,0.7499243634752929
4700,6.340397690692133e-14,8.701726005276734e-14,5.0163980551099895e-14,0.718538930080831
4701,8.566637717319658e-13,5.862905771066589e-13,4.2921140861562674e-13,0.7677187240682543
4702,2.941538159501006e-14,3.9796269315426615e-14,1.534978992748827e-14,0.6660024285432883
4703,1.5621790377274774e-13,3.869552797405725e-14,8.36000009082028e-14,0.6935574654256925
4704,1.1794030844175266e-13,1.6929126050283282e-13,8.030332663192948e-14,0.6750391792156734
4705,1.576875402019744e-11,1.4758770772162097e-11,6.462946587724437e-12,0.7383213104680181
4706,4.902950962515986e-14,8.59084316628268e-14,2.3024160078856614e-14,0.6621924436418339
4707,1.9349821684101665e-13,9.384458553337642e-14,5.439122052003551e-14,0.694259675964713
4708,1.0970791740737782e-13,4.918578452622759e-14,4.545097611591661e-14,0.7114980046637356
4709,1.1127703510118799e-13,6.454324197121004e-14,7.364699319363392e-14,0.6978615336120129
4710,1.6558933747620578e-13,1.8505871790928782e-13,1.4470786768224446e-13,0.6821680994820781
4711,5.056737967534031e-14,1.4141839624577965e-13,3.8920128064343795e-14,0.683416205085814
4712,4.199977120139155e-14,6.911178666487833e-14,2.756330516030997e-14,0.6792006617295556
4713,6.721683676471275e-14,9.834680540380994e-14,5.5882026097834926e-14,0.7008494269568473
4714,2.0273945760620406e-14,2.5178719498500416e-14,8.243395345654048e-15,0.6946930475533009
4715,8.493485895625366e-14,9.556674399244517e-14,6.259210420374736e-14,0.6608284945832565
4716,3.559402226234924e-14,4.8458659361937686e-14,3.1283612969081e-14,0.6925306679215282
4717,6.852521502002078e-14,8.151410112686496e-14,5.687783609732498e-14,0.6954698666464537
4718,3.8942959438484554e-14,7.537500863269599e-14,3.165471063042536e-14,0.6407981955679134
4719,1.3152887602079394e-13,1.5566208348579992e-12,1.7330820811491463e-13,0.6424234590143897
4720,5.988749197346677e-13,1.3455746463400382e-12,4.073234249585969e-13,0.7096313273068517
4721,5.959809359301417e-14,7.215155289357281e-14,2.4776625025196298e-14,0.6937623322708533
4722,7.113307686289515e-14,1.2967272391840864e-13,4.2709517978718944e-14,0.6858081404003314
4723,5.937344311753079e-14,3.1376969911290974e-13,2.6354356569500224e-14,0.6647278286982328
4724,9.377200559773325e-13,1.698132770379618e-12,5.029694261895784e-13,0.7512071338947862
4725,1.4908240707826467e-14,3.545230850792531e-14,8.247254796952062e-15,0.6672808830626309
4726,5.408854153349243e-14,1.1580413674661725e-13,3.3815961792159015e-14,0.7020900552626699
4727,2.928750212036119e-13,7.221851300268364e-13,1.810770309846588e-13,0.7015093634137883
4728,1.562339261363694e-14,3.858367464523908e-14,1.2534080519691836e-14,0.6756371436524204
4729,3.5622812144249386e-13,4.288407332539806e-13,2.890726698503684e-13,0.7161841933149844
4730,1.0249900359489127e-13,1.3182525919559152e-13,1.0456071088027407e-13,0.7414898743852973
4731,4.250168574810282e-14,4.6033781576614106e-14,3.548959204897319e-14,0.6851123735657894
4732,1.365676713653768e-13,8.841018330116964e-14,7.045132995613468e-14,0.646066689689178
4733,5.837431571208372e-14,9.914611983217724e-14,5.833574932438245e-14,0.6679743223590776
4734,7.132161282285902e-14,1.3371593465093646e-13,4.7054873907959167e-14,0.6722901466768235
4735,2.2002033173391773e-14,3.136401750053079e-14,1.207413163988379e-14,0.6938522409880534
4736,1.3048799515878793e-13,4.786977992177474e-13,1.0977681249339579e-13,0.651372673548758
4737,5.323307982471362e-14,6.800247029474315e-14,3.0601396830224995e-14,0.6899969607125968
4738,2.8636777744419023e-14,5.37368457899247e-14,2.2059726085596455e-14,0.6695373780210503
4739,4.292928027195499e-14,5.647829929544964e-14,2.2371123978826714e-14,0.6786290548974648
4740,1.7047492150483432e-14,8.809895159480058e-15,3.7895743031757124e-15,0.6945361273596063
4741,4.067139576957121e-13,4.5097475329260244e-13,3.2341826683814166e-13,0.6956331216730177
4742,1.9309100035547737e-13,3.1830128624958817e-13,1.6700989304560007e-13,0.7365148263750598
4743,3.353505454652014e-13,1.5850162601533806e-13,2.4188541832307814e-13,0.7342533175367862
4744,4.18384298283709e-12,2.954713799719496e-12,3.2944663156428623e-12,0.6939645590027794
4745,2.494102133673974e-13,5.960440417933156e-13,1.9101620513084976e-13,0.6947317929239943
4746,3.6607813864167874e-14,3.479768516617801e-14,1.5663408354233772e-14,0.7059700751444324
4747,1.219415183953142e-12,1.2185510856107057e-12,9.98086047594633e-13,0.7424671818967908
4748,8.390431940384434e-14,5.2124531518197915e-14,3.943769316641114e-14,0.7057150546927005
4749,2.4190700481409313e-13,2.2736155309960483e-13,1.110361993006631e-13,0.7088973536388948
4750,6.297351527884672e-14,3.41433958153251e-14,1.9799215799220808e-14,0.6906336006708443
4751,8.984054366918816e-14,9.120891075547358e-14,7.611692159569814e-14,0.6767480156151577
4752,6.646804172787986e-14,8.180876778322686e-14,4.079561460836929e-14,0.7075550904497504
4753,1.533922650575256e-13,7.627551128996577e-14,8.68431003587087e-14,0.7095999021548778
4754,1.2287278575372462e-13,7.606319376403646e-14,6.404467960038175e-14,0.6988363048061729
4755,8.555665398550967e-14,1.433946850305248e-13,3.94803907076176e-14,0.7209775975905359
4756,5.1067108681247606e-14,6.207400785949474e-14,4.469225020752799e-14,0.6864898019237444
4757,3.295571987679938e-12,1.6708723120869633e-12,1.9630810512971015e-12,0.7270631299586967
4758,8.464095732238459e-14,2.237410522305228e-13,7.32702398949902e-14,0.7219723728951066
4759,2.359686907727109e-14,7.669312468969457e-14,1.503589998867003e-14,0.6709683311404661
4760,2.9878872615489747e-14,4.9483175209649887e-14,1.590101300947046e-14,0.6718697228003293
4761,3.780845275296087e-14,4.9284757316914734e-14,3.6069687929441993e-14,0.6907927844207734
4762,4.964109439581754e-14,7.04852322593315e-14,1.6054226199772506e-14,0.6982134780613706
4763,8.851564145312331e-14,1.5151938330588157e-13,4.277485952544779e-14,0.6407022055471316
4764,1.4686868510146224e-13,9.462071321749381e-14,1.2051496258086748e-13,0.6780405398691073
4765,5.443529277757247e-14,5.615734966594943e-14,4.276822632261853e-14,0.7101315895095468
4766,5.207611769854342e-13,8.561953409068377e-13,4.29948975291674e-13,0.7143573868554085
4767,1.2722823858082312e-13,1.7799216418716135e-13,4.1955908417721947e-14,0.6598174844053574
4768,1.5555739960182354e-13,1.2704233866887128e-13,1.1307923803579048e-13,0.6427256042137742
4769,3.140467756978644e-14,4.500025117481901e-14,2.1313500734558757e-14,0.6829441457404755
4770,6.894389803996603e-14,3.9073017011186165e-14,4.853144864984283e-14,0.6859204678912647
4771,3.9407858195027944e-13,4.518938222046647e-13,3.2374445046933305e-13,0.6821440862375312
4772,2.939683373628782e-13,7.444394969714236e-13,2.0468783333094514e-13,0.7089119805954397
4773,5.213912513137629e-14,6.919618787695272e-14,4.3224234407420485e-14,0.6814975560060702
4774,9.733038227662981e-14,8.049961867295623e-14,4.852030208166966e-14,0.7084150230744853
4775,5.922546554965271e-14,8.761330849402811e-14,2.7790633333603692e-14,0.6814259965787641
4776,1.570868310855595e-13,1.1725981865177164e-13,9.86946524039672e-14,0.6740176566643641
4777,1.4809210662285566e-13,1.513630456519971e-12,1.1152685715886965e-13,0.6234983175934758
4778,8.024991451772132e-14,3.645378866582151e-14,3.014750638366244e-14,0.7181115585146471
4779,1.221947671911132e-13,1.0804170465427993e-13,6.511873365648487e-14,0.697101645427756
4780,4.073863386624903e-13,5.028103742430597e-13,2.6603647043896895e-13,0.7311161577701568
4781,3.9629808756961877e-13,4.0909767189524266e-13,1.9712478401247695e-13,0.7058273919392377
4782,4.735345362465344e-13,6.914829901763482e-13,1.727768480668152e-13,0.7153205714188516
4783,2.949506289297731e-14,2.703846342739072e-14,1.3694026999472308e-14,0.6869808973977343
4784,8.322900820166244e-13,7.325663070286584e-13,6.016662926821226e-13,0.6943800418870524
4785,3.244755261058589e-14,1.0359966425547243e-13,1.9244759036783928e-14,0.6827930828905664
4786,2.3563944498406384e-12,1.2681042457785266e-11,1.700390491979956e-12,0.7598067040089518
4787,7.136686923417284e-13,1.9905425973677166e-12,2.947949462374048e-13,0.7615441523026675
4788,1.2136207610510475e-13,2.7549401402826633e-13,8.115751516925815e-14,0.654049743921496
4789,4.9951379073546274e-14,3.049314496806373e-13,2.994292210003613e-14,0.6534016742487438
4790,9.334390601019092e-14,1.9880921753602172e-13,3.791384606632144e-14,0.6739251785795204
4791,4.443882143584601e-14,2.6320177722327494e-14,2.0083817699789338e-14,0.6915005064802244
4792,4.361600470086865e-12,1.984068223157829e-10,8.207764479178153e-12,0.6252807726268657
4793,1.1465283730040238e-13,1.3707799145529775e-13,8.964119980761665e-14,0.6550670113880187
4794,3.827580075168997e-13,3.5393164884355706e-13,2.8948911146582143e-13,0.7132451457902789
4795,2.779238810583284e-13,2.744609247480118e-13,1.4902944357887494e-13,0.6844419268658385
4796,1.5251703138692252e-13,2.1523576057947378e-13,1.201008794764228e-13,0.695907190348953
4797,4.4266799819117504e-13,4.780588665756846e-13,2.760061663561774e-13,0.7220786083489656
4798,6.199811292741785e-14,1.3224893465942175e-13,4.751304356987886e-14,0.7022824376821518
4799,1.3095286667829603e-14,1.1330159521706559e-14,8.53170699398624e-15,0.6886295994394459
4800,3.442645056395754e-14,3.0022411315764204e-14,1.7096621074142102e-14,0.6614597073988989
4801,2.3556354382070883e-13,1.3970931165039658e-13,1.3932861789290556e-13,0.6929777401499451
4802,5.5851518581743336e-14,7.455516719078581e-14,4.568423297956926e-14,0.6715621378854848
4803,1.1744216560285223e-13,2.8200674849533435e-13,8.237875081199288e-14,0.6648445336613804
4804,2.0742430753349441e-13,3.073276446446873e-13,1.7440144939204378e-13,0.668533450702671
4805,2.069957266649874e-14,1.6499189572220658e-14,1.7707095755297673e-14,0.6932543880073354
4806,2.318268453777099e-13,4.338450932835936e-13,1.0335657078645834e-13,0.7148707296932116
4807,1.0561966191942993e-13,2.6730628903203293e-13,1.0684875460746035e-13,0.6753043925506063
4808,8.113085840021269e-14,6.803521409296531e-14,6.295679786467465e-14,0.6811428735265508
4809,1.2165821435624627e-13,2.632553078539964e-12,1.8609193595548386e-13,0.6281498156837187
4810,5.315177771373468e-13,4.044165973866156e-13,3.4674019396614734e-13,0.7008445908315479
4811,7.491132196410082e-14,1.202305720064565e-13,4.1630496895975904e-14,0.6623320150305517
4812,2.0742718235695986e-13,1.3276179388518595e-13,1.7112089664261167e-13,0.7359786965651438
4813,1.38821264736253e-13,2.190206374086546e-13,1.1285724775978156e-13,0.6727424544282258
4814,8.738926360068146e-14,1.3831292750286589e-13,4.9260324823567587e-14,0.6602132328320295
4815,1.7596610232285334e-13,1.7188325528218945e-13,1.1175127819192555e-13,0.7376499083591626
4816,2.1121500077251987e-13,1.673364713624156e-13,1.0006396521827677e-13,0.70788477382157
4817,5.861827412995765e-14,1.6436027227357989e-13,3.423902064319713e-14,0.6543458234053106
4818,1.801010225196496e-13,2.57432595858519e-13,9.550895888946512e-14,0.7163150342414155
4819,1.3295646443078225e-13,8.624075569945827e-14,9.439624619248888e-14,0.6935432328376919
4820,8.774433922797113e-14,8.562067682278265e-14,6.291376168885517e-14,0.6923231447348371
4821,4.0718097768736763e-13,9.15872098415548e-13,2.96168824041807e-13,0.66072107932996
4822,7.395721157261621e-13,9.829943738857689e-13,6.40190348141628e-13,0.7550062198191881
4823,6.097727222565372e-12,1.2050381430541214e-11,6.390393143895066e-12,0.7856001673266292
4824,1.6566394545407956e-13,3.2459266304935183e-13,8.490958424486176e-14,0.701311845658347
4825,3.5601473825347465e-14,2.4826094511547175e-14,2.5022254688517957e-14,0.689254591264762
4826,3.6123871965061046e-14,1.1005184956705622e-14,1.8472627530202558e-14,0.6976342879701406
4827,1.1370853372346956e-12,1.2254327145490006e-12,1.1367192383318923e-12,0.7150816791458056
4828,1.3338932072438388e-12,2.3463427938453545e-12,1.3190409354566796e-12,0.7041405579075217
4829,1.3947845070212284e-12,2.247142354278239e-12,6.970654541954825e-13,0.7528814284596592
4830,3.6477599457782265e-14,5.24855956443706e-14,2.1706975220209952e-14,0.7007939875125885
4831,5.088958025924524e-13,5.520365472731351e-13,4.933824842052019e-13,0.6946986209368333
4832,1.5763842824568668e-13,1.2372254419370428e-13,8.834724066101422e-14,0.7162251946749165
4833,1.400710661973642e-13,2.650447366121778e-13,7.999285663012181e-14,0.6727282520849258
4834,6.140437731845465e-13,5.786194520200715e-13,3.2528495047729097e-13,0.7333987866062671
4835,5.0540003014848967e-14,9.774351770317789e-14,2.5647777966919944e-14,0.6976054643047973
4836,1.5590415392411163e-12,2.960537316917447e-12,1.7001106406581217e-12,0.6879557261010631
4837,1.659249168299827e-13,1.5248494367766113e-13,1.4884985855969578e-13,0.7209419326391071
4838,1.1814792735064098e-13,1.999778269048936e-13,9.990687979131744e-14,0.6613033959059976
4839,2.335240725402046e-12,1.6820691027698816e-11,1.5446340358910056e-12,0.7481219959678128
4840,2.8747689128852e-13,6.054015674700187e-13,9.819316321119682e-14,0.6829002896789461
4841,3.743459752958716e-13,9.619255565901355e-12,8.678644266714588e-13,0.7117893266724422
4842,1.8757531687872484e-11,1.001625484791134e-10,1.9629767075684627e-11,0.7472364870365709
4843,2.2377489036726587e-13,1.2983500498502135e-13,1.5346858865788072e-13,0.6829722251743078
4844,1.033514896309467e-12,2.4157122295150253e-12,3.4694650080580685e-13,0.6866563682560809
4845,1.5812310614599132e-13,1.5244107599551476e-13,1.0025278373619151e-13,0.6782379505690187
4846,1.3810896126488847e-13,4.554435074393277e-14,4.8149327629677626e-14,0.7226391847478226
4847,6.1208392351538e-14,4.186309507563594e-14,4.4536577543747954e-14,0.6965672709746287
4848,1.1949265129882481e-13,5.685505676240759e-14,8.521522429116304e-14,0.6854806353338063
4849,2.063222201907272e-13,3.009103425344181e-13,1.8734752118052353e-13,0.6696007120772265
4850,4.297431730245135e-14,6.365760041274908e-14,1.7416160585607403e-14,0.6703823488322087
4851,1.7101630396436817e-13,1.952023613459858e-13,1.12423428308298e-13,0.703054927312769
4852,1.489805673230627e-14,2.213507734129659e-14,5.643935328728826e-15,0.6823369266348891
4853,1.8660961339901255e-13,1.7018746717154727e-13,7.83549151247348e-14,0.7332420634571463
4854,1.5912638272747595e-11,2.40338707092626e-11,8.00124920131075e-12,0.696683154348284
4855,7.8207863795938e-14,1.5564881706226948e-13,7.776760174654583e-14,0.6677597257192247
4856,5.017907450979959e-14,8.871153033656797e-14,4.5301550329242476e-14,0.6544700827798806
4857,1.3749634591569522e-12,1.2234896685291974e-12,1.2849610334814534e-12,0.7013854330405593
4858,2.4188118411924186e-13,2.6798577599993664e-13,1.336168745785553e-13,0.713591995020397
4859,7.200906999497808e-14,7.461239269865194e-14,2.316050841663213e-14,0.6990033411188051
4860,6.959854079487122e-14,8.102104631003e-14,3.194176067630524e-14,0.7286123363533988
4861,2.555321961793328e-14,2.3589904047927293e-14,9.229194966350575e-15,0.6991536729037762
4862,7.601206098726437e-14,1.4583416115307753e-13,6.094723996480472e-14,0.6425826741498895
4863,1.7371841774780532e-13,3.0811701688858084e-13,1.2000749341414223e-13,0.6718033937388099
4864,1.5493414673847307e-13,1.0935477116424381e-13,7.812818096093702e-14,0.6976454705465585
4865,3.558468503489145e-13,1.0195186570753115e-12,1.6704260310635825e-13,0.6681898797280155
4866,3.315876001701185e-14,1.4811506443897884e-13,1.3827776603897087e-14,0.6632237511337735
4867,9.449098705265388e-13,4.829914644613732e-13,4.627071618908878e-13,0.735023102350533
4868,1.7288476977504494e-13,3.0912874532826626e-13,1.0986526656840665e-13,0.6929323481861502
4869,8.744044386032796e-14,8.716056826232438e-14,8.421528674308694e-14,0.6909380939789116
4870,2.7043662659002044e-13,5.939842370934789e-13,2.019600531239867e-13,0.7275518186856061
4871,3.077672066001539e-13,2.6243545306855754e-13,2.6485696631247086e-13,0.7123800954548642
4872,1.478908912547333e-12,9.694603426291727e-13,1.0107517877885591e-12,0.7091672690352425
4873,1.1333364681190686e-13,4.6817414706228705e-14,5.3514487442678773e-14,0.7173849608981981
4874,1.0556343575382358e-13,1.8071413754641414e-13,7.616253171839501e-14,0.7029770112829283
4875,1.2194075392078313e-13,2.317512838565216e-13,1.613692132164545e-13,0.7291255012154579
4876,3.6088312643157137e-14,5.3755393055369906e-14,3.0218620175829686e-14,0.6972029525786638
4877,1.7222945755339535e-13,1.0539347038717417e-13,5.95814759752992e-14,0.6939022890292108
4878,6.801081981304013e-14,9.748964217792215e-14,6.44168063182871e-14,0.6589249451295472
4879,4.373043026631887e-14,1.6357918476614062e-13,2.5032140251818873e-14,0.6877279275446199
4880,1.643679872181294e-13,3.615972722168594e-13,1.0188074800936482e-13,0.7158456354169175
4881,9.407552252094485e-14,1.251568789587622e-12,9.515638788624862e-14,0.6216423635487445
4882,3.4375833351617394e-14,6.913513523620757e-14,2.5162443974389106e-14,0.6746067270403728
4883,3.16945529287237e-14,4.564771961125423e-14,1.6379739645614836e-14,0.6997632059967145
4884,2.494094303748766e-13,2.7328821394901275e-13,1.2790684884375406e-13,0.6874054181971587
4885,7.85081318810413e-14,5.1385523481536216e-14,3.61752179094049e-14,0.6948950625490398
4886,1.4279073175135875e-13,3.1212045858680345e-13,1.450425001667962e-13,0.7321185548556969
4887,1.9709465318893982e-13,1.2822279559984084e-13,8.792017982275069e-14,0.6869311619782821
4888,6.30835243144374e-14,6.427683694689055e-14,2.584884005750662e-14,0.7155267372261733
4889,2.1159486164253863e-13,3.793416741456437e-13,1.827712023943668e-13,0.6324775043409318
4890,9.153100025991246e-14,1.3239521613848732e-13,5.336290859752532e-14,0.6906221677549184
4891,7.283073796112771e-14,6.946856543671201e-13,7.314417262956382e-14,0.6433201745967381
4892,8.453484592837133e-14,6.712393377614491e-14,5.5350310581269255e-14,0.7042551866965369
4893,5.472479790660356e-13,3.887671563878075e-13,4.2665570263601324e-13,0.6950276523595675
4894,7.361746892807816e-14,5.0386591517251554e-14,4.8710110012018284e-14,0.709577936027199
4895,4.1594411839279104e-14,4.7353909628103635e-14,3.283862762914303e-14,0.6710702962009236
4896,2.5623894023712986e-13,4.296828175214432e-13,1.2575528375366787e-13,0.6949650851776823
4897,3.613388866875427e-13,5.846569280317553e-13,1.0658877162523982e-13,0.671380465850234
4898,2.9234703641893614e-12,3.5099497569917416e-12,2.616059720705948e-12,0.7342962328810245
4899,5.616514414232159e-13,5.522113443588432e-13,2.404464491816568e-13,0.690761456079781
4900,1.489612518488868e-13,2.2386726068657607e-12,9.760176056053993e-14,0.6359464061679319
4901,2.6778327759166255e-13,5.531696235168399e-12,1.1043060994719289e-13,0.6292286352894735
4902,9.110252854555783e-14,6.574852179192286e-14,7.42365556303284e-14,0.6996230715885758
4903,1.108790599150246e-13,1.2941260119987058e-13,7.764223845326553e-14,0.6628978353808634
4904,3.9669909971346563e-13,7.579927199183271e-13,3.6115389039928365e-13,0.7599799327552319
4905,1.3434522186724657e-13,8.020101145595007e-14,6.42242891200024e-14,0.6948425932321698
4906,1.3493583085383725e-13,9.133817574212453e-14,1.116111908586829e-13,0.6997688805917278
4907,1.646187800926551e-14,1.8000446852506724e-14,8.89914388936605e-15,0.6766384424408898
4908,6.775406242077558e-14,6.281180485783713e-14,3.1444408441815956e-14,0.7032565507804975
4909,5.553237968856924e-14,4.973028245664481e-14,4.430929939141163e-14,0.7068326495820656
4910,4.2353342505936196e-14,4.5524291957262194e-14,2.459840827280005e-14,0.6849873494938947
4911,5.6677538251498954e-14,1.1624645847608733e-13,3.705791093333023e-14,0.6823604959063232
4912,1.2439405835902865e-13,1.684360580697857e-13,9.719428706633951e-14,0.6778584429412149
4913,5.330838303420043e-14,3.564535816599495e-14,3.078735448668596e-14,0.6989433834794909
4914,1.4117957904959115e-13,1.0681351985450575e-12,8.996800061822604e-14,0.6296236534952186
4915,1.0894080198026394e-13,1.137485474979064e-13,7.312183994930789e-14,0.6987875371705741
4916,1.6519233483317845e-13,8.424918274939788e-14,6.121497175169528e-14,0.6833850371418521
4917,1.209232552138317e-13,7.038082212379661e-14,9.736216605489461e-14,0.692869565426372
4918,3.8237993826311166e-14,1.0498972105056138e-14,2.2415130945044185e-14,0.6937117179157213
4919,1.0495145769067247e-13,1.7325968217327884e-13,3.9977175266380715e-14,0.725030166702345
4920,2.4488605483289336e-14,1.2025673750140723e-14,1.0617839785872693e-14,0.6950060458853841
4921,3.4657277934967606e-14,3.3039069261864164e-14,1.5069360539157955e-14,0.6994323358172551
4922,7.498184496701063e-14,9.280242644699672e-14,4.6697248280654347e-14,0.6543680517352186
4923,1.9634970649606293e-13,1.2001056157605178e-13,1.4990834874146613e-13,0.7118114980636164
4924,3.3322156477167825e-14,1.8525148900698742e-14,2.306153013303828e-14,0.6943038121564313
4925,2.2178142705700109e-13,2.6597542772707976e-13,1.4395688639481993e-13,0.6958434630883857
4926,8.676072421475007e-14,1.5096540132426424e-13,8.282840878742421e-14,0.7063997597899287
4927,3.318060721903398e-14,2.514571897176326e-14,9.423715909439416e-15,0.6945284001994878
4928,3.803840835107941e-14,4.765051820888516e-14,2.446809304137687e-14,0.6877714136848226
4929,5.4405208694630505e-12,2.304626281978652e-11,4.766471509478394e-12,0.6635079030762426
4930,2.3913890884114814e-14,3.022456042362622e-14,8.241744416799299e-15,0.6857796542462893
4931,2.858063486962118e-13,4.60693961346097e-13,2.5668372176318587e-13,0.7246136293746531
4932,9.443312221370888e-14,7.030228367185067e-14,7.894747262593246e-14,0.6864196277922019
4933,3.594198383854007e-14,3.306789847247122e-14,3.270528400835665e-14,0.6925914683146402
4934,1.5211093144626607e-14,2.2238747067223587e-14,8.634485515070483e-15,0.6649812741670758
4935,9.025487624471801e-14,1.0362687570057233e-13,6.810614416874339e-14,0.694146865606308
4936,6.328066388267315e-14,4.7351586109188144e-14,2.950413795415817e-14,0.6701515992172062
4937,3.011428913033216e-14,2.6665180511354648e-14,1.703326441968179e-14,0.6829781433218158
4938,4.870646891359636e-14,1.1181943361031839e-13,4.355916282408381e-14,0.6597153066308238
4939,2.6491266518827953e-14,7.281815085546404e-14,1.385277447500227e-14,0.6958023872459307
4940,2.374849844235188e-14,2.5011767327687427e-14,1.1930987552064946e-14,0.6947047084802762
4941,1.5603694315581536e-13,6.356906289411592e-13,9.057377133509662e-14,0.6679632162908092
4942,4.2948954868203937e-13,5.224245382030753e-13,2.6634844047324525e-13,0.6918815372511744
4943,4.403525070477745e-13,3.2570743216366704e-13,3.2819393111076475e-13,0.6942404586588964
4944,5.261430951367381e-13,5.173651807350823e-13,3.4265199734826424e-13,0.694252259703353
4945,1.0603859098746828e-13,2.2196661391984681e-13,1.159288719493161e-13,0.6937635384732858
4946,4.344603990633231e-14,1.9199483919676398e-14,2.774559918012105e-14,0.6935468209907413
4947,1.7670778488479342e-13,1.2589431964742243e-13,1.5115583777700108e-13,0.6917344547342509
4948,6.227290728082283e-14,7.332324922136814e-14,5.208742807428567e-14,0.6821186519693583
4949,1.0717332966063969e-13,8.838419210780737e-14,5.611112014032783e-14,0.7157502169255168
4950,1.623833052540164e-13,2.1653829084768233e-13,1.2847191932963175e-13,0.718743720697239
4951,6.04195276398663e-14,1.313752902596959e-13,5.56460739648847e-14,0.7078942029736937
4952,7.685416326024062e-14,1.1186753640862111e-13,6.537432013173834e-14,0.6849133397918195
4953,3.944404418883454e-12,2.3240055945815386e-12,2.3219107369310045e-12,0.7170429937774315
4954,1.3510195530724968e-14,1.258110090129214e-14,4.7640286191259166e-15,0.6924484163988381
4955,3.8729598190408416e-14,1.9391451765352617e-14,1.9232429344541606e-14,0.6981671317247674
4956,3.402819458800922e-14,4.056602676671606e-14,2.0588385046586747e-14,0.6902420229278505
4957,1.309036058171006e-12,1.4127987312252248e-12,9.83014678179076e-13,0.7077904095873236
4958,3.412838800355234e-13,2.6184004757596453e-13,1.9620978606617556e-13,0.749433089280501
4959,7.955701357964792e-14,9.762310869222302e-14,6.145667950125995e-14,0.671045989159029
4960,2.629684416224261e-14,2.3274337450689024e-14,2.398930922556891e-14,0.6923766667954624
4961,1.3992950746984047e-13,2.172087040959155e-13,1.4262511865399364e-13,0.6581827925285324
4962,3.2271090943091246e-13,4.465058382094366e-13,2.2808814940477734e-13,0.7490571368020028
4963,5.751858195782157e-14,1.1351168504508329e-13,2.7363939147610284e-14,0.6561809751437977
4964,2.2171367187643221e-13,2.9326166565212526e-13,1.4262289896522044e-13,0.6945744391065091
4965,1.1001497886390674e-13,1.8809949450692e-13,8.93799538693608e-14,0.6525658976985141
4966,1.913179173586098e-13,2.6336926737450517e-13,1.96489423994216e-13,0.700873761344701
4967,3.379790246013682e-13,1.2781717504410454e-12,5.929341317167847e-13,0.6701872277655638
4968,8.336948506673344e-14,9.907262522129805e-14,5.835775483282092e-14,0.7158544305013492
4969,1.3273423814815536e-13,1.7760354619093168e-13,9.296295069783345e-14,0.6947510247118771
4970,1.1666325432679665e-14,1.8463261388970914e-14,8.99223553060342e-15,0.6950960149988532
4971,3.111390247858861e-13,3.5686165217031493e-13,2.9824136976428336e-13,0.7307708306238055
4972,3.3278548309872545e-13,3.0425174398488414e-13,2.8985800055813537e-13,0.7045674507739023
4973,4.773648727994899e-13,2.967553733381356e-12,4.80988136558722e-13,0.6558110175654293
4974,6.784807996843445e-14,1.2018105350010891e-13,4.45285115900796e-14,0.6998500049579889
4975,3.150442734837677e-13,4.380078270011592e-13,2.821015421887328e-13,0.7297399798873812
4976,3.96855935846703e-14,4.099960401054768e-14,1.5811302302839205e-14,0.6847589187324047
4977,2.623702501039318e-14,8.977234111298734e-14,1.402292703920662e-14,0.6717768614646047
4978,7.872752456013182e-14,6.279066688516269e-14,3.4651384677840666e-14,0.7259980891598389
4979,1.800827743101246e-13,1.1377487290870355e-13,1.3671185241920172e-13,0.7073455986334011
4980,1.881082203108705e-13,1.4664404797915334e-13,1.3573908177239647e-13,0.7088015073444695
4981,7.149241035972267e-14,2.849704053976573e-14,4.34814953067594e-14,0.6689461435540579
4982,3.816736970412822e-14,7.90192334926664e-14,2.852659981962856e-14,0.6597878361470066
4983,6.168826994203368e-14,3.273639290421882e-14,4.5007007621031446e-14,0.7014501380734146
4984,1.2669708927150668e-13,1.5597755773183486e-13,9.535534856920434e-14,0.7275066443253309
4985,1.8736644459918408e-13,2.1027319316485251e-13,8.846047954253469e-14,0.7249255722621456
4986,7.014563304478764e-14,5.115379659007813e-14,4.891486309203959e-14,0.6691133388085291
4987,1.4322801863449804e-13,1.709778448686882e-13,1.0708516579270529e-13,0.7270714120473712
4988,7.606048719352844e-14,1.592085576108194e-13,6.248687970348184e-14,0.6559127461630851
4989,1.7959967601786107e-13,1.8790721748517464e-13,1.325798404355674e-13,0.6945494310697541
4990,2.2269684934804965e-12,1.749802382919851e-12,1.0084801099352918e-12,0.7074615284567699
4991,4.653832056217845e-14,3.2862210656970946e-14,3.6288173242245896e-14,0.6773591589764691
4992,3.8006146754978566e-14,3.009406944465077e-14,3.151537973388871e-14,0.6833634525537491
4993,1.7980999908103151e-13,3.7973322955507985e-13,1.0579349055010181e-13,0.6743391375872306
4994,3.695355895108931e-14,2.1150001722651308e-14,1.9654539378620065e-14,0.7028969799634069
4995,6.517332568296668e-12,3.0925564342894074e-12,2.9185352425807302e-12,0.778522171638906
4996,2.7888647166094427e-13,2.551625883119527e-13,1.933794637247143e-13,0.7434046668466181
4997,2.7486340338162415e-13,1.1307260014358238e-13,1.7480445006078896e-13,0.6946002544602379
4998,9.730803052331332e-15,5.588009217482503e-15,5.6085174930780496e-15,0.6942876995541155
4999,8.174393235117235e-14,8.92975376831584e-14,6.655725093461955e-14,0.7269053697353229
5000,6.789892967740882e-14,5.438207409938875e-14,3.855243989086507e-14,0.6979114681016654
5001,3.758447363058408e-12,1.2084162941882744e-11,3.541292346901075e-12,0.7098480048356578
5002,4.2007403387659025e-14,2.2816873219578753e-13,1.9648813753806955e-14,0.6481647747335956
5003,1.4680369694132182e-13,4.945355762311437e-12,1.2561649027885757e-13,0.634806356637273
5004,1.488475574179618e-13,4.1059218286303664e-13,7.248557087096969e-14,0.6371291985386052
5005,9.276856822527859e-14,1.022363721258753e-13,6.242213030212086e-14,0.711530716647394
5006,5.477039905208888e-12,1.1606345913773374e-11,4.243780614233591e-12,0.6968810346443206
5007,3.778946947512716e-14,5.35650756055349e-14,2.1647490412290672e-14,0.6882240130566061
5008,1.0183055348975078e-13,2.143726658240892e-13,9.723922418054743e-14,0.6561562694841996
5009,3.1692881118787364e-14,9.454038730363714e-14,9.784239745831401e-15,0.6980490995803847
5010,5.5449210090725974e-14,5.0604548071401645e-14,3.816912755194961e-14,0.6742334836628288
5011,9.43551313101526e-13,8.913681387347452e-13,6.473873711082779e-13,0.7244760933332145
5012,1.4893484558239228e-13,1.8415209142805603e-13,8.388707716343264e-14,0.711681843479164
5013,2.7590215364594182e-14,3.214221706936676e-14,2.45324455329191e-14,0.711153745953925
5014,5.194846359046766e-13,5.502961602553055e-13,4.589080254071194e-13,0.7052151673473418
5015,6.036308556221604e-13,1.8258025830155187e-11,6.158506480758947e-13,0.6303429027029779
5016,4.782993793721732e-13,2.574090958077591e-13,3.042219394871388e-13,0.6883515435503795
5017,6.338458647321128e-14,3.1507158635396186e-14,2.9781505538249805e-14,0.6870240738382563
5018,1.2691796164825015e-12,1.1825802028246684e-12,9.528639287913006e-13,0.7360968565102667
5019,7.773923454360822e-14,2.2400906469270243e-13,4.774486983962415e-14,0.6585310522699729
5020,7.396517358987542e-14,9.884864699273878e-14,6.348858293292269e-14,0.687858882767614
5021,4.4340614044671445e-14,2.622654432484891e-14,2.0495319014283896e-14,0.6920053246431053
5022,2.4700546353448104e-14,2.4214652358572973e-14,1.8052355936951272e-14,0.6732704227906652
5023,5.19714781738758e-13,3.8641064855826745e-13,3.514142801833278e-13,0.6899840166559443
5024,2.1986624274276986e-14,3.069721628463549e-14,9.361138619041792e-15,0.6579197700018995
5025,7.159359645479626e-14,8.857012490288808e-14,6.50218324812842e-14,0.6849128818023018
5026,3.1214474326926586e-14,9.340571723297337e-15,1.5160959364799568e-14,0.6916479094652459
5027,3.342701340702811e-13,3.170606434843058e-13,2.31321317525687e-13,0.6699325359775685
5028,9.21234441461957e-14,7.39836511927953e-14,5.712017724570855e-14,0.7213260799646377
5029,1.572341595192195e-13,1.831544811550198e-13,1.0372692285445749e-13,0.7128718896303325
5030,1.3328519353528656e-13,2.732729230663632e-13,9.376787755982746e-14,0.6663825904368423
5031,3.0817791429436296e-14,3.624524366968791e-14,2.2742742579374532e-14,0.6858034739852883
5032,1.7271891390485527e-13,2.698391322765388e-13,1.255379595526414e-13,0.6886676772031933
5033,7.588297261954286e-14,7.723814672627772e-14,3.857939014438143e-14,0.6604897375684231
5034,2.4827857745730346e-14,2.5721843608562447e-14,1.9477595226022467e-14,0.6807249266305007
5035,3.7511614091108495e-14,4.9836064747799263e-14,2.1837780507467597e-14,0.6793086493154987
5036,3.6034647811772116e-14,3.045178563709028e-14,1.826650500740352e-14,0.6884366690646857
5037,2.363696366591652e-14,2.3586423516510856e-14,1.6409284839006738e-14,0.6934865141520277
5038,5.585563129585118e-13,6.189224129455223e-13,3.453665364118454e-13,0.7006893394049257
5039,2.727591329526011e-13,4.79011315259729e-11,1.3482858324424397e-12,0.60211589676328
5040,1.09611015693086e-13,1.580393938303961e-13,1.195360702030613e-13,0.653284847154282
5041,3.943945175344526e-14,9.834816185059635e-14,3.1273891859514856e-14,0.6524595419992693
5042,1.9790003419498223e-12,1.899995535643561e-12,1.5754627898346472e-12,0.7460043696686626
5043,1.409328601512129e-13,2.995624202803319e-13,5.687309414433383e-14,0.7069815600058064
5044,2.601740051761805e-13,5.318839650997643e-13,2.555221086737466e-13,0.7255038457224146
5045,3.3726994998143035e-13,4.071846062942604e-13,2.188993745530461e-13,0.7192491515772417
5046,1.5425759113170797e-13,4.3314416191051157e-13,1.409818214019495e-13,0.7014004732249305
5047,4.459610147455669e-14,4.7584870203592584e-14,2.597356706875065e-14,0.6888907183427364
5048,1.4014204405623918e-12,6.083040210887373e-12,8.049172516989065e-13,0.7134437670232728
5049,6.540091534969931e-14,1.0053610850162711e-13,2.953207194902131e-14,0.691064040386118
5050,2.3364539112670243e-12,1.5024160314709228e-12,1.7540935547458735e-12,0.7572547202929855
5051,7.960281561914174e-14,5.284064309491143e-14,3.933061030491549e-14,0.694063383503817
5052,3.3031463908823785e-13,3.7804994776025225e-13,2.3446448368480987e-13,0.6715278018615208
5053,1.3030577636605017e-12,9.953477390478649e-13,5.909584632908791e-13,0.707609519874677
5054,1.8185417685085942e-13,9.656318705111924e-14,1.3563859866490913e-13,0.6880707878386602
5055,6.218539674079126e-14,6.960591674413206e-14,3.8206539573863827e-14,0.7017830138793215
5056,1.2339945361814795e-13,2.1414545118459716e-13,1.2090096357966557e-13,0.6690102935303003
5057,7.20976280241211e-14,4.1871172222356974e-14,3.471006016992235e-14,0.6933077674591914
5058,4.514123839131896e-14,2.4242484411365173e-14,3.656920720513735e-14,0.6876247338834218
5059,5.994568011097755e-13,5.124525095752201e-13,4.654453321811996e-13,0.7042164272395894
5060,5.5639125413425564e-14,4.294173025746104e-14,4.1573621133253076e-14,0.6975893850438297
5061,5.1483874831548234e-14,7.693162501819257e-14,4.9700010846820274e-14,0.6872574082808569
5062,4.876753743384717e-14,2.359488052653418e-13,2.8575886765441044e-14,0.6370695443358272
5063,1.1538548295500992e-13,6.838611791607307e-13,8.11629772603126e-14,0.648435147467535
5064,8.39136181421483e-14,2.5385340745401633e-13,2.8375729616248358e-14,0.656112845428288
5065,1.6016209841968512e-13,1.3202600798718994e-13,1.0028276921949803e-13,0.6518756406381726
5066,5.939672861121324e-14,1.9494092134948707e-13,4.386116892924566e-14,0.7119792053010314
5067,5.462421795351288e-13,7.111411540817773e-13,2.571874343842029e-13,0.7252827068557963
5068,4.552379345297415e-14,6.194804740372257e-14,2.5446094711360756e-14,0.6585524276946672
5069,6.077330601104962e-14,6.867382327353366e-14,1.7745165848435567e-14,0.6505010991473682
5070,9.898408834216986e-14,1.4098255220742464e-13,8.37814063739109e-14,0.6754140860517509
5071,4.2137236613490364e-14,2.3511286563096207e-14,1.941554524771814e-14,0.7012703373096884
5072,1.2132419459759376e-13,1.6298928622283178e-13,8.783205998339648e-14,0.7390377474715933
5073,4.533571965212003e-13,1.5424464550327802e-12,3.9531199511407046e-13,0.6204511378076859
5074,1.8222333241316784e-13,2.2621765105009604e-13,1.0361028431848486e-13,0.670373614737764
5075,1.190375548438012e-13,9.960316014838805e-14,5.849742279092911e-14,0.7181360373739153
5076,7.272240778531148e-14,6.460630817664415e-14,4.766751688512736e-14,0.6803002955159172
5077,2.691621712071178e-13,2.3394217689007494e-13,2.1562969070911954e-13,0.707474967604503
5078,2.2545709723838858e-13,1.2014494732753134e-13,1.5504702350952879e-13,0.7350899531971663
5079,1.1551613503747434e-13,1.6153519092833692e-13,6.166421899800623e-14,0.7162745564710349
5080,2.503871284175158e-13,3.7183755843465176e-13,2.1309030605953175e-13,0.7295133456820622
5081,6.967855650433618e-14,3.03883861720484e-13,5.6302975309275756e-14,0.6428649123176001
5082,7.09154600469621e-14,1.0612159956000684e-13,6.516752847026947e-14,0.6482513642637059
5083,7.087645894149145e-14,9.356783509409772e-14,1.7435774480928757e-14,0.6985741364769638
5084,1.4180412633507584e-13,1.82695615345261e-13,1.2878519690724402e-13,0.6984781716018915
5085,3.700275674800895e-13,4.104282917105727e-13,1.6627464663062812e-13,0.71385532701388
5086,9.79136201029559e-13,4.450699194646741e-13,5.535968665336358e-13,0.6945077690063044
5087,1.1169208920320686e-13,1.0154056246861141e-13,9.12878284415245e-14,0.6990675900597125
5088,2.7036468204202785e-14,4.372629397711027e-14,8.993372864984231e-15,0.6654252845677547
5089,8.074071104850945e-14,9.883175957425902e-14,5.926318922157462e-14,0.7025923561304808
5090,1.3920824236787608e-12,7.829862475942729e-13,6.712223280652904e-13,0.7760895637795329
5091,6.842534352591007e-13,1.3028039165274474e-12,4.905540168054058e-13,0.7469464476685971
5092,3.4991567614744064e-13,2.379828532219644e-13,9.136974094985413e-14,0.6996516304789111
5093,2.325524588491478e-13,1.7973904086321976e-13,1.8834738594326891e-13,0.6867327431915328
5094,8.906557656504424e-14,6.136141821879552e-14,7.737574830675331e-14,0.693010177416727
5095,1.2262281712606336e-12,3.113911784307246e-12,6.504521884075332e-13,0.6480798901407979
5096,1.5375356363469055e-13,7.773562530318377e-14,9.154050712990243e-14,0.7269031048752368
5097,4.599569049452363e-14,3.3798673916110295e-14,2.6016049675345484e-14,0.687213888624683
5098,2.7052407035681474e-14,2.6548200621322544e-14,9.694127168952348e-15,0.6744311321992427
5099,1.347834277842942e-12,1.0180900572408897e-12,1.1938340960532056e-12,0.7256857498083263
5100,1.6416123388436607e-14,2.1567306138021558e-14,1.0318884159035694e-14,0.6944124360568822
5101,2.3225067227485994e-14,2.897475442526339e-14,1.3651408925009586e-14,0.6977255153469741
5102,1.926973556309592e-14,2.143875505410901e-14,7.912797451706408e-15,0.6936990769347176
5103,3.290424229146558e-14,8.28838483080623e-14,2.6082381924390836e-14,0.70373721846845
5104,8.206720923829861e-14,3.175143440451116e-13,5.464032338592334e-14,0.637704709242098
5105,3.7464471165221794e-14,6.713780779260393e-14,2.6375669954880158e-14,0.6876114674843847
5106,4.553625793239119e-14,3.8272368415603316e-14,2.862736175972513e-14,0.6757020141463727
5107,8.991695450262509e-14,1.0547687604060227e-13,6.413426192714834e-14,0.6819321394781582
5108,4.980398966131111e-13,4.402262396999198e-13,2.5983263613704255e-13,0.7529573095962405
5109,1.434272874204442e-13,2.3698826830841974e-13,9.534904738239199e-14,0.653576865978539
5110,1.9742667005792214e-13,2.432195784616216e-13,1.3494968028730443e-13,0.7237556812586263
5111,2.9118558639894947e-13,6.470145303947949e-13,1.1291280635974571e-13,0.6448408896685578
5112,4.763821091911048e-14,3.4228863040618024e-14,1.3510210226453265e-14,0.6992021679645404
5113,1.965293458369494e-13,1.2182800000178124e-13,7.801204710791605e-14,0.7132682043593377
5114,6.315811186931286e-14,2.7163109445031528e-14,4.043511882172667e-14,0.6943188605830073
5115,3.994785626764537e-13,1.1929386466896357e-13,2.4262457399893924e-13,0.7107959931716323
5116,4.901716212973991e-14,9.397311032526941e-14,3.917126703921806e-14,0.6679501860053279
5117,5.3198456073255053e-14,3.9515101945208e-14,2.6058213692050833e-14,0.6947610563598573
5118,2.360631882446492e-14,6.193745606343068e-14,1.877037984716823e-14,0.6760880966321565
5119,2.9106825908111187e-13,3.5738788135139313e-13,2.616476959386116e-13,0.7303599508013576
5120,1.2651248561537013e-12,2.882963160570599e-12,6.370299725151896e-13,0.7249274334870279
5121,2.4354690415314873e-13,3.2245450010071447e-13,1.8941804486621632e-13,0.7167089976603165
5122,1.3676234685752627e-13,1.3887425966984885e-13,5.3460649641698496e-14,0.711925471900031
5123,3.337792812666779e-14,6.02064430234495e-14,2.0177087809637485e-14,0.696123059047386
5124,3.22112512117286e-13,6.628931821672086e-13,2.8815129477091296e-13,0.7608471861109137
5125,2.5053398016219264e-13,4.3999371857781557e-13,2.2496126564192828e-13,0.7168291992275044
5126,2.209765341297986e-14,4.6811262046330765e-14,9.090440509301721e-15,0.701468022260815
5127,7.137060606615012e-14,1.095047842536364e-13,4.932706400763109e-14,0.6538103078957647
5128,1.0668842301905408e-13,2.0790417266681926e-13,1.0860898678050598e-13,0.6420825085253454
5129,7.114090288417754e-14,3.5709360492956764e-14,3.640023345405007e-14,0.6565793300163932
5130,9.22345989205652e-13,1.3985209523135197e-12,8.276284234957833e-13,0.742239555157721
5131,1.5179781001694882e-13,4.5243172014289055e-12,3.102730100042728e-13,0.612860103143612
5132,7.343775135661723e-14,1.4110168667087706e-13,7.104741608750359e-14,0.6835714051499963
5133,1.1295608892978631e-13,1.8553237033658222e-13,7.509599358934354e-14,0.7111659710295498
5134,4.209209059271849e-14,4.083877325532002e-14,1.63209879058956e-14,0.694035719614476
5135,5.962680822206379e-14,1.5076030270788524e-13,2.169097592146756e-14,0.7112559010973201
5136,6.145281168457732e-14,9.503256877480246e-14,4.858070743586062e-14,0.6870319522917271
5137,4.508503297148193e-14,6.580866626173716e-14,4.197514833853001e-14,0.678301699180156
5138,3.160121907576703e-13,6.349939946932987e-13,2.54258758891455e-13,0.7142254456877708
5139,6.140192975983824e-13,4.050140013948059e-13,4.111044762651049e-13,0.722624323470518
5140,6.677695444715592e-14,6.607347643520152e-14,4.3166252769669825e-14,0.6893059751717374
5141,3.554629975436951e-14,8.523760005496034e-14,1.5997880924040837e-14,0.6884257412748411
5142,4.338310304962516e-14,4.341438012917906e-14,1.9586146729324157e-14,0.7067861457588152
5143,6.105362192131157e-14,5.024972375042959e-14,3.5580876589067087e-14,0.7173464904306457
5144,3.814300361342839e-14,2.0244384601434064e-14,2.6589617034138782e-14,0.6950024164514617
5145,5.38232123642371e-14,1.357058488213572e-13,2.470630354664494e-14,0.6840664131566883
5146,4.1551600836495324e-14,4.122699106126551e-14,3.0081578095173307e-14,0.6769035253557376
5147,9.167963609762073e-14,9.465333926684952e-14,8.646816565511059e-14,0.6667507597827352
5148,5.3406823657527076e-14,1.0077357847461478e-13,3.882801739592842e-14,0.6765327951172366
5149,1.2736806130518992e-13,9.206526198692367e-14,6.923044661728828e-14,0.7023286362411454
5150,4.4324445637516175e-14,4.9234916296282954e-14,2.7063127303841707e-14,0.6907672168454155
5151,3.438600643750998e-14,4.523138831343123e-14,2.843849186135887e-14,0.6538371434784495
5152,3.760001699947601e-14,7.347218383273449e-14,2.095857950158229e-14,0.7118091858690605
5153,7.13429846393516e-14,1.8176999964394092e-13,2.5961784948390206e-14,0.6865876863361337
5154,7.670572519265243e-14,7.625015090514576e-14,7.583881654509644e-14,0.7033686722628772
5155,5.030098843467291e-14,3.105886254652356e-14,2.902595540375414e-14,0.6794413909199648
5156,6.34777891458302e-14,1.8592338794824855e-13,4.4208693908973306e-14,0.6673833222594112
5157,4.3570053627977117e-14,8.227985144510638e-14,2.54299525602104e-14,0.6816980579751544
5158,8.951939003110595e-14,1.6654412851738562e-13,6.472106073918717e-14,0.6658504959195852
5159,4.9512387036247295e-14,3.58007248340165e-14,3.172059808521319e-14,0.698242017487064
5160,3.1613412500157524e-13,3.543840778036058e-13,3.0924910853187446e-13,0.7313736226875335
5161,3.345204898358423e-13,5.912193472332682e-13,3.070249738910745e-13,0.6831073641777039
5162,8.473907838719587e-14,1.2534250283121556e-13,6.162762848656507e-14,0.6815000486909412
5163,6.724554121686618e-13,4.639421671065083e-13,4.851913523906999e-13,0.7282441270072013
5164,1.4339807578737093e-13,4.026116566922918e-13,1.0885190828710095e-13,0.6595200328389182
5165,6.034808226307652e-14,1.4129407019520052e-13,3.356871948247146e-14,0.6608709713094868
5166,1.753118869183253e-12,1.2727401529868914e-12,9.988950479744165e-13,0.7876684928312898
5167,2.8186862055606213e-13,1.6849030191059776e-13,2.3296341662403607e-13,0.7255764415254816
5168,4.1809794910149837e-13,9.141501984414484e-12,3.3252274046065626e-13,0.6417153741291258
5169,7.68916712635819e-14,2.0138290871223018e-13,5.0487590078965904e-14,0.6491547930287197
5170,1.9832060973840116e-13,1.0906761975434438e-12,1.569166358509406e-13,0.6359345849486999
5171,1.6468106730041396e-13,1.0234553522701351e-13,1.0340098839521503e-13,0.6913410182576627
5172,9.690775647758567e-14,8.408450687570844e-14,5.309928475332491e-14,0.7164247464155779
5173,4.915454971659527e-14,7.819205051701776e-14,6.114064484973647e-14,0.6795513384859078
5174,1.3211282748178546e-13,1.2972845635255458e-13,8.789260521636422e-14,0.7118997145909816
5175,2.4326733514551464e-14,1.8369315146674566e-14,1.2816218986342907e-14,0.6799504605471156
5176,8.300113061260393e-14,8.545308754551426e-14,7.765832588308522e-14,0.6948463105596602
5177,1.647842598132681e-13,1.502615826755498e-13,9.15781119819459e-14,0.6659489830257371
5178,9.71873724591696e-14,1.1553182083857296e-13,3.190395717672318e-14,0.704163541039452
5179,2.8606103407367524e-14,6.645628868117984e-14,8.066531448041975e-15,0.6929758651182055
5180,4.300905962142567e-14,8.30612765153468e-14,3.1875355923420793e-14,0.7063836656743661
5181,6.105814161621838e-14,4.4254630852931986e-14,3.169391664570239e-14,0.6568369938409887
5182,6.171389319635596e-13,3.6812744027800304e-13,4.17163349730569e-13,0.7380483046174049
5183,1.0251087729237401e-13,6.195628964108138e-13,7.064038923909361e-14,0.6422392397420481
5184,3.669134807924272e-14,2.9973804066802313e-14,2.1857309065081043e-14,0.6936275910586118
5185,1.0090794206346269e-12,2.3350918696233274e-12,4.231698536617362e-13,0.7268169690622017
5186,1.0835464585851791e-13,2.331121473624396e-13,4.251351468084803e-14,0.6800464258994907
5187,1.6185181512759754e-12,3.170110510558602e-12,1.7732805434346806e-12,0.7343884691596031
5188,5.688099040979442e-13,8.721126136589463e-13,4.617363949120049e-13,0.741670960560441
5189,7.520301089879655e-14,2.416661652808463e-13,4.970714004068141e-14,0.706885757134296
5190,3.6329873116276424e-14,1.0807295120215451e-13,2.0849881052732165e-14,0.711724235699512
5191,1.985587752316281e-13,3.7282365764850166e-13,1.7388335600198648e-13,0.7552385419141501
5192,6.363662076088329e-14,8.321703800142699e-14,4.8073907130945004e-14,0.6798994331387803
5193,3.71522018943763e-14,1.0400356043199471e-13,1.9132077077011783e-14,0.6653624775237403
5194,6.81074967739129e-14,1.6698196057917952e-13,4.507038568579495e-14,0.6763855149969459
5195,2.000279309855074e-13,2.0504040037671287e-13,1.3973548389318397e-13,0.6986618628026917
5196,1.9276674808627033e-13,4.693977812708281e-13,1.749738145927219e-13,0.6620675732265227
5197,2.8166866310210033e-13,2.5240042041406005e-13,1.6184626524566433e-13,0.7587104506790638
5198,1.838551121936011e-13,2.823381126892776e-13,1.414058571616222e-13,0.7022733760299161
5199,4.856208785027956e-14,5.098665477276019e-14,4.37239895595283e-14,0.7011614314746112
5200,3.247633616168428e-13,2.865185402614968e-13,1.867456733483522e-13,0.7155156160937622
5201,2.236680505605425e-13,3.3911611196531164e-13,2.0126373208229233e-13,0.7094868428539485
5202,1.445574762024603e-13,4.277050864098357e-13,1.294127505387399e-13,0.6974557372741401
5203,7.336359490521093e-14,5.1074832023716994e-14,3.646252663173034e-14,0.6999386698240414
5204,1.4190418090706722e-12,2.0260720132977774e-12,1.17669079301831e-12,0.6358916494064033
5205,7.521177582848496e-14,1.354254153030184e-13,5.458048409531694e-14,0.653331560024526
5206,6.212306429766917e-14,5.2690205601066333e-14,4.63565114916331e-14,0.6771423639846035
5207,6.810851045961717e-11,1.6379689095370173e-10,6.20760558848474e-11,0.6858089446090162
5208,1.8154023807409145e-13,1.6124743847506437e-13,1.3446362436898727e-13,0.7061374194221571
5209,3.05085403552254e-14,6.441417286381057e-14,1.9815353406687062e-14,0.6822981446050107
5210,4.778398575996496e-13,1.3785967164903862e-12,3.092220801185529e-13,0.7007856611860916
5211,6.990932933605037e-14,1.2137368757608835e-13,3.288333209756486e-14,0.7167251739883795
5212,2.941566168784695e-13,1.7684413634219152e-13,1.0112487818199897e-13,0.6723235386773012
5213,1.2443857206291387e-13,1.0383592641325622e-13,1.0348335696034661e-13,0.6847231412073598
5214,8.314376918763978e-12,1.9295577065375215e-11,4.492804646970503e-12,0.75482556829229
5215,1.7696176001934057e-13,1.2575885444756962e-13,9.36728189239178e-14,0.6395922132651322
5216,7.785670324837463e-13,2.4974070168266314e-13,2.7628647459830123e-13,0.7139239059295506
5217,2.196742804658964e-13,3.514454589726116e-13,1.7163976246518688e-13,0.660105635272339
5218,6.4189074915604975e-12,1.3978498432029684e-11,5.155743994165898e-12,0.7758391537703574
5219,6.982779287591457e-14,5.032066603866211e-14,2.892287317174412e-14,0.6663294931175188
5220,3.9669937797915076e-13,6.177495169031417e-13,2.5500646835048496e-13,0.6777314590290189
5221,6.206422874431513e-14,6.847950790777618e-14,4.1726805092501316e-14,0.6511209310265258
5222,8.177721841796127e-14,4.857869609114927e-14,3.533842426290955e-14,0.7109694273909554
5223,3.915493327674124e-13,3.705275617832783e-13,2.0643890730071696e-13,0.7210713810520246
5224,1.8774357130832197e-13,1.8153814043051642e-13,8.423283882855002e-14,0.6865072420332581
5225,4.83041604002535e-14,1.4155112892410995e-13,1.6994174965438427e-14,0.6571133219636976
5226,2.919856709225674e-14,1.0161881193253135e-13,1.0583100589222853e-14,0.6637138908030465
5227,1.0044560235981025e-13,7.442313298138283e-14,6.843874682991753e-14,0.6831329833948985
5228,3.06986629983382e-13,2.2222025488528054e-13,2.506574397880287e-13,0.6883167223073542
5229,9.560289511845184e-14,5.1463718284380944e-14,5.883401456469087e-14,0.7095405276166276
5230,1.1145862507350245e-13,7.896304780462238e-14,3.5275913023797005e-14,0.6939123455202207
5231,1.646200287008159e-13,2.9986354960405067e-13,1.2096354185856322e-13,0.6467357217567041
5232,3.4344297063871674e-14,3.553018158741783e-14,1.7592174545664615e-14,0.6763300971011631
5233,4.424887396635749e-14,1.3622263103201078e-13,2.8070377185619188e-14,0.7143706950126216
5234,1.5053706127877827e-13,8.068631238208313e-14,1.1299766673389594e-13,0.6931064532371238
5235,6.616884647175237e-14,5.97440236396745e-14,4.7779702495073216e-14,0.6769074181793258
5236,1.1121914787687722e-13,2.7733803830933407e-13,3.475841392659931e-14,0.6959836346330122
5237,3.9000706498061675e-13,1.376769848815558e-12,2.1531965806503807e-13,0.661580510251224
5238,3.7923536438439114e-14,5.584903817846356e-14,3.145663904847429e-14,0.6686396833509207
5239,2.393598718495384e-12,2.5262240541965886e-12,1.9828720245532647e-12,0.6631619753083214
5240,6.788844133120012e-14,5.0374747970054576e-14,4.3172846610994303e-14,0.6936170143308118
5241,4.996878401609017e-13,7.321512867301407e-13,4.76285411405914e-13,0.6475942973280325
5242,4.3254557227398386e-13,1.020552120971672e-12,2.1358729775466771e-13,0.6668206515954808
5243,5.790883921944036e-14,6.167915915987616e-14,4.0652668892971834e-14,0.6691544884350151
5244,2.3119525181513903e-14,2.6230470466469625e-14,1.4578361482426367e-14,0.6702942333533428
5245,6.850573937627834e-11,1.9445578140520025e-10,6.605246017652273e-11,0.7216371194459498
5246,1.8395443157374796e-14,1.747750187538505e-14,5.3260480459372766e-15,0.697238881746307
5247,3.2523815684631343e-14,3.3711179449123976e-14,3.30847032325417e-14,0.6664617225527764
5248,1.3412977918951986e-13,1.7018903011409616e-13,4.6352460080858235e-14,0.6748538432642818
5249,5.380604222377727e-14,4.2118644919974497e-14,3.6338694802666755e-14,0.6778176434105262
5250,6.470433612357923e-14,4.473300070892341e-14,3.6783163789402853e-14,0.6945369093678891
5251,7.446479368474927e-14,6.715727961524841e-14,6.977674996513449e-14,0.6953007734613493
5252,8.282058045460627e-14,8.636534680576517e-14,7.009563813872466e-14,0.7011081975186244
5253,1.5911522426079435e-12,4.51908835958805e-13,5.574326021073193e-13,0.7285451319999993
5254,2.129101672158759e-13,2.647037096590947e-13,6.787567602750608e-14,0.668008589046076
5255,1.1362957327908087e-13,1.2828489376396966e-13,8.967659050397984e-14,0.7061247137608007
5256,5.030924957672053e-14,2.873335940857296e-14,2.1601001043799454e-14,0.6897533531766384
5257,5.694645996314386e-14,1.1562820688611444e-13,3.0904773571382624e-14,0.6525777196628042
5258,5.283782986664334e-14,3.890555826656919e-14,3.659782272844876e-14,0.6944783417508006
5259,3.867258559817074e-14,3.706932935929017e-14,1.563098991939399e-14,0.6929415286984295
5260,6.663406655708618e-14,1.4954207664698132e-13,4.566454617366809e-14,0.683025083062239
5261,5.5799274423515e-14,1.4710386048191296e-14,2.584910200049571e-14,0.7069284299155697
5262,3.695284722384598e-13,2.0309653802686357e-13,3.018496579399828e-13,0.7000138422707096
5263,3.94717559114842e-14,6.229271887828483e-14,2.9832304709657534e-14,0.6673526685102843
5264,1.405938923116871e-13,2.51652374302482e-13,7.87752102976232e-14,0.6729702055221424
5265,4.4043559070333795e-14,4.556498529753972e-14,3.291389400211279e-14,0.6949560798006132
5266,3.285290812767005e-14,3.522185278710629e-14,1.9455070961339486e-14,0.6881659252918325
5267,9.009519539147646e-14,2.1662253694574465e-13,7.69360236770895e-14,0.7058262631297112
5268,1.0393166899972712e-12,7.929554208451468e-13,7.383271453852189e-13,0.7697881847620011
5269,1.2009556533065762e-13,1.2144430668703563e-13,5.440704600209161e-14,0.706157356640324
5270,1.1579352229700816e-13,2.62377582539483e-13,5.771052782575336e-14,0.6619762441259809
5271,5.857076742528118e-14,3.873984312483506e-14,3.950664067754192e-14,0.6743633491219952
5272,1.817713473469168e-14,1.4747472098247666e-14,1.0080007836335892e-14,0.69575589383021
5273,1.9252606673090776e-12,1.2550085541680895e-12,5.421573385306703e-13,0.6873365144012495
5274,2.6486731737664297e-13,1.2256169750189926e-13,7.75718364663279e-14,0.6965443255845457
5275,1.1135133800164236e-13,8.371324546137391e-14,9.982828172439002e-14,0.674625423841644
5276,3.5269631263804136e-13,3.3999655115562967e-13,8.585541961110942e-14,0.7270523839397356
5277,2.843686400122793e-14,1.6445940729479663e-14,1.4770227150920205e-14,0.7005346090300009
5278,7.706115039781473e-14,6.181935569658264e-14,3.987445134126867e-14,0.7007570199202746
5279,1.530730742079476e-12,1.6406342120848174e-12,1.102820023220883e-12,0.7345494086621329
5280,1.7012092183995003e-13,2.3682536244026004e-13,8.942340265703823e-14,0.6807376473094336
5281,2.150165063045301e-13,2.658950692542659e-12,2.304297114506132e-13,0.6239047045703046
5282,2.1365847315293206e-14,2.1560129451329968e-14,1.6044909223220465e-14,0.6941196374362335
5283,6.257864113233632e-13,6.384486325697483e-13,4.407865711526364e-13,0.7017835406819358
5284,1.8362178640587104e-12,1.109889914027583e-12,1.4366193905902913e-12,0.7559059158433229
5285,1.0003841338823322e-13,2.508054420834731e-13,6.971057090730966e-14,0.6762787831015885
5286,2.2218974621636698e-14,2.5568782825570002e-14,2.1706543246893092e-14,0.6997614542255178
5287,1.258495044828559e-12,1.3112423964263456e-12,1.0407011453386212e-12,0.7059816118329764
5288,1.3412892357725e-13,9.880305098224714e-14,7.286655914325135e-14,0.6847165151499212
5289,3.4160517907213617e-14,1.1107074237909681e-13,2.4387484194578168e-14,0.6816927099833265
5290,5.1996457547430555e-14,2.2718515126165157e-13,5.2669955763665615e-14,0.6583543926011771
5291,2.845606634189487e-13,3.621823124442608e-13,2.4154543911467166e-13,0.7354505978990347
5292,9.62269310529985e-14,1.3315400997276076e-13,9.478138205344101e-14,0.7025499019306153
5293,1.9833957758372245e-13,5.884765779465104e-13,2.8985591748053823e-13,0.6912462732987479
5294,6.761892321868864e-14,3.4066282213802365e-14,5.0120139979668895e-14,0.701325564365834
5295,1.3616554715594226e-14,2.40041457776652e-14,1.0725255113413939e-14,0.7002145225182176
5296,4.082090829677664e-14,2.00983029047555e-13,1.8152037546506556e-14,0.647153313306626
5297,8.280639678995803e-13,1.5350112823458827e-12,6.488139540818751e-13,0.7285435331286862
5298,7.909052598177289e-13,6.26474121525465e-13,4.68910706476107e-13,0.7268031143117696
5299,1.9852252486708054e-13,1.7792265980689338e-13,1.6138532844897218e-13,0.7107747509842739
5300,1.9353749702166718e-14,1.102867489269823e-14,8.465328024437262e-15,0.6939038255484775
5301,2.7809790540331315e-12,1.5479762421272115e-12,1.4509169951841988e-12,0.7368576472159475
5302,2.141219666356159e-12,5.326539908056226e-12,1.9193619808147787e-12,0.685846625873819
5303,5.969374073192239e-14,1.0732228211520393e-13,3.7636029992211866e-14,0.6516824726713821
5304,8.181928564193043e-14,1.4087625957962786e-13,4.5800815108428164e-14,0.7245087502757087
5305,1.1534246787571286e-14,6.258833725101346e-15,3.1323520861091433e-15,0.6906545308418572
5306,1.5767539157331706e-13,1.4208073187749824e-13,1.1248476243583287e-13,0.7025071355048567
5307,4.773437863872475e-13,2.742791887387451e-13,3.725595122629166e-13,0.7108581686625257
5308,2.989471465879264e-12,9.564555502878446e-12,1.9369762450709337e-12,0.7484158196952194
5309,7.714047693222873e-14,1.3868197180165338e-13,8.37048919735941e-14,0.6773904347443022
5310,4.1070493589949753e-13,5.112695575845567e-13,3.610525493189017e-13,0.7350511408410967
5311,5.512152602729858e-13,2.692244408808062e-12,3.6560623629566814e-13,0.68445425798418
5312,1.153961336641774e-13,1.2778653089552357e-13,9.410576365355296e-14,0.6786092016845942
5313,8.389247716209095e-14,4.46463236021048e-13,4.00983313530381e-14,0.6465908219572156
5314,6.775960062315151e-14,2.111530289396177e-13,2.5165664706017355e-14,0.7034806316019967
5315,1.0707680358907653e-12,9.118940342861337e-13,3.974444248819412e-13,0.702731538633816
5316,1.5036806429328472e-13,2.4632515861220195e-13,9.923059988327247e-14,0.7033912062644958
5317,1.4859500303376223e-13,2.2616602692935828e-13,1.1927177492951476e-13,0.657071401621215
5318,4.3527485068465027e-14,3.108368601857061e-14,2.0763703446530254e-14,0.6904138072161004
5319,2.1233096834878125e-12,2.4718339790344634e-12,2.2141577560010453e-12,0.806202095001936
5320,3.160316869229883e-14,3.57724314244382e-14,2.2156198363254086e-14,0.6857771364739165
5321,1.1684399825524622e-13,2.6279859574564103e-13,5.1893568075370474e-14,0.6800164183485322
5322,3.500269836498304e-13,3.3447102673686744e-12,3.177592784580489e-13,0.6258391901268624
5323,6.050571221264479e-14,1.028201316079736e-13,2.688138701535535e-14,0.679591833089944
5324,1.0042014206524368e-13,6.009296916408904e-14,5.396241334917594e-14,0.6820016090292483
5325,3.4700160896747725e-12,3.8255800639473855e-12,2.4882535376614743e-12,0.7829435463994742
5326,3.521547669166449e-14,2.5467253941330133e-14,1.7136998589331916e-14,0.7067866299999878
5327,2.0083473575398443e-12,2.3708054658250777e-12,9.015606429721039e-13,0.7501598054543137
5328,4.5057260693338827e-13,4.4063036141934974e-13,2.646524198877375e-13,0.6997153793927282
5329,1.584126647730656e-13,9.363857019145735e-14,1.1654280973401298e-13,0.7063007556833327
5330,1.025512329154295e-13,8.316608593624516e-14,6.711766485104581e-14,0.7072974749375135
5331,1.1286475900585914e-14,2.3716560181588668e-14,5.322849492110181e-15,0.6658766951062717
5332,5.6038164985762256e-14,6.315432873046959e-14,3.0735420800048936e-14,0.7091237652115524
5333,1.0791963571102474e-13,1.1456039774770503e-13,7.279980280749409e-14,0.7042952322168275
5334,7.966531819930525e-14,5.5972146084023764e-14,5.867330066069808e-14,0.7002113131573424
5335,5.6370703309678446e-14,1.908244341669206e-13,3.2303847331769635e-14,0.6478803779231385
5336,8.004670666164134e-14,1.436169512721442e-13,5.408802076922736e-14,0.6531951644225046
5337,5.076150021353714e-14,4.975022776753272e-14,4.036094654512514e-14,0.6608251409837976
5338,2.965254693120434e-14,6.1427398457961e-14,1.4784600075681078e-14,0.6845590878161602
5339,7.581042462034347e-14,7.837093693547491e-14,5.432259177904513e-14,0.6996827934402973
5340,1.971347943652267e-13,4.337631070096408e-13,1.295706636303914e-13,0.6717089512385428
5341,1.0514594674862671e-13,2.0586718265010017e-13,6.868682220724181e-14,0.6882220479426906
5342,3.965034505335525e-13,2.32534085484264e-13,1.5208234634542408e-13,0.6991063514258713
5343,4.286839277195908e-12,2.1844191173065702e-11,3.873636552696532e-12,0.7551486994605512
5344,2.2158317029000995e-14,3.61997848249089e-14,6.5390701866292004e-15,0.6561174781876616
5345,2.8853789718053383e-13,2.1963272708340316e-13,2.5398880633352346e-13,0.667037858243566
5346,5.926254065693589e-14,2.9572978163383987e-14,4.090918606739302e-14,0.6829075062880292
5347,3.5489731705690603e-13,2.6456339813832924e-13,2.458535423536275e-13,0.6984710828633979
5348,4.569791348316023e-14,2.312522045756973e-13,2.5864977884108848e-14,0.660381167230662
5349,1.0571169414414685e-13,7.830282809701263e-14,5.4710016133054e-14,0.7007341578835622
5350,6.817014097759021e-14,7.35294937374611e-14,4.268122014608151e-14,0.72392694929149
5351,6.110042697076371e-14,1.3065505047153166e-13,3.577201982770826e-14,0.6912569013773464
5352,5.906595725911164e-14,1.0526823626879044e-13,4.354302911967224e-14,0.6710647880798206
5353,2.253800766282442e-13,2.482476185202623e-13,1.0193138339436566e-13,0.696054354403168
5354,3.331431613868569e-13,2.781749834717108e-13,3.134573904504361e-13,0.7108333468902857
5355,1.297474691754996e-13,1.0327967977265485e-13,5.734361018873975e-14,0.7098052214365452
5356,3.2189730001707724e-14,3.4456812626344286e-14,2.919076250226947e-14,0.7099142940947786
5357,2.3684956479726966e-14,1.526708761245033e-13,2.1699686801961494e-14,0.636257883592043
5358,4.069821013826572e-12,6.530863016012838e-12,2.609337775012291e-12,0.6597281930036842
5359,3.4355558546134586e-13,7.065139587001457e-13,2.037952000264739e-13,0.7470891361124814
5360,1.7623141993945985e-13,4.4399873937265775e-13,1.6450487623885374e-13,0.6804426431306638
5361,7.047884830420112e-14,5.397333943160149e-14,3.364831115649531e-14,0.718214785377495
5362,8.10133125782854e-12,6.872398675800921e-12,5.745478320034455e-12,0.7573733368888498
5363,6.614699754860885e-14,1.5453540845208945e-13,3.567560105325823e-14,0.6835566505440511
5364,1.4003989340924866e-13,1.250853665012337e-13,8.771781082554597e-14,0.7229817333631218
5365,1.3310724898004302e-13,6.636712466808095e-13,8.034681145541289e-14,0.6428045268170536
5366,2.093915588892084e-14,1.4387528500558794e-14,1.585346687494992e-14,0.6951109141344205
5367,4.595760388831837e-14,1.200452312677689e-13,2.4360131667073285e-14,0.6863118088920601
5368,6.140864523723292e-13,2.277169439889076e-12,6.561380036570905e-13,0.7389276717789471
5369,6.739894870800653e-14,1.422962147445784e-13,3.7233337466798035e-14,0.7020159888779745
5370,3.5967442976378056e-14,3.1895814038579966e-14,2.6084041080267095e-14,0.6868491338333115
5371,5.140925690844594e-13,7.9962393411739e-13,4.76203155288179e-13,0.699813854531385
5372,6.348972429082064e-14,8.685797043549131e-14,6.080331019201058e-14,0.6933583211619407
5373,2.645993136597344e-13,2.785347070706174e-13,2.5994963792427874e-13,0.7216278285253793
5374,7.309847644141203e-14,7.77001778366492e-14,5.1122400118276854e-14,0.6909277457511053
5375,3.9041369514393056e-13,8.664490757528368e-13,1.5097733864724716e-13,0.7529848257545382
5376,3.135576681491743e-12,4.462783495226566e-12,2.889572222304503e-12,0.7315829321509227
5377,9.231145114678901e-14,8.1565652634997e-14,5.214218434172251e-14,0.6933277429081499
5378,1.0339081271790544e-13,1.3995684775855306e-13,4.329985544047385e-14,0.6916896196780726
5379,9.538285372636737e-14,1.5598125316853141e-13,5.428210550946247e-14,0.6457752439309843
5380,1.187867041451857e-13,4.842282461187332e-13,9.799338468106953e-14,0.6997627905802801
5381,4.749654571747951e-14,4.8573672884052855e-14,2.937451627976746e-14,0.6870751781738363
5382,1.9700684216823157e-12,3.1212988837136904e-12,1.2219261701693794e-12,0.6855248821550048
5383,4.827533317302739e-14,5.773669127346695e-14,3.8497102132920625e-14,0.706005601072684
5384,7.296672751651672e-14,2.2680345011693281e-13,3.8435327290718197e-14,0.67421791999368
5385,1.4032327532658629e-14,8.33693123824414e-15,6.600299851466912e-15,0.6946469092043117
5386,7.041083041371739e-13,1.3310108855028117e-12,3.9075041884707474e-13,0.7561516664922238
5387,1.098497674260218e-13,1.8157918219673017e-13,6.49512962631329e-14,0.6841598564991728
5388,1.491673447305248e-13,1.865321261778002e-13,9.743804177093509e-14,0.7205094450619072
5389,6.077900591972443e-13,5.269447247805808e-13,4.67522993187785e-13,0.6643916874192655
5390,2.242797091106864e-12,2.7118699214578755e-12,1.26075399908006e-12,0.7627054520882666
5391,2.157181345057381e-13,1.017912828834274e-13,9.840108807482863e-14,0.7220065721310676
5392,6.03115394336295e-13,4.3056241378021787e-13,4.848443236927188e-13,0.7403560208156705
5393,5.266728822155877e-14,2.2679225602925324e-13,4.43796261247458e-14,0.6596129077719525
5394,4.335060312328958e-14,1.108659975800699e-13,1.7274025681624002e-14,0.6827469733194448
5395,1.4976435472713e-12,3.28147830644354e-11,1.254527478279565e-12,0.6197710154694505
5396,8.514826528231101e-14,2.2703039984945217e-13,5.697502801282245e-14,0.6703774923924357
5397,1.6067350121004415e-12,1.1407566641453127e-12,1.1443952810678041e-12,0.7720911198295652
5398,9.601887521591539e-14,1.4238776462883656e-13,6.708425743085148e-14,0.6963583832373843
5399,7.445172342890187e-14,6.341896843210332e-14,3.988396123418912e-14,0.685421709518414
5400,4.6324424758390885e-14,1.4526439752912108e-12,5.414767874299037e-14,0.6332291075086687
5401,2.8336253034301586e-14,2.2737155426170193e-14,1.046298766787559e-14,0.6937927328515798
5402,3.375453607366014e-13,5.8978165258437e-13,2.490139938556697e-13,0.7154567073564977
5403,1.472780424477716e-13,6.712033515241268e-14,8.968986319544514e-14,0.6993363587651402
5404,3.080545901744832e-13,1.8991151584707413e-13,2.2770820841954326e-13,0.7018751527648419
5405,2.775878265603079e-13,3.8188465026413163e-13,2.35116903819345e-13,0.7496400532778352
5406,1.169889425375514e-13,1.5145166131502863e-13,8.957139731639612e-14,0.69472978990525
5407,9.692037806849394e-14,1.3327897386893517e-13,5.556687219124824e-14,0.6581390317878686
5408,3.6811951299169407e-13,3.2652730865599096e-13,2.4899183093041145e-13,0.7203135076910258
5409,3.378095936944e-14,3.097819434220053e-14,2.992836201956528e-14,0.6947636858327314
5410,2.334245911252946e-13,2.7780912918268194e-13,2.191977453309377e-13,0.6882443306734786
5411,9.389708421480947e-14,1.3906265077847458e-13,7.39773398683053e-14,0.6724442908191122
5412,1.5377781206222663e-13,3.5519499444443153e-14,6.153056601425997e-14,0.6693807910429314
5413,3.9430553854050626e-14,2.994208906932462e-14,3.284157108643382e-14,0.6907468710793182
5414,4.205819396151222e-14,2.8068292228039883e-14,3.370525600708186e-14,0.6943468054756522
5415,1.900930095775689e-14,2.9811224802167495e-14,1.246801663814992e-14,0.7001344682648778
5416,1.7548940891588852e-14,2.5255629299146736e-14,9.342790773291854e-15,0.687378448387608
5417,4.0139105867606064e-14,4.4819614905480894e-14,2.981188753663119e-14,0.694679264863953
5418,1.3286459703829997e-13,1.0812486216170253e-13,9.379210080851794e-14,0.7196547344792634
5419,1.8121733768121545e-13,1.2256696224909292e-13,1.0724191342083597e-13,0.7070987690472975
5420,1.248346511729895e-13,2.418978222588954e-13,8.552929473538976e-14,0.6972785386955366
5421,1.4922610297019006e-13,3.5683171153437557e-13,1.713542686009559e-13,0.7060453559737653
5422,2.127485126967131e-14,2.724987157617836e-14,1.473261467950479e-14,0.6773083774372936
5423,7.732909106683817e-14,1.0077257912508132e-13,6.66251298393781e-14,0.6708151930710301
5424,7.448465409908457e-14,7.741117644469432e-14,6.172738682365366e-14,0.6961156937293709
5425,6.827615284625924e-14,6.014349718784294e-14,4.675576756617768e-14,0.7178465356584638
5426,1.197523365798052e-13,3.75713662949699e-13,9.156148665083483e-14,0.6347885807510465
5427,4.302759927606293e-14,2.5424339249713536e-14,2.1386867158773448e-14,0.6940266525372862
5428,6.80167816916873e-14,3.804033822117087e-14,5.266796876289214e-14,0.6948264627018943
5429,6.061482685091796e-14,8.42274343873164e-14,3.2430914037251375e-14,0.6952341003343463
5430,3.744975703606121e-12,4.105192256332779e-12,3.274881828454331e-12,0.7689801878295839
5431,1.461892539628499e-12,3.0720100675546608e-12,1.3943934689170918e-12,0.7453263916540891
5432,9.409781935112748e-13,1.2906239680189766e-12,8.12858875757404e-13,0.7148331575328484
5433,6.526138879362351e-14,6.699854277634588e-14,3.8022527861604904e-14,0.7224541836418211
5434,6.955475758934144e-13,1.692530251656377e-12,3.404347054521433e-13,0.6562899302807637
5435,3.453876776363718e-14,4.0923124710092756e-14,1.9582748862211077e-14,0.6789153604768217
5436,1.226147750138264e-13,1.9046425430356035e-13,8.911451951082312e-14,0.6675098814303055
5437,6.731116338836304e-14,3.949645695516309e-14,3.7629953829648405e-14,0.7117603432852775
5438,2.5055742945810937e-13,1.939764236541369e-13,2.1407611481312186e-13,0.7128195704193786
5439,1.6249533736383213e-13,8.713027969363869e-14,8.691450145921296e-14,0.6939073744462803
5440,4.5145705592376094e-14,6.806939930286429e-13,7.433376805644814e-14,0.6195661897305399
5441,4.3667171572942566e-14,6.023560168067063e-14,2.893523183855525e-14,0.6666649919236078
5442,9.52729013658781e-14,1.5881693333050557e-13,5.866383162939233e-14,0.6677641477435827
5443,8.179251132245594e-14,1.2227586609433018e-13,4.3722727818166403e-14,0.6808584586251527
5444,3.932329361536009e-14,2.6527941464240203e-14,2.0924495222760075e-14,0.7044047557283193
5445,3.8016562926091193e-13,3.7644916756266983e-13,2.968611927876842e-13,0.6501581134274602
5446,2.7023754276376146e-13,4.4039808576314415e-13,1.6357326360615588e-13,0.6578837497858331
5447,1.823990057467439e-13,1.3008153188259711e-13,1.3273685240429574e-13,0.6945106737781316
5448,2.248847466168143e-13,3.681543046504738e-13,1.267429798525993e-13,0.6523462212877348
5449,3.176771107640353e-13,2.604671257502851e-13,2.507905459469712e-13,0.7377519838279113
5450,1.279044774606196e-13,9.779312426084704e-14,6.976372523693896e-14,0.676609717134852
5451,1.1868360176688772e-13,1.3590608483395355e-13,9.271492200072382e-14,0.7214882799889892
5452,5.889574263797892e-14,4.571765844582927e-14,3.0666600314779486e-14,0.6814770682016388
5453,2.1052817016590414e-14,1.9380012883292793e-14,1.139516811628306e-14,0.6946255594491959
5454,2.5606611876567684e-14,1.1188161184814693e-14,1.8087679789635715e-14,0.6942715343320742
5455,7.363557097360238e-14,1.5693378126462536e-13,7.376559498959645e-14,0.6640550771029666
5456,1.7886426941735246e-12,4.042572393008321e-12,1.6524494058652976e-12,0.70795167486649
5457,6.563161873125537e-13,4.577159141624383e-13,5.063944037820629e-13,0.6945383437210694
5458,5.639219973962569e-14,6.957581582832083e-14,3.943892958527267e-14,0.668824498844333
5459,7.772912894677966e-14,5.518839734100366e-14,3.900358981878892e-14,0.6928948500426486
5460,6.81139348990354e-14,1.018340554999372e-13,5.105227400552103e-14,0.6680403970764018
5461,1.6424543441983736e-13,3.1033565662081803e-13,1.4327548919839907e-13,0.697676656767726
5462,2.4748222994334145e-13,7.03257619050115e-13,8.440442512971578e-14,0.6634633396868594
5463,3.679610774283064e-11,3.964897354947909e-11,2.009951363273071e-11,0.7069287845864892
5464,2.567619382569778e-13,4.524363635132967e-12,2.462604325219588e-13,0.6319573205488268
5465,1.8071098036530954e-13,1.7096655395091673e-13,1.6143668706961165e-13,0.6962756353663281
5466,3.1504527778486082e-12,8.417963089886583e-12,1.8678608898678447e-12,0.6786040182458237
5467,3.7488174574111693e-14,4.6093490047610954e-14,1.4611797969372682e-14,0.7009985715849325
5468,2.1066401796357626e-13,2.1731127456952362e-13,1.1337724075034369e-13,0.6349399447557517
5469,4.543772497141185e-14,2.5127596884962257e-14,3.403834190076591e-14,0.6798979302868247
5470,2.226596251958123e-12,2.1075189737007704e-12,1.6676020581322504e-12,0.7701172096654773
5471,7.835676723539921e-14,1.6040116106561648e-13,7.589325962823675e-14,0.6639031710918062
5472,1.0078940545897659e-12,1.6380673610988193e-12,5.769550486566854e-13,0.6693909379886464
5473,2.3397503142098575e-13,2.1549154624914907e-13,2.0394917045692865e-13,0.7028798302868381
5474,5.403514462125524e-14,4.7566568481682134e-14,2.933385578544877e-14,0.6970110886264592
5475,5.183534334654061e-14,4.478990081095164e-14,3.882160847603823e-14,0.6932201310293749
5476,7.772960971388897e-14,6.975584528735251e-14,2.7195530881496334e-14,0.6939489143434912
5477,1.3676024369628263e-12,2.2559310361837184e-12,1.218575941427352e-12,0.7190881413640454
5478,3.550483964440253e-14,7.638216865079626e-14,3.5027700583465716e-14,0.6599205767037347
5479,5.1607503476359876e-14,6.602678024103215e-14,3.009169541880984e-14,0.7038424100726843
5480,7.13888631044369e-14,3.439946922342267e-12,2.0289112685701454e-13,0.610225986741716
5481,1.7594686237595829e-12,3.274918722987868e-12,7.32054154738737e-13,0.6864494877285324
5482,9.013152108057827e-14,5.78474927886074e-14,5.039191536066683e-14,0.720388118433766
5483,1.4059374785143343e-13,1.7991427102215468e-13,1.0901354313891704e-13,0.7182000044267625
5484,1.0147527483872872e-13,1.204787170494279e-13,5.83414146928524e-14,0.6933744870126247
5485,1.4636233392052792e-14,3.152572807010025e-14,9.962628284351454e-15,0.6633179693017155
5486,6.855617192884526e-14,1.1553254541350872e-13,5.659041581857178e-14,0.7017530440120027
5487,4.460470122341714e-14,5.513500895404339e-14,3.494738766306295e-14,0.6621474440209567
5488,2.2825194827098883e-13,9.80987644293807e-14,1.2429556634940001e-13,0.7085752339102328
5489,6.183416017006857e-14,2.0706619633606174e-13,3.7641082304941187e-14,0.6727210592129268
5490,3.143630782562029e-13,4.608805275853717e-13,2.5803634274261255e-13,0.6409811124089174
5491,2.1536134349244883e-13,4.901562022761805e-13,1.6384924711674055e-13,0.7513257158454507
5492,5.341474246595603e-13,5.734204735700248e-13,1.52187638618906e-13,0.7601347182877362
5493,7.69342855908223e-13,7.926615886470489e-13,3.8099009395676787e-13,0.711717056040652
5494,2.9137403200046754e-13,1.2354693343342425e-12,2.0755771151053741e-13,0.6840261371806264
5495,3.817004289278627e-14,3.7123697903446184e-14,9.858924671491671e-15,0.6951974437804893
5496,3.650962187428386e-14,1.3448108497868106e-13,4.4298715615813804e-14,0.6529296765569598
5497,3.060458860788794e-14,2.8285574384631955e-14,2.6657776468217665e-14,0.691187271522358
5498,1.644627910914025e-14,9.590439023891146e-15,7.956953874826574e-15,0.6933471722761169
5499,6.102248580099039e-12,5.625059837938797e-12,2.191268803249414e-12,0.7338180759456009
5500,9.79886230189542e-14,4.886799467620492e-14,4.743899977761458e-14,0.7081392623949796
5501,3.38414005787464e-13,9.07396050160958e-12,3.2226724396296717e-13,0.6428443905140739
5502,5.383570385281403e-14,6.745375196849859e-14,5.317484715330293e-14,0.6740316022187471
5503,1.0331877166181163e-12,9.67545994093242e-13,8.102673132417705e-13,0.7391613793559373
5504,4.61981449188272e-14,1.3880689032946288e-13,2.8719845203563e-14,0.6596404065028765
5505,5.6311704523793314e-14,7.203060969004542e-14,4.48940631152214e-14,0.6458992467843927
5506,7.099407724305092e-14,5.515005875522924e-14,2.903058204340697e-14,0.6975124962627888
5507,1.5738416357074764e-12,2.2872742699366686e-12,1.6707774084568175e-12,0.7733549640513957
5508,3.268888675107011e-13,2.5515363932780527e-13,2.310912382675279e-13,0.7414107558317482
5509,6.650487151658577e-14,8.427806859659804e-14,5.502255815186044e-14,0.6656787966960109
5510,4.54030917402893e-14,5.538356637358307e-14,1.870448823000143e-14,0.6965632839594036
5511,7.071616130938094e-13,1.4966331196305092e-12,5.529900250717971e-13,0.6717563479556702
5512,1.9456684367238397e-12,1.4587065205064047e-12,7.740732382431686e-13,0.695030633895658
5513,8.250783996275403e-14,1.3241674148970842e-13,3.264796141687302e-14,0.6814979265443981
5514,2.5537459768096975e-13,2.645276640942618e-13,2.0381989612876906e-13,0.679244032932911
5515,2.565162216727166e-13,2.0032456633008182e-13,1.919488624302962e-13,0.7137217441573739
5516,3.957951860603111e-13,2.8771608936054283e-13,1.567294596444373e-13,0.6825270478846506
5517,6.660131229627458e-14,8.362628635850397e-14,5.976635922479106e-14,0.716659063170664
5518,1.2927864757804792e-13,1.0262231280438626e-13,4.1669556424412524e-14,0.6920070849359036
5519,9.065673841644595e-14,1.086914400158854e-13,8.557550770584717e-14,0.6686420162091963
5520,4.32646575335078e-14,4.4642051200899885e-14,2.331113793551675e-14,0.7038966119755059
5521,3.725346015423207e-12,9.684673228861542e-12,3.78626775429957e-12,0.6529000213020482
5522,1.1952355208738789e-13,7.859869783579283e-14,5.588436927238514e-14,0.6960079069482162
5523,4.773467700496511e-13,7.955971498972636e-13,3.146169127311688e-13,0.7628240878693759
5524,4.650006328200301e-14,1.8790531915036744e-13,3.4092819074855946e-14,0.6378049066057428
5525,4.193630341709294e-13,2.787416571105349e-13,1.8536406749164824e-13,0.6726176214171573
5526,6.065341712106013e-13,4.099025304865828e-13,2.3041398940683706e-13,0.6513426838559099
5527,1.5722893897542523e-13,1.6434144341136204e-13,6.873101920458206e-14,0.7123762113973499
5528,8.610283390718222e-14,1.1437047676434042e-13,8.626007101495275e-14,0.6957436753669753
5529,3.2364088456663906e-13,3.6669552281759405e-13,2.038918900743183e-13,0.7225454863859341
5530,7.355019918517203e-14,1.3847157663896217e-13,6.091762643215159e-14,0.6913561265217141
5531,2.605641829101602e-13,1.3851310794364282e-13,2.0580088789463995e-13,0.69974226616323
5532,1.4104375293610244e-12,1.2094051589284559e-12,9.013247541434455e-13,0.7025090193375945
5533,1.0164524255218243e-12,2.3782498504974415e-12,1.0508105260538723e-12,0.676317518192809
5534,6.889896960752261e-12,1.081434998337722e-11,3.2795461100308512e-12,0.7390199943445623
5535,2.5868415850943197e-13,9.969552216514992e-14,1.3799219022322865e-13,0.720567892678082
5536,2.1019304870074736e-14,7.78681900170327e-14,1.554872540592175e-14,0.6836084009381012
5537,4.6519746105403475e-14,5.0047435609393825e-14,3.838246651556299e-14,0.6850076021859423
5538,2.2329973683452063e-12,1.5313048591068742e-11,1.773148359000842e-12,0.7134791085030884
5539,2.454346980007232e-14,2.420367973370393e-14,2.084187306880258e-14,0.6873051027767361
5540,6.813676299831202e-14,4.0495327283368865e-14,2.885087615155217e-14,0.6965172380208969
5541,1.1262055329185289e-13,3.5409938754735405e-13,7.846414466950071e-14,0.6798814187059179
5542,6.909871670331759e-14,1.0231701254416929e-13,6.797113252364761e-14,0.7067544253543019
5543,3.369815081901024e-14,3.0103272321605903e-14,1.961254031437592e-14,0.6780611030524597
5544,5.781694916316227e-14,7.664544745061366e-14,4.800488586531461e-14,0.7011870471062138
5545,4.05638441978921e-14,3.484841715552203e-14,1.5085855295639433e-14,0.6960742714349181
5546,9.87493426594839e-14,1.8628768082980962e-13,7.572582883951522e-14,0.6679259288008325
5547,1.484731620014727e-13,2.611618266854382e-13,6.716931622534256e-14,0.7143525004852563
5548,1.627347579328593e-14,1.495314163352757e-14,1.0609792617357375e-14,0.694630476157181
5549,2.6541272127191298e-14,3.436887314372889e-14,1.8847942951012638e-14,0.7018684083130211
5550,8.343348877270812e-14,8.220421249079778e-14,7.329749551957328e-14,0.6987425036495551
5551,7.326113303346931e-14,6.640934656975957e-14,4.736489635694145e-14,0.7043302743928507
5552,1.962160008158615e-12,3.5767807153148553e-12,1.5006909126056257e-12,0.6975499961292371
5553,5.569663361547904e-14,3.934986872771769e-14,3.795075119204708e-14,0.6881336307385937
5554,6.72841917634611e-14,5.852639494805789e-14,3.8424396448901745e-14,0.6871998327318579
5555,4.661543974861914e-13,7.639516134267252e-13,4.1879690506907065e-13,0.696529506938532
5556,9.718162986714172e-14,1.7280929867460286e-13,8.791160088156917e-14,0.6548107337323017
5557,9.88297533964027e-13,1.241551264055345e-12,6.446928844598382e-13,0.7248462552437559
5558,3.1073366000973246e-14,1.8229812285525372e-14,1.7910211825079282e-14,0.6936640684492886
5559,5.727125920047023e-14,2.863679064871036e-14,2.477740587722028e-14,0.7196009541396051
5560,2.2232998288639355e-12,5.367637328894799e-12,1.2070702973916711e-12,0.7303817822132259
5561,1.1619034484133717e-13,1.0916614980880371e-13,3.098160122689491e-14,0.6950671802740545
5562,4.1777703270309225e-14,6.578087166838811e-14,3.6384935564974973e-14,0.6917406139196828
5563,1.1232328578847529e-13,1.165202390554859e-13,2.898208078681875e-14,0.6847731381189078
5564,3.98780890650743e-14,5.043915580002801e-14,3.1962255930693926e-14,0.6895064546493813
5565,8.814814257239138e-14,1.3482214556822788e-13,4.5351686753138447e-14,0.6899455566890538
5566,8.141623532522624e-13,7.282978060798718e-13,4.936402156420259e-13,0.7504847500473261
5567,3.399861274963666e-14,5.226325403622175e-14,1.7315676487090523e-14,0.6577095550717786
5568,1.520241580495153e-13,8.249549445596469e-14,4.046645561979997e-14,0.7212430763756856
5569,2.1930511626844563e-13,4.1503607001576006e-14,6.611399632962763e-14,0.6925606050994247
5570,1.773982192117164e-14,2.544354058830168e-14,1.1475525974448678e-14,0.6944738939870149
5571,3.7824798625221706e-13,3.8758193643114826e-13,2.8974651781256335e-13,0.6985486424062402
5572,3.640310637946427e-11,1.3355673309918071e-11,1.5661713794948267e-11,0.788935927953571
5573,4.3913737149221115e-13,1.2667803805591923e-12,2.7386524892937626e-13,0.7492472867947072
5574,7.546047678911172e-14,1.0494721823504922e-13,3.730690045622542e-14,0.663703210814856
5575,2.3188032436304796e-13,4.189426091725834e-13,1.4168353480712155e-13,0.6824477024259977
5576,6.931486403950452e-14,1.1284969638917738e-13,5.110946249305258e-14,0.7117712132632732
5577,3.127289324765204e-14,1.5354519107866584e-14,1.4114393047190944e-14,0.6831460467190482
5578,2.953194374979232e-13,1.482049131590344e-13,1.491488167521115e-13,0.7303866816218942
5579,4.055595773908726e-13,1.1938815612188857e-12,5.15645701548648e-13,0.6922541369916871
5580,5.0651321549688925e-14,4.577692946825203e-14,2.5784401321255293e-14,0.6806585181038827
5581,3.65994180874181e-14,4.759435978888647e-14,1.4954614711079757e-14,0.6736228492576629
5582,1.1038274669441707e-13,1.333756336364877e-13,4.25156934028355e-14,0.6823259185417555
5583,1.6307728301131955e-13,1.0222175208509846e-13,1.3679492218254645e-13,0.6708487023133785
5584,1.441677840690519e-14,1.507444299474674e-14,8.045093235789027e-15,0.6941426300210878
5585,4.333936932532249e-14,4.1043087115655706e-14,2.091440489328215e-14,0.6901408897014335
5586,1.3859376310211044e-13,1.1226171657970113e-13,9.95537953292481e-14,0.6875212837010622
5587,8.80319554434997e-14,5.9012286750549e-14,6.167571984789246e-14,0.7006736003793776
5588,4.539589204743967e-14,3.2936365042865945e-14,3.598652463697066e-14,0.6865033234702423
5589,2.3255745446297485e-14,3.691666611006053e-14,2.0794572578415225e-14,0.6991441659629345
5590,1.2840109395747452e-13,1.090334946483324e-13,1.0621450697264619e-13,0.7184763643192127
5591,4.139635530676145e-14,9.036573497755841e-14,3.369143051386081e-14,0.6710019942256622
5592,2.7623064915702857e-14,2.130882945531225e-14,2.4566016990623224e-14,0.6722733936388977
5593,4.910293298075947e-14,8.851286386423427e-14,5.251255744046677e-14,0.6863940027658828
5594,3.896180266711594e-14,7.561793592574162e-14,2.2373105472060717e-14,0.7018064006231726
5595,6.828560218258504e-13,7.687882826205046e-13,4.946870715066077e-13,0.670925113465637
5596,3.210963084718132e-12,2.630066475206656e-12,2.072273777775442e-12,0.7617578647565096
5597,1.662179808004237e-14,2.7131277202223096e-14,9.613638813750493e-15,0.6957593772094697
5598,9.415059452644539e-14,1.0916623496799398e-13,4.422094382775361e-14,0.7304167285794392
5599,1.9173816343070892e-13,1.5405878197136504e-13,1.462658232121496e-13,0.6619981753407046
5600,7.932216785231198e-14,7.607431715141146e-14,4.0056188615146376e-14,0.6947832700097933
5601,6.998135466375316e-14,1.775622434899782e-13,4.1547938170975645e-14,0.7061123527819291
5602,1.1240884571979395e-12,8.926265573651894e-13,5.653265297854553e-13,0.7811406917870045
5603,5.11270742259701e-14,7.88199169206604e-14,3.477876065738482e-14,0.6689277974073775
5604,1.5130368691265295e-13,1.0833043262310827e-13,8.059096401718286e-14,0.7411921066232026
5605,8.807503334054036e-13,8.13282180262933e-13,6.367225742572101e-13,0.7298790076747537
5606,1.5323535197792064e-13,1.4000119865346514e-13,1.0205421050604327e-13,0.6943448270438239
5607,3.6317900611144114e-13,4.909376464979713e-13,3.680504243420448e-13,0.6617902808240614
5608,1.9971753656947732e-13,2.6133171117889274e-13,1.361477958109875e-13,0.6782009831629694
5609,9.815236936975704e-14,8.787123184095556e-14,5.801183856817615e-14,0.6877682784339413
5610,4.967917789171726e-13,3.2281258374622524e-13,4.248627470192569e-13,0.7160160687984899
5611,1.526677983559574e-12,1.0447951447239284e-12,1.1814460081366549e-12,0.7414387530647218
5612,3.4766405162719674e-14,2.130969989708513e-14,1.3540775564596076e-14,0.6955656009726227
5613,2.8121465057509004e-14,1.1363955985922803e-14,8.554824027569806e-15,0.6900829133111983
5614,1.088311904639489e-13,6.116858407544957e-14,6.457636614447048e-14,0.702839111466892
5615,4.098035563965729e-14,3.1301107714196166e-14,2.940787926640735e-14,0.6883201568387449
5616,4.67543136973564e-13,6.717535212135051e-13,2.8600971999273037e-13,0.7222688012057915
5617,1.932843199490161e-13,3.367275172100179e-13,1.5171409094788294e-13,0.7421772095840424
5618,1.6191445799261584e-13,1.442577760757777e-13,5.204719230069611e-14,0.7222950967028737
5619,2.1210388261198647e-13,3.4622541231869453e-13,1.5532356966094661e-13,0.6853685994399712
5620,2.8484001366433747e-13,5.224175650352917e-13,2.2319661594951285e-13,0.6598597434815019
5621,3.648989836464322e-14,1.0229989764406824e-13,1.865830438121278e-14,0.6600940751261077
5622,1.1260098391963369e-13,6.491531328864802e-14,6.095909355468288e-14,0.6944555561523884
5623,7.132084284212215e-14,1.1772063715394065e-13,7.10459737284825e-14,0.6748180635971949
5624,5.329296935982768e-14,6.832346144994202e-14,4.034876463590447e-14,0.6985957335913554
5625,8.879478817535541e-14,9.769156049434113e-14,4.401996800790776e-14,0.6765459881164133
5626,7.392625058040115e-13,8.531045349539328e-13,7.337613507130475e-13,0.7074431967455894
5627,2.8334687619822562e-14,4.616040789048692e-14,1.2748427825866492e-14,0.6570305667701177
5628,8.373994144634775e-14,7.055930510591805e-14,4.853050251315039e-14,0.6863573999376967
5629,3.594859770259591e-14,1.6968684095755097e-13,2.6199457104806862e-14,0.6534600450890139
5630,1.9387902428858726e-13,3.232090213259602e-13,1.407351212942856e-13,0.7261512470431626
5631,5.451619561691717e-13,5.211944720868108e-13,5.322419964480957e-13,0.7437619453761727
5632,4.152124540727217e-13,3.0534521235061546e-13,3.0384631318303844e-13,0.6948178177932277
5633,3.989805347020178e-13,4.989338444789032e-13,3.602743315878915e-13,0.6913837112719193
5634,7.310578980733889e-14,1.133537285921558e-13,4.676064155235324e-14,0.6940899235894904
5635,4.621590855268512e-13,6.143750038478441e-13,4.1591861037976294e-13,0.7160725514404476
5636,5.879794872938183e-13,1.119405461341523e-12,4.3806253008431465e-13,0.7468665229156614
5637,7.986644243876599e-14,5.635163398672966e-14,4.0847496312507986e-14,0.6995778267504648
5638,3.1896148836477546e-13,2.96143759452725e-12,5.320669456097585e-13,0.6191909126006067
5639,1.8791653750623977e-13,2.349302063470147e-13,1.1520745887664998e-13,0.6998019577702508
5640,4.1590046840142445e-13,2.033839746973791e-12,4.806099512755351e-13,0.6368718327605165
5641,2.2489063277279382e-14,2.6631659685402454e-14,1.3224333564957494e-14,0.6662396437837742
5642,1.689163851243392e-13,1.6144932299611336e-13,8.00960421750038e-14,0.7427529926411808
5643,8.075647137015676e-13,1.6069217059567299e-12,5.283229278835395e-13,0.7060891730943695
5644,7.762334496748609e-14,5.157727099245798e-13,5.841862765341794e-14,0.6428292579366826
5645,6.509496212989658e-13,3.817572058171861e-12,4.451680109689302e-13,0.7111046385718509
5646,2.9186455115978823e-14,9.712110855477857e-14,3.2237131398487743e-14,0.665465973818209
5647,3.419664922575448e-14,3.11658845470512e-14,1.9357053228839432e-14,0.6931864393176511
5648,5.919598145960281e-14,2.5468662347559e-14,4.565056820404064e-14,0.6892286514630541
5649,2.1254080173186648e-14,2.773061821705504e-14,1.260077212728401e-14,0.669849165272899
5650,1.8408045133826253e-12,2.172406753192263e-12,1.0408817535129083e-12,0.7453116339631378
5651,5.076465584241583e-14,4.4267185661524894e-13,3.431058276407564e-14,0.6399785011890344
5652,1.6638987111153983e-12,4.562462848198908e-12,1.4612574830358433e-12,0.7639157680328935
5653,5.699559493373005e-13,6.087155437974979e-13,5.171985166140461e-13,0.7173009039834142
5654,6.033748269268809e-14,3.88827858567223e-14,4.5295022316603727e-14,0.6947706286795438
5655,2.6819510261910515e-13,1.974807067166277e-13,1.1152036724956071e-13,0.741596691403538
5656,4.2521766795043084e-14,8.592202963069239e-13,7.952899430691229e-14,0.617661088629393
5657,2.9576179087663387e-13,4.4914339928974987e-13,1.9036639674757e-13,0.7380235735792666
5658,8.802490176480081e-14,6.013193306274168e-14,5.851263052145727e-14,0.6941750449128449
5659,3.5059133906285428e-12,2.264129147788278e-12,1.8544474089654412e-12,0.7004810421029106
5660,5.853535443621892e-13,6.163068157376207e-13,4.973695413232288e-13,0.7148088163463399
5661,4.27773402465563e-13,5.377940862991029e-13,2.639497653246383e-13,0.7327952331863343
5662,2.6464143646033983e-13,1.9996436241362466e-13,1.5002466719267717e-13,0.7455669039860368
5663,9.131348174626362e-14,9.522743519321377e-14,4.148269790706144e-14,0.7053683399455621
5664,8.590307832108419e-14,3.667163462274652e-13,7.913032070085588e-14,0.6591087203938514
5665,2.127859817438998e-14,3.822463491724884e-14,9.928132403215494e-15,0.6873842900735326
5666,1.0871421597281507e-13,1.7924849578696137e-13,5.2131592855637904e-14,0.6678155664121732
5667,2.9614208784632326e-12,5.72356196413788e-12,3.5041433129102625e-12,0.7031521588098257
5668,3.579141072663278e-14,1.119047842355251e-14,2.162391794806284e-14,0.6963482887018472
5669,2.99405091491999e-12,1.3520375216101409e-11,1.6194969330593101e-12,0.7092223539948463
5670,2.666223348201404e-13,1.9776099938305236e-13,2.3048578333279413e-13,0.6901740754256025
5671,2.3423442919151367e-14,1.6136963199073397e-14,1.4050712555804836e-14,0.6943113802699372
5672,9.50547473497007e-13,1.1815210556515938e-12,4.1580330146189183e-13,0.7630495682824403
5673,1.7619660276184134e-14,2.4638590442497074e-14,5.229020627461989e-15,0.6942794462665915
5674,2.1088957522777742e-13,1.2664820410582044e-13,1.1900570087826208e-13,0.7036946534179152
5675,2.106265594700872e-13,4.3686229426223213e-13,1.456885836327248e-13,0.6513233181205578
5676,1.0184156142710389e-13,2.0094941125259077e-13,8.094556972859006e-14,0.6970882622990757
5677,4.924909202498811e-14,2.4888647401402656e-13,4.422024979961098e-14,0.6486026539001614
5678,2.5561504351629567e-13,5.123520324546678e-13,1.5707922551397045e-13,0.6919705490348861
5679,6.158115288426207e-14,2.4092387306006786e-13,3.358627586866252e-14,0.6508293369202874
5680,5.999399962450524e-14,8.762305744743819e-14,5.389523995518081e-14,0.6873214577557519
5681,3.2753171550142744e-14,8.223435717055784e-14,7.73259018582381e-15,0.6978723970940337
5682,8.37601271937256e-15,1.1605004671829453e-14,3.72028602909358e-15,0.6926193774677813
5683,8.235267856827648e-13,1.3789052769270854e-12,4.325539372863659e-13,0.6598826592322439
5684,1.940592030495791e-13,3.0332411136522827e-13,1.9907964398064957e-13,0.6906593523221091
5685,1.6917510082973336e-14,2.324448478118041e-14,7.719313458440906e-15,0.6949440566822886
5686,2.1560766198372208e-13,2.854461109524644e-13,2.325637699540011e-13,0.63702626908198
5687,7.301709566716999e-14,6.571413953069764e-14,5.936085172500728e-14,0.6872245618142188
5688,9.766175469371256e-14,7.042818929100193e-14,7.79287721543825e-14,0.6949803349096328
5689,2.8521915958381185e-14,2.265454765923907e-14,1.540086460637668e-14,0.6815932355588302
5690,3.587403024430198e-13,6.66983349468034e-13,3.689043008242887e-13,0.651822734635789
5691,5.713082297880906e-14,7.514381263181172e-14,2.973091515429577e-14,0.6712860633502714
5692,3.713024676862896e-12,3.874582056378499e-12,2.8004873663189774e-12,0.7637844610959291
5693,6.094230919545487e-14,5.733069279170733e-14,4.572237957186583e-14,0.6989460492273792
5694,1.1352879449144884e-14,2.5358022213289307e-14,3.9671511560611256e-15,0.6723644110024907
5695,9.2650325592604e-14,1.2329926948432098e-13,6.736636354002886e-14,0.662872062169481
5696,1.6150622421517274e-13,1.2082096388150046e-13,6.381121848282741e-14,0.7090709655079991
5697,8.295180422911394e-14,1.3953602526484757e-13,7.359025102448273e-14,0.6976289849495515
5698,3.0505218876457444e-14,3.62057216728702e-14,9.585871306453905e-15,0.6988753487821668
5699,5.0421314431650177e-14,3.055067772193154e-14,3.2322648911752975e-14,0.7045660006348043
5700,2.9456495405018065e-13,2.458246241774272e-13,1.9972013357683075e-13,0.7153981551527977
5701,1.4833449269365825e-13,5.554413687191233e-14,4.409039692816274e-14,0.6922348015243187
5702,2.6085778791440107e-14,2.8386174731474948e-14,1.4739010834211484e-14,0.6852983677061275
5703,7.349746194006882e-14,8.197235406833137e-14,5.623974026131586e-14,0.6939686340745539
5704,1.9633083281256064e-13,1.6417052531269848e-13,1.2754348698387454e-13,0.6664347202400677
5705,4.4652984876205027e-14,2.646023111795878e-14,1.7540632261337725e-14,0.6932806966826319
5706,7.290220602300684e-13,5.409240014636752e-13,4.979759193867113e-13,0.7095049598487094
5707,3.445072991474987e-14,3.9392059337866865e-14,8.005520580029005e-15,0.6950526107568293
5708,1.000901520416742e-13,1.2482861643193298e-12,1.167889886563234e-13,0.6200699700857513
5709,5.81320385043674e-14,1.1375762257037508e-13,4.66492993064256e-14,0.6804923004005105
5710,4.6213968071592306e-14,4.80085990693356e-14,4.221153764840207e-14,0.6954062561271712
5711,5.85199913468771e-14,1.2761622937493027e-13,6.929631032290784e-14,0.6376833001966589
5712,5.35068795995529e-13,5.027737322142355e-11,1.6306284797913436e-12,0.6027508018305525
5713,1.0594425651572195e-13,2.285026534885667e-13,8.480232340836102e-14,0.6793577403412201
5714,9.091485764772546e-13,1.3829268506955311e-12,3.7966745938111584e-13,0.7438884109258652
5715,3.940450880049131e-13,1.491500891029677e-11,8.064655611280192e-13,0.6103480061748996
5716,4.0717452208091025e-14,4.2908771343618745e-14,2.70777719514471e-14,0.6798429047805257
5717,1.184971208182231e-13,4.565130560665358e-13,6.448679790808091e-14,0.7199232463026419
5718,2.288725364973179e-13,4.035549659313996e-13,1.6122156763861208e-13,0.6527061680681072
5719,8.697601826814943e-14,1.0233633124270237e-13,6.686504015840949e-14,0.7110415458679199
5720,3.4870635585799747e-13,1.375102917523943e-12,4.1155670574503893e-13,0.6773516335873865
5721,1.196823209755401e-13,2.215357177733491e-13,5.6206995045615017e-14,0.7016194347757846
5722,2.9109616533062533e-13,4.265921924356937e-13,2.727803647109095e-13,0.6843470334773883
5723,1.417887002268551e-13,3.76226329375644e-13,1.3253941008705503e-13,0.6915922090411186
5724,7.681327700652969e-14,1.0190476631452356e-13,3.9087352856564474e-14,0.7036602133652196
5725,5.922184665629884e-13,1.4656219261925148e-12,6.326312733598977e-13,0.7578202612698078
5726,2.782099117808907e-12,3.761686990392575e-12,2.0776494657963016e-12,0.6955418585799634
5727,2.7898333614241425e-13,3.4153740824831896e-13,2.205433475469512e-13,0.7292966823792085
5728,1.5433543484324917e-14,1.6354408017213708e-14,9.6867922659935e-15,0.6946402159752324
5729,6.513076540264168e-14,4.4164244878863463e-14,3.940202837937556e-14,0.7151240312028676
5730,1.257039025178189e-13,4.987918714602862e-13,1.1240991032134153e-13,0.6774236706434749
5731,1.3053348724434012e-13,1.6443008395966828e-13,1.2243201798271876e-13,0.6901698542293161
5732,4.526309952674878e-14,7.377237368672467e-14,4.578934216453066e-14,0.7038166814716533
5733,9.060199791235741e-14,2.9397076736501284e-13,7.345776005009327e-14,0.6762241096468642
5734,1.4174557284278923e-12,2.8718232781260925e-12,1.108077421797741e-12,0.7126098435604945
5735,3.5019947837670056e-13,4.1696263743333354e-12,4.04482023394307e-13,0.7215851783752442
5736,1.6979381673712335e-14,1.503789167897417e-14,7.526245023558431e-15,0.6996705212863162
5737,4.516371348623794e-14,6.015943304399604e-14,1.9319374719624432e-14,0.6962635108735412
5738,5.084243805791689e-14,1.6077799016054952e-13,2.4268944039927915e-14,0.6825834822142497
5739,4.6959754644833316e-14,8.312104534052483e-14,3.2900640833543876e-14,0.7018227793974802
5740,3.929846913222269e-14,5.924653605662276e-14,1.4377051349990755e-14,0.6933528625871986
5741,3.882748352436315e-14,7.650658276160424e-14,2.543512636322975e-14,0.6930715901544318
5742,1.8067484357822636e-11,2.5117995146506956e-11,1.2046996865243816e-11,0.6960520426509902
5743,2.4541860751950616e-14,3.052440019480469e-14,2.0115872599687616e-14,0.6922362565761432
5744,2.3033495695836956e-14,3.0986311711124896e-14,1.45568466299115e-14,0.6789321837248281
5745,2.5094551215285947e-11,5.151359444536449e-11,2.6226734863337748e-11,0.7511563706677407
5746,3.181988328038887e-14,2.510321951012377e-14,1.9668119895480702e-14,0.7037709907395765
5747,3.448211259027345e-14,6.146380352202454e-14,2.994684283191684e-14,0.6727686646860093
5748,1.4146273897179064e-12,2.359619567808277e-12,1.1893143993596215e-12,0.7591585813090205
5749,3.4711858054845434e-13,6.494924547270954e-13,1.9751142031959215e-13,0.6605306280776858
5750,4.821899892327044e-14,4.853399764487561e-14,2.124392394368191e-14,0.6875823953421787
5751,8.53220515745904e-14,1.2585245075658942e-13,5.074933425567956e-14,0.6249286777805537
5752,9.937257493166193e-14,1.5447617786522861e-13,9.170871786081584e-14,0.6898087008856237
5753,2.3911561266464407e-13,3.374670147614783e-13,1.55249474271016e-13,0.7333378288196399
5754,2.1098426347089637e-14,3.2774931121662765e-14,8.98802219954712e-15,0.6645604050834664
5755,3.221391788434816e-14,3.956295030582047e-14,1.8307857844341664e-14,0.6818359544617124
5756,3.8100407368065023e-13,4.13655619795011e-12,4.996389091095396e-13,0.6115675444656518
5757,5.494870925113055e-14,5.79360882357437e-14,3.529940269030925e-14,0.6941792906727642
5758,2.296479268862434e-13,2.920674790367422e-13,1.2554092570006164e-13,0.6825143843889236
5759,3.3062330232535136e-13,1.1332658630840466e-12,2.3132077247065376e-13,0.6820363505044952
5760,1.938425311397706e-13,6.205064923029096e-13,1.650617602040332e-13,0.7257675188826397
5761,5.2590732610246654e-14,5.049475915318536e-14,3.041680641652211e-14,0.7069051968166604
5762,2.4618892716867165e-13,2.584031860049707e-13,2.083354690122573e-13,0.6874158350750804
5763,1.48579039444322e-13,1.906101804808896e-13,1.1154202018000455e-13,0.7109961220528931
5764,2.538228868404956e-13,6.2696249967510775e-12,1.6719332007588372e-13,0.6344371760264039
5765,1.373893742819096e-13,1.031479646651862e-13,1.1488797280373682e-13,0.6645567569881677
5766,1.3798388059341855e-13,7.658649808609683e-14,8.408856760872482e-14,0.6954577441560105
5767,8.719377459091927e-14,6.187375520491758e-14,2.6030804941227806e-14,0.6835952948196791
5768,7.234632982081742e-13,4.823529926138056e-13,3.1331416179632455e-13,0.7208504166919738
5769,5.914267259860878e-14,4.044129562966796e-14,3.0537653361569084e-14,0.6936558678047732
5770,5.3640491767403786e-12,5.119152139245419e-12,2.669697175530759e-12,0.8040283693000674
5771,7.305024567847763e-14,1.1076628272668898e-13,4.346864619454311e-14,0.6659794328967109
5772,3.110595141669299e-14,1.9536457705112606e-14,1.2605308886763808e-14,0.6888746002106927
5773,1.2044491610008268e-11,1.4382933875419747e-11,7.920178776591823e-12,0.7567491924390197
5774,1.3849904673226668e-13,2.5415778145114633e-13,8.43165772201157e-14,0.7078517817659303
5775,5.566149870261977e-13,6.102599779069586e-13,5.372064150696375e-13,0.711936027975753
5776,2.270464459600728e-13,3.220200450154963e-13,1.789285691814832e-13,0.7316743796458468
5777,5.791413070376032e-14,7.606890647537843e-14,2.5411913506823295e-14,0.6662635416025295
5778,5.8602437718547e-14,9.834069005770968e-14,5.402730030592327e-14,0.7078389450674877
5779,2.091240536603032e-13,3.2557112836098194e-13,1.6217394373998844e-13,0.7035879756556824
5780,4.950218978013518e-14,1.0499869863931917e-13,1.9876238649359372e-14,0.6533688445226289
5781,1.9861522667930785e-13,6.71817357250313e-13,1.957344263600828e-13,0.7017906032502651
5782,6.671134791705853e-14,9.821127500808316e-14,5.6457650932820246e-14,0.6721045102691278
5783,2.9239010750162354e-14,4.372262899828819e-14,2.1604638680439132e-14,0.6969683311181143
5784,1.3479981163282632e-13,1.9042593476036714e-13,1.1988017931356897e-13,0.7177430085837841
5785,5.443060925801838e-13,6.351104012988508e-13,3.2390980228433864e-13,0.6950019058072939
5786,1.74276859218362e-14,1.2054751291808326e-14,7.687334268728153e-15,0.6944994403049349
5787,1.4271308088672414e-13,1.3839781382958252e-13,8.386152527977488e-14,0.6944731626426801
5788,1.062630451550828e-13,1.4840778804775049e-13,4.6929922875233005e-14,0.6934233583277092
5789,6.875661322083411e-14,7.175714742838539e-14,5.42239292376255e-14,0.7181054559769109
5790,4.3892983293829245e-14,8.082545093743987e-14,3.1929549904905855e-14,0.6862536654574797
5791,5.643257740977653e-13,5.284916491479652e-13,4.815365885875473e-13,0.7437381318304688
5792,4.688658094041346e-14,9.629295165963165e-14,3.66796805561377e-14,0.663884038652759
5793,1.2291330600754353e-13,3.0453896287952276e-13,8.000045586648019e-14,0.6537635656772182
5794,2.7840944862938568e-14,2.9713760948062577e-14,1.0026796319607821e-14,0.6995063192909583
5795,3.674132158201717e-13,5.672967826200315e-13,2.4998929896837726e-13,0.679373332974501
5796,1.7707477656235117e-13,2.2187115283350413e-13,9.498899903199878e-14,0.7414734285324812
5797,2.2384158566171048e-13,2.3811860917197427e-13,1.75085455162396e-13,0.7260029501281678
5798,9.428386418010643e-14,8.584225248752914e-14,4.007484865930159e-14,0.7054357772460207
5799,6.090132913670469e-13,5.296422832209635e-13,4.797846151625729e-13,0.6580196026829072
5800,2.3077183301111332e-14,3.59123674694314e-14,1.607507025946231e-14,0.6760755987954326
5801,2.9282711353971007e-12,7.062999525960267e-12,1.3946293528559838e-12,0.6752232796512544
5802,4.897491011702185e-14,4.425810182534408e-14,2.1104623350652182e-14,0.6770029729814269
5803,9.262325824377385e-14,4.5062413179375857e-14,3.788215993427131e-14,0.7077896276023239
5804,1.2333411338549782e-13,1.0026543073745357e-13,8.440345575128e-14,0.6888038630131632
5805,5.052669292218961e-13,3.350163624890226e-13,4.4145784499397623e-13,0.6748309824732133
5806,2.3586085676401354e-13,2.490588739893442e-13,1.966116052776277e-13,0.6785323476418853
5807,6.52658467225734e-14,6.868031324600364e-14,4.453801592948455e-14,0.6822050804970786
5808,4.659795102790496e-14,9.56559704191063e-14,1.684920256399056e-14,0.693432298535481
5809,1.9816049757369557e-12,1.27515400078842e-10,5.0550599864342804e-12,0.613057598163141
5810,1.452867899002914e-13,4.084380722207533e-13,1.0164328648875074e-13,0.657472621370107
5811,1.01985295863116e-11,2.3288644796499705e-11,6.855979755633522e-12,0.7520552693866194
5812,4.698927773224113e-14,5.059935468375561e-14,4.034663367197926e-14,0.7077772767283023
5813,3.134069174742481e-13,3.3830267104525385e-13,2.630801682431932e-13,0.7562256147153675
5814,4.71370300976396e-14,1.9905131826681376e-13,3.4581337271696035e-14,0.6574846118222922
5815,1.1651988266410434e-12,2.8426743405277845e-12,1.246197885173267e-12,0.76888312920928
5816,5.521170976621541e-14,7.91383055028368e-14,2.434264836426988e-14,0.7061808819882571
5817,4.0382456830169847e-14,6.018100723157599e-14,3.779042566705251e-14,0.6661328364280052
5818,4.03370446098109e-13,5.26072812468369e-13,2.4205068742179706e-13,0.7023064923705533
5819,4.103262367520921e-14,2.79198128870588e-14,2.6853406890789423e-14,0.6951061740051955
5820,1.489634645956359e-13,2.2913737373993687e-13,8.680071327783935e-14,0.6944560372037814
5821,1.8336231443007176e-13,1.9795405872266088e-13,9.864194302203115e-14,0.7260871555190533
5822,1.9453858696146696e-14,1.0270353923925251e-14,1.3677948693734417e-14,0.6893472845898941
5823,1.1055322783473427e-14,8.709267783501319e-15,4.184361451557398e-15,0.6806243089609779
5824,5.450902084585989e-14,3.509499841668268e-14,3.909177248784424e-14,0.6762068931944668
5825,5.081532952972524e-14,1.0409992026468925e-13,3.685335264973551e-14,0.6640938849537633
5826,4.144277341481134e-14,4.68410501185125e-14,2.8108641781987003e-14,0.6799922564881854
5827,1.0940406267828287e-13,1.2845156892841797e-13,8.849008046416823e-14,0.7121843721950427
5828,3.9445994967873463e-13,4.0743978401885856e-13,3.368102970607182e-13,0.7189760378329083
5829,8.154692110155207e-12,1.9341546130568875e-11,1.056445586536461e-11,0.6820484141469934
5830,6.319424405069031e-14,1.1199390560505763e-13,4.753841903049867e-14,0.6830576864769682
5831,2.6400122924652083e-14,3.289976862518299e-14,2.249026130884253e-14,0.6996957789640874
5832,1.5299729523212485e-13,2.298985761426615e-13,1.9050240294414668e-13,0.6900665785185993
5833,5.417485323208073e-11,9.914710059220337e-11,5.71508082005333e-11,0.7605094833299517
5834,1.6676969472156094e-13,9.054651851927108e-13,1.5042815089633631e-13,0.641480368480552
5835,9.399097652656246e-14,2.8498380459335145e-13,1.0404533195676799e-13,0.6371235528611578
5836,1.4436157932094053e-13,1.0825583096559208e-13,6.991284844656214e-14,0.7232364598428831
5837,4.057611250477105e-13,6.938288186404318e-13,4.029416461143399e-13,0.738764026388526
5838,2.966170914295643e-14,4.816894043508196e-14,1.966709041057038e-14,0.6559464946971275
5839,1.3288626448792985e-14,1.436810158790252e-14,7.36128418509691e-15,0.7014616544591263
5840,6.945647929936004e-13,1.3553459573190901e-12,5.909589405418317e-13,0.7145007628016173
5841,1.0408679910297638e-13,1.3020118508622833e-13,7.887423457681965e-14,0.7117507221875712
5842,8.586798948159778e-14,2.7497624338377455e-12,1.2034815703978134e-13,0.6331942395481747
5843,3.9512146262974424e-13,7.812657963066529e-13,2.724469437322449e-13,0.7250439217314124
5844,2.917596670533574e-14,2.20804032092681e-14,1.8934722448554805e-14,0.7056409622076899
5845,4.810373321704454e-14,4.226387852029023e-14,3.461764258995249e-14,0.6730421540909447
5846,2.769534785034581e-14,4.7758200721715216e-14,2.396219402456177e-14,0.673007563163992
5847,1.0576462923655244e-13,1.2145963088608893e-13,1.0056562317882768e-13,0.6881874042097479
5848,2.658696682781053e-12,2.090515816501708e-12,9.80114840475116e-13,0.7798538602888584
5849,9.558211820483988e-12,3.0662192751776047e-10,1.218166701008476e-11,0.6642383032012731
5850,1.5597126663275445e-13,2.1340571346446417e-13,1.3764902432949975e-13,0.6705418242607266
5851,2.8366934617416054e-13,7.409800899188597e-14,1.556872807326907e-13,0.6942324625561014
5852,7.952086010952835e-14,4.10191528689571e-14,3.4029131555242354e-14,0.6872215046547353
5853,2.7440690968166083e-13,6.295482351527482e-13,2.7766229005509206e-13,0.6493332889280282
5854,8.71560376557022e-14,6.872377967946091e-14,7.5086983411037e-14,0.6997797403251752
5855,1.1962957764012486e-13,8.959766973470034e-14,8.136195947458208e-14,0.7064805255504325
5856,8.795517017654736e-14,2.923377669053556e-13,4.175333562798083e-14,0.6458113075699657
5857,1.0207628100334246e-13,4.334412878234877e-13,4.712748892323504e-14,0.6471204622182996
5858,6.689284400780512e-12,7.278039943899014e-12,2.6350021450233656e-12,0.7340784145984799
5859,3.024197839457319e-13,3.133844562087233e-13,2.401695503029086e-13,0.6806011485285126
5860,1.5829343474552793e-13,1.7757349271735527e-13,1.3032403806548965e-13,0.6657879904145375
5861,7.550374854144401e-14,1.6243589402243281e-13,4.307997112941631e-14,0.653929272654932
5862,3.021102889911291e-14,4.3760920798158703e-14,2.0915265287387248e-14,0.6823997235158459
5863,3.168302861256453e-13,1.8805638870491354e-13,2.6108219050769836e-13,0.7011409234255552
5864,1.973356377025712e-13,1.741131359306741e-13,1.3075396890938206e-13,0.6620741916471161
5865,3.297870368072204e-12,2.6082000395691682e-12,1.5922589236873424e-12,0.7302903194213286
5866,3.486193665425179e-14,4.224412544987149e-14,1.4230637491009606e-14,0.6710922586149536
5867,5.6311845207053216e-14,7.4449471063085e-14,2.5561034463949846e-14,0.6890609270893038
5868,4.228015263525697e-13,1.052257220793658e-12,2.619947422164516e-13,0.6620385096757673
5869,3.787374766607436e-14,3.359039496869994e-14,2.6167214728236298e-14,0.6979915461037308
5870,4.2149576563993886e-14,2.086988453707547e-14,3.1954542205357976e-14,0.6907686779275537
5871,4.2156341269813175e-12,2.6291729662802395e-12,1.7872446455629566e-12,0.7626391543075443
5872,2.6040301634624738e-14,5.6381719856374974e-14,1.3711512218262329e-14,0.6593758167582564
5873,7.41984436433627e-14,1.0576998525622428e-13,3.8803252487990837e-14,0.6936276998370886
5874,4.833318210646592e-14,1.2869077026470335e-13,2.92780390318664e-14,0.6441950258682482
5875,7.517704755770593e-14,9.759379392028139e-14,6.037620268909398e-14,0.7015525570837781
5876,6.710793811011924e-14,7.656760298373436e-14,4.436296781205914e-14,0.7083976045483723
5877,6.072637156308469e-14,1.5590690323536807e-13,3.7546906508290594e-14,0.6475698341149837
5878,4.433288555566863e-14,7.040494968224108e-14,2.87450931402481e-14,0.6832329550292343
5879,4.614136966958639e-13,6.615848777768752e-13,2.913180776190252e-13,0.7702013207599521
5880,2.1792560675142577e-12,1.5730442611248596e-10,5.765334052367978e-12,0.6088611961400602
5881,5.790489947961664e-14,2.4950904159527963e-14,2.983697618269356e-14,0.7025432941969484
5882,2.2647992258274426e-13,1.4627450806418035e-13,8.698747363107572e-14,0.7088509120279923
5883,2.68384443034093e-14,1.3936002942080105e-14,8.73038735780019e-15,0.6916988611454145
5884,5.89037759399809e-13,4.420263379112001e-13,1.9458177628245842e-13,0.7261505336733535
5885,1.3271165279781474e-13,1.4116335826792717e-13,1.0307089330252375e-13,0.707760942936875
5886,8.89787572117427e-14,8.831303363809917e-14,3.591813690575242e-14,0.6824945231550373
5887,1.1234649118541628e-13,1.126463010013389e-13,5.844847559017053e-14,0.6732744823792018
5888,8.380894621798722e-14,8.711814833211888e-14,5.807424383130876e-14,0.6834728060755879
5889,1.252411483098519e-13,7.413823508498682e-13,9.01011540656308e-14,0.6473628868465312
5890,9.721382014001832e-14,7.881379008961893e-14,7.716043484196636e-14,0.6755399639834649
5891,2.606915226934644e-13,2.049405999843249e-13,1.5579240048921148e-13,0.7542346630245447
5892,1.6497056543861668e-13,2.9397315611901625e-12,1.8774770878198468e-13,0.6189395405817777
5893,2.327077928571996e-13,2.620425473455202e-13,1.1337270383353472e-13,0.6754107671091333
5894,2.9243000317745665e-13,1.2855523986710347e-12,3.2353225205569576e-13,0.6293542398721911
5895,7.85298851791444e-14,6.439451683530266e-13,7.660253758840043e-14,0.6356173224165105
5896,4.0581020119359757e-13,3.8469709492366514e-13,2.497873027565395e-13,0.643834919994697
5897,1.1564469934360232e-12,1.1871573830049893e-12,8.940613296212289e-13,0.7433083684183657
5898,5.36088015520054e-13,2.577925911703609e-13,2.83370510537352e-13,0.7152331048157066
5899,6.875874314047867e-13,6.620070855094135e-13,6.02980772424153e-13,0.7247770675225184
5900,1.7688949939736875e-14,8.402342516621165e-15,6.794186803216253e-15,0.6949300868436694
5901,1.6708548972195974e-11,1.0670151351978879e-10,1.2018452951631663e-11,0.7153854300966487
5902,7.940667533676497e-13,5.908098732513074e-13,5.476974222459464e-13,0.6965512588387355
5903,1.5869405489288247e-13,2.096313664369189e-13,1.3155836373463485e-13,0.6690066116279922
5904,4.890063785901794e-14,9.244396676393664e-14,2.9464745469464086e-14,0.6653853926574811
5905,7.966754965521384e-14,9.953575023331824e-14,4.783511325618187e-14,0.708729642140679
5906,1.2814066571768651e-13,1.7362773140130945e-13,9.151179858903128e-14,0.6578280134941451
5907,6.386554842239197e-14,5.688365245348341e-14,2.9006863144870396e-14,0.6854958634939976
5908,1.9403193409672626e-13,1.8842239231533372e-13,1.719436895825069e-13,0.6973212727345526
5909,1.070516573831393e-13,7.20737411913184e-14,6.18380676184454e-14,0.7158366666873917
5910,2.212879452496961e-14,7.367357704684706e-14,1.2856935105436543e-14,0.6737565556541085
5911,4.615625623763887e-14,9.721587810797342e-14,2.976092505106683e-14,0.6760288527584635
5912,3.3234771202594374e-14,2.1956037894817703e-14,1.6681424814662997e-14,0.7078728419030085
5913,1.3522304705983556e-13,8.840340919029077e-14,8.829672353622101e-14,0.6912164790788665
5914,9.36010594850426e-13,1.686621990715368e-12,2.7138393805645244e-13,0.6952152660815045
5915,2.0669111219017547e-14,4.397131537485148e-14,1.4660277859761374e-14,0.6876747872913256
5916,1.0632644332906759e-13,5.325308340323674e-14,7.29854697239159e-14,0.6814879552461207
5917,4.624848747024523e-14,7.930123048035163e-15,2.4281662633266248e-14,0.6842321626259945
5918,3.885826440722291e-13,7.110546252111985e-13,2.434310844505156e-13,0.6802512199152261
5919,4.2952028515085365e-13,2.864468942887279e-13,2.4951008782486955e-13,0.6721828013658524
5920,5.753203486196925e-13,2.0813005093051043e-13,2.353531081255712e-13,0.7319099845364689
5921,3.3617955918277945e-13,3.110958327664232e-13,2.3134013960839683e-13,0.7159402295947075
5922,3.0672328426370423e-13,1.359152481775586e-13,2.1367742991809948e-13,0.7083153026178479
5923,8.874319615660647e-14,9.364706433506778e-14,5.885575645784704e-14,0.6569960472756066
5924,1.8015154071875363e-13,9.497752825182965e-14,6.986341469157734e-14,0.6940341638633981
5925,2.9480532302641005e-14,1.7145325312008373e-14,1.7558639578797125e-14,0.6927610223880037
5926,8.400619921849195e-14,6.305287549194578e-14,2.4313388013876172e-14,0.713821384543553
5927,3.792626799343189e-14,4.101133381991531e-14,1.456494873412863e-14,0.684171246807091
5928,8.891844474435793e-13,1.1398713022944825e-12,5.580070255610362e-13,0.7260223519289866
5929,4.361467314758475e-13,6.766655727285725e-13,3.5245053101992447e-13,0.7005036233458668
5930,1.2822143424972603e-12,3.3586649025565395e-11,1.1694012264033583e-12,0.6494654830661603
5931,1.2510257640168397e-13,2.1147575484375332e-13,6.000019843386745e-14,0.7199413679074496
5932,1.0013650611767106e-13,9.082479042200828e-14,6.11774192109028e-14,0.678940771217458
5933,1.8768818288376355e-14,1.3403933918961122e-14,9.059080492664551e-15,0.6938168851193041
5934,2.5894153233434955e-13,3.7784113069616444e-13,1.7236205779754977e-13,0.703540185210295
5935,5.091702128716144e-13,4.639282172175158e-13,4.4509498268236064e-13,0.7092180624837056
5936,5.300458661659265e-14,7.555739444636027e-14,1.864412337408027e-14,0.6761469543795101
5937,1.495982917992203e-13,1.8451445945026012e-13,1.2708322619472824e-13,0.6753411544370465
5938,3.335881638913922e-14,3.0506418532313363e-14,7.50267988329846e-15,0.6990252747898922
5939,3.8017896189253523e-14,2.3237517086937766e-14,2.2399791901437315e-14,0.6975173661950975
5940,1.9034347103253228e-13,5.801840924524008e-13,1.490406964100327e-13,0.7231500734807923
5941,4.110284027226957e-12,4.216699507427044e-12,3.397235287047165e-12,0.7692813354544341
5942,1.4839900145133812e-13,2.283204803365306e-13,6.749486028475355e-14,0.6884649617248215
5943,1.4104090424494418e-13,6.109639404879324e-13,7.201056368911267e-14,0.6282572882482782
5944,4.3677048532714624e-14,6.961405554781267e-14,2.6091096335417135e-14,0.6846056377282366
5945,6.252346943081399e-14,8.854138700750365e-14,2.959951256707728e-14,0.6974947886308656
5946,1.8499189636462935e-12,1.3837397342894485e-12,1.004669069671147e-12,0.6947770365281031
5947,7.749007530805696e-14,2.477269174149619e-13,2.8587586892562156e-14,0.6772949685924686
5948,1.0557920489160415e-13,1.473481205274617e-13,5.24837110837241e-14,0.7406155060511083
5949,5.44432374136317e-14,3.164554855008227e-14,2.4735679472916792e-14,0.7120903542498127
5950,2.1409493881977232e-13,6.01381725388636e-13,2.1464227949560433e-13,0.6480316542787478
5951,8.949971473086892e-14,1.276247105995773e-13,7.504808987489588e-14,0.6850794912315905
5952,1.4633524673100675e-13,2.7326596189479197e-13,9.138122882573874e-14,0.7091600760119036
5953,1.0507111267370911e-13,1.425965276837801e-13,9.204821347116306e-14,0.6950066574849189
5954,6.179587291246439e-14,4.762122597546512e-14,4.229927738201064e-14,0.7016914357664064
5955,3.5138426604859337e-13,3.648395337664312e-13,3.0984723523298017e-13,0.7049486314877867
5956,7.201699426217486e-14,4.574446029055326e-14,4.722473521299392e-14,0.7044216066133231
5957,6.72100115666038e-13,7.965081702480897e-13,5.384648287048636e-13,0.6828059914987534
5958,4.4965684428312815e-14,4.8586866544987043e-14,3.300230519423349e-14,0.683716059057042
5959,3.41418740547106e-14,2.1587833306320033e-14,2.1299292747093967e-14,0.6891550192725845
5960,9.534762787931274e-14,7.363268224221072e-14,6.785334892666439e-14,0.671598679118324
5961,5.970544875091772e-14,6.77672678422231e-14,3.9695333116388524e-14,0.6775249814498239
5962,1.0929546865665229e-13,9.489531865517141e-14,6.197075200297645e-14,0.7066544793080538
5963,1.3618638951657386e-12,2.6632226641306597e-12,6.664762306011456e-13,0.7640524111688137
5964,7.484874489474696e-14,5.942868053378417e-14,5.270081450592783e-14,0.693574447487481
5965,7.394024930508309e-14,8.551976387378544e-14,3.6062484266840936e-14,0.6839515226660297
5966,3.9942893979643496e-14,3.7687602783424036e-14,1.4804818117431858e-14,0.687986668094527
5967,2.3579695630345455e-13,5.116889114276358e-13,1.880975516701352e-13,0.6777503356337548
5968,2.646243429387191e-13,2.6210266260165303e-13,2.227954793194171e-13,0.7539611504413187
5969,2.0767880274262526e-13,1.4561228604651695e-13,1.519166382649103e-13,0.6932715888367966
5970,1.2080316819052264e-13,2.316788111618047e-13,6.305479321565976e-14,0.7256150120869279
5971,7.339644227385958e-14,3.210036394844191e-14,4.907313355875207e-14,0.7008959990693256
5972,1.158486582695057e-12,8.515647588200011e-13,5.06449399604327e-13,0.7403369752690196
5973,9.201179573671893e-14,1.3161075977038435e-13,5.302328249332292e-14,0.6896285363705829
5974,9.010892395487087e-14,4.489861166478529e-14,6.107821796091435e-14,0.7005191862117499
5975,1.819549655797471e-13,1.5320484145137556e-13,1.465594116594277e-13,0.7029882966540754
5976,1.2011881725010306e-13,3.3274506092743125e-12,1.3643108797131642e-13,0.6284589145041537
5977,5.517092781313438e-14,8.864889233936865e-14,4.8010819432468915e-14,0.6798243390978314
5978,5.210745657984182e-14,1.0703922652302175e-13,4.623085380026029e-14,0.6512347691808827
5979,2.5543328189859677e-13,1.9074489285896603e-13,2.0284273028754684e-13,0.6920953228371218
5980,1.2328135689200184e-11,3.463334821357609e-10,1.2397414273916035e-11,0.6344566969026346
5981,6.414755938590423e-14,1.1378487163660579e-13,3.921501902432756e-14,0.6772002394427545
5982,1.2445282295820995e-13,1.9880001306947975e-13,1.0701539634339365e-13,0.7025009423028677
5983,3.641764365387398e-14,5.79961406290489e-14,1.862941030717152e-14,0.6690190295223146
5984,9.795221941419913e-14,1.8971122996123962e-13,1.0649568288802377e-13,0.6476353044155985
5985,8.57742661906189e-14,7.215265877376433e-14,3.9799090881995475e-14,0.7088081871857866
5986,2.998310506453785e-14,7.445538494874758e-14,1.8870230150056085e-14,0.6864489557687193
5987,2.472612055212875e-14,3.77038505124481e-14,1.4992599072273363e-14,0.6939335388597101
5988,1.2414763936587124e-14,1.2326315931079558e-14,7.999412740790128e-15,0.6942446877714247
5989,5.1989242177627544e-14,7.366743200413108e-14,3.103455287177564e-14,0.7225123721174895
5990,2.868895975163452e-14,3.7843204988224834e-14,2.092057112344663e-14,0.711457064282149
5991,4.943579704827396e-14,1.0662242855401514e-13,2.6803267794247858e-14,0.6859323612647131
5992,6.734368467858956e-14,1.2762972307180738e-13,5.460159253481756e-14,0.694532283814624
5993,1.950025489743644e-14,2.684408826836078e-14,8.51879223712292e-15,0.6817989368224516
5994,5.980216396563669e-14,8.079397523856856e-14,3.318379840761205e-14,0.7106851810589433
5995,1.3118350807133926e-13,2.1567513220896614e-13,9.761203876814241e-14,0.6694026244804263
5996,2.7451910562715514e-14,3.5614735641833305e-14,1.908623810410581e-14,0.6812369340565055
5997,5.849694208041033e-13,1.831299122116841e-12,3.9194429819887405e-13,0.7603927282150835
5998,1.2490842828265777e-13,9.811444350326904e-13,1.2003363783133723e-13,0.6449578939238563
5999,4.533665711612839e-13,4.245511589928114e-13,2.4032370551020983e-13,0.7196933275554329
6000,8.788378208492191e-14,2.2467021781655464e-13,6.806791023887335e-14,0.6833727941499091
6001,5.605021644242733e-14,7.108450958672092e-14,4.263316023326346e-14,0.6904119439888745
6002,8.393361240094749e-14,2.53944821011396e-12,1.2357277634133792e-13,0.6241513106739148
6003,2.769625814880683e-14,3.3722100564933625e-14,1.6101904785631066e-14,0.6645947747048921
6004,3.6413254237121173e-13,9.478328384048508e-13,3.281054231256259e-13,0.7262318601831794
6005,3.672231972270307e-11,2.5321051093013825e-11,2.5572732923126444e-11,0.7836789701133966
6006,1.2414225440832752e-11,1.4138444426375343e-11,1.1438013044995673e-11,0.7536463838536293
6007,1.384831630615443e-13,1.60812617489334e-13,1.0972969634075132e-13,0.6920605836901814
6008,6.57453960686118e-13,3.14863601722613e-13,4.764495638841768e-13,0.7156379790743813
6009,5.0684994855483044e-14,3.744844250575464e-14,1.3374117308449932e-14,0.6875484675983898
6010,2.612048447005497e-12,1.5170008133054527e-12,8.921708244061723e-13,0.6952370089944452
6011,4.608059334663544e-14,5.365528074737132e-14,1.168058088119598e-14,0.6677768008550629
6012,1.5268300523835832e-13,3.597231234678256e-13,8.743426205135713e-14,0.6600955844623968
6013,3.643354839793994e-14,2.8493331024785966e-14,1.8909972937756647e-14,0.7104991619242356
6014,6.57542278762094e-14,1.8376682281627334e-13,2.3202010511130186e-14,0.6738493359414861
6015,2.5374902131581738e-14,2.006031001292863e-14,1.2054399397782316e-14,0.6855632160324603
6016,2.9960023241013195e-13,2.3151304570269226e-12,2.277296370544134e-13,0.7300234882859513
6017,1.6852843745030905e-13,7.697539152424767e-13,1.1655272637197172e-13,0.6680609793635085
6018,2.0797875760983094e-12,7.620110829359703e-13,6.228609265751358e-13,0.8010857541114091
6019,1.754173849771163e-13,3.610766843362949e-13,1.5523047927167764e-13,0.687254777783528
6020,8.330906029372127e-14,6.94472945897894e-14,4.7757251977823396e-14,0.705801807763055
6021,3.828022391512852e-13,7.650606844414045e-13,2.5977435258786337e-13,0.6900103489984758
6022,2.0700166019652187e-13,6.103874471502882e-12,3.1104269857191286e-13,0.6335550835996401
6023,1.4845118745209432e-14,2.245701137176817e-14,7.727289327965403e-15,0.6691590981208719
6024,2.3462692267335477e-13,3.335087759251537e-13,9.59602305198023e-14,0.7127092317212373
6025,5.608678359433284e-14,1.0353294240232255e-13,2.4478483037281682e-14,0.6627157399314456
6026,1.0695182783928133e-13,1.5829781164757899e-13,5.377343208500513e-14,0.7019245489034802
6027,5.1091436373351786e-14,7.700325728431383e-14,4.287749283542441e-14,0.6441981764743104
6028,3.2847047031215e-14,2.3142071081402925e-14,1.8349086428911228e-14,0.6960266779176891
6029,4.7977470998892214e-14,5.628056952104683e-13,3.7375480520335866e-14,0.6328691204078496
6030,9.435595070969135e-14,5.332965489236983e-13,5.1318777754378856e-14,0.6573577443603427
6031,2.5660454474117488e-14,8.132646945189731e-14,1.3737692010374157e-14,0.6596724693197757
6032,5.5770396233914616e-14,5.175835102029552e-14,2.5174769774115174e-14,0.6776734140934423
6033,1.611281264401222e-13,3.018467483472269e-13,8.114618205928247e-14,0.7076372324023396
6034,7.178988176224105e-14,3.6673067794931917e-13,4.581282980860777e-14,0.634142576646991
6035,1.504751580748738e-13,2.0701027510067912e-13,7.220848960321207e-14,0.7377829265315086
6036,2.793588798246618e-13,2.8103712424811084e-13,2.483092338662461e-13,0.646897564677056
6037,1.3787856625997802e-13,3.0531841947819813e-13,1.1768114516693044e-13,0.6411431670421734
6038,1.9302912887722591e-13,1.6770965125472068e-13,1.0497284572531079e-13,0.6943873283686116
6039,4.603228609126766e-13,6.687337308997174e-13,2.3081318325305306e-13,0.7250786144053564
6040,2.1699311308085025e-14,3.252667533693005e-14,9.70918920373843e-15,0.6976639366243035
6041,4.280726093792359e-14,2.6929991155604575e-14,2.84498655576561e-14,0.6718230825033971
6042,5.26392071499598e-14,5.3803590332807654e-14,2.6904781665749564e-14,0.6882859335280955
6043,5.578712898730474e-14,9.645136294440873e-14,3.1384503395636184e-14,0.681914996902924
6044,5.644804988929292e-14,1.3169749029986922e-13,5.3254619919521516e-14,0.6895664917887189
6045,6.822851275911693e-13,7.804654507168187e-13,6.682246428464875e-13,0.701046315068379
6046,2.4834418855295678e-12,2.584115242824771e-12,2.1768022207130693e-12,0.6956961362157017
6047,1.1354952285367723e-13,6.413700580018935e-14,5.319664504917094e-14,0.6815093946643174
6048,7.061301601166751e-14,3.0889245847270647e-13,5.68375982824144e-14,0.6364937639445998
6049,1.3646250566352235e-13,2.9832333899972706e-13,6.592331541535794e-14,0.6642977337236516
6050,2.8957931642350075e-11,6.099944842367005e-11,1.6931904176117438e-11,0.6766411839053035
6051,1.8892616153795647e-13,2.1803069508697457e-13,1.5939697476614844e-13,0.7019275340018793
6052,7.74556556494874e-13,8.567109746908757e-13,3.379738442412742e-13,0.7090050052152946
6053,1.127533582056286e-12,6.967503287863018e-13,3.516606464485537e-13,0.7358743423596025
6054,1.6222576884899996e-12,1.5693125773207568e-12,6.645443893375143e-13,0.7666541299782693
6055,1.293475178142197e-13,1.1260311500613304e-13,7.595274929273365e-14,0.7249841656303033
6056,9.413535401988716e-14,1.18937698888145e-13,4.125096706694524e-14,0.7074427176499739
6057,6.997740724850761e-14,5.168778901216143e-14,2.7451521029290882e-14,0.6893427046015859
6058,9.842093812697393e-14,9.685627633175166e-14,6.687883048734996e-14,0.6955688280751928
6059,6.785871850811691e-13,4.1799074158506916e-13,5.078591169094763e-13,0.6908408218761906
6060,6.805556613103699e-13,4.1822928619139777e-13,2.07017308383715e-13,0.708619642467238
6061,2.782206842765587e-14,8.304796772660483e-14,1.8171293021031032e-14,0.6565290580620058
6062,5.869958789742877e-14,7.9799034872346e-14,3.8657994464671414e-14,0.6999190595233813
6063,7.282067447814573e-13,1.64369365950435e-12,5.747774905051486e-13,0.6843773232074455
6064,9.91674629761693e-13,1.4279893270491286e-12,7.965660033045842e-13,0.7609536518808454
6065,4.015006269860041e-14,6.818033416793966e-14,3.104476694561021e-14,0.6649623098433949
6066,3.662040400877708e-14,2.1820810143360757e-14,2.334094133840842e-14,0.6754610343137756
6067,1.3777048514315496e-13,3.7377256602589507e-13,9.872816598449823e-14,0.6834670293377713
6068,2.8335532928749304e-13,3.2156645719124e-13,2.5343514397991865e-13,0.675176426616963
6069,9.534035083873996e-14,2.1023273227613824e-13,2.873733553862295e-14,0.6715823982725851
6070,8.129406306882017e-14,1.9428297338088052e-13,5.686141185127824e-14,0.6444080846966245
6071,3.4150027335238735e-13,2.8185654827614217e-13,2.659714437587735e-13,0.6939356421353295
6072,7.637862662757633e-14,7.416370554300159e-14,4.660340715311847e-14,0.6782800577580929
6073,7.110266398287198e-14,2.158625072675664e-13,5.395950166147486e-14,0.6571200976148248
6074,2.9708140704063415e-13,1.7734866303883007e-13,1.8052577952064794e-13,0.7332175642251968
6075,2.0149104112483757e-12,1.0191934026756578e-12,1.4625698411636845e-12,0.6869968176004477
6076,2.8514253494138275e-14,3.463148289753656e-14,2.049322425146882e-14,0.6912735059391707
6077,8.762255780410123e-14,7.223492583155204e-14,5.11606992457749e-14,0.688358228909783
6078,2.6302991928384023e-14,2.7591224017606182e-14,1.3549634329554061e-14,0.6943429114297033
6079,3.51444561159526e-14,4.599568206973862e-14,2.531491128553709e-14,0.6636378836468794
6080,5.432729052609371e-14,3.258819500589292e-14,2.566798262103324e-14,0.6783974313526414
6081,3.6589812942940196e-14,3.621331231020485e-14,2.3713754972701954e-14,0.6841000636923127
6082,1.8849182511968967e-13,2.2951482087719057e-13,8.166407373026617e-14,0.6818893893738277
6083,4.110826084003964e-14,8.006769814777688e-14,2.6879569455408665e-14,0.6893686990370043
6084,7.355888953781884e-14,3.9242444956574684e-14,3.843467413021046e-14,0.7431620730087161
6085,7.009570947764562e-13,1.0732886239625976e-12,4.3327499917219965e-13,0.703851647884585
6086,1.203519551794042e-13,4.6863498288189963e-14,3.783198802892565e-14,0.6907619745936244
6087,1.078251983705116e-13,3.1455814991877743e-13,6.49796510178488e-14,0.6548812622553669
6088,4.09319779213638e-13,2.231199942839276e-13,1.7116987878325015e-13,0.694387226854451
6089,9.110409172271115e-13,1.1779324855812544e-12,3.586944344996397e-13,0.8008257001638412
6090,2.3960445374629405e-14,1.4072802078863151e-14,1.2091130830198896e-14,0.6921725003048778
6091,6.269338568456268e-14,2.5071166693058143e-14,4.228682891334082e-14,0.6949020711006597
6092,3.458942058463809e-14,2.0504775050581568e-14,2.0725321326252805e-14,0.6804690096643753
6093,7.028071344525871e-14,7.188128161523283e-14,2.398758012656599e-14,0.6833398348302581
6094,1.2235908777644627e-13,1.8554760260700624e-13,5.674704478744573e-14,0.6902924505528063
6095,1.3330039389564525e-13,2.184725535181325e-13,1.37047202235008e-13,0.703163823671639
6096,1.6603596068576654e-13,1.152626936467762e-13,1.2504269748330666e-13,0.6875669437693432
6097,2.6509755210286407e-13,2.0717901131644105e-13,1.6927137329671057e-13,0.7144343450199813
6098,5.933741354562868e-13,2.36934923091751e-13,2.3888248819716014e-13,0.7369708044687286
6099,1.267780540522929e-12,9.373214845571543e-13,6.82233165543752e-13,0.7676383360289037
6100,1.2517577787760394e-13,6.375852693905611e-14,8.266725404344535e-14,0.7066362300422042
6101,9.250065071970683e-14,1.64758850536878e-13,7.467142954197031e-14,0.6697296455968171
6102,1.0518483685685117e-13,8.535505058014921e-14,6.223135973265973e-14,0.6837089939275757
6103,2.8425181180587574e-14,2.248772779608193e-14,2.096505637617225e-14,0.6885590843157843
6104,2.9605132429417796e-14,1.7761124482449348e-14,1.5841025401223874e-14,0.698547427682206
6105,5.735459747714061e-14,5.6484505986328535e-14,2.7274856389007763e-14,0.6932137843221426
6106,8.408962238544562e-14,7.114441110051477e-14,5.802015995113961e-14,0.7199732912005856
6107,1.279929836614987e-13,1.1728761887688174e-13,1.1881250725089163e-13,0.7285070087295026
6108,8.484551932498196e-13,9.12262942437246e-13,8.64979268342455e-13,0.7461512174922973
6109,2.5058620678290084e-13,6.002087154826978e-13,2.6011859185008796e-13,0.7204407319659367
6110,3.467558826453117e-14,3.534446925757778e-14,3.135732867713505e-14,0.6664818943827413
6111,1.91897691380013e-13,2.4820484899758464e-13,1.6521137351310819e-13,0.7118697131983935
6112,3.811141419788099e-14,3.26230466239359e-14,2.8516284997574645e-14,0.6863046820275486
6113,7.366762395998627e-13,6.01534881445903e-13,6.403925096241203e-13,0.7209019765025004
6114,4.2623442933467217e-14,3.505860819588348e-14,3.6571258049559224e-14,0.6910204900195822
6115,7.786040650818813e-14,8.836117584886127e-14,5.318854947701781e-14,0.6738344350946136
6116,1.3824897518546678e-13,1.9122174626720144e-13,1.3209883882409255e-13,0.677137698722072
6117,7.106502145140973e-13,7.685121632502399e-13,6.783556255813064e-13,0.6892983775353059
6118,1.1033728029632836e-13,1.6927655614983397e-13,9.629634990992533e-14,0.6341918736346998
6119,1.0354614195134872e-13,8.665046833975534e-14,8.429386654020036e-14,0.669091298058629
6120,4.4815405022123584e-14,4.6517277600900536e-14,3.2990206566432947e-14,0.6883848643978127
6121,6.874125585767963e-14,1.2871389585530508e-13,4.6677214637740437e-14,0.6568995083216578
6122,6.908671393791013e-14,6.695056543820209e-14,5.851879888863892e-14,0.687031161552295
6123,1.564194229844798e-13,2.375590276341096e-13,8.446484272761364e-14,0.6959620935376734
6124,1.5214907687630317e-13,6.54796058039317e-13,1.0915096995631328e-13,0.6514029718702659
6125,6.110482036882854e-14,6.828606012560754e-14,3.327287588074069e-14,0.6910875781206414
6126,3.513379275483506e-14,7.444795067266396e-14,2.4148139156434548e-14,0.6849032447556965
6127,4.380505804318387e-14,3.6285184902560436e-14,3.1497732160256944e-14,0.6990448038326577
6128,1.4767582486453564e-13,2.546734206552278e-12,2.0823854007741173e-13,0.6099849660939072
6129,1.4160983912660788e-13,1.1317941095865634e-13,1.0932955647958015e-13,0.6745158682344481
6130,4.111834574194281e-13,6.2604897340912e-13,3.6402835399139073e-13,0.7639843307435512
6131,4.263434375847172e-14,8.400404163264248e-13,8.882102468291975e-14,0.6188327706884593
6132,4.965510511582973e-13,1.364454354747701e-12,3.759560979604683e-13,0.6685086437617429
6133,3.8834965476590707e-14,4.951249191584292e-14,2.584091440976988e-14,0.6833926126826555
6134,1.65554047816983e-13,4.1134111611477224e-13,2.0346003103084012e-13,0.7447719153948128
6135,9.064221017310501e-14,3.661111866214287e-14,5.865919966361249e-14,0.6720804636599496
6136,5.716058114333549e-14,5.5197265902795525e-14,1.7607042842273446e-14,0.69469852715265
6137,5.990599242638121e-14,1.030463832478486e-13,4.783248613849131e-14,0.6804971917183138
6138,1.1603455480434695e-13,1.4568430104586984e-13,8.39247497143064e-14,0.6884228449082002
6139,5.6212629313729e-13,8.892536103149348e-13,3.72661345328465e-13,0.7267255924874917
6140,2.4216284395735054e-13,2.409811267895328e-13,2.1082974329494472e-13,0.7394929658155889
6141,8.861311517743558e-14,7.702769276183865e-14,3.917034901736766e-14,0.6952980865258723
6142,3.9160673134306516e-14,8.092604896694804e-14,3.403898949633982e-14,0.7052959490800277
6143,5.755053859101751e-14,4.336521363362969e-14,4.638252921797066e-14,0.6526729257428088
6144,6.259357407297713e-14,1.951277336722529e-13,4.153487733743359e-14,0.6455472329282201
6145,1.2756548354506489e-13,1.2604822007932176e-13,9.256325051191763e-14,0.7114861354231834
6146,1.8751442588105633e-13,5.287627291724959e-13,1.416014241203357e-13,0.675965305743739
6147,1.0706571977673582e-13,1.3651002871192042e-13,8.365516729492192e-14,0.6951575903221965
6148,3.0252483743202647e-13,1.9180282448734377e-13,1.9963765131736177e-13,0.716334760049358
6149,3.2340760406649624e-13,5.60836457901991e-13,1.698828779442898e-13,0.7484255068935454
6150,3.9675571098174153e-14,6.986407692807499e-14,2.344021859849764e-14,0.6927802132908255
6151,2.7641992137080635e-14,2.9109714814399447e-14,1.530048196722755e-14,0.6784474262502045
6152,8.758045470296014e-13,1.0637350530979132e-12,4.917607417771186e-13,0.7094482204644009
6153,1.9692587785785107e-13,2.1382518126014874e-13,1.282887514204668e-13,0.7034664928447455
6154,2.1145341330626047e-13,1.573508151772942e-13,9.687365029835467e-14,0.6423384862020611
6155,5.965190832877168e-14,4.369449881165577e-14,3.2647072555255136e-14,0.6854778515757062
6156,7.175265654505212e-13,7.327798379254219e-13,4.888173337915394e-13,0.6717227550339885
6157,6.177805947561834e-14,9.864561053208366e-14,3.903876974300473e-14,0.6743207649560645
6158,9.254957350198909e-14,2.7093263461231884e-13,7.881552217010491e-14,0.6747537174262106
6159,6.621842400170046e-14,6.42255385078009e-14,4.892708917683053e-14,0.7016923271585256
6160,1.0544797261865224e-13,3.5608536799074296e-13,8.596726951098842e-14,0.7040662321960554
6161,2.0195836948519335e-14,2.630059303658262e-14,1.4954681535247537e-14,0.6976141997147352
6162,1.8290181847362507e-14,1.0512351136860206e-14,5.482928866437616e-15,0.6942950106924399
6163,2.573982337291342e-13,2.334976812444661e-13,1.9626393435055017e-13,0.7114098821999505
6164,5.703853681059791e-14,1.3120690797580613e-13,3.516926983351755e-14,0.6481029573711566
6165,1.6980332809826311e-13,1.1146636192232105e-13,9.055960965284818e-14,0.7299789764918387
6166,7.785925287270908e-15,9.4424605497955e-15,4.4370044542932675e-15,0.6843472452601418
6167,1.7976722373679523e-13,4.3235596909832824e-13,8.535102389124484e-14,0.67700415821746
6168,3.7096282671461973e-13,1.7141498464378452e-13,2.7878752123853087e-13,0.7480450910981744
6169,5.689912149687303e-14,1.5887733489132002e-13,4.436687045622655e-14,0.675600724981632
6170,1.8363973089546439e-13,6.871082168927078e-14,6.406532846120086e-14,0.7359804131556302
6171,2.5611624328333724e-14,1.5054533142863465e-14,1.2326873069572093e-14,0.6942372259451076
6172,2.494812336745589e-13,2.437405888765409e-13,1.9468643269148898e-13,0.7249799899756908
6173,1.151143803646696e-13,2.7475101199632783e-13,9.768874117485067e-14,0.6767264811671339
6174,3.659084854494408e-12,1.8639501133911745e-11,2.4531819138378707e-12,0.652073886920698
6175,3.9173756850394e-14,3.265735560121457e-14,1.973925874175642e-14,0.6931784472428262
6176,1.8932830520567114e-13,8.540288927762745e-14,8.138750922074959e-14,0.6899746071780101
6177,1.3921164686589065e-13,1.9745802715851768e-13,1.1627695788931185e-13,0.6536332065006718
6178,4.207699308615587e-14,5.730096630458962e-14,3.563638650786214e-14,0.7162289878819138
6179,3.1605727811102217e-14,2.2172886716312835e-14,1.1273846940274767e-14,0.695463067223318
6180,1.2860099345925026e-12,9.9854377089823e-13,8.834465432333007e-13,0.7226695655379445
6181,5.784798057808925e-13,4.559317594594809e-13,2.8547803941494027e-13,0.7353803714038805
6182,5.931590620864434e-14,6.326868130511699e-14,4.3518603651751155e-14,0.6809005956863985
6183,3.071241535059034e-14,2.886576669144213e-14,1.1646706303255332e-14,0.696537610096857
6184,4.1260848630409835e-14,7.082674074141848e-14,1.2906832342358411e-14,0.6954101486597211
6185,2.3941306465240825e-13,2.5968810324240744e-13,2.2558027877625602e-13,0.7403126282151788
6186,5.718048411020506e-14,2.3496789881783225e-14,3.7829938287515724e-14,0.6978152697207406
6187,5.159768196540083e-14,1.406515307823773e-13,4.0918675872452263e-14,0.6449851813260465
6188,4.74988201405928e-13,6.161061861270996e-13,1.9435534599944228e-13,0.6917566919582896
6189,1.9221958100335776e-11,5.96075668849603e-12,9.874897343202094e-12,0.696698810136877
6190,9.952149875169901e-13,4.197043401014363e-13,3.7370282905744745e-13,0.7030270519666374
6191,2.6438467558659354e-13,1.8349052329634391e-13,2.2889519525547317e-13,0.6271142534562386
6192,7.168117626640127e-14,9.513234673164332e-14,4.7131116329984434e-14,0.6780278433929198
6193,1.160062268038751e-13,1.2242802208228797e-13,8.78219099158618e-14,0.6861252611735835
6194,1.3907968013117717e-13,1.7504649462783628e-13,1.0848700877057066e-13,0.6754724257392809
6195,6.248039277535835e-13,8.10044960411063e-13,2.9621178606465673e-13,0.7735753098502756
6196,2.468061703271473e-14,3.327567277499513e-14,1.9600697507835667e-14,0.6777927400777116
6197,3.5001551578559575e-14,5.2438963404662344e-14,2.504975755570558e-14,0.6669060121872462
6198,6.196937667936109e-14,8.844548553520165e-14,4.3252141408643673e-14,0.6986627329373732
6199,4.3447072387094094e-14,5.459789953287801e-14,2.1017797456776942e-14,0.7168776159873232
6200,6.940333886616153e-14,2.7092113319122914e-13,4.1871262073729606e-14,0.6359426914365031
6201,1.2591325989956678e-13,1.7710779425851847e-13,9.098613464660479e-14,0.7380362378666178
6202,9.164620730288354e-14,1.3082243833170154e-13,6.268679199544799e-14,0.6905244410969317
6203,1.6733155314470311e-13,1.3478842905344774e-13,8.080885032209675e-14,0.7090371160767972
6204,7.480942011593235e-14,3.204438261725806e-13,7.052622746401795e-14,0.6466550914919935
6205,2.103696538693721e-13,1.4941586002239332e-13,1.2072759453676464e-13,0.696774136647582
6206,1.6620469620433308e-13,5.748761382583821e-13,1.1392324895129446e-13,0.7057767547899857
6207,4.706939630455205e-14,5.401378156899389e-14,2.579844708935749e-14,0.7017547317314893
6208,2.5218012934193264e-14,9.320323987914684e-14,2.0793733680699652e-14,0.6834477704949677
6209,2.385511921883775e-14,7.743082656664944e-14,1.2531308724530202e-14,0.646693924930878
6210,9.450590539157311e-14,1.8021844674342722e-13,6.241394484795486e-14,0.6927684807451442
6211,5.627464272813277e-13,5.327423577853603e-13,5.334833066762936e-13,0.7240648404229433
6212,1.865137510009174e-13,1.0628680532513568e-13,9.83480566827752e-14,0.6994084914680571
6213,1.9505590537693743e-13,1.5273043107850527e-13,1.144543496417704e-13,0.7140216015977785
6214,1.5725363307537995e-13,1.708569988962664e-13,1.530547937217455e-13,0.7112523372517898
6215,3.2618270502446576e-13,3.188768931364848e-13,2.5447397769502653e-13,0.6947591559728608
6216,1.328695421062092e-13,1.0826501537210026e-13,1.030700815318181e-13,0.6970573686063289
6217,4.8180249640681824e-14,6.853799588460433e-14,2.0690420827063247e-14,0.7055061309831216
6218,6.552603857171778e-14,7.44294215891256e-14,4.0270184019715003e-14,0.7196161437314004
6219,3.71392346743733e-13,2.2794352637440244e-13,2.8713500791477744e-13,0.6597260862123221
6220,6.198540697083079e-14,6.433483677110943e-14,4.8350344548492386e-14,0.6924318529898301
6221,6.686773389125415e-14,7.921658231825999e-14,5.108808673777031e-14,0.6856586197158322
6222,7.105664122079054e-14,1.269706767530232e-13,4.475041788897364e-14,0.6540375194279477
6223,6.998686711745502e-14,6.103975514046497e-14,4.9313386632579535e-14,0.7028436589520425
6224,3.7824021445178934e-13,3.017198224396038e-13,2.907898754969457e-13,0.7025367754977196
6225,1.8121562790828402e-13,1.4291254338730425e-13,1.571614258119841e-13,0.6931073691463098
6226,4.07710706354507e-14,2.4140177651210867e-14,1.7070288488216275e-14,0.701845828234218
6227,1.730216651140452e-14,4.90359928149489e-14,6.198958708847522e-15,0.6896184207405895
6228,1.2692781609164967e-13,8.993121353139357e-14,9.012834020672197e-14,0.7112939899088815
6229,1.433206416067309e-14,1.0876574281517661e-14,4.1403747115522114e-15,0.6948702233843506
6230,6.217266942151492e-14,9.412598721313619e-14,4.001760533698042e-14,0.6688635549042374
6231,2.419135089287409e-13,4.754400146461162e-13,2.3008015270170173e-13,0.6907007323112339
6232,3.180909330131595e-14,2.5157707599156127e-14,1.7381891983080392e-14,0.710791182052344
6233,2.6511014024604136e-14,3.45683068642334e-14,1.0643549754286404e-14,0.6810957243898883
6234,6.745055598678111e-14,5.851781648690796e-14,3.8065941388144545e-14,0.7106503767194227
6235,4.1189608657107224e-13,1.2573723320012909e-12,3.254442731621163e-13,0.7462173371575773
6236,3.676322192726502e-13,2.1337208883465748e-13,2.3797190475911896e-13,0.7002972438698635
6237,5.244690878483482e-14,4.656869351358032e-14,2.3936257757443244e-14,0.6952503391774372
6238,1.148269310913932e-13,1.2389836264841555e-13,5.183217047656352e-14,0.6907447240781039
6239,1.0746420846756104e-13,1.2599736431298683e-13,8.709913740660246e-14,0.7087362397229299
6240,3.7018973867222944e-14,9.85315659743826e-14,2.8650306700461346e-14,0.6872760184807702
6241,3.447732697810533e-14,5.987742276445334e-14,2.4960579102911908e-14,0.7236266255145892
6242,1.2064956313981627e-13,1.0660102198693099e-13,8.347030231681746e-14,0.698534628120251
6243,6.942398596656787e-14,1.0656881272984481e-13,5.78104254917431e-14,0.6316056796582415
6244,5.762931614525053e-13,9.24395346389631e-13,3.674266353033036e-13,0.7339436852140352
6245,2.762537765734939e-14,2.2666643150520768e-13,2.2111822240697665e-14,0.6466358481673524
6246,1.2087898707023883e-13,2.6749009685936653e-13,1.606262591550787e-13,0.6851513718487695
6247,5.604872304057926e-14,6.418673174374797e-14,4.293836251933141e-14,0.6907060701167211
6248,1.368285560932039e-14,1.534095362724306e-14,5.185234776533224e-15,0.6939183170441539
6249,3.0067945475955746e-14,1.9139962227037865e-14,1.0945795927339484e-14,0.6940801525255665
6250,3.873651484440266e-13,6.280070466078477e-13,3.1155151630066937e-13,0.7322601897642016
6251,1.724206167754141e-13,1.9471048801430893e-13,5.744873632361277e-14,0.7102345782332122
6252,1.6546379662987272e-13,2.201245131938553e-13,1.7475548229307954e-13,0.6879399663768708
6253,9.957154362593588e-14,1.1168696180315644e-13,4.9518137741189606e-14,0.6794976091594436
6254,3.707816947345735e-13,3.0811664307488686e-13,1.7431894171369497e-13,0.717313488246873
6255,5.560481454717758e-14,4.2999204308566904e-14,2.6865280862179425e-14,0.6931679327739403
